onset	duration	nwb_table	choice	feedback_type	reward_volume	contrast_left	contrast_right	probability_left	feedback_time	response_time	stim_off_time	stim_on_time	go_cue_time	first_movement_time	peak_amplitude
1.8520411600002564	0.5320000000000005	WheelMovementIntervals													-0.25935898151307407
3.4970411600002578	0.7840000000000007	WheelMovementIntervals													-0.340693516674135
8.805041160000263	0.4239999999999995	WheelMovementIntervals													-0.40643827867983934
10.264041160000264	0.14700000000000024	WheelMovementIntervals													-0.08464940334157378
12.989041160000266	0.48100000000000165	WheelMovementIntervals													0.10633864159030626
15.154041160000268	0.29300000000000104	WheelMovementIntervals													-0.25267456938200006
18.05804116000027	1.0840000000000032	WheelMovementIntervals													0.3241011997330414
19.28504116000027	1.0790000000000042	WheelMovementIntervals													-0.3760186632600576
23.748041160000273	0.062000000000001165	WheelMovementIntervals													0.02455325622755189
27.509041160000276	0.07800000000000296	WheelMovementIntervals													-0.04854431631231315
30.18004116000028	0.07600000000000051	WheelMovementIntervals													0.03272572568983323
35.28304116000029	0.1669999999999945	WheelMovementIntervals													0.15405639780581282
37.76704116000029	0.16099999999999426	WheelMovementIntervals													-0.12707979225016786
39.35604116000029	0.16899999999999693	WheelMovementIntervals													0.1507371445648582
41.07404116000029	0.18900000000000006	WheelMovementIntervals													-0.3324196671461187
48.695041160000294	0.17600000000000193	WheelMovementIntervals													0.0960802677116337
50.8870411600003	0.4069999999999965	WheelMovementIntervals													-0.3642868190968107
55.6650411600003	0.11899999999999977	WheelMovementIntervals													-0.0961627404710903
61.922041160000305	0.31500000000000483	WheelMovementIntervals													0.0167053902090466
65.27304116000032	0.35899999999999466	WheelMovementIntervals													-0.24983220268860218
70.27204116000033	0.10199999999998965	WheelMovementIntervals													-0.07341990655704755
72.65004116000033	0.1039999999999992	WheelMovementIntervals													0.027588574180253955
76.42604116000032	0.23799999999999955	WheelMovementIntervals													-0.27783993486643976
84.80304116000033	0.362000000000009	WheelMovementIntervals													-0.1465877864843017
88.32004116000034	2.673000000000002	WheelMovementIntervals													-2.9921244158094344
95.25204116000035	0.5390000000000015	WheelMovementIntervals													-0.13127552684369892
99.15304116000034	0.619000000000014	WheelMovementIntervals													-0.44493698918943814
104.08304116000035	0.804000000000002	WheelMovementIntervals													-0.5492584649002232
111.40404116000036	0.5939999999999941	WheelMovementIntervals													-0.5248213893204623
118.46804116000037	1.090999999999994	WheelMovementIntervals													-0.5063766565830825
120.69204116000037	0.7269999999999897	WheelMovementIntervals													-0.46055130972105296
124.00504116000037	0.465999999999994	WheelMovementIntervals													-0.3651654902586765
129.52604116000037	0.7869999999999777	WheelMovementIntervals													-0.43774822274427283
129.5806406401296	9.249813501150214	trials	1.0	1.0	1.5	1.0		0.5	137.25547308013725	137.25535018280712	138.33039891013834	137.14305099013714	137.05329330013706	137.15704116000038	
132.13404116000035	0.8680000000000234	WheelMovementIntervals													-0.1877256412548558
137.15704116000038	2.0379999999999825	WheelMovementIntervals													-2.484174673128247
139.45685292013945	5.002804047935655	trials	1.0	-1.0	0.0		0.125	0.5	141.88257699014187	141.88155391270914	143.95960260014397	139.94283765013995	139.94393754013996	141.43604116000037	
141.43604116000037	0.9720000000000084	WheelMovementIntervals													-0.35900295316852926
143.97404116000038	0.4959999999999809	WheelMovementIntervals													-0.15784969857456943
145.0998552301451	2.343009263751469	trials	1.0	1.0	1.5	0.25		0.5	145.8747444001459	145.87465763217233	146.94280425014693	145.6131039001456	145.61417046014563	145.78704116000037	
145.78704116000037	0.9070000000000107	WheelMovementIntervals													-3.0063987227831177
147.38104116000036	0.8880000000000052	WheelMovementIntervals													-0.37273568381134403
148.00936425014802	4.966582099266844	trials	-1.0	1.0	1.5		1.0	0.5	151.4017583101514	151.40165065750318	152.47591755015247	148.81318386014883	148.81411710014882	150.2490411600004	
150.2490411600004	1.3019999999999925	WheelMovementIntervals													0.32838907535545836
151.97304116000038	0.20000000000001705	WheelMovementIntervals													-0.17971409000182348
152.45304116000037	0.27800000000002	WheelMovementIntervals													-0.516740158057658
153.05604116000038	0.30000000000001137	WheelMovementIntervals													0.0639755254230554
153.56474199015358	10.561215010111738	trials	-1.0	-1.0	0.0	0.0		0.5	161.56290876016158	161.56185184160464	163.62586911016362	154.1128205101541	154.11368709015412	156.3520411600004	
154.2670411600004	0.09799999999998477	WheelMovementIntervals													0.007531671650006899
156.3520411600004	0.1379999999999768	WheelMovementIntervals													-0.1242556023556709
156.7980411600004	0.18899999999999295	WheelMovementIntervals													0.1351354843321868
161.3630411600004	2.1769999999999925	WheelMovementIntervals													-0.8950662808462084
164.75905578016477	5.537020495833019	trials	1.0	-1.0	0.0		0.0	0.5	167.71912641016772	167.7182656650933	169.7960520301698	165.27827052016528	165.2791704301653	167.52804116000038	
167.52804116000038	0.8329999999999984	WheelMovementIntervals													-0.5324470147938083
170.88707625017088	2.8217927072557814	trials	-1.0	1.0	1.5		1.0	0.5	172.14465048017215	172.14457210897817	173.2088107201732	171.4923157201715	171.4934156101715	171.7640411600004	
171.7640411600004	0.6670000000000016	WheelMovementIntervals													1.0117329583500805
174.1990411600004	0.5679999999999836	WheelMovementIntervals													-0.5455100933511972
174.33356490017434	8.17508962447019	trials	1.0	-1.0	0.0		0.125	0.5	179.93993754017995	179.9388564148298	182.00859732018202	175.24654026017524	175.24734018017526	179.7890411600004	
178.7280411600004	0.3470000000000084	WheelMovementIntervals													0.07313986000059458
179.7890411600004	0.742999999999995	WheelMovementIntervals													-0.5503577644804789
183.13255158018313	2.2927133756677733	trials	1.0	1.0	1.5	1.0		0.5	183.86257857018387	183.86245520171786	184.92520563018493	183.62890194018362	183.62986851018363	183.78004116000042	
183.78004116000042	1.2800000000000011	WheelMovementIntervals													-5.9368708849044225
185.4480411600004	0.17900000000000205	WheelMovementIntervals													0.053355551189518735
185.990465760186	5.48829467986252	trials	-1.0	1.0	1.5		0.125	0.5	189.9058741801899	189.90576053807283	190.97870022019097	186.47838363018647	186.47948352018648	186.6770411600004	
186.6770411600004	0.6330000000000098	WheelMovementIntervals													-0.16223995405822933
189.74404116000042	1.7239999999999895	WheelMovementIntervals													1.2251433620998924
192.07095765019207	2.720905196399741	trials	-1.0	1.0	1.5		0.25	0.5	193.21947612019324	193.21935899928346	194.2917688801943	192.57510723019257	192.57607380019257	192.7770411600004	
192.7770411600004	1.6280000000000143	WheelMovementIntervals													1.1528701916823607
195.36526152019536	2.7432038811218433	trials	1.0	1.0	1.5	0.0		0.5	196.53997737019654	196.53986232566493	197.60840385019762	196.011830190196	196.012663440196	196.3900411600004	
196.3900411600004	1.3590000000000089	WheelMovementIntervals													-1.4542073869139323
198.67556379019868	2.4328025283070076	trials	1.0	1.0	1.5	0.0		0.5	199.53407793019954	199.53396397660873	200.6082705002006	199.16218179019916	199.16328168019916	199.3310411600004	
199.3310411600004	0.5100000000000193	WheelMovementIntervals													-1.3042522764037514
201.66876444020167	2.2393914672894653	trials	1.0	1.0	1.5	1.0		0.5	202.34986299020235	202.3497612372145	203.4081571502034	202.24454019020226	202.24560675020226	202.24004116000043	
202.24004116000043	1.7340000000000089	WheelMovementIntervals													-4.001724915412783
204.46675128020448	3.2118215423982406	trials	1.0	-1.0	0.0		0.0	0.5	205.1091870302051	205.10495516336994	207.17848008020718	205.02826179020502	205.02919503020505	204.94504116000041	
204.94504116000041	0.7860000000000014	WheelMovementIntervals													-1.413187124896865
206.32904116000043	0.6620000000000061	WheelMovementIntervals													0.07205809013441922
208.23697422020823	2.4739994775098637	trials	1.0	1.0	1.5	0.125		0.5	209.14398351020915	209.14387329553384	210.21091014021022	208.82471544020882	208.82578200020882	208.74404116000042	
208.74404116000042	0.825000000000017	WheelMovementIntervals													-1.1940560795397346
210.05804116000044	0.19799999999997908	WheelMovementIntervals													0.03840139590683833
211.26757113021128	3.5272886442822085	trials	1.0	1.0	1.5	0.25		0.5	213.21577629021323	213.21566375395776	214.2947683802143	213.00803040021302	213.009063630213	213.12504116000042	
211.43604116000043	0.7400000000000091	WheelMovementIntervals													-1.5552077135696933
213.12504116000042	0.8770000000000095	WheelMovementIntervals													-4.590306643739126
215.42455539021543	3.8334242266894023	trials	1.0	-1.0	0.0		0.125	0.5	216.6873624302167	216.68646237773	218.75788869021875	216.44115372021645	216.44198697021645	216.59604116000042	
215.62904116000044	0.2779999999999916	WheelMovementIntervals													-0.15623890295820786
216.59604116000042	1.4420000000000073	WheelMovementIntervals													-2.29944201786315
219.53804116000043	0.8850000000000193	WheelMovementIntervals													-1.9899143662103285
219.83648082021983	3.0082806850919894	trials	1.0	1.0	1.5	1.0		0.5	221.2810696802213	221.28097106558272	222.34469664022234	221.06069172022106	221.06159163022107	221.19304116000043	
221.19304116000043	0.6560000000000059	WheelMovementIntervals													-2.327026423607279
223.42155561022344	4.8726198284456075	trials	1.0	-1.0	0.0		0.0625	0.5	225.7191924902257	225.71836401402368	227.7941183102278	224.85767865022487	224.85884520022486	225.59604116000045	
223.67104116000044	0.5099999999999909	WheelMovementIntervals													-0.18152321981519748
225.59604116000045	0.257000000000005	WheelMovementIntervals													-0.4888873880378668
226.19304116000043	0.13700000000000045	WheelMovementIntervals													0.0672504253951729
227.58104116000044	0.06200000000001182	WheelMovementIntervals													-0.04225172874572536
228.37404116000044	0.9300000000000068	WheelMovementIntervals													-1.9211538628989757
228.88767561022888	4.003309668226905	trials	-1.0	1.0	1.5		0.25	0.5	231.32436525023132	231.3242802774765	232.3908585902324	229.95753528022996	229.95843519022995	230.74604116000046	
230.74604116000046	6.8230000000000075	WheelMovementIntervals													-2.9258662064840166
233.46618438023347	13.260806076400712	trials	-1.0	1.0	1.5		0.25	0.5	245.16138141024516	245.16128797533383	246.22694151024623	241.96000158024196	241.96090149024195	242.19304116000046	
240.32104116000045	0.47400000000001796	WheelMovementIntervals													-1.0517572871201253
242.19304116000046	0.2220000000000084	WheelMovementIntervals													0.10527095690900268
243.73404116000046	0.2680000000000007	WheelMovementIntervals													0.03746049260207229
244.78104116000046	0.6110000000000184	WheelMovementIntervals													0.1899529666373354
247.42188867024743	2.552093112504849	trials	-1.0	1.0	1.5		0.125	0.5	248.4036904802484	248.40358486689232	249.47388345024947	247.92390513024793	247.92480504024792	248.15404116000047	
248.15404116000047	0.556999999999988	WheelMovementIntervals													0.3800308384112725
250.54247658025054	9.297908866388639	trials	-1.0	1.0	1.5		0.0	0.5	258.2754698702583	258.2753822909041	259.34036337025935	252.7107597302527	252.7117263002527	257.8170411600005	
251.09604116000048	0.5339999999999918	WheelMovementIntervals													-0.7406370400824045
256.4710411600005	0.2669999999999959	WheelMovementIntervals													0.07331674971469937
257.8170411600005	0.478999999999985	WheelMovementIntervals													0.17452812636446424
259.3650411600005	0.103999999999985	WheelMovementIntervals													0.020059361226074657
260.46818391026045	8.055401869890375	trials	1.0	1.0	1.5	0.0625		0.5	266.96006799026696	266.9599838054059	268.02356163026803	261.0774229802611	261.0782562302611	266.6960411600005	
261.29404116000046	0.3580000000000041	WheelMovementIntervals													-0.05059704105484997
266.6960411600005	0.5639999999999645	WheelMovementIntervals													-0.8129035404839158
268.3690411600005	0.28499999999996817	WheelMovementIntervals													0.09421009434576177
269.13538377026913	2.291908239513589	trials	1.0	1.0	1.5	0.25		0.5	269.8630776602699	269.8629857510999	270.92723790027094	269.74308966026973	269.74408956026974	269.6620411600005	
269.6620411600005	1.5679999999999836	WheelMovementIntervals													-5.105019534410594
272.05559172027205	8.253882925630421	trials	-1.0	1.0	1.5		0.0625	0.5	278.7319906802787	278.7318762916646	279.8093829302798	273.24003993027327	273.2410398302732	276.7450411600005	
272.25304116000046	0.35700000000002774	WheelMovementIntervals													-0.891752759664783
276.7450411600005	0.29300000000000637	WheelMovementIntervals													0.18666818696593168
278.6570411600005	0.29899999999997817	WheelMovementIntervals													0.24271684082557243
280.92637122028094	2.4830985552177935	trials	-1.0	1.0	1.5		0.0625	0.5	281.83728012028183	281.83716995673734	282.9094395602829	281.63973321028163	281.64059979028167	281.5550411600005	
281.5550411600005	0.8600000000000136	WheelMovementIntervals													0.5186442015682147
282.9390411600005	0.05000000000001137	WheelMovementIntervals													0.005182453555200084
283.96826700028396	2.908218080412894	trials	-1.0	1.0	1.5		1.0	0.5	285.3098661602853	285.3097744178821	286.37642616028637	284.52307818028453	284.5242114002845	284.5230411600005	
284.5230411600005	1.3209999999999695	WheelMovementIntervals													-0.31723013628536734
286.6420411600005	0.21100000000001273	WheelMovementIntervals													0.04601965881388992
287.4424862102874	2.3679078315959714	trials	1.0	1.0	1.5	0.25		0.5	288.24147297028827	288.2413881777937	289.3103660702893	288.02302815028804	288.024161370288	288.1530411600005	
288.1530411600005	1.2930000000000064	WheelMovementIntervals													-3.5501570941390383
290.37009342029035	3.219586621975907	trials	1.0	-1.0	0.0		0.0625	0.5	291.027760980291	291.02689028316775	293.0896214402931	290.8728098102909	290.87377638029085	290.9080411600005	
290.9080411600005	1.379000000000019	WheelMovementIntervals													-1.2763080122008716
292.7230411600005	0.06600000000003092	WheelMovementIntervals													-0.005767474865500333
294.0270411600005	0.47999999999996135	WheelMovementIntervals													0.3221889602059491
294.2202750302942	5.519322360531135	trials	1.0	-1.0	0.0		0.0625	0.5	297.17234646029715	297.171485917178	299.23950639029925	295.10985273029513	295.1107193102951	296.7890411600005	
295.6230411600005	0.1449999999999818	WheelMovementIntervals													0.06389056562508699
296.7890411600005	0.8439999999999941	WheelMovementIntervals													-0.8789716876580798
298.7890411600005	0.5199999999999818	WheelMovementIntervals													0.18562205805903176
300.2050411600005	0.48500000000001364	WheelMovementIntervals													0.13154135294508507
300.32769756030035	2.864693687810359	trials	-1.0	1.0	1.5		1.0	0.5	301.6261677003016	301.62609379287636	302.6923610703027	301.2763026903013	301.2772692603013	301.4130411600005	
301.4130411600005	1.1450000000000387	WheelMovementIntervals													-0.7891677929175245
302.8110411600005	3.9119999999999777	WheelMovementIntervals													-5.165463907109263
303.76028760030374	5.748899226468154	trials	-1.0	1.0	1.5		1.0	0.5	307.94096949030796	307.9408855833922	309.009096000309	307.3891246803074	307.3901579103074	307.6290411600005	
307.6290411600005	1.3000000000000114	WheelMovementIntervals													0.440243515525097
310.12368453031013	2.3156124308600283	trials	1.0	1.0	1.5	1.0		0.5	310.87377618031087	310.8736879087599	311.93920296031195	310.65586464031065	310.65679788031065	310.7780411600005	
310.7780411600005	0.6650000000000205	WheelMovementIntervals													-2.6424040820782153
312.994097460313	6.461592242469635	trials	1.0	-1.0	0.0		0.25	0.5	316.8960072303169	316.89499096594153	318.955601250319	313.55997420031355	313.5610740903136	315.62204116000055	
315.62204116000055	0.4159999999999968	WheelMovementIntervals													-0.23267371035951356
316.85104116000053	0.5439999999999827	WheelMovementIntervals													-0.6687733274708023
318.0710411600005	0.7050000000000409	WheelMovementIntervals													0.28783220671218146
318.98504116000055	0.12599999999997635	WheelMovementIntervals													0.008117831242088869
320.1118856103201	2.96441404911792	trials	-1.0	1.0	1.5		0.125	0.5	321.5107790403215	321.51069129588706	322.57620582032257	321.04215924032104	321.04292583032105	321.3490411600005	
320.4090411600005	0.160000000000025	WheelMovementIntervals													0.12838846226068767
321.3490411600005	0.9279999999999973	WheelMovementIntervals													0.33397837808905706
323.63499993032366	5.003879481057027	trials	-1.0	-1.0	0.0	0.0		0.5	326.07918882032607	326.0781889352479	328.13881617032814	324.2055095403242	324.20654277032423	325.95404116000054	
324.44704116000054	0.42799999999999727	WheelMovementIntervals													0.09797549795979421
325.95404116000054	0.5550000000000068	WheelMovementIntervals													0.8049615460485811
328.1230411600005	0.125	WheelMovementIntervals													-0.09115642843878646
328.5870411600005	0.05299999999999727	WheelMovementIntervals													0.009774229133107326
328.97104116000054	1.2749999999999773	WheelMovementIntervals													0.6298825692185446
329.2190748003292	3.936315587903721	trials	1.0	1.0	1.5	0.0625		0.5	331.5971036403316	331.5969830087127	332.65533114033263	331.2916341903313	331.29243411033127	331.1760411600005	
331.1760411600005	0.8370000000000459	WheelMovementIntervals													-1.2947093946960067
332.39804116000056	0.09499999999997044	WheelMovementIntervals													-0.010759748862540164
333.7295903703337	2.3297115649272655	trials	1.0	1.0	1.5	0.25		0.5	334.4852814603345	334.48519347255836	335.55924072033554	334.24173915033424	334.24273905033425	334.40104116000055	
334.40104116000055	1.4390000000000214	WheelMovementIntervals													-4.847050357550188
336.6110022003366	3.5641830412130275	trials	1.0	1.0	1.5	0.0625		0.5	338.6071025703386	338.6069915831665	339.6751290903397	338.23863942033825	338.23967265033826	338.52804116000056	
337.06104116000057	0.39999999999997726	WheelMovementIntervals													-1.0767281123876131
338.52804116000056	1.2919999999999732	WheelMovementIntervals													-2.044568482943504
340.83527973034086	4.472924314320437	trials	-1.0	1.0	1.5		0.125	0.5	343.74358887034373	343.74349423870854	344.8081490703448	342.37182606034236	342.37299261034235	342.9190411600006	
341.1110411600005	0.6080000000000041	WheelMovementIntervals													-1.8845787997196055
342.9190411600006	4.579999999999984	WheelMovementIntervals													-8.879615406110076
345.9147050703459	4.226787369943736	trials	1.0	1.0	1.5	0.0625		0.5	348.5792052603486	348.5790958481675	349.64139903034965	348.2216076903482	348.22250760034825	348.44104116000057	
348.44104116000057	1.358000000000004	WheelMovementIntervals													-2.4139967367136705
350.74818834035074	2.4431019054222247	trials	1.0	1.0	1.5	0.0		0.5	351.6309000603516	351.6307879449215	352.6912273503527	351.2716359903513	351.27246924035126	351.53704116000057	
351.53704116000057	1.038000000000011	WheelMovementIntervals													-2.989410089170036
353.76138699035374	2.3798072063986524	trials	1.0	1.0	1.5	1.0		0.5	354.56520660035454	354.5650884109262	355.6411323303556	354.35479431035435	354.35572755035435	354.47704116000057	
354.47704116000057	0.3919999999999959	WheelMovementIntervals													-1.4317793183008547
356.7089922003567	2.2824076769596786	trials	1.0	1.0	1.5	1.0		0.5	357.42918684035743	357.42909399144287	358.4913139503585	357.2048759403572	357.2057091903572	357.3470411600006	
357.3470411600006	1.5360000000000014	WheelMovementIntervals													-3.9756191339932485
359.6358994803596	4.954883227373443	trials	1.0	1.0	1.5	0.25		0.5	363.02439393036303	363.02428664273583	364.0907206203641	362.7880842303628	362.7889508103628	362.93204116000055	
360.0970411600006	0.46999999999997044	WheelMovementIntervals													-0.23359127312733108
361.3340411600006	0.8029999999999973	WheelMovementIntervals													-0.8222523355865405
362.93204116000055	0.5740000000000123	WheelMovementIntervals													-1.7993222363392647
365.1180411600006	0.5979999999999563	WheelMovementIntervals													-0.7861558007020335
365.1786784803652	5.195421320077969	trials	1.0	-1.0	0.0		0.0	0.5	367.8151814703678	367.8143882817106	369.87397557036985	366.5046125403665	366.5055457803665	367.5580411600006	
367.5580411600006	0.9799999999999613	WheelMovementIntervals													-0.5288869280688289
369.73704116000056	0.4460000000000264	WheelMovementIntervals													-0.04929607934077751
370.962999990371	3.4247977881414613	trials	-1.0	1.0	1.5		1.0	0.5	372.8186810703728	372.81859770833404	373.8877741503739	371.65453083037164	371.65546407037164	372.50104116000057	
372.50104116000057	1.40300000000002	WheelMovementIntervals													0.3807981477710314
375.01239501037503	2.375492453301206	trials	1.0	1.0	1.5	0.0625		0.5	375.8271801903758	375.8270917362479	376.8878074503769	375.5909038203756	375.5917370703756	375.6490411600006	
375.6490411600006	0.9879999999999995	WheelMovementIntervals													-4.212186381092735
377.9370411600006	0.4309999999999832	WheelMovementIntervals													-0.6050753478275794
378.1376824503781	3.0532024837777385	trials	1.0	1.0	1.5	0.125		0.5	379.6307997903796	379.6306826869429	380.6907937803807	379.35752712037936	379.3583603703794	379.54704116000056	
379.54704116000056	1.4610000000000127	WheelMovementIntervals													-3.399356193733908
381.7981830303818	3.176322854533794	trials	1.0	1.0	1.5	0.0625		0.5	383.41418808038344	383.4140931310999	384.4744820403845	383.1041524203831	383.10495234038314	383.3220411600006	
382.0860411600006	0.6069999999999709	WheelMovementIntervals													-0.5858255405089778
383.3220411600006	0.6309999999999718	WheelMovementIntervals													-2.019966570255633
384.8660411600006	0.07999999999998408	WheelMovementIntervals													0.006896554698300861
385.56250656038554	2.8950911936283887	trials	1.0	1.0	1.5	0.125		0.5	386.8913070003869	386.891201141882	387.95756703038796	386.6207340603866	386.62156731038664	386.8050411600006	
385.8530411600006	0.22999999999996135	WheelMovementIntervals													-0.2653296330596788
386.8050411600006	1.33299999999997	WheelMovementIntervals													-2.1229826801673397
389.0190411600006	0.8759999999999764	WheelMovementIntervals													-0.9150033063489644
389.03719239038907	4.169820874395441	trials	1.0	-1.0	0.0		0.25	0.5	390.64216521039066	390.641199650813	392.7069587103927	390.45408402039044	390.4551839103905	390.4730411600006	
390.4730411600006	0.7819999999999823	WheelMovementIntervals													-1.6977328499872044
391.8140411600006	0.6049999999999613	WheelMovementIntervals													-0.23420118083447505
393.8202140403938	3.1670941321593205	trials	1.0	1.0	1.5	0.125		0.5	395.4196874103954	395.41961006710073	396.4872139803965	395.1540473103952	395.15508054039515	395.3380411600006	
394.0050411600006	0.6310000000000286	WheelMovementIntervals													-1.0768048044491678
395.3380411600006	1.4279999999999973	WheelMovementIntervals													-3.8257903345315896
397.5799047003976	6.059896710309147	trials	1.0	-1.0	0.0		0.0625	0.5	401.0856540904011	401.0846016411436	403.13978199040315	398.52487686039854	398.5257101103985	398.6430411600006	
397.6700411600006	0.18299999999999272	WheelMovementIntervals													-0.024831154725717397
398.6430411600006	0.6419999999999959	WheelMovementIntervals													-0.2428274710403997
400.9390411600006	5.437000000000012	WheelMovementIntervals													-21.020023910544708
404.3045988304043	8.399010868026664	trials	1.0	1.0	1.5	0.125		0.5	411.1341158104111	411.1340060411778	412.20354219041224	406.95366723040695	406.95456714040694	411.0220411600006	
411.0220411600006	0.3520000000000323	WheelMovementIntervals													-0.9793907630588308
412.1610411600006	1.9910000000000423	WheelMovementIntervals													-3.0979370925907688
415.5184106704155	2.4550996090903254	trials	1.0	1.0	1.5	0.25		0.5	416.4125879104164	416.4125097996931	417.47344848041746	416.0737551304161	416.0747550304161	416.23604116000064	
416.23604116000064	1.5539999999999736	WheelMovementIntervals													-1.59662531118434
418.54760772041857	3.222590547024595	trials	1.0	1.0	1.5	0.125		0.5	420.2019089404202	420.20180184146983	421.2702021004213	419.9200038004199	419.92100370041993	420.08004116000063	
418.8090411600006	0.6750000000000114	WheelMovementIntervals													-0.4054046541218952
420.08004116000063	0.56899999999996	WheelMovementIntervals													-1.4727744261743396
421.1310411600006	0.146000000000015	WheelMovementIntervals													0.051887303110078165
422.0730411600006	0.2810000000000059	WheelMovementIntervals													-0.15460336970895128
422.34899421042235	9.074200210970332	trials	-1.0	1.0	1.5		0.0625	0.5	429.85481022042984	429.85469190348476	430.9231367104309	423.1067850904231	423.10761834042313	426.27904116000065	
426.27904116000065	0.37199999999995725	WheelMovementIntervals													0.1063373268656278
428.4870411600006	0.19700000000000273	WheelMovementIntervals													0.09931688832520535
429.75504116000064	0.9279999999999973	WheelMovementIntervals													1.2179064013386949
432.0444912304321	3.225218878280259	trials	1.0	1.0	1.5	1.0		0.5	433.71159117043373	433.71149995425566	434.76965202043476	433.4696153704335	433.4704486204335	433.60304116000066	
432.0450411600006	0.7650000000000432	WheelMovementIntervals													0.4765981911021413
433.60304116000066	0.6539999999999964	WheelMovementIntervals													-1.5193038007218718
435.84521112043586	3.341108410955087	trials	1.0	1.0	1.5	0.0625		0.5	437.6255997304376	437.6255145365014	438.6862936504387	437.3230966504373	437.3240632204373	437.43704116000066	
435.96104116000066	0.6959999999999695	WheelMovementIntervals													0.206711728975165
437.43704116000066	0.5489999999999782	WheelMovementIntervals													-1.443998723027704
439.76951865043975	12.583102283224434	trials	1.0	-1.0	0.0		0.0	0.5	449.7938494504498	449.79301887605186	451.85254356045186	440.7064249504407	440.70732486044074	449.68004116000066	
440.13204116000065	0.05000000000001137	WheelMovementIntervals													0.01028820597943536
449.68004116000066	2.6499999999999773	WheelMovementIntervals													-2.049050852934016
453.0985189504531	2.540694391610714	trials	1.0	1.0	1.5	1.0		0.5	454.07742105045406	454.0773156340909	455.13911487045516	453.85664313045385	453.8577763504539	453.94204116000066	
453.94204116000066	0.9089999999999918	WheelMovementIntervals													-2.6895176136784187
455.42804116000065	0.05299999999999727	WheelMovementIntervals													0.009300724792296933
456.2034084304562	2.202293564437298	trials	1.0	1.0	1.5	0.0625		0.5	456.84181125045683	456.841705985551	457.9056381904579	456.66922851045666	456.6700617604567	456.68504116000065	
456.68504116000065	0.6200000000000045	WheelMovementIntervals													-1.1062157589210813
457.7680411600007	0.15399999999999636	WheelMovementIntervals													0.03938488755139247
458.975997810459	5.4792222684232	trials	1.0	1.0	1.5	0.0625		0.5	462.8992054504629	462.899112322618	463.955166510464	462.63579846046264	462.63696501046263	462.7990411600007	
458.98804116000065	1.5849999999999795	WheelMovementIntervals													-2.3095636398192596
461.06504116000065	0.8830000000000382	WheelMovementIntervals													-1.686342899377678
462.7990411600007	0.5139999999999532	WheelMovementIntervals													-1.8677628229040977
465.0828204004651	4.469496708405245	trials	1.0	-1.0	0.0		0.0625	0.5	466.992229440467	466.9913181409273	469.05222342046903	466.05245676046604	466.05362331046604	466.89004116000064	
465.19204116000066	0.25900000000001455	WheelMovementIntervals													-0.3827640499484346
466.89004116000064	0.6910000000000309	WheelMovementIntervals													-1.027294593859466
468.7750411600007	1.09699999999998	WheelMovementIntervals													-1.8264486415671684
470.14221441047016	5.6766069824952865	trials	-1.0	1.0	1.5		0.25	0.5	474.25500309047425	474.25491802028967	475.3187300404753	470.75585304047075	470.75681961047076	471.14204116000064	
471.14204116000064	0.813000000000045	WheelMovementIntervals													0.21354087917177367
472.13404116000066	0.19200000000000728	WheelMovementIntervals													-0.014953989325363182
473.90804116000066	1.7719999999999914	WheelMovementIntervals													-1.6053367061520305
476.4198199204764	4.585606761107044	trials	-1.0	1.0	1.5		0.25	0.5	479.45121675047943	479.45112306779356	480.50531133048054	478.83921129047883	478.8403778404788	479.15304116000067	
476.6430411600007	0.44599999999996953	WheelMovementIntervals													0.3142515870088971
477.4220411600007	0.7400000000000091	WheelMovementIntervals													-1.0108591167989687
479.15304116000067	3.062999999999988	WheelMovementIntervals													1.2177006592110615
481.6978254004817	2.970883949885433	trials	1.0	1.0	1.5	0.125		0.5	483.1030182004831	483.10291686360773	484.1686449604842	482.83521165048285	482.8363115404828	482.94404116000067	
482.94404116000067	0.6650000000000205	WheelMovementIntervals													-1.6428737116683294
484.10004116000067	0.13999999999998636	WheelMovementIntervals													0.035128523713069626
485.24640384048524	3.788898783338709	trials	1.0	-1.0	0.0		0.125	0.5	486.4899128104865	486.48890278564096	488.53520826048856	485.9217029704859	485.92256955048595	486.3610411600007	
486.3610411600007	0.8789999999999623	WheelMovementIntervals													-1.699206005708561
489.0390411600007	0.1169999999999618	WheelMovementIntervals													0.049100041639718484
489.61640013048964	3.852022721478022	trials	-1.0	1.0	1.5		0.25	0.5	491.9029047904919	491.90281242996076	492.968398230493	491.2718012404913	491.27283447049126	491.7450411600007	
489.83804116000067	0.9089999999999918	WheelMovementIntervals													-0.17281351517118537
491.7450411600007	0.33299999999997	WheelMovementIntervals													0.7100937888392309
494.04442395049404	4.243687472553461	trials	-1.0	1.0	1.5		0.25	0.5	496.73872116049677	496.73861472745097	497.78808288049777	494.7049578904947	494.70575781049473	494.9770411600007	
494.9770411600007	0.4830000000000041	WheelMovementIntervals													0.13532996646446804
496.1300411600007	0.07400000000001228	WheelMovementIntervals													0.015552881497768567
496.6740411600007	0.3650000000000091	WheelMovementIntervals													0.3635752063464963
497.8640411600007	1.038000000000011	WheelMovementIntervals													-0.22961547316828046
498.87600741049886	2.5621187040233053	trials	1.0	1.0	1.5	0.25		0.5	499.8992050804999	499.89911408075875	500.93806785050094	499.6517298304997	499.65266307049967	499.8150411600007	
499.8150411600007	1.3379999999999654	WheelMovementIntervals													-5.5803475831986304
502.005027810502	3.7830991835193117	trials	1.0	-1.0	0.0		0.125	0.5	503.2192730405032	503.218226907287	505.2880661405053	502.53480816050256	502.53597471050256	502.9720411600007	
502.9720411600007	0.6299999999999955	WheelMovementIntervals													-0.8645291170475957
505.3000411600007	0.97199999999998	WheelMovementIntervals													-2.386523499617823
506.37042456050636	2.364499852017275	trials	1.0	1.0	1.5	0.25		0.5	507.1925090105072	507.19242381377757	508.23487143050824	506.93480145050694	506.93556804050695	507.0950411600007	
507.0950411600007	1.218999999999994	WheelMovementIntervals													-2.9478542071840934
509.3976218105094	3.8408941842906756	trials	-1.0	1.0	1.5		0.125	0.5	511.6896259205117	511.68951714680685	512.7384210305128	511.005261030511	511.006160940511	511.2480411600007	
509.8650411600007	0.4590000000000032	WheelMovementIntervals													-0.1276251142839726
511.2480411600007	1.0279999999999632	WheelMovementIntervals													-0.6066225026213488
513.8205128105138	5.484194045358663	trials	-1.0	1.0	1.5		1.0	0.5	517.7328215405178	517.7327071360058	518.8047143405188	514.8345780605148	514.8354113105148	517.2790411600007	
514.0260411600007	0.27100000000007185	WheelMovementIntervals													-0.7994275264953217
517.2790411600007	0.5099999999999909	WheelMovementIntervals													0.34602671724283596
519.9082039805199	2.276314310174371	trials	1.0	1.0	1.5	0.125		0.5	520.6265321405207	520.6264078645245	521.6844263405217	520.4678813405204	520.4686812605205	520.5210411600007	
520.5210411600007	1.2580000000000382	WheelMovementIntervals													-2.9125447539128686
522.7540193705228	3.3639060688964264	trials	-1.0	1.0	1.5		1.0	0.5	524.5491065105246	524.5490215417124	525.6178329605257	524.104417650524	524.1052842305241	524.2960411600008	
523.0050411600007	0.5979999999999563	WheelMovementIntervals													-1.1683889084778514
524.2960411600008	2.2379999999999427	WheelMovementIntervals													-1.234914563541281
526.7058241505267	2.428601910977477	trials	1.0	1.0	1.5	0.25		0.5	527.5751038805275	527.5750241186654	528.6343312805286	527.3373276605273	527.3382275705274	527.4790411600007	
527.4790411600007	0.9599999999999227	WheelMovementIntervals													-2.4595646481332096
529.7066240405297	5.061102322063334	trials	1.0	-1.0	0.0		0.0625	0.5	532.2074739305322	532.2067237056403	534.2676012305343	531.0706209605311	531.071487540531	532.0250411600007	
529.8370411600007	0.8569999999999709	WheelMovementIntervals													-2.1487983032017155
532.0250411600007	0.7300000000000182	WheelMovementIntervals													-1.4307168746422008
534.0780411600007	0.49099999999998545	WheelMovementIntervals													-1.2800052856357809
535.3803232805354	3.80378905099883	trials	-1.0	1.0	1.5		1.0	0.5	537.6104335805376	537.6103156891118	538.6840928705387	536.1039175805361	536.1047508305361	536.2270411600007	
536.2270411600007	0.18799999999998818	WheelMovementIntervals													0.10633893555177565
537.2820411600007	0.8120000000000118	WheelMovementIntervals													0.20970826126929865
539.8659080105399	2.468298431802964	trials	-1.0	1.0	1.5		1.0	0.5	540.7579188005408	540.7578067212022	541.8341778305419	540.5208758405405	540.5216757605406	540.5040411600007	
540.5040411600007	0.7069999999999936	WheelMovementIntervals													0.7108650213255032
542.909603610543	2.3745061888311056	trials	1.0	1.0	1.5	0.125		0.5	543.7131232505437	543.7130050278115	544.7840161505447	543.4871791805435	543.4882790705435	543.6290411600007	
543.6290411600007	1.5639999999999645	WheelMovementIntervals													-6.018684462886881
545.8573088105459	6.963210095471254	trials	1.0	-1.0	0.0		0.0625	0.5	550.2495028805503	550.2482139154394	552.3204957605524	546.4370841605464	546.4379174105464	546.5480411600007	
546.5480411600007	1.3110000000000355	WheelMovementIntervals													0.27873132547080104
550.0630411600007	0.7220000000000937	WheelMovementIntervals													-1.449512648266591
553.4351176205535	2.5486924479924937	trials	1.0	1.0	1.5	0.125		0.5	554.4182193005544	554.418113936473	555.4837127405555	554.000327760554	554.001460980554	554.2200411600007	
554.2200411600007	1.7150000000000318	WheelMovementIntervals													-4.3116683088771595
556.5516059405566	2.2189182081864374	trials	1.0	1.0	1.5	1.0		0.5	557.1936084005572	557.1935106293778	558.2704340405583	557.037357360557	557.038390590557	557.0810411600007	
557.0810411600007	2.229000000000042	WheelMovementIntervals													-5.4405899445121975
559.3471263605594	5.972910852519249	trials	1.0	-1.0	0.0		0.25	0.5	562.7439866405628	562.7431308252486	564.8199123605648	559.8501427205598	559.8510426305598	562.4680411600008	
562.4680411600008	1.2379999999999427	WheelMovementIntervals													-0.30067715338336143
564.1170411600008	1.05499999999995	WheelMovementIntervals													-1.558055944621259
565.926635010566	3.6775984944030142	trials	1.0	1.0	1.5	0.0625		0.5	568.020925560568	568.0208330143138	569.1041505605691	567.6335643005676	567.6345642005676	567.9350411600008	
565.9520411600007	0.47100000000000364	WheelMovementIntervals													-1.0752271224143044
567.9350411600008	1.6789999999999736	WheelMovementIntervals													-3.4397678980900253
570.3012308405703	3.565488673029222	trials	1.0	1.0	1.5	0.25		0.2	572.2895319905723	572.289423409167	573.3666576005734	571.966564290572	571.967497530572	572.1260411600008	
570.6170411600008	0.8029999999999973	WheelMovementIntervals													-0.4988998150045916
572.1260411600008	1.038000000000011	WheelMovementIntervals													-2.5379667130534074
574.1440411600007	0.22300000000007003	WheelMovementIntervals													-0.041363484595166256
574.4561153105744	3.4772969197105112	trials	1.0	-1.0	0.0		0.0625	0.2	575.3500925705754	575.3493140056217	577.4333175605774	574.936967220575	574.9377671405749	575.2210411600007	
575.2210411600007	0.5330000000000155	WheelMovementIntervals													-0.6134578697579229
578.5150093805785	4.634810487421191	trials	-1.0	1.0	1.5		0.0	0.2	581.5691372705816	581.5690149731764	582.6497958605827	579.2533688705793	579.2543687705793	581.2510411600008	
579.2330411600008	0.3650000000000091	WheelMovementIntervals													-0.02552226166844207
581.2510411600008	1.2139999999999418	WheelMovementIntervals													0.38752843219916144
583.7519189705838	2.384505335861718	trials	-1.0	1.0	1.5		1.0	0.2	584.5593382205846	584.5592197614158	585.6363638405857	584.2873320905843	584.2882986605842	584.2580411600007	
584.2580411600007	0.9360000000000355	WheelMovementIntervals													0.8228518827535822
586.7225218805868	3.643711291115892	trials	-1.0	1.0	1.5		1.0	0.2	588.7909150205888	588.7908265869295	589.8661741505899	587.2829991605873	587.2838990705873	587.4900411600007	
587.4900411600007	0.4660000000000082	WheelMovementIntervals													0.15210819540561715
588.2330411600008	0.12400000000002365	WheelMovementIntervals													0.039405242899420045
588.6920411600007	1.344000000000051	WheelMovementIntervals													1.1274830755233154
590.959031520591	6.760197649356996	trials	-1.0	1.0	1.5		0.0625	0.2	596.1419131805961	596.141827418449	597.2192054405972	592.7531187605928	592.7541519905927	595.9670411600008	
591.5650411600008	0.41600000000005366	WheelMovementIntervals													-1.479218033095151
594.3660411600008	0.2039999999999509	WheelMovementIntervals													0.09355996539730427
595.9670411600008	0.43200000000001637	WheelMovementIntervals													0.6207767234911898
597.0140411600008	0.5849999999999227	WheelMovementIntervals													0.0748888194906101
598.3501256705983	6.632708527259069	trials	-1.0	1.0	1.5		0.125	0.2	603.4189187406034	603.4188298945201	604.4827123506045	603.1160823606032	603.1169822706031	603.3160411600007	
598.9140411600008	2.244000000000028	WheelMovementIntervals													2.1368481959472376
601.7410411600008	0.7329999999999472	WheelMovementIntervals													-0.15712272412764605
603.3160411600007	2.3170000000000073	WheelMovementIntervals													-2.4352040165021833
605.6221317306056	4.497284086458421	trials	1.0	-1.0	0.0		1.0	0.2	607.5469059006075	607.5459240677733	609.6193986306097	606.6371635506066	606.6382634406067	607.4390411600008	
605.9860411600008	0.06099999999992178	WheelMovementIntervals													-0.012634993267369055
607.4390411600008	1.0510000000000446	WheelMovementIntervals													-0.8296897520079369
608.8750411600008	0.08999999999991815	WheelMovementIntervals													0.007095752414841172
609.5730411600008	0.42200000000002547	WheelMovementIntervals													0.06411757476220714
610.8290109906109	2.2901119330707616	trials	-1.0	1.0	1.5		1.0	0.2	611.5497389106116	611.5496141161358	612.6190653006126	611.3990539806114	611.4001872006114	611.4220411600008	
611.4220411600008	2.433999999999969	WheelMovementIntervals													-1.5046858641590006
613.7040234606137	6.531588161866807	trials	-1.0	1.0	1.5		0.25	0.2	618.6509287206187	618.6508129801102	619.7355535806197	614.3324272806143	614.3334605106144	616.9920411600008	
616.9920411600008	0.7140000000000555	WheelMovementIntervals													0.2556880861280888
617.9710411600008	0.16199999999992087	WheelMovementIntervals													0.04614172222673574
618.8370411600008	1.143000000000029	WheelMovementIntervals													-1.1696404728364485
620.8548083106209	2.5974146511205163	trials	-1.0	1.0	1.5		0.0	0.2	621.8824388706219	621.8823133152472	622.952165220623	621.5156422206215	621.5167421106215	621.6230411600008	
621.6230411600008	1.04200000000003	WheelMovementIntervals													0.6259424716824924
624.033023790624	2.8157961106572884	trials	-1.0	1.0	1.5		1.0	0.2	625.2686335506253	625.2685212065351	626.3487588606264	624.7488855306248	624.7499520906248	624.9790411600007	
624.9790411600007	1.5150000000001	WheelMovementIntervals													-1.497544870714023
627.4372166706274	4.478224322249275	trials	-1.0	1.0	1.5		0.125	0.2	630.3450258606304	630.3449311644811	631.4153854806315	629.2520351706293	629.2528684206293	629.4150411600008	
627.7770411600007	0.8000000000000682	WheelMovementIntervals													-1.3387319811019154
629.4150411600008	1.643000000000029	WheelMovementIntervals													-0.48490440574633453
631.3200411600008	0.20600000000001728	WheelMovementIntervals													0.01904960780606757
632.5168419906325	4.668478071008394	trials	1.0	-1.0	0.0		0.125	0.2	634.6057997406347	634.6049312878145	636.6852251106367	634.1851418106341	634.1861417106342	634.4680411600008	
632.7650411600008	0.7400000000000091	WheelMovementIntervals													-1.0492135776183602
634.4680411600008	0.3590000000000373	WheelMovementIntervals													-0.7216563954110597
637.7864149806378	4.3152100358931875	trials	1.0	-1.0	0.0		0.0	0.2	639.5207082006395	639.5197182084388	641.6015667606416	638.8986370806389	638.8997369706389	639.4230411600008	
637.8030411600008	0.5750000000000455	WheelMovementIntervals													0.34745941035876626
639.4230411600008	0.7200000000000273	WheelMovementIntervals													-1.6126616582007784
642.5170411600009	0.61099999999999	WheelMovementIntervals													0.24387303443603514
642.6945241206427	3.3406085836031707	trials	-1.0	1.0	1.5		0.25	0.2	644.4534148806445	644.4533275868565	645.5350733706456	643.8485753706439	643.8496419306439	644.2730411600008	
644.2730411600008	0.7680000000000291	WheelMovementIntervals													0.4507998132556281
646.6168318506466	2.6482102587353893	trials	1.0	1.0	1.5	0.0625		0.2	647.6934241806478	647.6933352078408	648.7649503506487	647.3482920306474	647.3492586006473	647.5620411600008	
647.5620411600008	3.40300000000002	WheelMovementIntervals													-7.526561983369561
649.8490419306498	6.282480360054819	trials	1.0	-1.0	0.0		1.0	0.2	653.5621372506536	653.5612291440555	655.6314636306556	651.5178417006515	651.5188416006515	653.3860411600008	
653.3860411600008	0.7540000000000191	WheelMovementIntervals													-0.746994720059007
654.7000411600009	0.7669999999999391	WheelMovementIntervals													0.6685210624921467
656.4600411600009	1.3729999999999336	WheelMovementIntervals													-1.704756363001792
656.7528181506567	4.795125489479801	trials	-1.0	1.0	1.5		0.0625	0.2	659.97872886066	659.9786339526905	661.047921930661	658.5013432806585	658.5024098406585	659.7330411600009	
659.7330411600009	1.1359999999999673	WheelMovementIntervals													0.8042156561998866
662.1543446106622	4.180291703301464	trials	1.0	1.0	1.5	1.0		0.2	664.7590174506647	664.7589375720861	665.8345432206659	664.5180082206646	664.5189747906645	664.6710411600009	
662.7190411600009	1.002999999999929	WheelMovementIntervals													-2.089115262019334
664.6710411600009	0.5489999999999782	WheelMovementIntervals													-2.001464044684866
666.950131650667	4.4977932923613935	trials	-1.0	1.0	1.5		0.25	0.2	669.8717394606699	669.871625994712	670.9478318406709	667.6478952006677	667.6489284306676	668.9000411600008	
667.9250411600009	0.33299999999997	WheelMovementIntervals													0.06405837665985814
668.9000411600008	0.15200000000004366	WheelMovementIntervals													0.11924116551310249
669.7920411600008	0.7419999999999618	WheelMovementIntervals													0.17797570461780765
672.048321780672	4.916013698426809	trials	1.0	-1.0	0.0		0.125	0.2	674.3944871406744	674.393627361695	676.4643134706764	673.3356263706734	673.3364929506733	674.2460411600008	
672.4220411600008	0.3129999999999882	WheelMovementIntervals													0.08007614321991241
674.2460411600008	1.01400000000001	WheelMovementIntervals													-1.5610620991636495
677.0160411600009	0.09199999999998454	WheelMovementIntervals													0.019913939469006436
677.5827349506776	2.6983056263999288	trials	-1.0	1.0	1.5		1.0	0.2	678.7088223306787	678.7087364639724	679.7809151106798	678.0845514306781	678.085418010678	678.4550411600009	
678.4550411600009	0.7789999999999964	WheelMovementIntervals													0.40141002560463335
679.8230411600008	0.06900000000007367	WheelMovementIntervals													-0.004272038335074058
680.8715393706809	2.979800713303348	trials	-1.0	1.0	1.5		0.25	0.2	682.2813317106823	682.2812387619639	683.3512913706834	681.4844780706815	681.4853779806815	682.0010411600008	
682.0010411600008	0.3670000000000755	WheelMovementIntervals													0.2954273215384262
683.6930411600008	3.8250000000000455	WheelMovementIntervals													-4.626679849924159
684.5537377806845	12.71029242062059	trials	-1.0	1.0	1.5		0.25	0.2	695.6942236206957	695.6941285080088	696.7639166406967	688.0808850306881	688.0819182606881	695.2320411600009	
695.2320411600009	2.158999999999992	WheelMovementIntervals													1.2199350969887632
697.997626590698	6.80312302383436	trials	-1.0	1.0	1.5		0.0	0.2	703.2192377107033	703.2191427268593	704.3006962207043	700.3340262607004	700.3350594907004	703.0970411600009	
698.1490411600008	1.7040000000000646	WheelMovementIntervals													0.5739929053835624
703.0970411600009	0.8199999999999363	WheelMovementIntervals													1.4094785091228914
705.4337495707055	3.933584760384406	trials	-1.0	1.0	1.5		1.0	0.2	707.7949467607078	707.7948392228217	708.8673061807089	706.980428220707	706.981294800707	707.6070411600009	
705.9110411600009	0.40399999999999636	WheelMovementIntervals													0.4558283660554139
706.5980411600009	0.125	WheelMovementIntervals													-0.017551606013682886
707.6070411600009	1.1999999999999318	WheelMovementIntervals													-1.2131493816833085
709.96522971071	4.298411886038593	trials	-1.0	1.0	1.5		0.25	0.2	712.6899238807127	712.6898359771087	713.7635831707138	711.4468482007114	711.4478814307115	711.9210411600009	
710.4470411600008	0.3100000000000591	WheelMovementIntervals													0.06829693328521103
711.9210411600009	1.524000000000001	WheelMovementIntervals													-0.5282266451084183
714.8523409507148	3.261288069411421	trials	1.0	-1.0	0.0		0.0625	0.2	715.5408054307155	715.5398378032675	717.6135648007177	715.3670228107154	715.3678227307154	715.4310411600009	
715.4310411600009	0.6990000000000691	WheelMovementIntervals													-0.8656047615945113
716.4180411600008	0.05000000000006821	WheelMovementIntervals													0.003955707291083854
718.0780411600009	1.0339999999999918	WheelMovementIntervals													1.0093076060775843
718.6945233607187	3.168824226798847	trials	-1.0	1.0	1.5		0.125	0.2	720.2951299507203	720.2950340819568	721.3632897907214	719.5174743907195	719.5184076307195	720.1210411600009	
720.1210411600009	0.5	WheelMovementIntervals													0.5317195677477855
720.8220411600009	0.2239999999999327	WheelMovementIntervals													-0.02976022553855273
722.4430484707225	2.720405245951042	trials	1.0	1.0	1.5	0.0		0.2	723.5997327907236	723.5996498507637	724.6634264107247	723.1000161007231	723.1010160007231	723.5150411600009	
723.5150411600009	0.6469999999999345	WheelMovementIntervals													-2.343198504892854
725.7367524007258	3.8098864072179595	trials	1.0	-1.0	0.0		0.0	0.2	726.979294800727	726.9783473192307	729.0466213807291	726.2331694207262	726.2343026407262	726.7440411600008	
726.7440411600008	0.9630000000000791	WheelMovementIntervals													-0.315434802112577
729.6440411600009	0.12000000000000455	WheelMovementIntervals													0.1414667336304376
730.2545339107303	2.4954979066403666	trials	-1.0	1.0	1.5		1.0	0.2	731.1776415907312	731.1775320268732	732.2500343407322	730.8331093807309	730.8338759707308	731.0060411600009	
731.0060411600009	0.6899999999999409	WheelMovementIntervals													0.6130081983116042
733.3167276607334	2.6464112615467457	trials	1.0	1.0	1.5	0.0625		0.8	734.3950531507344	734.3949314340829	735.4630796707355	734.046488010734	734.047487910734	734.2840411600009	
734.2840411600009	1.6219999999999573	WheelMovementIntervals													-5.121558603411728
736.5370389307366	2.4635996330314356	trials	1.0	1.0	1.5	0.25		0.8	737.4258500407375	737.4257380768953	738.5005758907386	737.3003292607373	737.3014291507374	737.2450411600009	
737.2450411600009	0.6359999999999673	WheelMovementIntervals													-2.2023503077660394
739.5658360207395	2.551491393880383	trials	1.0	1.0	1.5	0.0		0.8	740.5388387107405	740.538731976575	741.6172975207417	740.2297029607403	740.2307361907402	740.4360411600009	
740.4360411600009	1.5750000000000455	WheelMovementIntervals													-4.308443168253518
742.6956230107427	2.4369011903198725	trials	1.0	1.0	1.5	0.125		0.8	743.5546371007435	743.5545227253663	744.6325293007446	743.3296596007433	743.3306928307434	743.4480411600009	
743.4480411600009	0.6599999999999682	WheelMovementIntervals													-2.4744089404592273
745.7053220107457	8.24361341411202	trials	1.0	-1.0	0.0		0.0	0.8	751.3832208307514	751.3822298709957	753.4488809107535	746.6128645807466	746.6139644707466	746.5440411600009	
745.7610411600009	0.34000000000003183	WheelMovementIntervals													-0.13906828143862526
746.5440411600009	0.21500000000003183	WheelMovementIntervals													0.34758834697413477
751.2660411600009	1.0860000000000127	WheelMovementIntervals													-2.697545188651816
752.7810411600009	1.032000000000039	WheelMovementIntervals													-2.365024672249973
754.5815343007546	4.681106367910957	trials	1.0	1.0	1.5	0.0625		0.8	757.6959561607578	757.6958372066911	758.7625494907587	755.3126945107554	755.3138277307553	757.321041160001	
757.321041160001	1.1909999999999172	WheelMovementIntervals													-1.2513396340661416
759.8650392307599	2.4843965008861915	trials	1.0	1.0	1.5	0.0625		0.8	760.7728484407608	760.772737221606	761.8494074407619	760.3490241607603	760.3500573907604	760.5730411600009	
760.5730411600009	1.183999999999969	WheelMovementIntervals													-5.496610174863235
762.845041160001	0.10599999999999454	WheelMovementIntervals													0.02088695317007705
762.932632440763	2.463014199839222	trials	1.0	1.0	1.5	0.25		0.8	763.8265430407638	763.8264368679686	764.8956027907649	763.5291727807636	763.5300060307635	763.730041160001	
763.730041160001	1.4809999999999945	WheelMovementIntervals													-3.3224882240135116
766.1083481707661	3.9070862500965404	trials	1.0	1.0	1.5	1.0		0.8	768.4428480307685	768.4427387605755	769.5154074307695	768.2664990007682	768.2675988907682	768.316041160001	
766.326041160001	1.3519999999999754	WheelMovementIntervals													-2.208575104851093
768.316041160001	0.8349999999999227	WheelMovementIntervals													-2.5402636500468248
770.6232299707706	3.539118875282611	trials	1.0	1.0	1.5	1.0		0.8	772.5888333907726	772.5887393427435	773.6622593707737	772.3621560607723	772.3631892907724	772.4880411600009	
771.0440411600009	0.7340000000000373	WheelMovementIntervals													-1.54754749503428
772.4880411600009	0.761000000000081	WheelMovementIntervals													-3.448570857315815
774.7589496907748	2.5728890255395527	trials	1.0	1.0	1.5	1.0		0.8	775.7684487307757	775.7683446006391	776.8318090507769	775.5167072407755	775.5178737907755	775.687041160001	
775.687041160001	2.467999999999961	WheelMovementIntervals													-6.60619786838771
777.9179337607779	2.7443022884862103	trials	1.0	1.0	1.5	0.125		0.8	779.0911497607791	779.0910338840964	780.1621759807801	778.8287093407788	778.8298092307789	778.9970411600009	
778.9970411600009	1.3540000000000418	WheelMovementIntervals													-3.9710548397494563
781.2474341107812	3.184720537267367	trials	1.0	-1.0	0.0		0.0625	0.8	781.8623726107819	781.8568376579298	783.9321322807839	781.7814473707817	781.7823806107818	781.6640411600009	
781.6640411600009	0.9010000000000673	WheelMovementIntervals													-1.0580308696912084
784.258041160001	0.7029999999999745	WheelMovementIntervals													-1.1410435421236684
785.027056110785	2.334881970087963	trials	1.0	1.0	1.5	0.25		0.8	785.7903464407858	785.7902495636885	786.8618726107869	785.5786342807855	785.5797008407856	785.643041160001	
785.643041160001	1.1899999999999409	WheelMovementIntervals													-5.649915766834454
787.4530411600009	0.1570000000000391	WheelMovementIntervals													0.021333631304798928
787.9436310907879	2.338508827921146	trials	1.0	1.0	1.5	1.0		0.8	788.7092545207887	788.7091333258827	789.7821138907898	788.5818006007886	788.5826338507886	788.604041160001	
788.604041160001	1.5480000000000018	WheelMovementIntervals													-5.096345687288817
790.8582396007909	4.35730477161303	trials	1.0	1.0	1.5	0.125		0.8	793.6356618307937	793.6355413673888	794.7154538407947	793.3617225607934	793.3625558107934	793.546041160001	
790.8940411600009	0.7330000000000609	WheelMovementIntervals													-0.9690057361115691
792.1500411600009	0.5830000000000837	WheelMovementIntervals													-0.80533011490337
793.546041160001	0.3489999999999327	WheelMovementIntervals													-1.0354806198365054
795.8261427607958	2.7385023208148596	trials	1.0	1.0	1.5	0.25		0.8	796.990059690797	796.9899428971348	798.0646188907981	796.7451175207967	796.7461174207967	796.9090411600009	
795.998041160001	0.20799999999997	WheelMovementIntervals													-0.3098541102182253
796.9090411600009	1.30600000000004	WheelMovementIntervals													-4.683050836324469
798.897041160001	0.4119999999999209	WheelMovementIntervals													-0.6235086382930035
799.1552431507992	2.576105129188136	trials	1.0	1.0	1.5	0.25		0.8	800.1606426008002	800.1605443719359	801.2312688608013	799.9117008307999	799.9127340608	800.076041160001	
800.076041160001	1.441000000000031	WheelMovementIntervals													-5.2184428273279195
802.4482471508024	2.4003033842503783	trials	1.0	1.0	1.5	1.0		0.8	803.2797306608032	803.2796476302696	804.3485237708044	803.0447541608031	803.0456874008031	803.137041160001	
803.137041160001	0.7229999999999563	WheelMovementIntervals													-1.9985244277957577
805.4307488708055	2.45099934895984	trials	1.0	1.0	1.5	0.25		0.8	806.3037615608063	806.3036479266639	807.3816870908074	806.011557450806	806.012624010806	806.2160411600009	
806.2160411600009	1.5640000000000782	WheelMovementIntervals													-5.1464129942045815
808.4632455908085	4.568117060070449	trials	1.0	-1.0	0.0		0.125	0.8	810.4638788408105	810.4626521824093	812.5312720808125	809.4281157608094	809.4289156808094	810.3410411600009	
808.595041160001	0.2980000000000018	WheelMovementIntervals													-0.5868864585429492
810.3410411600009	0.35800000000006094	WheelMovementIntervals													-0.5637889936242573
812.836041160001	1.0650000000000546	WheelMovementIntervals													-1.9539386600364423
813.6258626108137	3.202091303817383	trials	1.0	1.0	1.5	0.0		0.8	815.2594325708153	815.2593571543309	816.3278923808164	814.5613357208146	814.5621689708146	815.114041160001	
815.114041160001	1.245999999999981	WheelMovementIntervals													-2.6833991033414577
817.4188499408174	3.2925129205772237	trials	1.0	-1.0	0.0		0.25	0.8	818.1384446408182	818.1376523249346	820.2112706708202	818.014123740818	818.015090310818	817.940041160001	
817.940041160001	0.4940000000000282	WheelMovementIntervals													-0.5431103361752889
820.626041160001	0.44899999999995543	WheelMovementIntervals													-0.3988261021888775
821.2900627808212	3.9073877163917814	trials	1.0	1.0	1.5	0.25		0.8	823.6330617908236	823.6329542162902	824.6973886808247	823.3471570508234	823.3480236308234	823.551041160001	
821.8320411600009	0.8100000000000591	WheelMovementIntervals													-0.9000606359236372
823.551041160001	3.0890000000000555	WheelMovementIntervals													-7.084406574982268
825.7873463408258	5.143594177682189	trials	1.0	1.0	1.5	0.125		0.8	829.3514565608293	829.3513409207445	830.4308819408304	828.3776539508284	828.3785871908284	829.098041160001	
827.078041160001	0.2259999999999991	WheelMovementIntervals													-0.020354544260612784
827.670041160001	0.07200000000000273	WheelMovementIntervals													-0.003421104027495403
829.098041160001	1.30499999999995	WheelMovementIntervals													-1.5552518568267146
831.5409375908315	3.3534082282535564	trials	1.0	1.0	1.5	0.125		0.8	833.3160600608334	833.3159403582143	834.3942522308344	833.0109239108331	833.0118571508331	833.189041160001	
831.8220411600009	0.7940000000000964	WheelMovementIntervals													-1.8864310322639426
833.189041160001	0.9109999999999445	WheelMovementIntervals													-1.2568716477572366
835.4791437308355	2.4315015711517844	trials	1.0	1.0	1.5	0.0625		0.8	836.3353581008363	836.3352435798437	837.4106505608374	836.1643085408361	836.1651417908362	836.191041160001	
836.191041160001	0.5670000000000073	WheelMovementIntervals													-1.4552042761624193
837.3940411600009	0.12100000000009459	WheelMovementIntervals													0.030183175618901714
838.4841432008385	6.026602488605363	trials	1.0	1.0	1.5	0.0625		0.8	842.947263510843	842.9471435626751	844.010723820844	842.7643818008428	842.7653483708427	842.849041160001	
838.602041160001	1.0679999999999836	WheelMovementIntervals													-2.2672799999358517
840.010041160001	0.8289999999999509	WheelMovementIntervals													-1.2141114256855303
841.244041160001	0.77800000000002	WheelMovementIntervals													-1.1133526409929573
842.849041160001	1.399000000000001	WheelMovementIntervals													-2.7503447555035336
845.1447437408451	3.232616985799382	trials	1.0	1.0	1.5	1.0		0.8	846.8024446208468	846.8023514252001	847.8772704608479	846.5636685008466	846.5646350708465	846.709041160001	
845.303041160001	0.7379999999999427	WheelMovementIntervals													-1.5443855134108162
846.709041160001	0.7290000000000418	WheelMovementIntervals													-2.7990382786053942
848.967161460849	2.780299774039918	trials	1.0	1.0	1.5	0.125		0.8	850.1840397608502	850.1839604866569	851.2474334108513	849.89806836085	849.8989016108499	850.098041160001	
849.084041160001	0.1490000000000009	WheelMovementIntervals													-0.2454960824439354
850.098041160001	1.4370000000000118	WheelMovementIntervals													-3.0110657608730094
852.3270587708523	4.350005084428517	trials	1.0	1.0	1.5	1.0		0.8	855.1102470908551	855.1101607442475	856.1769404108562	854.993792070855	854.994825300855	854.921041160001	
852.456041160001	1.8380000000000791	WheelMovementIntervals													-2.8470821033938023
854.921041160001	1.6510000000000673	WheelMovementIntervals													-5.803006371580523
857.031041160001	2.1299999999999955	WheelMovementIntervals													-2.0817729714455027
857.2913622908573	4.935683788957363	trials	1.0	1.0	1.5	0.0625		0.8	860.6515595708606	860.651449893244	861.7269520208617	860.5471700108606	860.5480365908605	860.478041160001	
860.478041160001	1.2490000000000236	WheelMovementIntervals													-2.2473462400942594
862.231041160001	0.9959999999999809	WheelMovementIntervals													-0.6283539543303505
862.8284418608629	2.769300537124991	trials	1.0	1.0	1.5	0.25		0.8	864.0163563908641	864.0162412334113	865.0976482508651	863.8300750208639	863.8309749308638	863.852041160001	
863.852041160001	0.8840000000000146	WheelMovementIntervals													-3.705224580102538
866.1791400908662	3.081003648440287	trials	1.0	1.0	1.5	1.0		0.8	867.6854561108677	867.6853404078672	868.7601153008687	867.1267453208671	867.1279118708671	867.298041160001	
866.401041160001	0.17300000000000182	WheelMovementIntervals													-0.2788613111299014
867.298041160001	1.5069999999999482	WheelMovementIntervals													-1.1088509338734411
869.8377408608699	2.192920811953286	trials	1.0	1.0	1.5	0.125		0.8	870.4533459608705	870.453246140977	871.5305715608715	870.3796533308704	870.3805532408704	870.294041160001	
870.294041160001	1.5270000000000437	WheelMovementIntervals													-4.423393756893233
872.6004645608726	4.896587416146417	trials	1.0	-1.0	0.0		0.0625	0.8	874.928131770875	874.9273571553164	876.996958200877	873.8267085908739	873.8278084808738	874.813041160001	
872.6530411600011	0.5449999999999591	WheelMovementIntervals													-0.8544747209354
874.813041160001	0.5929999999999609	WheelMovementIntervals													-0.8597234139297143
876.588041160001	3.036000000000058	WheelMovementIntervals													-5.926303115154155
878.1085470308781	3.9879083997509497	trials	1.0	1.0	1.5	0.125		0.8	880.5350710208805	880.534950924744	881.5963648808817	880.2930285608803	880.2940284608803	880.424041160001	
880.424041160001	1.3970000000000482	WheelMovementIntervals													-3.607098147513625
882.548041160001	0.6749999999999545	WheelMovementIntervals													-0.2404370340426567
882.7010544008828	2.8300101885189406	trials	1.0	1.0	1.5	1.0		0.8	883.962561570884	883.9624580507027	885.030954720885	883.7265851708837	883.7276517308837	883.849041160001	
883.849041160001	0.6320000000000618	WheelMovementIntervals													-2.699623874298254
886.2642647108863	5.861889338840911	trials	1.0	-1.0	0.0		0.125	0.8	889.5575353508896	889.5565575998268	891.6260951408916	887.5098068108875	887.5109067008875	889.392041160001	
886.708041160001	0.18100000000004002	WheelMovementIntervals													-0.2343570897534164
889.392041160001	1.039000000000101	WheelMovementIntervals													-1.5747844419418584
892.6100411600011	0.35599999999999454	WheelMovementIntervals													-0.06570907767678591
892.7367507308927	3.3100104445355782	trials	1.0	1.0	1.5	0.125		0.8	894.4697440808944	894.4696551518978	895.5467030408955	893.5125398108935	893.5134730508935	894.2920411600011	
894.2920411600011	1.3239999999999554	WheelMovementIntervals													-3.4175009640946428
896.4510411600011	0.7039999999999509	WheelMovementIntervals													-0.6583097783057497
896.6368606808967	3.4422999297287333	trials	1.0	1.0	1.5	0.0		0.8	898.5181725308985	898.5180595495043	899.5790997608996	897.7261184108977	897.7270516508977	898.424041160001	
898.424041160001	1.6720000000000255	WheelMovementIntervals													-3.1185621521535722
900.6606582609006	2.3321098762816064	trials	1.0	1.0	1.5	0.125		0.8	901.4199489909014	901.4198608249707	902.4926750409026	901.1761067109012	901.1770066209012	901.324041160001	
901.324041160001	0.9500000000000455	WheelMovementIntervals													-2.9491780928693174
903.5623680609036	2.8667927039310825	trials	1.0	1.0	1.5	0.25		0.8	904.8631713009049	904.8630638431737	905.9290647009059	904.6293613509047	904.6302612609046	904.7920411600011	
903.752041160001	0.2700000000000955	WheelMovementIntervals													-0.5569835052069152
904.7920411600011	1.51400000000001	WheelMovementIntervals													-5.637218506461181
907.007056890907	2.8688920780093667	trials	1.0	1.0	1.5	0.125		0.8	908.3080601109083	908.3079523917929	909.3758533209094	908.042586660908	908.0435532309081	908.222041160001	
907.1420411600011	0.3529999999999518	WheelMovementIntervals													-1.0170895736785042
908.222041160001	1.6730000000000018	WheelMovementIntervals													-4.449870779161017
910.4594449509104	3.1330262285518984	trials	1.0	-1.0	0.0		0.125	0.8	911.0358206409111	911.0314493743776	913.0923816309131	910.962694620911	910.963827840911	910.891041160001	
910.891041160001	0.7110000000000127	WheelMovementIntervals													-1.1967168093621012
912.160041160001	1.0780000000000882	WheelMovementIntervals													-2.3944440083342897
914.1719736609142	3.57398820647677	trials	1.0	1.0	1.5	0.25		0.8	916.1772731109162	916.1771653609846	917.2459329009173	915.929097930916	915.9300645009159	916.0550411600011	
914.4650411600011	0.6509999999999536	WheelMovementIntervals													-1.3586056259127872
916.0550411600011	1.1999999999999318	WheelMovementIntervals													-2.0480260097536416
918.3442563909183	3.451098346056142	trials	1.0	1.0	1.5	0.0		0.8	920.2204687509202	920.2203544045486	921.2953279209213	919.8756699009199	919.8766698009199	920.083041160001	
918.592041160001	0.6230000000000473	WheelMovementIntervals													-1.3439333485902125
920.083041160001	1.538000000000011	WheelMovementIntervals													-3.1654218464086625
922.3866521109223	3.205520263909989	trials	1.0	1.0	1.5	0.0		0.8	924.017155710924	924.0170614004123	925.0921148709251	922.975626540923	922.976626440923	923.8240411600011	
923.8240411600011	1.2539999999999054	WheelMovementIntervals													-1.345898193263622
925.894041160001	0.7970000000000255	WheelMovementIntervals													-1.5749014470666793
926.1706736709261	3.9413001755995083	trials	1.0	-1.0	0.0		0.125	0.8	927.5372036709275	927.5363730387534	929.6119295109296	927.2450995509273	927.2461994409273	927.365041160001	
927.365041160001	0.3250000000000455	WheelMovementIntervals													-0.5669267088600805
928.8440411600011	0.8220000000000027	WheelMovementIntervals													-1.1563071460784613
930.8585715009309	3.666679683643224	trials	1.0	1.0	1.5	0.0625		0.8	932.9525620809329	932.9524587569938	934.025188140934	932.5919981409326	932.5930980309327	932.7860411600011	
931.0650411600011	0.9619999999999891	WheelMovementIntervals													-2.37786425287527
932.7860411600011	0.8419999999999845	WheelMovementIntervals													-2.187602102216829
933.9100411600011	0.17399999999997817	WheelMovementIntervals													0.0614243122828384
935.1173455809351	3.2079204479206282	trials	1.0	-1.0	0.0		0.125	0.8	935.7660473709358	935.7650493057116	937.8252081009379	935.6286944409356	935.6297276709356	935.6660411600011	
935.6660411600011	0.7069999999999936	WheelMovementIntervals													-1.6969921409891526
936.9400411600011	0.6319999999999482	WheelMovementIntervals													-1.9028624611932514
938.8994673309389	2.2956865047764268	trials	1.0	1.0	1.5	0.125		0.8	939.6294609909396	939.6293624043572	940.6951210809407	939.4283477709395	939.4293143409394	939.341041160001	
939.341041160001	1.7620000000000573	WheelMovementIntervals													-1.7725337688607965
941.7588480309417	3.1864211105934146	trials	1.0	1.0	1.5	1.0		0.8	943.3756530009434	943.3755572197972	944.4452127009445	943.1583414009432	943.1592746409432	943.2910411600011	
941.942041160001	0.7699999999999818	WheelMovementIntervals													-1.436304999807703
943.2910411600011	3.44399999999996	WheelMovementIntervals													-11.667093166010545
945.5433695409456	7.184989475362272	trials	1.0	-1.0	0.0		0.0	0.8	950.1504754509501	950.1494615117573	952.2283009809522	947.4249147009474	947.4258479409474	950.0260411600011	
950.0260411600011	0.7859999999999445	WheelMovementIntervals													-1.5289254678630755
951.6170411600011	0.5939999999999372	WheelMovementIntervals													-0.5518366764522966
953.2190411600011	0.8930000000000291	WheelMovementIntervals													-1.5140707322101434
953.3452559409534	4.162922615265302	trials	-1.0	1.0	1.5		1.0	0.8	955.943862720956	955.943768809084	957.008089620957	954.8915346309549	954.8924012109549	955.0080411600011	
955.0080411600011	1.1280000000000427	WheelMovementIntervals													0.3099557463715996
956.6210411600011	1.5279999999999063	WheelMovementIntervals													-0.9792201430370255
958.1088795309581	2.586089423758267	trials	1.0	1.0	1.5	1.0		0.8	959.1252778809592	959.1251741956971	960.1948709109602	958.8125758209588	958.8136423809589	958.9090411600012	
958.9090411600012	1.0480000000000018	WheelMovementIntervals													-3.3339073884174013
961.2747629109613	2.303613201534745	trials	1.0	1.0	1.5	1.0		0.8	962.005456500962	962.0053664635894	963.0783492009631	961.7580145809618	961.7589478209618	961.9250411600011	
961.9250411600011	1.4790000000000418	WheelMovementIntervals													-5.51938892071837
964.1353768209641	2.2925862792570797	trials	1.0	1.0	1.5	0.0		0.8	964.8616708509649	964.8615718412931	965.9279642109659	964.7579145609648	964.7588811309648	964.6260411600011	
964.6260411600011	0.7110000000000127	WheelMovementIntervals													-1.4688410091297897
966.998057190967	3.846917935035094	trials	1.0	1.0	1.5	0.0625		0.8	969.2814621609693	969.2813666490883	970.3449224709703	968.974559520969	968.975492760969	969.1860411600011	
967.4560411600011	0.8330000000000837	WheelMovementIntervals													-1.9432277582450865
969.1860411600011	1.2559999999999718	WheelMovementIntervals													-3.830249101868162
971.4786757509714	2.3958920260078003	trials	1.0	1.0	1.5	0.0625		0.8	972.3060596709723	972.3059723069726	973.3744861509734	972.1578078309722	972.1587744009722	972.2170411600011	
972.2170411600011	1.2649999999999864	WheelMovementIntervals													-2.536745047594877
974.6086627209746	4.135595166315284	trials	1.0	1.0	1.5	0.0625		0.8	977.1807721509772	977.180658470992	978.2441991309782	976.8774358209769	976.8783357309769	977.0690411600011	
974.7760411600011	1.407000000000039	WheelMovementIntervals													-2.7690555828237393
977.0690411600011	0.49900000000002365	WheelMovementIntervals													-1.1872945668406487
978.1690411600011	0.05499999999994998	WheelMovementIntervals													0.004063954761704736
979.3532548809793	7.357204399135071	trials	1.0	-1.0	0.0		1.0	0.8	984.1358765709841	984.1345564401297	986.2104690909862	980.6242944309806	980.6252610009807	983.0860411600012	
979.7180411600011	0.2419999999999618	WheelMovementIntervals													-0.5736028369328778
983.0860411600012	0.4619999999999891	WheelMovementIntervals													0.17596749814561008
983.9800411600011	0.2940000000000964	WheelMovementIntervals													-0.7727347275304624
987.3264574809873	3.6172118445970227	trials	1.0	1.0	1.5	1.0		0.8	989.3731861209894	989.3730630510253	990.4436457309904	989.3074260309893	989.3084592609894	989.2390411600011	
987.5630411600011	1.0289999999999964	WheelMovementIntervals													-2.3449269894690588
989.2390411600011	1.2830000000000155	WheelMovementIntervals													-2.3286991208116774
991.4190411600011	0.7709999999999582	WheelMovementIntervals													-1.4110770064485791
991.5445689609916	3.2627147483764247	trials	1.0	1.0	1.5	0.0625		0.8	993.2478652809932	993.2477756159159	994.3072260009943	992.924097660993	992.9250642309929	993.1430411600011	
993.1430411600011	1.1510000000000673	WheelMovementIntervals													-1.650204623286811
995.3937840009954	2.199795724761657	trials	1.0	1.0	1.5	0.0625		0.8	996.026187420996	996.0260819098385	997.0935140109971	995.8608706209959	995.8620371709959	995.8940411600012	
995.8940411600012	1.4209999999999354	WheelMovementIntervals													-3.680356586077778
998.1513748809981	2.372406587119258	trials	1.0	1.0	1.5	0.25		0.8	998.956461030999	998.9563764374926	1000.023720961	998.8405059609988	998.8416391809989	998.8530411600011	
998.8530411600011	0.27700000000004366	WheelMovementIntervals													-0.6785594206582459
1001.0941805710011	2.1629967521873823	trials	1.0	1.0	1.5	1.0		0.8	1001.6986867810017	1001.6985791046234	1002.7571475910028	1001.5601673010016	1001.5612671910015	1001.5810411600012	
1001.5810411600012	1.1129999999999427	WheelMovementIntervals													-2.104114770112801
1003.8268739410038	4.680304985364387	trials	-1.0	1.0	1.5		1.0	0.8	1006.960260571007	1006.9601759396018	1008.007122541008	1006.3433222710064	1006.3441888510064	1006.5560411600011	
1004.1390411600012	1.6970000000000027	WheelMovementIntervals													-3.293257707669227
1006.5560411600011	1.1160000000000991	WheelMovementIntervals													0.6389385505279961
1007.9540411600011	0.2760000000000673	WheelMovementIntervals													-0.01389011496604553
1009.0710411600012	0.8319999999999936	WheelMovementIntervals													-1.2193306926475884
1009.1258773210092	3.147796011649575	trials	1.0	1.0	1.5	0.25		0.8	1010.7302835310107	1010.7301742690032	1011.7735791910118	1010.4935072110105	1010.4944404510105	1010.6180411600011	
1010.6180411600011	1.9380000000001019	WheelMovementIntervals													-5.432671382386445
1012.8632702110128	2.33050990409356	trials	1.0	1.0	1.5	1.0		0.8	1013.6393592610136	1013.6392728428821	1014.6936871510147	1013.3770188310134	1013.3780520610134	1013.5230411600012	
1013.5230411600012	0.6069999999999709	WheelMovementIntervals													-1.4741764939691393
1015.7645800510157	3.442100117015457	trials	1.0	-1.0	0.0		0.0	0.8	1016.6629902010167	1016.6621795599882	1018.7066524810188	1016.2567308310163	1016.2576640710163	1016.5550411600011	
1016.5550411600011	1.3150000000000546	WheelMovementIntervals													-3.506230624632849
1019.7760411600011	0.8240000000000691	WheelMovementIntervals													-1.7898882078231395
1019.7861778510198	3.573687684610263	trials	-1.0	1.0	1.5		1.0	0.8	1021.8153749110219	1021.8152697229337	1022.8598037910228	1021.0934471110211	1021.0942803610211	1021.4170411600012	
1021.4170411600012	1.183999999999969	WheelMovementIntervals													1.0614876445071673
1022.9090411600012	0.057999999999992724	WheelMovementIntervals													-0.006192119564559562
1023.7880411600012	0.19600000000002638	WheelMovementIntervals													-0.014578021306476785
1023.9526611610239	3.9374140980936545	trials	1.0	1.0	1.5	0.125		0.8	1026.3403890310265	1026.3402684971834	1027.3899840610275	1025.6733224110258	1025.6741889910256	1025.9000411600011	
1024.2220411600013	0.6979999999998654	WheelMovementIntervals													-1.9169698223037699
1025.9000411600011	0.7860000000000582	WheelMovementIntervals													-0.5009978630039882
1028.4797750710286	2.4102046974137465	trials	1.0	1.0	1.5	0.25		0.8	1029.3496880710293	1029.3495760444782	1030.3899507010303	1029.110312011029	1029.1111452610292	1029.2660411600011	
1029.2660411600011	1.22199999999998	WheelMovementIntervals													-3.4784311487506443
1031.4462783910315	3.314310411937413	trials	1.0	1.0	1.5	1.0		0.8	1033.2070689610332	1033.206982859815	1034.2605302710342	1032.975992071033	1032.977058631033	1033.114041160001	
1031.4850411600012	0.8830000000000382	WheelMovementIntervals													-1.5361442554312816
1033.114041160001	0.5710000000001401	WheelMovementIntervals													-2.0542419183865377
1035.3468882910354	3.829394785351724	trials	1.0	1.0	1.5	0.25		0.8	1037.6320930810377	1037.6319839858743	1038.6762553210388	1037.1898039810371	1037.1913371610372	1037.3870411600012	
1035.595041160001	1.1110000000001037	WheelMovementIntervals													-2.3727793615177006
1037.3870411600012	1.1829999999999927	WheelMovementIntervals													-2.6662341411066564
1039.7629799710398	2.2137941371386205	trials	1.0	1.0	1.5	0.0625		0.8	1040.4232806010405	1040.4231773279587	1041.4767085810415	1040.3231239510403	1040.3239572010402	1040.3270411600013	
1040.3270411600013	1.5549999999998363	WheelMovementIntervals													-4.245578359132082
1042.5405688510425	2.1684979713820667	trials	1.0	1.0	1.5	0.0625		0.8	1043.153474221043	1043.153367429999	1044.2090353210442	1043.0228206210431	1043.023953841043	1043.0530411600012	
1043.0530411600012	0.678000000000111	WheelMovementIntervals													-2.4588237260251162
1045.2702625210452	2.9726121280616553	trials	1.0	1.0	1.5	0.125		0.8	1046.7038858110468	1046.7037674051758	1047.7428485710477	1046.6228605810466	1046.6238938110466	1046.5910411600012	
1045.2840411600012	0.7760000000000673	WheelMovementIntervals													-1.6532146394021083
1046.5910411600012	1.3900000000001	WheelMovementIntervals													-4.603168673203868
1048.8157746010488	3.3102116679974642	trials	1.0	1.0	1.5	1.0		0.8	1050.5543673910506	1050.5542796786283	1051.6259602210516	1050.3559872310504	1050.3570871210504	1050.460041160001	
1049.0110411600012	0.6079999999999472	WheelMovementIntervals													-0.6623149451902464
1050.460041160001	1.8330000000000837	WheelMovementIntervals													-2.468229599060919
1052.7018859510526	2.4209040263724546	trials	1.0	1.0	1.5	0.125		0.8	1053.5623665610535	1053.5622866712351	1054.6226938510547	1053.3059922010534	1053.3070587610532	1053.4570411600012	
1053.4570411600012	1.1600000000000819	WheelMovementIntervals													-2.7795721614445483
1055.6766884410556	2.4127037744055997	trials	1.0	1.0	1.5	0.125		0.8	1056.5321695510565	1056.532089070154	1057.5893304910576	1056.3090585310563	1056.3099917710563	1056.4360411600012	
1056.4360411600012	0.9490000000000691	WheelMovementIntervals													-2.3458625457720927
1058.6544906310587	4.768097922279367	trials	1.0	1.0	1.5	0.25		0.8	1061.8642696210618	1061.8641878860965	1062.922563781063	1061.6425917910617	1061.6436250210616	1061.7740411600012	
1058.8900411600011	0.7150000000001455	WheelMovementIntervals													-1.5486500254157818
1060.1980411600011	0.8199999999999363	WheelMovementIntervals													-1.875011815983953
1061.7740411600012	0.525000000000091	WheelMovementIntervals													-2.056580725310141
1063.7970411600013	1.6699999999998454	WheelMovementIntervals													-1.6225996539628795
1064.033286031064	3.842706895643687	trials	1.0	1.0	1.5	1.0		0.8	1066.3098916810663	1066.3097889313497	1067.3759184010673	1066.0766483410662	1066.077514921066	1066.1980411600011	
1066.1980411600011	1.23700000000008	WheelMovementIntervals													-4.022314935806094
1068.6407919010687	2.118700649906941	trials	1.0	1.0	1.5	1.0		0.8	1069.187370571069	1069.1872915528245	1070.2594300210703	1069.1222770810691	1069.123110331069	1068.9870411600011	
1068.9870411600011	1.3410000000001219	WheelMovementIntervals													-2.699302988380282
1071.3242901910714	5.031303585564729	trials	1.0	1.0	1.5	0.0625		0.8	1074.7854773710749	1074.7853912818027	1075.8555370210759	1074.3389886910743	1074.3400219210744	1074.6760411600012	
1071.758041160001	2.0300000000002	WheelMovementIntervals													-4.1876753243233225
1074.6760411600012	1.099999999999909	WheelMovementIntervals													-1.635048877979557
1076.972591971077	3.2860854613920765	trials	1.0	-1.0	0.0		0.25	0.2	1077.7043187910776	1077.699288313672	1079.7586133410798	1077.6420916810775	1077.6429915910776	1077.5490411600013	
1077.5490411600013	0.8689999999999145	WheelMovementIntervals													-1.9850405442801957
1078.8890411600012	0.7650000000001	WheelMovementIntervals													-1.7854029499646913
1080.7020411600013	0.4099999999998545	WheelMovementIntervals													-1.1503852694602301
1080.8331725410808	5.1889208853697255	trials	-1.0	1.0	1.5		0.25	0.2	1084.4674757410844	1084.4673850676227	1085.5220369410856	1081.7221503010817	1081.7232501910817	1084.2440411600012	
1083.6580411600012	0.30600000000004	WheelMovementIntervals													0.050280155812288285
1084.2440411600012	0.3350000000000364	WheelMovementIntervals													0.2610265771440936
1085.1910411600013	1.961999999999989	WheelMovementIntervals													-5.181818587565772
1086.6326925310866	6.589083543932929	trials	1.0	-1.0	0.0		0.0625	0.2	1090.6537570510907	1090.652981270231	1092.7217502310928	1087.5754982410876	1087.5764981410875	1090.4810411600013	
1090.4810411600013	1.668999999999869	WheelMovementIntervals													-0.5212230682598147
1093.833672361094	6.3742026746310785	trials	-1.0	1.0	1.5		0.0	0.2	1098.6373919410987	1098.6372728694962	1099.7077848910997	1095.7244499310957	1095.7253498410957	1098.3170411600013	
1094.1910411600013	0.8759999999999764	WheelMovementIntervals													1.2717743385962876
1096.2540411600012	0.10400000000004184	WheelMovementIntervals													-0.030860609587307408
1098.3170411600013	0.4459999999999127	WheelMovementIntervals													0.36656668457874275
1099.4730411600012	0.6020000000000891	WheelMovementIntervals													-0.30520835709455696
1100.8255731011009	4.012707712873407	trials	-1.0	1.0	1.5		0.125	0.2	1103.2681954811032	1103.2680765784817	1104.3382551311045	1101.4549434911014	1101.4559100611016	1103.0710411600012	
1103.0710411600012	0.6649999999999636	WheelMovementIntervals													0.5351456421806233
1104.0230411600012	2.0679999999999836	WheelMovementIntervals													0.37968995566336616
1105.4262796511055	7.1986189860108425	trials	-1.0	1.0	1.5		0.25	0.2	1111.058283061111	1111.058192940285	1112.1248097311122	1106.7090846911067	1106.7098512811067	1109.8730411600013	
1109.8730411600013	0.8299999999999272	WheelMovementIntervals													0.2310926260757924
1111.0070411600013	1.655999999999949	WheelMovementIntervals													-0.34364873554409314
1113.2410980911131	2.563591148300702	trials	-1.0	1.0	1.5		0.125	0.2	1114.2386983211143	1114.2385934796073	1115.3046583811154	1113.7380483911138	1113.7390482911137	1114.0480411600013	
1114.0480411600013	1.19399999999996	WheelMovementIntervals													0.5957242333724935
1116.3861835511163	4.018506731343905	trials	-1.0	1.0	1.5		0.0625	0.2	1118.834405371119	1118.8342864334847	1119.90463167112	1116.941528011117	1116.942327931117	1118.6710411600013	
1117.4900411600013	0.5639999999998508	WheelMovementIntervals													0.025228122743214954
1118.6710411600013	1.0059999999998581	WheelMovementIntervals													0.5739683896201768
1120.7080411600011	0.44000000000005457	WheelMovementIntervals													-0.11061105048020181
1120.998088981121	2.656510624047087	trials	1.0	1.0	1.5	0.125		0.2	1122.094379341122	1122.094292539816	1123.1545399811232	1121.6577896711217	1121.6589228911216	1122.0220411600012	
1122.0220411600012	0.6410000000000764	WheelMovementIntervals													-1.8109397411008104
1124.2262994611242	6.394701260829379	trials	-1.0	1.0	1.5		1.0	0.2	1129.060182691129	1129.0600989023799	1130.12094327113	1124.7413812811249	1124.7425478311247	1125.0180411600013	
1125.0180411600013	1.9859999999998763	WheelMovementIntervals													0.23962520616805705
1128.1240411600013	1.461999999999989	WheelMovementIntervals													-0.4219303960152274
1131.2336986511311	3.4372848992425133	trials	1.0	-1.0	0.0		0.0	0.2	1132.1114442011321	1132.1103942895027	1134.1709049011342	1131.7738446311319	1131.7747778711318	1132.0330411600012	
1132.0330411600012	1.372000000000071	WheelMovementIntervals													-4.604545384871699
1134.8930411600013	0.7870000000000346	WheelMovementIntervals													0.20638683095080523
1135.4426777111355	3.128199242983783	trials	1.0	1.0	1.5	0.0625		0.2	1137.0059880311371	1137.0058763334216	1138.0708815311382	1136.7737445911368	1136.7746778311368	1136.9150411600012	
1136.9150411600012	0.5979999999999563	WheelMovementIntervals													-2.105984043717399
1139.1415744511391	3.396003389676025	trials	1.0	-1.0	0.0		0.0625	0.2	1139.98095717114	1139.9800747942613	1142.0374848311421	1139.6238595511397	1139.6246261411397	1139.8770411600012	
1139.8770411600012	0.43800000000010186	WheelMovementIntervals													-0.9794503433832915
1142.2090411600013	0.54099999999994	WheelMovementIntervals													-0.13956899295385483
1143.1248760811432	3.479124627891906	trials	-1.0	1.0	1.5		0.125	0.2	1145.049483601145	1145.0493885979874	1146.1039448111462	1143.7076511311436	1143.7085843711436	1144.8540411600013	
1144.8540411600013	1.4990000000000236	WheelMovementIntervals													-2.0863950135607183
1147.1932025411472	3.7636014362526566	trials	1.0	-1.0	0.0		0.0625	0.2	1148.3878164011485	1148.3869023623438	1150.4567761511505	1147.7575461011477	1147.7585126711479	1148.2400411600013	
1148.2400411600013	0.9069999999999254	WheelMovementIntervals													-2.1361794100586167
1150.3680411600012	0.6420000000000528	WheelMovementIntervals													-1.557010354592535
1151.5326018911514	2.4247026368054776	trials	1.0	1.0	1.5	0.125		0.2	1152.3904827611525	1152.3904017626623	1153.4572427411536	1152.103778101152	1152.1047780011522	1152.3110411600012	
1152.3110411600012	1.7350000000001273	WheelMovementIntervals													-4.632298554149543
1154.5368014411545	3.183693604485825	trials	1.0	-1.0	0.0		0.125	0.2	1155.160372411155	1155.159599798813	1157.2204330511572	1155.003821401155	1155.004721311155	1155.0050411600014	
1155.0050411600014	0.9919999999999618	WheelMovementIntervals													-1.6526952253041145
1158.3023915111582	5.684705959203029	trials	-1.0	1.0	1.5		0.125	0.2	1162.4205796511624	1162.4204943792756	1163.4870063311635	1158.8402710511589	1158.841304281159	1160.4960411600014	
1160.1560411600012	0.05600000000004002	WheelMovementIntervals													0.012312515480516595
1160.4960411600014	0.5709999999999127	WheelMovementIntervals													0.16318045071318465
1162.2680411600013	0.7580000000000382	WheelMovementIntervals													0.4766921431303217
1163.4730411600012	0.20600000000013097	WheelMovementIntervals													-0.04649338944943793
1164.5912958911647	2.48209717243094	trials	-1.0	1.0	1.5		0.125	0.2	1165.5126037511654	1165.512494099475	1166.5733643311667	1165.106611021165	1165.1075442611652	1165.3480411600012	
1165.3480411600012	0.6020000000000891	WheelMovementIntervals													0.5273169067050958
1167.6504899411677	2.6530103160316685	trials	-1.0	1.0	1.5		0.125	0.2	1168.7399809811689	1168.739893355973	1169.80347462117	1168.120076311168	1168.121176201168	1168.4560411600012	
1168.4560411600012	0.42200000000002547	WheelMovementIntervals													0.3779334990113057
1170.882200071171	3.7046048605006945	trials	1.0	1.0	1.5	1.0		0.2	1173.027185551173	1173.027101727351	1174.086712921174	1172.7898092911728	1172.7907425311728	1172.9310411600013	
1171.3430411600013	0.8049999999998363	WheelMovementIntervals													0.617332220562389
1172.9310411600013	0.7459999999998672	WheelMovementIntervals													-1.6368220298110145
1174.1740411600013	0.37799999999992906	WheelMovementIntervals													-0.1482571722913235
1175.1819033911752	3.088101646644418	trials	-1.0	1.0	1.5		0.25	0.2	1176.7063842611767	1176.706303216746	1177.7699112311777	1175.824139161176	1175.825372371176	1176.1040411600013	
1176.1040411600013	0.8969999999999345	WheelMovementIntervals													0.29813295451947397
1177.1550411600012	0.36599999999998545	WheelMovementIntervals													0.0948295903460803
1178.5490411600013	0.8510000000001128	WheelMovementIntervals													-0.43905222047681036
1178.852402971179	4.470597354188612	trials	1.0	-1.0	0.0		0.25	0.2	1180.7516130311808	1180.750700998482	1182.8229058811828	1179.83950425118	1179.84063747118	1180.6410411600014	
1180.6410411600014	0.8229999999998654	WheelMovementIntervals													-2.008951770587146
1183.9043977211838	5.118796114990346	trials	-1.0	1.0	1.5		0.125	0.2	1187.4615086411875	1187.4613936317544	1188.5231358011886	1185.6697878311857	1185.6708543911857	1187.2880411600013	
1184.2190411600013	0.7699999999999818	WheelMovementIntervals													-1.4391220963281057
1187.2880411600013	0.8320000000001073	WheelMovementIntervals													0.527171563067327
1188.8200411600012	0.20700000000010732	WheelMovementIntervals													-0.05507194713345598
1189.6363911311896	4.1500073899449035	trials	-1.0	1.0	1.5		0.25	0.2	1192.2284985611923	1192.2283944976307	1193.2862927711933	1190.3529861311904	1190.3537860511904	1190.5660411600013	
1190.5660411600013	0.8659999999999854	WheelMovementIntervals													0.23932809317477677
1192.0660411600013	1.2229999999999563	WheelMovementIntervals													-1.027151859928722
1194.5717975411947	2.331210056096097	trials	1.0	1.0	1.5	0.25		0.8	1195.3340879711955	1195.334000175182	1196.4029144111964	1195.1393741111951	1195.1403740111953	1195.2530411600012	
1195.2530411600012	0.9780000000000655	WheelMovementIntervals													-3.6427067573141585
1197.4713075611976	8.414895127634281	trials	-1.0	1.0	1.5		0.0625	0.8	1204.3202892612044	1204.32020196777	1205.3861493312054	1200.0896457012002	1200.0906122712001	1202.7200411600013	
1197.8990411600014	1.574999999999818	WheelMovementIntervals													-5.066243502054363
1202.7200411600013	0.26700000000005275	WheelMovementIntervals													0.12452790065015051
1204.0430411600014	0.9529999999999745	WheelMovementIntervals													0.33784380904683076
1205.2750411600014	1.1079999999999472	WheelMovementIntervals													-0.10518536487268193
1206.5445001512066	4.508093281092442	trials	1.0	1.0	1.5	0.0		0.8	1209.4996046112094	1209.4994944360803	1210.5525326412105	1208.5722973512086	1208.5731306012085	1209.2930411600014	
1207.1230411600013	0.8820000000000618	WheelMovementIntervals													0.35634331056087376
1209.2930411600014	0.48299999999994725	WheelMovementIntervals													-1.1053572615257963
1211.6425902912117	3.79589782382709	trials	1.0	-1.0	0.0		0.125	0.8	1212.8803998312128	1212.8793889305098	1214.938427341215	1212.1222089912121	1212.1230755712122	1212.7850411600014	
1212.7850411600014	0.8589999999999236	WheelMovementIntervals													-1.748065954875642
1215.0160411600014	0.7490000000000236	WheelMovementIntervals													-0.4046398502064221
1216.0236854712161	5.698905676268623	trials	-1.0	1.0	1.5		0.0625	0.8	1220.1569054412203	1220.1567874121663	1221.2225322012212	1216.6858525812167	1216.6866858312167	1217.2120411600013	
1217.2120411600013	1.3010000000001583	WheelMovementIntervals													0.1138113061997501
1219.4460411600014	2.1299999999998818	WheelMovementIntervals													-0.3367775690833241
1222.3267884312224	7.125325481115851	trials	-1.0	-1.0	0.0	0.0625		0.8	1226.9004976812269	1226.8994035000223	1228.952092501229	1222.868967541223	1222.869900781223	1226.6310411600014	
1224.1130411600013	0.6210000000000946	WheelMovementIntervals													0.07708644884769456
1226.6310411600014	0.6359999999999673	WheelMovementIntervals													0.4032337293194814
1229.4020411600013	1.4760000000001128	WheelMovementIntervals													-0.34868261873384654
1230.07081395123	3.2860846953449254	trials	1.0	1.0	1.5	1.0		0.8	1231.7936083212319	1231.79350487947	1232.856801991233	1231.4552088312314	1231.4560754112315	1231.5700411600014	
1231.5700411600014	1.2409999999999854	WheelMovementIntervals													-3.4456440030814974
1233.940893571234	2.4143008465587172	trials	1.0	1.0	1.5	0.25		0.8	1234.7935083012349	1234.793393163949	1235.855102131236	1234.5352008012346	1234.5364340112346	1234.7140411600014	
1234.7140411600014	2.6989999999998417	WheelMovementIntervals													-6.5309145487158276
1236.954992131237	8.396900360988866	trials	-1.0	1.0	1.5		0.125	0.8	1243.7853090312437	1243.7851907980344	1244.851835701245	1237.951959091238	1237.952992321238	1243.3630411600013	
1243.3630411600013	1.0270000000000437	WheelMovementIntervals													0.7262825628422434
1245.971690371246	6.213317709147077	trials	-1.0	-1.0	0.0	0.0		0.8	1249.6187922912495	1249.6179995902191	1251.6849523212518	1246.5062035812466	1246.5071701512466	1249.4770411600014	
1247.5620411600014	0.08699999999998909	WheelMovementIntervals													0.030587032878088394
1249.4770411600014	0.7950000000000728	WheelMovementIntervals													0.8846698032416498
1250.8890411600014	0.6559999999999491	WheelMovementIntervals													0.17457300774378837
1252.4740411600014	0.5979999999999563	WheelMovementIntervals													-1.2000240761777832
1252.7984076312528	4.189991819378747	trials	-1.0	-1.0	0.0	0.0625		0.8	1254.4273780512544	1254.4265036753907	1256.4883386012566	1253.5710970212535	1253.5720635912535	1254.2040411600015	
1254.2040411600015	1.7010000000000218	WheelMovementIntervals													0.9322748017365257
1257.5807960112577	6.320707529459241	trials	-1.0	-1.0	0.0	0.0		0.8	1261.3455861612613	1261.3447993040697	1263.4014472212634	1258.3181556012582	1258.3189888512584	1261.0100411600013	
1261.0100411600013	0.9940000000001419	WheelMovementIntervals													1.2955084500302974
1263.4820411600015	1.4609999999997854	WheelMovementIntervals													0.38142286841264195
1264.5194020812646	2.9687121652943915	trials	1.0	1.0	1.5	0.25		0.8	1265.917295611266	1265.9172063967007	1266.988055191267	1265.4221784612655	1265.4231783612654	1265.6760411600014	
1265.6760411600014	0.6459999999999582	WheelMovementIntervals													-1.667309609232916
1268.075913061268	2.6121968448967436	trials	1.0	1.0	1.5	0.0625		0.8	1269.119608681269	1269.1195110017543	1270.1880684912703	1268.801273851269	1268.8021404312688	1269.0240411600014	
1269.0240411600014	1.2080000000000837	WheelMovementIntervals													-2.5765859103910316
1271.4760063512715	3.691904919928902	trials	1.0	1.0	1.5	0.25		0.8	1273.6056933612736	1273.6056080355743	1274.6678204712746	1273.3678838112735	1273.3687170612734	1273.4810411600013	
1271.6110411600014	1.1140000000000327	WheelMovementIntervals													-2.2678274582341373
1273.4810411600013	0.609000000000151	WheelMovementIntervals													-2.310785007813479
1275.7749097512758	4.746098492880492	trials	1.0	1.0	1.5	1.0		0.8	1278.960591151279	1278.9605073972853	1280.02088511128	1278.6877517712787	1278.6886183512786	1278.8410411600014	
1276.1050411600013	2.2170000000000982	WheelMovementIntervals													-4.10911657079896
1278.8410411600014	0.6469999999999345	WheelMovementIntervals													-1.7181458445039652
1279.7650411600014	0.1449999999999818	WheelMovementIntervals													0.010259785649736841
1281.1474057812811	5.439897566207037	trials	1.0	-1.0	0.0		0.0625	0.8	1284.030884071284	1284.0298034319806	1286.0872784112862	1282.834237081283	1282.8352369812828	1283.1830411600015	
1281.6600411600014	0.42800000000011096	WheelMovementIntervals													0.02308064288138212
1283.1830411600015	3.186999999999898	WheelMovementIntervals													-8.649403923805494
1286.7710411600015	0.17799999999988358	WheelMovementIntervals													-0.015362399280775207
1287.1850411600014	0.5289999999999964	WheelMovementIntervals													-0.05144976804263024
1287.1961008512872	6.354705003696381	trials	1.0	1.0	1.5	0.125		0.8	1291.997720641292	1291.9976023652443	1293.050715331293	1291.900630351292	1291.901763571292	1291.8110411600014	
1287.9430411600015	1.890999999999849	WheelMovementIntervals													-0.2663749533163582
1290.0600411600014	0.07600000000002183	WheelMovementIntervals													-0.007293713269859836
1290.4120411600013	0.7860000000000582	WheelMovementIntervals													-0.08114555933047995
1291.8110411600014	3.4039999999999964	WheelMovementIntervals													-9.97703199265311
1294.1734030512941	7.330205276856759	trials	1.0	-1.0	0.0		0.0625	0.8	1298.936293381299	1298.9355051801194	1301.003519971301	1295.953858321296	1295.954691571296	1298.7530411600014	
1298.7530411600014	0.7919999999999163	WheelMovementIntervals													-0.8629955234529234
1301.5420411600014	0.7019999999999982	WheelMovementIntervals													-0.7280399548820924
1302.1370066113022	2.849493297335357	trials	1.0	1.0	1.5	0.0625		0.8	1303.4212115113035	1303.4211026895323	1304.4864716413044	1302.7504785913027	1302.7515784813027	1303.0340411600014	
1303.0340411600014	6.57100000000014	WheelMovementIntervals													-15.536975665948944
1305.5749961113056	6.592007548188803	trials	1.0	1.0	1.5	0.25		0.8	1310.6002268713107	1310.600100340704	1311.6669535213116	1310.3003568613103	1310.3014567513103	1310.4850411600014	
1310.4850411600014	0.5760000000000218	WheelMovementIntervals													-1.3323395167227545
1312.8464022313128	12.023599782684414	trials	-1.0	1.0	1.5		0.25	0.8	1323.3164217913234	1323.316300300521	1324.3699830913245	1313.5038031513136	1313.5047363913136	1317.6650411600015	
1317.6650411600015	0.6489999999998872	WheelMovementIntervals													0.1866517754550614
1320.5910411600014	0.1150000000000091	WheelMovementIntervals													0.021537266465543325
1321.0870411600015	0.09699999999997999	WheelMovementIntervals													0.004446685844527565
1321.4380411600014	0.055000000000063665	WheelMovementIntervals													-0.007381898505741447
1323.2340411600014	0.6679999999998927	WheelMovementIntervals													0.4092313332193953
1325.5351998913256	2.3648077445657236	trials	1.0	1.0	1.5	0.125		0.8	1326.3383195713263	1326.3382015024056	1327.3999467313274	1326.033416731326	1326.034516621326	1326.0990411600014	
1326.0990411600014	0.6210000000000946	WheelMovementIntervals													-1.1532687183313328
1328.4759057913284	2.3741055342070467	trials	1.0	1.0	1.5	0.25		0.8	1329.2866247113293	1329.2865069980282	1330.3499850313303	1329.1029430813292	1329.103776331329	1329.1340411600015	
1329.1340411600015	1.2429999999999382	WheelMovementIntervals													-1.8909639043566813
1331.4316101913314	2.2181915896678674	trials	1.0	1.0	1.5	0.25		0.8	1332.0898110313321	1332.0897071027762	1333.1497383613332	1332.019118101332	1332.0200846713321	1331.9540411600015	
1331.9540411600015	1.2850000000000819	WheelMovementIntervals													-3.139966777895893
1334.1430411600015	0.44099999999980355	WheelMovementIntervals													-1.3094917825094399
1334.2292970613341	6.356505214530216	trials	1.0	-1.0	0.0		0.125	0.8	1338.022984321338	1338.0220983827005	1340.08574469134	1335.1358397313352	1335.136706311335	1337.8950411600015	
1337.8950411600015	0.4249999999999545	WheelMovementIntervals													-0.46752483787440724
1339.4960411600014	0.8240000000000691	WheelMovementIntervals													-1.6101597605347706
1341.2042994913413	2.528721018626584	trials	1.0	1.0	1.5	1.0		0.8	1342.1694029713422	1342.1693063675837	1343.2329299413432	1341.6996832813418	1341.7005831913418	1342.0260411600013	
1342.0260411600013	1.29300000000012	WheelMovementIntervals													-2.815613611006029
1344.3156216613443	2.353391586080079	trials	1.0	1.0	1.5	0.125		0.8	1345.1014097413452	1345.1013178507274	1346.1690029713461	1344.8208378013449	1344.821871031345	1344.9960411600014	
1344.9960411600014	0.6660000000001673	WheelMovementIntervals													-1.916658802491611
1347.4682063713474	3.4016019744910864	trials	1.0	1.0	1.5	0.25		0.8	1349.3106221113494	1349.3105063575317	1350.3697495213503	1349.082811561349	1349.0838114613491	1349.2260411600014	
1347.8110411600014	0.59699999999998	WheelMovementIntervals													-1.6588079399315347
1349.2260411600014	0.8320000000001073	WheelMovementIntervals													-4.076552695392479
1351.4681063413516	2.3481075447441526	trials	1.0	1.0	1.5	0.125		0.8	1352.2622269213523	1352.2621082162816	1353.3161215213534	1351.949258221352	1351.950091471352	1352.1530411600015	
1352.1530411600015	1.02800000000002	WheelMovementIntervals													-1.771663295395797
1354.3986132613545	3.4174013433516848	trials	1.0	-1.0	0.0		0.0	0.8	1355.2543610113553	1355.2533130971253	1357.3159215013573	1354.8697328113549	1354.8706993813548	1355.1360411600015	
1355.1360411600015	0.7029999999999745	WheelMovementIntervals													-1.3253069506675956
1356.6750411600015	0.9639999999999418	WheelMovementIntervals													-2.194868868696517
1358.4059124913583	2.293311822175383	trials	1.0	1.0	1.5	1.0		0.8	1359.144505291359	1359.1444156543419	1360.1991998113601	1358.936226121359	1358.937292681359	1359.0620411600014	
1359.0620411600014	0.5119999999999436	WheelMovementIntervals													-2.024478949860054
1361.2824248113614	2.350207418427999	trials	1.0	1.0	1.5	0.25		0.8	1362.086011111362	1362.0859266638433	1363.132506451363	1361.8525344613618	1361.8535676913618	1361.9970411600013	
1361.9970411600013	1.5540000000000873	WheelMovementIntervals													-4.015569686402159
1364.2145315713642	3.7049043837673707	trials	1.0	1.0	1.5	0.0		0.8	1366.3535176513665	1366.3534329475517	1367.4193777213675	1365.6527544013657	1365.6538542913656	1366.2130411600015	
1364.3860411600015	0.7429999999999382	WheelMovementIntervals													-1.4382269907061982
1366.2130411600015	1.655999999999949	WheelMovementIntervals													-4.285420972847874
1368.5197343413686	2.6150867230546737	trials	1.0	1.0	1.5	0.125		0.8	1369.5797283313696	1369.5796277443303	1370.6347228213706	1369.065613081369	1369.066446331369	1369.4050411600015	
1369.4050411600015	1.1610000000000582	WheelMovementIntervals													-0.8926153553558152
1371.7185144313717	3.1970922521222747	trials	1.0	-1.0	0.0		0.125	0.8	1372.3527510013723	1372.351812500457	1374.4155780313745	1372.1822680513721	1372.183067971372	1372.2230411600015	
1372.2230411600015	0.7309999999999945	WheelMovementIntervals													-0.957234877514793
1375.5001029013756	3.298810815438628	trials	1.0	1.0	1.5	0.0625		0.8	1377.2355293413773	1377.2354075386443	1378.2988230013784	1376.8522010113768	1376.8530009313768	1377.0920411600014	
1375.5390411600015	0.6479999999999109	WheelMovementIntervals													-0.9354544940994174
1377.0920411600014	0.22400000000016007	WheelMovementIntervals													-0.3759710623646697
1379.3956133113795	3.289911992517773	trials	1.0	-1.0	0.0		0.0625	0.8	1380.1276067713802	1380.1267155319713	1382.1854343013822	1379.96982255138	1379.97095577138	1380.0220411600014	
1380.0220411600014	0.7080000000000837	WheelMovementIntervals													-0.9386904106603424
1381.6080411600014	0.5099999999999909	WheelMovementIntervals													-0.16068954896820742
1383.2773251013832	3.688005644597297	trials	1.0	1.0	1.5	1.0		0.8	1385.4072120913854	1385.4071272061171	1386.4653062713865	1385.1987662713852	1385.1998661613852	1385.2210411600015	
1383.6790411600016	0.7389999999998054	WheelMovementIntervals													-1.148447374685361
1385.2210411600015	1.0199999999999818	WheelMovementIntervals													-4.285244687575073
1387.5678293413876	2.3840054002209854	trials	1.0	1.0	1.5	0.25		0.8	1388.3896138213884	1388.3895301686773	1389.4517409313894	1388.2017659413882	1388.2027991713883	1388.2900411600015	
1388.2900411600015	4.002999999999929	WheelMovementIntervals													-9.033378440094793
1390.5376323313906	4.381102087652835	trials	1.0	1.0	1.5	1.0		0.8	1393.3593168013933	1393.3592323878424	1394.4186108613944	1392.9316595713929	1392.9327261313929	1393.1030411600016	
1393.1030411600016	1.2369999999998527	WheelMovementIntervals													-2.0300872246909876
1395.5361324313956	2.8824899270864535	trials	1.0	1.0	1.5	1.0		0.8	1396.8613332313969	1396.8612268814193	1397.9185275013979	1396.5817278613965	1396.5826611013965	1396.7760411600016	
1395.6860411600014	0.4420000000000073	WheelMovementIntervals													-1.2660527198897853
1396.7760411600016	1.17899999999986	WheelMovementIntervals													-2.07214746734428
1398.9480411600016	0.6719999999997981	WheelMovementIntervals													-0.34621802213848696
1399.014817861399	5.203318278771803	trials	1.0	-1.0	0.0		0.125	0.8	1401.6548871614016	1401.653926117946	1403.7180474914037	1400.1983661614001	1400.1993327314003	1401.5140411600014	
1401.5140411600014	0.9039999999999964	WheelMovementIntervals													-1.9960361001641331
1404.832236061405	3.8033779635425162	trials	1.0	1.0	1.5	0.25		0.8	1407.080611201407	1407.0805218527655	1408.135572361408	1406.8315361114069	1406.8324693514069	1406.9930411600014	
1405.2110411600015	0.875	WheelMovementIntervals													-0.7787051272886174
1406.9930411600014	0.6000000000001364	WheelMovementIntervals													-2.3463238162916014
1409.4574068314096	3.1074281540331867	trials	1.0	1.0	1.5	0.25		0.8	1411.003018921411	1411.0029198394009	1412.0647794014121	1410.7480444214107	1410.7491443114109	1410.9230411600015	
1409.6470411600014	0.4650000000001455	WheelMovementIntervals													-0.4703872436880374
1410.9230411600015	0.9500000000000455	WheelMovementIntervals													-4.627898904662743
1413.1465378814132	3.2515871622838404	trials	1.0	1.0	1.5	1.0		0.8	1414.8437348114148	1414.8436301372035	1415.898029371416	1414.6521206414147	1414.6530538814147	1414.7650411600016	
1413.4330411600015	0.46100000000001273	WheelMovementIntervals													-0.25339423767104563
1414.7650411600016	1.2999999999999545	WheelMovementIntervals													-3.8590575762042363
1416.988120351417	3.442998422061919	trials	1.0	1.0	1.5	0.0625		0.8	1418.872031941419	1418.8719183937883	1419.93105936142	1418.6013923414187	1418.6022922514187	1418.6290411600014	
1417.2350411600014	0.8380000000001928	WheelMovementIntervals													-1.8327981973502574
1418.6290411600014	0.52800000000002	WheelMovementIntervals													-1.0297860427996284
1421.029716151421	2.354906994568637	trials	1.0	1.0	1.5	1.0		0.8	1421.8325358614218	1421.832417853887	1422.8845973114228	1421.6851506014218	1421.6862504914218	1421.7290411600015	
1421.7290411600015	1.4579999999998563	WheelMovementIntervals													-3.8805458845411067
1423.967122381424	3.2305167462948248	trials	1.0	1.0	1.5	0.125		0.8	1425.6392218214257	1425.6391300136138	1426.6975493114267	1425.5645626214255	1425.5654958614257	1425.4560411600014	
1423.9830411600014	0.94399999999996	WheelMovementIntervals													-1.808544056535311
1425.4560411600014	0.6840000000001965	WheelMovementIntervals													-1.960066979625708
1426.5040411600014	0.13500000000021828	WheelMovementIntervals													0.03807670991920986
1427.7921398414278	2.922287176671489	trials	1.0	1.0	1.5	1.0		0.8	1429.162436131429	1429.1623328911112	1430.2143975914303	1428.934725571429	1428.935792131429	1429.0710411600014	
1427.8990411600016	0.5279999999997926	WheelMovementIntervals													-1.0598912607614466
1429.0710411600014	1.397000000000162	WheelMovementIntervals													-3.7745342653740863
1431.3032220314312	2.3312076841134513	trials	1.0	1.0	1.5	1.0		0.8	1432.0755114614321	1432.075423914268	1433.1343722314332	1431.884563891432	1431.885397141432	1431.9590411600016	
1431.9590411600016	1.4329999999999927	WheelMovementIntervals													-3.667635177137754
1434.2315291714342	2.16879531900463	trials	1.0	1.0	1.5	0.125		0.8	1434.8478342014348	1434.847726989111	1435.900295611436	1434.7476108914348	1434.7486774514348	1434.7400411600015	
1434.7400411600015	1.1980000000000928	WheelMovementIntervals													-2.329827778656636
1436.8610411600016	0.8269999999999982	WheelMovementIntervals													-0.9927546182037759
1436.995819381437	3.7224024128297515	trials	1.0	1.0	1.5	0.25		0.8	1439.1632359514392	1439.1631196217998	1440.2181637814401	1438.897329211439	1438.898295781439	1439.0770411600015	
1437.9160411600014	0.4049999999999727	WheelMovementIntervals													-0.7275180481326515
1439.0770411600015	1.1480000000001382	WheelMovementIntervals													-2.928539201929425
1441.3239198614413	4.826522004714207	trials	1.0	1.0	1.5	1.0		0.8	1444.5840271514446	1444.5839333733736	1445.6503871714456	1444.4139108314444	1444.4148774014445	1444.4660411600016	
1441.8550411600015	1.8820000000000618	WheelMovementIntervals													-2.2821461041253315
1444.4660411600016	0.5399999999999636	WheelMovementIntervals													-1.513546252572496
1446.7645424114469	3.3325791172539994	trials	1.0	1.0	1.5	0.0625		0.8	1448.5471308014485	1448.547030172213	1449.5970924614496	1448.2473274514482	1448.2484606714484	1448.4640411600014	
1447.0580411600015	0.7850000000000819	WheelMovementIntervals													-1.2622298223931239
1448.4640411600014	1.2230000000001837	WheelMovementIntervals													-3.9498366481003586
1450.7011153814508	2.38280490252464	trials	1.0	1.0	1.5	0.0625		0.8	1451.5248330014515	1451.5247163846896	1452.5838937514527	1451.2335621314512	1451.2344287114513	1451.4270411600016	
1451.4270411600016	0.4459999999999127	WheelMovementIntervals													-1.1204732572495004
1452.3540411600015	0.11200000000008004	WheelMovementIntervals													0.03142833188917393
1453.6647189914536	5.865615687010859	trials	1.0	1.0	1.5	0.125		0.8	1457.970121741458	1457.9700290375984	1459.030315711459	1457.6803173914577	1457.6813172914576	1457.8760411600015	
1454.0670411600015	0.8569999999999709	WheelMovementIntervals													-1.6441286408977476
1455.3760411600015	1.1030000000000655	WheelMovementIntervals													-3.6541433173724727
1456.8060411600015	0.3889999999998963	WheelMovementIntervals													-0.8644554966788291
1457.8760411600015	0.3269999999999982	WheelMovementIntervals													-0.7818785288900472
1460.17873419146	6.254710826677183	trials	1.0	1.0	1.5	0.25		0.8	1464.878130871465	1464.8780408231435	1465.9333586714658	1464.783473671465	1464.7845402314647	1464.7520411600015	
1460.6450411600015	0.83400000000006	WheelMovementIntervals													-1.8219943646982983
1461.9290411600016	0.9539999999999509	WheelMovementIntervals													-2.418290485994021
1463.3560411600015	0.7650000000001	WheelMovementIntervals													-1.0160892719599133
1464.7520411600015	0.5950000000000273	WheelMovementIntervals													-1.5796578188159174
1466.1060411600015	0.21500000000014552	WheelMovementIntervals													0.031063058742006433
1467.0806439314672	2.216192007528889	trials	1.0	1.0	1.5	0.0625		0.8	1467.7406445914678	1467.7405409560924	1468.7968056314687	1467.6301223114676	1467.6311555414677	1467.6100411600016	
1467.6100411600016	1.6609999999998308	WheelMovementIntervals													-3.3363799646056123
1469.87293134147	5.873795887366214	trials	1.0	-1.0	0.0		1.0	0.8	1473.1900662614732	1473.1892278903274	1475.2466272514753	1472.3834469314725	1472.3844135014724	1473.0720411600016	
1470.0550411600016	0.9839999999999236	WheelMovementIntervals													-1.4278960093826072
1471.4540411600015	0.45400000000017826	WheelMovementIntervals													-1.0867053331579655
1473.0720411600016	0.6849999999999454	WheelMovementIntervals													-1.3644460641462501
1474.1550411600015	2.07100000000014	WheelMovementIntervals													-2.8702825802110965
1476.6090243314766	2.6073152098358605	trials	1.0	1.0	1.5	0.125		0.8	1477.6574194814777	1477.6573292405994	1478.7162469214788	1477.2160636214771	1477.2169968614771	1477.4450411600017	
1477.4450411600017	1.1989999999998417	WheelMovementIntervals													-1.351120592760708
1479.7929392414799	3.770200371219744	trials	1.0	-1.0	0.0		0.125	0.8	1481.012583931481	1481.0115387150274	1483.063045531483	1480.3798805414804	1480.3809471014804	1480.7950411600016	
1480.7950411600016	0.3989999999998872	WheelMovementIntervals													-0.6925245557652033
1484.1446373614842	2.588088583789613	trials	1.0	1.0	1.5	0.125		0.8	1485.1816336514853	1485.1815319863992	1486.2326285414863	1484.7499101614849	1484.7508767314848	1485.0740411600016	
1485.0740411600016	0.36200000000008004	WheelMovementIntervals													-0.7646368758529434
1486.1500411600016	0.12400000000002365	WheelMovementIntervals													0.029080298224471335
1487.3083209614874	3.7246035190867133	trials	1.0	1.0	1.5	1.0		0.8	1489.4791371914896	1489.4790218468117	1490.5328318114905	1489.2130304714892	1489.2141303614892	1489.3640411600015	
1487.6650411600015	1.0600000000001728	WheelMovementIntervals													-2.701336561524954
1489.3640411600015	1.07100000000014	WheelMovementIntervals													-1.9267388430538404
1491.6236227214915	2.3099112002150832	trials	1.0	1.0	1.5	0.125		0.8	1492.3716479114923	1492.371525700337	1493.4334750514934	1492.2796904414922	1492.2807570014922	1492.1940411600015	
1492.1940411600015	1.36200000000008	WheelMovementIntervals													-2.5521605889326793
1494.5084342114944	3.554489597586098	trials	1.0	-1.0	0.0		0.25	0.8	1495.5137003414955	1495.512730707278	1497.5628620714976	1495.146237091495	1495.1473703114953	1495.3380411600015	
1495.3380411600015	0.9820000000001983	WheelMovementIntervals													-1.861951598047881
1497.2550411600016	0.8399999999999181	WheelMovementIntervals													-1.4024659963073418
1498.5140411600016	0.08999999999991815	WheelMovementIntervals													-0.004980707674803853
1498.6526197514986	3.62691337858746	trials	1.0	-1.0	0.0		0.25	0.8	1499.7186131414996	1499.7176230926962	1501.779507031502	1499.6163233714997	1499.6172899414996	1499.4900411600015	
1499.4900411600015	1.5750000000000455	WheelMovementIntervals													-1.3290384397728303
1502.853732931503	2.529293021675585	trials	1.0	1.0	1.5	1.0		0.8	1503.8321350815038	1503.8320294588077	1504.8829299915049	1503.5164999815036	1503.5175665415036	1503.7100411600015	
1503.7100411600015	0.2400000000000091	WheelMovementIntervals													-0.4583270925114675
1505.963821891506	10.185119299766257	trials	1.0	1.0	1.5	0.0		0.8	1514.5925256015146	1514.5924365474973	1515.6488866215157	1506.7959386715067	1506.7968385815068	1514.4710411600015	
1506.1610411600016	0.10300000000006548	WheelMovementIntervals													-0.1094150393793143
1514.4710411600015	1.1510000000000673	WheelMovementIntervals													-1.3266409210502843
1515.8600411600016	1.2049999999999272	WheelMovementIntervals													-0.11211993224969774
1516.7790402615167	7.270311390307825	trials	1.0	-1.0	0.0		0.0	0.8	1521.4852695915215	1521.484446339002	1523.5492965015235	1517.7457102515177	1517.7466434915177	1521.3440411600016	
1517.6190411600016	0.32999999999992724	WheelMovementIntervals													0.031228537678089197
1521.3440411600016	1.2170000000000982	WheelMovementIntervals													-2.2562662789100614
1523.0100411600015	0.762000000000171	WheelMovementIntervals													-1.443462457511714
1524.6762504615247	2.7360038512215397	trials	1.0	1.0	1.5	0.0625		0.8	1525.864331641526	1525.864251265344	1526.912193511527	1525.1955651915252	1525.1965317615252	1525.6330411600015	
1525.6330411600015	0.6820000000000164	WheelMovementIntervals													-2.002352911197022
1527.986852701528	3.578187468841861	trials	1.0	1.0	1.5	1.0		0.8	1530.01584978153	1530.01574446212	1531.064978191531	1529.6823831315296	1529.6834496915296	1529.8450411600015	
1528.1880411600016	0.6110000000001037	WheelMovementIntervals													-1.1068556597521138
1529.0630411600016	0.05400000000008731	WheelMovementIntervals													-0.00443093617593604
1529.8450411600015	1.1449999999999818	WheelMovementIntervals													-1.9808402367239069
1532.1557357715321	2.292912478962535	trials	1.0	1.0	1.5	0.25		0.8	1532.895128491533	1532.8950391502622	1533.948556471534	1532.6787168015328	1532.6797500315326	1532.7990411600017	
1532.7990411600017	1.2590000000000146	WheelMovementIntervals													-3.0896046539849067
1535.024348881535	4.924183805694838	trials	1.0	1.0	1.5	1.0		0.8	1538.3930453115383	1538.3929364349829	1539.4485397515396	1538.1620017515381	1538.162968321538	1538.2930411600016	
1535.3920411600016	0.9120000000000346	WheelMovementIntervals													-1.038217829151904
1536.6870411600016	0.7300000000000182	WheelMovementIntervals													-1.3673531468509736
1538.2930411600016	1.2899999999999636	WheelMovementIntervals													-2.986658029170144
1540.5617284215405	3.3532070637206743	trials	1.0	-1.0	0.0		0.125	0.8	1541.3659146615414	1541.365029634616	1543.4148430815435	1541.1118067415412	1541.1126066615411	1541.2130411600017	
1541.2130411600017	0.2339999999999236	WheelMovementIntervals													-0.3978233857965279
1544.5018343715444	2.6933061185529823	trials	1.0	1.0	1.5	1.0		0.8	1545.6369541815457	1545.6368361071675	1546.6950483615467	1545.4117767015455	1545.4128765915455	1545.5620411600016	
1544.5630411600016	0.21600000000012187	WheelMovementIntervals													-0.29228941204212333
1545.5620411600016	3.0860000000000127	WheelMovementIntervals													-7.2001269737822895
1547.784639391548	11.776800402201388	trials	-1.0	1.0	1.5		0.25	0.8	1558.006850401558	1558.006737136695	1559.061444931559	1549.1815663515492	1549.1824662615493	1557.3060411600015	
1557.3060411600015	1.2450000000001182	WheelMovementIntervals													0.5147482480289227
1560.4780365915606	2.436501029187866	trials	1.0	1.0	1.5	0.125		0.8	1561.3574486415614	1561.3573362412078	1562.4144762615624	1560.931491241561	1560.9326244615609	1561.2190411600016	
1561.2190411600016	1.19600000000014	WheelMovementIntervals													-2.8144457168849613
1563.4897353915635	4.374904632199332	trials	-1.0	1.0	1.5		0.25	0.8	1566.3084534915663	1566.3083370873997	1567.3646145315674	1565.0614115415651	1565.062244791565	1566.0860411600017	
1563.9150411600017	0.2079999999998563	WheelMovementIntervals													-0.10687244087421277
1566.0860411600017	1.5329999999999018	WheelMovementIntervals													0.5091746742489249
1567.9870411600016	0.29899999999997817	WheelMovementIntervals													-0.025236337149863175
1568.4593383815684	10.338503524988255	trials	-1.0	1.0	1.5		0.0625	0.8	1577.2496592615773	1577.2495396781733	1578.2978211015784	1569.044613181569	1569.0454797615691	1573.0450411600016	
1570.6220411600016	0.2560000000000855	WheelMovementIntervals													0.09849818960742596
1573.0450411600016	0.5869999999999891	WheelMovementIntervals													0.12914915825047046
1576.9000411600016	1.272000000000162	WheelMovementIntervals													-0.5495491380519297
1578.5340411600016	0.06500000000005457	WheelMovementIntervals													-0.006591736100290291
1579.4420400015795	2.402203896774836	trials	1.0	1.0	1.5	1.0		0.8	1580.2987543215804	1580.2986406779496	1581.3441497715814	1580.01091644158	1580.0119830015801	1580.1590411600016	
1580.1590411600016	1.0879999999999654	WheelMovementIntervals													-0.9841601818172876
1582.4182423515824	2.4757973196635703	trials	1.0	1.0	1.5	0.25		0.8	1583.3363505315833	1583.3362406161655	1584.3940447515845	1583.1634011615831	1583.1642677415832	1583.0660411600018	
1583.0660411600018	3.0019999999999527	WheelMovementIntervals													-4.964064629083055
1585.4757365715855	3.072302722363929	trials	1.0	1.0	1.5	0.0625		0.8	1586.988151981587	1586.9880369271598	1588.0479793215882	1586.6819826015867	1586.6828825115867	1586.8300411600017	
1586.8300411600017	0.8330000000000837	WheelMovementIntervals													-1.3293407741959982
1589.133437431589	2.6772086598728038	trials	1.0	1.0	1.5	0.0625		0.8	1590.2508590115904	1590.2507402110118	1591.3106196915912	1589.6440530315897	1589.6451529215897	1589.8440411600016	
1589.8440411600016	0.6970000000001164	WheelMovementIntervals													-1.1886605925902813
1592.3855455215923	3.591914916251426	trials	1.0	1.0	1.5	0.0		0.8	1594.4297410815946	1594.429652872046	1595.4774029715954	1594.3642476315945	1594.3650808815944	1594.3140411600016	
1592.7410411600017	0.8589999999999236	WheelMovementIntervals													-1.4413856373804492
1594.3140411600016	1.4630000000001928	WheelMovementIntervals													-3.9513113962768784
1596.5680605615967	3.5257922706382487	trials	1.0	1.0	1.5	0.125		0.8	1598.5458627615985	1598.5457551041834	1599.5938246215997	1597.9472559615979	1597.9483558515979	1598.1230411600018	
1596.7800411600017	0.5180000000000291	WheelMovementIntervals													-1.6013695519574185
1598.1230411600018	1.5399999999999636	WheelMovementIntervals													-1.8557430041013276
1600.6811492116008	2.3962039001523863	trials	1.0	1.0	1.5	0.0625		0.8	1601.5194653716014	1601.5193498762808	1602.5772595816027	1601.1471359416012	1601.1483024916013	1601.3880411600016	
1601.3880411600016	1.2019999999999982	WheelMovementIntervals													-3.383893193559743
1603.6572515716036	3.3901028071504697	trials	1.0	1.0	1.5	0.25		0.8	1605.4976341816055	1605.4975520097612	1606.5472625416066	1605.2806892116052	1605.2815557916053	1605.4160411600017	
1604.1500411600016	0.52800000000002	WheelMovementIntervals													-0.7434269066776551
1605.4160411600017	1.25	WheelMovementIntervals													-6.133944942717335
1606.9500411600018	0.14299999999980173	WheelMovementIntervals													0.07999568681691471
1607.6473525216077	2.429802064820933	trials	1.0	1.0	1.5	0.0		0.8	1608.5093663116086	1608.5092525446012	1609.5770928616096	1608.1270045516083	1608.1278378016082	1608.4020411600018	
1608.4020411600018	0.3109999999999218	WheelMovementIntervals													-0.79046077419207
1610.6462526016107	2.350807764802539	trials	1.0	1.0	1.5	1.0		0.8	1611.4315407316114	1611.4314545271336	1612.4970341716125	1611.2802891916112	1611.2811224416114	1611.3630411600018	
1611.3630411600018	1.4989999999997963	WheelMovementIntervals													-5.165770648608941
1613.5741597816136	3.8889896353748554	trials	1.0	1.0	1.5	0.25		0.8	1615.9051599916158	1615.9050517714359	1616.963120851617	1615.5935578216156	1615.5943910716155	1615.7790411600017	
1614.0270411600018	0.7300000000000182	WheelMovementIntervals													-1.7655939952517201
1615.7790411600017	1.1879999999998745	WheelMovementIntervals													-1.7209298866066547
1618.061244361618	3.635610914501285	trials	1.0	1.0	1.5	0.0625		0.8	1620.13453701162	1620.1344494451073	1621.1968307716213	1619.7436094416198	1619.7446760016198	1619.9670411600016	
1618.1260411600017	1.0529999999998836	WheelMovementIntervals													-0.8971008318771965
1619.9670411600016	1.0520000000001346	WheelMovementIntervals													-1.7861157635777545
1622.2904547316223	2.5028950400610483	trials	1.0	1.0	1.5	0.0		0.8	1623.2435594116232	1623.2434520815698	1624.2932877616242	1622.7601410916227	1622.760941011623	1623.1320411600018	
1623.1320411600018	0.46299999999996544	WheelMovementIntervals													-1.3476988593586157
1625.3759461516254	2.1673959781239773	trials	1.0	1.0	1.5	0.125		0.8	1625.994450961626	1625.9943444334724	1627.043246071627	1625.929824091626	1625.930890651626	1625.8700411600016	
1625.8700411600016	1.2350000000001273	WheelMovementIntervals													-3.155087014236983
1628.1185385316282	3.5776204382589185	trials	1.0	1.0	1.5	1.0		0.8	1630.1337703216302	1630.1336489170583	1631.1960640816312	1630.04667903163	1630.0478122516301	1630.0120411600017	
1628.6450411600017	0.7329999999999472	WheelMovementIntervals													-0.8662641665202955
1630.0120411600017	0.9480000000000928	WheelMovementIntervals													-1.687355875681078
1631.3130411600016	0.5080000000000382	WheelMovementIntervals													-1.4653593613019211
1632.5560614016326	2.3703057321924916	trials	1.0	1.0	1.5	1.0		0.8	1633.3521484516334	1633.3520626549857	1634.4262743616343	1633.0764760216332	1633.0774425916331	1633.2470411600018	
1633.2470411600018	1.2899999999999636	WheelMovementIntervals													-1.8754700934988477
1634.7300411600017	2.2339999999999236	WheelMovementIntervals													-2.066719558806085
1635.5092660516354	6.983577526290901	trials	1.0	-1.0	0.0		0.125	0.2	1639.92699090164	1639.926250572464	1641.992850961642	1637.5291973716376	1637.5300306216375	1639.7200411600018	
1639.7200411600018	0.9639999999999418	WheelMovementIntervals													-1.611734643476666
1641.1450411600017	0.6009999999998854	WheelMovementIntervals													-1.6613049673244404
1643.108139421643	47.91710910103984	trials	-1.0	1.0	1.5		0.0	0.2	1689.4558708516895	1689.4557462900918	1690.5251972416906	1643.5967238916437	1643.5976238016435	1688.7440411600016	
1650.5190411600017	0.15699999999992542	WheelMovementIntervals													0.08829276532526364
1666.4930411600017	0.08000000000015461	WheelMovementIntervals													-0.043506689012360766
1688.7440411600016	2.852000000000089	WheelMovementIntervals													-0.7657637299748785
1692.030746671692	6.1305246137415	trials	1.0	-1.0	0.0		0.25	0.2	1695.5994231016957	1695.5984598319594	1697.6612169016976	1692.5280302716926	1692.5291301616926	1695.3030411600018	
1695.3030411600018	1.0239999999998872	WheelMovementIntervals													-1.2264105375113559
1698.7810715716987	5.44389771474448	trials	-1.0	1.0	1.5		0.0625	0.2	1702.6675495517027	1702.6674685124563	1703.7248771417037	1700.0582771717002	1700.0593437317	1702.3850411600017	
1698.9230411600017	0.5979999999999563	WheelMovementIntervals													-0.03229934114528987
1702.3850411600017	2.132000000000062	WheelMovementIntervals													0.4851261557221278
1704.828066811705	15.450087099086204	trials	1.0	-1.0	0.0		0.125	0.2	1717.7174444117177	1717.7163543815316	1719.7780716617199	1705.4454717317055	1705.4466049517055	1710.3350411600018	
1710.3350411600018	0.9139999999999873	WheelMovementIntervals													-0.28307826582431517
1711.5440411600018	0.06500000000005457	WheelMovementIntervals													-0.019964766014936686
1716.0030411600017	0.2600000000002183	WheelMovementIntervals													-0.07588693074103503
1717.5620411600019	2.3869999999999436	WheelMovementIntervals													1.779707108433854
1720.982251231721	3.992308654275348	trials	1.0	-1.0	0.0		0.25	0.2	1722.4143413417223	1722.413353617045	1724.4745019717245	1721.5745253317216	1721.5753252517216	1722.2140411600017	
1722.2140411600017	2.5240000000001146	WheelMovementIntervals													-2.220642279222261
1725.5719588817255	17.302200741591605	trials	1.0	-1.0	0.0		1.0	0.2	1740.3150510917403	1740.314157809509	1742.3740785017424	1726.2112282817263	1726.2122948417261	1740.166041160002	
1740.166041160002	1.6459999999999582	WheelMovementIntervals													-2.728741682147529
1743.5832575717436	14.57390961562146	trials	1.0	-1.0	0.0		1.0	0.2	1755.5947563017555	1755.5937638478542	1757.6571167117577	1744.2271598417442	1744.2279597617442	1751.3630411600018	
1751.3630411600018	0.2419999999999618	WheelMovementIntervals													-0.10470536687944332
1755.5170411600018	0.5869999999999891	WheelMovementIntervals													-0.7510535851432678
1758.8353655417588	29.457707205292536	trials	1.0	-1.0	0.0		0.0625	0.2	1785.7249096517858	1785.7241702931162	1787.793002821788	1759.5107979917595	1759.5116979017596	1761.3890411600019	
1761.3890411600019	0.8789999999999054	WheelMovementIntervals													-0.17127853336830867
1770.858041160002	0.05999999999994543	WheelMovementIntervals													-0.02673303218887213
1771.357041160002	0.2439999999999145	WheelMovementIntervals													0.042914124268236264
1778.3590411600019	0.1089999999999236	WheelMovementIntervals													-0.07745998925895492
1783.2000411600018	0.4519999999999982	WheelMovementIntervals													0.20205430005455582
1785.434041160002	0.38799999999991996	WheelMovementIntervals													-0.2816174780168694
1789.1121708917892	8.894213435810798	trials	1.0	-1.0	0.0		0.125	0.2	1795.4361051017954	1795.435179021651	1797.5062980617975	1791.5063647817915	1791.5074980017914	1795.1030411600018	
1789.6780411600018	0.9110000000000582	WheelMovementIntervals													-0.552055861834674
1795.1030411600018	0.6130000000000564	WheelMovementIntervals													-0.3693051501653599
1796.5350411600018	0.3500000000001364	WheelMovementIntervals													0.16335045844414253
1798.6551831617987	5.417697922097659	trials	1.0	1.0	1.5	0.125		0.2	1802.5027983618024	1802.502680265787	1803.5727913518035	1799.2253594717993	1799.2263593717992	1802.3450411600018	
1802.3450411600018	0.9670000000000982	WheelMovementIntervals													-1.854512294382971
1803.5260411600018	1.109000000000151	WheelMovementIntervals													-1.238623684174513
1804.7000786118047	9.1256920083988	trials	1.0	-1.0	0.0		0.25	0.2	1811.2524899718112	1811.2515714386607	1813.3257826218132	1805.2923860418052	1805.2932526218053	1810.9950411600018	
1806.2280411600018	0.18299999999999272	WheelMovementIntervals													-0.03766024817332436
1810.9950411600018	0.6430000000000291	WheelMovementIntervals													-0.4301660425882119
1814.4727679118146	17.985929665756203	trials	1.0	1.0	1.5	0.125		0.2	1830.895892101831	1830.8957931735285	1831.958585821832	1816.4724345918164	1816.4734011618166	1830.6800411600018	
1815.0250411600018	0.7920000000001437	WheelMovementIntervals													-0.22519869583504715
1817.3130411600018	0.5070000000000618	WheelMovementIntervals													-0.07634337734225483
1830.6800411600018	1.3949999999999818	WheelMovementIntervals													-0.8913894302661447
1833.1830966918333	8.792591839834358	trials	1.0	-1.0	0.0		0.0625	0.2	1839.4100406018395	1839.4091894973521	1841.4756006918415	1833.9053911218339	1833.906457681834	1833.9310411600018	
1833.9310411600018	0.5590000000001965	WheelMovementIntervals													-0.1915409639942709
1839.2540411600019	0.5540000000000873	WheelMovementIntervals													-0.1486868431993571
1841.8430411600018	0.9600000000000364	WheelMovementIntervals													-0.7358290783010943
1842.6245857818426	36.46300068185292	trials	1.0	-1.0	0.0		1.0	0.2	1876.5273951618765	1876.5265845562765	1878.5875557918787	1843.2883194018434	1843.2892859718434	1847.4690411600018	
1847.4690411600018	0.18200000000001637	WheelMovementIntervals													0.11592256953906599
1858.6000411600019	0.1410000000000764	WheelMovementIntervals													-0.14386010779060143
1859.0830411600018	0.6140000000000327	WheelMovementIntervals													0.08129705510179974
1861.522041160002	0.25500000000010914	WheelMovementIntervals													0.049314551203679
1866.316041160002	0.27099999999995816	WheelMovementIntervals													-0.023971630372443542
1870.507041160002	0.3729999999998199	WheelMovementIntervals													-0.08339709128415507
1871.209041160002	0.14899999999988722	WheelMovementIntervals													-0.026802584027450393
1875.3330411600018	0.10800000000017462	WheelMovementIntervals													-0.0315831023614237
1876.492041160002	0.5	WheelMovementIntervals													-0.32949841986601314
1879.96768443188	3.0399040114698437	trials	-1.0	1.0	1.5		0.0	0.2	1881.4501028418815	1881.4499854127014	1882.5075304218826	1880.5415603718805	1880.5423269618805	1880.979041160002	
1880.979041160002	1.8399999999999181	WheelMovementIntervals													-1.5562539869031298
1883.6098868418837	3.294310170763765	trials	-1.0	1.0	1.5		0.125	0.2	1885.3431801618854	1885.3430911406904	1886.4041407218865	1884.0874724118842	1884.088605631884	1884.3030411600018	
1884.3030411600018	2.7640000000001237	WheelMovementIntervals													-3.179786259763091
1887.5126965218876	3.8581911142791796	trials	-1.0	1.0	1.5		0.0	0.2	1889.8119999018897	1889.8118900348115	1890.870794011891	1888.2575886918883	1888.2585552618882	1888.530041160002	
1888.530041160002	2.0039999999999054	WheelMovementIntervals													0.2903209007386067
1891.971383941892	11.599208013047019	trials	-1.0	-1.0	0.0	0.125		0.2	1901.002347421901	1901.0013886230602	1903.070507251903	1892.5743236418925	1892.5751568918927	1900.642041160002	
1896.7350411600019	0.26099999999996726	WheelMovementIntervals													-0.04441912668050918
1900.181041160002	0.09999999999990905	WheelMovementIntervals													0.019628757256555218
1900.642041160002	1.0069999999998345	WheelMovementIntervals													0.5926202250897177
1903.865041160002	0.4420000000000073	WheelMovementIntervals													-0.10961268275616476
1904.2398903019043	7.030602798296968	trials	1.0	1.0	1.5	0.0625		0.2	1909.7073101719097	1909.7071901450513	1910.770437181911	1905.3081834619054	1905.3089500519054	1905.808041160002	
1904.5150411600018	0.25	WheelMovementIntervals													0.052364979454068816
1905.808041160002	7.824000000000069	WheelMovementIntervals													2.751354575579512
1911.907990081912	8.912208304979913	trials	-1.0	1.0	1.5		0.125	0.2	1919.2506890719192	1919.2505952764695	1920.3201154519204	1916.7565718419169	1916.7574384219167	1917.618041160002	
1913.929041160002	0.7980000000000018	WheelMovementIntervals													-0.911108421155518
1915.218041160002	1.0	WheelMovementIntervals													-1.4620312765143808
1917.618041160002	2.566000000000031	WheelMovementIntervals													-0.9396443989337513
1921.5057968719216	3.4143007532377396	trials	-1.0	1.0	1.5		0.125	0.2	1923.3656108719233	1923.365496737515	1924.4200054219245	1922.023378441922	1922.0243450119222	1921.9560411600019	
1921.9560411600019	1.7870000000000346	WheelMovementIntervals													0.28604294952606324
1925.498041160002	0.9610000000000127	WheelMovementIntervals													-0.9594363934403418
1925.5182955819255	4.468293805470694	trials	-1.0	1.0	1.5		1.0	0.2	1928.4287045119283	1928.4285902446545	1929.4865320519295	1926.839996731927	1926.840929971927	1927.491041160002	
1927.491041160002	2.2799999999999727	WheelMovementIntervals													0.3081548579709761
1930.6111862419307	4.441827030394734	trials	-1.0	1.0	1.5		0.125	0.2	1933.4913981919335	1933.4913018234276	1934.5529586919345	1931.1565983619312	1931.1575316019312	1932.357041160002	
1932.357041160002	3.8120000000001255	WheelMovementIntervals													1.2636976834884308
1935.6703136119356	5.916083063704946	trials	-1.0	1.0	1.5		0.0	0.2	1940.0247114619401	1940.0245996746658	1941.0863386219412	1938.1899282919383	1938.1907615419382	1938.506041160002	
1936.525041160002	1.0889999999999418	WheelMovementIntervals													-0.11720181977443644
1938.506041160002	2.117999999999938	WheelMovementIntervals													0.3110540322443285
1942.2123926719423	3.7106042717880428	trials	-1.0	1.0	1.5		0.25	0.2	1944.3510121219444	1944.350893404901	1945.4229715819454	1942.7073098419428	1942.7083430719426	1943.007041160002	
1943.007041160002	2.078999999999951	WheelMovementIntervals													-0.4746252131666324
1946.5304941519466	3.392302661078247	trials	-1.0	1.0	1.5		1.0	0.2	1948.3502121619483	1948.3500939701523	1949.4227382319496	1947.1195685719472	1947.120601801947	1947.6190411600019	
1947.6190411600019	1.387000000000171	WheelMovementIntervals													0.29662340284858146
1950.488041160002	0.36400000000003274	WheelMovementIntervals													-0.3292546575273718
1950.5340937519506	4.272111843436278	trials	-1.0	1.0	1.5		0.25	0.2	1953.2385899419533	1953.2384999832132	1954.3061498419543	1951.1860618819512	1951.1868618019512	1951.780041160002	
1951.780041160002	0.8710000000000946	WheelMovementIntervals													0.22046413637212936
1952.897041160002	1.038000000000011	WheelMovementIntervals													-0.6389726003920941
1955.4210050119555	4.098298076810352	trials	-1.0	1.0	1.5		0.125	0.2	1957.963917361958	1957.9638025778042	1959.019245151959	1956.135833521956	1956.136766761956	1956.501041160002	
1956.501041160002	2.076000000000022	WheelMovementIntervals													-0.3427796084216652
1959.691041160002	2.1549999999999727	WheelMovementIntervals													-1.4180819873080281
1960.1323005019601	8.153319831450517	trials	1.0	1.0	1.5	0.25		0.2	1966.7211082219667	1966.7210149115917	1967.7856017619679	1962.5893214419625	1962.5903546719626	1964.192041160002	
1964.192041160002	0.9139999999999873	WheelMovementIntervals													-0.2667580708458672
1965.678041160002	0.25099999999997635	WheelMovementIntervals													-0.029643865676234782
1966.173041160002	0.7950000000000728	WheelMovementIntervals													-0.08850217201700161
1968.938819761969	3.6134834687845796	trials	1.0	1.0	1.5	0.0625		0.2	1970.990614561971	1970.9905092401827	1972.052208391972	1969.4066396419694	1969.4075728819694	1970.569041160002	
1970.569041160002	1.433999999999969	WheelMovementIntervals													-1.441503617269973
1973.154598141973	2.3849034236332045	trials	1.0	1.0	1.5	1.0		0.2	1973.979115681974	1973.978998634087	1975.039442971975	1973.7238078819737	1973.7248411119738	1973.881041160002	
1973.881041160002	1.30600000000004	WheelMovementIntervals													-2.06140075205235
1976.136499921976	3.952411196070898	trials	-1.0	1.0	1.5		1.0	0.2	1978.5263942419786	1978.5263054823342	1979.5887879919796	1976.7521383519768	1976.7531049219767	1977.414041160002	
1977.414041160002	1.9210000000000491	WheelMovementIntervals													0.2925485626852833
1980.6966105319807	7.142492022828947	trials	1.0	1.0	1.5	0.25		0.2	1986.2817186319862	1986.2816027304427	1987.3390795519874	1981.885358311982	1981.8863582119818	1984.623041160002	
1981.100041160002	0.084999999999809	WheelMovementIntervals													-0.025145966159925592
1983.400041160002	0.2259999999998854	WheelMovementIntervals													-0.026321129422626655
1983.891041160002	0.18599999999992178	WheelMovementIntervals													-0.02662509699337079
1984.623041160002	1.8589999999999236	WheelMovementIntervals													-0.3654149174435588
1988.4710996719884	4.397501525539383	trials	-1.0	1.0	1.5		0.0625	0.2	1991.3119155619913	1991.3117993654962	1992.3685432219925	1989.1186015819892	1989.1195681519891	1989.920041160002	
1989.920041160002	1.7989999999999782	WheelMovementIntervals													0.2960579537379999
1992.732041160002	0.2699999999999818	WheelMovementIntervals													0.1852353061243548
1993.4759991319936	7.879115530292665	trials	1.0	1.0	1.5	0.125		0.2	1999.7942005819998	1999.7941099816744	2000.8550611520009	1993.972082851994	1993.973149411994		
1996.909041160002	0.052999999999883585	WheelMovementIntervals													-0.019664075947275705
1997.523041160002	0.09199999999987085	WheelMovementIntervals													-0.0352455123368145
1998.1760411600021	0.3369999999999891	WheelMovementIntervals													-0.07199006317387102
1998.758041160002	0.13000000000010914	WheelMovementIntervals													-0.012635226510610664
1999.684041160002	0.08200000000010732	WheelMovementIntervals													-0.03317946177810427
2001.995513762002	7.005904513088126	trials	-1.0	1.0	1.5		1.0	0.2	2007.4425023420074	2007.4424157158603	2008.5013631120084	2002.6015531520027	2002.6026863720026	2006.347041160002	
2006.347041160002	1.6140000000000327	WheelMovementIntervals													0.29070842480280135
2009.6340165020097	4.004806926184074	trials	1.0	1.0	1.5	0.25		0.2	2012.079005312012	2012.0789195094062	2013.1387326620131	2010.1052360420101	2010.10620261201	2011.845041160002	
2011.4830411600021	0.14099999999984902	WheelMovementIntervals													-0.04057639306904548
2011.845041160002	0.3530000000000655	WheelMovementIntervals													-0.3924654847223792
2012.912041160002	0.18600000000014916	WheelMovementIntervals													0.07930451053221077
2014.024041160002	0.2079999999998563	WheelMovementIntervals													-0.29689323625223096
2014.2435221720143	5.691203324169464	trials	-1.0	1.0	1.5		0.0	0.2	2018.3704094420184	2018.3703231321952	2019.4346363420195	2015.2845180620152	2015.2854513020154	2017.167041160002	
2014.574041160002	0.20800000000008367	WheelMovementIntervals													-0.11001739246478337
2017.167041160002	2.171000000000049	WheelMovementIntervals													-0.7139754825300315
2019.711041160002	2.0800000000001546	WheelMovementIntervals													-2.2919936741499214
2020.5615236420206	5.656205758279384	trials	-1.0	1.0	1.5		0.0625	0.2	2024.6624135120246	2024.6623263668087	2025.7177079720257	2022.4876976720225	2022.4886642420224	2022.933041160002	
2022.933041160002	1.0550000000000637	WheelMovementIntervals													0.2386652460206733
2024.284041160002	1.821999999999889	WheelMovementIntervals													0.3823622896499046
2026.8524278220268	4.065301582246548	trials	-1.0	1.0	1.5		1.0	0.2	2029.3528110920295	2029.352727565094	2030.4177045920305	2027.3380125920273	2027.3389458320273	2028.100041160002	
2028.100041160002	1.5319999999999254	WheelMovementIntervals													0.3143570840296661
2031.5234273420315	4.64750848604217	trials	-1.0	1.0	1.5		0.0625	0.2	2034.6047191820346	2034.6046316421466	2035.6708792220356	2032.004012612032	2032.005179162032	2032.644041160002	
2032.644041160002	2.4680000000000746	WheelMovementIntervals													0.29944817684122427
2036.7828346820368	3.984679475700432	trials	1.0	1.0	1.5	0.0625		0.2	2039.2158246920392	2039.2157209295985	2040.2674528520404	2037.4173712220374	2037.4184377820375	2038.7130411600021	
2038.7130411600021	1.4299999999998363	WheelMovementIntervals													-1.1321869159284006
2040.4240411600022	0.7829999999999018	WheelMovementIntervals													-0.2590216529429199
2041.3753087220414	9.228413701643376	trials	1.0	-1.0	0.0		0.0	0.2	2048.035242662048	2048.034217165548	2050.10366913205	2041.8548940920418	2041.8556940120418	2047.811041160002	
2047.811041160002	0.6880000000003292	WheelMovementIntervals													-0.5460957984602146
2050.518041160002	0.6880000000001019	WheelMovementIntervals													-0.7317372504128343
2051.2491212420514	4.251214184532273	trials	-1.0	1.0	1.5		0.125	0.2	2053.937219072054	2053.9371289462306	2055.000279422055	2051.7336727820516	2051.7348726620517	2052.5770411600024	
2052.5770411600024	4.231999999999971	WheelMovementIntervals													0.644553341922574
2056.109335172056	4.411300543187281	trials	-1.0	1.0	1.5		0.25	0.2	2058.962216522059	2058.9621335832294	2060.0206106720602	2057.5866540920574	2057.5877873120576	2058.1060411600024	
2058.1060411600024	1.7799999999997453	WheelMovementIntervals													-0.7593802508805538
2061.1368323720612	6.446694831944114	trials	1.0	1.0	1.5	0.0625		0.2	2066.026043402066	2066.0259269358953	2067.083437652067	2061.750271022062	2061.7513709120617	2062.7330411600024	
2062.7330411600024	4.135999999999967	WheelMovementIntervals													-0.33087673637180615
2068.214824502068	3.8687188813928515	trials	1.0	1.0	1.5	0.125		0.2	2070.5239269020703	2070.5238345775756	2071.5834876020717	2068.969715672069	2068.970582252069	2069.991041160002	
2069.991041160002	1.2400000000002365	WheelMovementIntervals													-0.38141649707301895
2072.685944012073	4.134895381859224	trials	-1.0	1.0	1.5		1.0	0.2	2075.250420872075	2075.2503399076077	2076.320813822076	2074.219823942074	2074.2208571720744	2074.7870411600024	
2072.8310411600023	0.9360000000001492	WheelMovementIntervals													-0.5086788687973467
2074.7870411600024	0.987999999999829	WheelMovementIntervals													-0.4169019692454867
2077.4280364220776	6.32540612052253	trials	-1.0	1.0	1.5		0.0	0.2	2082.187027142082	2082.186939522142	2083.253353832083	2077.966649222078	2077.967782442078	2080.8130411600023	
2080.8130411600023	2.012000000000171	WheelMovementIntervals													0.2862186493059653
2084.3820409520845	5.004605916735272	trials	-1.0	1.0	1.5		0.0	0.2	2087.819330522088	2087.819243642129	2088.886590452089	2084.983014182085	2084.984014082085	2086.2800411600024	
2086.2800411600024	2.03899999999976	WheelMovementIntervals													-0.4725889049777834
2089.080041160002	0.61200000000008	WheelMovementIntervals													-0.2864044514898296
2090.00414535209	8.111993918589633	trials	1.0	1.0	1.5	0.0625		0.2	2096.5650225320965	2096.564938816032	2097.6160840820976	2090.4996291320904	2090.5005957020903	2096.5370411600024	
2092.306041160002	0.10400000000026921	WheelMovementIntervals													-0.02856522370723269
2093.0240411600025	0.09699999999975262	WheelMovementIntervals													-0.05895771668008365
2094.060041160002	0.0860000000002401	WheelMovementIntervals													-0.016607595266918906
2095.5170411600025	0.10300000000006548	WheelMovementIntervals													-0.07435969719836066
2096.5370411600024	0.19099999999980355	WheelMovementIntervals													-0.13144936634091664
2098.757136632099	3.462096404841759	trials	-1.0	1.0	1.5		1.0	0.2	2100.6607462521006	2100.660633555822	2101.719140402102	2099.5024620920994	2099.5034286620994	2100.1610411600022	
2100.1610411600022	0.7310000000002219	WheelMovementIntervals													0.27878596465507144
2102.8224300621027	4.2973106646486485	trials	-1.0	1.0	1.5		0.25	0.2	2105.5575231921057	2105.5574355766826	2106.6196836321064	2103.332579042103	2103.3337122621033	2104.6100411600023	
2104.6100411600023	1.3470000000002074	WheelMovementIntervals													0.28947013562878965
2106.252041160002	0.05600000000004002	WheelMovementIntervals													-0.015645737245563396
2108.049840602108	3.970210587152451	trials	-1.0	1.0	1.5		0.0625	0.2	2110.4707318221103	2110.4706452283144	2111.5199935521114	2108.5325923221085	2108.5336255521083	2109.4700411600024	
2109.4700411600024	2.413000000000011	WheelMovementIntervals													-2.8982386402416296
2112.6285493521127	3.8240933059223607	trials	-1.0	1.0	1.5		0.0625	0.2	2114.897955722115	2114.89784419287	2115.952583582116	2113.099135622113	2113.100202182113	2114.0520411600023	
2114.0520411600023	2.0010000000002037	WheelMovementIntervals													-1.0413550871405732
2117.062239272117	4.456195189004575	trials	-1.0	1.0	1.5		0.25	0.2	2119.95504996212	2119.9549348508262	2121.018376952121	2117.5823205921174	2117.5834871421175	2118.0990411600023	
2118.0990411600023	2.637000000000171	WheelMovementIntervals													-0.4741345922069513
2121.2380411600025	0.17099999999982174	WheelMovementIntervals													0.01570429691867048
2122.139331512122	4.359404190878649	trials	1.0	1.0	1.5	0.0625		0.2	2124.936051812125	2124.9359329175927	2125.998678872126	2122.8155972121226	2122.816397132123	2124.7820411600023	
2123.306041160002	0.524000000000342	WheelMovementIntervals													0.08708648259744223
2124.7820411600023	0.45699999999987995	WheelMovementIntervals													-0.5686702487163302
2126.1370411600024	0.6140000000000327	WheelMovementIntervals													-0.0890109694101966
2127.113834012127	3.4384982416136154	trials	-1.0	1.0	1.5		0.25	0.2	2128.988246552129	2128.98813196346	2130.05224014213	2127.652446812128	2127.6533133921275	2128.3010411600026	
2128.3010411600026	1.7349999999996726	WheelMovementIntervals													-0.4115297191699483
2131.1576295921313	3.561116884744024	trials	-1.0	1.0	1.5		0.125	0.2	2133.153230012133	2133.153137372588	2134.2186901221344	2131.6485804921317	2131.6495803921316	2132.143041160002	
2132.143041160002	1.9400000000000546	WheelMovementIntervals													-0.8640971594750226
2135.327945852135	3.703904519263233	trials	1.0	1.0	1.5	0.25		0.2	2137.4676318621373	2137.4675467297543	2138.5317587721383	2136.031708802136	2136.032508722136	2137.0950411600024	
2137.0950411600024	4.023999999999887	WheelMovementIntervals													-2.9573286841012987
2139.6431476221396	5.292209564019686	trials	-1.0	1.0	1.5		0.25	0.2	2143.3723413321436	2143.372252247413	2144.4352683621446	2141.818063442142	2141.8190966721418	2142.4400411600022	
2142.4400411600022	1.9020000000000437	WheelMovementIntervals													-0.6830653575357246
2145.5690549721458	4.4665945675278635	trials	1.0	-1.0	0.0		0.0625	0.2	2147.4759975921475	2147.4749518007084	2149.5356249421498	2146.1484636921464	2146.149363602146	2146.9700411600024	
2146.9700411600024	0.9220000000000255	WheelMovementIntervals													-0.3456475456832777
2150.6531465121507	2.6653086927558434	trials	1.0	1.0	1.5	0.125		0.2	2151.7511367021516	2151.7510488571284	2152.8183633021526	2151.3981386721516	2151.3992718921513	2151.6000411600025	
2151.6000411600025	0.6449999999999818	WheelMovementIntervals													-0.6715034848260757
2153.916453482154	2.415101205560859	trials	1.0	1.0	1.5	0.25		0.8	2154.7755342321548	2154.775453199589	2155.831495292156	2154.414870302154	2154.4159035321545	2154.6030411600022	
2154.6030411600022	0.49000000000023647	WheelMovementIntervals													-0.8535633415000348
2155.6380411600026	0.5079999999998108	WheelMovementIntervals													0.05964495041484952
2156.926052492157	16.85520978360273	trials	1.0	-1.0	0.0		0.0	0.8	2171.228288792171	2171.227259096341	2173.2811501521733	2157.5848532721575	2157.5858531721574	2171.0490411600026	
2171.0490411600026	0.24299999999993815	WheelMovementIntervals													-0.39868970041311513
2171.8410411600025	0.2460000000000946	WheelMovementIntervals													-0.2785831222900015
2173.8580411600024	1.8170000000000073	WheelMovementIntervals													4.3703623379975625
2174.5097606121744	3.6713056021712873	trials	1.0	1.0	1.5	1.0		0.8	2176.6292486421767	2176.6291626916664	2177.6810101221777	2176.2512864421765	2176.2522196821765	2176.4240411600026	
2176.4240411600026	1.0989999999997053	WheelMovementIntervals													-1.4376223748108714
2178.800564822179	4.713801752635391	trials	1.0	1.0	1.5	0.125		0.8	2181.963048542182	2181.9629646562266	2183.014276742183	2179.4343014421793	2179.4351680221794	2181.4910411600026	
2180.076041160002	0.09600000000000364	WheelMovementIntervals													-0.036475440282401905
2181.4910411600026	2.5789999999997235	WheelMovementIntervals													-1.2744266944538367
2184.1361645421844	13.511183888329015	trials	1.0	1.0	1.5	0.0625		0.8	2196.098668172196	2196.0985485066717	2197.147296632197	2184.717573062185	2184.718406312185	2195.9360411600023	
2187.1990411600023	0.374000000000251	WheelMovementIntervals													-0.08346797518356652
2195.9360411600023	1.3710000000000946	WheelMovementIntervals													-1.130074045363699
2198.3249455221985	6.938912078379417	trials	1.0	1.0	1.5	0.25		0.8	2203.700974532204	2203.7008525556535	2204.7637682422046	2199.5668546521997	2199.5678545521996	2203.5000411600026	
2198.7550411600023	0.2090000000002874	WheelMovementIntervals													-0.04988625753958331
2203.5000411600026	0.43099999999958527	WheelMovementIntervals													-0.6998842021687324
2205.891855422206	2.3253097647520917	trials	1.0	1.0	1.5	1.0		0.8	2206.6637782222065	2206.66365766752	2207.717139542208	2206.3842395122065	2206.3850727622066	2206.5510411600026	
2206.5510411600026	0.28399999999965075	WheelMovementIntervals													-0.602289947825966
2208.3420411600023	0.21900000000005093	WheelMovementIntervals													0.029775334657415442
2208.806763902209	9.743496067079832	trials	1.0	1.0	1.5	0.125		0.8	2216.977980032217	2216.9778589267407	2218.050172802218	2209.5137265322096	2209.5146931022095	2216.8220411600023	
2216.8220411600023	1.038000000000011	WheelMovementIntervals													-1.470386718628788
2218.2390411600027	2.2839999999996508	WheelMovementIntervals													-2.55075709061407
2219.202357572219	12.644001715557806	trials	1.0	1.0	1.5	0.0625		0.8	2230.2698840422304	2230.2697573232444	2231.3463430522315	2221.2468531022214	2221.2478196722213	2229.6020411600025	
2229.6020411600025	1.056999999999789	WheelMovementIntervals													-0.5430898223650047
2231.8650411600024	0.39800000000013824	WheelMovementIntervals													-0.21192554176843714
2232.5373572722324	19.89210533626192	trials	1.0	1.0	1.5	0.0625		0.8	2250.863857772251	2250.863760345898	2251.929417872252	2233.1330310322332	2233.1339642722332	2238.0960411600026	
2238.0960411600026	0.625	WheelMovementIntervals													-0.2541664198978424
2250.7090411600025	0.6300000000001091	WheelMovementIntervals													-0.3475546842809081
2252.2810411600026	2.632999999999811	WheelMovementIntervals													-0.5213138458652793
2253.167360732253	9.278407801213234	trials	-1.0	-1.0	0.0	0.0		0.8	2259.87352338226	2259.872664924664	2261.945716142262	2255.6824425322557	2255.683575752256	2259.2140411600026	
2258.3210411600026	0.24199999999973443	WheelMovementIntervals													0.03379620250336757
2259.2140411600026	1.224999999999909	WheelMovementIntervals													0.5341202962673606
2263.4354671522633	2.546817981465665	trials	1.0	1.0	1.5	0.0		0.8	2264.4201686722645	2264.4200733307375	2265.4822624522653	2263.915119182264	2263.916119082264	2264.2090411600025	
2264.2090411600025	1.6739999999999782	WheelMovementIntervals													0.6034098212899153
2266.5716868322666	9.507186989721504	trials	1.0	1.0	1.5	0.0		0.8	2274.5130926122747	2274.5129742942845	2275.5787860322757	2267.062304432267	2267.063437652267	2274.2800411600024	
2274.2800411600024	2.581000000000131	WheelMovementIntervals													-8.244243489004134
2276.7310707922766	24.367319868707455	trials	1.0	1.0	1.5	1.0		0.8	2299.5209915722994	2299.520887504191	2300.5983838223005	2277.4327672822774	2277.4335672022776	2299.3790411600025	
2299.3790411600025	6.5479999999997744	WheelMovementIntervals													-11.78085910907214
2301.8774892323017	13.217303200220158	trials	1.0	1.0	1.5	0.25		0.8	2313.5230912223137	2313.522990289792	2314.5946840523147	2306.6948074523066	2306.6957406923066	2313.2060411600023	
2313.2060411600023	3.0020000000004075	WheelMovementIntervals													-7.92063540973902
2315.8633905023157	6.581013180150876	trials	-1.0	1.0	1.5		0.25	0.8	2320.880088782321	2320.8799982624923	2321.944349012322	2316.748368662317	2316.749235242317	2320.5210411600024	
2320.5210411600024	0.875	WheelMovementIntervals													0.3337310004548044
2323.0350411600025	0.24200000000018917	WheelMovementIntervals													-0.15148663234970172
2323.084301672323	3.226887885463384	trials	1.0	1.0	1.5	1.0		0.8	2324.751801572325	2324.75169437908	2325.8111622923257	2323.847825312324	2323.848758552324	2324.0070411600027	
2324.0070411600027	2.4079999999999018	WheelMovementIntervals													-2.10464457752164
2326.918284902327	6.112195693153808	trials	1.0	1.0	1.5	0.0625		0.8	2331.4547978723313	2331.4546802214645	2332.5304236323327	2327.5812186023277	2327.582051852328	2331.1730411600024	
2329.8480411600026	0.42099999999982174	WheelMovementIntervals													-0.03943198278238924
2331.1730411600024	1.5850000000000364	WheelMovementIntervals													-1.273897534663888
2333.6537779523337	3.0403039949301274	trials	1.0	1.0	1.5	0.125		0.8	2335.126397342335	2335.1262789185316	2336.1940905623364	2334.260917232334	2334.2619171323345	2334.7660411600027	
2334.7660411600027	0.7849999999998545	WheelMovementIntervals													-0.5716735725623039
2336.0020411600026	0.23999999999978172	WheelMovementIntervals													0.08325409570420561
2337.2961803423373	2.9979071653579012	trials	1.0	1.0	1.5	0.0625		0.8	2338.720704542339	2338.7205827965654	2339.79403053234	2337.881188502338	2337.8821884023378	2338.3490411600023	
2338.3490411600023	0.6020000000003165	WheelMovementIntervals													-0.44978597123702
2339.7850411600025	0.05999999999994543	WheelMovementIntervals													0.008535284708273139
2340.900386552341	2.410301239074215	trials	1.0	1.0	1.5	1.0		0.8	2341.7472018623416	2341.74708628504	2342.810595512343	2341.4973268523413	2341.4984600723415	2341.6470411600026	
2341.6470411600026	1.0300000000002	WheelMovementIntervals													-0.7589109425850893
2343.909585602344	4.184519364601783	trials	1.0	1.0	1.5	0.0		0.8	2346.5282903723464	2346.528196468857	2347.5940171223474	2344.6137151823445	2344.614748412345	2346.3680411600026	
2346.3680411600026	0.93100000000004	WheelMovementIntervals													-0.7335025469305947
2347.6650411600026	1.1770000000001346	WheelMovementIntervals													-0.9377878174549323
2348.709905522349	6.583981759213202	trials	1.0	1.0	1.5	0.25		0.8	2353.7215043123538	2353.7213901158066	2354.7938304023546	2349.84719178235	2349.84832500235	2353.148041160003	
2353.148041160003	2.7799999999997453	WheelMovementIntervals													-4.048997689414591
2355.931183322356	3.329106950152436	trials	1.0	1.0	1.5	0.125		0.8	2357.688607562358	2357.688485935344	2358.760233722359	2356.4970600623565	2356.4978599823567	2356.9420411600026	
2356.9420411600026	1.3029999999998836	WheelMovementIntervals													-0.4149072075380218
2359.8721891823598	2.7712986161595836	trials	1.0	1.0	1.5	0.0		0.8	2361.069102812361	2361.0689877210325	2362.143495362362	2360.4299667323603	2360.4307999823604	2360.7790411600026	
2360.7790411600026	0.5990000000001601	WheelMovementIntervals													-0.3043152536117759
2363.246385062363	5.517319010032679	trials	1.0	1.0	1.5	0.0625		0.8	2367.186591002367	2367.1864972098274	2368.263683282368	2363.979778382364	2363.980744952364	2365.2310411600024	
2365.2310411600024	2.6700000000000728	WheelMovementIntervals													-0.39422917964054704
2368.3210411600026	0.14400000000023283	WheelMovementIntervals													0.016867705024992574
2369.3897040023694	3.070401031606252	trials	1.0	1.0	1.5	0.0		0.8	2370.895020122371	2370.8949035276346	2371.960080272372	2369.92668363237	2369.92765020237	2370.4500411600025	
2370.4500411600025	1.0190000000002328	WheelMovementIntervals													-0.3543820387824326
2373.067602842373	5.3089079958322145	trials	1.0	-1.0	0.0		0.25	0.8	2375.8132282523757	2375.812305942216	2377.876488572378	2373.6642765023735	2373.665243072374	2375.0260411600025	
2375.0260411600025	1.4540000000001783	WheelMovementIntervals													-0.6723672168825487
2378.2350411600028	0.6149999999997817	WheelMovementIntervals													-0.8689018009887377
2379.000009542379	3.3933021867565003	trials	1.0	1.0	1.5	0.25		0.8	2380.823093882381	2380.823009642711	2381.8932201923817	2379.71277159238	2379.7138048223796	2380.1550411600024	
2380.1550411600024	0.762000000000171	WheelMovementIntervals													-0.3645672311168937
2382.9180411600028	0.07799999999997453	WheelMovementIntervals													-0.024435770843069804
2382.997409762383	2.9666113526468507	trials	1.0	1.0	1.5	1.0		0.8	2384.4001028123844	2384.4000137114867	2385.4638964223855	2383.6134148223837	2383.6144147223836	2384.1910411600024	
2384.1910411600024	0.28099999999994907	WheelMovementIntervals													-0.33248317736740773
2385.6210411600027	0.2749999999996362	WheelMovementIntervals													0.024394909343527615
2386.5633198023866	3.5129918994825857	trials	1.0	1.0	1.5	0.25		0.8	2388.5006927123886	2388.500614232298	2389.57621848239	2387.1429951623873	2387.144028392387	2387.811041160003	
2387.811041160003	1.6589999999996508	WheelMovementIntervals													-2.183418602440497
2390.6813079623907	3.2148893233434137	trials	1.0	1.0	1.5	0.25		0.8	2392.3186108823925	2392.3185015067593	2393.3961031223935	2391.3958365023914	2391.3969363923916	2392.0180411600027	
2392.0180411600027	1.4049999999997453	WheelMovementIntervals													-1.4649591903740884
2394.4980929123944	4.247614372085536	trials	1.0	1.0	1.5	0.125		0.8	2397.1781248823972	2397.178000718199	2398.2456847823983	2395.0761017723953	2395.077201662395	2396.9080411600025	
2396.9080411600025	0.6030000000000655	WheelMovementIntervals													-0.9698916946266536
2398.0050411600027	0.21000000000003638	WheelMovementIntervals													0.039788846735064
2399.3561070623996	2.4865950313387657	trials	1.0	1.0	1.5	1.0		0.8	2400.2757150924003	2400.275604485516	2401.3426417224014	2399.9261500524	2399.9271166224	2400.1310411600025	
2400.1310411600025	0.318000000000211	WheelMovementIntervals													-0.5925697496197699
2402.785197452403	7.127824280728873	trials	-1.0	1.0	1.5		0.25	0.8	2408.345308052408	2408.3452140523077	2409.4129346124096	2403.4130013324034	2403.4140678924036	2408.1230411600027	
2407.550041160003	0.06799999999975626	WheelMovementIntervals													-0.018252265143132718
2408.1230411600027	0.45299999999997453	WheelMovementIntervals													0.3654774473369571
2409.0280411600024	2.2460000000000946	WheelMovementIntervals													2.3839643832151296
2410.5525206424104	4.556586751429222	trials	1.0	1.0	1.5	0.0		0.8	2413.5397218924136	2413.5396106461444	2414.6090482824147	2411.7757983024117	2411.776598222412	2413.405041160003	
2413.405041160003	0.6199999999998909	WheelMovementIntervals													-0.6608445279381385
2414.7090411600025	0.2139999999999418	WheelMovementIntervals													-0.03520571288663632
2415.474041160003	1.65099999999984	WheelMovementIntervals													-0.8565895750969048
2415.7251033324155	11.217111579219818	trials	1.0	1.0	1.5	0.125		0.8	2425.3766047524255	2425.376511574552	2426.4421315224263	2417.679007922418	2417.6801744724175	2425.1140411600027	
2425.1140411600027	0.8369999999999891	WheelMovementIntervals													-0.36150135122215943
2427.6223134924276	2.3197089697823685	trials	1.0	1.0	1.5	1.0		0.8	2428.3755048324283	2428.3754157551934	2429.4419315124296	2428.094999552428	2428.0959994524283	2428.2580411600024	
2428.2580411600024	0.4590000000002874	WheelMovementIntervals													-1.2408665112884592
2429.780041160003	0.12199999999984357	WheelMovementIntervals													-0.04119925918348599
2430.5345222424307	7.45729277436476	trials	1.0	1.0	1.5	0.125		0.8	2436.4321324224366	2436.43201494647	2437.4917931124373	2431.2118878324313	2431.213254362431	2435.3030411600025	
2431.5220411600026	0.06399999999985084	WheelMovementIntervals													-0.03330554223521176
2431.9380411600027	0.2199999999997999	WheelMovementIntervals													-0.08928325968588524
2435.3030411600025	0.4659999999998945	WheelMovementIntervals													0.21692313564847154
2436.0750411600025	0.4350000000004002	WheelMovementIntervals													-0.2782658941275713
2438.6339122224385	14.328199396758919	trials	1.0	1.0	1.5	0.0625		0.8	2451.3916363224516	2451.391509904555	2452.4620626024525	2439.2456510424395	2439.246450962439	2451.1900411600027	
2451.1900411600027	1.8910000000000764	WheelMovementIntervals													-0.8591278228994952
2453.6597094924537	5.665005990839745	trials	1.0	1.0	1.5	0.125		0.8	2457.7654322124577	2457.7653123847367	2458.824659612459	2454.3082113024543	2454.309211202454	2457.5510411600026	
2457.5510411600026	0.6610000000000582	WheelMovementIntervals													-0.6095758554106396
2459.94811392246	4.826622421234333	trials	1.0	1.0	1.5	0.125		0.8	2463.2081212224634	2463.2080277150167	2464.2747145524645	2460.4611626124606	2460.4621291824606	2462.9110411600027	
2462.9110411600027	0.3429999999998472	WheelMovementIntervals													-0.3086417092777083
2465.3040411600027	1.6799999999998363	WheelMovementIntervals													-1.783859423662534
2465.3842369224653	18.44308423270877	trials	1.0	1.0	1.5	0.25		0.8	2482.2594492324824	2482.2593206657198	2483.3272757724835	2467.4947925124675	2467.4956590924676	2470.1960411600026	
2470.1960411600026	0.5460000000002765	WheelMovementIntervals													-0.24178156722359745
2482.213041160003	2.4220000000000255	WheelMovementIntervals													-1.3724591023873245
2484.5671184424846	6.573513920297501	trials	-1.0	1.0	1.5		0.25	0.2	2489.5743510024895	2489.5742275222906	2490.6406110324906	2485.8075277224857	2485.808694272486	2489.0000411600026	
2489.0000411600026	1.3699999999998909	WheelMovementIntervals													-0.7195844392761046
2491.1430411600027	0.35399999999981446	WheelMovementIntervals													-0.05302710995408688
2491.7691315024917	7.888015451409956	trials	1.0	-1.0	0.0		0.0625	0.2	2497.100864942497	2497.0998405929345	2499.157059302499	2492.3441406624925	2492.345273882492	2494.3860411600026	
2494.3860411600026	0.21000000000003638	WheelMovementIntervals													-0.20193903359540855
2497.0260411600025	0.2290000000002692	WheelMovementIntervals													-0.3350797066261748
2497.5820411600025	0.4800000000000182	WheelMovementIntervals													-0.533524773794511
2500.2896460325005	3.254986179423213	trials	-1.0	1.0	1.5		1.0	0.2	2501.968644782502	2501.968537872393	2503.044537182503	2500.893752282501	2500.894785512501	2501.5250411600027	
2501.5250411600027	0.5529999999998836	WheelMovementIntervals													0.3613851176893377
2504.1432273025043	3.3177092472255936	trials	-1.0	1.0	1.5		1.0	0.2	2505.890252582506	2505.8901311184522	2506.960912172507	2504.8569892525047	2504.858055812505	2505.2860411600027	
2505.2860411600027	0.681999999999789	WheelMovementIntervals													0.3579739307815544
2507.177041160003	1.3079999999999927	WheelMovementIntervals													0.5894299927155089
2508.057335852508	3.403701413817089	trials	-1.0	1.0	1.5		0.125	0.2	2509.90065150251	2509.9005355350732	2510.960945462511	2509.2235525525093	2509.224652442509	2509.4570411600025	
2509.4570411600025	4.594000000000051	WheelMovementIntervals													4.415831115231867
2512.063835162512	4.809721594662278	trials	-1.0	1.0	1.5		1.0	0.2	2515.3072441225154	2515.3071483756735	2516.3734708225165	2514.7235691625147	2514.7245690625145	2515.0240411600025	
2515.0240411600025	1.1190000000001419	WheelMovementIntervals													-0.6215914653125765
2517.5081573425177	3.548689032063521	trials	-1.0	1.0	1.5		0.125	0.2	2519.4964584925197	2519.496350077086	2520.5567524525204	2518.144460372518	2518.1455269325184	2518.9240411600026	
2518.9240411600026	1.206000000000131	WheelMovementIntervals													-0.3285341514807669
2521.6594421725217	4.617411075892505	trials	1.0	1.0	1.5	0.25		0.2	2524.716036482525	2524.7159481803296	2525.776797062526	2522.3934354325224	2522.3944353325223	2522.5740411600027	
2522.5740411600027	0.7849999999998545	WheelMovementIntervals													0.1880269611640415
2523.800041160003	1.3309999999996762	WheelMovementIntervals													-0.5090039299821001
2525.423041160003	0.22800000000006548	WheelMovementIntervals													-0.04834999641752802
2526.6940411600026	0.5920000000000982	WheelMovementIntervals													-0.1279533227994989
2526.8894524525267	4.3373072596286875	trials	-1.0	1.0	1.5		1.0	0.2	2529.66004203253	2529.659955812173	2530.726735352531	2527.8399240625276	2527.840723982528	2528.691041160003	
2528.691041160003	2.1989999999996144	WheelMovementIntervals													-1.1350788899379722
2531.8290584425317	4.610782388025655	trials	-1.0	1.0	1.5		0.25	0.2	2534.878453472535	2534.8783454723816	2535.939780662536	2532.5230557025325	2532.5239556125325	2533.0850411600027	
2533.0850411600027	2.5540000000000873	WheelMovementIntervals													-0.4042246325808492
2537.0506362325373	2.7724004778378912	trials	1.0	1.0	1.5	0.0625		0.2	2538.2550491125385	2538.254935136939	2539.3229756425394	2537.6094803425376	2537.610546902538	2538.0160411600027	
2538.0160411600027	0.9250000000001819	WheelMovementIntervals													-1.0304751590037995
2540.4142331725407	3.728502327284332	trials	-1.0	1.0	1.5		0.25	0.2	2542.5723506725426	2542.572233361968	2543.6426769625436	2541.1758903325413	2541.1767902425413	2541.7120411600026	
2541.7120411600026	1.3650000000002365	WheelMovementIntervals													-0.8050318496964337
2544.7433335525448	3.23301686379682	trials	-1.0	1.0	1.5		0.0625	0.2	2546.4104668225464	2546.4103412166132	2547.4763268925476	2545.2396172525455	2545.240417172545	2545.798041160003	
2545.798041160003	1.0489999999999782	WheelMovementIntervals													-0.33943733804380827
2548.5671511325486	4.608812835815115	trials	1.0	1.0	1.5	0.25		0.2	2551.6025475625515	2551.602458268883	2552.6759068825527	2549.089532222549	2549.090332142549	2550.5580411600026	
2550.079041160003	0.06500000000005457	WheelMovementIntervals													-0.01635407476396722
2550.5580411600026	0.3140000000003056	WheelMovementIntervals													-0.19616136673050732
2551.4890411600027	0.48500000000012733	WheelMovementIntervals													-0.15821084010815412
2553.777463382554	3.578485480568361	trials	-1.0	1.0	1.5		0.0625	0.2	2555.789162192556	2555.7890540964086	2556.855922172557	2554.4559621925546	2554.4569287625545	2555.052041160003	
2555.052041160003	2.563000000000102	WheelMovementIntervals													-2.641723095397765
2558.3200424125585	3.388903780184137	trials	1.0	1.0	1.5	0.0625		0.2	2560.14366003256	2560.1435433704396	2561.2088535025614	2558.858721872559	2558.859521792559	2559.7480411600027	
2559.7480411600027	0.41899999999986903	WheelMovementIntervals													-0.2886346572331604
2562.2987445025624	3.323609147352272	trials	-1.0	1.0	1.5		1.0	0.2	2564.0673676225642	2564.0672483056933	2565.122328782565	2562.989175452563	2562.990108692563	2563.6450411600026	
2563.6450411600026	1.268000000000029	WheelMovementIntervals													-0.3454752357816915
2566.2141529225664	3.091501293316469	trials	-1.0	1.0	1.5		1.0	0.2	2567.7479661925677	2567.7478525719794	2568.8055604225688	2566.908683462567	2566.909716692567	2567.2770411600027	
2567.2770411600027	1.6050000000000182	WheelMovementIntervals													-1.4943930675613046
2569.88885208257	3.2540149429223675	trials	-1.0	1.0	1.5		0.0625	0.2	2571.5682507925717	2571.568158762052	2572.642809992573	2570.4091667125704	2570.4103332625705	2570.8600411600028	
2570.8600411600028	1.3200000000001637	WheelMovementIntervals													-0.480070635860784
2573.735467382574	3.186692488214703	trials	-1.0	1.0	1.5		0.25	0.2	2575.3579717825755	2575.357862539975	2576.4220653625766	2574.2554820425744	2574.256581932574	2574.716041160003	
2574.716041160003	1.406999999999698	WheelMovementIntervals													-0.7323048076603982
2577.5145561025774	4.193819557933693	trials	-1.0	1.0	1.5		1.0	0.2	2580.14905929258	2580.1489671318586	2581.208253362581	2578.1257616425783	2578.126861532578	2578.4490411600027	
2578.4490411600027	2.298999999999978	WheelMovementIntervals													-0.6976966287938922
2582.3131761925824	3.142096270109505	trials	-1.0	1.0	1.5		0.125	0.2	2583.8977510525838	2583.897673303112	2584.955211962585	2582.938713632583	2582.939780192583	2583.2770411600027	
2583.2770411600027	1.9020000000000437	WheelMovementIntervals													-1.5818973718510279
2586.047569382586	3.4576975538138868	trials	-1.0	1.0	1.5		0.0	0.2	2587.941379982588	2587.9412669475173	2589.005206922589	2586.8088932425867	2586.809726492587	2587.267041160003	
2587.267041160003	1.931999999999789	WheelMovementIntervals													-1.980646927763928
2590.09926417259	3.426400184927843	trials	-1.0	1.0	1.5		0.25	0.2	2591.969077172592	2591.968963182152	2593.025571512593	2590.7085699025906	2590.709669792591	2591.0560411600027	
2591.0560411600027	1.9459999999999127	WheelMovementIntervals													-1.0255290994463166
2594.120162042594	3.2713130074857872	trials	-1.0	1.0	1.5		0.25	0.2	2595.8312575825958	2595.831167799876	2596.8914182225967	2594.7550318825947	2594.7559317925948	2595.195041160003	
2595.195041160003	1.1579999999999018	WheelMovementIntervals													-0.4144129734499984
2597.989575062598	3.315381503032768	trials	-1.0	1.0	1.5		1.0	0.2	2599.7487657926	2599.7486641872306	2600.8049601626008	2598.721501862599	2598.7225350925987	2599.140041160003	
2599.140041160003	1.0789999999997235	WheelMovementIntervals													-0.4244790713304383
2601.897450902602	3.777926980008033	trials	-1.0	1.0	1.5		0.25	0.2	2604.103763582604	2604.1036654903	2605.1752564226053	2602.6244781926025	2602.625478092603	2603.2640411600028	
2603.2640411600028	1.324999999999818	WheelMovementIntervals													0.2878723462970356
2606.274279842606	3.33050788967239	trials	-1.0	1.0	1.5		1.0	0.2	2608.044069512608	2608.0439829721504	2609.1046967726093	2606.854855112607	2606.855721692607	2607.5650411600027	
2607.5650411600027	1.318000000000211	WheelMovementIntervals													-0.7797348743250723
2609.885041160003	0.7210000000000036	WheelMovementIntervals													-0.9736458511845285
2610.2043867926104	3.8545910740353975	trials	-1.0	1.0	1.5		1.0	0.2	2612.4979574126123	2612.4978802916285	2613.5588846426135	2611.2084197126114	2611.2093529526114	2611.765041160003	
2611.765041160003	1.9659999999998945	WheelMovementIntervals													-1.1993924185563856
2614.6636741526145	5.324207632183516	trials	1.0	1.0	1.5	0.0625		0.2	2618.4256645826185	2618.425578132124	2619.4878250226193	2615.137993382615	2615.138926622615	2618.0200411600026	
2618.0200411600026	1.262000000000171	WheelMovementIntervals													-1.3799114502940029
2620.600280432621	2.4210014524282997	trials	1.0	1.0	1.5	0.0625		0.8	2621.4580613126213	2621.4579802386297	2622.5211883226225	2621.2576146926212	2621.2585146026213	2621.2230411600026	
2621.2230411600026	0.7789999999999964	WheelMovementIntervals													-0.5890667341815288
2623.6067797526234	6.947710467220986	trials	1.0	1.0	1.5	0.125		0.8	2628.996874022629	2628.99678632146	2630.0544015926303	2624.240683022624	2624.2417829126243	2627.4800411600027	
2625.258041160003	0.23299999999971988	WheelMovementIntervals													-0.06244990133063766
2626.2840411600027	0.21199999999998909	WheelMovementIntervals													-0.030815149538398146
2626.8440411600027	0.29100000000016735	WheelMovementIntervals													-0.041465992598659795
2627.4800411600027	1.1000000000003638	WheelMovementIntervals													-0.2406313993836875
2628.9020411600027	0.7100000000000364	WheelMovementIntervals													-0.16123830795049798
2631.180388982631	3.511092635242221	trials	1.0	1.0	1.5	0.125		0.8	2633.121794822633	2633.121683804825	2634.1913878526343	2631.7072029626315	2631.7083361826317	2632.783041160003	
2632.783041160003	0.7100000000000364	WheelMovementIntervals													-0.41775132612656307
2634.4910411600026	0.06300000000010186	WheelMovementIntervals													-0.0023801710123052544
2635.2895780226354	6.081198534985106	trials	1.0	1.0	1.5	0.0625		0.8	2639.80769283264	2639.8075754483193	2640.870686522641	2635.870786562636	2635.8719531126358	2638.2520411600026	
2636.3220411600028	0.3350000000000364	WheelMovementIntervals													-0.08121105460736544
2637.1450411600026	0.27400000000034197	WheelMovementIntervals													-0.061653116303887145
2637.767041160003	0.24899999999979627	WheelMovementIntervals													-0.04171169580274636
2638.2520411600026	1.9720000000002074	WheelMovementIntervals													-0.7537017441087528
2641.709041160003	2.117999999999938	WheelMovementIntervals													-3.871411454492545
2641.993774202642	7.0768977240445565	trials	1.0	1.0	1.5	1.0		0.8	2647.5149886926474	2647.514870866722	2648.5706164526487	2644.4239311626443	2644.4247977426444	2646.781041160003	
2646.781041160003	0.8299999999999272	WheelMovementIntervals													-0.29860763382623645
2648.405041160003	0.11000000000012733	WheelMovementIntervals													-0.005961983229099133
2649.70626954265	3.2169192568881044	trials	1.0	1.0	1.5	0.0625		0.8	2651.3663701826513	2651.3662779315982	2652.423131162652	2650.2574477526505	2650.2583809926505	2650.599041160003	
2650.599041160003	1.9270000000001346	WheelMovementIntervals													-0.48015763764703934
2653.5134887826534	3.3100097323467708	trials	1.0	1.0	1.5	0.0625		0.8	2655.258080972655	2655.257992857901	2656.3234744226565	2654.070366422654	2654.0713663226543	2654.495041160003	
2654.495041160003	2.8159999999998035	WheelMovementIntervals													-0.6912125203566575
2657.4217979126574	2.551890714228648	trials	1.0	1.0	1.5	1.0		0.8	2658.4125988226583	2658.4124935312925	2659.4736593726593	2658.0537347126583	2658.054601292658	2658.2100411600027	
2658.2100411600027	0.7229999999999563	WheelMovementIntervals													-0.5171948118896808
2660.5602840326605	5.713103921692436	trials	1.0	1.0	1.5	0.125		0.8	2664.7049028626648	2664.704784701291	2665.773296012666	2661.053668022661	2661.054534602661	2664.553041160003	
2664.553041160003	0.3949999999999818	WheelMovementIntervals													-0.5531865982151203
2665.280041160003	0.3649999999997817	WheelMovementIntervals													-0.07377010705067732
2666.882785052667	6.474193159357128	trials	1.0	1.0	1.5	0.125		0.8	2671.787994482672	2671.7878783546616	2672.8568875826727	2667.4366963226676	2667.4377628826674	2671.285041160003	
2671.285041160003	1.1300000000001091	WheelMovementIntervals													-0.8329379329143194
2673.6410411600027	0.16000000000030923	WheelMovementIntervals													-0.05418716141684854
2673.978975362674	6.4110283582608645	trials	1.0	-1.0	0.0		1.0	0.8	2677.827957092678	2677.826990583161	2679.88991754268	2674.5534179126744	2674.5543178226744	2676.3750411600026	
2676.3750411600026	0.6460000000001855	WheelMovementIntervals													-0.27071610672896895
2677.810041160003	2.118999999999687	WheelMovementIntervals													-1.077366764694716
2681.0326032626813	6.037097046933923	trials	-1.0	-1.0	0.0	0.125		0.8	2684.5028562026846	2684.5021004161727	2686.569682832687	2681.636509532682	2681.6375427626817	2683.660041160003	
2683.021041160003	0.1269999999999527	WheelMovementIntervals													-0.052265821639139176
2683.660041160003	1.3130000000001019	WheelMovementIntervals													0.4892629616820159
2686.550041160003	2.637000000000171	WheelMovementIntervals													6.04430920186644
2688.089797472688	8.566111278313201	trials	1.0	1.0	1.5	0.0625		0.8	2695.090197362695	2695.0901050550137	2696.1557907926963	2689.6732724426897	2689.67410569269	2693.9670411600027	
2693.9670411600027	2.9390000000003056	WheelMovementIntervals													-6.235505793706238
2697.160041160003	0.18499999999994543	WheelMovementIntervals													-0.06454801130075793
2697.3222074726973	8.249812688348811	trials	1.0	1.0	1.5	0.0625		0.8	2704.009705322704	2704.009616136816	2705.071965752705	2698.102862732698	2698.103962622698	2703.7350411600028	
2703.7350411600028	1.2429999999999382	WheelMovementIntervals													-2.904479841338457
2706.206218982706	6.532987444301398	trials	-1.0	1.0	1.5		1.0	0.8	2711.1785217027114	2711.1784079045156	2712.2391822927125	2706.952677662707	2706.953477582707	2710.522041160003	
2710.522041160003	2.451999999999771	WheelMovementIntervals													-2.3412466157915333
2713.3650030327135	5.770697479425053	trials	1.0	1.0	1.5	0.125		0.8	2717.5760152227176	2717.5758997340354	2718.6356425827184	2713.952444282714	2713.953377522714	2715.705041160003	
2715.705041160003	0.1639999999997599	WheelMovementIntervals													-0.19867524783012414
2717.509041160003	0.2689999999997781	WheelMovementIntervals													-0.28912000319428444
2719.0250411600027	0.5199999999999818	WheelMovementIntervals													-0.18118365866712338
2719.7476980327197	16.207410280100248	trials	1.0	1.0	1.5	0.0		0.8	2734.3982994927346	2734.398205517424	2735.4550938027355	2721.7894938327217	2721.790260422722	2734.193041160003	
2719.876041160003	1.3769999999999527	WheelMovementIntervals													-0.48777550459408303
2734.193041160003	2.474999999999909	WheelMovementIntervals													-3.014310144951196
2736.6596066727366	16.595305021687636	trials	1.0	1.0	1.5	0.125		0.8	2751.687437072752	2751.6873094089938	2752.7548969827526	2737.135325762737	2737.1363589927373	2751.269041160003	
2751.269041160003	0.8530000000000655	WheelMovementIntervals													-0.9777689902934981
2752.494041160003	0.3550000000000182	WheelMovementIntervals													-0.04109054924629163
2753.959709822754	2.7120040743643585	trials	1.0	1.0	1.5	1.0		0.8	2755.105928522755	2755.1058106993864	2756.171688602756	2754.6683389527548	2754.6694055127546	2754.799041160003	
2754.799041160003	1.7300000000000182	WheelMovementIntervals													-2.930052406578625
2757.267412352757	15.654031466530341	trials	-1.0	1.0	1.5		1.0	0.8	2771.357436542771	2771.357338875078	2772.4213634727726	2757.818190602758	2757.8190238527577	2766.174041160003	
2758.975041160003	0.31300000000010186	WheelMovementIntervals													0.02697835170079088
2766.174041160003	0.6769999999996799	WheelMovementIntervals													-0.2064394847461699
2769.781041160003	2.3719999999998436	WheelMovementIntervals													0.5335294421606704
2773.6245431427737	4.059901713084855	trials	1.0	1.0	1.5	0.25		0.8	2776.118727032776	2776.1186429665145	2777.184353792777	2774.1843871527744	2774.1854203827743	2775.251041160003	
2775.251041160003	1.6150000000002365	WheelMovementIntervals													-0.5651889102200585
2777.382041160003	1.3460000000000036	WheelMovementIntervals													-0.9769030000120438
2778.294042812778	6.143301565849924	trials	1.0	1.0	1.5	0.0		0.8	4077.5695022740774	2782.880542488648	4077.7410517840776	2779.2209834427795	2779.2220500027793	2782.691041160003	
2782.691041160003	0.8110000000001492	WheelMovementIntervals													-1.0038773656629019
2800.200041160003	2.2220000000002074	WheelMovementIntervals													1.3300850738389727
2802.718041160003	0.16699999999991633	WheelMovementIntervals													0.01928713285997219
2811.4470411600028	1.456000000000131	WheelMovementIntervals													-0.3437164751505861
2815.359041160003	0.21500000000014552	WheelMovementIntervals													0.019660372809539695
2816.023041160003	1.2640000000001237	WheelMovementIntervals													0.3498215698191416
2824.315041160003	0.7659999999996217	WheelMovementIntervals													-0.7575230073032344
2826.082041160003	2.9830000000001746	WheelMovementIntervals													2.0791561335909137
2835.960041160003	0.2719999999999345	WheelMovementIntervals													0.03232772510568793
2845.304041160003	0.7699999999999818	WheelMovementIntervals													-0.19824141731737654
2853.910041160003	1.3630000000002838	WheelMovementIntervals													0.12643933627350634
2861.267041160003	1.30600000000004	WheelMovementIntervals													-0.623428422040206
2867.726041160003	0.49499999999989086	WheelMovementIntervals													0.09020152133825832
2872.094041160003	0.4110000000000582	WheelMovementIntervals													0.10162966346342728
2879.037041160003	1.0480000000002292	WheelMovementIntervals													-0.7446764349717796
2881.564041160003	0.15799999999990177	WheelMovementIntervals													-0.012284789098657711
2891.428041160003	0.8769999999999527	WheelMovementIntervals													0.25622567341770264
2896.863041160003	0.11799999999993815	WheelMovementIntervals													-0.03250913340752959
2897.263041160003	0.5	WheelMovementIntervals													-0.09274387244408899
2897.966041160003	0.25	WheelMovementIntervals													-0.023314345312883233
2898.488041160003	0.06500000000005457	WheelMovementIntervals													-0.0060793389916398155
2898.855041160003	0.7010000000000218	WheelMovementIntervals													-0.0449179505351367
2900.574041160003	1.0619999999998981	WheelMovementIntervals													-0.13058996639870202
2903.004041160003	1.2699999999999818	WheelMovementIntervals													-0.45032301871810887
2908.444041160003	0.4699999999997999	WheelMovementIntervals													0.12397266801849582
2910.4940411600032	0.7809999999999491	WheelMovementIntervals													-0.13841322235634834
2916.543041160003	0.11799999999993815	WheelMovementIntervals													0.008931866532520871
2918.984041160003	0.6739999999999782	WheelMovementIntervals													-0.09075617076132403
2921.062041160003	0.2760000000002947	WheelMovementIntervals													-0.08359361700263435
2926.281041160003	1.7570000000000618	WheelMovementIntervals													-0.4625337149811912
2936.958041160003	0.9119999999998072	WheelMovementIntervals													0.23326270067718724
2940.315041160003	0.4119999999998072	WheelMovementIntervals													-0.02663231095266383
2952.9450411600033	0.056999999999789	WheelMovementIntervals													0.013623502795326203
2956.043041160003	2.06899999999996	WheelMovementIntervals													0.9471597999724963
2973.877041160003	1.1759999999999309	WheelMovementIntervals													-0.5034764131924021
2978.016041160003	0.8989999999998872	WheelMovementIntervals													-2.436429771260009
2980.257041160003	0.5589999999997417	WheelMovementIntervals													-0.0915729293340064
2995.4810411600033	0.8529999999996107	WheelMovementIntervals													0.13023236911521963
2999.379041160003	0.10600000000022192	WheelMovementIntervals													0.013466218861367452
3002.266041160003	1.0639999999998508	WheelMovementIntervals													-4.17936963708712
3034.206041160003	4.116999999999734	WheelMovementIntervals													-5.984882668043838
3071.310041160003	1.580000000000382	WheelMovementIntervals													-1.996052789270152
3073.1800411600034	0.11199999999962529	WheelMovementIntervals													-0.023507613673928063
3075.4570411600034	0.17699999999967986	WheelMovementIntervals													-0.14400865615812108
3075.995041160003	0.2820000000001528	WheelMovementIntervals													-0.24168816310498187
3077.7690411600033	0.05999999999994543	WheelMovementIntervals													-0.01152964437983428
3079.333041160003	0.10500000000001819	WheelMovementIntervals													-0.04572683723654336
3079.819041160003	1.143000000000029	WheelMovementIntervals													0.39832744947602805
3082.634041160003	1.0109999999999673	WheelMovementIntervals													-1.1038722413761661
3086.087041160003	0.6410000000000764	WheelMovementIntervals													-0.372509026979742
3087.315041160003	0.7609999999999673	WheelMovementIntervals													-0.9131120919912519
3088.7070411600034	1.3589999999999236	WheelMovementIntervals													-1.296615918206271
3091.0460411600034	0.44399999999996	WheelMovementIntervals													-0.15677246568247938
3092.4540411600033	0.16499999999996362	WheelMovementIntervals													-0.03506811491502049
3093.417041160003	0.7810000000004038	WheelMovementIntervals													-0.45034000168539023
3095.5480411600033	0.13400000000001455	WheelMovementIntervals													-0.02916152470538691
3095.9810411600033	0.8910000000000764	WheelMovementIntervals													-0.6964139144231467
3101.9300411600034	0.668999999999869	WheelMovementIntervals													-0.4293491483965681
3106.3410411600034	0.363999999999578	WheelMovementIntervals													-0.14832696956250402
3108.2380411600034	2.1109999999998763	WheelMovementIntervals													-0.6412860520863433
3112.080041160003	0.19600000000036744	WheelMovementIntervals													-0.016808901015110678
3117.509041160003	1.0390000000002146	WheelMovementIntervals													-0.18894123048903566
3120.1930411600033	0.6169999999997344	WheelMovementIntervals													-0.32478620043593764
3122.6620411600034	0.7889999999997599	WheelMovementIntervals													-0.1551461116689552
3125.668041160003	0.8299999999999272	WheelMovementIntervals													-1.1302726621784132
3127.4520411600033	1.4989999999997963	WheelMovementIntervals													-0.8585441567524867
3129.235041160003	0.0500000000001819	WheelMovementIntervals													-0.00662457092812474
3129.7850411600034	0.5829999999996289	WheelMovementIntervals													-0.12085027299576723
3130.989041160003	0.3530000000000655	WheelMovementIntervals													-0.0139909394129063
3132.226041160003	0.18299999999999272	WheelMovementIntervals													-0.04271622155351906
3133.308041160003	0.14700000000038926	WheelMovementIntervals													-0.010183671839286035
3136.672041160003	0.525000000000091	WheelMovementIntervals													-0.1751047081379511
3137.9860411600034	0.22899999999981446	WheelMovementIntervals													-0.021166372250945642
3140.5210411600033	0.2640000000001237	WheelMovementIntervals													-0.06536114424511652
3145.016041160003	2.249000000000251	WheelMovementIntervals													-2.21615384946449
3152.6180411600035	0.7590000000000146	WheelMovementIntervals													-0.10208647084346012
3154.1980411600034	0.22699999999986176	WheelMovementIntervals													-0.04922641567759456
3159.3680411600035	0.6999999999998181	WheelMovementIntervals													-0.41804210358259297
3163.806041160003	1.8090000000001965	WheelMovementIntervals													-0.8637229425160058
3166.188041160003	0.7339999999999236	WheelMovementIntervals													-1.1258936371482378
3169.8870411600033	0.17000000000007276	WheelMovementIntervals													-0.21091448754282283
3170.3760411600033	0.9809999999997672	WheelMovementIntervals													0.6366642115935974
3172.3000411600033	0.8090000000001965	WheelMovementIntervals													-0.5388780322480216
3173.3990411600034	1.5609999999996944	WheelMovementIntervals													-0.665329076686703
3176.770041160003	0.24400000000014188	WheelMovementIntervals													-0.4359552302703378
3187.759041160003	0.2880000000000109	WheelMovementIntervals													-0.060824675372487036
3189.8610411600034	0.3589999999999236	WheelMovementIntervals													-0.149785975044324
3191.7940411600034	0.9559999999996762	WheelMovementIntervals													-0.4931593960961891
3197.5990411600033	0.4259999999999309	WheelMovementIntervals													-0.8821672750170819
3198.4170411600035	1.0279999999997926	WheelMovementIntervals													-0.4139654921136753
3204.8230411600034	0.581000000000131	WheelMovementIntervals													-0.6471392966930125
3207.755041160003	0.5540000000000873	WheelMovementIntervals													-0.1799157854807163
3215.6150411600033	1.4290000000000873	WheelMovementIntervals													-1.2614573479902447
3217.7760411600034	0.2869999999998072	WheelMovementIntervals													0.021394983539266832
3220.9700411600033	0.4329999999999927	WheelMovementIntervals													-0.34094351427006586
3224.034041160003	1.4800000000000182	WheelMovementIntervals													-1.3016442320306396
3232.9480411600034	1.5050000000001091	WheelMovementIntervals													-0.3126476165314216
3236.815041160003	0.6670000000003711	WheelMovementIntervals													-0.9272775501653996
3239.313041160003	2.769000000000233	WheelMovementIntervals													-0.8891013801519421
3246.2800411600033	1.038000000000011	WheelMovementIntervals													-0.9902584962649144
3248.4800411600036	0.26099999999996726	WheelMovementIntervals													-0.220965767288817
3251.074041160003	0.8110000000001492	WheelMovementIntervals													-0.6713628635457098
3254.4390411600034	1.362999999999829	WheelMovementIntervals													-0.2618864853063769
3262.516041160003	0.44600000000036744	WheelMovementIntervals													-0.8256397960378763
3263.1550411600033	0.12800000000015643	WheelMovementIntervals													-0.007054677239239027
3268.4860411600034	0.9209999999998217	WheelMovementIntervals													-0.4971797339906061
3269.9140411600033	1.9360000000001492	WheelMovementIntervals													-2.170249505705897
3274.7110411600033	0.5450000000000728	WheelMovementIntervals													-0.12665679025349164
3280.1230411600036	0.1319999999996071	WheelMovementIntervals													-0.11185942797465032
3280.5240411600034	0.19900000000006912	WheelMovementIntervals													-0.024005162041248695
3285.1190411600032	0.8040000000000873	WheelMovementIntervals													0.520763573000977
3290.9510411600036	0.46900000000005093	WheelMovementIntervals													0.18113207499413875
3293.0180411600036	0.3469999999997526	WheelMovementIntervals													0.07828002736596318
3297.9350411600035	0.28199999999969805	WheelMovementIntervals													-0.5508859556016432
3298.6530411600033	0.16899999999986903	WheelMovementIntervals													-0.15943352542490175
3306.6930411600033	0.44399999999996	WheelMovementIntervals													-0.25702469147131524
3307.572041160003	0.9080000000003565	WheelMovementIntervals													-0.09812510968117749
3320.8900411600034	1.3359999999997854	WheelMovementIntervals													-1.3414622783695904
3329.5700411600033	0.6000000000003638	WheelMovementIntervals													-0.07561635287584068
3331.1700411600036	1.294999999999618	WheelMovementIntervals													-0.4070630250096201
3332.8710411600036	0.05199999999967986	WheelMovementIntervals													-0.005532827687375175
3334.8560411600033	1.47400000000016	WheelMovementIntervals													-1.555317019081258
3346.1640411600033	0.5080000000002656	WheelMovementIntervals													-0.4523421131402756
3348.0850411600036	0.7399999999997817	WheelMovementIntervals													-0.12343741723111634
3352.1830411600035	0.3930000000000291	WheelMovementIntervals													0.09615514549068394
3358.1690411600034	1.018000000000029	WheelMovementIntervals													-1.3211960300761803
3360.7390411600036	0.27700000000004366	WheelMovementIntervals													0.01038764610598264
3363.4820411600035	0.18800000000010186	WheelMovementIntervals													0.010276576022761219
3368.0590411600033	0.6700000000000728	WheelMovementIntervals													-0.485992871480903
3369.0180411600036	0.5160000000000764	WheelMovementIntervals													-0.1703321650397811
3384.5100411600033	0.11300000000028376	WheelMovementIntervals													-0.049958335080646066
3389.3730411600036	0.07799999999997453	WheelMovementIntervals													-0.017153759002439983
3390.6710411600034	0.9200000000000728	WheelMovementIntervals													-0.4530600626958403
3397.8880411600035	1.6900000000000546	WheelMovementIntervals													-2.756431950955175
3400.6500411600036	5.826000000000022	WheelMovementIntervals													-14.06191723291272
3428.9850411600037	0.5499999999997272	WheelMovementIntervals													-1.5750478248014588
3429.8810411600034	2.7800000000002	WheelMovementIntervals													-7.243329929728134
3444.5200411600035	2.782000000000153	WheelMovementIntervals													-3.047581243570903
3448.8670411600037	1.4659999999998945	WheelMovementIntervals													-0.8740508112982752
3454.3680411600035	2.7260000000001128	WheelMovementIntervals													2.971292019414477
3460.3880411600035	2.7789999999999964	WheelMovementIntervals													3.856961555693033
3463.5380411600036	1.40099999999984	WheelMovementIntervals													-0.581577040354432
3468.6310411600034	1.4100000000003092	WheelMovementIntervals													2.1695794317104173
3475.6180411600035	1.5770000000002256	WheelMovementIntervals													1.5048699250387472
3481.6880411600036	2.900000000000091	WheelMovementIntervals													-1.627560121379247
3491.4920411600037	1.0609999999996944	WheelMovementIntervals													-0.5275591158083444
3493.9940411600037	1.3170000000000073	WheelMovementIntervals													0.6092143558914813
3499.5090411600036	0.5940000000000509	WheelMovementIntervals													0.14653236849130735
3501.6460411600037	0.5289999999999964	WheelMovementIntervals													-0.13461697825277952
3502.7040411600037	4.824000000000069	WheelMovementIntervals													2.9572034374625673
3517.4290411600036	1.9719999999997526	WheelMovementIntervals													-2.1163425999013725
3527.6390411600037	2.7739999999998872	WheelMovementIntervals													-0.8599847586840497
3532.3800411600037	0.7689999999997781	WheelMovementIntervals													-0.2813027443696683
3539.3040411600036	2.7910000000001673	WheelMovementIntervals													-1.9074586161552816
3554.1050411600036	1.7580000000002656	WheelMovementIntervals													-0.2601818516147887
3563.852041160004	3.755999999999858	WheelMovementIntervals													-1.7165206755203144
3568.7340411600035	2.343000000000302	WheelMovementIntervals													-1.4072737657720609
3584.8700411600034	0.7300000000000182	WheelMovementIntervals													-0.15624585608566122
3585.7620411600037	0.08799999999973807	WheelMovementIntervals													-0.005343842549791589
3589.4950411600034	5.131000000000313	WheelMovementIntervals													1.7018298271852927
3598.6660411600037	0.7530000000001564	WheelMovementIntervals													-0.7450332692849315
3601.5920411600036	0.31500000000005457	WheelMovementIntervals													0.0154210385942406
3602.6080411600037	0.22499999999990905	WheelMovementIntervals													0.01678380772955279
3608.2210411600036	0.5970000000002074	WheelMovementIntervals													-0.23180861675382403
3614.8400411600037	0.41600000000016735	WheelMovementIntervals													-0.10322539813546427
3617.950041160004	0.46499999999969077	WheelMovementIntervals													-0.05805518561783174
3619.939041160004	0.3419999999996435	WheelMovementIntervals													-0.09947673517717703
3621.9540411600037	4.637000000000171	WheelMovementIntervals													-2.557281513743874
3630.8470411600038	2.2979999999997744	WheelMovementIntervals													-1.5100629507508074
3633.401041160004	7.291999999999916	WheelMovementIntervals													-13.165720604038825
3645.555041160004	0.6320000000000618	WheelMovementIntervals													-0.9934688601092603
3646.4890411600036	2.338000000000193	WheelMovementIntervals													-4.215695342170193
3652.865041160004	0.3510000000001128	WheelMovementIntervals													-0.10183002803864838
3653.8370411600035	2.8710000000000946	WheelMovementIntervals													1.1914300859441482
3665.399041160004	0.42899999999963256	WheelMovementIntervals													-0.022151452511707248
3674.709041160004	0.3609999999998763	WheelMovementIntervals													-0.04452583469401361
3680.5340411600037	1.1080000000001746	WheelMovementIntervals													-0.9352303401149129
3682.4330411600035	0.12800000000015643	WheelMovementIntervals													-0.013878571593750166
3688.533041160004	0.6799999999998363	WheelMovementIntervals													-0.2630088729954423
3698.8400411600037	0.6790000000000873	WheelMovementIntervals													-0.11604734228103553
3701.8620411600036	1.0050000000001091	WheelMovementIntervals													-0.19626068927254892
3705.566041160004	1.837999999999738	WheelMovementIntervals													-2.6469144838290504
3714.1210411600036	0.06500000000005457	WheelMovementIntervals													-0.017910973240304884
3716.866041160004	0.40499999999974534	WheelMovementIntervals													-0.03606251954397521
3721.154041160004	0.4219999999995707	WheelMovementIntervals													-0.22673185313374233
3726.935041160004	2.169999999999618	WheelMovementIntervals													-4.271620666110039
3729.939041160004	0.5619999999998981	WheelMovementIntervals													-0.4205939479065819
3730.7370411600036	0.14400000000023283	WheelMovementIntervals													-0.008650348759147164
3738.035041160004	0.5059999999998581	WheelMovementIntervals													-0.2727114846054519
3747.067041160004	5.786999999999807	WheelMovementIntervals													-4.958422289173086
3756.7420411600037	0.0929999999998472	WheelMovementIntervals													-0.015563897319680109
3757.1860411600037	0.5650000000000546	WheelMovementIntervals													-0.42643681388017285
3758.218041160004	0.20800000000008367	WheelMovementIntervals													-0.03956684945933375
3758.6900411600036	0.7230000000004111	WheelMovementIntervals													0.7538254652915839
3762.0160411600036	2.2720000000003893	WheelMovementIntervals													-0.5547327723961644
3767.863041160004	0.8730000000000473	WheelMovementIntervals													-0.6654000129003634
3771.781041160004	0.9220000000000255	WheelMovementIntervals													0.2273996631170121
3774.718041160004	0.5010000000002037	WheelMovementIntervals													-0.04725453550486236
3777.9000411600036	1.5280000000002474	WheelMovementIntervals													-0.38037547068211097
3780.9110411600036	3.8470000000002074	WheelMovementIntervals													-1.4031076848909834
3788.4340411600037	0.4610000000002401	WheelMovementIntervals													-0.27103380292874135
3789.152041160004	0.08099999999967622	WheelMovementIntervals													-0.011339583380959084
3794.247041160004	1.2229999999999563	WheelMovementIntervals													-0.46956292821346324
3799.680041160004	0.7809999999999491	WheelMovementIntervals													-0.4735852529497606
3804.172041160004	0.19200000000000728	WheelMovementIntervals													-0.00980801714899826
3804.609041160004	0.06999999999970896	WheelMovementIntervals													0.009093461014799686
3806.114041160004	0.11400000000003274	WheelMovementIntervals													0.008959732965422518
3807.5210411600037	1.1179999999999382	WheelMovementIntervals													-0.2735739241168176
3816.392041160004	0.7350000000001273	WheelMovementIntervals													-0.1633520615685029
3818.586041160004	1.1829999999999927	WheelMovementIntervals													-0.6774702466143481
3824.249041160004	0.6970000000001164	WheelMovementIntervals													-0.08977158828724896
3828.413041160004	0.4519999999997708	WheelMovementIntervals													-0.6407903487965996
3835.372041160004	0.7530000000001564	WheelMovementIntervals													-0.5624168531846863
3841.631041160004	0.3809999999998581	WheelMovementIntervals													0.03178860721186538
3854.246041160004	0.7709999999997308	WheelMovementIntervals													0.23978596043161815
3856.819041160004	0.47499999999990905	WheelMovementIntervals													-0.11887701504315373
3859.8310411600037	0.1390000000001237	WheelMovementIntervals													-0.026790381137288932
3866.610041160004	0.1519999999995889	WheelMovementIntervals													-0.11377125756757778
3867.031041160004	0.4110000000000582	WheelMovementIntervals													-0.2669182283423197
3875.6280411600037	1.3390000000003965	WheelMovementIntervals													-1.3085351618078676
3881.846041160004	1.030999999999949	WheelMovementIntervals													-0.713422141674755
3887.537041160004	1.8220000000001164	WheelMovementIntervals													-1.3578643068385645
3893.5300411600037	0.3930000000000291	WheelMovementIntervals													0.03446603622319344
3895.717041160004	0.47100000000000364	WheelMovementIntervals													0.03478997320007693
3896.428041160004	0.4279999999998836	WheelMovementIntervals													0.015290370814909693
3902.441041160004	2.5340000000001055	WheelMovementIntervals													-1.1366524242514515
3909.166041160004	0.17699999999967986	WheelMovementIntervals													0.05740183943999
3912.871041160004	0.9589999999998327	WheelMovementIntervals													-0.157450433081749
3915.593041160004	0.40599999999994907	WheelMovementIntervals													-0.11100794871549624
3926.132041160004	1.2799999999997453	WheelMovementIntervals													-1.3345415184649028
3931.759041160004	0.6399999999998727	WheelMovementIntervals													-0.14851677463866508
3936.527041160004	1.7559999999998581	WheelMovementIntervals													-0.5204796289074238
3942.688041160004	1.2959999999998217	WheelMovementIntervals													-2.554089815439511
3949.754041160004	1.0509999999999309	WheelMovementIntervals													-0.12981801816295047
3953.349041160004	0.29399999999986903	WheelMovementIntervals													-0.11052162526380016
3960.716041160004	0.8960000000001855	WheelMovementIntervals													0.08090279121688582
3967.732041160004	0.8350000000000364	WheelMovementIntervals													-0.342063684209279
3970.648041160004	0.6269999999999527	WheelMovementIntervals													0.18418015274096433
3972.995041160004	0.21000000000003638	WheelMovementIntervals													0.02202530504951028
3975.734041160004	0.8710000000000946	WheelMovementIntervals													0.058551585249006166
3978.226041160004	0.22600000000011278	WheelMovementIntervals													-0.023241947315455036
3983.712041160004	1.04300000000012	WheelMovementIntervals													-0.26492778256488236
3987.969041160004	3.06899999999996	WheelMovementIntervals													-7.842910976552503
3991.717041160004	0.07400000000006912	WheelMovementIntervals													-0.010944907856128339
3994.279041160004	0.4859999999998763	WheelMovementIntervals													0.09575888015569944
4003.949041160004	1.1790000000000873	WheelMovementIntervals													-0.7466091932899417
4005.446041160004	0.44800000000032014	WheelMovementIntervals													-0.07187422908259578
4007.391041160004	0.27300000000013824	WheelMovementIntervals													-0.033507179893376815
4012.109041160004	0.7380000000002838	WheelMovementIntervals													0.30351324796265544
4014.780041160004	0.4839999999999236	WheelMovementIntervals													-0.2681315536717648
4018.027041160004	0.21000000000003638	WheelMovementIntervals													-0.05029122818223186
4022.803041160004	0.6700000000000728	WheelMovementIntervals													0.06926365159415582
4024.924041160004	0.9800000000000182	WheelMovementIntervals													-0.36891094374936984
4028.449041160004	0.4119999999998072	WheelMovementIntervals													-0.09286700511006529
4033.299041160004	0.5230000000001382	WheelMovementIntervals													-0.1203376349935752
4043.069041160004	0.56899999999996	WheelMovementIntervals													-0.2663160206545854
4043.782041160004	0.18699999999989814	WheelMovementIntervals													-0.014763897110697144
4046.188041160004	0.5900000000001455	WheelMovementIntervals													-0.0866241232097309
4051.739041160004	0.4600000000000364	WheelMovementIntervals													-0.08780047114237277
4055.351041160004	0.4470000000001164	WheelMovementIntervals													0.05315464519549096
4060.771041160004	0.7119999999999891	WheelMovementIntervals													0.23881319366159914
4061.987041160004	0.775000000000091	WheelMovementIntervals													-0.5044208109300143
4065.328041160004	1.4500000000002728	WheelMovementIntervals													2.178464471692905
4068.817041160004	1.3690000000001419	WheelMovementIntervals													0.388576901231545
4070.659041160004	0.54300000000012	WheelMovementIntervals													0.029101516705623
4074.449041160004	0.09000000000014552	WheelMovementIntervals													-0.005446612647347138
4074.8050411600043	0.2880000000000109	WheelMovementIntervals													0.021398736361106785
4080.047041160004	4.818000000000211	WheelMovementIntervals													5.859599874759397
