onset	duration	nwb_table	choice	feedback_type	reward_volume	contrast_left	contrast_right	probability_left	feedback_time	response_time	stim_off_time	stim_on_time	go_cue_time	first_movement_time	peak_amplitude
12.100131220199954	8.092159930933756	trials	1.0	1.0	1.5	1.0		0.5	18.63588458789212	18.635778008217535	19.692185467223144	18.1589293441957	18.15989592016126	18.379892336434164	
18.379892336434164	3.3850000000000016	WheelMovementIntervals													-0.5187651207951235
20.68129265184474	6.944066624809604	trials	1.0	-1.0	0.0		0.125	0.5	25.06348143805844	25.06243342483895	27.125287963219908	22.27500976802839	22.275843023171117	22.86089233643417	
22.86089233643417	1.3930000000000007	WheelMovementIntervals													-0.23580954328953918
24.81989233643417	3.158000000000005	WheelMovementIntervals													0.9499174161318749
28.123960916879994	2.4681235974123084	trials	1.0	1.0	1.5	0.25		0.5	29.03527540137668	29.03516852124744	30.092076233793343	28.625313871155438	28.626113796092454	28.834892336434173	
28.834892336434173	1.836000000000002	WheelMovementIntervals													-0.607799438302743
30.936892336434177	0.5219999999999985	WheelMovementIntervals													-0.053164664777499204
31.050086336488395	4.058561627258715	trials	-1.0	1.0	1.5		1.0	0.5	33.55231819988917	33.552223097185816	34.60855241880878	32.00836308082912	32.009429647411814	32.467892336434176	
32.467892336434176	3.6240000000000023	WheelMovementIntervals													1.0630844969743114
35.66635315739671	9.708769341916458	trials	-1.0	-1.0	0.0	0.0		0.5	42.81101605318741	42.81000270714234	44.87508903233709	36.65889335320634	36.65972660834906	37.09489233643418	
37.09489233643418	1.0960000000000036	WheelMovementIntervals													-0.2683567022927743
41.53289233643419	1.357999999999997	WheelMovementIntervals													0.40232641053162144
43.41589233643418	0.7120000000000033	WheelMovementIntervals													-0.19223230964771398
45.910425212277126	3.6815386637826037	trials	-1.0	1.0	1.5		0.0	0.5	48.03885881865097	48.038746407845814	49.09192666802822	46.40854513659879	46.40964503338719	46.71589233643419	
46.71589233643419	3.673000000000002	WheelMovementIntervals													0.942468370122066
50.08526678877487	2.989938225596248	trials	-1.0	1.0	1.5		1.0	0.5	51.51969885187499	51.51958416672662	52.575133145857585	50.99194837467799	50.99291495064355	51.2208923364342	
51.2208923364342	2.4299999999999997	WheelMovementIntervals													0.5293541360592795
53.5459087173392	3.9452482117475114	trials	-1.0	1.0	1.5		0.125	0.5	55.92285233747968	55.922736557759414	56.99111876066026	54.09175749623622	54.09255742117324	54.5068923364342	
54.5068923364342	2.8059999999999974	WheelMovementIntervals													0.41919283365240556
57.96716050464391	4.674348599663965	trials	-1.0	-1.0	0.0	1.0		0.5	60.06982986200466	60.068981458183856	62.14143546764459	58.44188262455782	58.44284920052338	58.4568923364342	
58.4568923364342	2.1439999999999984	WheelMovementIntervals													0.7063999375463821
63.104911724075926	3.0868302694053753	trials	-1.0	1.0	1.5		0.125	0.5	64.64843355046176	64.64832585876945	65.69170231936054	63.57510093601341	63.57613417239039	64.1738923364342	
64.1738923364342	2.3900000000000006	WheelMovementIntervals													0.4728455139615013
66.67464341592597	2.41712493990147	trials	-1.0	1.0	1.5		0.25	0.5	67.54076214148118	67.54065127655693	68.59166352748734	67.17499646403013	67.17609636081853	67.39289233643422	
67.39289233643422	2.122	WheelMovementIntervals													0.8465047134286987
69.57997078717192	2.978337139626632	trials	1.0	1.0	1.5	0.0		0.5	71.015669398089	71.01558772516141	72.0582382326679	70.20841181581595	70.20941172198722	70.88689233643422	
70.88689233643422	2.6540000000000106	WheelMovementIntervals													-0.3165560116482773
73.05101173991748	5.790541326539568	trials	1.0	1.0	1.5	0.0		0.5	77.29954640123792	77.29944059317937	78.34148196190834	74.00795527602985	74.00905517281825	77.18889233643422	
77.18889233643422	1.51400000000001	WheelMovementIntervals													-0.3383089791357765
79.34475448395628	2.380028288391216	trials	1.0	1.0	1.5	1.0		0.5	80.17147690636341	80.17136361419406	81.22467807656349	79.92480005391077	79.92566663925922	80.07289233643422	
80.07289233643422	1.6180000000000092	WheelMovementIntervals													-0.5166413047437182
82.20508607749503	5.436344125637618	trials	-1.0	1.0	1.5		0.0	0.5	86.09272127139793	86.0926162015419	87.14135620341588	82.7581341808252	82.75930073802502	83.04789233643423	
83.04789233643423	0.6689999999999969	WheelMovementIntervals													-0.15852012421734152
85.18489233643423	2.054000000000002	WheelMovementIntervals													0.7656552157999119
88.12123092105607	3.0202359137080776	trials	1.0	1.0	1.5	0.125		0.5	89.59575922162418	89.59564747702524	90.64142776533402	88.72430766315551	88.72530756932679	88.71789233643423	
88.71789233643423	2.6440000000000055	WheelMovementIntervals													-0.35716336007365523
91.60157100119446	2.82284112007018	trials	1.0	1.0	1.5	0.25		0.5	92.86858544101806	92.86848855864869	93.92435303705774	92.52471770871784	92.52555096386057	92.76189233643424	
91.63489233643423	0.19200000000000728	WheelMovementIntervals													-0.020563527635025558
92.76189233643424	1.9979999999999905	WheelMovementIntervals													-0.3199663459598394
95.0062181841676	3.284614789682635	trials	-1.0	1.0	1.5		0.125	0.5	96.72372368435464	96.72362487143167	97.7907902201297	95.52460287356035	95.52553611932021	95.92289233643424	
95.92289233643424	2.7409999999999997	WheelMovementIntervals													0.7366496245424639
98.76823183275312	2.573141133176918	trials	1.0	1.0	1.5	1.0		0.5	99.77927029273125	99.77914720708672	100.84130396744425	99.49136397581654	99.49249720281064	99.66589233643424	
99.66589233643424	1.8850000000000051	WheelMovementIntervals													-0.4008589634827171
101.73189233643424	0.10500000000000398	WheelMovementIntervals													0.00314700619372843
101.81587918237669	3.758734223565156	trials	-1.0	1.0	1.5		0.0625	0.5	104.00960666173455	104.00949798823375	105.07457339454993	102.49041588551633	102.49148245209902	102.84089233643425	
102.84089233643425	1.1880000000000024	WheelMovementIntervals													0.27899974158069174
106.04721545755126	4.327446338378266	trials	-1.0	1.0	1.5		0.25	0.5	108.82155512036067	108.82144388188738	109.87462296973791	106.70788679511593	106.70878671067007	106.82789233643425	
106.82789233643425	3.6840000000000117	WheelMovementIntervals													0.47552661397696383
110.86066377543428	3.413631642544914	trials	-1.0	1.0	1.5		0.25	0.5	112.69359177799174	112.69347915392332	113.77425703769607	111.62422545802276	111.6250587131655	112.06789233643426	
112.06789233643426	3.2759999999999962	WheelMovementIntervals													1.047651836936784
114.76369752437476	3.8441426161983685	trials	-1.0	1.0	1.5		0.125	0.5	117.04951636210671	117.0494216747341	118.10781705378028	115.79120110597317	115.792367663173	116.11889233643426	
116.11889233643426	2.534000000000006	WheelMovementIntervals													0.7636200693058477
119.23354475160325	6.87407003140342	trials	1.0	-1.0	0.0		0.0	0.5	123.53360791094987	123.5327873004139	125.60751330078371	119.90711487877732	119.90798146412575	120.35489233643426	
120.35489233643426	1.0490000000000066	WheelMovementIntervals													-0.2637919211431541
123.27889233643427	2.7180000000000035	WheelMovementIntervals													-0.46642314871157176
126.6242178957324	6.900068732985105	trials	-1.0	-1.0	0.0	0.0625		0.5	130.958877808605	130.95785980790347	133.02421733557162	127.22436157972945	127.22526149528359	127.53089233643426	
127.53089233643426	0.5230000000000103	WheelMovementIntervals													-0.19443650113029953
130.38989233643426	3.443000000000012	WheelMovementIntervals													2.1106502883661538
134.030989529219	2.843121482452574	trials	1.0	1.0	1.5	0.25		0.5	135.32400152949566	135.32389838885996	136.3741029905648	134.64049900102032	134.64156556760298	134.86689233643426	
134.86689233643426	2.765999999999991	WheelMovementIntervals													0.4820221311555546
137.3514112823654	4.072638922409283	trials	-1.0	1.0	1.5		0.0625	0.5	139.84614384948165	139.84603328599357	140.9239760417007	138.17410074988175	138.17516731646444	139.26089233643427	
139.26089233643427	1.875	WheelMovementIntervals													0.3865437480480818
141.89725137861052	2.8270224010425125	trials	-1.0	1.0	1.5		0.0625	0.5	143.16516573398826	143.16506007921737	144.22419969018742	142.5907862990043	142.59178620517557	142.90089233643425	
142.90089233643425	1.8160000000000025	WheelMovementIntervals													0.5973057669072279
145.19747502709723	2.460322889067612	trials	-1.0	1.0	1.5		1.0	0.5	146.08789147261433	146.0877825861436	147.15775774566893	145.75725583198061	145.75808908712335	145.84089233643428	
145.84089233643428	2.8289999999999793	WheelMovementIntervals													1.459978708129574
148.1389990017432	3.084830528999504	trials	1.0	1.0	1.5	0.25		0.5	149.64212461880967	149.64201241462115	150.72375645447957	149.24082894207277	149.24172885762692	149.48189233643427	
149.48189233643427	1.7620000000000005	WheelMovementIntervals													-0.5228353102284533
151.7071308437192	3.4504597851294534	trials	-1.0	1.0	1.5		0.0625	0.5	153.5888542674347	153.58876181021776	154.65745399267237	152.20745056161766	152.20838380737752	153.28689233643428	
153.28689233643428	2.459000000000003	WheelMovementIntervals													0.6970503202027416
155.6359955020842	3.354836593857641	trials	-1.0	1.0	1.5		0.0625	0.5	157.4281939932652	157.42811344756484	158.49072762106383	156.34076270180194	156.34199591941316	156.8258923364343	
156.8258923364343	1.945999999999998	WheelMovementIntervals													0.5817637019856541
159.47803497457713	3.045330745330972	trials	-1.0	1.0	1.5		1.0	0.5	160.9543297760478	160.95424890878058	162.02329613354829	160.0236837722399	160.02465034820545	160.34689233643428	
160.34689233643428	2.069000000000017	WheelMovementIntervals													1.0941478405159213
163.02836848670452	3.0120061034131425	trials	-1.0	1.0	1.5		1.0	0.5	164.4615673321934	164.46147043909411	165.54033277017234	163.67387458067157	163.67494114725426	163.89989233643428	
163.89989233643428	0.09600000000000364	WheelMovementIntervals													0.10145222820062116
164.3028923364343	2.709000000000003	WheelMovementIntervals													0.896537571061387
166.529773256851	2.9440401953582978	trials	1.0	1.0	1.5	1.0		0.5	167.90191116548093	167.9017910571214	168.9737772508781	167.57407526212677	167.5752418193266	167.7648923364343	
167.7648923364343	2.0600000000000023	WheelMovementIntervals													-0.39419876734627124
169.962617793854	3.3611332836074155	trials	-1.0	1.0	1.5		0.25	0.5	171.76164897720537	171.76153453719635	172.82368265191835	171.07384685219353	171.07488008857052	171.4618923364343	
170.2888923364343	0.17900000000000205	WheelMovementIntervals													0.017656995293670263
171.4618923364343	2.774000000000001	WheelMovementIntervals													0.8834881487180333
173.84065388851272	3.8332520805085153	trials	-1.0	1.0	1.5		0.125	0.5	176.11387390848665	176.11378358640079	177.17384111044566	174.89038871731904	174.89152194431315	175.2068923364343	
175.2068923364343	3.3930000000000007	WheelMovementIntervals													0.6979237395355007
178.20601092084334	6.784347804596223	trials	-1.0	-1.0	0.0	0.0		0.5	182.4384470928063	182.43744011308706	184.49025455625505	179.22334878970048	179.2244820166946	181.8278923364343	
181.8278923364343	1.896000000000015	WheelMovementIntervals													0.7990957955478599
185.49566021146836	4.794863374008315	trials	1.0	1.0	1.5	0.0625		0.5	188.71589136625337	188.71580075752294	189.79039053790154	186.20692680129937	186.2077933866478	186.2138923364343	
186.2138923364343	0.6129999999999995	WheelMovementIntervals													0.16724291607630093
188.4898923364343	0.492999999999995	WheelMovementIntervals													-0.4835027690073126
189.28289233643432	1.725999999999999	WheelMovementIntervals													0.16405076113706585
190.82002725266534	2.803823142909579	trials	1.0	1.0	1.5	0.25		0.5	192.06314393499557	192.0630361825497	193.12381107127447	191.54019300742064	191.54102626256338	191.7318923364343	
191.7318923364343	3.237000000000023	WheelMovementIntervals													-0.6137657356753472
194.1196509574493	10.120394459805226	trials	1.0	1.0	1.5	0.0625		0.5	202.67684797118926	202.67672828927948	203.73998154269066	195.67310518513642	195.67400510069055	196.02689233643432	
196.02689233643432	0.7860000000000014	WheelMovementIntervals													-0.23569850133242198
199.46389233643433	0.40799999999998704	WheelMovementIntervals													-0.0702781907866985
202.23689233643432	2.187000000000012	WheelMovementIntervals													-0.23633586045867716
204.80254850069497	4.271046752008431	trials	1.0	-1.0	0.0		0.125	0.5	206.52692002325807	206.52606655970934	208.5735279746162	205.4402553265261	205.4412552326974	205.95389233643434	
205.95389233643434	1.5379999999999825	WheelMovementIntervals													-0.3179034016905291
209.59569872330118	2.677632410187755	trials	1.0	1.0	1.5	0.0625		0.5	210.7008950144074	210.70081127419505	211.77329438309587	210.34006220740127	210.3408621323383	210.59389233643432	
210.59389233643432	1.975999999999999	WheelMovementIntervals													-0.38541310980608046
212.7739338188928	4.565752568243113	trials	1.0	1.0	1.5	0.0		0.5	215.77365233270677	215.77356638450252	216.8395856414877	213.27345361185425	213.27452017843692	215.20989233643434	
215.20989233643434	2.358000000000004	WheelMovementIntervals													-0.31233392776850266
217.85859002063032	2.6981284638804084	trials	1.0	1.0	1.5	1.0		0.5	218.98788405046415	218.9878010961989	220.05658376631894	218.440102119636	218.44113535601298	218.63189233643433	
218.63189233643433	2.460000000000008	WheelMovementIntervals													-0.3294348432502403
221.0843206593573	2.3555013487805354	trials	1.0	1.0	1.5	1.0		0.5	221.8777128760554	221.8776204400357	222.93977988097407	221.5733414375204	221.5744413343088	221.76289233643433	
221.76289233643433	1.4910000000000139	WheelMovementIntervals													-0.38528778564687727
223.59089233643434	0.6980000000000075	WheelMovementIntervals													0.05805108046318708
223.9238208743279	2.899542642254346	trials	1.0	1.0	1.5	0.25		0.5	225.2681613913965	225.2680397159491	226.3232957135277	224.85673333212404	224.8577332382953	225.06689233643434	
225.06689233643434	1.632000000000005	WheelMovementIntervals													-0.28581956810427656
227.32346852644469	5.799865844015102	trials	1.0	-1.0	0.0		0.0	0.5	230.55869827379877	230.55770412840377	232.62320454562266	228.09006325775272	228.09106316392396	229.45189233643436	
228.52989233643436	0.2189999999999941	WheelMovementIntervals													-0.022724781948340933
229.06689233643434	0.0700000000000216	WheelMovementIntervals													-0.008035726404067134
229.45189233643436	1.4059999999999775	WheelMovementIntervals													-0.2740314083097779
233.50289233643434	0.575000000000017	WheelMovementIntervals													-0.18183188769468828
233.68203852058758	3.7578309646172556	trials	-1.0	1.0	1.5		1.0	0.5	235.8870316094751	235.8869561024086	236.93983281720668	234.77323612529597	234.77433602208438	235.21289233643435	
235.21289233643435	2.540999999999997	WheelMovementIntervals													0.9860902672955696
237.9382724594268	2.8011221014983505	trials	1.0	1.0	1.5	0.0625		0.5	239.1642907462283	239.1641816944836	240.2393232011678	238.52258429571205	238.52361753208905	238.93689233643434	
238.93689233643434	2.109000000000009	WheelMovementIntervals													-0.3480152870771782
241.23639630495384	3.6034436489749737	trials	1.0	1.0	1.5	0.125		0.5	243.29230338370482	243.292219495855	244.33980508872864	241.95652872950345	241.95759529608614	242.58789233643435	
242.58789233643435	2.649000000000001	WheelMovementIntervals													-0.7274029841448488
245.35874280745983	2.614026318834277	trials	1.0	1.0	1.5	0.0625		0.5	246.4085442966776	246.40845217155785	247.47271110455597	245.85626278807874	245.8572293640443	246.31589233643436	
246.31589233643436	1.688999999999993	WheelMovementIntervals													-0.43750562746490473
248.5928726580255	2.8634172268267832	trials	1.0	1.0	1.5	0.125		0.5	249.8884844143475	249.88837954715743	250.9562175542367	249.0896260439131	249.09052595946724	249.37389233643435	
249.37389233643435	2.0160000000000196	WheelMovementIntervals													-0.45958189775719305
251.96468958837525	6.1917652617915735	trials	1.0	-1.0	0.0		0.25	0.5	255.605481278797	255.60462619004934	257.65638882669157	252.4731418764667	252.4741751128437	254.59889233643437	
254.59889233643437	1.7849999999999966	WheelMovementIntervals													-0.3385157988202856
258.6927582430086	2.3803289051770093	trials	1.0	1.0	1.5	0.125		0.5	259.5256800836776	259.5255676563651	260.5729818074672	259.2229418252224	259.2237750803651	259.42989233643436	
259.42989233643436	1.3810000000000286	WheelMovementIntervals													-0.7713670167525848
261.55558960197556	7.017254206541509	trials	1.0	-1.0	0.0		0.0625	0.5	266.0090716982009	266.0081220931442	268.0727780450878	263.222866482159	263.2237663977132	265.28089233643436	
262.0508923364344	0.55499999999995	WheelMovementIntervals													-0.1501606190538709
265.28089233643436	3.0270000000000437	WheelMovementIntervals													-0.4857526524119038
269.1263458475506	2.496643129270751	trials	1.0	1.0	1.5	0.125		0.5	270.0544587557247	270.0543611355153	271.12295849034524	269.65626278811874	269.6573626849071	269.9698923364344	
269.9698923364344	1.3449999999999704	WheelMovementIntervals													-0.37423419728622065
272.1480956273383	3.0749302129091234	trials	1.0	1.0	1.5	0.25		0.5	273.6683196399335	273.6682095745936	274.72292067877333	272.68964480969885	272.6906780460758	272.92489233643437	
272.92489233643437	1.79200000000003	WheelMovementIntervals													-0.3033013741867343
275.7075282856242	3.0652271974921064	trials	1.0	1.0	1.5	0.125		0.5	277.19945495357246	277.19934054896567	278.2726875774037	276.37236589890256	276.37336580507383	276.6058923364344	
276.6058923364344	2.769999999999982	WheelMovementIntervals													-0.3339156947944737
279.3002578194135	6.722565565677598	trials	1.0	-1.0	0.0		0.0625	0.5	283.4792656716249	283.478297946652	285.52277391385206	280.1395790595787	280.14061229595563	283.33589233643437	
281.0268923364344	0.3159999999999741	WheelMovementIntervals													-0.024294843269000665
283.33589233643437	1.5990000000000464	WheelMovementIntervals													-1.819319687004576
286.7118290025222	3.0105297091689067	trials	1.0	1.0	1.5	1.0		0.5	288.1645260183509	288.164442372498	289.22229342673313	287.8227580890104	287.8242246180616	287.9888923364344	
286.7658923364344	0.38400000000001455	WheelMovementIntervals													-0.13741218710260128
287.9888923364344	1.343999999999994	WheelMovementIntervals													-0.6953679957917878
290.2702617546369	2.985833928368322	trials	1.0	1.0	1.5	0.0625		0.5	291.7031606282744	291.70307707613716	292.7560618266231	290.90606875874266	290.9072019857367	291.5838923364344	
291.5838923364344	2.367999999999995	WheelMovementIntervals													-0.3201110594907419
293.77799926386814	6.32805082379673	trials	1.0	-1.0	0.0		0.0	0.5	297.55447822173136	297.553628394568	299.60601904353445	294.42270543289817	294.4238386598923	296.2898923364344	
296.2898923364344	3.4290000000000305	WheelMovementIntervals													-0.930947671254847
300.6709524461441	2.7016281254725527	trials	1.0	1.0	1.5	1.0		0.5	301.81677825800966	301.8166635254792	302.87254585404935	301.4227152359116	301.4237818024943	301.6828923364344	
301.6828923364344	1.677000000000021	WheelMovementIntervals													-0.7159561481556445
303.9009826814076	2.688230571837721	trials	1.0	1.0	1.5	0.0625		0.5	305.0230107263969	305.02289418829326	306.08914401641204	304.372438441162	304.3734050171276	304.91989233643443	
304.91989233643443	2.085999999999956	WheelMovementIntervals													-0.41724818585551304
307.1032155251097	2.5857345696819607	trials	1.0	1.0	1.5	0.0625		0.5	308.1120208613053	308.1119278406533	309.18888647755887	307.70592563494637	307.7070588619405	307.9168923364344	
307.9168923364344	1.5190000000000055	WheelMovementIntervals													-0.31075399962807815
310.2370547866969	6.385447516361182	trials	-1.0	1.0	1.5		0.0625	0.5	315.0668015751716	315.0666892130052	316.12243585038846	311.3225195960233	311.323352851166	314.54189233643444	
310.3868923364344	0.45100000000002183	WheelMovementIntervals													-0.1296946041684759
314.54189233643444	2.382000000000005	WheelMovementIntervals													0.746088260355334
317.17010420644084	2.9353386016221634	trials	-1.0	1.0	1.5		0.25	0.5	318.5328429970608	318.532721197323	319.60540901677786	317.8222096811383	317.82327624772097	318.0988923364344	
318.0988923364344	2.897000000000048	WheelMovementIntervals													1.0420044401973438
320.6286463320455	3.543847929435003	trials	-1.0	1.0	1.5		0.25	0.5	322.6036610015406	322.6035708131514	323.67239404760113	321.90579315440465	321.90692638139876	322.1918923364344	
322.1918923364344	2.0950000000000273	WheelMovementIntervals													0.7469708875658299
324.6982977793255	2.4408044116411247	trials	1.0	1.0	1.5	0.125		0.5	325.57028262108554	325.5701986408087	326.63908232755745	325.27231058204666	325.2732104976008	325.4248923364344	
325.4248923364344	3.035000000000025	WheelMovementIntervals													-0.5175189310372552
327.862000905228	3.5104521980763366	trials	-1.0	1.0	1.5		0.125	0.5	329.8155509222465	329.8154288384739	330.8723850848688	329.1888430642993	329.1898429704706	329.4638923364344	
329.4638923364344	2.062000000000012	WheelMovementIntervals													0.8167754319979998
331.8692582074206	2.5197136317040645	trials	-1.0	1.0	1.5		0.25	0.5	332.8309679629494	332.8308626464561	333.8889020223602	332.40514125481064	332.4061411609819	332.6418923364344	
332.6418923364344	2.7320000000000277	WheelMovementIntervals													1.2698499066754856
334.91637227375287	3.4892486744341795	trials	-1.0	1.0	1.5		0.25	0.5	336.84949087467174	336.8493981311498	337.90552511235705	335.87191594122544	335.87278252657387	336.1628923364344	
336.1628923364344	2.508000000000038	WheelMovementIntervals													1.1795820378787276
338.9581263388544	3.8641199096936134	trials	-1.0	-1.0	0.0	0.25		0.5	340.26173734454653	340.2609327143474	342.3221773312739	339.7222213047342	339.72308789008264	340.08189233643446	
340.08189233643446	2.416999999999973	WheelMovementIntervals													2.05934089777249
343.34714781723846	2.5249436750983705	trials	-1.0	1.0	1.5		0.125	0.5	344.32078978641107	344.32066388546934	345.37205780468	343.88826370692476	343.8890303016561	344.15389233643447	
344.15389233643447	1.6779999999999973	WheelMovementIntervals													0.7146210702828419
346.3770968276305	3.0284321358644206	trials	1.0	1.0	1.5	0.25		0.5	347.844592454794	347.8445109452917	348.90545957230717	346.95494260400824	346.9560091705909	347.1988923364344	
347.1988923364344	2.1760000000000446	WheelMovementIntervals													-0.31162725290488424
349.9115318316347	3.6268371477695496	trials	-1.0	1.0	1.5		0.125	0.5	351.96123949212375	351.9611516945521	353.03833841981725	350.6051000822342	350.6059666675826	350.9538923364345	
350.9538923364345	4.192999999999984	WheelMovementIntervals													0.8927317865998035
354.09717239478215	3.625038302177984	trials	-1.0	1.0	1.5		1.0	0.5	356.17017786906183	356.17009315360787	357.2221458216507	355.72191993248094	355.7229531688579	355.95089233643444	
355.95089233643444	1.282000000000039	WheelMovementIntervals													0.5212062191911748
358.2794132769473	2.559409881022077	trials	1.0	1.0	1.5	0.125		0.5	359.27421992674516	359.27411595122436	360.33872003668057	358.8549592691311	358.85592584509664	359.10589233643447	
359.10589233643447	0.5269999999999868	WheelMovementIntervals													-0.2803447299521409
359.75389233643443	1.8660000000000423	WheelMovementIntervals													0.5313426096378038
361.37702260492875	2.711643120765814	trials	-1.0	1.0	1.5		1.0	0.5	362.5378470093633	362.53774020665384	363.5886150745466	362.08835585517113	362.08922244051956	362.31489233643447	
362.31489233643447	1.4320000000000164	WheelMovementIntervals													0.5115651359236182
364.740873616114	3.480923162019053	trials	1.0	1.0	1.5	0.25		0.5	366.6472947222599	366.64718520539657	367.72172723349667	365.3882462016008	365.3891794473606	365.9388923364345	
365.9388923364345	2.085999999999956	WheelMovementIntervals													-0.29452321515198676
368.744197954033	6.277754910978956	trials	1.0	-1.0	0.0		0.0625	0.5	372.45778281372327	372.4570298384255	374.5219224532844	369.2385848953152	369.2394848108694	371.3618923364345	
371.3618923364345	1.849999999999966	WheelMovementIntervals													-0.3477875727487465
375.5784566440554	2.7098271927793007	trials	-1.0	1.0	1.5		1.0	0.5	376.7160832253165	376.71596721928796	377.7882826127707	376.3053217701582	376.3064216669466	376.5998923364345	
376.5998923364345	1.9379999999999882	WheelMovementIntervals													1.082631596580665
378.81048669166137	2.528040640040615	trials	-1.0	1.0	1.5		1.0	0.5	379.7768960061951	379.7768014613772	380.83846305802814	379.4384610974255	379.4393943431853	379.64189233643447	
379.64189233643447	2.3380000000000223	WheelMovementIntervals													0.9249909293907379
381.87433252125953	8.113679104180733	trials	-1.0	-1.0	0.0	0.125		0.5	387.4086465282178	387.40778442358624	389.4879847415822	382.5550019822496	382.5560352186266	382.6968923364345	
382.6968923364345	0.7750000000000341	WheelMovementIntervals													-0.2703348347329886
386.7928923364345	1.8910000000000196	WheelMovementIntervals													1.2681148322429578
390.1168923364345	1.6779999999999973	WheelMovementIntervals													1.3418340736130432
390.58411521673554	5.987648036939788	trials	-1.0	1.0	1.5		0.0625	0.5	395.02156548401484	395.0214493338517	396.07166694508396	392.3217188309651	392.32261874651925	394.4248923364345	
394.4248923364345	2.6720000000000255	WheelMovementIntervals													0.39254212404954103
397.1505657038857	2.5872351951360884	trials	1.0	1.0	1.5	0.125		0.5	398.16807022377145	398.1679787576525	399.23776984579746	397.70504700606136	397.7059135914098	398.0368923364345	
398.0368923364345	1.6050000000000182	WheelMovementIntervals													-0.3376389225859029
400.28490491855854	2.3202280203574333	trials	1.0	1.0	1.5	1.0		0.5	401.0516996311008	401.05161318641615	402.1050674523294	400.7551274607017	400.7561940272844	400.9468923364345	
400.9468923364345	1.3950000000000387	WheelMovementIntervals													-0.3871006111009301
402.8878923364345	0.20900000000000318	WheelMovementIntervals													0.07003161872430752
403.14283673728625	2.9453327154439535	trials	-1.0	1.0	1.5		0.25	0.5	404.5362393171585	404.53615126748656	405.5881072791302	403.65485535738856	403.65585526355983	404.1788923364345	
404.1788923364345	3.951999999999998	WheelMovementIntervals													0.9571220588823905
406.66907251068596	9.984985791143913	trials	-1.0	-1.0	0.0	0.0625		0.5	414.07474424738416	414.07393390856464	416.15394913992577	408.9213944916803	408.922461058263	413.2678923364345	
413.2678923364345	2.5819999999999936	WheelMovementIntervals													1.242414497119821
417.4299627352908	2.524440665952284	trials	1.0	1.0	1.5	0.25		0.2	418.37897368244444	418.3788772694744	419.4543061092353	418.07160252539563	418.072702422184	418.29989233643454	
418.29989233643454	1.4079999999999586	WheelMovementIntervals													-0.6304876450293584
420.4929086493348	2.9785311075337404	trials	-1.0	1.0	1.5		0.0625	0.2	421.8966102627712	421.8965218948257	422.97137607606504	420.9547986400508	420.9556985556049	421.3348923364345	
421.3348923364345	2.5950000000000273	WheelMovementIntervals													1.0126620348472173
424.033643062218	3.6545323678873274	trials	-1.0	1.0	1.5		0.0	0.2	426.12814651918006	426.12806046609495	427.18808039093335	424.75484205335033	424.7559752803444	425.4688923364345	
425.4688923364345	3.1510000000000105	WheelMovementIntervals													1.3026464978408612
428.2856773951379	2.802414595442542	trials	-1.0	1.0	1.5		1.0	0.2	429.529494011788	429.52938254116856	430.58799468469584	429.0543719294056	429.05527184495975	429.2718923364345	
429.2718923364345	2.483000000000004	WheelMovementIntervals													1.0372751297405927
431.6776924301473	2.627129788569505	trials	-1.0	1.0	1.5		1.0	0.2	432.7453255794194	432.7452041281361	433.80472616788137	432.30433362768304	432.3052668734429	432.08589233643454	
432.08589233643454	2.149000000000001	WheelMovementIntervals													0.8127425183117722
434.86802639041133	5.120062176360534	trials	-1.0	1.0	1.5		0.0625	0.2	438.4118605124254	438.41176734805697	439.4879595339476	435.6211223884072	435.62192231334416	438.0438923364345	
438.0438923364345	2.3220000000000027	WheelMovementIntervals													0.5646799902544544
440.55139307730036	2.9364321713230765	trials	-1.0	1.0	1.5		0.125	0.2	441.9393961638478	441.9393073378748	442.9877644542201	441.27115886958717	441.27215877575844	441.4138923364345	
441.4138923364345	3.3310000000000173	WheelMovementIntervals													0.7360757937022484
444.0732292635465	3.3648319130207938	trials	-1.0	1.0	1.5		1.0	0.2	445.8903254183922	445.8902454166393	446.93792711403313	445.5210933995474	445.5221266359244	445.6878923364345	
445.6878923364345	1.6330000000000382	WheelMovementIntervals													0.7819724600012776
447.9767629655726	2.594532214905371	trials	-1.0	1.0	1.5		1.0	0.2	449.00976603111303	449.0096745963457	450.07123309232895	448.55430877009894	448.555108695036	448.7478923364345	
448.7478923364345	2.6240000000000236	WheelMovementIntervals													0.7983387345496027
451.1388995718068	2.915309161225764	trials	-1.0	1.0	1.5		0.25	0.2	452.4809069744757	452.48080286808585	453.55413959830696	451.90419442509216	451.9050610104406	452.13789233643456	
452.13789233643456	2.788000000000011	WheelMovementIntervals													0.6208948756719721
454.6109071005179	6.693681833095411	trials	-1.0	1.0	1.5		0.0	0.2	459.7468584888416	459.74676758677793	460.80445924619534	455.5878820902614	455.5887153454041	459.38389233643454	
459.38389233643454	1.8140000000000214	WheelMovementIntervals													0.8487924599845655
461.86999259250774	2.7345207495450836	trials	-1.0	1.0	1.5		1.0	0.2	463.05038182769357	463.0503006854212	464.10441625303633	462.5872919495721	462.58829185574336	462.83489233643456	
462.83489233643456	3.6649999999999636	WheelMovementIntervals													1.063261147566756
465.1704162222287	4.267440650267702	trials	-1.0	1.0	1.5		0.125	0.2	467.8641301174279	467.8640406184213	468.9377960339334	467.20445868603457	467.2055919130286	467.5118923364345	
467.5118923364345	1.6590000000000487	WheelMovementIntervals													1.2299740799809484
470.0297602333731	2.991330828404159	trials	-1.0	1.0	1.5		0.125	0.2	471.4580928688285	471.45797399752223	472.52099312888987	470.73772713283887	470.73856038798164	471.0238923364346	
471.0238923364346	2.3859999999999673	WheelMovementIntervals													1.2117229393742974
473.5732943835358	2.681127294303508	trials	-1.0	1.0	1.5		0.0	0.2	474.7109209647969	474.7108051150448	475.75435638472425	474.07101434538896	474.0718809307374	474.46789233643455	
474.46789233643455	2.8810000000000286	WheelMovementIntervals													0.8020846091061244
476.80102483460536	3.386726859692942	trials	-1.0	1.0	1.5		0.25	0.2	478.63395283716284	478.63383882924063	479.68772062086	478.0043119211133	478.00517850646173	478.2808923364346	
478.2808923364346	1.632000000000005	WheelMovementIntervals													1.0111959908740502
480.7429549336083	2.8111398505527063	trials	1.0	1.0	1.5	0.0625		0.2	481.9888713532181	481.9887717078906	483.054004737062	481.4707866356767	481.4718198720537	481.88089233643456	
481.88089233643456	1.2660000000000196	WheelMovementIntervals													-0.37403360636796634
483.42889233643456	1.3460000000000036	WheelMovementIntervals													0.4263396623111362
484.16010094372234	3.277336123708153	trials	-1.0	1.0	1.5		1.0	0.2	485.8858056745138	485.88571891090106	486.93737366463415	485.33762378121713	485.33875700821125	485.61189233643455	
485.61189233643455	2.2310000000000514	WheelMovementIntervals													0.9421829096003478
488.00663999398597	5.814260267213456	trials	1.0	-1.0	0.0		0.0625	0.2	491.25836819316606	491.25737201187917	493.3208413224417	488.636914183944	488.63774743908675	491.15189233643457	
491.15189233643457	1.7830000000000155	WheelMovementIntervals													1.3133233466269374
494.42660422704495	3.110821675404736	trials	1.0	1.0	1.5	1.0		0.2	495.98632453340537	495.98621409130544	497.03735924023437	495.17080106011645	495.17166764546494	495.4568923364346	
495.4568923364346	2.0289999999999964	WheelMovementIntervals													-0.6372552273945331
498.08732738048064	2.9668298051319084	trials	-1.0	1.0	1.5		0.25	0.2	499.4999281588414	499.49984061855616	500.5540625748013	498.77086323916177	498.7719964661558	499.1148923364346	
499.1148923364346	2.599999999999966	WheelMovementIntervals													0.5915359815091747
501.6496597666633	2.7707215461212513	trials	-1.0	1.0	1.5		0.125	0.2	502.8581796954675	502.85806785527217	503.92031336079765	502.3369619385895	502.3379618447608	502.64989233643456	
502.64989233643456	1.372000000000014	WheelMovementIntervals													0.3937917506143833
504.96538196080473	2.422043267035008	trials	-1.0	1.0	1.5		1.0	0.2	505.8427996260953	505.8426969085917	506.88733494281104	505.4373710038505	505.43827091940466	505.7078923364346	
505.7078923364346	2.1569999999999823	WheelMovementIntervals													0.6654342162493023
507.96273403001334	3.25800832938819	trials	-1.0	1.0	1.5		0.25	0.2	509.66564090009985	509.6655373380783	510.7207085618196	508.9372425845344	508.9382091604999	509.2708923364346	
509.2708923364346	1.752999999999986	WheelMovementIntervals													1.090539640102655
511.79094146713703	2.495849698936695	trials	-1.0	1.0	1.5		0.25	0.2	512.6958565521376	512.6957587593733	513.7867208547889	512.3202917942081	512.3211917097622	512.5528923364346	
512.5528923364346	1.5439999999999827	WheelMovementIntervals													0.5914464665082448
515.0461026775051	3.641333259839371	trials	1.0	-1.0	0.0		0.0	0.2	516.1308342223059	516.1300116848961	518.1873079145539	515.5207581370076	515.5218247035903	516.0238923364346	
516.0238923364346	1.5529999999999973	WheelMovementIntervals													-0.5059087901954697
519.2785388494681	3.9585350385743823	trials	-1.0	1.0	1.5		1.0	0.2	521.6925456583571	521.6924596062431	522.7370476448671	521.3368123728244	521.33777894879	521.5618923364347	
519.4978923364347	1.288000000000011	WheelMovementIntervals													-0.5547776721837536
521.5618923364347	4.120999999999981	WheelMovementIntervals													1.450309871805544
523.8439771066701	4.209745218914691	trials	-1.0	1.0	1.5		0.25	0.2	526.5008944547666	526.500803751593	527.5536623322924	526.3538749173839	526.3547415027324	526.3758923364346	
526.3758923364346	8.148000000000025	WheelMovementIntervals													-11.665623307097583
528.6482262877774	9.688783863745698	trials	1.0	-1.0	0.0		0.0625	0.2	535.7946556844707	535.79388666383	537.8369307090867	534.9200377564597	534.9209710022195	535.5478923364346	
535.5478923364346	1.518000000000029	WheelMovementIntervals													-0.4564482079348693
538.1998923364347	1.6440000000000055	WheelMovementIntervals													0.30351981533014083
539.0764143989946	3.627332334908033	trials	-1.0	1.0	1.5		0.125	0.2	541.1384209053903	541.1383316425402	542.2036542798513	540.3532612495023	540.3542944858793	540.7058923364347	
540.7058923364347	1.969000000000051	WheelMovementIntervals													0.35458150818643475
543.3164498578592	6.720374023970521	trials	1.0	1.0	1.5	0.0		0.2	548.4671998575178	548.4671050587509	549.536766158721	543.9868869456966	543.9879201820736	547.5258923364347	
547.5258923364347	2.602999999999952	WheelMovementIntervals													-0.3340517337676516
550.6491284440547	9.220995997334285	trials	1.0	-1.0	0.0		0.0	0.2	557.2844391361997	557.28349607372	559.3700767584431	551.1530811543754	551.1541810511637	556.2648923364347	
556.2648923364347	1.981999999999971	WheelMovementIntervals													-0.3200458285521748
560.3458923364346	1.4390000000000782	WheelMovementIntervals													0.3848037154934332
560.5820296984355	3.771621256855383	trials	-1.0	1.0	1.5		1.0	0.2	562.7876560612314	562.7875409591662	563.8535560398067	562.3699952534914	562.371061820074	562.6488923364346	
562.6488923364346	1.5910000000000082	WheelMovementIntervals													0.46941404524761765
564.9717511111394	2.9484309765408625	trials	1.0	1.0	1.5	0.0625		0.8	566.3576877249328	566.3575642605937	567.4201213621143	565.7030158243958	565.7040490607727	566.2568923364347	
566.2568923364347	3.0979999999999563	WheelMovementIntervals													-0.42033399518710723
568.5203847827755	3.4831441965734484	trials	1.0	1.0	1.5	0.25		0.8	570.4460040874098	570.4459075567223	571.5034048635293	570.1364997971957	570.1376663543955	570.3458923364348	
570.3458923364348	1.6179999999999382	WheelMovementIntervals													-0.49999833633385293
572.6119341752064	6.391573523432157	trials	1.0	1.0	1.5	0.0		0.8	577.4385812545502	577.438488185648	578.503381336337	573.2859375950547	573.2869708314316	575.0008923364347	
575.0008923364347	1.0199999999999818	WheelMovementIntervals													-0.21693740446089294
577.3368923364347	1.8460000000000036	WheelMovementIntervals													-0.4353412006988435
579.3708923364347	1.0960000000000036	WheelMovementIntervals													0.3284973517524321
579.5942123087826	3.325830026032918	trials	1.0	1.0	1.5	0.125		0.8	581.3538138587802	581.3537271358243	582.4199804790011	581.0530754126675	581.0539086678102	581.2538923364347	
581.2538923364347	1.9780000000000655	WheelMovementIntervals													-0.5490242652523349
583.5056452695618	4.030931067634583	trials	1.0	-1.0	0.0		0.0	0.8	584.9622085892528	584.9613557669035	587.0365139415551	584.0198636832409	584.0208635894122	584.8538923364347	
584.8538923364347	1.219000000000051	WheelMovementIntervals													-0.4053095968495768
588.1337776437025	3.0862190386289967	trials	1.0	1.0	1.5	0.0625		0.8	589.6651006147989	589.6649856011663	590.7199016348729	588.8531101433151	588.8541767098978	589.1038923364347	
589.1038923364347	2.7770000000000437	WheelMovementIntervals													-0.49545484213126656
591.8260978321505	7.176792234286609	trials	1.0	1.0	1.5	0.0625		0.8	597.4341715843428	597.434068341537	598.5028046397862	592.4695374533635	592.4704706991234	596.9448923364347	
592.8458923364348	0.23699999999996635	WheelMovementIntervals													-0.0353154955263264
596.9448923364347	1.9640000000000555	WheelMovementIntervals													-0.3247091174452592
599.6667954137631	2.502709120849886	trials	1.0	1.0	1.5	0.25		0.8	600.5959082281084	600.5957976858143	601.6694741539967	600.2530070717738	600.2540736383564	600.5098923364347	
600.5098923364347	1.5049999999999955	WheelMovementIntervals													-0.4329595574534366
602.7826030340617	3.93726583449768	trials	1.0	1.0	1.5	1.0		0.8	605.1646461756757	605.1645410472121	606.2198138280125	604.8529754220904	604.8540419886731	605.0248923364347	
603.3008923364347	0.8380000000000791	WheelMovementIntervals													-0.2805596847554668
605.0248923364347	0.9560000000000173	WheelMovementIntervals													-0.28015877240584075
606.2728923364348	2.856999999999971	WheelMovementIntervals													0.37537583858039625
607.3273765637241	3.9917328785616064	trials	1.0	1.0	1.5	1.0		0.8	609.7495826032175	609.7494953003342	610.8189822533922	609.4695755450558	609.4706421116384	609.6278923364347	
609.6278923364347	1.9390000000000782	WheelMovementIntervals													-1.0512603366033417
611.9316111803714	2.6214306471516693	trials	1.0	1.0	1.5	1.0		0.8	612.9872121253826	612.9871223124136	614.0529121227236	612.6696419253868	612.6706085013524	612.8818923364347	
612.8818923364347	1.3940000000000055	WheelMovementIntervals													-0.35903519137058737
615.1249448591493	3.594235665176143	trials	1.0	1.0	1.5	0.125		0.8	617.1445553438831	617.1444632129605	618.2191211759426	615.8030812245055	615.8039144796481	616.1758923364348	
616.1758923364348	2.12399999999991	WheelMovementIntervals													-0.3084594189800498
619.3253840336315	9.144177166490408	trials	1.0	-1.0	0.0		0.0625	0.8	625.8988338639806	625.8978380601769	627.969472893655	619.8528345389772	619.8539011055599	621.5188923364348	
621.5188923364348	0.5370000000000346	WheelMovementIntervals													-0.27579346004407057
625.7918923364348	0.8669999999999618	WheelMovementIntervals													-0.2616840967177083
628.7798923364347	1.1170000000000755	WheelMovementIntervals													0.13430537522970099
629.1237645777707	3.695326199166061	trials	1.0	1.0	1.5	0.25		0.8	631.240099319472	631.2399784359818	632.3189980782738	630.5861940136664	630.5871272594262	630.7888923364347	
630.7888923364347	2.5260000000000673	WheelMovementIntervals													-0.3168349206539389
633.4503919110673	2.569232906927141	trials	1.0	1.0	1.5	1.0		0.8	634.4580306900632	634.457903638918	635.5195644116905	634.0694671519071	634.0704337278727	634.2878923364348	
634.2878923364348	2.6720000000000255	WheelMovementIntervals													-0.64597458564851
636.601129586949	3.618334710722479	trials	1.0	1.0	1.5	0.125		0.8	638.6633694047847	638.6632482290581	639.7193703122643	637.6361324648319	637.6370657105917	637.8758923364347	
637.8758923364347	2.4260000000000446	WheelMovementIntervals													-0.36787500045966937
640.8229667534965	2.4291406752096236	trials	1.0	1.0	1.5	0.25		0.8	641.679086417339	641.6789800299938	642.7519857391131	641.3692488250678	641.370015419799	641.5438923364347	
641.5438923364347	2.43100000000004	WheelMovementIntervals													-0.3052224127458203
643.8622148912814	2.6239235690403575	trials	1.0	1.0	1.5	0.25		0.8	644.9105165212422	644.9104235077114	645.986082259473	644.5859803082533	644.5870135446303	644.7848923364347	
644.7848923364347	1.5310000000000628	WheelMovementIntervals													-0.378815659939427
647.1283417393278	2.4912186072838267	trials	1.0	1.0	1.5	1.0		0.8	648.063653971935	648.0635479737206	649.1194548981803	647.702687844106	647.7036544200715	647.9348923364348	
647.9348923364348	2.1100000000000136	WheelMovementIntervals													-0.5185833030806535
650.4449638490233	2.474238422820463	trials	1.0	1.0	1.5	0.25		0.8	651.3511788120464	651.3510771877554	652.4191452633756	651.019143302773	651.01994322771	651.2148923364348	
651.2148923364348	1.8210000000000264	WheelMovementIntervals													-0.9228930512207683
653.515509049969	2.5873294059456384	trials	-1.0	1.0	1.5		0.125	0.8	654.5514118434061	654.5513200216601	655.6027131918808	654.0527586357931	654.0535918909358	654.3748923364348	
654.3748923364348	1.4740000000000464	WheelMovementIntervals													0.4252510354632406
656.707442860107	7.145268181404958	trials	1.0	1.0	1.5	0.0		0.8	662.3016845769301	662.301594674653	663.352619293142	658.5024077583619	658.5032076832989	662.1968923364348	
656.9728923364348	0.8759999999999764	WheelMovementIntervals													-0.2767122583243591
662.1968923364348	1.5460000000000491	WheelMovementIntervals													-0.4532451554097179
664.4766138202681	3.4759168763353046	trials	1.0	-1.0	0.0		0.25	0.8	665.3768293462637	665.3760174108102	667.4524679067944	665.0859566410408	665.0868232263892	665.2828923364348	
665.2828923364348	0.5869999999999891	WheelMovementIntervals													-0.4295118589343545
668.5551311022666	4.197640108538167	trials	1.0	1.0	1.5	0.25		0.8	671.2005495293935	671.2004551180062	672.2526841330109	670.7858551099615	670.7867550255157	671.0088923364348	
669.0848923364348	1.086999999999989	WheelMovementIntervals													-0.3966885941572329
671.0088923364348	3.1059999999999945	WheelMovementIntervals													-0.31852200352359006
673.4231742971011	9.412615216868176	trials	1.0	1.0	1.5	0.125		0.8	681.2885695611442	681.2884680668573	682.3356713036995	674.785579785664	674.7867463428638	680.1648923364348	
680.1648923364348	2.2509999999999764	WheelMovementIntervals													-0.355151788778322
683.4994954266479	2.419514426452338	trials	1.0	1.0	1.5	0.125		0.8	684.355781741519	684.3556998240521	685.418948643226	683.9689847042655	683.9699846104368	684.2788923364348	
684.2788923364348	2.616000000000099	WheelMovementIntervals													-0.4230831817779688
686.5306109942397	9.48837753579096	trials	-1.0	-1.0	0.0	0.0625		0.8	693.4632271213095	693.4624661778748	695.5189342188262	688.2848797113239	688.2859462779065	692.3618923364348	
687.2138923364348	0.34400000000005093	WheelMovementIntervals													-0.29016006131456606
692.3618923364348	1.1849999999999454	WheelMovementIntervals													0.3316024804580522
694.0238923364349	0.5749999999999318	WheelMovementIntervals													-0.21702272087860308
696.6813918033406	2.6541235687377593	trials	1.0	1.0	1.5	0.0625		0.8	697.7668232824614	697.7667006231037	698.8354896681104	697.3849924458585	697.3858923614126	697.6718923364348	
697.6718923364348	1.2160000000000082	WheelMovementIntervals													-0.39567287336792134
699.9505183699008	6.451388890353314	trials	1.0	1.0	1.5	1.0		0.8	704.8326935719558	704.8325841238687	705.9018265804848	704.5021912521449	704.5031244979048	704.6968923364349	
700.2378923364348	3.754000000000019	WheelMovementIntervals													-0.34580672928441913
704.6968923364349	1.2439999999999145	WheelMovementIntervals													-0.5274848574274742
707.10451372329	3.6466301625287088	trials	1.0	1.0	1.5	0.125		0.8	709.1890181185393	709.1889292494043	710.2510517932523	707.7355211777736	707.7364210933277	707.9638923364348	
707.9638923364348	2.9920000000000755	WheelMovementIntervals													-0.2971339922420526
711.3729465174187	2.545934405575622	trials	1.0	1.0	1.5	1.0		0.8	712.3687530733878	712.3686591912104	713.418854534457	712.0521494493576	712.0530493649118	712.2598923364349	
712.2598923364349	1.5499999999999545	WheelMovementIntervals													-0.4248727451302443
714.5102854506054	2.675122365801826	trials	1.0	1.0	1.5	0.0625		0.8	715.6345799495828	715.6344935889964	716.6853146845605	715.2513159141345	715.2523824807172	715.5088923364349	
715.5088923364349	2.1369999999999436	WheelMovementIntervals													-0.2926846881737504
717.808109324281	3.127116096689292	trials	1.0	1.0	1.5	0.25		0.8	719.3802284671651	719.380115908009	720.4351628080622	718.4683473691714	718.4693472753427	718.6458923364348	
718.6458923364348	1.9420000000000073	WheelMovementIntervals													-0.38823038645529806
721.5384259472372	2.4299458009285217	trials	1.0	1.0	1.5	1.0		0.8	722.3920458456515	722.3919413322579	723.4682781879966	722.0685761992453	722.0696427658279	722.2518923364348	
722.2518923364348	1.34800000000007	WheelMovementIntervals													-0.3629779405862834
724.8251841926175	3.193509947596226	trials	1.0	1.0	1.5	0.125		0.8	726.465196964531	726.465087760287	727.5186314461711	725.3519014334374	725.3529680000202	725.6488923364349	
725.6488923364349	1.877999999999929	WheelMovementIntervals													-0.3584684773504776
727.8878923364348	0.3490000000000464	WheelMovementIntervals													0.04889221730937976
728.6336934781671	4.18484027461318	trials	1.0	-1.0	0.0		0.0625	0.8	730.2435757441197	730.2427081942403	732.318447709919	729.1676100434203	729.1685766193858	729.8728923364348	
729.8728923364348	1.0500000000000682	WheelMovementIntervals													-0.7133776255066877
733.4888378833921	3.596359563272017	trials	1.0	1.0	1.5	0.125		0.8	735.527579906203	735.5274705137125	736.5851140031452	734.085215254144	734.0862151603153	734.5548923364348	
734.5548923364348	3.608000000000061	WheelMovementIntervals													-0.4770739037485683
737.7373058843011	2.864330287513667	trials	1.0	1.0	1.5	1.0		0.8	739.030517865812	739.0304191062648	740.1015840262722	738.6516200873116	738.6525200028658	738.8958923364348	
738.8958923364348	2.322999999999979	WheelMovementIntervals													-0.6317777941746456
741.2704410102826	7.647950588157983	trials	-1.0	1.0	1.5		0.125	0.8	747.3623693587532	747.3622789157765	748.4183369360271	741.8851833243803	741.8861499003458	746.8938923364349	
746.8938923364349	1.7799999999999727	WheelMovementIntervals													0.7356347264552241
749.5887937699116	3.2630290623402516	trials	1.0	1.0	1.5	0.125		0.8	751.2930338482265	751.2929079031957	752.3517345023686	750.0850805329193	750.0860804390906	751.1568923364349	
751.1568923364349	2.728999999999928	WheelMovementIntervals													-0.4408409354782279
753.5053262521643	4.279767002926633	trials	-1.0	-1.0	0.0	0.0		0.8	755.2396968364401	755.2388525817016	757.2850049097756	754.6349535840552	754.6360201506379	755.0628923364349	
755.0628923364349	2.0270000000000437	WheelMovementIntervals													2.017845678514689
758.4062996902393	3.928835369494209	trials	-1.0	-1.0	0.0	0.125		0.8	759.7633056854772	759.7624108631769	761.83504461194	758.934650111139	758.9356500173103	759.5358923364349	
759.5358923364349	1.2169999999999845	WheelMovementIntervals													0.878800467142618
762.9682382758418	4.450049340459145	trials	-1.0	-1.0	0.0	0.25		0.8	764.8609273372356	764.8599584003152	766.9181676242149	764.7182407265951	764.7192739629721	764.7418923364348	
763.0158923364348	1.0760000000000218	WheelMovementIntervals													0.5118320039116142
764.7418923364348	0.9240000000000919	WheelMovementIntervals													1.5353130903475432
767.7338923364349	0.9429999999999836	WheelMovementIntervals													0.6992072836797618
768.073092582239	6.878058438697622	trials	1.0	1.0	1.5	0.125		0.8	773.3754283574623	773.3753360904064	774.4510940863103	769.1346263038664	769.1355595496262	772.5278923364349	
772.5278923364349	3.600999999999999	WheelMovementIntervals													-1.2628758759517922
775.5862542323489	3.0647197574635356	trials	-1.0	1.0	1.5		0.125	0.8	777.0729480580009	777.0728628459907	778.1509135710427	776.7183146692565	776.719181254605	776.9808923364349	
776.9808923364349	1.44500000000005	WheelMovementIntervals													0.4802286291904849
779.2664755561244	2.8515357130073653	trials	1.0	1.0	1.5	0.25		0.8	780.5455888606205	780.5454906776065	781.6179215688975	780.001506582626	780.0024731585916	780.4028923364349	
780.4028923364349	1.65300000000002	WheelMovementIntervals													-0.3115266793466418
782.736716583933	5.430958417064971	trials	-1.0	-1.0	0.0	0.0		0.8	785.5817829432569	785.5807461278528	787.6676205467346	783.3847557735339	783.3857890099109	785.4248923364349	
785.4248923364349	1.06899999999996	WheelMovementIntervals													0.6803086675545345
788.8132797075716	6.004865380385695	trials	1.0	1.0	1.5	0.0		0.8	793.2515298997879	793.2514265514958	794.3180631522716	791.2513509249825	791.2523841613595	792.8748923364349	
789.2788923364349	1.3880000000000337	WheelMovementIntervals													-0.5416984219603336
792.8748923364349	3.0590000000000828	WheelMovementIntervals													-0.6221977092714255
795.5187504827343	2.8322078157912074	trials	-1.0	1.0	1.5		0.125	0.8	796.7727661423313	796.7726535002887	797.8508983064017	796.4677280996822	796.468661345442	796.664892336435	
796.664892336435	2.272999999999911	WheelMovementIntervals													0.9480502873593366
798.9925578425537	8.64118983188007	trials	1.0	1.0	1.5	0.0625		0.8	806.058328141431	806.0582288426716	807.1337272286333	799.5180418657625	799.5189751115223	800.087892336435	
800.087892336435	0.48500000000001364	WheelMovementIntervals													-0.2638800443379026
805.7548923364349	2.3460000000000036	WheelMovementIntervals													-0.22565670863357212
808.6088554729042	2.4921372718768	trials	-1.0	1.0	1.5		0.125	0.8	809.5287691504739	809.5286684912608	810.6009685379281	809.1013092622553	809.1022425080153	809.4028923364349	
809.4028923364349	1.3999999999999773	WheelMovementIntervals													0.41572825584151474
811.7047982906003	4.196439396181063	trials	1.0	1.0	1.5	0.125		0.8	814.3427174214426	814.3426211687286	815.4011847641447	812.2179501376967	812.2188500532508	812.8828923364349	
812.8828923364349	3.95900000000006	WheelMovementIntervals													-0.5621408851741663
816.5823405940617	2.685516800383766	trials	1.0	1.0	1.5	1.0		0.8	817.7083349335304	817.7082467991407	818.7677688521981	817.3675335801554	817.368500156121	817.5738923364349	
817.5738923364349	2.2749999999999773	WheelMovementIntervals													-0.3648560257547828
819.9274600296385	7.04047055600563	trials	1.0	-1.0	0.0		0.0	0.8	824.4020734762834	824.4012035923502	826.46787962613	820.5842317331352	820.5851316486894	824.264892336435	
824.264892336435	1.6359999999999673	WheelMovementIntervals													-1.17314896715704
827.651335240241	3.5163371961530174	trials	1.0	-1.0	0.0		1.0	0.8	828.6040458402283	828.6031447672095	830.6675855360867	828.3842997939886	828.3853663605713	828.283892336435	
828.283892336435	2.1509999999999536	WheelMovementIntervals													1.5089093805709552
831.8337761036404	2.43403418356354	trials	1.0	1.0	1.5	1.0		0.8	832.7067941817774	832.7066872869185	833.7676946294962	832.4507182113148	832.4516847872803	832.624892336435	
832.624892336435	2.08299999999997	WheelMovementIntervals													-0.6038056159601126
834.949917025996	2.334119072752287	trials	1.0	1.0	1.5	1.0		0.8	835.716511757304	835.7164226325482	836.7840115857533	835.4505367157459	835.4516366125342	835.6088923364349	
835.6088923364349	1.5550000000000637	WheelMovementIntervals													-0.7824524756561999
837.9256377916995	6.691770969026038	trials	-1.0	-1.0	0.0	0.0		0.8	842.0412515926523	842.040179583536	844.1173234458572	838.5506791393613	838.5516123851211	841.2768923364349	
841.2768923364349	1.9050000000000864	WheelMovementIntervals													0.4030027263321685
843.6798923364349	0.8590000000000373	WheelMovementIntervals													-0.37481021050620456
845.2978126716602	3.0029222003128098	trials	1.0	1.0	1.5	0.0625		0.8	846.7266119299954	846.7265218066495	847.8007111391751	845.9841815978265	845.9852148342035	846.639892336435	
846.639892336435	2.4829999999999472	WheelMovementIntervals													-1.5982479406577994
848.9460369979549	10.421514374379399	trials	1.0	1.0	1.5	0.0625		0.8	857.8139381893146	857.8138326187059	858.8675059917775	849.8008234535691	849.8018566899461	854.2138923364349	
854.2138923364349	1.5620000000000118	WheelMovementIntervals													-0.268771830219535
857.164892336435	3.0510000000000446	WheelMovementIntervals													0.29433210185269587
860.0974572428527	2.8199078674950897	trials	1.0	1.0	1.5	0.0625		0.8	861.3551725552835	861.3550598595968	862.4173395508193	860.8165897612311	860.817389686168	861.1948923364349	
861.1948923364349	2.3630000000000564	WheelMovementIntervals													-0.5746340879327363
863.5830634954931	2.6177516824606073	trials	-1.0	1.0	1.5		1.0	0.8	864.6398976581155	864.639783147362	865.7006981152172	864.2339357525793	864.2350356493677	864.5168923364349	
864.5168923364349	1.586999999999989	WheelMovementIntervals													0.6737878661074888
866.8353249779645	2.6488212403598936	trials	1.0	1.0	1.5	1.0		0.8	867.9276224794613	867.9275329114836	868.9840566796152	867.5501245696007	867.5510244851548	867.815892336435	
867.815892336435	1.5489999999999782	WheelMovementIntervals													-0.3310509124433594
870.1323489267031	5.2180447645155255	trials	1.0	1.0	1.5	0.0625		0.8	873.7705741912853	873.7704787430167	874.8503728656411	870.8333498131758	870.8343163891413	873.667892336435	
873.667892336435	1.3460000000000036	WheelMovementIntervals													-0.5320387238020245
876.0127971199498	2.554525944734678	trials	1.0	1.0	1.5	0.0625		0.8	877.0170028877576	877.0169065319245	878.0672376696496	876.4672544747926	876.4682877111696	876.624892336435	
876.624892336435	0.9519999999999982	WheelMovementIntervals													-0.3701668002876346
877.8148923364349	1.0930000000000746	WheelMovementIntervals													0.08616413055687389
879.2424273927447	5.3248626720665015	trials	1.0	1.0	1.5	0.25		0.8	883.0056742589416	883.0055702704054	884.0671746503631	879.9336625289446	879.9345624444987	882.883892336435	
882.883892336435	1.2390000000000327	WheelMovementIntervals													-0.6393656173632252
885.2608959678325	2.3231184408589343	trials	1.0	1.0	1.5	1.0		0.8	886.0256908680323	886.0256013797019	887.0839582295001	885.7331183223183	885.7341848889009	885.892892336435	
885.892892336435	1.3149999999999409	WheelMovementIntervals													-0.3256812370904143
888.243616076735	2.8397306282589625	trials	-1.0	1.0	1.5		1.0	0.8	889.5213295125911	889.5212285068601	890.583263196687	888.7666669949269	888.7679002125382	889.209892336435	
889.209892336435	2.9470000000000027	WheelMovementIntervals													0.5603972337416963
891.7743514279053	2.892830141194736	trials	1.0	1.0	1.5	0.25		0.8	893.1050598908389	893.1049643719899	894.1670602353462	892.7504598323004	892.7514597384717	892.9678923364349	
892.9678923364349	0.3420000000000982	WheelMovementIntervals													-0.47670008338101866
893.683892336435	0.9270000000000209	WheelMovementIntervals													0.08377431229133947
895.3147858689372	2.4521069137784934	trials	1.0	1.0	1.5	1.0		0.8	896.2081020423509	896.2079880230846	897.2668693569044	895.8496356799502	895.85080223715	896.075892336435	
896.075892336435	1.8769999999999527	WheelMovementIntervals													-0.6669106732267522
898.4316933860241	6.802186673700362	trials	1.0	-1.0	0.0		0.0	0.8	902.678694857882	902.6777462409405	904.7337686814902	898.9502447264455	898.9510446513824	902.524892336435	
902.524892336435	1.6480000000000246	WheelMovementIntervals													-1.5592496232330006
905.9585870808861	2.491532508525893	trials	-1.0	1.0	1.5		1.0	0.8	906.8863000265917	906.8861984393793	907.9500335417958	906.566196730962	906.5673299579561	906.782892336435	
906.782892336435	1.63900000000001	WheelMovementIntervals													0.49864551346337294
909.1102246723219	2.640120547705237	trials	1.0	1.0	1.5	0.125		0.8	910.2014222770304	910.2013319244257	911.2502571902825	909.8502552296799	909.8512884660569	910.094892336435	
910.094892336435	1.427000000000021	WheelMovementIntervals													-0.3479656116441703
912.4175476546246	3.5327355102785987	trials	1.0	1.0	1.5	0.25		0.8	914.3969619112734	914.3968664297419	915.4501964116791	914.133419974732	914.1342532298747	914.307892336435	
912.819892336435	0.6779999999999973	WheelMovementIntervals													-0.1652032782900008
914.307892336435	1.48599999999999	WheelMovementIntervals													-0.5189806682338585
916.621186528855	2.429009384256233	trials	1.0	1.0	1.5	1.0		0.8	917.4780727874288	917.4779887808204	918.5501055238545	917.2164306726129	917.217563899607	917.379892336435	
917.379892336435	1.4240000000000919	WheelMovementIntervals													-0.4341399336548619
919.7310947027431	2.4691302133871886	trials	1.0	1.0	1.5	0.25		0.8	920.6490085679702	920.6489048183385	921.7001432654163	920.216815790541	920.217849026918	920.517892336435	
920.517892336435	1.3669999999999618	WheelMovementIntervals													-0.37858896167956857
922.9004306334103	7.816192963427284	trials	1.0	1.0	1.5	0.0625		0.8	929.1687091002875	929.1686035812631	930.2165774375741	923.4832426104388	923.4841425259929	924.150892336435	
924.150892336435	0.44899999999995543	WheelMovementIntervals													-0.2432376357007371
928.502892336435	3.256999999999948	WheelMovementIntervals													0.804231922529965
931.4332299365714	3.450213154673179	trials	1.0	1.0	1.5	0.0625		0.8	933.3367513148206	933.3366360903575	934.3834197647017	932.1993913752051	932.2004246115821	933.2128923364351	
932.507892336435	0.3949999999999818	WheelMovementIntervals													0.07354712858411006
933.2128923364351	2.2199999999999136	WheelMovementIntervals													-0.5209855925274738
935.5539432589976	2.4793335253636997	trials	1.0	1.0	1.5	0.125		0.8	936.4687574150937	936.4686548897913	937.5332241948234	936.1163238199263	936.1173570563033	936.335892336435	
936.335892336435	1.4039999999999964	WheelMovementIntervals													-0.45149726791862577
938.6822830366427	2.650920114419705	trials	1.0	1.0	1.5	1.0		0.8	939.7800133616702	939.7798905368775	940.8331812016645	939.4166807892359	939.4176806954071	939.667892336435	
939.667892336435	2.2350000000000136	WheelMovementIntervals													-0.34796868387130786
941.9934056623963	2.973247680618556	trials	1.0	1.0	1.5	0.125		0.8	943.4214383260004	943.4213276008168	944.4666069166245	942.599882085478	942.6010153124722	943.311892336435	
943.311892336435	1.149000000000001	WheelMovementIntervals													-0.5137159197716059
944.833892336435	0.4479999999999791	WheelMovementIntervals													-0.05774753516154618
945.6563619396146	7.526954200717341	trials	1.0	1.0	1.5	0.125		0.8	951.6462998586154	951.6462042759833	952.6832358884295	946.2830697975618	946.2839697131159	951.506892336435	
951.506892336435	1.6580000000000155	WheelMovementIntervals													-0.6344421743382114
953.9248193812971	3.241129289368473	trials	1.0	1.0	1.5	0.25		0.8	955.5956625934915	955.5955329327479	956.6659288290145	954.5663925109905	954.5672257661332	955.4228923364351	
955.4228923364351	1.5069999999999482	WheelMovementIntervals													-0.3753382729046848
957.8385521262702	2.6613441278291248	trials	1.0	1.0	1.5	1.0		0.8	958.9363824419147	958.9362695026213	959.9997826550617	958.5665838095729	958.5675170553327	958.7978923364351	
958.7978923364351	1.467999999999961	WheelMovementIntervals													-1.1564580514204366
961.1820050515615	2.36781566253228	trials	1.0	1.0	1.5	1.0		0.8	962.0069943032718	962.0069098113441	963.0497631190849	961.6497944886879	961.6508277250649	961.886892336435	
961.886892336435	1.384999999999991	WheelMovementIntervals													-0.49228613504111607
964.1938224300479	2.6389222979138367	trials	1.0	1.0	1.5	0.0625		0.8	965.2683549319017	965.2682306941209	966.3326883908087	964.7494702894234	964.7504701955946	965.122892336435	
965.122892336435	1.3390000000000555	WheelMovementIntervals													-0.327871108064528
967.4769476830058	7.238684147178105	trials	-1.0	1.0	1.5		0.25	0.2	973.1272174756258	973.1271118030902	974.2155820128489	968.1330861125941	968.1340860187654	972.1578923364351	
972.1578923364351	2.088999999999942	WheelMovementIntervals													1.016409754597671
974.6098923364351	1.36099999999999	WheelMovementIntervals													0.22837281052647995
975.4089366980556	6.9239521633846834	trials	-1.0	1.0	1.5		0.25	0.2	980.7479690297645	980.7478746070781	981.8328005651825	976.61629006966	976.6173566362427	980.608892336435	
980.608892336435	2.2070000000001073	WheelMovementIntervals													0.5317394438435556
983.1238923364351	0.9049999999999727	WheelMovementIntervals													-0.14496099008854202
983.3345929740206	3.2980534207471237	trials	-1.0	1.0	1.5		0.0625	0.2	985.0476322266427	985.0475191612913	986.1325637526777	984.5661774051755	984.5673439623753	984.8978923364351	
984.8978923364351	2.5319999999999254	WheelMovementIntervals													0.9430314358367582
987.3055536821961	4.793946975332915	trials	-1.0	1.0	1.5		0.0	0.2	990.5236850340215	990.5235832014878	991.5994174232809	988.0830140605652	988.0839139761194	990.3758923364351	
990.3758923364351	1.6380000000000337	WheelMovementIntervals													0.6080666622046351
992.8066041438567	2.6596150766840765	trials	-1.0	1.0	1.5		0.125	0.2	993.8973017954795	993.8972090960362	994.9661015019514	993.4495771421899	993.4505437181555	993.7538923364351	
993.7538923364351	2.558999999999969	WheelMovementIntervals													0.8321248017546452
996.1847204830855	2.631545974436449	trials	-1.0	1.0	1.5		0.25	0.2	997.2449543266902	997.2448381981775	998.3161538079731	996.8990867820474	996.90015334863	997.1298923364351	
997.1298923364351	1.94500000000005	WheelMovementIntervals													0.9389995813023262
999.5105750597625	2.538726326379333	trials	-1.0	1.0	1.5		0.125	0.2	1000.4741846370166	1000.4740839126949	1001.5492170919562	1000.0324260905489	1000.0334593269259	1000.3398923364351	
1000.3398923364351	1.8719999999999573	WheelMovementIntervals													0.7148173957800239
1002.7363056984894	2.679719576880302	trials	-1.0	1.0	1.5		0.0625	0.2	1003.8482013609431	1003.8481129910823	1004.9159345008323	1003.2827877512949	1003.2837876574662	1003.7078923364351	
1003.7078923364351	1.379000000000019	WheelMovementIntervals													0.6482041249530397
1006.0664265414972	3.3492196510360372	trials	-1.0	-1.0	0.0	0.125		0.2	1006.8284217044173	1006.8276305531898	1008.915525855712	1006.5490479201641	1006.5500811565411	1006.597892336435	
1006.597892336435	1.2520000000000664	WheelMovementIntervals													0.6715184041969948
1009.7098923364351	1.538000000000011	WheelMovementIntervals													0.8481921657544831
1010.0923487588868	3.5237327811601062	trials	-1.0	1.0	1.5		1.0	0.2	1012.0504650140875	1012.0503658629187	1013.1160316906056	1011.6993312969428	1011.7003645333198	1011.9128923364351	
1011.9128923364351	2.213999999999942	WheelMovementIntervals													1.3523476516821304
1014.3169856627139	3.5822545800140233	trials	-1.0	1.0	1.5		0.0	0.2	1016.3189311384219	1016.3188150453875	1017.3991964356578	1014.8653008768334	1014.8663341132104	1016.1608923364352	
1016.1608923364352	2.45799999999997	WheelMovementIntervals													0.46749289817514494
1018.6174487845291	7.381864258159226	trials	1.0	1.0	1.5	0.0625		0.2	1024.4343029452828	1024.4341986305944	1025.499303008304	1019.3660452047542	1019.3669451203083	1022.7578923364351	
1022.7578923364351	1.83199999999988	WheelMovementIntervals													-0.30883161651460966
1026.204892336435	2.8559999999999945	WheelMovementIntervals													0.5925479809189156
1026.754918517775	4.944362284604495	trials	-1.0	1.0	1.5		0.0625	0.2	1030.1217359172683	1030.1216595670835	1031.199168147019	1029.5654547839845	1029.5665213505672	1029.987892336435	
1029.987892336435	1.609000000000151	WheelMovementIntervals													0.7642784064959756
1032.4136875128509	2.6685152582356295	trials	-1.0	1.0	1.5		0.125	0.2	1033.5039852020052	1033.503892929421	1034.5821840264869	1032.999165906336	1033.0001658125072	1033.342892336435	
1033.342892336435	1.9070000000001528	WheelMovementIntervals													0.5461040039518608
1035.7873042743088	4.8781364150399895	trials	-1.0	1.0	1.5		0.0625	0.2	1039.0880278758812	1039.0879275600626	1040.1653934452204	1036.349184882152	1036.3501181279119	1038.851892336435	
1038.851892336435	2.4650000000001455	WheelMovementIntervals													0.8111741477121086
1041.4038438987513	8.278577363722206	trials	1.0	1.0	1.5	0.125		0.2	1048.1199136793293	1048.1198050372545	1049.1823806467166	1041.9656245159772	1041.9664244409144	1046.911892336435	
1042.449892336435	0.2520000000001801	WheelMovementIntervals													-0.026349574998612013
1046.911892336435	3.1560000000001764	WheelMovementIntervals													-0.3367827434899695
1050.4705264369597	2.3949337506292068	trials	-1.0	1.0	1.5		0.125	0.2	1051.2868498351856	1051.2867372578048	1052.3653819617246	1050.9483482660046	1050.9493148419701	1051.188892336435	
1051.188892336435	5.795000000000073	WheelMovementIntervals													-4.049910721982734
1053.5923668244916	8.489491290182514	trials	1.0	-1.0	0.0		0.125	0.2	1059.5095782346355	1059.5088283553243	1061.5818504443894	1057.5322304507406	1057.5332636871176	1059.261892336435	
1059.261892336435	1.6980000000000928	WheelMovementIntervals													0.6207499309103
1062.866063270359	2.9495213008387964	trials	-1.0	1.0	1.5		0.125	0.2	1064.2635654655335	1064.263471940834	1065.315466757711	1063.3656163935261	1063.366549639286	1063.826892336435	
1063.826892336435	1.4500000000000455	WheelMovementIntervals													0.7247109760510284
1066.5211869492355	2.7943305388587305	trials	-1.0	1.0	1.5		0.125	0.2	1067.7603040068807	1067.7601996034318	1068.8154716592176	1067.015207258255	1067.0161738342206	1067.551892336435	
1067.551892336435	2.206000000000131	WheelMovementIntervals													0.5205195945989587
1070.0547220376857	2.627121382328596	trials	1.0	1.0	1.5	1.0		0.2	1071.1112228982508	1071.111129429513	1072.181822435831	1070.7818204752284	1070.7828203813997	1070.9798923364351	
1070.9798923364351	1.7769999999998163	WheelMovementIntervals													-0.6766200913374405
1073.3505460990186	2.5981238190333897	trials	-1.0	1.0	1.5		0.25	0.2	1074.3870821663643	1074.3869548027747	1075.4486492181973	1073.9820868367938	1073.9831200731705	1074.251892336435	
1074.251892336435	1.5630000000001019	WheelMovementIntervals													0.7701384509122704
1076.6207725623672	2.9277502764464316	trials	-1.0	1.0	1.5		0.25	0.2	1077.9726123757205	1077.9724943895717	1079.0485114160083	1077.1810533203363	1077.1820865567133	1077.706892336435	
1077.706892336435	1.41800000000012	WheelMovementIntervals													0.7410660433073062
1080.2485321423567	2.700311824429491	trials	-1.0	1.0	1.5		0.125	0.2	1081.3793260314476	1081.3792362561492	1082.4487923420336	1080.915202916949	1080.9160695022974	1081.253892336435	
1081.253892336435	2.173000000000002	WheelMovementIntervals													0.7634182714613331
1083.6784436212574	2.7368378054779896	trials	-1.0	1.0	1.5		0.25	0.2	1084.8340685136013	1084.8339587386208	1085.9152337263913	1084.3986427062184	1084.3997092728011	1084.6798923364352	
1084.6798923364352	1.8149999999998272	WheelMovementIntervals													0.4821723606305923
1087.1077884866609	2.690512893074356	trials	1.0	1.0	1.5	0.25		0.8	1088.226283529845	1088.2261930147433	1089.2982496058594	1087.6821679216448	1087.6830011767877	1088.124892336435	
1088.124892336435	2.2509999999999764	WheelMovementIntervals													-0.5630859862190434
1090.5131022737482	3.202256168948452	trials	-1.0	1.0	1.5		0.0625	0.8	1092.1631474375802	1092.163030183714	1093.2152820411975	1091.1319108729424	1091.1329774395251	1091.918892336435	
1091.918892336435	1.9370000000001255	WheelMovementIntervals													0.8738386733638066
1094.4166693059801	3.7318167949108556	trials	-1.0	-1.0	0.0	0.0		0.8	1095.5922589915438	1095.591273962739	1097.6484327119404	1094.9817496135713	1094.982582868714	1095.130892336435	
1095.130892336435	3.0140000000001237	WheelMovementIntervals													1.6671218618371668
1098.847386871706	2.7172380242116105	trials	-1.0	1.0	1.5		0.125	0.8	1099.9922127774005	1099.992102047948	1101.0645454856774	1099.3485065145417	1099.3499063831814	1099.663892336435	
1099.663892336435	1.6869999999998981	WheelMovementIntervals													1.0259309374689778
1102.2711322625505	8.0102716610495	trials	-1.0	1.0	1.5		0.0625	0.8	1108.7179939716168	1108.717888326541	1109.781360854558	1102.9319035907324	1102.932870166698	1108.252892336435	
1108.252892336435	2.8659999999999854	WheelMovementIntervals													1.4947946044486145
1111.0487085964387	11.149806292703033	trials	-1.0	-1.0	0.0	0.0625		0.8	1119.6497015004804	1119.6488890405328	1121.698442585004	1111.5817919065491	1111.5827918127204	1119.136892336435	
1119.136892336435	2.9829999999999472	WheelMovementIntervals													0.5150827057249074
1123.0006203918506	2.6477400058918192	trials	1.0	1.0	1.5	1.0		0.8	1124.075452865556	1124.07533581841	1125.1482855269185	1123.5813325659192	1123.5823324720905	1123.816892336435	
1123.816892336435	1.9839999999999236	WheelMovementIntervals													-0.3902205693098395
1126.3896690385518	2.4418039283621056	trials	1.0	1.0	1.5	0.25		0.8	1127.2512548561306	1127.2511697189034	1128.331353502338	1126.9815801617387	1126.9826467283215	1127.1528923364351	
1127.1528923364351	1.6179999999999382	WheelMovementIntervals													-0.6048168597192003
1129.5705705506002	2.660442949431399	trials	-1.0	1.0	1.5		0.125	0.8	1130.6555020766352	1130.6553868402914	1131.730967824249	1130.0982876975916	1130.0992876037628	1130.539892336435	
1130.539892336435	1.8460000000000036	WheelMovementIntervals													0.5763468555034379
1132.9298219933976	7.535081619102812	trials	1.0	1.0	1.5	0.0		0.8	1138.9001617514416	1138.9000850779153	1139.9647951821999	1133.448273343202	1133.4492399191674	1138.0438923364352	
1138.0438923364352	3.4739999999999327	WheelMovementIntervals													0.4359224781558666
1141.2309097064694	3.367214053701673	trials	1.0	1.0	1.5	0.0625		0.8	1143.049605711189	1143.0495162165812	1144.0980739921783	1142.0313012663664	1142.0321678517148	1142.422892336435	
1142.422892336435	2.6410000000000764	WheelMovementIntervals													-0.34708032079193174
1145.347223441742	3.6508506081013365	trials	1.0	1.0	1.5	0.0		0.8	1147.4457598535948	1147.4456508058151	1148.4979611176236	1146.0978530045154	1146.0987862502752	1147.3528923364352	
1147.3528923364352	1.6099999999999	WheelMovementIntervals													-0.4137505039286893
1149.713580380244	2.417831007031964	trials	1.0	1.0	1.5	0.25		0.8	1150.575699481114	1150.5755903653676	1151.6313670865366	1150.181403147576	1150.1824030537473	1150.4478923364352	
1150.4478923364352	1.227999999999838	WheelMovementIntervals													-0.30421080769260556
1152.8660178966168	3.0654112999980043	trials	1.0	1.0	1.5	0.0625		0.8	1154.3957076876334	1154.3956225372078	1155.4313771696304	1153.5814174319557	1153.5823840079213	1154.298892336435	
1154.298892336435	1.469000000000051	WheelMovementIntervals													-0.34901822646560987
1156.6614284113227	2.76962925740213	trials	1.0	1.0	1.5	0.25		0.8	1157.857449512986	1157.8573397491307	1158.93104876908	1157.2808702844252	1157.2820035114194	1157.528892336435	
1157.528892336435	3.178000000000111	WheelMovementIntervals													-0.36327321976426674
1160.200662964949	2.8803452532768006	trials	1.0	1.0	1.5	1.0		0.8	1161.5077736422406	1161.507683045848	1162.5809729358662	1161.1813042773204	1161.1823041834916	1161.3928923364351	
1161.3928923364351	1.2860000000000582	WheelMovementIntervals													-0.5108544550269443
1163.8636192421673	3.3508168200467026	trials	-1.0	1.0	1.5		0.0625	0.8	1165.6370194973283	1165.636927085182	1166.7143850666675	1164.5812852314943	1164.5822851376656	1165.2758923364352	
1165.2758923364352	2.242999999999938	WheelMovementIntervals													0.5691742848166896
1167.934437246647	2.563525254653314	trials	1.0	1.0	1.5	0.125		0.8	1168.9494753313102	1168.9493464532507	1169.9978769518882	1168.5811432280195	1168.582243124808	1168.799892336435	
1168.799892336435	1.3740000000000236	WheelMovementIntervals													-0.4881783844890961
1171.1832657179305	5.881073382775185	trials	1.0	-1.0	0.0		0.0625	0.8	1174.4965214768492	1174.4957053601318	1176.564260778627	1171.8475700479173	1171.8485366238829	1174.0328923364352	
1174.0328923364352	2.050999999999931	WheelMovementIntervals													-0.8108108945043213
1177.789745782137	4.774744461807131	trials	1.0	1.0	1.5	0.0625		0.8	1180.9910787102851	1180.990974250665	1182.064444654939	1178.2977647775544	1178.2988313441372	1180.5048923364352	
1180.5048923364352	2.8019999999999072	WheelMovementIntervals													-0.3838256724832334
1183.3057948363669	2.7920312078099414	trials	1.0	1.0	1.5	0.25		0.8	1184.5547109744905	1184.5546079003666	1185.5977131017435	1184.264371552559	1184.2654381191417	1184.451892336435	
1184.451892336435	1.5160000000000764	WheelMovementIntervals													-0.4529588723338591
1187.140934956278	2.9066233630121587	trials	-1.0	1.0	1.5		0.25	0.8	1188.468843681932	1188.468744715374	1189.547475799088	1187.830770223838	1187.8317367998036	1188.1608923364352	
1188.1608923364352	2.259999999999991	WheelMovementIntervals													0.7572241774305581
1190.774460661855	2.5730209424380064	trials	1.0	1.0	1.5	0.125		0.8	1191.7680674242474	1191.7679675898735	1192.847466136135	1191.280913137604	1191.2820130343923	1191.586892336435	
1191.586892336435	1.8040000000000873	WheelMovementIntervals													-0.4523017798871791
1194.0809837192207	2.6334428942623163	trials	1.0	1.0	1.5	0.25		0.8	1195.1411175722085	1195.1409997774988	1196.214316865834	1194.7310227211642	1194.73198929713	1195.0128923364352	
1195.0128923364352	1.2459999999998672	WheelMovementIntervals													-0.3080127381998352
1197.436135546716	3.961421395401203	trials	1.0	1.0	1.5	0.25		0.8	1199.82804442922	1199.8279472571965	1200.8975440700117	1198.047511510037	1198.0482781047683	1199.6988923364352	
1199.6988923364352	1.5219999999999345	WheelMovementIntervals													-0.29755048070838797
1202.1626586881098	3.0678353284390596	trials	-1.0	1.0	1.5		0.125	0.8	1203.6537854311212	1203.653674886255	1204.7304177359347	1202.7139402905375	1202.714906866503	1203.5348923364352	
1203.5348923364352	3.4780000000000655	WheelMovementIntervals													0.43184996427972777
1205.9925992959304	3.321744558491446	trials	1.0	1.0	1.5	1.0		0.8	1207.7440349455292	1207.7439212067952	1208.8142678508466	1207.4309309930986	1207.4318642388585	1207.625892336435	
1207.625892336435	1.7550000000001091	WheelMovementIntervals													-1.1961496740120126
1210.0672502740667	3.1136312679889215	trials	1.0	1.0	1.5	0.125		0.8	1211.6051726258936	1211.6050642355492	1212.6808050245359	1210.5974005260748	1210.5985004228633	1211.5118923364353	
1211.5118923364353	1.806999999999789	WheelMovementIntervals													-0.47703048594279096
1213.944186471937	2.6032178013886096	trials	1.0	1.0	1.5	0.25		0.8	1214.9683903631703	1214.9682926882053	1216.0473557823834	1214.6638522736068	1214.6647855193667	1214.8518923364352	
1214.8518923364352	1.3789999999999054	WheelMovementIntervals													-0.8508892222690818
1217.280606723824	2.7001367456696244	trials	1.0	1.0	1.5	0.125		0.8	1218.4196331737246	1218.4195213795083	1219.4806669422665	1217.780726460488	1217.781759696865	1218.288892336435	
1218.288892336435	1.865000000000009	WheelMovementIntervals													-0.6056764818164453
1220.716850941809	3.5136289532381397	trials	1.0	-1.0	0.0		0.0	0.8	1221.6497300693995	1221.6488580912865	1223.730434821198	1221.2133043558454	1221.2144042526338	1221.452892336435	
1221.452892336435	1.6580000000001291	WheelMovementIntervals													-0.45230358395993875
1224.9857836890235	2.6449408040066373	trials	1.0	1.0	1.5	1.0		0.8	1226.0451842774855	1226.0450992302738	1227.130649086812	1225.513934128689	1225.5150340254775	1225.9028923364351	
1225.9028923364351	1.70900000000006	WheelMovementIntervals													-0.7198806795752759
1228.3649332646291	2.6656104393177884	trials	1.0	1.0	1.5	0.25		0.8	1229.4546310100807	1229.4545367143116	1230.530496720163	1228.9474119396004	1228.9483451853603	1229.3318923364352	
1229.3318923364352	1.2259999999998854	WheelMovementIntervals													-0.5396309003161193
1231.81154317659	4.469137930555689	trials	1.0	1.0	1.5	0.0		0.8	1234.7170705290703	1234.7169665353401	1235.78060406304	1232.2972975945936	1232.2983308309706	1234.6018923364352	
1234.6018923364352	1.4929999999999382	WheelMovementIntervals													-0.4145814982500724
1236.3038923364352	0.32999999999992724	WheelMovementIntervals													0.025133198290106407
1237.0367861860084	7.210475598176572	trials	1.0	1.0	1.5	0.125		0.8	1242.6854561287544	1242.685343841504	1243.7471565014102	1237.6135653958033	1237.6145653019746	1242.2438923364352	
1242.2438923364352	1.2929999999998927	WheelMovementIntervals													-0.5013630298874006
1245.0461679387145	3.2677483714467144	trials	-1.0	1.0	1.5		0.125	0.8	1246.760407078742	1246.7602922632386	1247.8138082301764	1245.5305891484898	1245.5314890640439	1245.9378923364352	
1245.9378923364352	2.675999999999931	WheelMovementIntervals													0.5464310998728692
1249.066723992985	6.596440667723755	trials	-1.0	-1.0	0.0	0.0625		0.8	1253.0850802536788	1253.084346934859	1255.1630852588148	1249.713729946209	1249.7147965127917	1252.7948923364352	
1252.7948923364352	1.4929999999999382	WheelMovementIntervals													1.5134103012887863
1256.433366058798	2.5471450335576264	trials	-1.0	1.0	1.5		0.0625	0.8	1257.4245063859678	1257.4243828018477	1258.4804073028304	1257.013811591221	1257.014711506775	1257.3198923364353	
1257.3198923364353	1.5399999999999636	WheelMovementIntervals													0.7037894505587445
1259.735622849833	2.5448186642292967	trials	1.0	1.0	1.5	1.0		0.8	1260.7094314700341	1260.7093292259517	1261.7803643096713	1260.4467227886353	1260.447689364601	1260.6138923364351	
1260.6138923364351	1.300000000000182	WheelMovementIntervals													-0.41524904286450237
1263.0561445935964	2.5568221283895127	trials	1.0	1.0	1.5	0.25		0.8	1264.0330529229286	1264.0329522834413	1265.1129515879015	1263.7136495616187	1263.7146827979957	1263.9308923364351	
1263.9308923364351	1.4510000000000218	WheelMovementIntervals													-0.9709078855001394
1266.3432694712394	2.503624222666758	trials	1.0	1.0	1.5	1.0		0.8	1267.2941802401185	1267.2940779108044	1268.3467814666158	1266.9468461664246	1266.9476460913615	1267.1758923364353	
1267.1758923364353	1.4120000000000346	WheelMovementIntervals													-0.9707401837255603
1269.578799190445	2.3344374566286206	trials	1.0	1.0	1.5	1.0		0.8	1270.3572261447796	1270.3571110118423	1271.4131937220536	1270.0630537491916	1270.063953664746	1270.2408923364353	
1270.2408923364353	1.5649999999998272	WheelMovementIntervals													-0.3663887596696398
1272.6453447667056	2.5682172302144863	trials	-1.0	1.0	1.5		0.125	0.8	1273.660349521163	1273.6602503901881	1274.7135506913633	1273.2293233009336	1273.2302565466937	1273.5318923364352	
1273.5318923364352	1.4959999999998672	WheelMovementIntervals													0.3867603037154481
1275.989464296111	2.6739358533225186	trials	1.0	1.0	1.5	0.25		0.8	1277.0876612440184	1277.0875781987645	1278.163360303072	1276.7629583800008	1276.7638916257606	1276.9378923364352	
1276.9378923364352	3.16800000000012	WheelMovementIntervals													-0.6049631943280431
1279.4324078854438	3.5978222890801135	trials	1.0	1.0	1.5	0.25		0.8	1281.4756161558198	1281.4755194070951	1282.5301838644539	1280.713587662694	1280.7145209084538	1280.9298923364352	
1280.9298923364352	1.6980000000000928	WheelMovementIntervals													-0.39454041480342283
1283.7885324507931	2.691029752558279	trials	1.0	1.0	1.5	1.0		0.8	1284.8978616874072	1284.8977443022707	1285.9795601834885	1284.56282645962	1284.5637930355856	1284.7818923364352	
1284.7818923364352	1.5	WheelMovementIntervals													-0.765162971503976
1287.6154733401	2.714333423097287	trials	1.0	1.0	1.5	0.0625		0.8	1288.7522000058068	1288.7520864983603	1289.8296988959687	1288.130158376659	1288.1310916224188	1288.6448923364353	
1288.6448923364353	2.3489999999999327	WheelMovementIntervals													-0.7174355327093593
1291.0938136078958	2.586316972922077	trials	1.0	1.0	1.5	1.0		0.8	1292.1153177524666	1292.115219521104	1293.1800845040477	1291.746619016913	1291.7477522439071	1291.9758923364352	
1291.9758923364352	1.3769999999999527	WheelMovementIntervals													-0.6091222196108745
1294.4396329777924	2.9404461793596965	trials	1.0	1.0	1.5	0.125		0.8	1295.801938475738	1295.8018534447638	1296.8799706491916	1295.013145827428	1295.014045742982	1295.2388923364351	
1295.2388923364351	1.8890000000001237	WheelMovementIntervals													-0.3585929900999645
1298.1231873221388	2.540320683435766	trials	1.0	1.0	1.5	1.0		0.8	1299.1066950322013	1299.106594167736	1300.1634292042065	1298.7631939321639	1298.7643604893638	1298.9968923364352	
1298.9968923364352	1.678000000000111	WheelMovementIntervals													-0.622613595580475
1301.430110341973	2.4330305986711664	trials	1.0	1.0	1.5	1.0		0.8	1302.295929095677	1302.2958201620058	1303.363095622069	1302.029454101033	1302.0303206863816	1302.1828923364353	
1302.1828923364353	1.56899999999996	WheelMovementIntervals													-1.2224230166623542
1304.589747182779	8.056758124966109	trials	1.0	1.0	1.5	0.125		0.8	1311.0846043880663	1311.0844924264554	1312.1464714117506	1305.1130980728224	1305.113964658171	1310.9748923364352	
1310.9748923364352	3.1230000000000473	WheelMovementIntervals													-0.9311083889844696
1313.5279084477734	3.068734002891688	trials	1.0	1.0	1.5	0.25		0.8	1315.0431329295122	1315.0430237547228	1316.0966340715636	1314.7295290239958	1314.730528930167	1314.9508923364353	
1314.9508923364353	1.7139999999999418	WheelMovementIntervals													-0.7967423589216907
1317.366648229901	2.529819966122659	trials	1.0	1.0	1.5	1.0		0.8	1318.347356202684	1318.3472551939165	1319.3963910971704	1318.0628162365458	1318.063816142717	1318.2498923364353	
1318.2498923364353	1.477999999999838	WheelMovementIntervals													-0.9898161086475312
1320.6788707524431	2.5669450061573116	trials	1.0	1.0	1.5	0.0625		0.8	1321.6766104603432	1321.6764870776967	1322.745776799078	1321.212820647902	1321.2137872238675	1321.5738923364352	
1321.5738923364352	1.3170000000000073	WheelMovementIntervals													-0.3819501342325964
1323.9970260516013	7.682761474119616	trials	-1.0	-1.0	0.0	0.0625		0.8	1329.1174122338589	1329.116365681651	1331.1797520423117	1324.5298093898602	1324.5308092960315	1328.8528923364352	
1328.8528923364352	1.7130000000001928	WheelMovementIntervals													-1.2247125768202025
1332.5289920996195	8.350697749507844	trials	1.0	1.0	1.5	0.125		0.8	1339.3058561754108	1339.305769802483	1340.3795887523277	1336.3795641047739	1336.3806640015623	1339.0158923364352	
1332.6248923364353	3.2349999999999	WheelMovementIntervals													3.2898583605159644
1339.0158923364352	2.091000000000122	WheelMovementIntervals													-0.5914491736868044
1341.7182964646315	2.5280224174377963	trials	1.0	1.0	1.5	0.25		0.8	1342.6927050285353	1342.692603948171	1343.746306161204	1342.4627599393486	1342.4635931944915	1342.5908923364352	
1342.5908923364352	1.72199999999998	WheelMovementIntervals													-0.5613937408139122
1344.5918923364352	0.08900000000016917	WheelMovementIntervals													0.03564647416527578
1344.9919226089623	7.104255438536711	trials	1.0	1.0	1.5	0.0625		0.8	1350.535469082902	1350.5353643069861	1351.5961362191808	1345.5622024286442	1345.563235665021	1350.2418923364353	
1350.2418923364353	1.788000000000011	WheelMovementIntervals													-0.7077811690300209
1352.894481052371	2.6017407673170965	trials	-1.0	1.0	1.5		1.0	0.8	1353.948615468331	1353.9484963526388	1354.9961838337663	1353.3960339878806	1353.3968339128178	1353.7318923364353	
1353.7318923364353	3.050999999999931	WheelMovementIntervals													0.642771546521395
1356.2692310408231	2.959915822525545	trials	1.0	1.0	1.5	0.125		0.8	1357.6778321944987	1357.6777380942776	1358.729066882562	1357.312033186842	1357.3131330836304	1357.5438923364352	
1357.5438923364352	1.0960000000000036	WheelMovementIntervals													-0.35182831197688813
1359.9888486677469	4.274052030200892	trials	-1.0	1.0	1.5		0.125	0.8	1362.7225921400027	1362.7224800268632	1363.7628611903876	1362.312663939987	1362.3134305347185	1362.6028923364354	
1360.2968923364353	1.5249999999998636	WheelMovementIntervals													1.1453777248119081
1362.6028923364354	1.6089999999999236	WheelMovementIntervals													0.9050258656570023
1365.0438076561975	3.052336381580062	trials	1.0	1.0	1.5	0.125		0.8	1366.5383340801911	1366.5382244893397	1367.5961014885734	1365.662449604363	1365.663382850123	1366.1098923364352	
1366.1098923364352	1.7140000000001692	WheelMovementIntervals													-0.5142319967873661
1368.8496505252904	2.3298071880335556	trials	1.0	1.0	1.5	1.0		0.8	1369.6448425730969	1369.6447522958294	1370.6794454885112	1369.3457706372697	1369.3467038830295	1369.5328923364352	
1369.5328923364352	1.747000000000071	WheelMovementIntervals													-1.0799617331525297
1371.972557479405	2.573042271340455	trials	1.0	1.0	1.5	0.125		0.8	1372.9655642980947	1372.965473405677	1374.045529623479	1372.6454943326708	1372.6463275878134	1372.8618923364354	
1372.8618923364354	1.3429999999998472	WheelMovementIntervals													-0.4416797127351373
1375.3187101513588	2.6772097040638982	trials	-1.0	1.0	1.5		0.25	0.8	1376.43660525084	1376.4365129504752	1377.4958725184792	1375.9626497256575	1375.9636496318287	1376.3118923364352	
1376.3118923364352	1.6030000000000655	WheelMovementIntervals													0.5549060904179157
1378.7786188153975	2.6006417230512398	trials	-1.0	1.0	1.5		0.25	0.8	1379.821454291622	1379.8213343412297	1380.879155039593	1379.3956609136892	1379.396594159449	1379.7148923364352	
1379.7148923364352	1.34699999999998	WheelMovementIntervals													0.6227517757489949
1382.1509690290386	2.611716589366779	trials	1.0	1.0	1.5	1.0		0.8	1383.212969373546	1383.2128745543791	1384.2626042117352	1382.8288054225434	1382.8299053193318	1383.1208923364354	
1383.1208923364354	0.7619999999999436	WheelMovementIntervals													-0.46607040495931784
1385.2868923364354	3.9169999999999163	WheelMovementIntervals													1.2299566825717392
1385.5165865411266	11.57922248458408	trials	1.0	1.0	1.5	0.0		0.8	1395.5417791351156	1395.541689988946	1396.5957135698413	1389.7950183969679	1389.7958516521107	1395.3758923364353	
1395.3758923364353	1.4380000000001019	WheelMovementIntervals													-0.6324567568560582
1397.7278923364354	1.2980000000000018	WheelMovementIntervals													-1.9048064951548938
1397.9978153334037	6.131265454429013	trials	-1.0	1.0	1.5		0.0	0.8	1402.560353862709	1402.560261807495	1403.629020248358	1399.5622018685633	1399.5630684539117	1402.2018923364353	
1402.2018923364353	3.5389999999999873	WheelMovementIntervals													-3.1993168142129704
1405.0474871429235	3.5981352985518242	trials	1.0	1.0	1.5	0.0625		0.8	1407.0663976933374	1407.066305264783	1408.1454964333734	1406.3456319948793	1406.3466652312563	1406.9538923364353	
1406.9538923364353	4.412000000000035	WheelMovementIntervals													-8.651798556750219
1409.586427886587	4.0760275841923885	trials	1.0	1.0	1.5	1.0		0.8	1412.091259506033	1412.09114299355	1413.1624256571104	1411.762257045479	1411.763290281856	1411.9778923364354	
1411.9778923364354	1.2259999999998854	WheelMovementIntervals													-0.8623711151145983
1414.9267600963185	2.435425361672742	trials	1.0	1.0	1.5	0.25		0.8	1415.7816798727554	1415.7815679450227	1416.8620784908142	1415.4781750195689	1415.4792415861516	1415.6748923364353	
1415.6748923364353	1.7050000000001546	WheelMovementIntervals													-0.6871860853976202
1418.1526907162797	2.559041883683676	trials	1.0	1.0	1.5	1.0		0.8	1419.1283991582063	1419.12830592163	1420.211664173956	1418.8789892288855	1418.8798891444396	1419.0418923364352	
1419.0418923364352	2.436000000000149	WheelMovementIntervals													-0.6734342363207588
1421.5127420840142	2.616113945541656	trials	-1.0	1.0	1.5		0.125	0.8	1422.5378458908015	1422.5377463725229	1423.62881018407	1422.078788967571	1422.0798555341537	1422.4118923364354	
1422.4118923364354	1.5760000000000218	WheelMovementIntervals													0.9218323903208905
1424.9031572691497	2.492423018735508	trials	1.0	1.0	1.5	1.0		0.8	1425.8296703274495	1425.829565081596	1426.8954703154077	1425.5454636633685	1425.5464635695398	1425.7348923364355	
1425.7348923364355	1.384999999999991	WheelMovementIntervals													-0.8115405111755116
1428.1624847552314	2.7164300491144786	trials	-1.0	1.0	1.5		0.25	0.8	1429.319509516215	1429.3193962752896	1430.37881011406	1428.7115332338765	1428.7124331494306	1429.0828923364354	
1429.0828923364354	2.566000000000031	WheelMovementIntervals													1.4399318848411298
1431.7047190273713	8.956505002906397	trials	1.0	1.0	1.5	0.125		0.8	1439.0781937853546	1439.0781030005946	1440.1611921594586	1432.1952396647914	1432.1961395803455	1438.7678923364354	
1438.7678923364354	1.5769999999999982	WheelMovementIntervals													-0.694731068368398
1441.5248308656328	4.837246720440135	trials	-1.0	1.0	1.5		0.25	0.8	1444.7968571600895	1444.796760438282	1445.8619905439336	1444.6620031477908	1444.6629697237563	1444.6948923364353	
1441.9488923364354	2.0930000000000746	WheelMovementIntervals													-0.9781061197989835
1444.6948923364353	3.4290000000000873	WheelMovementIntervals													-5.934410909278903
1447.3473844915627	6.547865169521629	trials	1.0	-1.0	0.0		0.0625	0.8	1451.3178785768584	1451.3168233923325	1453.3951169872632	1448.677792982645	1448.678926209639	1450.9868923364354	
1450.9868923364354	1.4329999999999927	WheelMovementIntervals													-3.3660321644221334
1453.4188923364354	0.5039999999999054	WheelMovementIntervals													-0.9622698835309293
1454.7449569882738	2.6833224592705847	trials	1.0	1.0	1.5	1.0		0.8	1455.8532529885108	1455.853165437924	1456.9281854528333	1455.3285355600333	1455.3295021359988	1455.7278923364354	
1455.7278923364354	2.86200000000008	WheelMovementIntervals													-9.08167937206831
1458.358784542277	5.552960608372587	trials	1.0	1.0	1.5	0.25		0.8	1462.3306118358007	1462.3305264617766	1463.4116770579735	1459.3451253198245	1459.3461252259958	1461.6298923364354	
1461.6298923364354	2.058999999999969	WheelMovementIntervals													-0.6238655336418963
1464.754551045991	4.739940256014506	trials	1.0	1.0	1.5	0.0625		0.8	1467.9074885154494	1467.90737582725	1468.9944531840329	1465.345195621361	1465.3460622067093	1467.4728923364353	
1467.4728923364353	1.425000000000182	WheelMovementIntervals													-0.3675677652885838
1470.3167957653334	6.211368463125837	trials	1.0	1.0	1.5	0.0625		0.8	1474.9454280925597	1474.9453452919188	1476.0280931646066	1470.8451461862333	1470.8460127715816	1474.3358923364353	
1474.3358923364353	1.8730000000000473	WheelMovementIntervals													-0.5082569427114887
1477.3413699299545	3.120225993199938	trials	1.0	1.0	1.5	0.0		0.8	1478.8760592518274	1478.8759812386304	1479.9615573913595	1478.07846742921	1478.0796339864098	1478.4398923364354	
1478.4398923364354	1.9329999999999927	WheelMovementIntervals													-1.0047413144449218
1481.283799982043	2.744527634846918	trials	1.0	1.0	1.5	0.125		0.8	1482.4665223316283	1482.4664110280435	1483.5282227042844	1481.9116410669842	1481.912574312744	1482.1818923364353	
1482.1818923364353	1.875	WheelMovementIntervals													-0.840946429826495
1484.8375331751527	3.65734152066193	trials	1.0	1.0	1.5	0.0625		0.8	1486.9192378331225	1486.9191556688406	1487.9948035713533	1485.3279871521613	1485.3288870677154	1485.9008923364354	
1485.9008923364354	1.7160000000001219	WheelMovementIntervals													-0.41264783442445285
1489.3066804680614	2.5045195442685326	trials	1.0	1.0	1.5	0.25		0.8	1490.2271940893336	1490.227086548048	1491.3111590394033	1489.9283221347407	1489.9291553898834	1490.1388923364354	
1490.1388923364354	1.2369999999998527	WheelMovementIntervals													-0.4030478596878071
1492.6253023900995	4.902958886453462	trials	-1.0	-1.0	0.0	0.0		0.8	1494.9734487125072	1494.9725291450002	1497.0281559038526	1493.0949249885398	1493.0957915738882	1494.8558923364353	
1494.8558923364353	1.8910000000000764	WheelMovementIntervals													-1.7460267109979313
1498.3172682700615	2.544216328345101	trials	1.0	1.0	1.5	1.0		0.8	1499.3003760176553	1499.3002738060854	1500.361409786197	1498.96097453292	1498.96214109012	1499.1888923364354	
1499.1888923364354	1.099999999999909	WheelMovementIntervals													-0.8984987262389912
1501.6683871426658	2.62633571446554	trials	1.0	1.0	1.5	0.25		0.8	1502.7432862767826	1502.74320094013	1503.7946542856687	1502.4437143878697	1502.444714294041	1502.6548923364355	
1502.6548923364355	1.5	WheelMovementIntervals													-0.5431650373377814
1505.1056312668225	2.571914567568001	trials	1.0	1.0	1.5	0.0625		0.8	1506.1024377289627	1506.1023361371847	1507.177503514108	1505.7109744629101	1505.7120076992871	1505.9918923364355	
1505.9918923364355	1.921999999999798	WheelMovementIntervals													-0.4171714952442005
1508.48204776556	3.512649690461785	trials	-1.0	-1.0	0.0	0.0		0.8	1509.414293619242	1509.4133604097842	1511.4946317387776	1508.9612694632447	1508.9623026996217	1509.2988923364355	
1509.2988923364355	1.7889999999999873	WheelMovementIntervals													0.723667493610197
1512.835905876921	2.525319463612277	trials	1.0	1.0	1.5	0.125		0.8	1513.7878165519712	1513.7877124590511	1514.8611824966254	1513.4112852180763	1513.4122517940418	1513.7018923364353	
1513.7018923364353	1.643000000000029	WheelMovementIntervals													-0.449420877123587
1516.144328756012	2.5501156699799594	trials	1.0	1.0	1.5	1.0		0.8	1517.133635921868	1517.133533670772	1518.1944363789698	1516.8113661628672	1516.8122327482156	1517.0318923364355	
1517.0318923364355	2.589999999999918	WheelMovementIntervals													-0.9644999130235408
1519.5179455174703	2.392728446459614	trials	1.0	1.0	1.5	1.0		0.8	1520.332569075205	1520.3324541796992	1521.410634578864	1520.0610945497046	1520.062194446493	1520.2008923364353	
1520.2008923364353	1.3320000000001073	WheelMovementIntervals													-1.335014669808166
1522.7085794495856	2.586036655255839	trials	-1.0	1.0	1.5		0.125	0.2	1523.7215843917006	1523.7214930235536	1524.794550373886	1523.327921332071	1523.3288212476252	1523.5458923364354	
1523.5458923364354	1.41800000000012	WheelMovementIntervals													0.41484150178256396
1526.1184261446492	5.392843238648311	trials	1.0	-1.0	0.0		0.0	0.2	1528.956093198306	1528.9552478376017	1531.0112336823256	1526.5944481425859	1526.5954480487571	1528.8428923364354	
1528.8428923364354	1.3240000000000691	WheelMovementIntervals													-1.3307144319441617
1531.2218923364355	1.02800000000002	WheelMovementIntervals													0.9771168511837096
1532.3689729420892	2.4087242427656292	trials	-1.0	1.0	1.5		0.25	0.2	1533.2093940790428	1533.2092803528392	1534.2776271720177	1532.877725202032	1532.8787251082033	1533.1008923364354	
1533.1008923364354	2.52800000000002	WheelMovementIntervals													1.7007331039306937
1535.6063024924028	7.3047902671719385	trials	-1.0	1.0	1.5		0.0625	0.2	1541.3505634651224	1541.3504719018683	1542.4109972899614	1536.2611077137628	1536.2620409595227	1540.9998923364356	
1540.9998923364356	2.2779999999997926	WheelMovementIntervals													1.0778599251474694
1543.7885013617104	3.005506194243935	trials	-1.0	1.0	1.5		0.125	0.2	1545.2100013049956	1545.2099033453053	1546.293966255065	1544.4107429720925	1544.4116095574411	1545.1128923364354	
1545.1128923364354	1.512000000000171	WheelMovementIntervals													1.1636121659849588
1547.6492057494004	2.5118443465905784	trials	-1.0	1.0	1.5		0.25	0.2	1548.597416771617	1548.5973213559996	1549.660950305587	1548.2442832421298	1548.2452498180953	1548.4958923364354	
1548.4958923364354	2.400000000000091	WheelMovementIntervals													2.076822907321385
1550.964461320662	2.6298097697301728	trials	-1.0	1.0	1.5		1.0	0.2	1552.0395604360128	1552.0394644967414	1553.0942614654698	1551.610667348949	1551.6115339342973	1551.9378923364354	
1551.9378923364354	1.4860000000001037	WheelMovementIntervals													0.8570949777031931
1554.4082714953431	2.5688410801465125	trials	-1.0	1.0	1.5		1.0	0.2	1555.3998117849815	1555.3996865778824	1556.4770773637035	1555.0607102720978	1555.0618434990918	1555.2958923364354	
1555.2958923364354	1.3520000000000891	WheelMovementIntervals													1.167851714016896
1557.7706226472717	4.440335650013822	trials	1.0	-1.0	0.0		0.0625	0.2	1559.6588121308946	1559.6578369490705	1561.7109195661947	1558.4443260952685	1558.4454926524684	1559.5398923364355	
1559.5398923364355	1.0529999999998836	WheelMovementIntervals													1.0266452341728645
1563.0393615751402	2.671530813764093	trials	-1.0	1.0	1.5		0.125	0.2	1564.1292926320316	1564.1291729213524	1565.2107911468786	1563.7438288030064	1563.7447620487665	1564.0048923364354	
1564.0048923364354	1.3820000000000618	WheelMovementIntervals													0.5033134516687792
1566.5469990937543	2.863617942586643	trials	1.0	1.0	1.5	0.125		0.2	1567.833711685152	1567.8336062566673	1568.910610631611	1567.1108795139398	1567.1117127690825	1567.5748923364354	
1567.5748923364354	2.5490000000002055	WheelMovementIntervals													-0.746775341870638
1570.2356196293683	3.7920605163878918	trials	-1.0	1.0	1.5		0.25	0.2	1572.4742428958164	1572.4741541728454	1573.5275773868393	1571.9108624287164	1571.9119956557106	1572.2828923364355	
1570.4548923364355	0.8179999999999836	WheelMovementIntervals													-0.26246224338945723
1572.2828923364355	1.509999999999991	WheelMovementIntervals													0.7882407219756526
1574.8114902409575	3.382433720057179	trials	1.0	1.0	1.5	0.125		0.2	1576.6310861612312	1576.63100730417	1577.6938864306755	1575.4936262309986	1575.49462613717	1576.5468923364356	
1576.5468923364356	2.19399999999996	WheelMovementIntervals													-0.6628219538389892
1579.00982961248	6.150936797817167	trials	-1.0	1.0	1.5		0.0625	0.2	1583.603665204946	1583.6035556006573	1584.6607326790086	1580.3107408715098	1580.3116074568582	1582.8548923364356	
1579.1518923364356	0.4399999999998272	WheelMovementIntervals													-0.0771678412105743
1582.8548923364356	1.856999999999971	WheelMovementIntervals													0.8697440714931357
1586.0453694147793	2.3479273824798383	trials	-1.0	1.0	1.5		1.0	0.2	1586.834795336998	1586.8346779476701	1587.8932626797	1586.5266909154236	1586.5275241705663	1586.7448923364354	
1586.7448923364354	1.9450000000001637	WheelMovementIntervals													0.9506785566412415
1589.0008923364355	0.8540000000000418	WheelMovementIntervals													0.27183223779289456
1589.2402029528141	8.586803302204999	trials	1.0	-1.0	0.0		0.0	0.2	1595.2651042576038	1595.2641733186404	1597.3269774431765	1590.3938280328155	1590.3948279389867	1594.8328923364354	
1594.8328923364354	1.6240000000000236	WheelMovementIntervals													-0.540884878517037
1598.7172136535064	2.476617268454902	trials	-1.0	1.0	1.5		0.125	0.2	1599.6617250228894	1599.661619094479	1600.6937948426698	1599.1772704829084	1599.1780704078453	1599.5238923364354	
1599.5238923364354	1.6330000000000382	WheelMovementIntervals													0.42931999369109697
1602.0539338772446	5.006640275960763	trials	1.0	-1.0	0.0		0.0	0.2	1604.5210357038281	1604.5199527300551	1606.5605109911644	1602.793797783574	1602.7946976991282	1604.4288923364354	
1604.4288923364354	3.8920000000000528	WheelMovementIntervals													-4.435463602516483
1607.9662790773548	6.160863657915797	trials	1.0	1.0	1.5	0.125		0.2	1612.5914450631874	1612.5913253648123	1613.6271145451847	1608.9436206993612	1608.9446539357382	1612.2818923364355	
1612.2818923364355	2.3510000000001128	WheelMovementIntervals													-0.5003898412295946
1615.028049751547	8.065479231968538	trials	1.0	1.0	1.5	0.0625		0.2	1621.5261066565824	1621.5260119735676	1622.5934731642087	1615.5430680901632	1615.543901345306	1620.9378923364354	
1620.9378923364354	3.800000000000182	WheelMovementIntervals													-2.254316550162968
1624.0533361742648	3.5063478571580617	trials	-1.0	1.0	1.5		0.125	0.2	1625.9880546250579	1625.9879614759238	1627.0596540688093	1624.9935146169057	1624.9944811928713	1625.8208923364355	
1625.3228923364354	0.28500000000008185	WheelMovementIntervals													0.038701296688354425
1625.8208923364355	2.0620000000001255	WheelMovementIntervals													0.8439544168071418
1628.4274923809028	5.465831282589306	trials	-1.0	1.0	1.5		0.125	0.2	1632.3220269273875	1632.321912532327	1633.393293069082	1628.926912183247	1628.9277787685955	1631.9928923364355	
1631.9928923364355	2.1000000000001364	WheelMovementIntervals													0.7744839930411533
1634.8240254793482	2.3695260997574223	trials	-1.0	1.0	1.5		1.0	0.2	1635.644248511642	1635.6441334743206	1636.6935500477741	1635.3101798598204	1635.3110464451688	1635.5398923364355	
1635.5398923364355	2.3990000000001146	WheelMovementIntervals													0.9904462467864583
1638.0419568499392	2.6017367086815284	trials	-1.0	1.0	1.5		0.125	0.2	1639.0901918194888	1639.0900704295327	1640.143592970923	1638.5926718388698	1638.5937050752468	1638.9218923364356	
1638.9218923364356	1.566000000000031	WheelMovementIntervals													0.8986797284604346
1641.4660022126352	4.0273351346538675	trials	1.0	-1.0	0.0		0.0	0.2	1642.9333311887701	1642.9325142782736	1644.9933045526175	1642.0267162632783	1642.0276828392439	1642.8458923364356	
1642.8458923364356	0.7490000000000236	WheelMovementIntervals													-0.550395323821272
1645.2628923364355	1.2390000000000327	WheelMovementIntervals													0.31299725138739376
1646.3648425175447	2.5782364042045174	trials	-1.0	1.0	1.5		0.25	0.2	1647.369348257204	1647.3692563101013	1648.4430141737093	1647.0267470727206	1647.027613658069	1647.2648923364357	
1647.2648923364357	1.6619999999998072	WheelMovementIntervals													0.7053291509354516
1649.7827884525957	2.510714909356466	trials	-1.0	1.0	1.5		1.0	0.2	1650.7458980767642	1650.7457930205235	1651.7934331119939	1650.3765660673023	1650.3775993036793	1650.6538923364355	
1650.6538923364355	2.5329999999999018	WheelMovementIntervals													1.360432901485316
1653.1641044915725	2.962633895862382	trials	-1.0	1.0	1.5		0.25	0.2	1654.5802382717384	1654.580119258499	1655.6266734101796	1653.6931548467921	1653.6942214133749	1654.3878923364355	
1654.3878923364355	1.70900000000006	WheelMovementIntervals													0.5809225563019531
1657.0004444988892	2.8762394145983308	trials	-1.0	1.0	1.5		0.125	0.2	1658.3184541534476	1658.3183611843594	1659.376554863887	1657.7263097188209	1657.7271763041692	1658.1648923364355	
1658.1648923364355	1.4580000000000837	WheelMovementIntervals													0.7213179553670859
1660.7469929320257	2.696528452605662	trials	1.0	1.0	1.5	0.25		0.2	1661.9005846818216	1661.9005042478268	1662.9434201580461	1661.4929895962057	1661.4941561534054	1661.7688923364356	
1661.7688923364356	1.4120000000000346	WheelMovementIntervals													-0.27578713682575007
1664.284627635778	6.658452672175827	trials	-1.0	-1.0	0.0	0.0625		0.2	1668.3757437355346	1668.374858763267	1670.4430164144323	1664.7598497087774	1664.7607829545375	1667.9368923364357	
1667.9368923364357	1.3739999999997963	WheelMovementIntervals													0.36427157683597855
1671.841885148041	2.801420648958583	trials	1.0	1.0	1.5	1.0		0.2	1673.0941009765297	1673.093993483282	1674.143269191839	1672.3931334202628	1672.394366637874	1672.6748923364355	
1672.6748923364355	3.522000000000162	WheelMovementIntervals													-0.35896880901782247
1675.4905094368044	3.352033023446211	trials	-1.0	1.0	1.5		1.0	0.2	1677.275641924375	1677.275525957335	1678.3424418185043	1676.8423159199517	1676.843315826123	1677.0898923364355	
1677.0898923364355	1.8240000000000691	WheelMovementIntervals													1.197725628947115
1679.6938483391832	2.5493262832105756	trials	1.0	1.0	1.5	0.25		0.2	1680.6854886194387	1680.685357783652	1681.743122706998	1680.359885839867	1680.3609524064498	1680.5738923364356	
1680.5738923364356	1.7590000000000146	WheelMovementIntervals													-0.6444424631588266
1683.5733842930988	2.5357367528249597	trials	-1.0	1.0	1.5		0.0625	0.2	1684.536893879736	1684.5367971169476	1685.6090932671902	1684.2261897021162	1684.227256268699	1684.4398923364356	
1684.4398923364356	2.619999999999891	WheelMovementIntervals													1.1606195260045897
1686.995429843452	3.9639417155221963	trials	-1.0	-1.0	0.0	0.125		0.2	1688.3958984269348	1688.3949435123973	1690.4593048019703	1687.5430784534574	1687.5439117086003	1687.8468923364355	
1687.8468923364355	1.3040000000000873	WheelMovementIntervals													0.4800390967357302
1691.3348923364356	1.0640000000000782	WheelMovementIntervals													0.8437490303491639
1691.8214769790932	2.887638724024555	trials	-1.0	1.0	1.5		1.0	0.2	1693.1482858079587	1693.1481933923824	1694.2090862650605	1692.8763446595788	1692.8771779147214	1693.0638923364356	
1693.0638923364356	2.0679999999999836	WheelMovementIntervals													0.9895974230483713
1695.5782244551767	10.131388775910182	trials	-1.0	-1.0	0.0	0.25		0.2	1703.159746357196	1703.1587893831384	1705.2095540083021	1696.0263157407292	1696.0274822979288	1703.0248923364356	
1703.0248923364356	1.5769999999999982	WheelMovementIntervals													0.6240819836947598
1706.6554183319604	4.937349734460668	trials	-1.0	1.0	1.5		0.0	0.2	1710.0269352904586	1710.0268502442334	1711.0926686180053	1709.6090411712787	1709.6100077472443	1709.8548923364356	
1706.9038923364355	2.2309999999999945	WheelMovementIntervals													1.2605699700882056
1709.8548923364356	1.900000000000091	WheelMovementIntervals													0.9353075319377986
1712.463573309024	2.9951331134200245	trials	-1.0	1.0	1.5		0.0625	0.2	1713.8932724829135	1713.8931876825347	1714.9586725084032	1713.1426095899344	1713.1437094867229	1713.7558923364356	
1713.7558923364356	0.49900000000002365	WheelMovementIntervals													0.9367318070060513
1714.5728923364356	0.7300000000000182	WheelMovementIntervals													0.0722825706797039
1716.3041129222602	2.3887215461168125	trials	-1.0	1.0	1.5		1.0	0.2	1717.135101610998	1717.135019721295	1718.192769028763	1716.776201955923	1716.7773018527114	1717.0088923364356	
1717.0088923364356	1.6860000000001492	WheelMovementIntervals													0.7926665583279799
1719.571439657712	5.204656163873551	trials	1.0	-1.0	0.0		0.0625	0.2	1722.2275570808715	1722.2266672901644	1724.276064853955	1720.0427620966436	1720.0435953517863	1722.1228923364356	
1722.1228923364356	1.7149999999999181	WheelMovementIntervals													-0.3449966554046462
1725.6565019838065	2.669630754320224	trials	1.0	1.0	1.5	0.0625		0.2	1726.7791966329098	1726.77911365483	1727.8260317338195	1726.2919423556493	1726.2928756014092	1726.5898923364357	
1726.5898923364357	1.4639999999999418	WheelMovementIntervals													-0.6025427075941892
1729.1646394555062	3.728228942143687	trials	-1.0	1.0	1.5		0.0	0.2	1731.3411352185126	1731.3410551834313	1732.3927698690443	1729.6422279731112	1729.643161218871	1731.2358923364357	
1731.2358923364357	1.6849999999999454	WheelMovementIntervals													0.5979043509340585
1733.7821728242316	3.193841833313172	trials	-1.0	1.0	1.5		0.125	0.2	1735.4258852489786	1735.4257933233214	1736.4759200496364	1734.2587281054593	1734.260127974099	1734.5158923364356	
1734.5158923364356	3.671000000000049	WheelMovementIntervals													0.31883864174140797
1737.8583236616248	3.0841229590116654	trials	-1.0	1.0	1.5		0.25	0.2	1739.3989124299083	1739.3988341305903	1740.4424145102469	1738.9750522039062	1738.9760854402832	1739.2948923364356	
1739.2948923364356	1.6639999999999873	WheelMovementIntervals													0.8130433565049984
1741.8331506736624	14.07614278588835	trials	1.0	1.0	1.5	0.0625		0.2	1754.3636748401834	1754.36357599969	1755.4091767328646	1744.1420340137452	1744.1430339199164	1752.2228923364357	
1742.0008923364355	1.4760000000001128	WheelMovementIntervals													-0.9362965674318318
1752.2228923364357	1.2690000000000055	WheelMovementIntervals													-0.25639816707029794
1754.2598923364355	4.315000000000055	WheelMovementIntervals													-10.973181542544836
1756.9302006703967	8.062254349649265	trials	1.0	1.0	1.5	0.125		0.2	1763.4543551265022	1763.4542422229488	1764.4924577135162	1759.3583061563006	1759.359206071855	1763.1998923364356	
1763.1998923364356	2.005000000000109	WheelMovementIntervals													-0.3996569823830596
1765.9016588108946	3.207044652982404	trials	1.0	-1.0	0.0		1.0	0.2	1766.5511645295467	1766.5502674372453	1768.608638127966	1766.4254429936123	1766.4264762299892	1766.3538923364356	
1766.3538923364356	2.6649999999999636	WheelMovementIntervals													-4.412474010847613
1769.9463126038927	4.595440854274102	trials	1.0	-1.0	0.0		0.0	0.2	1771.981088332224	1771.9802298005836	1774.041728300186	1770.475529610141	1770.476429525695	1771.8908923364356	
1771.8908923364356	4.244000000000142	WheelMovementIntervals													-8.078933713234504
1775.4957585242428	8.713177986980781	trials	1.0	-1.0	0.0		0.0	0.2	1781.6686792725864	1781.6679123511399	1783.7088878244483	1776.7090113422578	1776.7100445786348	1781.4738923364357	
1781.4738923364357	3.68100000000004	WheelMovementIntervals													-17.357759561223585
1785.2365444729166	8.054981041412248	trials	1.0	1.0	1.5	0.0625		0.2	1791.7322349333467	1791.7321082121766	1792.7914355405744	1785.741597080026	1785.742630316403	1791.3878923364357	
1787.2438923364357	0.11899999999991451	WheelMovementIntervals													0.008859155156820009
1790.2368923364356	0.24900000000002365	WheelMovementIntervals													-0.012620115976133661
1791.3878923364357	2.727000000000089	WheelMovementIntervals													-0.591474851159294
1794.2508319277506	2.690723278539963	trials	-1.0	1.0	1.5		1.0	0.2	1795.361161070536	1795.3610407074057	1796.4414596979775	1795.0088274659856	1795.0098940325684	1795.2498923364358	
1795.2498923364358	1.727999999999838	WheelMovementIntervals													0.8602199994457322
1797.8447613489454	5.280570954329505	trials	-1.0	1.0	1.5		0.25	0.2	1801.5731114897646	1801.5730107389052	1802.6252127631765	1801.225277462985	1801.2261440483335	1801.4668923364356	
1797.9458923364357	2.7539999999999054	WheelMovementIntervals													-2.899579446735686
1801.4668923364356	1.5640000000000782	WheelMovementIntervals													1.2901067640234878
1804.070343822309	2.4546199426765725	trials	-1.0	1.0	1.5		0.0625	0.2	1804.9591270877465	1804.959050318538	1806.0248604152932	1804.5420328935036	1804.543132790292	1804.7218923364358	
1804.7218923364358	0.6829999999999927	WheelMovementIntervals													0.33743947800747165
1807.365867911791	5.675940560931394	trials	1.0	-1.0	0.0		0.0625	0.2	1810.5054066385544	1810.5045892354844	1812.5417155563484	1807.808593034224	1807.809426289367	1810.3398923364357	
1810.3398923364357	3.2129999999999654	WheelMovementIntervals													-3.3172402165519053
1813.9907129193434	2.901239346189186	trials	-1.0	1.0	1.5		0.25	0.2	1815.350052028981	1815.349930415864	1816.39192092924	1814.5076977400963	1814.5086976462676	1814.9758923364357	
1814.9758923364357	2.3769999999999527	WheelMovementIntervals													0.5010053739162039
1817.7485602922152	6.125964281621464	trials	1.0	1.0	1.5	0.0625		0.2	1822.32399761113	1822.323906062088	1823.3744323742562	1818.4249634868745	1818.4259967232515	1821.9978923364356	
1821.9978923364356	2.076000000000022	WheelMovementIntervals													-1.1095944360025491
1824.8106309382588	2.631127316024049	trials	-1.0	1.0	1.5		0.25	0.2	1825.8792306634966	1825.87914081308	1826.9417309610894	1825.3418144266439	1825.342947653638	1825.7748923364356	
1825.7748923364356	1.0670000000000073	WheelMovementIntervals													0.6272078987754597
1828.3580647224896	3.550041844958514	trials	-1.0	1.0	1.5		0.125	0.2	1830.3314795421106	1830.3313868706623	1831.4080785167184	1828.8413860354765	1828.8422526208249	1830.1638923364358	
1830.1638923364358	1.3079999999999927	WheelMovementIntervals													-0.32351681489191364
1832.7999145769224	6.608151863892772	trials	1.0	1.0	1.5	0.25		0.2	1837.832442336931	1837.8323525507694	1838.9080414053676	1837.47490922029	1837.47584246605	1837.6998923364358	
1832.9678923364356	3.8659999999999854	WheelMovementIntervals													-2.5114540531608114
1837.6998923364358	1.6019999999998618	WheelMovementIntervals													-0.2812570563564982
1840.3619716388075	10.646001011399221	trials	-1.0	1.0	1.5		0.25	0.2	1849.429354111336	1849.4292559676092	1850.5079195680805	1841.0415078728035	1841.042474448769	1849.3128923364357	
1849.3128923364357	2.16800000000012	WheelMovementIntervals													-1.3563981182115121
1851.7848923364356	0.55600000000004	WheelMovementIntervals													-0.7083563115061011
1852.006578937582	9.81841239754067	trials	-1.0	1.0	1.5		0.0625	0.2	1860.2766695593443	1860.2765710824995	1861.324871198688	1852.9580896501639	1852.9590228959237	1859.4968923364358	
1859.4968923364358	2.181999999999789	WheelMovementIntervals													0.5303915544958073
1862.7928001185257	12.78191661806295	trials	1.0	1.0	1.5	0.125		0.2	1874.0185800523602	1874.0185007816817	1875.0746476202514	1867.4076670707943	1867.4085336561427	1873.8458923364358	
1863.0448923364359	3.6749999999999545	WheelMovementIntervals													-6.050067705014932
1873.8458923364358	1.7570000000000618	WheelMovementIntervals													-0.30745515178751504
1877.0593280494022	2.3488237168776323	trials	1.0	1.0	1.5	0.25		0.8	1877.850120510055	1877.8500353601653	1878.9080878996713	1877.5743463880183	1877.5754462848067	1877.6288923364357	
1877.6288923364357	3.3300000000001546	WheelMovementIntervals													-2.1971158662364942
1880.3026570367435	5.188655079424734	trials	1.0	-1.0	0.0		0.0	0.8	1882.9467089254363	1882.945683565256	1884.9912170738346	1881.6238997212556	1881.6247329763985	1882.8728923364358	
1881.8338923364358	0.2359999999998763	WheelMovementIntervals													-0.028306887298938932
1882.8728923364358	0.9359999999999218	WheelMovementIntervals													-1.5362428348593582
1886.390119137649	2.41761692840214	trials	1.0	1.0	1.5	1.0		0.8	1887.2480053023942	1887.247924434461	1888.3077058627075	1886.974131002083	1886.9749975874313	1886.9568923364357	
1886.9568923364357	2.729000000000042	WheelMovementIntervals													-2.9880987428511148
1889.733038779649	9.657692253866799	trials	1.0	1.0	1.5	0.125		0.8	1897.8261126788905	1897.826013572806	1898.8906794492375	1890.3743452676968	1890.3753118436623	1892.7168923364359	
1892.7168923364359	0.6389999999998963	WheelMovementIntervals													0.24835405865918858
1897.6098923364357	1.9850000000001273	WheelMovementIntervals													-1.4350307232065234
1900.2268923364359	0.3529999999998381	WheelMovementIntervals													0.2461217679007106
1900.404437401925	3.0034313782311983	trials	1.0	1.0	1.5	0.0625		0.8	1901.863167184987	1901.8630511837875	1902.9077691621142	1901.157866701978	1901.1588666081493	1901.7928923364357	
1901.7928923364357	1.7640000000001237	WheelMovementIntervals													-2.094608191197551
1904.277173993876	2.596936611338151	trials	1.0	1.0	1.5	0.25		0.8	1905.3067773784342	1905.306687318545	1906.3740438954435	1905.0241705642272	1905.0251704703985	1905.1908923364358	
1905.1908923364358	1.2819999999999254	WheelMovementIntervals													-1.1692805816741583
1907.7110184370504	2.3131250391224967	trials	1.0	1.0	1.5	1.0		0.8	1908.4532154577794	1908.4531255077397	1909.5241149672108	1908.2076718323208	1908.2084717572577	1908.3118923364357	
1908.3118923364357	1.4039999999999964	WheelMovementIntervals													-0.9238595472867814
1910.926150070362	2.6141280610731883	trials	1.0	1.0	1.5	0.125		0.8	1911.9728518504487	1911.9727605043538	1913.0401850278693	1911.624351219555	1911.625484446549	1911.8548923364358	
1911.8548923364358	1.3379999999999654	WheelMovementIntervals													-0.37433191461504123
1914.4679843800334	3.8893412754700876	trials	1.0	1.0	1.5	0.0625		0.8	1916.7867001308002	1916.7866071978765	1917.8571996777632	1915.1410212239161	1915.1420544602931	1916.2198923364358	
1916.2198923364358	1.8810000000000855	WheelMovementIntervals													-0.40117724636996144
1919.2809327448308	2.559211231098061	trials	1.0	1.0	1.5	0.0625		0.8	1920.266540257853	1920.266436299551	1921.3400728535355	1919.8408802007427	1919.8416801256797	1920.1738923364358	
1920.1738923364358	0.6290000000001328	WheelMovementIntervals													-1.049059704718303
1921.1218923364358	0.612999999999829	WheelMovementIntervals													-0.04002179788846405
1922.7119441205198	7.411676384275097	trials	1.0	1.0	1.5	0.0		0.8	1928.558195522709	1928.5581020043285	1929.6235288877872	1923.3909804014302	1923.3919803076014	1928.3288923364357	
1928.3288923364357	1.9760000000001128	WheelMovementIntervals													-0.8200347726237638
1931.056627742659	2.0837160860503445	trials	1.0	1.0	1.5	0.0		0.8	1931.581845124222	1931.5817312923916	1932.6402791367184	1931.5074854352852	1931.5085520018679	1931.4788923364358	
1931.4788923364358	1.2819999999999254	WheelMovementIntervals													-1.2376836726662148
1934.0487469695713	4.124852854635492	trials	1.0	1.0	1.5	0.0		0.8	1936.602973953878	1936.6028784590405	1937.673473500841	1934.5073706001276	1934.5085371573275	1936.3638923364358	
1936.3638923364358	1.3289999999999509	WheelMovementIntervals													-0.5262885717582009
1939.072308904244	2.3349255296916454	trials	1.0	1.0	1.5	1.0		0.8	1939.8502025752873	1939.850116409307	1940.9071700587326	1939.5908602446652	1939.591826820631	1939.7628923364357	
1939.7628923364357	1.68300000000022	WheelMovementIntervals													-1.0054864040251985
1942.293339983966	2.613432891183038	trials	1.0	1.0	1.5	0.25		0.8	1943.3376419892418	1943.3375519271578	1944.4066750071538	1943.040569865757	1943.0414364511055	1943.2298923364358	
1943.2298923364358	1.45900000000006	WheelMovementIntervals													-0.5424258751169617
1945.7762798201497	8.36438257895361	trials	-1.0	1.0	1.5		0.25	0.8	1952.590040433661	1952.5899446455344	1953.6405751874045	1946.257268018737	1946.258401245731	1951.8538923364358	
1951.8538923364358	3.2070000000001073	WheelMovementIntervals													0.8432874946452813
1955.1294688066332	2.4445164431515423	trials	1.0	1.0	1.5	1.0		0.8	1956.0330506834052	1956.032973775286	1957.0738863472873	1955.656552679716	1955.6576525765042	1955.9138923364358	
1955.9138923364358	1.9700000000000273	WheelMovementIntervals													-0.5182318116559514
1958.4749882046783	4.865253810588001	trials	1.0	1.0	1.5	0.0625		0.8	1961.7762117593363	1961.7761233588058	1962.8402119161863	1959.123294035925	1959.1242939420963	1961.6458923364357	
1961.6458923364357	1.8040000000000873	WheelMovementIntervals													-0.31580569767950806
1964.2173493556725	2.9225345326140086	trials	1.0	1.0	1.5	0.125		0.8	1965.5836544783033	1965.5835645638938	1966.6397553764002	1964.8068940342541	1964.8078939404254	1965.4668923364359	
1965.4668923364359	1.5	WheelMovementIntervals													-0.484266375791627
1968.0279917743876	6.9950561274959	trials	1.0	1.0	1.5	0.0625		0.8	1973.4647149390296	1973.464633842931	1974.5229489702917	1968.5905056561392	1968.5915722227217	1972.9818923364357	
1972.9818923364357	2.0210000000001855	WheelMovementIntervals													-0.6296720500213198
1975.9137517941188	2.4098199429606666	trials	1.0	1.0	1.5	1.0		0.8	1976.7825702663365	1976.7824579018172	1977.8235392510414	1976.4904310132968	1976.4914642496738	1976.685892336436	
1976.685892336436	1.3099999999999454	WheelMovementIntervals													-0.7269655212848463
1979.2084759586635	5.481859108048411	trials	1.0	1.0	1.5	0.0		0.8	1983.1489061984096	1983.1488170077278	1984.1903084757887	1979.9065771172395	1979.9074103723822	1982.9898923364358	
1982.9898923364358	1.7999999999999545	WheelMovementIntervals													-0.5131655346165189
1985.6030425749723	2.6533248829232434	trials	1.0	1.0	1.5	0.25		0.8	1986.690540526847	1986.6904519530567	1987.7562738543936	1986.2400827966892	1986.241016042449	1986.5658923364358	
1986.5658923364358	2.3840000000000146	WheelMovementIntervals													-0.4152602858408656
1989.191372521608	2.6989219513434364	trials	1.0	1.0	1.5	0.125		0.8	1990.3371983334735	1990.3370805665631	1991.3902661828506	1989.7403543398416	1989.7413209158071	1990.1978923364359	
1990.1978923364359	1.4929999999999382	WheelMovementIntervals													-0.7843896420108578
1992.8267980489104	2.462940453091278	trials	1.0	1.0	1.5	0.0		0.8	1993.7307132277397	1993.7306117928963	1994.7896471933218	1993.3732134413044	1993.3742800078871	1993.6158923364358	
1993.6158923364358	1.441000000000031	WheelMovementIntervals													-0.7773886330554234
1996.189349182073	4.017531369965127	trials	1.0	1.0	1.5	0.0625		0.8	1998.6674499765404	1998.667366680697	1999.7068191113713	1998.3234489234173	1998.3242488483545	1998.550892336436	
1996.5958923364358	1.0230000000001382	WheelMovementIntervals													-0.7584607315967773
1998.550892336436	1.13799999999992	WheelMovementIntervals													-0.9125519319965534
2001.134885105181	3.922036767691452	trials	1.0	1.0	1.5	0.0		0.8	2003.5147951136296	2003.5147062015883	2004.556863995123	2001.6561361922647	2001.6572027588475	2003.186892336436	
2003.186892336436	1.9020000000000437	WheelMovementIntervals													-1.1086627833736102
2006.003328262484	3.719549586603307	trials	1.0	-1.0	0.0		0.25	0.8	2007.1664857813182	2007.1655431314505	2009.2228261527434	2006.5894732600832	2006.5905064964602	2006.9858923364359	
2006.9858923364359	0.40399999999999636	WheelMovementIntervals													-0.3362273420672821
2007.8248923364358	1.678000000000111	WheelMovementIntervals													-1.9126766320522819
2010.6923882526607	2.6473265131253356	trials	1.0	1.0	1.5	0.25		0.8	2011.7702871052913	2011.7701986398613	2012.839586764849	2011.3899894581511	2011.3911226851453	2011.6608923364358	
2011.6608923364358	1.831000000000131	WheelMovementIntervals													-0.6731262403107365
2014.2359224028235	2.4208187778106094	trials	1.0	1.0	1.5	1.0		0.8	2015.1193061749361	2015.1192285246955	2016.1567088276302	2014.823300618034	2014.8244005148224	2015.019892336436	
2015.019892336436	1.5049999999998818	WheelMovementIntervals													-0.5430376492526037
2017.543845328829	2.9125320018199545	trials	1.0	1.0	1.5	0.25		0.8	2018.888152515692	2018.8880591754964	2019.9562856180496	2018.1057592668778	2018.1067258428434	2018.7468923364358	
2018.7468923364358	1.4580000000000837	WheelMovementIntervals													-0.6253707798742241
2021.3848848951507	2.5547309274754753	trials	1.0	1.0	1.5	0.25		0.8	2022.3850910382735	2022.3849962195118	2023.4395587562904	2022.0731536430426	2022.074020228391	2022.292892336436	
2022.292892336436	1.27800000000002	WheelMovementIntervals													-0.5041450746341809
2024.8811234834122	2.392216820734575	trials	1.0	1.0	1.5	0.125		0.8	2025.736309901495	2025.7362284236744	2026.7733125917205	2025.4232059490641	2025.4239725437956	2025.629892336436	
2025.629892336436	1.0640000000000782	WheelMovementIntervals													-0.7544366172185377
2028.2273428157775	2.378920798873196	trials	1.0	1.0	1.5	1.0		0.8	2029.042566317215	2029.0424489143286	2030.1062331720077	2028.8058218660638	2028.8066217910007	2028.9488923364358	
2028.9488923364358	1.75	WheelMovementIntervals													-0.7940508121925731
2031.5172674307	6.9888802483594645	trials	-1.0	1.0	1.5		0.25	0.8	2036.9514241695026	2036.9513274935728	2038.0060585385484	2032.1232105704905	2032.1242438068675	2036.501892336436	
2036.501892336436	1.9489999999998417	WheelMovementIntervals													1.3037153854515822
2039.4620552447423	4.694231118811786	trials	-1.0	-1.0	0.0	0.0		0.8	2041.5964882881435	2041.5956680252498	2043.6561950103455	2039.9230119896981	2039.923845244841	2041.4688923364358	
2041.4688923364358	2.5520000000001346	WheelMovementIntervals													1.901335233593727
2045.128490187131	2.54453185117427	trials	1.0	1.0	1.5	0.125		0.8	2046.1208970621178	2046.1208018284347	2047.1729983355294	2045.6731724088281	2045.674138984794	2045.971892336436	
2045.971892336436	1.7269999999998618	WheelMovementIntervals													-0.42005960419801625
2048.6017309334534	2.371118635755465	trials	1.0	1.0	1.5	1.0		0.8	2049.3988561331907	2049.39873652524	2050.4727553611365	2049.088851889891	2049.0897518054453	2049.266892336436	
2049.266892336436	1.7010000000000218	WheelMovementIntervals													-0.886031223200888
2051.9068541221795	2.582130545655218	trials	1.0	1.0	1.5	0.125		0.8	2052.9105599369013	2052.9104652171786	2053.988925412412	2052.572791632246	2052.573724878006	2052.795892336436	
2052.795892336436	1.143000000000029	WheelMovementIntervals													-0.4305743932209509
2055.4024927667383	3.5527348915966286	trials	1.0	1.0	1.5	0.0625		0.8	2057.3816070515354	2057.3815110887	2058.4552063076294	2056.006336103569	2056.007369339946	2057.215892336436	
2056.5518923364357	0.386000000000422	WheelMovementIntervals													0.03885732267669084
2057.215892336436	1.3899999999998727	WheelMovementIntervals													-1.0314774305773753
2059.938733763739	2.533932814403215	trials	1.0	1.0	1.5	0.125		0.8	2060.894244101006	2060.8941453822154	2061.9726429067223	2060.5729742481763	2060.5739741543475	2060.7818923364357	
2060.7818923364357	1.2580000000002656	WheelMovementIntervals													-0.988792299860755
2063.3884767150366	2.4179142478906215	trials	1.0	1.0	1.5	0.125		0.8	2064.2572951872544	2064.2571811154394	2065.306296751535	2063.889563027666	2063.890629594249	2064.120892336436	
2064.120892336436	1.4829999999997199	WheelMovementIntervals													-0.3133879621988811
2066.768892838459	2.4204403611133785	trials	1.0	1.0	1.5	0.25		0.8	2067.610413872201	2067.61030582623	2068.6892459705914	2067.289210679783	2067.2902439161603	2067.469892336436	
2067.469892336436	1.2850000000003092	WheelMovementIntervals													-0.7115800129759648
2070.1152454916473	3.4242198182137145	trials	1.0	-1.0	0.0		0.25	0.2	2070.9875636354645	2070.9866502805576	2073.0393710989133	2070.839477531499	2070.840544098082	2070.861892336436	
2070.861892336436	2.586999999999989	WheelMovementIntervals													0.7473587229995999
2074.4776694658754	2.4619329030224435	trials	-1.0	1.0	1.5		0.0625	0.2	2075.384284391367	2075.384180844716	2076.4395187041155	2075.055081949579	2075.0559152047217	2075.305892336436	
2075.305892336436	3.8979999999996835	WheelMovementIntervals													-2.454261971337374
2077.924112726808	3.815242000996932	trials	-1.0	1.0	1.5		1.0	0.2	2080.192933159628	2080.1928365132976	2081.2393016376577	2079.805269537026	2079.8061361223745	2080.039892336436	
2080.039892336436	1.650000000000091	WheelMovementIntervals													0.5093198679387854
2082.7169629775626	2.571927730842617	trials	-1.0	1.0	1.5		1.0	0.2	2083.7173691019198	2083.7172729851613	2084.7888018946423	2083.439195205072	2083.440095120626	2083.6258923364358	
2083.6258923364358	2.3980000000001382	WheelMovementIntervals													1.167297771725032
2086.2575973998287	2.56513043982568	trials	-1.0	1.0	1.5		0.125	0.2	2087.2652028486186	2087.2651081774175	2088.3227036153553	2086.9060032216926	2086.9070697882753	2087.176892336436	
2087.176892336436	1.1159999999999854	WheelMovementIntervals													1.107796432362889
2089.7556358191987	2.4500142457522998	trials	-1.0	1.0	1.5		1.0	0.2	2090.6392195725452	2090.6391402351633	2091.7055528437945	2090.45493686518	2090.4560367619683	2090.492892336436	
2090.492892336436	1.4580000000000837	WheelMovementIntervals													0.9469514466295834
2093.138351726815	2.601028089718966	trials	-1.0	1.0	1.5		0.125	0.2	2094.1860534130733	2094.185961832143	2095.2393212436846	2093.755927108398	2093.7570270051865	2094.0788923364357	
2094.0788923364357	1.6010000000001128	WheelMovementIntervals													0.850707373157725
2096.6815859051267	5.107355188722522	trials	-1.0	-1.0	0.0	0.25		0.2	2099.217314625265	2099.216311805833	2101.2888869006993	2097.42188310413	2097.4229830009185	2098.8178923364358	
2098.8178923364358	1.1380000000003747	WheelMovementIntervals													1.0639902994008636
2102.7584490006166	2.3642209476961398	trials	-1.0	1.0	1.5		1.0	0.2	2103.563440128901	2103.5633554514193	2104.6225407455117	2103.305730978359	2103.3065975637073	2103.485892336436	
2103.485892336436	1.6399999999998727	WheelMovementIntervals													1.542633361820819
2106.0311752293933	4.857042479995471	trials	1.0	-1.0	0.0		0.25	0.2	2108.320893701193	2108.31729428257	2110.3881663800908	2108.2719316290068	2108.272898204972	2108.193892336436	
2106.297892336436	1.22400000000016	WheelMovementIntervals													-1.2888516037051119
2108.193892336436	6.068000000000211	WheelMovementIntervals													-19.902663466745906
2111.913423253748	10.82560787939883	trials	1.0	1.0	1.5	0.0625		0.2	2121.178820478394	2121.178713016654	2122.238987661587	2114.888977368423	2114.8898439537716	2120.782892336436	
2120.782892336436	0.6770000000001346	WheelMovementIntervals													-0.5903811082910693
2123.826738670949	3.3790476733070136	trials	-1.0	1.0	1.5		0.25	0.2	2125.647967771303	2125.647862747447	2126.7057018494793	2124.588533852635	2124.589433768189	2125.439892336436	
2125.439892336436	2.2100000000000364	WheelMovementIntervals													0.7622299353488415
2128.1763971763908	4.212641398832147	trials	1.0	-1.0	0.0		0.0625	0.2	2129.8300420024393	2129.829112633453	2131.8889821299094	2128.67181735405	2128.672717269604	2129.737892336436	
2129.737892336436	1.5090000000000146	WheelMovementIntervals													-1.1268987134350539
2133.224892336436	0.5270000000000437	WheelMovementIntervals													-0.28270855099836467
2133.354544605142	2.8005148318002284	trials	1.0	1.0	1.5	0.25		0.2	2134.5840292333373	2134.5839497992147	2135.655028733386	2134.2386616417803	2134.2396615479515	2134.453892336436	
2134.453892336436	1.2799999999997453	WheelMovementIntervals													-0.6649637355050686
2137.0936604024055	6.761363500405423	trials	-1.0	1.0	1.5		0.0625	0.2	2142.2844066489147	2142.2843068480984	2143.3549728562894	2139.222127338985	2139.222960594128	2142.161892336436	
2137.320892336436	1.2100000000000364	WheelMovementIntervals													-0.21304391109084975
2142.161892336436	1.9529999999999745	WheelMovementIntervals													0.9222443174659958
2144.867130959103	3.1544380752725374	trials	-1.0	-1.0	0.0	0.0625		0.2	2145.467241312894	2145.461737759237	2147.5215152115657	2145.3887486784497	2145.3898819054434	2145.367892336436	
2145.367892336436	1.2290000000002692	WheelMovementIntervals													1.3154464218244613
2148.983378033964	2.7045220811005493	trials	-1.0	1.0	1.5		1.0	0.2	2150.11840485918	2150.1182864606694	2151.187871169766	2149.6554483018813	2149.656514868464	2149.936892336436	
2149.936892336436	1.7420000000001892	WheelMovementIntervals													0.7865731604536563
2152.614203992879	2.5573319862933204	trials	-1.0	1.0	1.5		1.0	0.2	2153.5989115903467	2153.5988151530364	2154.67151094027	2153.2887406960185	2153.2898072626012	2153.506892336436	
2153.506892336436	1.711999999999989	WheelMovementIntervals													1.475084035127935
2156.091044401418	2.5308268345074794	trials	-1.0	1.0	1.5		0.0625	0.2	2157.067852740133	2157.067753985678	2158.12185383527	2156.605262815097	2156.6061294004453	2156.969892336436	
2156.969892336436	2.58600000000024	WheelMovementIntervals													1.4312816964219763
2159.628579114553	2.4263134736447682	trials	-1.0	1.0	1.5		0.25	0.2	2160.4834988909897	2160.4833831567835	2161.554831693096	2160.13776466717	2160.138764573341	2160.384892336436	
2160.384892336436	1.5919999999996435	WheelMovementIntervals													1.6358679862408252
2162.159892336436	0.07000000000016371	WheelMovementIntervals													-0.002577040951607046
2163.0103951066153	2.444935188752879	trials	-1.0	1.0	1.5		1.0	0.2	2163.906411026692	2163.906307268168	2164.9553126003552	2163.6052726181106	2163.6064058451047	2163.801892336436	
2163.801892336436	1.8989999999998872	WheelMovementIntervals													1.2808624534991964
2166.42404144513	4.814047805170958	trials	-1.0	1.0	1.5		0.125	0.2	2169.6714700477737	2169.6713723431503	2170.7380033002573	2167.054815588174	2167.0557155037277	2169.281892336436	
2169.281892336436	2.731999999999971	WheelMovementIntervals													1.413851743164912
2172.2390957747757	2.73261964875428	trials	-1.0	1.0	1.5		0.0	0.2	2173.4097192596887	2173.409602906206	2174.4716196135787	2172.9719270077003	2172.972993574283	2173.258892336436	
2173.258892336436	1.3649999999997817	WheelMovementIntervals													0.5489496124059912
2175.898319068954	4.840046816988433	trials	-1.0	1.0	1.5		0.25	0.2	2179.188676976551	2179.188549535234	2180.2383118147404	2176.488463691239	2176.4892969463813	2178.858892336436	
2178.858892336436	1.6050000000000182	WheelMovementIntervals													0.6043232710003537
2181.7277720474663	2.7935379634423043	trials	-1.0	1.0	1.5		0.25	0.2	2182.950290662668	2182.9501873470067	2184.021290162717	2182.3713783197077	2182.372544876908	2182.636892336436	
2182.636892336436	0.9359999999996944	WheelMovementIntervals													0.8301873512502169
2183.870892336436	0.18600000000014916	WheelMovementIntervals													0.04063941970461826
2184.337892336436	0.08199999999987995	WheelMovementIntervals													0.02693492102910966
2185.488819120086	2.633021539742458	trials	-1.0	1.0	1.5		1.0	0.2	2186.5851495764737	2186.58502683875	2187.621818964642	2186.205018580362	2186.206185137562	2186.298892336436	
2186.298892336436	4.626000000000204	WheelMovementIntervals													2.156722363147594
2189.123544713069	4.430951588362859	trials	-1.0	1.0	1.5		0.25	0.2	2191.9886758562297	2191.9885761300643	2193.054442513982	2191.670972335411	2191.671805590554	2191.854892336436	
2191.854892336436	1.4490000000000691	WheelMovementIntervals													1.038641204335022
2194.5305040040125	2.474133079595049	trials	-1.0	1.0	1.5		1.0	0.2	2195.43761888259	2195.4375150311175	2196.504518767337	2195.1048834389967	2195.105783354551	2195.332892336436	
2195.332892336436	2.16800000000012	WheelMovementIntervals													1.2764226863219363
2197.9803469459275	2.5579283581350865	trials	-1.0	1.0	1.5		1.0	0.2	2198.9937518505108	2198.9936573875702	2200.038153846404	2198.6048883405033	2198.6057549258517	2198.814892336436	
2198.814892336436	0.8299999999999272	WheelMovementIntervals													0.6449594703262136
2201.5107823252465	8.043873006083686	trials	-1.0	-1.0	0.0	0.0625		0.2	2206.9906681062816	2206.989730008703	2209.054574434403	2201.9876375783256	2201.9887041449083	2206.459892336436	
2206.459892336436	0.7460000000000946	WheelMovementIntervals													0.28912708000387966
2210.280892336436	3.568000000000211	WheelMovementIntervals													-7.057125800338582
2211.2532681144116	7.651172256208611	trials	1.0	1.0	1.5	0.0625		0.8	2217.3293312849646	2217.329223906335	2218.4043970701096	2214.521428105006	2214.5222613601486	2216.4028923364363	
2214.848892336436	0.25999999999976353	WheelMovementIntervals													-0.07892803510159752
2216.4028923364363	0.42499999999972715	WheelMovementIntervals													-0.15336969910086395
2217.247892336436	2.630999999999858	WheelMovementIntervals													-0.9518549888645254
2219.9991474226704	2.822332118590566	trials	1.0	1.0	1.5	0.125		0.8	2221.2750610274184	2221.2749605855015	2222.3214628356536	2220.638054135907	2220.639220693107	2220.876892336436	
2220.876892336436	1.3420000000000982	WheelMovementIntervals													-0.9650393623629441
2222.7108923364362	0.13999999999987267	WheelMovementIntervals													-0.012855186413133879
2223.839587045289	3.9815268182615	trials	1.0	1.0	1.5	0.125		0.8	2226.260693187994	2226.2606015282645	2227.321027022216	2225.937190211382	2225.938156787348	2226.113892336436	
2224.033892336436	1.5520000000001346	WheelMovementIntervals													1.3975940601357877
2226.113892336436	1.5920000000000982	WheelMovementIntervals													-1.1705858546319092
2228.240892336436	0.0909999999998945	WheelMovementIntervals													0.008643402584695536
2228.848617010273	6.572676590393712	trials	-1.0	-1.0	0.0	0.0625		0.8	2232.8690730739263	2232.868262015874	2234.921247169638	2229.4213965953827	2229.4224631619654	2232.540892336436	
2232.540892336436	1.2019999999997708	WheelMovementIntervals													1.2434392486300254
2235.317892336436	0.10500000000001819	WheelMovementIntervals													0.04071603939306101
2235.839892336436	0.22800000000006548	WheelMovementIntervals													0.1755539216423614
2236.465202288698	2.388614215355119	trials	1.0	1.0	1.5	1.0		0.8	2237.302923678989	2237.302806221533	2238.3537917347894	2237.0539803725483	2237.055046939131	2237.214892336436	
2237.214892336436	1.4020000000000437	WheelMovementIntervals													-0.526073023563896
2239.838019125219	7.216481259467855	trials	1.0	1.0	1.5	0.0625		0.8	2245.5043874071966	2245.5042813584478	2246.5544888682657	2240.3713024165636	2240.3723689831463	2245.072892336436	
2245.072892336436	2.469000000000051	WheelMovementIntervals													-0.6962066535270139
2248.106109934639	13.365236459676453	trials	1.0	1.0	1.5	0.0625		0.8	2259.9084357668285	2259.908328669726	2260.971236036273	2248.653525233204	2248.6546251299924	2259.770892336436	
2259.770892336436	3.1169999999997344	WheelMovementIntervals													-1.0888421718463093
2262.5433551791566	3.610528597985194	trials	1.0	1.0	1.5	1.0		0.8	2264.5708649226435	2264.570770114685	2265.653796636336	2264.287291532471	2264.288124787614	2264.464892336436	
2263.528892336436	0.18499999999994543	WheelMovementIntervals													-0.13629907059988966
2264.464892336436	1.3910000000000764	WheelMovementIntervals													-1.5066366337086663
2267.154489148386	2.5499253442744703	trials	1.0	1.0	1.5	0.125		0.8	2268.151995544846	2268.1518982795524	2269.2043634599036	2267.65437557361	2267.655442140193	2267.9588923364363	
2267.9588923364363	1.4159999999997126	WheelMovementIntervals													-0.5214777865976288
2270.714621740992	2.605922720484614	trials	1.0	1.0	1.5	0.125		0.8	2271.743625181847	2271.743529922154	2272.8204907981008	2271.287168014662	2271.2880679302157	2271.639892336436	
2271.639892336436	2.1270000000004075	WheelMovementIntervals													-0.6397276111100325
2274.316850383408	2.5041287624362667	trials	-1.0	1.0	1.5		1.0	0.8	2275.267861142904	2275.267760546093	2276.3209289922816	2274.887463505147	2274.888396750907	2275.147892336436	
2275.147892336436	1.4279999999998836	WheelMovementIntervals													0.6983386395418165
2277.8247878738734	6.612759857322089	trials	1.0	1.0	1.5	0.125		0.8	2282.884246440095	2282.8841321398254	2283.9375142707067	2278.437163743366	2278.4383636307716	2282.542892336436	
2282.542892336436	2.8960000000001855	WheelMovementIntervals													-0.5750883712454424
2285.6230561036186	2.497730726460304	trials	1.0	1.0	1.5	0.0625		0.8	2286.556868476969	2286.556766842248	2287.6207686432017	2286.1203761030033	2286.121309348763	2285.9678923364363	
2285.9678923364363	2.30199999999968	WheelMovementIntervals													-1.2028121145106496
2289.1038961368426	6.7332612926848014	trials	1.0	1.0	1.5	0.0625		0.8	2294.2602456110603	2294.260141542423	2295.337111227314	2289.8536591142674	2289.8545923600277	2294.011892336436	
2294.011892336436	1.606999999999971	WheelMovementIntervals													-0.37148225615146657
2296.607892336436	1.8159999999998035	WheelMovementIntervals													-2.161573617514364
2296.8978647700515	4.6728550146258385	trials	-1.0	1.0	1.5		1.0	0.8	2300.0216049793084	2300.021500208421	2301.0706065435893	2299.72059989155	2299.7214998071045	2299.854892336436	
2298.792892336436	0.13700000000017099	WheelMovementIntervals													-0.0066966893791544635
2299.854892336436	2.95699999999988	WheelMovementIntervals													0.9026585444924535
2302.611728595164	16.758351387309176	trials	-1.0	-1.0	0.0	0.125		0.8	2316.7919979536655	2316.7909549916353	2318.870036289007	2303.43698448852	2303.437817743663	2315.939892336436	
2315.939892336436	1.0630000000001019	WheelMovementIntervals													0.32367250687563853
2317.779892336436	0.3350000000000364	WheelMovementIntervals													-0.023396780732895195
2320.4540876455353	8.849594399120178	trials	-1.0	-1.0	0.0	0.0		0.8	2326.7539298172187	2326.753052701609	2328.803637477708	2320.9539740707596	2320.9550073071364	2326.290892336436	
2326.290892336436	0.5520000000001346	WheelMovementIntervals													0.2980226431400439
2330.374190100924	2.379614183482772	trials	1.0	1.0	1.5	0.125		0.8	2331.2008791931253	2331.200793985717	2332.2537470612683	2330.852745194494	2330.853545119431	2331.118892336436	
2331.118892336436	2.967999999999847	WheelMovementIntervals													-1.5087451494913893
2333.7570059991576	2.8953277873442858	trials	1.0	1.0	1.5	1.0		0.8	2335.087514480857	2335.087417389013	2336.152314562644	2334.836438041251	2334.837504607833	2334.9898923364362	
2334.9898923364362	2.436999999999898	WheelMovementIntervals													-0.812077580913467
2337.615892336436	0.42800000000033833	WheelMovementIntervals													-0.03673240444707915
2337.6535403579846	2.7996340152208177	trials	-1.0	1.0	1.5		1.0	0.8	2338.8907575939047	2338.890654505006	2339.953091240469	2338.5870860896894	2338.5881193260666	2338.772892336436	
2338.772892336436	1.5390000000002146	WheelMovementIntervals													0.7580571204900224
2341.453183808816	2.4835316539624728	trials	1.0	1.0	1.5	0.25		0.8	2342.3592987812217	2342.359194626802	2343.436664350561	2342.003698816512	2342.0047653830948	2342.222892336436	
2342.222892336436	1.3880000000003747	WheelMovementIntervals													-0.2955896642960596
2344.9290243111836	5.357860906636233	trials	1.0	1.0	1.5	0.0		0.8	2348.730067630654	2348.7299653909577	2349.7868018026597	2345.420378203746	2345.4214114401234	2348.3498923364364	
2348.3498923364364	1.5489999999999782	WheelMovementIntervals													-0.3950939768040911
2351.2901940613715	3.513034004706242	trials	1.0	1.0	1.5	0.0		0.8	2353.2299120430207	2353.2298117318223	2354.303177997058	2351.7861141921167	2351.7870141076705	2352.7428923364364	
2352.7428923364364	2.423999999999978	WheelMovementIntervals													-0.3723151580794877
2355.8232353586245	8.08017425979142	trials	1.0	-1.0	0.0		0.125	0.8	2361.3469170299613	2361.3460847486417	2363.4033907222097	2356.3368204983954	2356.337953725389	2361.0508923364364	
2361.0508923364364	2.230000000000018	WheelMovementIntervals													-0.7373465626257882
2364.9138156543263	2.373113086746798	trials	1.0	1.0	1.5	1.0		0.8	2365.7364051312256	2365.7363191503186	2366.786839894352	2365.5029270402338	2365.5038602859936	2365.651892336436	
2365.651892336436	2.1590000000001055	WheelMovementIntervals													-1.026699207220915
2368.3019310552677	2.368037404212828	trials	1.0	1.0	1.5	0.25		0.8	2369.099356226857	2369.0992429757725	2370.1698891040255	2368.819449159312	2368.820515725895	2369.004892336436	
2369.004892336436	3.106999999999971	WheelMovementIntervals													-1.3560540633079086
2371.681580583959	2.97112200907668	trials	1.0	1.0	1.5	0.0625		0.8	2373.0898817657835	2373.0897895936037	2374.1526153748164	2372.586695650194	2372.5877955469823	2372.917892336436	
2372.917892336436	1.4670000000000982	WheelMovementIntervals													-0.2875875221546096
2375.66220705179	2.740543224474095	trials	-1.0	1.0	1.5		0.0625	0.8	2376.841329739159	2376.841224787101	2377.9026301493464	2376.236486496157	2376.2374530721227	2376.716892336436	
2376.716892336436	1.4090000000001055	WheelMovementIntervals													0.37893638470950464
2379.345161452434	2.574824664437074	trials	1.0	1.0	1.5	0.25		0.8	2380.3711651747753	2380.3710700843744	2381.4199000974104	2379.886543983766	2379.8874105691143	2380.243892336436	
2380.243892336436	1.4099999999998545	WheelMovementIntervals													-0.3340463254760664
2382.9310916242584	2.4048104897974554	trials	-1.0	1.0	1.5		1.0	0.8	2383.766379909533	2383.766294225502	2384.835846220119	2383.4860395493142	2383.4870394554855	2383.6358923364364	
2383.6358923364364	1.6659999999997126	WheelMovementIntervals													0.49550905264636924
2386.3589033001995	2.561022767551549	trials	1.0	1.0	1.5	0.25		0.8	2387.3633090492417	2387.3632118363744	2388.4198432400126	2387.0197746189983	2387.0206745345527	2387.234892336436	
2387.234892336436	1.6410000000000764	WheelMovementIntervals													-0.7747087073200021
2389.9418337535103	3.1939304853417525	trials	1.0	1.0	1.5	1.0		0.8	2391.5742472385223	2391.574148311447	2392.635747629944	2391.3359362677024	2391.3369361738737	2391.4698923364363	
2389.973892336436	0.8170000000000073	WheelMovementIntervals													-0.3882174971354857
2391.4698923364363	1.3179999999997563	WheelMovementIntervals													-1.2152385487493547
2394.1686704509143	3.9678482532299313	trials	1.0	1.0	1.5	0.125		0.8	2396.5871101771622	2396.5869980318917	2397.636478373706	2394.7031202994585	2394.7042535264527	2396.249892336436	
2396.249892336436	2.812000000000353	WheelMovementIntervals													-1.2697707955015716
2399.226829139113	2.6919397452420526	trials	1.0	1.0	1.5	0.25		0.8	2400.3482572403996	2400.34814527828	2401.4186567967454	2399.886000617421	2399.8868672027693	2400.254892336436	
2400.254892336436	1.5619999999998981	WheelMovementIntervals													-1.1673935985597979
2402.931881466142	2.437908015099765	trials	1.0	1.0	1.5	0.25		0.8	2403.82446437503	2403.824383302136	2404.8697329562715	2403.5530231797356	2403.5538231046726	2403.7288923364363	
2403.7288923364363	1.1839999999997417	WheelMovementIntervals													-1.0427262343704058
2406.3974895953565	4.821569143718534	trials	1.0	1.0	1.5	0.0		0.8	2409.6609166967405	2409.6608350397214	2410.7189840769743	2407.1190218885463	2407.1201217853345	2409.363892336436	
2409.363892336436	1.374000000000251	WheelMovementIntervals													-0.435058769683053
2412.2745714378266	2.528205224560679	trials	1.0	1.0	1.5	0.125		0.8	2413.236781146441	2413.2366726649243	2414.3026811250165	2412.836085413407	2412.8370519893724	2413.124892336436	
2413.124892336436	1.205000000000382	WheelMovementIntervals													-0.37416666842585755
2415.7791759077213	3.1566543759449814	trials	1.0	1.0	1.5	0.0		0.8	2417.3722930802023	2417.372202339587	2418.4357599537607	2416.3862189443003	2416.3873521712944	2417.249892336436	
2417.249892336436	0.9480000000003201	WheelMovementIntervals													-0.4567645233900919
2420.0141451753184	2.4049106633551673	trials	1.0	1.0	1.5	0.25		0.8	2420.853033122809	2420.8529481969895	2421.9190330920014	2420.536196187339	2420.5372960841273	2420.7408923364364	
2420.7408923364364	0.9549999999999272	WheelMovementIntervals													-0.6120017278972085
2423.4350574986775	2.3012338116636784	trials	1.0	1.0	1.5	0.0		0.8	2424.186353665565	2424.186267556774	2425.2362218151943	2423.986239110488	2423.987605648922	2424.066892336436	
2424.066892336436	2.687000000000353	WheelMovementIntervals													-2.0439123447645926
2427.4670124833006	7.402654472494305	trials	1.0	1.0	1.5	0.0		0.8	2433.313563857341	2433.3134539248354	2434.3695980950265	2428.0522575653454	2428.0535574433684	2428.0768923364362	
2428.0768923364362	0.9639999999999418	WheelMovementIntervals													-0.2792556727907254
2429.6328923364363	0.14699999999993452	WheelMovementIntervals													-0.05473106451466947
2433.1018923364363	3.2239999999997053	WheelMovementIntervals													-3.02086608630853
2436.0541733519726	2.8319281475501157	trials	1.0	1.0	1.5	0.0625		0.8	2437.342785765096	2437.3426852489656	2438.3860878642004	2437.1190067639654	2437.1201399909596	2437.247892336436	
2437.247892336436	1.1190000000001419	WheelMovementIntervals													-2.0712261532587775
2439.5728923364363	1.51299999999992	WheelMovementIntervals													-3.000246659491708
2439.9447082737724	3.79105399772925	trials	-1.0	1.0	1.5		0.0625	0.8	2442.176532178256	2442.1764382952815	2443.235699455278	2441.8022006379374	2441.803067223286	2441.9818923364364	
2441.9818923364364	4.335999999999785	WheelMovementIntervals													-13.920050863752309
2444.9156751438363	6.736949548852408	trials	1.0	1.0	1.5	1.0		0.8	2450.100321962701	2450.100210966309	2451.1525565569355	2446.802531419231	2446.803364674374	2449.968892336436	
2446.8658923364364	0.12599999999974898	WheelMovementIntervals													0.013584778888869664
2449.968892336436	2.25400000000036	WheelMovementIntervals													-2.521233311501078
2452.846430941275	2.438933987983546	trials	1.0	1.0	1.5	1.0		0.8	2453.715849357195	2453.7157423427802	2454.78524900737	2453.435675648005	2453.4366422239705	2453.5768923364362	
2453.5768923364362	1.1449999999999818	WheelMovementIntervals													-1.1115549330812797
2456.2840750279	2.3013188024879128	trials	1.0	1.0	1.5	1.0		0.8	2457.0233723207325	2457.023280103807	2458.085339335034	2456.80255970791	2456.8035929442867	2456.9388923364363	
2456.9388923364363	1.5619999999998981	WheelMovementIntervals													-2.0466362159232006
2459.5940977568653	2.3083165954608376	trials	1.0	1.0	1.5	1.0		0.8	2460.3571261561624	2460.3570022502	2461.4023947374035	2460.1024500543394	2460.103549951128	2460.2648923364363	
2460.2648923364363	1.5789999999997235	WheelMovementIntervals													-1.1458016241599722
2462.136892336436	0.6330000000002656	WheelMovementIntervals													-0.6148976841758866
2462.9265183840666	2.4759303184819146	trials	1.0	1.0	1.5	1.0		0.8	2463.863730438399	2463.8636291022813	2464.9023996389105	2463.6014217194693	2463.6025216162575	2463.765892336436	
2463.765892336436	1.598000000000411	WheelMovementIntervals													-0.9202251231834282
2466.4189573288777	2.66684104612159	trials	-1.0	1.0	1.5		0.25	0.8	2467.541185355101	2467.5410737581637	2468.585720671817	2466.985070872846	2466.986170769634	2467.355892336436	
2467.355892336436	1.3090000000001965	WheelMovementIntervals													0.8383685689857003
2470.1063113166747	6.345363865941181	trials	1.0	-1.0	0.0		0.125	0.8	2473.876490865659	2473.8755474719073	2475.9516294731043	2470.8183111710314	2470.8194443980256	2473.6868923364364	
2473.6868923364364	1.3559999999997672	WheelMovementIntervals													-1.5349529122656804
2477.5090833254762	2.526620999971783	trials	-1.0	1.0	1.5		1.0	0.8	2478.4771924805013	2478.4770906048075	2479.5356598232033	2478.119126080569	2478.120059326329	2478.3768923364364	
2478.3768923364364	1.3229999999998654	WheelMovementIntervals													1.007617001186773
2481.1365096034087	2.582522106295073	trials	-1.0	1.0	1.5		1.0	0.2	2482.1584137104483	2482.158317163056	2483.2189808561097	2481.835244035893	2481.8363439326818	2482.0458923364363	
2482.0458923364363	1.7109999999997854	WheelMovementIntervals													0.6067700047116773
2484.7485373263034	2.937042924401794	trials	-1.0	1.0	1.5		0.25	0.2	2486.1282411916295	2486.128156549751	2487.1854753167204	2485.3351822769887	2485.3363155039824	2485.9278923364363	
2485.9278923364363	2.288000000000011	WheelMovementIntervals													0.7176080742905384
2488.7693933524256	2.4819041488785842	trials	1.0	1.0	1.5	1.0		0.2	2489.674575079072	2489.6744937713984	2490.7512740442967	2489.3681371677826	2489.36893709272	2489.5458923364363	
2489.5458923364363	1.5090000000000146	WheelMovementIntervals													-1.351384772160813
2492.3041949886924	2.4307285950567348	trials	-1.0	1.0	1.5		0.125	0.2	2493.156614999701	2493.1565043139685	2494.2349138148	2492.785583149748	2492.7865830559194	2493.033892336436	
2493.033892336436	1.5779999999999745	WheelMovementIntervals													0.6424252846963867
2495.8036332767024	2.498224073457095	trials	-1.0	1.0	1.5		0.25	0.2	2496.7241468979746	2496.7240417775433	2497.801779108959	2496.302086503081	2496.3031863998694	2496.6178923364364	
2496.6178923364364	1.2219999999997526	WheelMovementIntervals													0.8226811376509886
2499.3609661320284	5.5740682946498055	trials	1.0	1.0	1.5	0.25		0.2	2503.3535248135036	2503.353413615822	2504.434989998145	2500.0355694955797	2500.0365027413395	2503.203892336436	
2503.203892336436	1.6410000000000764	WheelMovementIntervals													-0.33308872805426404
2505.98154487325	2.8698265364319013	trials	-1.0	1.0	1.5		0.0625	0.2	2507.274756854761	2507.274655929086	2508.3512891689575	2506.4522007080677	2506.4531006236216	2506.9038923364365	
2506.9038923364365	2.4710000000000036	WheelMovementIntervals													0.7200097747043799
2509.8882782750243	2.54712604270253	trials	-1.0	1.0	1.5		0.25	0.2	2510.869086238424	2510.868987532085	2511.9353195190565	2510.485355580096	2510.486388816473	2510.7498923364365	
2510.7498923364365	1.655999999999949	WheelMovementIntervals													0.7882419989341827
2513.438611787152	15.113333102965953	trials	1.0	-1.0	0.0		0.125	0.2	2525.992233786229	2525.991121506415	2528.051873848019	2514.0016589521947	2514.0026921885715	2525.8818923364365	
2525.8818923364365	1.6709999999998217	WheelMovementIntervals													0.9012265506969896
2529.686353805785	2.3650324628865746	trials	1.0	1.0	1.5	1.0		0.2	2530.4851788460137	2530.4850640936015	2531.551278805823	2530.184940352987	2530.1858735987466	2530.406892336436	
2530.406892336436	2.5390000000002146	WheelMovementIntervals													-1.3454447277611763
2533.122198061302	11.0454900686359	trials	1.0	-1.0	0.0		0.0625	0.2	2541.5917699642328	2541.590965585042	2543.6676418362035	2533.818566049181	2533.819832596998	2541.1118923364365	
2541.1118923364365	2.145999999999731	WheelMovementIntervals													1.1836295363729619
2545.2459937275553	17.722281041923452	trials	-1.0	1.0	1.5		0.125	0.2	2561.4197760197203	2561.4196562117168	2562.4682443007096	2545.7015843093923	2545.702384234329	2560.9378923364366	
2560.9378923364366	3.0019999999999527	WheelMovementIntervals													1.2126996771071958
2564.1677848200197	2.466527868153662	trials	-1.0	1.0	1.5		0.25	0.2	2565.057801303068	2565.0576941531035	2566.134300287059	2564.7507634480767	2564.751863344865	2564.9508923364365	
2564.9508923364365	1.388999999999669	WheelMovementIntervals													0.9574443707661402
2567.6920207810767	2.592422820443062	trials	-1.0	1.0	1.5		1.0	0.2	2568.721424184401	2568.72132865068	2569.7843577746676	2568.3847891067394	2568.385822343116	2568.625892336436	
2568.625892336436	1.7780000000002474	WheelMovementIntervals													0.83391026351471
2571.2952493296643	10.788805857665011	trials	-1.0	1.0	1.5		0.0	0.2	2580.521950185482	2580.5218381487593	2581.5840171904006	2571.851563793154	2571.852463708708	2579.8348923364365	
2579.8348923364365	2.4549999999999272	WheelMovementIntervals													1.0099343385515311
2583.215664080681	2.7689292372256205	trials	-1.0	1.0	1.5		0.25	0.2	2584.4367828272434	2584.4366760914536	2585.484551173913	2583.968060144357	2583.9690267203227	2584.3188923364364	
2584.3188923364364	1.481999999999971	WheelMovementIntervals													0.9816454076734829
2587.073902033149	13.493617549220744	trials	-1.0	1.0	1.5		0.125	0.2	2598.996216605891	2598.996104125946	2600.0674827475855	2587.7508051808936	2587.751671766242	2598.8628923364363	
2598.8628923364363	1.7640000000001237	WheelMovementIntervals													0.7435182261445306
2601.7222274704222	2.595138765011143	trials	1.0	1.0	1.5	0.25		0.2	2602.7515642133344	2602.7514420511784	2603.817297540881	2602.2345793925815	2602.2355126383413	2602.4458923364364	
2602.4458923364364	1.2590000000000146	WheelMovementIntervals													-0.4519941646955914
2605.425779938194	2.5421246225560026	trials	1.0	1.0	1.5	1.0		0.2	2606.4108874981307	2606.4107887038604	2607.4678216513703	2606.1346134230084	2606.135480008357	2606.3128923364366	
2606.3128923364366	1.5360000000000582	WheelMovementIntervals													-0.8971852638233742
2609.0045107855854	7.729286683414102	trials	1.0	1.0	1.5	0.0		0.2	2615.1701655490847	2615.1700775389218	2616.233765743466	2609.5008308787988	2609.5017974547645	2614.7548923364366	
2614.7548923364366	2.68100000000004	WheelMovementIntervals													-1.3706653814362966
2617.7878923364365	0.38000000000010914	WheelMovementIntervals													-0.41257277292828576
2617.921907332423	2.629214586103899	trials	-1.0	1.0	1.5		0.25	0.2	2619.0037058191215	2619.0036120991485	2620.0510742033225	2618.717732654138	2618.7186992301035	2618.7768923364365	
2618.7768923364365	2.380000000000109	WheelMovementIntervals													0.8597831567234238
2621.6439247341577	2.573718067249956	trials	-1.0	1.0	1.5		1.0	0.2	2622.6662288036655	2622.6661311156045	2623.7175968125516	2622.2671329205054	2622.267999505854	2622.5368923364363	
2622.5368923364363	1.9380000000001019	WheelMovementIntervals													1.4313162092630023
2624.8488923364366	0.5829999999996289	WheelMovementIntervals													-0.19719509982927264
2625.3076476061074	3.1426543197649153	trials	1.0	1.0	1.5	0.125		0.2	2626.88816596083	2626.8880739174747	2627.950232965749	2626.1839320444037	2626.184965280781	2626.5828923364365	
2626.5828923364365	1.8959999999997308	WheelMovementIntervals													-1.0420124217852873
2629.531417924586	39.3191679714696	trials	-1.0	-1.0	0.0	0.0		0.2	2666.298601116141	2666.297860136021	2668.3504752400013	2630.0010405230264	2630.0019737687862	2665.9268923364366	
2665.9268923364366	1.1499999999996362	WheelMovementIntervals													1.0434070711985584
2670.250696927885	2.999818161380972	trials	-1.0	1.0	1.5		0.125	0.2	2671.7108932399983	2671.710804794148	2672.750395695652	2670.9496980020153	2670.9505645873637	2671.5508923364364	
2671.5508923364364	1.8409999999998945	WheelMovementIntervals													0.5200171770480608
2674.2920177003125	2.724934168558775	trials	-1.0	1.0	1.5		0.0625	0.2	2675.448742489445	2675.4486309299778	2676.516842261597	2674.8160351944703	2674.81720175167	2675.1908923364363	
2675.1908923364363	1.775000000000091	WheelMovementIntervals													0.8371251105712361
2678.0820620518994	18.03415375409213	trials	-1.0	1.0	1.5		0.25	0.2	2694.545117199413	2694.5450005845037	2695.6161833598735	2678.7170024706566	2678.7178357257994	2694.2218923364367	
2694.2218923364367	2.1649999999999636	WheelMovementIntervals													1.1056546279041157
2696.6898923364365	0.18499999999994543	WheelMovementIntervals													0.017171330753939174
2697.315523897949	2.534846265702072	trials	-1.0	1.0	1.5		0.125	0.2	2698.296765154023	2698.296641031074	2699.3502662960746	2697.7837132975437	2697.7846465433036	2698.1288923364364	
2698.1288923364364	1.6460000000001855	WheelMovementIntervals													0.4798409322809931
2700.6238923364363	1.667000000000371	WheelMovementIntervals													-2.4525980586611524
2700.9183858142737	4.4981377761369	trials	-1.0	1.0	1.5		0.125	0.2	2703.8430113746253	2703.84290842443	2704.9164773098964	2703.3992530158152	2703.4002529219865	2703.6788923364365	
2702.6478923364366	0.1959999999999127	WheelMovementIntervals													0.054480571504285535
2703.6788923364365	2.1599999999998545	WheelMovementIntervals													1.7335445289136828
2706.4975289479107	2.7852261032244314	trials	-1.0	1.0	1.5		0.25	0.2	2707.7042490456065	2707.7041389566425	2708.7826811815285	2707.050210418978	2707.051243655355	2707.5488923364364	
2707.5488923364364	1.038000000000011	WheelMovementIntervals													0.5485840028385809
2711.056967768085	6.142270795000059	trials	1.0	-1.0	0.0		0.0	0.2	2714.633165519843	2714.632407813926	2716.6991716509233	2711.6167819031743	2711.617848469757	2714.4928923364364	
2714.4928923364364	3.117000000000189	WheelMovementIntervals													-7.279745743665529
2718.2048923364364	1.7800000000002	WheelMovementIntervals													-2.427773239436789
2718.3654486249357	5.100443345164422	trials	1.0	-1.0	0.0		0.0625	0.2	2720.8880785742303	2720.8870685712745	2722.9658502679267	2720.566675400578	2720.5677752973666	2720.6228923364365	
2720.6228923364365	0.8640000000000327	WheelMovementIntervals													-1.3774335360807441
2722.5038923364364	0.5199999999999818	WheelMovementIntervals													-0.9612532967440615
2724.5899978619227	10.692911416564584	trials	-1.0	1.0	1.5		0.0	0.2	2733.702876065244	2733.702790257493	2734.782808060422	2725.950003575674	2725.9510368120514	2733.1868923364364	
2725.0898923364366	0.20899999999983265	WheelMovementIntervals													0.10825433896616232
2733.1868923364364	3.2170000000000982	WheelMovementIntervals													-0.7795055181078823
2736.442019030824	3.0413134422697112	trials	-1.0	1.0	1.5		0.25	0.2	2737.9313126125217	2737.9312246336312	2738.983247234905	2737.499853099618	2737.500919666201	2737.7868923364367	
2737.7868923364367	2.5979999999999563	WheelMovementIntervals													-0.6962893557849554
2740.550633488578	9.232010297852412	trials	1.0	-1.0	0.0		0.125	0.2	2747.2015093867894	2747.200510775922	2749.2825141104395	2741.299163248392	2741.3002298149745	2747.0568923364367	
2747.0568923364367	0.8279999999999745	WheelMovementIntervals													-0.9749179303804425
2750.3358923364367	1.1549999999997453	WheelMovementIntervals													-1.6320685635987076
2750.971655605568	4.944728821300032	trials	1.0	1.0	1.5	1.0		0.8	2754.3628707156404	2754.362774685551	2755.4163051972805	2753.966441248937	2753.967441155108	2754.1058923364367	
2751.8688923364366	1.4800000000000182	WheelMovementIntervals													-4.375087277559231
2754.1058923364367	1.3279999999999745	WheelMovementIntervals													-1.6094897728803517
2757.0039895462305	2.6292396125904816	trials	1.0	1.0	1.5	0.125		0.8	2758.0790220011704	2758.0789049234336	2759.13315641713	2757.699090986293	2757.7000575622583	2757.9608923364367	
2757.9608923364367	1.58199999999988	WheelMovementIntervals													-0.7326927718368097
2760.7120415917734	2.471025908233969	trials	1.0	1.0	1.5	0.25		0.8	2761.619456442202	2761.619350003192	2762.6830233063774	2761.282321411455	2761.283354647832	2761.4978923364365	
2761.4978923364365	1.0520000000001346	WheelMovementIntervals													-1.110136878295009
2764.258475469833	35.839951839234345	trials	1.0	1.0	1.5	0.0		0.8	2798.5254932707408	2798.5254099546046	2799.598392592515	2766.782271976327	2766.7833052127044	2791.3868923364366	
2764.5278923364367	1.7649999999998727	WheelMovementIntervals													-3.2008816621136305
2791.3868923364366	0.2829999999999018	WheelMovementIntervals													-0.1120217955350995
2794.6948923364366	0.5960000000000036	WheelMovementIntervals													0.1696964259434992
2798.0898923364366	1.58199999999988	WheelMovementIntervals													-1.3150043456022615
2800.0988923364366	0.08199999999987995	WheelMovementIntervals													-0.01277402609102296
2801.591638884533	2.5740158325870652	trials	1.0	1.0	1.5	1.0		0.8	2802.596244614809	2802.596143892427	2803.665610934778	2802.2993058121474	2802.300272388113	2802.514892336437	
2802.514892336437	1.700999999999567	WheelMovementIntervals													-1.8279201379559993
2805.291858331734	8.690770642380357	trials	1.0	1.0	1.5	0.0625		0.8	2812.422622531744	2812.4225146518515	2813.4825230732918	2805.8991680099584	2805.900234576541	2812.2898923364364	
2812.2898923364364	1.7100000000000364	WheelMovementIntervals													-0.5518226706435314
2815.0658923364367	1.3469999999997526	WheelMovementIntervals													-0.6837202484691147
2815.1212359671827	3.8778514235655166	trials	1.0	1.0	1.5	1.0		0.8	2817.4434847197545	2817.4433661617595	2818.49905233456	2817.0986837416945	2817.0998169686886	2817.3278923364364	
2817.3278923364364	1.8720000000002983	WheelMovementIntervals													-1.2993499886136135
2820.113100876226	2.7192299153230124	trials	1.0	1.0	1.5	0.25		0.8	2821.280624652008	2821.280512860752	2822.3322926327455	2820.7478746439547	2820.748774559509	2820.8848923364367	
2820.8848923364367	2.15099999999984	WheelMovementIntervals													-1.1003630827675863
2823.9650394198143	10.816699061093914	trials	1.0	-1.0	0.0		0.0	0.8	2832.2073326500154	2832.206512610806	2834.281704662729	2824.598479979315	2824.599379894869	2831.974892336437	
2831.974892336437	0.931999999999789	WheelMovementIntervals													-0.49791560787613776
2835.9622469647848	2.5529183897224357	trials	1.0	1.0	1.5	0.0625		0.8	2836.953353961749	2836.9532533270403	2838.0151209948162	2836.532360133438	2836.533293379198	2836.7998923364366	
2836.7998923364366	1.4890000000000327	WheelMovementIntervals													-0.7433023152024134
2839.629469508334	21.936016712404125	trials	-1.0	1.0	1.5		0.25	0.8	2860.010590327563	2860.0104680709196	2861.065391347637	2840.132355652072	2840.1332555676263	2859.5898923364366	
2859.5898923364366	1.8840000000000146	WheelMovementIntervals													1.2741178322941096
2862.7902961534915	3.4085362258069836	trials	1.0	1.0	1.5	0.25		0.8	2864.640722514046	2864.6406147329176	2865.6987565640743	2863.3983057660357	2863.3993723326184	2864.5458923364367	
2864.5458923364367	0.9159999999997126	WheelMovementIntervals													-1.1716530854226903
2867.292340359435	2.47292567447721	trials	1.0	1.0	1.5	1.0		0.8	2868.207754459234	2868.20764875198	2869.2652552259706	2867.8977835461396	2867.898650131488	2868.0808923364366	
2868.0808923364366	1.7899999999999636	WheelMovementIntervals													-0.9170152852419164
2870.842273909094	2.4225269411726913	trials	1.0	1.0	1.5	0.0		0.8	2871.704493000581	2871.704382784952	2872.764793504597	2871.33142800808	2871.3322945934283	2871.5718923364366	
2871.5718923364366	0.7310000000002219	WheelMovementIntervals													-0.6745913747265604
2874.36341016102	2.4175279089527066	trials	1.0	1.0	1.5	1.0		0.8	2875.2108306411724	2875.2107192417384	2876.280863565256	2874.86519640797	2874.8662629745527	2875.0898923364366	
2875.0898923364366	1.7159999999998945	WheelMovementIntervals													-0.9276129091718985
2877.870347745314	2.4941214036134625	trials	1.0	1.0	1.5	1.0		0.8	2878.792661197695	2878.792555289601	2879.8643939622693	2878.4653585776323	2878.4662251629807	2878.6678923364366	
2878.6678923364366	1.1019999999998618	WheelMovementIntervals													-0.8732509492986935
2881.4644771477433	2.484222752505957	trials	1.0	1.0	1.5	0.25		0.8	2882.391490159129	2882.391384890873	2883.4485909633972	2881.965230158316	2881.9661967342818	2882.264892336437	
2882.264892336437	1.5539999999996326	WheelMovementIntervals													-0.43959783389325935
2885.0623062030063	5.869461874252465	trials	1.0	1.0	1.5	0.0		0.8	2889.375734774842	2889.3756502033343	2890.431702352116	2885.7481085156755	2885.7491750822583	2888.7328923364366	
2888.7328923364366	2.9529999999999745	WheelMovementIntervals													-1.255524478552985
2892.1109781063547	5.37004993784376	trials	-1.0	1.0	1.5		0.125	0.8	2895.902622307816	2895.902511246901	2896.9809544531204	2892.647961050533	2892.6487609754704	2895.6738923364364	
2895.6738923364364	1.7810000000004038	WheelMovementIntervals													0.9273648040601472
2898.6003358277	2.8138234892594483	trials	1.0	1.0	1.5	0.125		0.8	2899.840852753985	2899.8407453007467	2900.9141187080218	2899.2815385719814	2899.282705129181	2899.6598923364368	
2899.6598923364368	1.7919999999999163	WheelMovementIntervals													-1.461629370602651
2902.552065007181	2.47962209077059	trials	1.0	1.0	1.5	0.25		0.8	2903.460979716867	2903.460872004145	2904.5316792450644	2903.031653337129	2903.0326532433	2903.3068923364367	
2903.3068923364367	0.887000000000171	WheelMovementIntervals													-0.7971975651114462
2906.1533937340437	11.478236694463703	trials	1.0	-1.0	0.0		0.125	0.8	2915.0708902714982	2915.0700983695187	2917.1315635696656	2906.681210871652	2906.681977466383	2914.7018923364367	
2914.7018923364367	2.3350000000000364	WheelMovementIntervals													-4.040962420583185
2918.792441050353	20.70568592178506	trials	-1.0	1.0	1.5		0.125	0.8	2937.9300118945775	2937.929910117923	2938.9980450063185	2919.3974842745893	2919.3985175109665	2937.5518923364366	
2937.5518923364366	4.9090000000001055	WheelMovementIntervals													-3.348200174384857
2940.8692360850296	18.36148715516447	trials	-1.0	-1.0	0.0	0.125		0.8	2956.6618208145005	2956.6610944682943	2958.7306600130664	2942.7471931955	2942.7482930922883	2956.528892336437	
2956.528892336437	1.0209999999997308	WheelMovementIntervals													1.214928557360821
2960.4359333277584	21.41099580830405	trials	-1.0	1.0	1.5		0.0	0.8	2980.27330517105	2980.2732128910793	2981.3468377667327	2960.947818627038	2960.9487852030034	2970.5098923364367	
2970.5098923364367	0.2159999999998945	WheelMovementIntervals													0.14353495234308866
2980.1548923364367	1.48700000000008	WheelMovementIntervals													0.9181632600045475
2983.1237376934932	63.0588864114834	trials	0.0	-1.0	0.0	0.125		0.8	3043.6833549283924	3043.682597975105	3047.7793039079766	2983.680985402743	2983.6819186485027		
3003.314892336437	0.1299999999996544	WheelMovementIntervals													0.040477594609200196
3041.106892336437	0.17099999999982174	WheelMovementIntervals													-0.08348663023537028
3045.425892336437	0.5059999999998581	WheelMovementIntervals													-0.09863305847810011
3047.4388923364368	0.24699999999984357	WheelMovementIntervals													-0.04881781697270071
3047.7925359996434	63.0061876519062	trials	0.0	-1.0	0.0		0.0625	0.8	3108.2994581793164	3108.2986974531127	3108.3460538068975	3047.846997555772	3048.2979885692207		
3112.434436829786	19.094379182045486	trials	1.0	1.0	1.5	1.0		0.8	3129.9545261211565	3129.9543994023825	3173.658691696729	3112.511996218471	3112.947055393591	3129.187892336437	
3129.187892336437	4.554999999999836	WheelMovementIntervals													-2.898491765428787
3137.785892336437	0.6849999999999454	WheelMovementIntervals													-0.15421420674528008
3153.367892336437	0.14600000000018554	WheelMovementIntervals													-0.03060509470040529
3158.755892336437	0.24400000000014188	WheelMovementIntervals													-0.01442572949557075
3159.919892336437	0.5329999999999018	WheelMovementIntervals													-0.19844403259691035
3177.0748923364367	0.11400000000003274	WheelMovementIntervals													0.011579540124898813
3181.663892336437	0.09799999999995634	WheelMovementIntervals													0.031062967835936206
3186.380892336437	0.21900000000005093	WheelMovementIntervals													0.037760281562214004
3193.263892336437	6.733999999999924	WheelMovementIntervals													1.6347554535227005
3200.820892336437	0.525000000000091	WheelMovementIntervals													-0.26833347893506243
3202.9318923364367	0.27200000000038926	WheelMovementIntervals													0.021397927937613304
3204.605892336437	0.24299999999993815	WheelMovementIntervals													0.017605440999943767
3207.503892336437	1.900000000000091	WheelMovementIntervals													0.840153194671899
3210.436892336437	0.38799999999991996	WheelMovementIntervals													-0.11967839493851784
3211.423892336437	0.13099999999985812	WheelMovementIntervals													-0.013027312387663414
3212.8338923364367	3.4970000000002983	WheelMovementIntervals													0.807163174815571
3217.2848923364368	0.30900000000019645	WheelMovementIntervals													0.1216187267342832
3221.0168923364367	0.43400000000019645	WheelMovementIntervals													-0.08467019506005613
3222.157892336437	0.8780000000001564	WheelMovementIntervals													0.3644158110367073
3225.6798923364368	0.07100000000036744	WheelMovementIntervals													0.014135140032720983
3226.239892336437	0.22699999999986176	WheelMovementIntervals													0.020419232258234388
3227.436892336437	0.3930000000000291	WheelMovementIntervals													-0.03378681822340468
3239.512892336437	0.20400000000017826	WheelMovementIntervals													0.02198020246655119
3256.237892336437	0.3489999999997053	WheelMovementIntervals													0.03656824979273665
3256.981892336437	3.106000000000222	WheelMovementIntervals													-3.4262855984847533
3273.256892336437	0.24699999999984357	WheelMovementIntervals													-0.06411067937190751
3275.592892336437	0.1269999999999527	WheelMovementIntervals													0.01620331321072399
3279.007892336437	0.48099999999976717	WheelMovementIntervals													0.18426370538031733
3280.919892336437	0.08199999999987995	WheelMovementIntervals													-0.024424617628483247
3281.852892336437	0.12800000000015643	WheelMovementIntervals													0.013780616834196735
3285.137892336437	0.08699999999998909	WheelMovementIntervals													0.010451144708298443
3290.248892336437	1.031999999999698	WheelMovementIntervals													-0.2613082703377074
3309.373892336437	0.2660000000000764	WheelMovementIntervals													-0.02303499905289641
3314.182892336437	0.1069999999999709	WheelMovementIntervals													0.02175866765097112
3343.387892336437	0.18200000000024374	WheelMovementIntervals													0.09061740998856749
3344.272892336437	0.18899999999985084	WheelMovementIntervals													-0.12710160596714104
3347.626892336437	1.412000000000262	WheelMovementIntervals													0.31226759822121153
3363.632892336437	0.16499999999996362	WheelMovementIntervals													-0.07162438753340439
3366.635892336437	0.2860000000000582	WheelMovementIntervals													-0.02817764181691018
3367.8498923364373	0.3619999999996253	WheelMovementIntervals													0.015534579665455794
3376.281892336437	0.41899999999986903	WheelMovementIntervals													0.1236562035239217
3385.127892336437	0.525000000000091	WheelMovementIntervals													-0.14634302473356797
3386.151892336437	0.15399999999999636	WheelMovementIntervals													-0.034472882445044206
3395.854892336437	0.6030000000000655	WheelMovementIntervals													-0.16515558060754643
3400.958892336437	0.3939999999997781	WheelMovementIntervals													-0.08458413112384733
3415.602892336437	2.5150000000003274	WheelMovementIntervals													-1.1526864155265741
3428.812892336437	0.24099999999998545	WheelMovementIntervals													0.04821820769794272
3438.812892336437	0.45100000000002183	WheelMovementIntervals													0.17582035300233656
3440.031892336437	0.26099999999996726	WheelMovementIntervals													-0.13087819502115394
3477.3698923364373	0.4819999999999709	WheelMovementIntervals													-0.11362407730266
3518.929892336437	0.07900000000017826	WheelMovementIntervals													-0.00968503059351633
3519.895892336437	0.3690000000001419	WheelMovementIntervals													0.07212278091483881
3525.6088923364373	2.4459999999999127	WheelMovementIntervals													-1.5868062940951688
3529.2568923364374	0.1499999999996362	WheelMovementIntervals													0.018424427814039745
3533.5128923364373	0.1390000000001237	WheelMovementIntervals													0.0332571560213637
3536.4458923364373	0.43600000000014916	WheelMovementIntervals													0.3970982484896126
3537.435892336437	0.7540000000003602	WheelMovementIntervals													-0.5964745819748032
3547.772892336437	0.38599999999996726	WheelMovementIntervals													-0.06309585361486825
3587.2918923364373	0.42399999999997817	WheelMovementIntervals													0.05885518917980903
3593.5758923364374	0.11200000000008004	WheelMovementIntervals													-0.06890288041952886
3598.185892336437	0.2580000000002656	WheelMovementIntervals													0.06435968688580829
3611.8508923364375	0.10500000000001819	WheelMovementIntervals													0.013201876012828961
3633.0338923364375	0.1449999999999818	WheelMovementIntervals													0.013646017597579885
3752.5408923364375	0.1839999999997417	WheelMovementIntervals													-0.022225984637316287
3759.5658923364376	1.9219999999995707	WheelMovementIntervals													-2.723166746671353
3764.2938923364372	0.12900000000036016	WheelMovementIntervals													-0.1108203661695768
3766.9558923364375	0.44399999999996	WheelMovementIntervals													-0.16953248918539998
3775.7208923364374	0.06500000000005457	WheelMovementIntervals													-0.011815378482253891
3791.0898923364375	0.24499999999989086	WheelMovementIntervals													-0.10199138604497193
3791.5218923364373	0.27400000000034197	WheelMovementIntervals													-0.03594567746753796
3809.4658923364373	0.48500000000012733	WheelMovementIntervals													-0.04648011738507307
3811.4828923364375	3.94399999999996	WheelMovementIntervals													-1.6513470734636826
3824.6658923364375	0.2179999999998472	WheelMovementIntervals													-0.09853301699132544
3850.0458923364376	0.20599999999967622	WheelMovementIntervals													0.0408380833764852
3863.4818923364373	0.7020000000002256	WheelMovementIntervals													-0.26686644668404824
3869.0938923364374	0.3989999999998872	WheelMovementIntervals													-0.1694390407637627
3889.4918923364376	0.18800000000010186	WheelMovementIntervals													-0.11541388181797174
3894.1248923364374	0.09500000000025466	WheelMovementIntervals													-0.00340411645555605
3910.4798923364374	0.27500000000009095	WheelMovementIntervals													-0.018448839856148425
3944.4428923364376	1.02599999999984	WheelMovementIntervals													-0.12356703667578017
3980.2138923364378	0.7809999999999491	WheelMovementIntervals													-0.26427566677853065
3982.269892336438	0.8339999999998327	WheelMovementIntervals													-0.7760749724054392
3983.4338923364376	0.24699999999984357	WheelMovementIntervals													-0.1883223443104498
3984.0038923364377	2.356999999999971	WheelMovementIntervals													-0.9368768239394853
4040.9188923364377	0.18800000000010186	WheelMovementIntervals													-0.07966607857878216
4050.9698923364376	0.9279999999998836	WheelMovementIntervals													0.22203323840616918
4053.0508923364378	0.27500000000009095	WheelMovementIntervals													0.2143457278775145
4053.8268923364376	1.6020000000003165	WheelMovementIntervals													-0.4567821090576274
4068.689892336438	0.49599999999963984	WheelMovementIntervals													-0.26923750518758993
4071.4338923364376	0.6780000000003383	WheelMovementIntervals													-0.2493440481457867
4075.8268923364376	0.3550000000000182	WheelMovementIntervals													-0.16658149089022345
4089.7148923364375	0.7380000000002838	WheelMovementIntervals													-0.1612054742925011
4100.095892336438	0.08800000000064756	WheelMovementIntervals													-0.00880355194200888
4108.410892336438	1.9790000000002692	WheelMovementIntervals													-0.665762091666295
4117.257892336438	0.3779999999997017	WheelMovementIntervals													-0.1480393125895887
4124.100892336438	0.38000000000010914	WheelMovementIntervals													-0.05929627642694868
4124.798892336438	0.9239999999999782	WheelMovementIntervals													-0.4228451612606534
4146.272892336438	0.17699999999967986	WheelMovementIntervals													0.12440424252136495
4148.660892336438	0.3540000000002692	WheelMovementIntervals													-0.3867375667337569
4150.129892336438	0.3850000000002183	WheelMovementIntervals													-0.13893120934139347
4155.291892336439	0.06499999999959982	WheelMovementIntervals													-0.008069748552514966
4169.382892336438	0.09100000000034925	WheelMovementIntervals													0.010154522951523859
4172.702892336438	0.49900000000070577	WheelMovementIntervals													-0.18459510943540636
4175.882892336438	0.4139999999997599	WheelMovementIntervals													-0.24584332348584326
4177.5948923364385	1.2409999999999854	WheelMovementIntervals													-1.5501922287135699
4179.800892336439	0.08899999999994179	WheelMovementIntervals													-0.02797431662611416
4182.7998923364385	1.1189999999996871	WheelMovementIntervals													-1.3109483362901528
4184.601892336438	0.6869999999998981	WheelMovementIntervals													-0.2539240884992182
4191.597892336438	0.6589999999996508	WheelMovementIntervals													-0.7283557280250079
4192.823892336438	0.4390000000003056	WheelMovementIntervals													-0.5065844103937422
4196.626892336439	0.20799999999962893	WheelMovementIntervals													-0.012652781052139517
4202.494892336438	0.42399999999997817	WheelMovementIntervals													-0.508081433103996
4204.619892336438	0.5429999999996653	WheelMovementIntervals													-0.40454442239706623
4208.434892336439	0.6499999999996362	WheelMovementIntervals													-0.8649261741730356
4215.720892336439	0.3209999999999127	WheelMovementIntervals													-0.03711164455199878
4217.160892336438	0.13799999999991996	WheelMovementIntervals													-0.03551008931481192
4229.871892336439	0.08799999999973807	WheelMovementIntervals													0.010732145532756476
4237.542892336438	0.09200000000055297	WheelMovementIntervals													-0.05753736834626011
4238.0278923364385	0.10199999999986176	WheelMovementIntervals													-0.02864885580322607
4247.414892336438	0.7880000000004657	WheelMovementIntervals													-0.24834450754121917
4253.889892336439	0.1889999999993961	WheelMovementIntervals													-0.11060720142290847
4295.669892336438	0.13699999999971624	WheelMovementIntervals													-0.008399562823314
4341.409892336438	1.6370000000006257	WheelMovementIntervals													-0.6037595484431222
4343.207892336439	0.3469999999997526	WheelMovementIntervals													-0.0263933923677655
4343.929892336439	0.2929999999996653	WheelMovementIntervals													-0.07850438069564802
4358.649892336439	0.26299999999991996	WheelMovementIntervals													-0.1137684166532722
4365.319892336438	0.14500000000043656	WheelMovementIntervals													-0.00961975331085796
4366.815892336438	0.1860000000006039	WheelMovementIntervals													-0.12555587132123947
4372.816892336438	0.1859999999996944	WheelMovementIntervals													0.029410341677078122
4374.736892336438	0.181999999999789	WheelMovementIntervals													0.012558355025902301
4375.742892336439	0.1859999999996944	WheelMovementIntervals													0.031090558341247743
4383.040892336438	0.23499999999967258	WheelMovementIntervals													0.055342404943473866
4392.770892336438	0.32400000000052387	WheelMovementIntervals													-0.25155078535334496
4395.929892336439	0.07700000000022555	WheelMovementIntervals													0.013669306225835953
4401.2598923364385	0.2510000000002037	WheelMovementIntervals													-0.19849819400315027
4403.436892336438	0.08899999999994179	WheelMovementIntervals													-0.053229502608701296
4407.010892336439	0.10300000000006548	WheelMovementIntervals													0.01653927623416962
4414.2018923364385	0.06199999999989814	WheelMovementIntervals													-0.0052988468522698895
4414.614892336438	0.19600000000082218	WheelMovementIntervals													-0.09200779335358789
4436.357892336438	0.2600000000002183	WheelMovementIntervals													-0.029283314197584787
