onset	duration	nwb_table	choice	feedback_type	reward_volume	contrast_left	contrast_right	probability_left	feedback_time	response_time	stim_off_time	stim_on_time	go_cue_time	first_movement_time	peak_amplitude
13.855174980000264	0.10799999999999699	WheelMovementIntervals													0.0117268183258182
14.346174980000264	0.13299999999999912	WheelMovementIntervals													-0.00905604884987086
14.815174980000265	3.475999999999999	WheelMovementIntervals													-1.0745316126037663
19.354174980000266	0.4269999999999996	WheelMovementIntervals													-0.11269734777501406
26.19817498000027	0.6240000000000023	WheelMovementIntervals													-0.2515324610162887
29.304269280029306	2.4176137470111208	trials	1.0	1.0	1.5	0.25		0.5	30.15648405003016	30.15637342034197	31.221877500031223	29.783654670029783	29.784821220029784	29.928174980000275	
29.928174980000275	2.888000000000009	WheelMovementIntervals													-1.6254665258338061
32.164983180032166	4.118378367930326	trials	1.0	1.0	1.5	0.125		0.5	34.72422723003473	34.72413063482555	35.783254650035786	34.483251330034484	34.484117910034485	34.617174980000286	
33.10917498000028	0.8419999999999987	WheelMovementIntervals													0.15155273863403362
34.617174980000286	1.439	WheelMovementIntervals													-1.374715770814233
36.53117498000029	0.8519999999999968	WheelMovementIntervals													-0.21966663261918384
36.66366660003666	3.0913194124019867	trials	1.0	1.0	1.5	0.125		0.5	38.1985797600382	38.198475245117145	39.254907450039255	37.954404180037955	37.95543741003796	37.995174980000286	
37.995174980000286	1.6990000000000052	WheelMovementIntervals													-0.6200492111684097
40.07217498000029	0.15799999999999415	WheelMovementIntervals													0.013996040727312753
40.13448615004013	3.432349752828806	trials	1.0	-1.0	0.0		0.25	0.5	41.013398250041014	41.01239836406104	43.066726230043066	40.78342125004078	40.784421150040785	40.873174980000286	
40.873174980000286	1.764000000000003	WheelMovementIntervals													0.40127072505515304
43.93823907004394	2.2783320357989396	trials	1.0	1.0	1.5	0.0625		0.5	44.661966690044665	44.661848609562455	45.71649456004572	44.45468742004446	44.455720650044455	44.543174980000295	
44.543174980000295	0.20599999999999596	WheelMovementIntervals													-0.40735423396396353
45.06517498000029	0.37599999999999767	WheelMovementIntervals													0.15480753362923583
46.58857401004659	2.2831313020298367	trials	-1.0	1.0	1.5		1.0	0.5	47.31530133004732	47.315183335453376	48.371629020048374	47.07119241004707	47.072058990047076	47.1761749800003	
47.1761749800003	0.5150000000000006	WheelMovementIntervals													0.49129939402994527
48.19317498000029	0.18500000000000227	WheelMovementIntervals													0.0695220190026804
48.54117498000029	2.450000000000003	WheelMovementIntervals													0.2949108865370169
49.24710813004925	8.50260651955714	trials	-1.0	1.0	1.5		0.125	0.5	56.20761201005621	56.207493691625544	57.24967446005725	55.7996861400558	55.8009860100558	55.9401749800003	
51.4561749800003	1.3299999999999983	WheelMovementIntervals													-0.6164780159987462
53.3471749800003	0.5850000000000009	WheelMovementIntervals													-0.19244282747504382
54.405174980000304	0.8260000000000005	WheelMovementIntervals													0.39421092501106614
55.9401749800003	0.6470000000000056	WheelMovementIntervals													0.3024347386338091
58.15161759005815	4.514574325216238	trials	-1.0	1.0	1.5		0.125	0.5	61.11198819006111	61.11186501435991	62.16614943006217	58.60407234005861	58.60497225005861	61.005174980000305	
61.005174980000305	0.75	WheelMovementIntervals													2.012305877491617
63.03539583006304	2.6364301455527936	trials	-1.0	1.0	1.5		0.0625	0.5	64.12202049006412	64.12190742925888	65.17181550006518	63.50408229006351	63.50494887006351	63.514174980000305	
63.514174980000305	1.2450000000000045	WheelMovementIntervals													0.28759915440905104
65.50617498000031	0.40800000000000125	WheelMovementIntervals													-0.09041963256470176
66.04692798006604	2.7242530065632735	trials	-1.0	1.0	1.5		0.0625	0.5	67.22584341006723	67.22575005131363	68.27117220006828	66.66603273006666	66.66693264006666	66.94317498000031	
66.94317498000031	0.44000000000001194	WheelMovementIntervals													0.4740050786518739
69.13508580006913	3.398051908719907	trials	1.0	1.0	1.5	0.125		0.5	70.97000229007097	70.9699127489995	72.03306264007203	70.71636099007071	70.71722757007072	70.65017498000032	
69.49717498000031	0.7950000000000017	WheelMovementIntervals													0.7419678501444178
70.65017498000032	0.757000000000005	WheelMovementIntervals													-0.4563864525326613
71.79217498000031	0.056000000000011596	WheelMovementIntervals													-0.008470526212950524
72.91314129007291	7.719483964034211	trials	-1.0	1.0	1.5		0.0625	0.5	79.06972557007907	79.06960665826855	80.13258594008013	78.7877537700788	78.78885366007879	78.70717498000032	
73.24617498000032	1.5879999999999939	WheelMovementIntervals													-0.686746440154415
75.38017498000032	1.6970000000000027	WheelMovementIntervals													-0.8558825444264286
77.41017498000032	0.5259999999999962	WheelMovementIntervals													-0.49439941091047324
78.70717498000032	0.5250000000000057	WheelMovementIntervals													0.44209204835730986
81.04852767008104	3.72275328564281	trials	1.0	1.0	1.5	0.125		0.5	83.1980460300832	83.19795728119702	84.27123870008427	82.87104540008288	82.87181199008288	82.93217498000033	
81.54917498000033	0.583999999999989	WheelMovementIntervals													-0.3410187235555231
82.93217498000033	0.8880000000000052	WheelMovementIntervals													-0.7521446518830817
84.59517498000032	0.05900000000001171	WheelMovementIntervals													-0.006806684352117287
85.14978417008516	2.4881346051263336	trials	-1.0	1.0	1.5		0.0625	0.5	86.07839130008608	86.07829671071747	87.13785201008714	85.66586589008567	85.66679913008566	85.93017498000033	
85.93017498000033	0.2360000000000042	WheelMovementIntervals													0.32616974571813717
88.08622383008809	2.729751335249972	trials	-1.0	1.0	1.5		0.125	0.5	89.25534024008925	89.2552449580014	90.31593417009032	88.61583753008861	88.61677077008862	88.81817498000034	
88.81817498000034	0.6799999999999926	WheelMovementIntervals													0.6530787823061339
91.19137995009119	2.646528676547021	trials	1.0	1.0	1.5	0.25		0.5	92.27567151009228	92.27559087874806	93.33783195009335	91.68756366009168	91.68843024009169	91.86417498000033	
91.86417498000033	0.6450000000000102	WheelMovementIntervals													-0.40678095327258124
94.21921047009423	2.3518262028620995	trials	-1.0	1.0	1.5		1.0	0.5	94.998399210095	94.99831848796727	96.07092528009608	94.68259746009468	94.68339738009469	94.78417498000033	
94.78417498000033	0.37300000000000466	WheelMovementIntervals													0.451788069934115
96.93903846009694	2.6102321866064955	trials	-1.0	1.0	1.5		0.125	0.5	97.98306738009798	97.9829505326486	99.04922742009904	97.48251744009748	97.48338402009749	97.66117498000034	
97.66117498000034	0.375	WheelMovementIntervals													0.3394265859282104
99.92657301009993	2.6781558937233427	trials	-1.0	1.0	1.5		0.125	0.5	101.05669332010106	101.05659575005059	102.1046218501021	100.40402526010041	100.4050584901004	100.51217498000034	
100.51217498000034	0.7420000000000044	WheelMovementIntervals													0.5019988090532563
102.97873443010297	8.836903907277943	trials	1.0	1.0	1.5	1.0		0.5	110.27470476011028	110.27461856632313	111.31560066011131	110.04882735011005	110.04996057011004	110.17417498000034	
103.60717498000035	3.3859999999999957	WheelMovementIntervals													1.863296639664307
107.79117498000035	1.4879999999999995	WheelMovementIntervals													0.9408230183597895
110.17417498000034	0.382000000000005	WheelMovementIntervals													-0.5898028671894492
112.23384216011223	3.5317327091936335	trials	-1.0	1.0	1.5		0.25	0.5	114.20717814011421	114.20705987638576	115.26547230011526	112.80408513011281	112.8049517101128	113.38017498000035	
113.38017498000035	0.8520000000000039	WheelMovementIntervals													0.2962543586951971
116.21897694011622	2.4848435613051123	trials	1.0	1.0	1.5	0.125		0.5	117.13051911011713	117.13039218437854	118.2037451101182	116.82078342011683	116.82158334011682	116.97817498000036	
116.97817498000036	0.33099999999998886	WheelMovementIntervals													-0.47674779195985645
119.07442470011908	2.4958413371429344	trials	1.0	1.0	1.5	1.0		0.5	120.01213092012001	120.01203947793609	121.07019177012107	119.7987189301198	119.7995855101198	119.86217498000036	
119.86217498000036	0.3990000000000009	WheelMovementIntervals													-0.6265896130869432
121.95367008012195	2.245134556466482	trials	1.0	1.0	1.5	0.25		0.5	122.64586752012265	122.64578011633877	123.6986955601237	122.41539057012241	122.41659045012241	122.54417498000036	
122.54417498000036	0.9089999999999918	WheelMovementIntervals													-1.6808753151973264
124.57350807012457	3.925233279553396	trials	1.0	-1.0	0.0		0.25	0.5	125.94753732012595	125.94671901302196	127.998665520128	125.73702504012574	125.73785829012574	125.85317498000036	
124.90717498000036	0.21699999999999875	WheelMovementIntervals													-0.1272890424966584
125.85317498000036	0.9819999999999993	WheelMovementIntervals													-0.7320011225654093
128.63017498000036	0.4329999999999927	WheelMovementIntervals													-0.8167199292446488
128.8953425101289	2.5200381358802417	trials	-1.0	1.0	1.5		0.0625	0.5	129.86327904012987	129.86315638801665	130.9153071601309	129.62033667012963	129.62116992012963	129.48417498000038	
129.48417498000038	0.6409999999999911	WheelMovementIntervals													0.7169282027673041
131.8103843101318	2.509940273404368	trials	-1.0	1.0	1.5		0.25	0.5	132.75862281013275	132.75849876767424	133.82031663013382	132.30393495013232	132.3048015301323	132.46717498000038	
132.46717498000038	0.8760000000000048	WheelMovementIntervals													0.30443912686177654
134.7024284101347	3.296153001171149	trials	1.0	-1.0	0.0		0.0	0.5	135.44112120013546	135.44013982469772	137.4984821101375	135.33199878013534	135.33279870013533	135.27317498000036	
135.27317498000036	0.5570000000000164	WheelMovementIntervals													-0.42747205653799547
137.21017498000037	0.07699999999999818	WheelMovementIntervals													0.055566341385575146
138.45478647013846	4.376953221703701	trials	-1.0	-1.0	0.0	0.0		0.5	140.26843842014026	140.2674076825074	142.33169874014234	140.03699490014003	140.03809479014004	140.02717498000038	
138.56317498000038	0.9989999999999952	WheelMovementIntervals													-0.8353064356311171
140.02717498000038	0.7199999999999989	WheelMovementIntervals													0.5533626787970296
143.22894234014322	4.441776568523693	trials	-1.0	1.0	1.5		0.125	0.5	146.10968757014612	146.10959070045405	147.17064813014719	145.8868431901459	145.88774310014588	145.93817498000038	
143.27417498000037	1.757000000000005	WheelMovementIntervals													-3.2783824784803146
145.93817498000038	0.42900000000000205	WheelMovementIntervals													0.42199538194095076
148.08062379014808	2.384420945483015	trials	-1.0	1.0	1.5		1.0	0.5	148.9064078701489	148.90633035082254	149.96496867014997	148.5984720001486	148.5993719101486	148.7731749800004	
148.7731749800004	0.3709999999999809	WheelMovementIntervals													0.6424663192940727
150.85954587015087	3.793945612970049	trials	-1.0	1.0	1.5		0.25	0.5	153.0843900301531	153.0842714442892	154.15338312015416	152.87017812015287	152.87101137015287	152.94417498000038	
151.23417498000038	0.7610000000000241	WheelMovementIntervals													-0.3078458652303375
152.2191749800004	0.09499999999999886	WheelMovementIntervals													0.0067853567530455905
152.94417498000038	0.7549999999999955	WheelMovementIntervals													1.6218570166684216
155.04469398015505	4.758279618290203	trials	1.0	1.0	1.5	0.25		0.5	158.24294079015826	158.242846149242	159.3029347801593	157.96496859015798	157.96600182015797	157.9991749800004	
156.67617498000038	0.6500000000000057	WheelMovementIntervals													0.7711521015225786
157.9991749800004	0.8590000000000089	WheelMovementIntervals													-1.6515888465561765
160.20277812016022	6.778770526032929	trials	1.0	1.0	1.5	0.0625		0.5	165.42222279016542	165.4221308821674	166.48145019016647	164.3815602001644	164.38262676016438	164.8961749800004	
160.21817498000038	0.7540000000000191	WheelMovementIntervals													-0.21113299741575808
161.29517498000038	1.0560000000000116	WheelMovementIntervals													-2.7768500205222244
163.06917498000038	0.1150000000000091	WheelMovementIntervals													0.010934275186128772
164.0601749800004	0.5370000000000061	WheelMovementIntervals													0.05914256901204773
164.8961749800004	0.9979999999999905	WheelMovementIntervals													-0.5305734147084848
166.6791749800004	0.060000000000002274	WheelMovementIntervals													-0.003338006362486823
167.46765156016747	3.080348961184143	trials	1.0	1.0	1.5	0.0625		0.5	168.99029928016898	168.9901747716587	170.04792684017005	168.003198000168	168.004264560168	168.81417498000042	
168.81417498000042	0.8359999999999843	WheelMovementIntervals													-1.0496777049715789
170.5841749800004	0.5229999999999961	WheelMovementIntervals													-0.14180570711031315
170.93820447017094	4.965061186563389	trials	1.0	1.0	1.5	0.125		0.5	174.34836342017434	174.3482451199393	175.4032579201754	174.07009125017407	174.0712244701741	174.1861749800004	
171.5251749800004	0.2750000000000057	WheelMovementIntervals													-0.07530990569255636
172.4881749800004	0.90300000000002	WheelMovementIntervals													-0.8435180817116628
174.1861749800004	0.664999999999992	WheelMovementIntervals													-1.519629930769085
176.2986683701763	2.515839962898724	trials	1.0	1.0	1.5	0.25		0.5	177.25330623017726	177.25318277337132	178.31450010017832	176.96446845017698	176.96553501017698	177.1101749800004	
177.1101749800004	0.5889999999999986	WheelMovementIntervals													-1.085302707844411
179.1947120701792	2.3921220234862233	trials	1.0	1.0	1.5	0.0625		0.5	180.02202933018003	180.0219189943939	181.0867895101811	179.8032512101798	179.8041844501798	179.9481749800004	
179.9481749800004	1.4330000000000211	WheelMovementIntervals													-4.364770407418474
181.96273524018196	2.551636719462607	trials	1.0	1.0	1.5	0.125		0.5	182.96356848018297	182.963448856634	184.01436339018403	182.68109673018267	182.68216329018267	182.76817498000042	
182.76817498000042	1.2390000000000043	WheelMovementIntervals													-0.7474086245518379
184.8965751601849	2.4063483283542553	trials	1.0	1.0	1.5	0.0625		0.5	185.73989082018574	185.73979139425208	186.8028511801868	185.51977950018554	185.52081273018553	185.66017498000042	
185.66017498000042	0.8619999999999948	WheelMovementIntervals													-2.482415918921845
187.56617498000043	0.2920000000000016	WheelMovementIntervals													-0.11600553330332275
187.6915289701877	2.8894289887806224	trials	-1.0	1.0	1.5		0.25	0.5	189.02392905018903	189.023841414684	190.08092334019008	188.5812733201886	188.5821399001886	188.68317498000042	
188.68317498000042	0.48099999999999454	WheelMovementIntervals													0.37140956985883733
191.04466029019105	2.6366584568312703	trials	-1.0	1.0	1.5		1.0	0.5	192.12398568019213	192.12388339880295	193.1812132801932	191.53627779019155	191.53744434019154	191.37517498000042	
191.37517498000042	1.0790000000000077	WheelMovementIntervals													0.33182502418130966
194.06442495019408	3.949931492362964	trials	-1.0	-1.0	0.0	0.0		0.5	195.46841787019548	195.46743542584264	197.51427993019752	194.8028177701948	194.80375101019482	195.01517498000044	
195.01517498000044	1.0269999999999868	WheelMovementIntervals													0.3612222835759944
198.4064573701984	2.396450457041823	trials	1.0	1.0	1.5	0.125		0.5	199.24837317019924	199.2482743920244	200.30280105020032	199.002764400199	199.004064270199	199.13017498000042	
199.13017498000042	0.6750000000000114	WheelMovementIntervals													-0.37349026420298514
200.40317498000044	0.1869999999999834	WheelMovementIntervals													0.08441825241600043
201.1789134302012	2.7520180387354003	trials	1.0	1.0	1.5	0.0		0.5	202.37732691020238	202.37722041392308	203.43092154020343	202.11425322020213	202.11538644020212	202.23717498000042	
201.33717498000044	0.06499999999999773	WheelMovementIntervals													-0.020057927621721205
202.23717498000042	0.41200000000000614	WheelMovementIntervals													-0.608453863306174
204.31893273020432	2.300629524475454	trials	-1.0	1.0	1.5		0.125	0.5	205.06655796020507	205.06644199823708	206.11948599020613	204.7864526402048	204.7873525502048	204.90317498000044	
204.90317498000044	0.22299999999998477	WheelMovementIntervals													0.3309515858606389
206.996664930207	7.284323901019093	trials	-1.0	1.0	1.5		0.25	0.5	212.7092602802127	212.7091605271415	213.78091977021379	212.41422312021243	212.4153230102124	212.53717498000043	
207.28617498000042	0.06400000000002137	WheelMovementIntervals													0.0039160322119435875
207.84717498000043	0.44599999999999795	WheelMovementIntervals													0.24022919559004663
208.49617498000043	1.718999999999994	WheelMovementIntervals													0.9476105305731437
210.80217498000044	0.9129999999999825	WheelMovementIntervals													-0.7300390498303173
212.53717498000043	0.5050000000000239	WheelMovementIntervals													0.6986959361033556
214.12517498000045	0.24500000000000455	WheelMovementIntervals													0.06570415826150011
214.7057939402147	2.313727093178585	trials	1.0	1.0	1.5	1.0		0.5	215.44178700021544	215.44170192139381	216.5194792202165	215.21937591021523	215.22027582021522	215.34217498000044	
215.34217498000044	1.2110000000000127	WheelMovementIntervals													-2.033600059304849
217.4120232902174	2.4520358016687	trials	-1.0	1.0	1.5		0.125	0.5	218.29183530021828	218.2917354171765	219.36396141021936	217.980766410218	217.98163299021797	218.11217498000045	
218.11217498000045	0.2609999999999957	WheelMovementIntervals													0.3474536265174528
220.34126367022034	3.5394368610134848	trials	1.0	-1.0	0.0		0.0625	0.5	221.32959816022134	221.32847339355567	223.38062637022338	221.03596086022102	221.03692743022103	221.19317498000044	
221.19317498000044	1.179000000000002	WheelMovementIntervals													-0.8482738420959706
224.28570252022428	2.395049301141313	trials	1.0	1.0	1.5	0.0625		0.5	225.12811827022514	225.12801915559714	226.18067967022617	224.7857191802248	224.7865524302248	224.62117498000046	
224.62117498000046	1.0819999999999936	WheelMovementIntervals													-0.5879805878867721
227.06905749022707	2.511510526920574	trials	1.0	1.0	1.5	1.0		0.5	228.02876151022804	228.0286607482109	229.08045633022908	227.73529086022774	227.73622410022773	227.86717498000044	
227.86717498000044	0.3240000000000123	WheelMovementIntervals													-0.4843610512376024
229.97026734022998	3.3436542306801016	trials	1.0	-1.0	0.0		0.0625	0.5	230.76418794023076	230.7632797277478	232.81384962023282	230.45251911023047	230.45351901023045	230.54317498000046	
230.54317498000046	0.6049999999999898	WheelMovementIntervals													-0.5881857456271256
233.42217498000045	0.4960000000000093	WheelMovementIntervals													-1.1903205741022092
233.71782588023373	2.6127299981976932	trials	-1.0	1.0	1.5		1.0	0.5	234.7817528102348	234.78163728011123	235.83054792023583	234.4023240902344	234.4031573402344	234.39717498000047	
234.39717498000047	0.921999999999997	WheelMovementIntervals													0.518201781407825
236.72825814023673	2.5187370247741683	trials	-1.0	1.0	1.5		0.0	0.5	237.6973945502377	237.6972716150369	238.74695625023875	237.46885074023749	237.46981731023746	237.24817498000047	
237.24817498000047	0.6699999999999875	WheelMovementIntervals													0.4689280581690376
239.65439883023964	2.9309314348202804	trials	-1.0	1.0	1.5		0.0625	0.5	241.03162776024104	241.0315126603476	242.0852890502421	240.36926067024038	240.37016058024037	240.58617498000046	
240.58617498000046	0.6750000000000114	WheelMovementIntervals													0.3617039893999099
242.98613229024298	2.582661697998873	trials	-1.0	1.0	1.5		1.0	0.5	244.01476275024402	244.01465646273104	245.06872401024506	243.71382618024373	243.71475942024372	243.90817498000047	
243.90817498000047	0.5080000000000098	WheelMovementIntervals													0.8107880748471814
245.95480206024595	2.4976305769519627	trials	1.0	1.0	1.5	1.0		0.5	246.89990754024691	246.8998128727051	247.95240228024795	246.63030117024664	246.63143439024662	246.77717498000047	
246.77717498000047	3.570999999999998	WheelMovementIntervals													-1.7371932628849898
248.94563628024895	3.773045342560323	trials	1.0	1.0	1.5	0.25		0.5	251.16834732025117	251.1682618124842	252.21860895025222	250.93017114025093	250.93107105025092	250.96317498000047	
250.96317498000047	0.36099999999999	WheelMovementIntervals													-0.4641719684087917
251.72517498000047	1.1599999999999966	WheelMovementIntervals													0.25003548916726004
253.13108436025314	2.271329932119187	trials	1.0	1.0	1.5	1.0		0.5	253.83618051025383	253.83609303023366	254.9023738802549	253.63020111025364	253.63103436025364	253.75617498000048	
253.75617498000048	0.47800000000000864	WheelMovementIntervals													-1.0643544790818495
254.75317498000047	0.23799999999999955	WheelMovementIntervals													0.09750863884836036
255.48217498000048	0.37999999999999545	WheelMovementIntervals													-0.0854336868445067
255.8023172102558	2.6166298092153397	trials	-1.0	1.0	1.5		1.0	0.5	256.8493458302569	256.84922833669674	257.9188388702579	256.61386938025663	256.6146693002566	256.72417498000044	
256.72417498000044	0.5860000000000127	WheelMovementIntervals													0.7209623242738985
258.81514923025884	2.5703328816347266	trials	1.0	1.0	1.5	1.0		0.5	259.8154825202598	259.8153612474502	260.8854088502609	259.5801060602596	259.5813392702596	259.72217498000043	
259.72217498000043	0.18900000000002137	WheelMovementIntervals													-0.4929986667934152
260.71217498000044	0.8029999999999973	WheelMovementIntervals													0.3052327264283221
261.7906849802618	3.972657774103709	trials	1.0	1.0	1.5	0.125		0.5	264.1949112002642	264.1948187330824	265.2633043502653	263.98006602026396	263.980965930264	264.10917498000043	
262.14117498000047	0.4919999999999618	WheelMovementIntervals													0.0486088501758104
263.06817498000044	0.1570000000000391	WheelMovementIntervals													0.0893375642906662
264.10917498000043	0.1560000000000059	WheelMovementIntervals													-0.44473672905521155
265.05617498000043	0.5640000000000214	WheelMovementIntervals													0.21452320583114215
266.1747465302662	2.4387447576946215	trials	-1.0	1.0	1.5		0.25	0.5	267.06045795026705	267.0603620574665	268.1134526402681	266.76845382026676	266.76962037026675	266.81817498000044	
266.81817498000044	0.6100000000000136	WheelMovementIntervals													0.6196375036764579
268.0491749800005	0.6579999999999586	WheelMovementIntervals													0.18935586287511796
269.01059625026903	2.9747268536575575	trials	-1.0	1.0	1.5		0.0	0.5	270.4258213802704	270.42570807344015	271.48521543027147	269.68552875026967	269.6865953102697	269.6071749800005	
269.0591749800005	0.21199999999998909	WheelMovementIntervals													0.01249405694274941
269.6071749800005	0.9799999999999613	WheelMovementIntervals													0.40718201701074364
272.3942245202724	2.524553201446679	trials	1.0	1.0	1.5	0.25		0.5	273.3524620202734	273.352344331794	274.4186887202744	273.01322928027304	273.014229180273	273.2031749800005	
273.2031749800005	0.5360000000000014	WheelMovementIntervals													-0.8788500949312201
275.4240881702754	2.889234153472387	trials	1.0	1.0	1.5	0.0625		0.5	276.75648825027673	276.7564034583676	277.81321590027784	276.1799125802762	276.1808791502762	276.3471749800005	
276.3471749800005	0.575999999999965	WheelMovementIntervals													-0.38597941625057786
277.4311749800005	0.5539999999999736	WheelMovementIntervals													0.12344659737265573
278.7130259102787	2.438814318134689	trials	-1.0	1.0	1.5		0.25	0.5	279.5857386302796	279.5856310332918	280.65173202028063	279.36869367027936	279.3695269202794	279.36317498000045	
279.36317498000045	0.8230000000000359	WheelMovementIntervals													1.0302369238237148
281.55584160028155	2.540635638184199	trials	-1.0	1.0	1.5		0.0625	0.5	282.53477703028256	282.53465455982996	283.5964708502836	282.1967775002822	282.1978440602822	282.3421749800005	
282.3421749800005	0.5059999999999718	WheelMovementIntervals													0.44100404395705795
284.4991805702845	3.530567082965092	trials	-1.0	1.0	1.5		0.25	0.5	286.4758162202865	286.4757170060323	287.5297108202875	285.0853552802851	285.0861552002851	285.41317498000046	
285.41317498000046	0.6589999999999918	WheelMovementIntervals													0.2631934171056898
286.2901749800005	0.7599999999999909	WheelMovementIntervals													0.5681498442899802
287.68217498000047	0.8439999999999941	WheelMovementIntervals													-0.03656530338604469
288.43915320028844	3.3458241269785844	trials	1.0	-1.0	0.0		0.0	0.5	289.2338070602892	289.2328584493088	291.28493526029126	288.98539857028896	288.986465130289	288.9841749800005	
288.9841749800005	1.0699999999999932	WheelMovementIntervals													-0.39439439994426806
292.1906780102922	2.910361309724067	trials	-1.0	1.0	1.5		0.125	0.5	293.55620811029354	293.55610583609763	294.6009702902946	293.3298974102933	293.33079732029336	293.4101749800005	
293.4101749800005	0.799000000000035	WheelMovementIntervals													0.37161177241896937
295.1811749800005	0.21699999999998454	WheelMovementIntervals													0.024452425579585935
295.5132457202955	2.321325823105383	trials	1.0	1.0	1.5	0.125		0.5	296.2922344802963	296.2921537140063	297.3344635802973	296.0462924102961	296.04709233029604	296.2101749800005	
296.2101749800005	0.7540000000000191	WheelMovementIntervals													-1.949686498711685
298.23377364029824	2.451042106996738	trials	1.0	1.0	1.5	0.25		0.5	299.13828318029914	299.13818843945705	300.1847451903002	298.86301071029885	298.8640772702989	298.99217498000047	
298.99217498000047	0.37100000000003774	WheelMovementIntervals													-0.428143735298665
299.82417498000046	0.7070000000000505	WheelMovementIntervals													0.2244720242864382
301.0981205103011	2.2817290091882683	trials	-1.0	1.0	1.5		1.0	0.5	301.82101488030185	301.82092906630066	302.87977566030287	301.5794723703016	301.58040561030157	301.5641749800005	
301.5641749800005	0.5520000000000209	WheelMovementIntervals													0.41466348528002683
303.7803522603038	3.099345483011348	trials	-1.0	1.0	1.5		0.0625	0.5	305.3216647803053	305.3215738832425	306.37965897030637	304.5185784303045	304.51971165030454	304.7371749800005	
304.7371749800005	0.7830000000000155	WheelMovementIntervals													0.43704656713935464
307.2879014703073	2.3249252115156196	trials	1.0	1.0	1.5	0.0		0.5	308.04939198030803	308.0493090720247	309.1127523003091	307.7843851503078	307.7853517203078	307.9391749800005	
307.9391749800005	0.5	WheelMovementIntervals													-0.9306497318861986
310.01532870031	3.4141460785223785	trials	1.0	-1.0	0.0		0.0	0.5	310.87234299031087	310.87133975188823	312.92937060031295	310.5674734803106	310.56834006031056	310.6631749800005	
310.6631749800005	0.6730000000000018	WheelMovementIntervals													-1.0654814036916704
313.84397913031387	4.935561208852732	trials	-1.0	-1.0	0.0	0.0625		0.5	316.2196415403162	316.21870809960444	318.2794688703183	315.7016266803157	315.70265991031573	315.8041749800005	
314.2421749800005	0.7059999999999604	WheelMovementIntervals													0.6046375516650855
315.8041749800005	1.0649999999999977	WheelMovementIntervals													1.4643748325015515
318.6341749800005	0.07999999999998408	WheelMovementIntervals													-0.032740280965093405
319.1911443603192	2.310225671153546	trials	-1.0	1.0	1.5		1.0	0.5	319.9452689403199	319.945152412454	321.001263330321	319.75145499031976	319.75228824031973	319.85017498000053	
319.85017498000053	0.84699999999998	WheelMovementIntervals													1.2974140973516342
321.10717498000054	0.9239999999999782	WheelMovementIntervals													0.06620883937402411
321.9104724003219	3.5523642529688004	trials	1.0	1.0	1.5	1.0		0.5	323.9015066103239	323.9014072902146	324.96273381032495	323.6792955003237	323.6802620703237	323.80417498000054	
322.5681749800005	0.5860000000000127	WheelMovementIntervals													-1.1924323382753848
323.80417498000054	0.28199999999998226	WheelMovementIntervals													-0.5027760385060347
325.29217498000054	0.05099999999998772	WheelMovementIntervals													0.006580026244449755
325.8809419803259	2.4371144327150773	trials	-1.0	1.0	1.5		1.0	0.5	326.7577542903268	326.75764645275314	327.8180149203278	326.5344099603265	326.53524321032654	326.63817498000054	
326.63817498000054	0.5879999999999654	WheelMovementIntervals													0.7761249454595429
328.73505654032874	3.2776580232241486	trials	1.0	1.0	1.5	0.0625		0.5	330.4640836203305	330.4639860919803	331.5126120903315	330.0958204503301	330.0969203403301	330.09017498000054	
328.83817498000053	0.478999999999985	WheelMovementIntervals													0.03850544072299655
330.09017498000054	0.7139999999999986	WheelMovementIntervals													-0.6883304593154946
331.1271749800005	0.7649999999999864	WheelMovementIntervals													-0.2631721207734934
332.4351749800005	0.8260000000000218	WheelMovementIntervals													0.20219914536081518
332.4355197903324	6.398579552785463	trials	-1.0	1.0	1.5		0.125	0.5	337.2708695403373	337.270778395179	338.33402988033833	337.0510581903371	337.05185811033704	336.95117498000053	
334.2551749800005	0.3919999999999959	WheelMovementIntervals													0.04819773218557799
335.32617498000053	0.9869999999999663	WheelMovementIntervals													-0.5521059601735132
336.95117498000053	0.5380000000000109	WheelMovementIntervals													0.4775157721731027
337.91017498000053	0.19400000000001683	WheelMovementIntervals													0.0334600941873795
339.27280266033927	2.2613465924878255	trials	1.0	1.0	1.5	0.25		0.5	339.98143179033997	339.98131663183784	341.034059850341	339.72912369033975	339.7301902503397	339.8801749800005	
339.8801749800005	0.20500000000004093	WheelMovementIntervals													-0.3280205766689548
340.7881749800005	0.45400000000000773	WheelMovementIntervals													0.061517511765110555
342.05685756034205	3.310426165271849	trials	1.0	1.0	1.5	0.25		0.5	343.8006498303438	343.80057028900296	344.86720983034485	343.54587531034355	343.54680855034354	343.48417498000055	
342.4041749800005	0.05299999999999727	WheelMovementIntervals													0.013718279452273663
342.6661749800005	0.1220000000000141	WheelMovementIntervals													0.008589753650827703
343.48417498000055	0.7919999999999732	WheelMovementIntervals													-1.329924541554547
345.7843847703458	2.3113248057291003	trials	1.0	1.0	1.5	1.0		0.5	346.51911129034653	346.5189920186797	347.5956369603476	346.2957003003463	346.2968001903463	346.42217498000053	
346.42217498000053	1.2769999999999868	WheelMovementIntervals													-2.5552910436867577
348.51471171034854	2.46994017619312	trials	1.0	1.0	1.5	1.0		0.5	349.42355415034945	349.4234257557263	350.4845480403505	349.2174414303492	349.2184413303492	349.33217498000056	
349.33217498000056	1.0049999999999955	WheelMovementIntervals													-2.0987339917331944
351.4015563303514	2.294226459528545	trials	1.0	1.0	1.5	0.0		0.5	352.1333831403521	352.1332641313371	353.1956769003532	351.91247190035193	351.91343847035193	352.03217498000055	
352.03217498000055	0.5960000000000036	WheelMovementIntervals													-1.3666391689318047
354.11228523035413	2.4218438504180426	trials	1.0	1.0	1.5	0.0625		0.5	354.971299320355	354.9712000727418	356.034093030356	354.75092136035477	354.75182127035475	354.86117498000056	
354.86117498000056	1.3220000000000027	WheelMovementIntervals													-3.711115708933228
356.95423434035695	2.3915473613731706	trials	1.0	1.0	1.5	0.0		0.8	357.7897507803578	357.7896501860017	358.84571184035883	357.5121118803575	357.5130784503575	357.68517498000057	
357.68517498000057	0.6099999999999568	WheelMovementIntervals													-1.1591290334976065
359.7558874803598	4.261030322456179	trials	-1.0	1.0	1.5		1.0	0.8	362.45731731036244	362.457205435632	363.51687801036354	360.33412965036035	360.33506289036035	360.4201749800005	
360.4201749800005	2.3880000000000337	WheelMovementIntervals													0.43484406336833814
363.92117498000056	1.2479999999999905	WheelMovementIntervals													-0.580630933392726
364.44381864036444	2.8682640639827923	trials	1.0	1.0	1.5	1.0		0.8	365.75535414036574	365.7552470172734	366.81204846036684	365.57870514036557	365.5797050403656	365.6581749800005	
365.6581749800005	0.36800000000005184	WheelMovementIntervals													-0.7315086346698436
366.97517498000053	0.15800000000001546	WheelMovementIntervals													-0.007826863568304532
367.7319897903677	2.3803200466919066	trials	1.0	1.0	1.5	1.0		0.8	368.5613735103686	368.56129607785624	369.6122017503696	368.33352963036833	368.33436288036836	368.45817498000054	
368.45817498000054	1.3380000000000223	WheelMovementIntervals													-2.037131920854087
370.5203109303705	2.425143089148719	trials	1.0	1.0	1.5	0.125		0.8	371.3828246703714	371.38272554224324	372.44541840037243	371.1005195703711	371.10165279037113	371.21417498000056	
371.21417498000056	0.8569999999999709	WheelMovementIntervals													-1.5548847158719
372.57517498000055	0.17500000000001137	WheelMovementIntervals													0.010846363566869854
373.3704592203734	2.2801174360371306	trials	-1.0	1.0	1.5		1.0	0.8	374.0886540603741	374.08856408183055	375.1505145303752	373.8838745403739	373.8849744303739	373.9901749800006	
373.9901749800006	0.26099999999996726	WheelMovementIntervals													0.5637865390601107
376.17997824037616	2.5036372540366756	trials	1.0	1.0	1.5	0.125		0.8	377.1197842503771	377.1196914725985	378.1835778603782	376.84517838037686	376.84631160037685	377.0261749800006	
377.0261749800006	0.6239999999999668	WheelMovementIntervals													-1.593230270876198
378.89517498000055	0.4560000000000173	WheelMovementIntervals													0.15233640476390065
379.1016193803791	2.599030368477031	trials	1.0	1.0	1.5	1.0		0.8	380.14034883038016	380.140230716846	381.2006094603812	380.04522501038	380.04632490038006	380.0041749800006	
380.0041749800006	0.450999999999965	WheelMovementIntervals													-0.9259504986765421
382.1066521803821	2.638654109196466	trials	1.0	1.0	1.5	0.0		0.8	383.1927768903832	383.1926740391578	384.24520497038424	382.74518832038274	382.74625488038276	382.90617498000057	
382.90617498000057	0.5	WheelMovementIntervals													-0.5664828609252766
385.1587136103852	2.3532213850068615	trials	1.0	1.0	1.5	1.0		0.8	385.961799960386	385.96172022527014	387.01186161038703	385.75028778038575	385.75125435038575	385.8551749800006	
385.8551749800006	1.0600000000000023	WheelMovementIntervals													-2.2551721616374962
387.9301364403879	3.554064798873867	trials	1.0	-1.0	0.0		0.0	0.8	388.9212373203889	388.9203539371268	390.984164340391	388.6335660903886	388.63456599038864	388.5351749800006	
388.5351749800006	0.8290000000000077	WheelMovementIntervals													-1.292384786081918
390.77417498000057	0.3860000000000241	WheelMovementIntervals													0.14682039040167183
391.8957065103919	2.7882409609825913	trials	1.0	1.0	1.5	0.0		0.8	393.1151178903931	393.1150235482988	394.18387767039417	392.9117049003929	392.9125381503929	393.0041749800006	
391.89917498000057	0.33600000000001273	WheelMovementIntervals													0.1657654177446375
393.0041749800006	0.5929999999999609	WheelMovementIntervals													-1.2606031290080608
395.11255146039514	2.399217723672791	trials	1.0	1.0	1.5	0.0		0.8	395.952334140396	395.9522569635449	397.01172819039704	395.7117582003957	395.71285809039574	395.82717498000056	
395.82717498000056	0.40399999999999636	WheelMovementIntervals													-0.7232917657686286
397.92776991039796	3.3391515002990104	trials	1.0	-1.0	0.0		0.25	0.8	398.7014925303987	398.700581366721	400.7668859704008	398.4832143603985	398.4841809303985	398.6091749800006	
398.6091749800006	0.6599999999999682	WheelMovementIntervals													-1.2758538441809009
401.7013258504017	3.949057483860429	trials	1.0	1.0	1.5	0.0625		0.8	404.0755550704041	404.0754592067365	405.1502475904052	403.3615598104034	403.3624930504034	403.4891749800006	
402.0861749800006	0.5649999999999977	WheelMovementIntervals													-1.4870071054980585
403.4891749800006	1.6030000000000086	WheelMovementIntervals													-2.5866589185128745
406.0849874404061	2.293425806622224	trials	1.0	1.0	1.5	0.25		0.8	406.82118048040684	406.8210950814802	407.8783747504079	406.5615731104066	406.56247302040657	406.7051749800006	
406.7051749800006	0.5709999999999695	WheelMovementIntervals													-1.1988648259877763
408.8026156504088	2.713834248606588	trials	-1.0	1.0	1.5		1.0	0.8	409.94543469040997	409.94532922932234	411.016394250411	409.3664925904094	409.3674258304094	409.5761749800006	
409.5761749800006	0.521000000000015	WheelMovementIntervals													0.41065592104005333
410.4651749800006	0.19299999999998363	WheelMovementIntervals													0.01724435469996166
410.9821749800006	0.2869999999999777	WheelMovementIntervals													-0.05818108915137543
412.0795545904121	2.4705396233777606	trials	-1.0	1.0	1.5		0.25	0.8	412.987563780413	412.987468416859	414.05002419041404	412.74478806041276	412.74575463041276	412.8731749800006	
412.8731749800006	0.5079999999999814	WheelMovementIntervals													0.7317326315954347
414.97209864041497	2.5615316425306105	trials	-1.0	1.0	1.5		0.125	0.8	415.965599280416	415.96551013636144	417.03359247041703	415.72825635041573	415.72905627041575	415.6721749800006	
415.6721749800006	0.9390000000000214	WheelMovementIntervals													1.3817141440050804
417.3261749800006	1.3380000000000223	WheelMovementIntervals													-2.193564144186894
417.95943321041796	2.973553730157562	trials	1.0	1.0	1.5	0.125		0.8	419.3729585104194	419.3728577994059	420.43288584042045	419.16137967041914	419.16237957041915	419.14417498000057	
419.14417498000057	0.9660000000000082	WheelMovementIntervals													-1.9079553175201838
421.3663924804214	3.0334174505142073	trials	1.0	1.0	1.5	0.0		0.8	422.8430114704228	422.8429004876661	423.8997724504239	422.1112513204221	422.1123512104221	422.3191749800006	
421.5161749800006	0.07699999999999818	WheelMovementIntervals													0.010750399411932676
422.3191749800006	2.7860000000000014	WheelMovementIntervals													-3.333218558624047
424.84411134042483	2.6004582892711596	trials	1.0	1.0	1.5	0.0625		0.8	425.9017389004259	425.9016342314641	426.94446795042694	425.6947262704257	425.6956595104257	425.81717498000063	
425.81717498000063	0.2109999999999559	WheelMovementIntervals													-0.5364578563359998
427.85807658042785	2.319623412102942	trials	1.0	1.0	1.5	0.0625		0.8	428.6338656604286	428.63378374086665	429.67766127042967	428.41628742042843	428.4173206504284	428.5381749800006	
428.5381749800006	0.9900000000000091	WheelMovementIntervals													-2.893522943789222
430.5771749800006	0.16599999999999682	WheelMovementIntervals													-0.04960918916691526
430.6043019304306	3.5737315003443086	trials	1.0	-1.0	0.0		0.0625	0.8	431.62963272043163	431.62881038751595	433.6779612004337	431.4159874204314	431.4169539904314	431.5411749800006	
431.5411749800006	0.9979999999999905	WheelMovementIntervals													-2.579009197661847
432.9771749800006	0.16300000000001091	WheelMovementIntervals													0.015251552164542659
434.3421749800006	0.5600000000000023	WheelMovementIntervals													-0.42711237563277393
434.6068349704346	2.625954770930207	trials	1.0	1.0	1.5	1.0		0.8	435.6881601604357	435.68805669856073	436.73268903043675	435.4994457004355	435.50027895043553	435.5531749800006	
435.5531749800006	0.5289999999999964	WheelMovementIntervals													-1.0403422640643498
437.65969632043766	4.456843416956474	trials	1.0	-1.0	0.0		0.0625	0.2	439.5759380104396	439.57511369043095	441.6165006004416	438.1945428304382	438.1956093904382	438.4071749800006	
438.4071749800006	1.766999999999996	WheelMovementIntervals													-1.028141887496048
440.8381749800006	0.6250000000000568	WheelMovementIntervals													-0.9509871946231527
442.54914066044256	2.411843996470111	trials	1.0	1.0	1.5	0.25		0.2	443.4057549904434	443.40565557459246	444.46091613044445	443.22790611044326	443.2289060104432	443.3341749800006	
443.3341749800006	1.231999999999971	WheelMovementIntervals													-4.405321560971885
445.3878900904454	3.427544250669712	trials	1.0	-1.0	0.0		0.0625	0.2	446.25153705044625	446.25060072491124	448.31533065044835	446.03339220044603	446.03422545044606	446.15817498000064	
446.15817498000064	0.6659999999999968	WheelMovementIntervals													-1.398964726103756
449.24533764044924	2.453940115482567	trials	1.0	1.0	1.5	1.0		0.2	450.1294492204501	450.1293513712692	451.1992089004512	449.92746942044994	449.9285359804499	450.06217498000063	
450.06217498000063	1.464999999999975	WheelMovementIntervals													-3.3549408275848833
452.1302824504521	2.5523315932721857	trials	-1.0	1.0	1.5		1.0	0.2	453.1144840204531	453.1143938608335	454.1825438704542	452.6609960404527	452.66182929045266	452.63917498000063	
452.63917498000063	1.2160000000000082	WheelMovementIntervals													0.3575725492763411
455.1170170804551	2.5484315099704986	trials	-1.0	1.0	1.5		0.0625	0.2	456.0983189404561	456.0982284425491	457.1653788904572	455.7942160204558	455.7951492604558	455.9601749800006	
455.9601749800006	0.660000000000025	WheelMovementIntervals													1.175504468655788
458.1041516704581	3.289956224394814	trials	-1.0	1.0	1.5		1.0	0.2	459.84167790045984	459.8415803064064	460.8940726504609	458.6109343204586	458.6118009004586	458.7821749800006	
458.7821749800006	2.507000000000005	WheelMovementIntervals													-1.5739626912303777
461.8240129804618	4.103643423693484	trials	1.0	-1.0	0.0		0.0625	0.2	463.3730913904634	463.3722286087226	465.42761925046545	462.48298041046246	462.4837803304625	462.82817498000065	
462.82817498000065	0.992999999999995	WheelMovementIntervals													-0.46998886741553747
464.82317498000066	0.5609999999999786	WheelMovementIntervals													0.198571196516113
466.17417498000066	0.26900000000000546	WheelMovementIntervals													-0.02680899221249433
466.3651588204664	2.4290416483545982	trials	-1.0	1.0	1.5		0.0	0.2	467.23727160046724	467.23717305403443	468.2941659004683	466.96613205046697	466.96709862046697	467.1081749800006	
467.1081749800006	0.9770000000000323	WheelMovementIntervals													0.6489965043495545
468.3511749800006	0.4159999999999968	WheelMovementIntervals													-0.11171742910019589
469.23050559046925	3.501637113833624	trials	-1.0	1.0	1.5		1.0	0.2	471.17724423047116	471.1771251108455	472.23203874047226	470.981763780471	470.982730350471	471.08617498000064	
469.41517498000064	0.8550000000000182	WheelMovementIntervals													-0.2571498943660657
471.08617498000064	0.49900000000002365	WheelMovementIntervals													1.159329599790965
473.16854508047317	3.6422538607656634	trials	1.0	-1.0	0.0		0.0625	0.2	474.2597026204743	474.2587606036667	476.3107641604763	474.06075585047404	474.06172242047404	474.14517498000066	
473.24217498000064	0.17300000000000182	WheelMovementIntervals													0.026483682665059405
474.14517498000066	0.7740000000000009	WheelMovementIntervals													-1.4747285775130763
475.63817498000066	6.175000000000011	WheelMovementIntervals													-9.98029948726348
477.25320324047726	6.979282906370429	trials	-1.0	1.0	1.5		0.0625	0.2	482.6753943004827	482.6752660949899	483.7324552504837	482.44911693048243	482.44998351048247	482.4831749800006	
482.4831749800006	1.6800000000000068	WheelMovementIntervals													0.4134547669364963
484.7201898004847	2.4783365884487694	trials	-1.0	1.0	1.5		0.0	0.2	485.64613053048566	485.64600272142246	486.6984586204867	485.3605924204854	485.3616256504854	485.46617498000063	
485.46617498000063	0.6680000000000064	WheelMovementIntervals													0.4649478887261438
486.6131749800007	0.1099999999999568	WheelMovementIntervals													0.003664355996221502
487.64503062048766	3.6204562409088794	trials	-1.0	1.0	1.5		1.0	0.2	489.7030581304897	489.7029614519717	490.7654185504908	489.02712573048905	489.027958980489	489.1441749800007	
487.93417498000065	0.5430000000000064	WheelMovementIntervals													0.07848311611364522
489.1441749800007	1.9590000000000032	WheelMovementIntervals													0.2961023582815727
491.7032914204917	2.962154258041039	trials	-1.0	1.0	1.5		0.25	0.2	493.0994184604931	493.0993160490242	494.1653451904942	492.81041403049284	492.8112472804928	492.90517498000065	
491.87917498000064	0.22800000000000864	WheelMovementIntervals													-0.11278207608059176
492.90517498000065	0.5559999999999832	WheelMovementIntervals													0.5702114642628544
495.1031514004951	3.357148847393603	trials	1.0	-1.0	0.0		0.0	0.2	495.9025714504959	495.90156254193766	497.96019900049794	495.6268990204956	495.62796558049564	495.8001749800007	
495.8001749800007	0.5509999999999877	WheelMovementIntervals													-0.8754666771208122
498.9055044604989	2.688333838547294	trials	-1.0	1.0	1.5		0.125	0.2	500.03739126050004	500.0373182858361	501.0937189505011	499.48161351049947	499.48254675049947	499.60017498000065	
499.60017498000065	0.48500000000001364	WheelMovementIntervals													0.3418662051059016
502.1727443705022	3.2925265566543658	trials	-1.0	1.0	1.5		0.125	0.2	503.9032713005039	503.90315727644264	504.965198430505	502.83131184050285	502.83221175050284	503.0571749800007	
503.0571749800007	1.1499999999999773	WheelMovementIntervals													0.5656732907561235
505.8947721305059	2.3372492599735324	trials	1.0	1.0	1.5	0.0625		0.2	506.6684947505067	506.66838777327683	507.73192173050774	506.42668560050646	506.42785215050645	506.58317498000065	
506.58317498000065	0.6020000000000323	WheelMovementIntervals													-1.5340889576916936
508.6672281905087	2.6764211171598618	trials	-1.0	1.0	1.5		0.25	0.2	509.7920157005098	509.79193622408127	510.8435772005108	509.32689555050933	509.32782879050933	509.58317498000065	
509.58317498000065	0.4700000000000273	WheelMovementIntervals													0.5204599997674961
511.7780504105118	2.903358878470385	trials	-1.0	1.0	1.5		1.0	0.2	513.1143834305132	513.1142765879513	514.1813433905141	512.2651350305123	512.2661349305123	512.4861749800007	
512.4861749800007	1.879000000000019	WheelMovementIntervals													1.8123410059886282
515.1225159305151	2.4877357151789283	trials	1.0	1.0	1.5	1.0		0.2	516.0565225205161	516.0564285874192	517.1101504805171	515.8100805005158	515.8111137305158	515.9561749800007	
515.9561749800007	0.38199999999994816	WheelMovementIntervals													-0.39680408313628845
518.0577557105181	3.4406407108616577	trials	1.0	-1.0	0.0		0.125	0.2	518.9427672005189	518.9417656565688	520.998294960521	518.6656949105187	518.6667614705186	518.8371749800007	
518.8371749800007	0.46500000000003183	WheelMovementIntervals													-1.1789740951348335
520.4021749800007	0.5659999999999172	WheelMovementIntervals													0.30539179370427405
521.7921749800007	0.4329999999999927	WheelMovementIntervals													-0.35675331884598904
521.952499530522	2.907527488517303	trials	-1.0	1.0	1.5		0.25	0.2	523.3051975805233	523.3051113880438	524.3599254305244	523.076520450523	523.0774203605231	523.1871749800007	
523.1871749800007	0.7100000000000364	WheelMovementIntervals													1.0875650582168106
525.3233290805254	18.891555487273195	trials	1.0	-1.0	0.0		0.0625	0.2	541.6619950505417	541.6611483017138	543.7147897505437	525.8650082405259	525.8660414705258	526.3551749800007	
526.3551749800007	1.9669999999999845	WheelMovementIntervals													0.2507554881872238
531.0171749800007	0.38599999999996726	WheelMovementIntervals													-0.12498417693784347
533.5661749800007	0.5190000000000055	WheelMovementIntervals													0.10415773262485573
539.9251749800007	0.3489999999999327	WheelMovementIntervals													-0.01891778916346709
541.4861749800007	2.4180000000000064	WheelMovementIntervals													-4.431552380553754
544.7188893305447	3.562960365695062	trials	1.0	-1.0	0.0		0.0625	0.2	545.7259219505457	545.7250058119763	547.7817163505478	545.4265185605454	545.4276184505454	545.6091749800007	
545.6091749800007	0.8170000000000073	WheelMovementIntervals													-0.4560702167743642
548.7283550105487	2.9195276125568626	trials	-1.0	1.0	1.5		1.0	0.2	550.0993512305502	550.0992670373445	551.1478130405511	549.90943689055	549.9105701105499	550.0131749800007	
548.8271749800007	0.11200000000008004	WheelMovementIntervals													0.01480436913428207
550.0131749800007	2.6970000000000027	WheelMovementIntervals													0.4677820726758455
552.0989845805522	3.0154481821487025	trials	1.0	1.0	1.5	1.0		0.2	553.5483063005536	553.5482067756592	554.6143996805546	553.3427601905533	553.3435601105533	553.4341749800008	
553.4341749800008	2.5720000000000027	WheelMovementIntervals													-1.4398077126409845
555.5674377005556	2.7640414869764527	trials	-1.0	1.0	1.5		0.125	0.2	556.7653512305568	556.7652548125188	557.8314112805579	556.5261751505566	556.5272083805565	556.6651749800008	
556.6651749800008	0.39799999999991087	WheelMovementIntervals													0.5603762545836304
557.3221749800007	0.8960000000000719	WheelMovementIntervals													0.1384102334922659
558.7754835305587	3.622140212754971	trials	-1.0	-1.0	0.0	0.0625		0.2	559.8471763505598	559.8462948273742	561.8975712905619	559.3927551305594	559.3935217205594	559.5201749800008	
559.5201749800008	0.5839999999999463	WheelMovementIntervals													0.318455678832791
561.1751749800007	0.3389999999999418	WheelMovementIntervals													0.0716307453050149
562.996428060563	2.663221961563181	trials	-1.0	1.0	1.5		0.25	0.2	564.1112499005641	564.1111364156012	565.1595450605652	563.6261317505637	563.6275316105637	563.7301749800007	
563.7301749800007	0.69500000000005	WheelMovementIntervals													0.4439473902201172
566.0970513005661	2.2622556684123083	trials	1.0	1.0	1.5	1.0		0.2	566.8146795305668	566.8145683225146	567.8592750605678	566.5639712705665	566.5648045205666	566.7091749800007	
566.7091749800007	0.3089999999999691	WheelMovementIntervals													-0.5687923710131173
567.8081749800007	0.48300000000006094	WheelMovementIntervals													-0.14301720941369922
568.7910152105688	2.790538501510923	trials	-1.0	1.0	1.5		0.25	0.2	570.01542609057	570.0153312251783	571.0814861405711	569.7808495505698	569.7817827905698	569.8931749800007	
569.0621749800007	0.24300000000005184	WheelMovementIntervals													0.12233346004558143
569.8931749800007	1.7530000000000427	WheelMovementIntervals													0.9036387781308548
572.033257620572	2.542831132023821	trials	-1.0	1.0	1.5		0.125	0.2	573.0283581005731	573.028269019951	574.0759866605741	572.5594716605725	572.5604382305726	572.6691749800008	
572.6691749800008	1.6680000000000064	WheelMovementIntervals													0.5291591839623777
575.023691880575	2.485535176657436	trials	-1.0	1.0	1.5		1.0	0.2	575.963297910576	575.9632044210878	577.0091266505771	575.5811694605756	575.5821027005755	575.6931749800008	
575.6931749800008	0.7129999999999654	WheelMovementIntervals													0.3186283230522662
576.6841749800008	0.6209999999999809	WheelMovementIntervals													-0.1309762306213429
577.964231130578	4.816867546019012	trials	-1.0	1.0	1.5		0.25	0.2	581.2113730505812	581.2112753150647	582.2809994105822	581.014726050581	581.015725950581	581.0711749800007	
578.0111749800008	0.10399999999992815	WheelMovementIntervals													-0.038645194655870796
578.3501749800007	0.3129999999999882	WheelMovementIntervals													-0.09477282501202922
579.1921749800007	0.9790000000000418	WheelMovementIntervals													-0.126289088597332
581.0711749800007	0.31900000000007367	WheelMovementIntervals													0.3857461212120228
583.2451029905833	5.7190771483427625	trials	-1.0	1.0	1.5		0.125	0.2	587.3943546905874	587.3942575102335	588.4641477005885	583.975596600584	583.976696490584	584.1761749800007	
584.1761749800007	1.2480000000000473	WheelMovementIntervals													0.13602085277277354
587.1251749800008	1.183999999999969	WheelMovementIntervals													0.5798508061650125
589.4315842805894	2.516131389935481	trials	1.0	1.0	1.5	0.0625		0.2	590.3750899205904	590.3749953002003	591.4476159905914	590.0424898505901	590.0433231005901	590.3101749800007	
590.3101749800007	0.4110000000000582	WheelMovementIntervals													-1.403186539938659
592.4160191405924	2.742942569429033	trials	-1.0	1.0	1.5		0.25	0.2	593.6039336705936	593.6038367089809	594.6588948305947	593.0759531405931	593.0769863705931	593.2721749800007	
593.2721749800007	0.7169999999999845	WheelMovementIntervals													0.5635459575354247
595.0541749800008	0.48299999999994725	WheelMovementIntervals													-0.9263526324858589
595.6099663805957	2.28242355079351	trials	-1.0	1.0	1.5		0.0625	0.2	596.3360604305964	596.3359732356002	597.3922881305974	596.1308476205961	596.1316142105961	596.1451749800008	
596.1451749800008	1.6639999999999873	WheelMovementIntervals													0.47074661663832273
598.3508922605984	2.4916353061108794	trials	1.0	1.0	1.5	0.25		0.2	599.2931980205993	599.2931048553136	600.3424597506004	599.0806192805991	599.0816191805991	599.0851749800007	
599.0851749800007	0.29100000000005366	WheelMovementIntervals													-0.590399071552838
601.2909315606013	3.101240912290791	trials	1.0	1.0	1.5	0.25		0.2	602.8468426206028	602.8467510819811	603.8921380806039	602.6472292506027	602.6482624806026	602.7741749800008	
601.6451749800008	0.4209999999999354	WheelMovementIntervals													0.0557228838147239
602.7741749800008	0.65300000000002	WheelMovementIntervals													-2.0127791560747426
604.0391749800008	0.5570000000000164	WheelMovementIntervals													-0.28982216251009163
604.8446761506049	10.064036948240982	trials	1.0	-1.0	0.0		0.0	0.2	612.3598578906124	612.3590769108833	614.4086529906144	608.8469758806089	608.8478757906089	611.2351749800008	
604.9631749800008	0.5069999999999482	WheelMovementIntervals													-0.2029079989430187
605.8411749800008	2.259999999999991	WheelMovementIntervals													-5.080993688231558
609.0571749800008	0.05199999999990723	WheelMovementIntervals													-0.013699170535829808
611.2351749800008	4.447999999999979	WheelMovementIntervals													-1.6188408375715113
615.4249180206155	3.8390338817910106	trials	1.0	-1.0	0.0		0.0625	0.2	616.7148223506167	616.7140287262146	618.7639174206188	616.3473591006164	616.3481590206163	616.3261749800008	
616.3261749800008	3.38900000000001	WheelMovementIntervals													-2.588794697831588
619.7333538006197	2.3586456697410085	trials	1.0	1.0	1.5	1.0		0.2	620.5517719506206	620.5516689515223	621.5919012606216	620.3254612506204	620.3264944806203	620.4081749800008	
620.4081749800008	1.7659999999999627	WheelMovementIntervals													-1.702663579879271
622.5457058706226	4.079641697299621	trials	1.0	-1.0	0.0		0.0	0.2	624.075786180624	624.0747211236268	626.1252478806261	623.2471023906232	623.2481356206232	623.3481749800007	
623.3481749800007	1.1240000000000236	WheelMovementIntervals													-1.5786205211287552
627.0917512206271	2.9716508533509796	trials	-1.0	1.0	1.5		1.0	0.2	628.4876782806285	628.4875741676797	629.5633040406295	627.963597360628	627.9644306106279	628.0491749800008	
627.1861749800008	0.23599999999999	WheelMovementIntervals													0.02464121287526666
628.0491749800008	1.8479999999999563	WheelMovementIntervals													0.34731556246863704
630.5267076906306	3.2985523290738	trials	-1.0	1.0	1.5		0.125	0.2	632.2570346406322	632.2569340903003	633.3252278106334	632.024991180632	632.026124400632	632.1531749800008	
631.0371749800008	0.20499999999992724	WheelMovementIntervals													-0.04265520982438886
632.1531749800008	1.2889999999999873	WheelMovementIntervals													0.3932325361987097
634.2860650506343	2.522531710335329	trials	-1.0	1.0	1.5		1.0	0.2	635.2435692906353	635.2434763270079	636.3084961206363	635.0132923206351	635.014392210635	635.1171749800008	
635.1171749800008	0.5099999999999909	WheelMovementIntervals													0.35443460022482043
636.1191749800008	0.7590000000000146	WheelMovementIntervals													0.15257885191969933
637.2679001706373	2.6625184641027317	trials	-1.0	1.0	1.5		0.25	0.2	638.3665236306384	638.3664069634272	639.4304172306395	637.8638739006378	637.8647071506379	637.9731749800007	
637.9731749800007	1.25100000000009	WheelMovementIntervals													0.3912250332395928
639.4201749800008	0.4230000000000018	WheelMovementIntervals													-0.040100650821187855
640.1871749800008	0.2949999999999591	WheelMovementIntervals													-0.10030314265927132
640.4068195806404	2.440637373009281	trials	-1.0	1.0	1.5		0.25	0.2	641.2853317206412	641.2852326716994	642.3473588406423	641.0916510906411	641.0926843206411	641.1961749800008	
641.1961749800008	0.4700000000000273	WheelMovementIntervals													0.9829868820509091
642.0161749800008	0.48300000000006094	WheelMovementIntervals													-0.17350500297966676
643.3075628106433	2.3508463101554753	trials	-1.0	1.0	1.5		1.0	0.2	644.1004835106442	644.100377754093	645.1583110506451	643.8583077306439	643.8593409606439	643.9611749800008	
643.9611749800008	0.3650000000000091	WheelMovementIntervals													0.2971899390786774
644.6371749800009	0.6849999999999454	WheelMovementIntervals													-0.09994621375923884
646.1120156706461	2.567727304646496	trials	-1.0	1.0	1.5		1.0	0.2	647.1115157106472	647.111425519711	648.1796755506482	646.6634605206467	646.6643271006467	646.7541749800008	
646.7541749800008	0.9089999999999918	WheelMovementIntervals													0.3534318001604788
648.0241749800008	1.6649999999999636	WheelMovementIntervals													-0.3767140538610647
649.1460455706491	3.0169455968527927	trials	-1.0	1.0	1.5		0.25	0.2	650.5974670806506	650.5973665431939	651.6629271906517	650.3749560006504	650.3759559006504	650.4221749800008	
650.4221749800008	0.42999999999995	WheelMovementIntervals													0.3223388060210226
651.4371749800008	0.48099999999999454	WheelMovementIntervals													0.0753362147809753
652.6406960706527	2.3010206498273647	trials	-1.0	1.0	1.5		1.0	0.2	653.3858215506534	653.3857021089444	654.4416492906545	653.1583109706531	653.1592775406532	653.2801749800008	
653.2801749800008	0.44400000000007367	WheelMovementIntervals													0.6794791783585623
655.4155185606554	2.692544347401622	trials	-1.0	1.0	1.5		1.0	0.2	656.5566377706566	656.5565369299653	657.6079659606576	656.1461121606561	656.1469120806562	656.2511749800008	
656.2511749800008	1.9290000000000873	WheelMovementIntervals													2.5559434757983297
658.5734694006586	3.6557506858789566	trials	1.0	1.0	1.5	0.125		0.2	660.6808919706607	660.6807974652418	661.7291204706618	660.4799120706605	660.4808786406605	660.5261749800009	
659.0871749800008	0.19500000000005002	WheelMovementIntervals													0.03108039786852146
659.6471749800008	0.11399999999991905	WheelMovementIntervals													0.015582212053359967
660.5261749800009	0.6589999999999918	WheelMovementIntervals													-0.5734519342119739
661.6151749800008	0.23900000000003274	WheelMovementIntervals													-0.046328921228180775
662.6913242406627	2.42184029721102	trials	-1.0	1.0	1.5		0.25	0.2	663.5551378506635	663.555037542158	664.6130653806646	663.3249275406633	663.3258607806633	663.3521749800008	
663.3521749800008	0.8700000000000045	WheelMovementIntervals													-0.4680999117246074
664.5601749800009	0.2899999999999636	WheelMovementIntervals													0.08532558712910543
665.5795687206656	3.283654040328429	trials	1.0	1.0	1.5	1.0		0.2	667.3136952906673	667.3135956739634	668.3631236706684	667.0913508606671	667.0921841106671	667.0001749800008	
665.9211749800008	0.2619999999999436	WheelMovementIntervals													0.14740681122979993
667.0001749800008	0.7470000000000709	WheelMovementIntervals													-1.0228050711860561
668.0851749800008	0.58299999999997	WheelMovementIntervals													0.07712461297936102
669.3296270106694	2.328629896134771	trials	-1.0	1.0	1.5		1.0	0.2	670.1172149106701	670.1171364447445	671.1582108006712	669.90820248067	669.9091690506699	669.9951749800008	
669.9951749800008	0.35400000000004184	WheelMovementIntervals													0.690870914407455
670.8621749800009	0.6069999999999709	WheelMovementIntervals													0.184749797442052
672.2971635606723	2.8155341542706083	trials	-1.0	1.0	1.5		1.0	0.2	673.5431722806735	673.5430782319175	674.6126653206746	673.063286940673	673.0641201906731	673.1441749800008	
673.1441749800008	0.6100000000000136	WheelMovementIntervals													0.3549632901289499
674.4781749800009	0.45299999999997453	WheelMovementIntervals													-0.1956415297134413
675.5862012906756	2.4430384959147204	trials	-1.0	1.0	1.5		0.25	0.2	676.4744124606765	676.474314557968	677.5291736406775	676.2078724506762	676.2087723606762	676.2861749800009	
675.8981749800008	0.08100000000001728	WheelMovementIntervals													0.01210781864219257
676.2861749800009	0.4940000000000282	WheelMovementIntervals													0.28193390579947675
677.2691749800008	0.4370000000000118	WheelMovementIntervals													0.2854504315354234
678.4860446106785	2.2437260127555874	trials	-1.0	1.0	1.5		0.25	0.2	679.1587440006791	679.1586518090406	680.2297035606803	678.9412657506789	678.942132330679	678.9691749800008	
678.9691749800008	1.4510000000000218	WheelMovementIntervals													0.4117635731556675
681.1957736106812	2.334316873947273	trials	-1.0	1.0	1.5		1.0	0.2	681.9626635806819	681.9625788251512	683.030023500683	681.7244874006817	681.7254206406817	681.8011749800008	
681.8011749800008	0.4109999999999445	WheelMovementIntervals													0.32674010288930333
682.9451749800008	0.5579999999999927	WheelMovementIntervals													-0.14114922982338385
684.004492710684	2.441638059473462	trials	-1.0	1.0	1.5		0.125	0.2	684.8873044206849	684.8872057470827	685.946098530686	684.6743923806847	684.6753922806847	684.6431749800008	
684.6431749800008	0.4410000000000309	WheelMovementIntervals													0.4100542607696127
686.9086356006869	3.4373387783707585	trials	-1.0	1.0	1.5		1.0	0.2	688.7832814506888	688.7831556574221	689.8459751706898	688.5076423506886	688.5087089106885	688.4031749800008	
687.3261749800008	0.25099999999997635	WheelMovementIntervals													0.07410329594230802
688.4031749800008	1.9500000000000455	WheelMovementIntervals													0.7995774979377188
690.8227774806908	4.0514737036228325	trials	-1.0	1.0	1.5		0.25	0.2	693.3163281006933	693.3162216100596	694.3741889706944	692.991293940693	692.992360500693	692.9571749800008	
690.9901749800008	0.73700000000008	WheelMovementIntervals													0.15639980629141803
692.9571749800008	0.8540000000000418	WheelMovementIntervals													0.42486451761502053
694.3031749800008	0.4860000000001037	WheelMovementIntervals													-0.09549344886804079
695.3537576706954	2.808435766385969	trials	1.0	1.0	1.5	0.0625		0.2	696.5956668006966	696.5955726012851	697.6621601406977	696.2463684006963	696.2473349706962	696.2991749800009	
695.5281749800008	0.2420000000000755	WheelMovementIntervals													0.04861707801136106
696.2991749800009	0.5639999999999645	WheelMovementIntervals													-0.5740849171640434
697.3281749800009	0.6279999999999291	WheelMovementIntervals													0.14231112984656136
698.2411749800009	0.19399999999995998	WheelMovementIntervals													-0.051660666342613126
698.6265970206987	2.747639820347331	trials	-1.0	1.0	1.5		0.125	0.2	699.8129117106998	699.8128133485715	700.8742055707008	699.1910405706992	699.1919738106992	699.3061749800008	
699.3061749800008	0.8559999999999945	WheelMovementIntervals													0.3203510549381008
700.6031749800009	0.37999999999999545	WheelMovementIntervals													0.2911451929278712
701.8493413807018	3.358345878240698	trials	-1.0	1.0	1.5		0.25	0.2	703.6580604907036	703.6579650111514	704.7076555207047	703.3131616507034	703.3142948707033	703.4381749800009	
702.2221749800009	0.4399999999999409	WheelMovementIntervals													0.13619247010043978
703.4381749800009	0.5789999999999509	WheelMovementIntervals													0.6050993148423771
705.0761749800008	0.31900000000007367	WheelMovementIntervals													0.106537564224368
705.6815914507057	3.39804174205085	trials	-1.0	1.0	1.5		0.25	0.2	707.5116084307075	707.511512852688	708.5795349607085	707.1459116707072	707.1469115707072	707.2451749800008	
705.8461749800008	0.7240000000000464	WheelMovementIntervals													0.06904196840262955
707.2451749800008	0.4759999999999991	WheelMovementIntervals													0.2845650860842852
708.2741749800009	0.6459999999999582	WheelMovementIntervals													0.027817069506454573
709.5311749800009	1.1760000000000446	WheelMovementIntervals													-0.8049502459029583
709.5608368207096	5.146665864437182	trials	-1.0	1.0	1.5		0.25	0.2	713.1436785007131	713.143581974748	714.2074387807143	712.940732130713	712.941565380713	712.8971749800008	
710.8831749800008	1.4360000000000355	WheelMovementIntervals													-0.305206050250149
712.8971749800008	0.9759999999999991	WheelMovementIntervals													1.5494482258386881
714.3891749800008	0.32000000000005	WheelMovementIntervals													0.07523253404016828
715.1848077007152	6.577686449821385	trials	1.0	1.0	1.5	0.0625		0.8	720.1998728107202	720.1997728494387	721.2624665407212	719.9457648907199	719.9468647807199	720.0951749800008	
715.5851749800008	0.34699999999998	WheelMovementIntervals													0.03515215207211497
716.1441749800009	0.06099999999992178	WheelMovementIntervals													0.0059773256306527855
716.6671749800008	2.7280000000000655	WheelMovementIntervals													0.785090531566567
720.0951749800008	1.975999999999999	WheelMovementIntervals													-1.3645826095532243
722.2643996707222	3.5807545331573465	trials	1.0	1.0	1.5	0.25		0.8	724.2817312507243	724.2816292654455	725.3450249107253	724.0571870407241	724.058153610724	724.1971749800009	
722.6571749800008	0.7810000000000628	WheelMovementIntervals													0.23693580554015625
724.1971749800009	0.5289999999999964	WheelMovementIntervals													-1.5531318017756348
725.0141749800009	0.6219999999999573	WheelMovementIntervals													0.17383872490191266
726.3336593707263	2.311520447086309	trials	1.0	1.0	1.5	0.25		0.8	727.0873506607271	727.0872653848783	728.1451448707281	726.8905036807269	726.8914702507269	727.0091749800009	
727.0091749800009	1.356999999999971	WheelMovementIntervals													-3.6826680664320293
729.1116815407291	2.3120473439496436	trials	1.0	1.0	1.5	0.25		0.8	729.8619065107299	729.8617962520038	730.9236669907309	729.6403620007296	729.6414618907296	729.7801749800009	
729.7801749800009	0.67999999999995	WheelMovementIntervals													-1.730117133284935
731.0471749800008	0.4820000000000846	WheelMovementIntervals													0.04106678742620318
731.898236190732	2.6421306882836006	trials	1.0	1.0	1.5	0.0		0.8	732.983527650733	732.9834479739732	734.0403219607341	732.6125647507326	732.6134313307326	732.5911749800009	
732.5911749800009	0.7099999999999227	WheelMovementIntervals													-0.6078337409752379
735.1921749800009	0.07499999999993179	WheelMovementIntervals													0.012339818001876779
735.2054721007352	2.9515512648985123	trials	1.0	1.0	1.5	0.0625		0.8	736.5951997807366	736.5950952951978	737.6568936007377	736.3620564307364	736.3630896607364	736.4341749800009	
735.5091749800009	0.2619999999999436	WheelMovementIntervals													0.03683445514039363
736.4341749800009	1.3319999999999936	WheelMovementIntervals													-1.8099465390954492
738.3981749800009	0.2039999999999509	WheelMovementIntervals													-0.023561472809547013
738.6330293107386	2.2407259623417985	trials	1.0	1.0	1.5	0.25		0.8	739.3230269707393	739.3229366886137	740.3736552307404	739.1286130807391	739.1294130007392	739.2421749800009	
739.2421749800009	0.6150000000000091	WheelMovementIntervals													-1.5409605121219556
740.9501749800008	0.5430000000000064	WheelMovementIntervals													0.2772542357212018
741.3429582907413	2.7359407836778473	trials	1.0	1.0	1.5	0.0625		0.8	742.5111747907425	742.5110748495267	743.5788346807436	742.2622663507423	742.2633995707423	742.4201749800009	
742.4201749800009	0.7100000000000364	WheelMovementIntervals													-1.8096873521158727
743.2661749800009	0.36800000000005184	WheelMovementIntervals													0.0648918707084789
744.5541038107446	2.269523238834381	trials	1.0	1.0	1.5	1.0		0.8	745.2762982507453	745.2762105684219	746.3235268507464	745.0567868707451	745.057686780745	745.1871749800009	
745.1871749800009	1.683999999999969	WheelMovementIntervals													-2.8627862469716945
747.2971294807473	3.4322381616254916	trials	1.0	1.0	1.5	0.125		0.8	749.1658425907492	749.1657491682871	750.2292695707503	748.6950896707488	748.6960229107488	748.8651749800009	
747.5941749800008	0.5099999999999909	WheelMovementIntervals													-0.21655877177876448
748.8651749800009	0.7789999999999964	WheelMovementIntervals													-0.7394553729900508
750.0841749800009	0.4150000000000773	WheelMovementIntervals													0.1203161771961021
751.2170707807512	2.4118394519017556	trials	1.0	1.0	1.5	1.0		0.8	752.0770847707521	752.0769841337919	753.1288129207531	751.8733718107519	751.8743383807519	751.9801749800009	
751.9801749800009	1.4309999999999263	WheelMovementIntervals													-2.170777651003064
754.1021155807541	2.3261464076308584	trials	1.0	1.0	1.5	0.25		0.8	754.8681389707549	754.8680302025568	755.9281662907559	754.6737250807547	754.6746583207547	754.7471749800009	
754.7471749800009	0.5430000000000064	WheelMovementIntervals													-1.3351200199627442
755.9121749800009	0.4359999999999218	WheelMovementIntervals													0.13850257349433548
756.9008690107569	3.906126783695072	trials	1.0	-1.0	0.0		0.0625	0.8	758.2463011207583	758.2454775420641	760.3068950407603	757.4736783907575	757.4746116307575	757.4221749800009	
757.4221749800009	1.2439999999999145	WheelMovementIntervals													-0.8736037523305242
761.2886968507613	2.351343381324682	trials	-1.0	1.0	1.5		1.0	0.8	762.0922164907621	762.0921109900579	763.1399450407631	761.8785711907619	761.8796044207619	761.9581749800009	
761.9581749800009	0.3140000000000782	WheelMovementIntervals													0.47193924381866736
762.7901749800009	0.80600000000004	WheelMovementIntervals													0.21251716549086552
764.1229467307642	2.539028658555594	trials	1.0	1.0	1.5	1.0		0.8	765.0884501707651	765.0883568670971	766.1619094807662	764.8790377807649	764.8799043607648	765.0041749800009	
765.0041749800009	1.1949999999999363	WheelMovementIntervals													-3.8147956702880634
767.1392784007671	3.2063565510378567	trials	1.0	1.0	1.5	0.125		0.8	768.7657157407688	768.7656060701361	769.8456077407699	768.4734449707685	768.4745781907685	768.6401749800009	
767.3241749800009	0.5160000000000764	WheelMovementIntervals													0.1897212976472531
768.6401749800009	3.58299999999997	WheelMovementIntervals													-2.587425959103143
770.8422414007708	5.264352668973174	trials	1.0	1.0	1.5	0.25		0.8	774.5443711507745	774.5442777358015	775.6064982607757	774.3397582807744	774.3405248707744	774.469174980001	
772.6441749800009	0.9840000000000373	WheelMovementIntervals													0.20991252248391845
774.469174980001	0.49099999999998545	WheelMovementIntervals													-0.654723422460421
775.238174980001	0.5279999999999063	WheelMovementIntervals													0.16610571543606056
776.6089980007766	2.814462006772146	trials	-1.0	1.0	1.5		0.125	0.8	777.8484407107778	777.8483244242914	778.9233665407789	777.3783210607774	777.3791876407773	777.5371749800009	
777.5371749800009	0.7210000000000036	WheelMovementIntervals													0.47910752447887717
778.656174980001	0.7189999999999372	WheelMovementIntervals													0.19640113140047788
779.762174980001	0.2199999999999136	WheelMovementIntervals													-0.04558216710675822
779.9057682907799	2.3672140325467126	trials	1.0	1.0	1.5	1.0		0.8	780.7164538807807	780.7163724110799	781.7728815607818	780.5118076807805	780.5128409107805	780.551174980001	
780.551174980001	1.6440000000000055	WheelMovementIntervals													-0.40831091630232663
782.7603828007827	2.4008389929695113	trials	1.0	1.0	1.5	0.0625		0.8	783.6078980407837	783.6077958580204	784.6611260407847	783.2450676607832	783.2461342207832	783.354174980001	
783.354174980001	0.40300000000002	WheelMovementIntervals													-0.6800731340845942
784.4031749800009	0.6459999999999582	WheelMovementIntervals													0.08248697304755126
785.6484273007857	2.3293449702808857	trials	-1.0	1.0	1.5		1.0	0.8	786.4214499907864	786.4213415590185	787.4776776907875	786.1397448307862	786.1407780607861	786.127174980001	
786.127174980001	0.5199999999999818	WheelMovementIntervals													0.37999768749129714
786.949174980001	0.9629999999999654	WheelMovementIntervals													0.29167675791214265
788.2151749800009	0.8379999999999654	WheelMovementIntervals													-0.16831341093428875
788.4623792107885	2.8441307322743796	trials	1.0	1.0	1.5	0.0		0.8	789.7475840107898	789.747492193391	790.8064447807908	789.5229064807895	789.5237730607895	789.657174980001	
789.657174980001	0.6699999999999591	WheelMovementIntervals													-1.6560271961178898
791.7923128507917	3.0305521578436583	trials	1.0	1.0	1.5	0.125		0.8	793.2745312807933	793.2744373810312	794.3227597807943	793.0615525807931	793.0624191607931	793.1771749800009	
792.0191749800009	0.37000000000000455	WheelMovementIntervals													0.33494397516551544
793.1771749800009	0.9120000000000346	WheelMovementIntervals													-0.7067323834076831
795.5099743807955	3.9796493202345573	trials	1.0	1.0	1.5	0.125		0.8	797.935398480798	797.9353032192987	798.989493060799	797.6445942307977	797.6457941107976	797.4481749800009	
795.9121749800009	0.9270000000000209	WheelMovementIntervals													-2.164011144953861
797.4481749800009	0.6779999999999973	WheelMovementIntervals													-0.5336786792616124
798.5341749800009	0.5120000000000573	WheelMovementIntervals													0.26734872610771276
799.9782275108	2.266022533132059	trials	-1.0	1.0	1.5		0.0	0.2	800.6837236208007	800.6836339027059	801.7441842308018	800.4443475608005	800.4453807908004	800.555174980001	
800.555174980001	0.36199999999996635	WheelMovementIntervals													0.37796138363552245
801.252174980001	0.7789999999999964	WheelMovementIntervals													0.19610024906603485
802.7195533508027	2.3531435766152526	trials	-1.0	1.0	1.5		0.0625	0.2	803.5295723408035	803.5294680049976	804.5726013608046	803.2561330208033	803.2570329308032	803.3551749800009	
803.3551749800009	0.42200000000002547	WheelMovementIntervals													0.33020271404706136
805.5504035708055	2.5279282459796377	trials	-1.0	1.0	1.5		0.125	0.2	806.5310055008065	806.5309137508611	807.5783007608076	806.011757430806	806.012690670806	806.075174980001	
806.075174980001	1.2899999999999636	WheelMovementIntervals													0.32613946622228696
808.5699349208086	4.0364443264736565	trials	1.0	-1.0	0.0		0.0625	0.2	810.0586527008101	810.0576505211118	812.1063145808121	809.6227296308097	809.6236628708097	809.7441749800009	
808.6191749800009	0.38800000000003365	WheelMovementIntervals													-0.06188403761106542
809.7441749800009	0.6509999999999536	WheelMovementIntervals													-0.4141833619562192
811.3411749800009	0.4230000000000018	WheelMovementIntervals													0.10262984699016897
812.6721749800009	0.31500000000005457	WheelMovementIntervals													-0.11938189590597403
813.0949823708131	2.6611457249280193	trials	1.0	1.0	1.5	0.0		0.2	814.1895062408142	814.189400353048	815.2560329108153	813.6440941208136	813.6449607008136	813.704174980001	
813.704174980001	0.8339999999999463	WheelMovementIntervals													-1.199608884191548
815.0041749800009	0.8720000000000709	WheelMovementIntervals													0.3776398226653441
816.2439341108162	3.350443270994674	trials	1.0	-1.0	0.0		0.0625	0.2	817.027289100817	817.0263437485929	819.094315710819	816.7781806808168	816.7792805708168	816.9171749800009	
816.9171749800009	0.5819999999999936	WheelMovementIntervals													-1.3422491537463088
819.1631749800009	0.16899999999998272	WheelMovementIntervals													0.02640897738032777
820.10168163082	3.737739667998426	trials	1.0	-1.0	0.0		0.0625	0.2	821.2735977608213	821.2725934309741	823.3393245008233	820.6392612008207	820.6402611008207	820.712174980001	
820.712174980001	1.0259999999999536	WheelMovementIntervals													-0.9549585592035328
823.786174980001	0.28499999999996817	WheelMovementIntervals													-0.0968999705937108
824.3407243508243	2.3031461843121406	trials	-1.0	1.0	1.5		1.0	0.2	825.0826501508251	825.0825385820319	826.1437773608261	824.8944356408249	824.8955688608249	825.0001749800009	
825.0001749800009	0.3710000000000946	WheelMovementIntervals													0.45400825618096974
825.724174980001	0.31100000000003547	WheelMovementIntervals													0.14425251161344477
826.400174980001	0.37799999999992906	WheelMovementIntervals													0.12407504707357475
827.1372780008271	2.606919922140378	trials	1.0	1.0	1.5	0.125		0.2	828.1715745608282	828.1714851108288	829.2441339608292	827.972394480828	827.973561030828	828.056174980001	
827.146174980001	0.2949999999999591	WheelMovementIntervals													-0.08625091483352776
828.056174980001	1.375	WheelMovementIntervals													-1.9133350725525133
830.2558994408303	2.44993271503256	trials	-1.0	1.0	1.5		1.0	0.2	831.1378112408312	831.1377104961769	832.2057711008322	830.9558294408309	830.956862670831	830.779174980001	
830.279174980001	0.06899999999995998	WheelMovementIntervals													0.012262823197772832
830.779174980001	0.710999999999899	WheelMovementIntervals													0.4764231184561538
831.828174980001	0.9900000000000091	WheelMovementIntervals													0.10553776539936166
833.2087374608332	3.0803665161968183	trials	-1.0	1.0	1.5		0.25	0.2	834.7058544008347	834.7057693011457	835.7889794108359	834.4944755408345	834.4955087708345	834.616174980001	
833.3981749800009	0.3450000000000273	WheelMovementIntervals													0.07329711396332073
834.616174980001	1.2369999999999663	WheelMovementIntervals													0.6473371612628398
836.7900126308368	2.3158163820321533	trials	-1.0	1.0	1.5		1.0	0.2	837.5347048208375	837.5346172550927	838.6057643708386	837.3278588408373	837.3288254108373	837.440174980001	
837.440174980001	0.6800000000000637	WheelMovementIntervals													0.8315323525954454
838.526174980001	0.7119999999999891	WheelMovementIntervals													0.283777196897546
839.6143301708396	3.0245418086927884	trials	-1.0	1.0	1.5		1.0	0.2	841.0830499508411	841.0829495006487	842.1388443608422	840.8609721608409	840.8618054108408	840.8931749800009	
839.866174980001	0.37799999999992906	WheelMovementIntervals													0.025843665330739896
840.8931749800009	0.5260000000000673	WheelMovementIntervals													0.6656694194873864
841.892174980001	0.6320000000000618	WheelMovementIntervals													0.23711346985379578
842.938174980001	0.3249999999999318	WheelMovementIntervals													0.04523963101681261
843.1487766908432	5.640079115633625	trials	-1.0	1.0	1.5		0.0625	0.2	847.2444337508473	847.2443326885322	848.2888293008483	846.960795450847	846.961762020847	846.9601749800009	
843.5421749800009	0.8430000000000746	WheelMovementIntervals													0.1964111745300272
844.7301749800009	0.6720000000000255	WheelMovementIntervals													-0.09011700742064477
845.6531749800009	0.7309999999999945	WheelMovementIntervals													-0.31367596666311215
846.9601749800009	1.4610000000000127	WheelMovementIntervals													0.28165395214145406
849.3062608808493	3.754537771014384	trials	-1.0	1.0	1.5		0.0	0.2	851.5077073808516	851.507581853733	852.5608020608526	851.2938954308513	851.2947286808513	851.387174980001	
849.463174980001	1.3289999999999509	WheelMovementIntervals													0.16790783390158026
851.387174980001	1.606999999999971	WheelMovementIntervals													0.40956332845149745
853.5666014708536	4.426967212234672	trials	1.0	-1.0	0.0		0.0625	0.2	855.4403807408554	855.4394290588763	857.4935420708575	854.7721475708548	854.7730474808548	854.872174980001	
853.613174980001	0.4130000000000109	WheelMovementIntervals													-0.11736454345702896
854.1721749800009	0.16300000000001091	WheelMovementIntervals													0.00672475069200118
854.872174980001	1.18100000000004	WheelMovementIntervals													-0.3048342791792322
858.5052742208585	3.2052547581191675	trials	-1.0	1.0	1.5		0.125	0.2	860.1450102308602	860.1449012089273	861.2104703408612	859.97216085086	859.97336073086	860.029174980001	
858.757174980001	0.4740000000000464	WheelMovementIntervals													-0.30323670418124493
860.029174980001	3.8339999999999463	WheelMovementIntervals													0.5918754086322622
862.2258354608622	2.901431567972736	trials	1.0	1.0	1.5	0.0625		0.2	863.5533360308635	863.5532489882972	864.6271619708647	863.2054374908632	863.2066707008632		
864.196174980001	0.4209999999999354	WheelMovementIntervals													0.39557022766456384
865.356174980001	0.8039999999999736	WheelMovementIntervals													0.11504406588716165
865.8555724508659	2.3998377269501816	trials	1.0	1.0	1.5	0.0625		0.2	866.6875892408667	866.6874848357418	867.7553157908677	866.4220158008665	866.4229823708664	866.479174980001	
866.479174980001	0.6080000000000609	WheelMovementIntervals													-1.2545918636328963
867.706174980001	0.05999999999994543	WheelMovementIntervals													0.0064495553814651885
868.7567156408687	2.931848823145515	trials	-1.0	1.0	1.5		1.0	0.2	870.1359443708701	870.1358376661624	871.1884391108712	869.94333030087	869.94429687087	870.0371749800009	
868.825174980001	0.5670000000000073	WheelMovementIntervals													-1.1447891616793413
870.0371749800009	0.3650000000000091	WheelMovementIntervals													0.7159973857930311
870.759174980001	1.24899999999991	WheelMovementIntervals													0.1553667233708893
872.2055707208722	3.504829562038708	trials	1.0	-1.0	0.0		0.0625	0.2	873.1459100108732	873.1449781083877	875.2103368808753	872.8939018808729	872.8949351108729	873.038174980001	
873.038174980001	0.5869999999999891	WheelMovementIntervals													-1.387338561592486
875.505174980001	0.3669999999999618	WheelMovementIntervals													-0.1604828747114766
876.2226023108763	2.4540329144090265	trials	-1.0	1.0	1.5		0.25	0.2	877.1179127708772	877.1178135882017	878.1765735608782	876.921565740877	876.9225656408769	877.014174980001	
877.014174980001	1.405999999999949	WheelMovementIntervals													0.5037736265217916
879.1827396008792	2.3110439050360583	trials	-1.0	1.0	1.5		0.125	0.2	879.92346552088	879.9233530300626	880.993658490881	879.7218856808797	879.7228855808797	879.823174980001	
879.823174980001	0.9500000000000455	WheelMovementIntervals													0.5851853549988277
882.004190760882	18.85585037625924	trials	1.0	-1.0	0.0		0.0	0.2	898.3057604408983	898.3049054799461	900.3600216609003	882.5719006508825	882.5728672208826	882.645174980001	
882.645174980001	1.5600000000000591	WheelMovementIntervals													0.2640785432807604
889.049174980001	0.4410000000000309	WheelMovementIntervals													0.08013896323345193
891.682174980001	0.19600000000002638	WheelMovementIntervals													-0.1458572998512011
894.850174980001	0.375	WheelMovementIntervals													0.10034556251994786
897.787174980001	4.863999999999919	WheelMovementIntervals													-4.348407329594181
901.4418468009014	3.6682448164845027	trials	-1.0	1.0	1.5		0.25	0.2	903.5476695309036	903.5475708052903	904.6100299509046	903.1715404809032	903.1724070609032	902.968174980001	
902.968174980001	1.1700000000000728	WheelMovementIntervals													0.5704779727089431
905.5801749800011	1.1079999999999472	WheelMovementIntervals													0.18678856521384546
905.6305945509056	3.390739395471428	trials	-1.0	1.0	1.5		0.25	0.2	907.4453130609074	907.4452145638181	908.5212721209085	907.2214354509073	907.2224020209072	907.313174980001	
907.313174980001	1.8050000000000637	WheelMovementIntervals													0.5750062335357597
909.5331375909095	2.3597392869340865	trials	-1.0	1.0	1.5		0.0	0.2	910.3362572709103	910.3361502795491	911.3927849409114	910.1270781909101	910.1283780609101	910.235174980001	
910.235174980001	0.39400000000000546	WheelMovementIntervals													0.525059662820837
911.145174980001	1.1050000000000182	WheelMovementIntervals													0.5540223100141475
912.4113830709124	2.7266380751223096	trials	-1.0	1.0	1.5		0.25	0.2	913.5792996009136	913.5791985218392	914.6379603909146	912.971493720913	912.972360300913	913.083174980001	
913.083174980001	2.0130000000000337	WheelMovementIntervals													0.5261068548176411
915.6493259109156	2.621846344649498	trials	-1.0	1.0	1.5		1.0	0.2	916.7113530309167	916.711243871686	917.7711470409178	916.5268048209165	916.5276714009166	916.6181749800011	
915.9501749800011	0.07299999999997908	WheelMovementIntervals													0.009914184912730661
916.6181749800011	0.36000000000001364	WheelMovementIntervals													0.5216563889792099
917.438174980001	0.4150000000000773	WheelMovementIntervals													0.18127524260603423
918.7852789509188	3.302848092568638	trials	1.0	1.0	1.5	0.0625		0.2	920.5366038009206	920.5365028597339	921.5880653109216	919.9430631609199	919.9439964009199	920.042174980001	
919.1511749800011	0.05199999999990723	WheelMovementIntervals													-0.018470762896583892
920.042174980001	0.8260000000000218	WheelMovementIntervals													-0.8454885702761885
921.136174980001	0.7830000000000155	WheelMovementIntervals													0.4785490636669181
922.5977310009226	3.511826542427798	trials	-1.0	1.0	1.5		0.25	0.2	924.5447362809246	924.5446451613357	925.6094964609256	924.3098597709243	924.3109596609244	924.3911749800011	
924.3911749800011	0.42399999999997817	WheelMovementIntervals													0.3990849723983274
925.125174980001	0.9239999999999782	WheelMovementIntervals													0.2700391360941694
926.3721749800011	0.125	WheelMovementIntervals													-0.01255838021091904
926.6275613109266	4.060268612413779	trials	-1.0	-1.0	0.0	0.0		0.2	928.1282778909282	928.1274862879806	930.1877385909302	927.8211419409279	927.8219418609278	927.9071749800011	
926.754174980001	0.34600000000000364	WheelMovementIntervals													0.041536766555339
927.9071749800011	0.9759999999999991	WheelMovementIntervals													0.4714464595011236
929.989174980001	0.38199999999994816	WheelMovementIntervals													0.14252782156708577
931.2077365809312	4.063237961066875	trials	1.0	-1.0	0.0		0.0625	0.2	932.7262513809327	932.725350012337	934.7708802309348	931.8260414109318	931.8269079909319	931.922174980001	
931.922174980001	3.6539999999999964	WheelMovementIntervals													-1.2267001685819423
935.8007772309359	2.508954506708733	trials	-1.0	1.0	1.5		1.0	0.2	936.7519154409367	936.7517971336184	937.8096763209378	936.3429230109364	936.3438895809363	936.4211749800011	
936.4211749800011	2.5049999999999955	WheelMovementIntervals													0.46807870877961477
938.8326406809389	2.205125482589665	trials	-1.0	1.0	1.5		1.0	0.2	939.4836422409395	939.4835476125083	940.5376368309405	939.3044268309393	939.3052267509394	939.3471749800011	
939.3471749800011	0.39199999999993906	WheelMovementIntervals													0.4820983695367147
940.7471749800011	0.08499999999992269	WheelMovementIntervals													0.024171285097622786
941.5436695509416	2.3940368748149012	trials	1.0	1.0	1.5	0.25		0.2	942.3898849209424	942.3897818765707	943.4375801409434	942.1596746109421	942.1605411909421	942.307174980001	
942.307174980001	1.6499999999999773	WheelMovementIntervals													-2.198349937361513
944.4529119309444	2.418134276997421	trials	1.0	1.0	1.5	0.25		0.2	945.3254246709454	945.3253235758016	946.3709534409464	945.0597179109451	945.060851130945	945.1361749800011	
945.1361749800011	0.6290000000000191	WheelMovementIntervals													-1.2245746671999882
946.0791749800011	0.38800000000003365	WheelMovementIntervals													0.13786504525091914
947.3934511809474	2.349219738410511	trials	1.0	1.0	1.5	0.125		0.2	948.1830388809482	948.1829571423228	949.2425662509493	947.9260645809479	947.9271644709479	948.0881749800011	
948.0881749800011	1.1319999999999482	WheelMovementIntervals													-2.5941841516083457
950.4924745809506	2.928348540921661	trials	-1.0	1.0	1.5		0.25	0.2	951.8657039109519	951.8655964042938	952.9206984009529	950.987558400951	950.988491640951	951.101174980001	
951.101174980001	1.129000000000019	WheelMovementIntervals													0.5510834224161556
952.6181749800011	0.5230000000000246	WheelMovementIntervals													0.11654285674174503
953.9436294309539	2.2654191318611083	trials	-1.0	1.0	1.5		1.0	0.2	954.6297274809547	954.6296346187559	955.7090195409558	954.4259478609545	954.4268144409544	954.5221749800011	
954.5221749800011	1.5750000000000455	WheelMovementIntervals													0.4049834876769012
956.7324505209567	4.454963151854713	trials	1.0	-1.0	0.0		0.0625	0.2	958.6261278009587	958.6251765018011	960.6873883209607	957.3876183309574	957.3884515809574	957.3381749800011	
957.3381749800011	1.6469999999999345	WheelMovementIntervals													-0.7076217281790207
961.7147189109618	2.394337173840654	trials	-1.0	1.0	1.5		0.25	0.2	962.5417362009625	962.5416307132896	963.6089961309636	962.2591977909623	962.2600977009623	962.3921749800011	
962.3921749800011	0.4840000000000373	WheelMovementIntervals													0.3260695409352081
963.1601749800011	0.4660000000000082	WheelMovementIntervals													0.18226017735511846
964.6314605409647	2.6778397222134345	trials	-1.0	1.0	1.5		0.125	0.2	965.7339836109658	965.7338760704803	966.8092427409669	965.3041266009653	965.3050931709653	965.4161749800011	
965.4161749800011	1.657000000000039	WheelMovementIntervals													0.41585701813050946
967.8451058109679	2.3473401052885947	trials	-1.0	1.0	1.5		0.25	0.2	968.6143288809686	968.6142182962711	969.6923877309697	968.4038832609684	968.4047165109685	968.417174980001	
968.417174980001	0.4820000000000846	WheelMovementIntervals													0.4669994475179635
969.216174980001	0.11700000000007549	WheelMovementIntervals													0.04956078320705615
969.9721749800011	0.46499999999991815	WheelMovementIntervals													0.12503405784593724
970.7126523609708	2.4132351918251516	trials	1.0	1.0	1.5	0.0625		0.2	971.5775658609716	971.577464255661	972.6257943609727	971.2206348909713	971.2217014509712	971.1851749800011	
971.1851749800011	0.4740000000000464	WheelMovementIntervals													-0.33715557216481784
972.2651749800011	0.4759999999999991	WheelMovementIntervals													0.2027957683170598
973.6426926609737	3.366539838687231	trials	1.0	-1.0	0.0		0.0	0.2	974.4540115209745	974.4531017696783	976.5091393209765	974.1372432009741	974.1383430909741	974.2071749800011	
974.2071749800011	0.6509999999999536	WheelMovementIntervals													-0.9582141945694787
977.5378364409776	2.9659451612460543	trials	-1.0	1.0	1.5		0.125	0.2	978.955861290979	978.9557570749469	980.00375649098	978.3870515109784	978.3879847509784	978.3821749800011	
978.3821749800011	1.8830000000000382	WheelMovementIntervals													0.426581234658272
981.029387250981	2.3745367310853	trials	-1.0	1.0	1.5		0.125	0.2	981.8505051309819	981.8503992594868	982.9038331209829	981.5587676409816	981.5596342209816	981.4551749800011	
981.4551749800011	1.7660000000000764	WheelMovementIntervals													0.6911006901556789
983.7651749800011	0.6910000000000309	WheelMovementIntervals													-0.10750776867149625
983.9371297809839	3.1720277217191324	trials	-1.0	1.0	1.5		0.0625	0.2	985.5553346109856	985.5552429021338	986.6091292209866	985.1421759309851	985.1433091509851	985.1921749800011	
985.1921749800011	1.663000000000011	WheelMovementIntervals													0.4754990849337446
987.6367597809876	2.239148260564434	trials	-1.0	1.0	1.5		1.0	0.2	988.3285905909884	988.3284740717311	989.3758191909894	988.1037797409881	988.1049462909881	988.1441749800011	
988.1441749800011	1.6719999999999118	WheelMovementIntervals													0.37165487555768095
990.3991168509904	6.18795795752294	trials	1.0	-1.0	0.0		0.0625	0.2	994.0359198009941	994.0349497297209	996.0870480009961	993.6367597209936	993.6379262709936	993.7441749800012	
990.6581749800011	1.1399999999999864	WheelMovementIntervals													-0.20649917209286173
992.2181749800011	0.15800000000001546	WheelMovementIntervals													0.010683086507725648
992.8361749800011	0.21199999999998909	WheelMovementIntervals													-0.046779289830993775
993.7441749800012	0.7879999999998972	WheelMovementIntervals													-0.8338021548289873
995.6371749800011	1.4650000000000318	WheelMovementIntervals													-0.5544225743537652
997.1236776609971	2.635144200658374	trials	1.0	1.0	1.5	0.25		0.2	998.2148018709983	998.214695133155	999.2586974709993	998.008655820998	998.009555730998	998.1411749800011	
998.1411749800011	0.33799999999996544	WheelMovementIntervals													-0.7402317058672736
998.7581749800011	0.4570000000001073	WheelMovementIntervals													0.24115958548688354
1000.2839282710003	2.4528312761251527	trials	-1.0	1.0	1.5		1.0	0.2	1001.1657400810012	1001.1656387947847	1002.2366996410022	1000.970092981001	1000.971192871001	1001.0401749800011	
1001.0401749800011	0.7880000000000109	WheelMovementIntervals													1.0294119359377305
1002.0891749800011	0.5780000000000882	WheelMovementIntervals													0.061113294354129266
1003.2615638110033	2.9640440962452885	trials	1.0	1.0	1.5	0.25		0.8	1004.6484917710046	1004.6483835070335	1005.7255507210058	1004.4419457610045	1004.4428456710044	1004.5741749800011	
1003.5001749800011	0.4130000000000109	WheelMovementIntervals													0.24355484971400188
1004.5741749800011	0.5	WheelMovementIntervals													-1.463521507710027
1005.4651749800012	1.655999999999949	WheelMovementIntervals													0.23161513531331934
1006.7638135510068	2.7611323788960362	trials	1.0	1.0	1.5	0.25		0.8	1007.9606271910079	1007.9605267176428	1009.024887421009	1007.7365829310078	1007.7375161710078	1007.8721749800011	
1007.8721749800011	0.3120000000000118	WheelMovementIntervals													-0.6460196997505818
1008.6881749800011	1.030999999999949	WheelMovementIntervals													0.35001277527186403
1010.0667498910101	2.3751370679638057	trials	1.0	1.0	1.5	0.0625		0.8	1010.8777687810109	1010.8776618638061	1011.941862361012	1010.6032629010106	1010.6041294810107	1010.6801749800011	
1010.6801749800011	0.5049999999999955	WheelMovementIntervals													-1.3428537652953878
1011.4781749800011	0.5	WheelMovementIntervals													0.12578496876969325
1012.970992771013	2.532323604142107	trials	1.0	1.0	1.5	0.125		0.8	1013.947495111014	1013.9474011010955	1015.003256191015	1013.7032528710137	1013.7041194510138	1013.8451749800012	
1013.8451749800012	0.41800000000000637	WheelMovementIntervals													-0.6522038962866361
1014.6121749800011	0.33199999999999363	WheelMovementIntervals													0.05277521410491204
1016.0420189710161	3.365967271787099	trials	-1.0	-1.0	0.0	0.0		0.8	1016.8374394210168	1016.8366343799502	1018.907865691019	1016.5579007110166	1016.5587672910166	1016.6591749800011	
1016.6591749800011	0.6180000000000518	WheelMovementIntervals													0.4367371298469038
1019.95039476102	2.2528237941380667	trials	1.0	1.0	1.5	0.125		0.8	1020.6442920310207	1020.6442014730048	1021.7031528010217	1020.4196478310205	1020.4207477210205	1020.5781749800011	
1020.5781749800011	1.0810000000000173	WheelMovementIntervals													-1.5477788030893578
1022.989424161023	2.2357206093231525	trials	1.0	1.0	1.5	0.25		0.8	1023.6585239110236	1023.6584297295814	1024.7250839110247	1023.4579773010234	1023.4590771910234	1023.5791749800011	
1023.5791749800011	3.523000000000252	WheelMovementIntervals													-2.8608610773665077
1025.7586472110258	3.5777479688761105	trials	1.0	1.0	1.5	0.0625		0.8	1027.7929770910278	1027.7928739164684	1028.836406071029	1027.5696994210275	1027.5706993210276	1027.6531749800013	
1027.6531749800013	1.0519999999999072	WheelMovementIntervals													-0.38118162342559003
1029.8834013610299	2.26964510704488	trials	1.0	1.0	1.5	0.0625		0.8	1030.6074289510307	1030.6073151102203	1031.6529577210317	1030.3746189010303	1030.3756854610303	1030.5301749800012	
1030.5301749800012	1.2999999999999545	WheelMovementIntervals													-2.1881273956195457
1032.6844545610327	2.4072340943919244	trials	1.0	1.0	1.5	1.0		0.8	1033.5480681910335	1033.5479660737797	1034.5916638210347	1033.3581871810334	1033.3593204010333	1033.4711749800013	
1033.4711749800013	1.0329999999999018	WheelMovementIntervals													-1.9559045782085605
1035.6253937710355	2.1830243949098076	trials	1.0	1.0	1.5	0.125		0.8	1036.2581971510363	1036.2581002617578	1037.3083587910373	1036.0698493210361	1036.070649241036	1036.1771749800012	
1036.1771749800012	0.4470000000001164	WheelMovementIntervals													-1.6137254746624308
1036.9701749800013	0.3509999999998854	WheelMovementIntervals													0.029035187911262028
1038.3460216810383	2.2457465071713614	trials	1.0	1.0	1.5	0.25		0.8	1039.041618781039	1039.041535774739	1040.0917137610402	1038.8362393210389	1038.837305881039	1038.9531749800012	
1038.9531749800012	0.5860000000000127	WheelMovementIntervals													-1.023238346766675
1039.8811749800013	0.31199999999989814	WheelMovementIntervals													0.18674874445616751
1041.1174778410411	2.2853159350663645	trials	1.0	1.0	1.5	0.25		0.8	1041.8596702810419	1041.859582366138	1042.902699301043	1041.6529909510416	1041.6539575210418	1041.7761749800013	
1041.7761749800013	0.45900000000006	WheelMovementIntervals													-1.274494327400788
1042.5951749800013	0.22100000000000364	WheelMovementIntervals													0.01876045999469511
1043.944795081044	3.1580551812201065	trials	1.0	1.0	1.5	1.0		0.8	1045.5584337010455	1045.5583222526225	1046.6027625910467	1045.3582203910453	1045.3592536210454	1045.4811749800012	
1044.2651749800013	0.4130000000000109	WheelMovementIntervals													0.07274799716765301
1045.4811749800012	0.6079999999999472	WheelMovementIntervals													-2.2132892627084573
1046.3351749800013	0.28700000000003456	WheelMovementIntervals													0.16217984907731875
1047.6532575310478	2.50392432266176	trials	1.0	1.0	1.5	0.125		0.8	1048.5982630210485	1048.5981663323473	1049.6571571210497	1048.3912837210485	1048.3922502910484	1048.5241749800014	
1048.5241749800014	0.51299999999992	WheelMovementIntervals													-1.5843963076752061
1049.5191749800013	0.15499999999997272	WheelMovementIntervals													0.01268872427789347
1049.9561749800014	0.22499999999990905	WheelMovementIntervals													0.024327582039802564
1050.6921749800013	1.4429999999999836	WheelMovementIntervals													-0.368021962748287
1050.7022859310507	4.339369485508769	trials	1.0	1.0	1.5	0.0625		0.8	1053.4750086310535	1053.4749290509628	1054.5415686310546	1053.1861375210533	1053.1876040410532	1053.1661749800012	
1053.1661749800012	0.7160000000001219	WheelMovementIntervals													-0.4430380061807
1054.1301749800014	0.0749999999998181	WheelMovementIntervals													0.008788648034141033
1054.9121749800013	0.3389999999999418	WheelMovementIntervals													-0.05043868400179008
1055.6058621910556	2.396733760579309	trials	1.0	1.0	1.5	0.0625		0.8	1056.4375790110564	1056.4374732112399	1057.5025391710576	1056.2193341710563	1056.2202007510562	1056.3491749800012	
1056.3491749800012	0.41399999999998727	WheelMovementIntervals													-1.0024133642020843
1056.9891749800013	0.37599999999997635	WheelMovementIntervals													0.037361906077507
1058.5489011910586	2.492526365149388	trials	1.0	1.0	1.5	0.0625		0.8	1059.4762084510594	1059.4761102547893	1060.5413685910605	1059.2403987010593	1059.2411986210593	1059.3731749800013	
1059.3731749800013	0.5989999999999327	WheelMovementIntervals													-1.4335540323408509
1061.5851308710617	3.2226495086767954	trials	1.0	1.0	1.5	1.0		0.8	1063.2480645610633	1063.2479553846156	1064.3077252510643	1063.052717431063	1063.053484021063	1063.1611749800013	
1062.3611749800014	0.07099999999991269	WheelMovementIntervals													0.02788796589152298
1063.1611749800013	1.106999999999971	WheelMovementIntervals													-1.4772437549389963
1064.5891749800012	0.2460000000000946	WheelMovementIntervals													-0.11033744599311035
1065.3613865410655	2.441130541287521	trials	1.0	1.0	1.5	0.25		0.8	1066.2390987610663	1066.238996801937	1067.3024257510674	1066.019320741066	1066.020153991066	1066.1491749800014	
1066.1491749800014	0.8199999999999363	WheelMovementIntervals													-1.371281724972505
1068.3455214310684	2.3788349312605988	trials	1.0	1.0	1.5	0.125		0.8	1069.1519407810692	1069.1518325931893	1070.2242335410701	1068.924663511069	1068.9257967310689	1069.0461749800013	
1069.0461749800013	0.48299999999994725	WheelMovementIntervals													-1.0736891144709944
1069.7971749800013	0.3550000000000182	WheelMovementIntervals													0.19977220391237438
1071.2732619610713	2.3841351066466814	trials	1.0	1.0	1.5	1.0		0.8	1072.095079771072	1072.0949733715443	1073.157340201073	1071.8857007110719	1071.886767271072	1071.9391749800013	
1071.9391749800013	0.42699999999990723	WheelMovementIntervals													-0.7996468757940818
1073.9331749800012	0.08600000000001273	WheelMovementIntervals													0.011609249077309869
1074.1999026010742	2.4079324456683935	trials	1.0	1.0	1.5	1.0		0.8	1075.041718411075	1075.0416132435832	1076.1077451310762	1074.8358723310748	1074.8367722410749	1074.9571749800014	
1074.9571749800014	0.4659999999998945	WheelMovementIntervals													-0.944565901733057
1075.7811749800012	0.8860000000001946	WheelMovementIntervals													-0.26202719841242583
1077.1499409010771	2.3356366319210338	trials	1.0	1.0	1.5	0.125		0.8	1077.932929261078	1077.932852844997	1078.985490661079	1077.7190506510776	1077.7200838810777	1077.8611749800014	
1077.8611749800014	1.0629999999998745	WheelMovementIntervals													-1.81600576484135
1080.0504841510801	2.3736085956004445	trials	1.0	1.0	1.5	0.125		0.8	1080.8655693010808	1080.8654864157456	1081.923996781082	1080.6577900810807	1080.6587233210807	1080.7881749800013	
1080.7881749800013	0.6179999999999382	WheelMovementIntervals													-1.6499912489807116
1081.6311749800013	0.4249999999999545	WheelMovementIntervals													0.19362025155024298
1082.969092261083	2.233244188194476	trials	1.0	1.0	1.5	0.125		0.8	1083.6485243110837	1083.648405093975	1084.7022189310846	1083.4356456010835	1083.4367121610835	1083.5521749800014	
1083.5521749800014	0.5289999999999964	WheelMovementIntervals													-1.5916765266096604
1084.4611749800013	0.4550000000001546	WheelMovementIntervals													0.13469346265361537
1085.7725452210857	3.929945554009464	trials	-1.0	1.0	1.5		0.125	0.8	1088.139875131088	1088.139771456104	1089.2024022010892	1087.6074950410875	1087.6083616210876	1087.7071749800014	
1086.2261749800014	0.5809999999999036	WheelMovementIntervals													-1.3713889774752772
1087.7071749800014	0.8239999999998417	WheelMovementIntervals													0.36338898580052614
1090.2732951010903	2.44543043605222	trials	1.0	1.0	1.5	0.0625		0.8	1091.1703053910912	1091.17020553058	1092.2186338810923	1090.973858371091	1090.974658291091	1091.0811749800014	
1090.3181749800012	0.17200000000002547	WheelMovementIntervals													-0.019788636231737655
1091.0811749800014	0.44299999999998363	WheelMovementIntervals													-0.911080098332917
1093.2591298210932	2.5485498548955547	trials	1.0	1.0	1.5	0.0625		0.8	1094.2479642610942	1094.2478483865625	1095.3076249510952	1093.7911432810938	1093.792309831094	1093.7311749800012	
1093.7311749800012	0.7270000000000891	WheelMovementIntervals													-0.7427367932463937
1096.6264930510965	2.8638233442245564	trials	-1.0	1.0	1.5		1.0	0.8	1097.9279962210978	1097.9279027505709	1098.990223321099	1097.4854404810974	1097.4866403610974	1097.5971749800012	
1096.6661749800014	0.09499999999979991	WheelMovementIntervals													-0.06706552143887734
1097.5971749800012	1.553000000000111	WheelMovementIntervals													0.2914112022125721
1100.0385184811	2.3300379020415676	trials	-1.0	1.0	1.5		0.25	0.8	1100.8178405411008	1100.817730487472	1101.868468801102	1100.5855971011006	1100.5866303311007	1100.6911749800013	
1100.6911749800013	0.49299999999993815	WheelMovementIntervals													0.553797218665693
1101.7391749800013	0.07100000000014006	WheelMovementIntervals													-0.03225955507102185
1102.926562981103	2.297440164107911	trials	1.0	1.0	1.5	0.25		0.8	1103.6611895111037	1103.66107518251	1104.7239165611047	1103.4569432711035	1103.4579098411034	1103.5781749800012	
1103.5781749800012	0.35599999999999454	WheelMovementIntervals													-0.5844409966880733
1104.4681749800013	0.32199999999988904	WheelMovementIntervals													0.02461438468711208
1105.7848104611057	2.772230033412825	trials	-1.0	1.0	1.5		0.0625	0.8	1107.002522011107	1107.0024227738747	1108.057016551108	1106.7517804211068	1106.7525803411067	1106.8801749800014	
1106.0671749800013	0.11200000000008004	WheelMovementIntervals													0.012147208274797094
1106.8801749800014	0.3910000000000764	WheelMovementIntervals													0.31273017000361847
1107.6881749800013	0.0729999999998654	WheelMovementIntervals													0.00738881699763283
1109.1144441311092	2.293041284433002	trials	1.0	1.0	1.5	1.0		0.8	1109.8435712111097	1109.843456620567	1110.907398151111	1109.6519903711096	1109.6528902811096	1109.7281749800013	
1109.7281749800013	1.4100000000000819	WheelMovementIntervals													-2.576260549156899
1111.959992881112	2.3802332674219997	trials	-1.0	1.0	1.5		0.0625	0.8	1112.7715117211128	1112.7714035400334	1113.840104851114	1112.4852070211125	1112.4862069211124	1112.6331749800013	
1112.6331749800013	0.9170000000001437	WheelMovementIntervals													0.5818507049351069
1114.906031581115	2.6125428482987445	trials	-1.0	1.0	1.5		0.0625	0.8	1115.956026571116	1115.9559483989187	1117.018520311117	1115.4352453211154	1115.4361785611154	1115.5381749800013	
1115.5381749800013	0.6700000000000728	WheelMovementIntervals													0.3289554482990127
1116.7871749800013	0.17000000000007276	WheelMovementIntervals													-0.028273491600941725
1118.0661822011182	2.4357285410906115	trials	1.0	1.0	1.5	0.25		0.8	1118.942561221119	1118.942491749888	1120.00178862112	1118.7399481511188	1118.7408480611186	1118.8591749800014	
1118.8591749800014	0.5929999999998472	WheelMovementIntervals													-1.5050622902849113
1120.5141749800014	0.23099999999999454	WheelMovementIntervals													0.12519276270094792
1121.071714951121	2.5018252851727993	trials	1.0	1.0	1.5	0.25		0.8	1122.018320281122	1122.0182237605377	1123.073448091123	1121.8062081611217	1121.8072080611219	1121.9341749800014	
1121.9341749800014	1.0729999999998654	WheelMovementIntervals													-1.5075430731275787
1123.2301749800013	0.3610000000001037	WheelMovementIntervals													-0.09596675432842972
1124.1209433311242	2.2856406224434522	trials	1.0	1.0	1.5	1.0		0.8	1124.8405380311249	1124.8404554893425	1125.906531421126	1124.6016619211246	1124.6027951411247	1124.7451749800014	
1124.7451749800014	0.48499999999989996	WheelMovementIntervals													-1.3103186719924338
1125.5451749800013	0.08699999999998909	WheelMovementIntervals													0.020858912786252404
1126.9471749800014	0.08999999999991815	WheelMovementIntervals													-0.04874146105066757
1126.972191511127	2.3965323108775465	trials	1.0	1.0	1.5	1.0		0.8	1127.8103076911277	1127.810202459804	1128.8686685111288	1127.6018618711275	1127.6027951111275	1127.7201749800013	
1127.7201749800013	1.134999999999991	WheelMovementIntervals													-1.0946212889186882
1129.9289291411299	3.4394298158572383	trials	1.0	1.0	1.5	0.0625		0.8	1131.815940421132	1131.8158444012654	1132.868335171133	1131.4404113111314	1131.4414112111315	1131.5581749800012	
1129.9891749800013	0.4680000000000746	WheelMovementIntervals													-0.1406939374636238
1131.5581749800012	0.5300000000002001	WheelMovementIntervals													-0.6745345545682255
1132.7601749800012	0.3550000000000182	WheelMovementIntervals													0.06813514359774331
1133.9376615611338	2.3806337305700254	trials	1.0	1.0	1.5	1.0		0.8	1134.763778941135	1134.7636725707232	1135.8182068211358	1134.5730313511347	1134.5740645811345	1134.6851749800014	
1134.6851749800014	1.4420000000000073	WheelMovementIntervals													-1.9065744847918893
1136.878700761137	2.439629025387376	trials	1.0	1.0	1.5	0.25		0.8	1137.7612125011378	1137.7611105361748	1138.8182734511388	1137.5569329311377	1137.5580328211377	1137.6761749800014	
1137.6761749800014	0.46100000000001273	WheelMovementIntervals													-0.5278298500902849
1138.9271749800014	1.3109999999999218	WheelMovementIntervals													0.08869188683294738
1139.8793340011398	2.8891468969529797	trials	1.0	1.0	1.5	0.125		0.8	1141.1911694711412	1141.1910543850977	1142.2683950711423	1140.956659591141	1140.9576928211409	1141.1061749800012	
1141.1061749800012	0.8910000000000764	WheelMovementIntervals													-1.5416961971907597
1143.3261749800013	0.3690000000001419	WheelMovementIntervals													-0.20340691864132054
1143.3323886611433	2.7357319461439147	trials	1.0	1.0	1.5	0.0625		0.8	1144.5034048811444	1144.503301906319	1145.5680650711456	1144.2734612111442	1144.2743277911443	1144.4141749800015	
1144.4141749800015	0.6239999999997963	WheelMovementIntervals													-1.8063421460761617
1145.1981749800013	0.5769999999999982	WheelMovementIntervals													0.0679191900226499
1146.4751749800014	0.32600000000002183	WheelMovementIntervals													-0.30044824148771454
1146.6351250211467	3.2996700082394455	trials	-1.0	-1.0	0.0	0.0		0.8	1147.3823169611474	1147.381340401107	1149.4347117011494	1147.1563395611472	1147.1573061311472	1147.2221749800015	
1147.2221749800015	0.7479999999998199	WheelMovementIntervals													-0.6724434966425292
1149.2001749800013	1.9329999999999927	WheelMovementIntervals													-5.936593221920333
1150.5040047611506	12.13065128577523	trials	1.0	1.0	1.5	0.125		0.8	1161.078213901161	1161.0781348916091	1162.134574921162	1151.6396578511517	1151.6406244211516	1160.9531749800014	
1152.4831749800014	0.1430000000000291	WheelMovementIntervals													-0.011324547130953988
1160.9531749800014	2.4279999999998836	WheelMovementIntervals													-0.9815704719840994
1163.2655618111633	2.5025215663577	trials	1.0	1.0	1.5	0.125		0.8	1164.2088674711642	1164.208769185778	1165.2679948811654	1163.972957731164	1163.9738909711639	1164.1241749800013	
1164.1241749800013	1.0850000000000364	WheelMovementIntervals													-1.0511335405176965
1166.3568859811664	3.3327669132388564	trials	1.0	1.0	1.5	1.0		0.8	1168.1398076711682	1168.13972070594	1169.1895360211693	1167.988989421168	1167.989856001168	1167.9641749800014	
1166.6231749800013	1.05600000000004	WheelMovementIntervals													0.14394792021215608
1167.9641749800014	0.4619999999999891	WheelMovementIntervals													-0.6255352581404736
1168.8251749800013	0.5	WheelMovementIntervals													0.0745975103991725
1170.2624620511704	2.7887261051066616	trials	-1.0	1.0	1.5		0.125	0.8	1171.4929723211715	1171.4928726865567	1172.5510998311725	1170.867634861171	1170.8685014411708	1171.0111749800014	
1171.0111749800014	1.7369999999998527	WheelMovementIntervals													-0.5140082618192423
1173.6278921411736	2.7900275643244186	trials	1.0	1.0	1.5	1.0		0.8	1174.8637018811748	1174.8636039065943	1175.917896451176	1174.6563226211747	1174.6571558711746	1174.7751749800013	
1173.6741749800015	0.2139999999999418	WheelMovementIntervals													0.046955979792727476
1174.7751749800013	0.47900000000004184	WheelMovementIntervals													-1.1490764731841807
1175.9221749800013	0.10800000000017462	WheelMovementIntervals													0.04836039027458128
1176.984623101177	2.2998397449978256	trials	1.0	1.0	1.5	1.0		0.8	1177.7282487311777	1177.7281353037083	1178.7844097711788	1177.5225693011776	1177.5234692111776	1177.6421749800013	
1177.6421749800013	0.9360000000001492	WheelMovementIntervals													-2.6745584439726997
1178.8131749800013	0.1310000000000855	WheelMovementIntervals													0.023348389312218387
1179.8477700911799	3.6699378159269145	trials	1.0	1.0	1.5	0.25		0.8	1181.962391941182	1181.962290727365	1183.017686401183	1181.7559125911819	1181.7567791711817	1181.8701749800014	
1180.3151749800013	0.6270000000001801	WheelMovementIntervals													-1.4218238325012749
1181.8701749800014	0.4339999999999691	WheelMovementIntervals													-1.1319587403629043
1182.8801749800014	0.18000000000006366	WheelMovementIntervals													0.05417838158868449
1184.0991115811842	2.7184594090906558	trials	1.0	1.0	1.5	0.125		0.8	1185.2678280311852	1185.267736260486	1186.3175230511863	1184.8057409111848	1184.8067741411849	1184.7171749800013	
1184.7171749800013	1.683999999999969	WheelMovementIntervals													-1.8901452788421977
1187.5201749800015	0.23900000000003274	WheelMovementIntervals													-0.08219804075059756
1187.6765871311877	2.4129304104083076	trials	1.0	1.0	1.5	1.0		0.8	1188.5195694911886	1188.5194970558068	1189.5893958311897	1188.3225891911884	1188.3238224011884	1188.4261749800014	
1188.4261749800014	0.5090000000000146	WheelMovementIntervals													-0.7325954561667061
1189.3561749800015	0.0989999999999327	WheelMovementIntervals													0.005678345419994457
1189.6691749800013	0.4010000000000673	WheelMovementIntervals													0.0628059184488734
1190.6585222411907	2.7756287972010796	trials	1.0	1.0	1.5	1.0		0.8	1191.872934121192	1191.8728339647164	1192.934127991193	1191.6674880011917	1191.6683879111918	1191.7811749800014	
1191.0311749800014	0.07199999999988904	WheelMovementIntervals													-0.0249507732244183
1191.7811749800014	1.1059999999999945	WheelMovementIntervals													-2.242008265309721
1193.1691749800013	0.05899999999996908	WheelMovementIntervals													-0.013386542439718596
1194.002054521194	2.331936135570004	trials	1.0	1.0	1.5	0.25		0.8	1194.774777241195	1194.7746658309065	1195.8339046511958	1194.5726307911946	1194.5736973511946	1194.6891749800013	
1194.6891749800013	1.18100000000004	WheelMovementIntervals													-2.0792682970090652
1196.9094970811968	2.5580451648415874	trials	1.0	1.0	1.5	0.0		0.8	1197.908197201198	1197.9081139320087	1198.967424601199	1197.7061840711976	1197.7070173211978	1197.8191749800014	
1197.0031749800014	0.36799999999993815	WheelMovementIntervals													0.02968028758971286
1197.8191749800014	0.4579999999998563	WheelMovementIntervals													-1.012244606894825
1198.5651749800013	0.28899999999998727	WheelMovementIntervals													0.12445273427874781
1200.0379508712	2.5180214753704604	trials	1.0	1.0	1.5	0.0625		0.8	1200.991255531201	1200.9911582436816	1202.0559157212022	1200.7559457312009	1200.7570122912007	1200.7841749800014	
1200.7841749800014	0.5620000000001255	WheelMovementIntervals													-1.0299308292846376
1203.1409738712032	2.3147371861607553	trials	1.0	1.0	1.5	0.0625		0.8	1203.879899971204	1203.8797851018219	1204.955625721205	1203.7006845612036	1203.7016511312038	1203.3891749800014	
1203.3891749800014	1.7889999999999873	WheelMovementIntervals													-0.8892092409389818
1206.034217851206	2.3051373526639054	trials	1.0	1.0	1.5	0.125		0.8	1206.7754103912068	1206.7753292172363	1207.8392373312079	1206.5507661912065	1206.5516327712066	1206.7091749800013	
1206.7091749800013	0.5420000000001437	WheelMovementIntervals													-0.6515816315792904
1208.924062171209	2.9485412337314756	trials	1.0	1.0	1.5	0.0625		0.8	1210.3065572412104	1210.3064805658753	1211.3725506312114	1210.0671811812101	1210.06828107121	1209.9211749800015	
1209.3001749800014	0.2899999999999636	WheelMovementIntervals													0.04359129125992922
1209.9211749800015	0.8119999999998981	WheelMovementIntervals													-1.3038930334423924
1211.2521749800014	0.16699999999991633	WheelMovementIntervals													0.012340520959469359
1212.4540091412125	3.746330259933984	trials	1.0	1.0	1.5	1.0		0.8	1214.6466231912148	1214.6465256801637	1215.7002844812157	1214.4506427912145	1214.4515760312145	1214.4911749800015	
1212.9121749800015	0.9499999999998181	WheelMovementIntervals													-0.6106070782557254
1214.4911749800015	0.5399999999999636	WheelMovementIntervals													-0.9966274137945561
1216.7836428012167	2.9335424777100343	trials	1.0	1.0	1.5	0.0625		0.8	1218.1651713012182	1218.1650623332737	1219.2171327612193	1217.4721406112176	1217.4732405012176	1217.7341749800014	
1217.7341749800014	0.8600000000001273	WheelMovementIntervals													-1.341926809381647
1220.2965914712204	2.792953002258173	trials	1.0	1.0	1.5	0.25		0.8	1221.5314013112215	1221.5313140185522	1222.5894621612226	1221.3555522312213	1221.3565521312214	1221.4521749800015	
1220.6811749800015	0.44399999999996	WheelMovementIntervals													-0.07557326402994136
1221.4521749800015	0.5539999999998599	WheelMovementIntervals													-0.9578624287988191
1223.6786532312237	2.309937131591596	trials	1.0	1.0	1.5	0.25		0.8	1224.4307446812245	1224.4306646684868	1225.4884722312256	1224.183869371224	1224.1848692712242	1224.1331749800015	
1224.1331749800015	0.7559999999998581	WheelMovementIntervals													-0.5364476962730578
1225.3501749800014	0.5380000000000109	WheelMovementIntervals													0.01462636378374782
1226.5716972312266	2.3620327112337236	trials	1.0	1.0	1.5	0.25		0.8	1227.3876822912273	1227.3876078397257	1228.4336776812283	1227.1835027112272	1227.1845026112271	1227.2931749800014	
1226.6921749800015	0.1009999999998854	WheelMovementIntervals													-0.024275546343261567
1227.2931749800014	1.2019999999999982	WheelMovementIntervals													-1.4638459116665388
1229.5212355812296	3.101327902297953	trials	1.0	1.0	1.5	0.25		0.8	1231.077646591231	1231.0775485795593	1232.122475431232	1230.8718671712309	1230.8728004112309	1230.8941749800015	
1229.8081749800015	0.3589999999999236	WheelMovementIntervals													-0.13418734997711113
1230.8941749800015	0.6430000000000291	WheelMovementIntervals													-1.5148871446471048
1231.9561749800014	0.22400000000016007	WheelMovementIntervals													0.028756160019923982
1233.2125664112332	2.3261358032577846	trials	1.0	1.0	1.5	0.0625		0.8	1233.979189741234	1233.9790775501244	1235.038683781235	1233.7501459812338	1233.7511125512337	1233.8571749800014	
1233.8571749800014	0.4390000000000782	WheelMovementIntervals													-1.1088121631002252
1234.7521749800014	0.07899999999995089	WheelMovementIntervals													0.009400182021977344
1236.1227087012362	3.716362682395811	trials	1.0	1.0	1.5	0.0625		0.8	1238.2679274912382	1238.2678431507165	1239.3389870412393	1238.066947591238	1238.0680808112381	1238.1791749800013	
1236.4411749800015	1.0299999999999727	WheelMovementIntervals													-0.6123031670021533
1238.1791749800013	0.1750000000001819	WheelMovementIntervals													-0.47717517810204413
1238.7181749800015	0.09799999999995634	WheelMovementIntervals													-0.015225968763417086
1240.4304778812404	2.2867116282211555	trials	1.0	1.0	1.5	0.25		0.8	1241.1574718412412	1241.1573809418726	1242.2170658712423	1240.916995891241	1240.918062451241	1240.7641749800014	
1240.7641749800014	0.7870000000000346	WheelMovementIntervals													-0.4760643962790425
1242.8511749800014	0.6230000000000473	WheelMovementIntervals													0.05083424287548155
1243.3089900012433	2.607840337074549	trials	1.0	1.0	1.5	1.0		0.8	1244.3542188012443	1244.3541053651693	1245.4167792012454	1244.1717370512442	1244.1727369512441	1244.2721749800014	
1244.2721749800014	1.115000000000009	WheelMovementIntervals													-2.947183650735326
1246.5054369912466	2.532446122178044	trials	1.0	1.0	1.5	0.25		0.8	1247.4724402812474	1247.472353837598	1248.5378670612486	1247.2549620312473	1247.2560285912473	1247.3651749800015	
1247.3651749800015	0.5740000000000691	WheelMovementIntervals													-1.6018063695948683
1248.2291749800015	0.3350000000000364	WheelMovementIntervals													0.03740004657419149
1248.9321749800015	0.1449999999999818	WheelMovementIntervals													0.03798706171244248
1249.6277913912497	2.322235135646224	trials	1.0	1.0	1.5	0.125		0.8	1250.3851823112504	1250.3851021972112	1251.4499424912515	1250.09984418125	1250.1010107312502	1250.0101749800015	
1250.0101749800015	0.6589999999998781	WheelMovementIntervals													-0.8364467698302462
1251.0131749800014	0.7270000000000891	WheelMovementIntervals													0.1867156011703912
1252.5446330112525	2.49322290297755	trials	-1.0	1.0	1.5		1.0	0.8	1253.4742400412536	1253.4741404313531	1254.5378003412545	1253.2384636212532	1253.2393302012533	1253.3131749800013	
1253.3131749800013	0.831000000000131	WheelMovementIntervals													0.3808769979410158
1255.6312576512557	2.323935542829986	trials	1.0	1.0	1.5	1.0		0.8	1256.3963811312565	1256.3962686931436	1257.4551419112574	1256.1833024412563	1256.1843023412562	1256.1201749800014	
1256.1201749800014	1.4850000000001273	WheelMovementIntervals													-0.857018562834071
1258.5371749800015	1.51299999999992	WheelMovementIntervals													-2.248725038003272
1258.5438996912585	3.8558473411492287	trials	-1.0	1.0	1.5		1.0	0.8	1260.8385368712609	1260.8384272678286	1261.899730741262	1260.6166590612606	1260.6175923012606	1260.6821749800015	
1260.6821749800015	0.31199999999989814	WheelMovementIntervals													0.4752569455282014
1263.007053331263	2.376231627356219	trials	-1.0	1.0	1.5		1.0	0.8	1263.8324707812637	1263.8323636214054	1264.883165701265	1263.6384235212636	1263.6392567712637	1263.7111749800015	
1263.7111749800015	0.22100000000000364	WheelMovementIntervals													0.4519858188692183
1264.5661749800015	0.3689999999999145	WheelMovementIntervals													0.13503355451152288
1265.970590281266	3.851549258333762	trials	-1.0	-1.0	0.0	0.125		0.8	1267.2645608712673	1267.2635061452845	1269.3221217612693	1266.6549551712667	1266.6562550412666	1266.6881749800013	
1266.6881749800013	1.0460000000000491	WheelMovementIntervals													0.6370461549295499
1269.2771749800015	0.8460000000000036	WheelMovementIntervals													-0.0668966720590447
1270.4237449212703	3.2594409945766074	trials	-1.0	-1.0	0.0	0.0625		0.8	1271.1198753012711	1271.1188532372528	1273.1831022912731	1270.8831656412708	1270.8841988712709	1270.9921749800014	
1270.9921749800014	0.5760000000000218	WheelMovementIntervals													0.40732204490461754
1273.6711749800015	0.26099999999996726	WheelMovementIntervals													0.09480529108887481
1274.5913947812746	2.3636322529559948	trials	1.0	1.0	1.5	0.25		0.8	1275.4131126012753	1275.413005297355	1276.4549750712765	1275.2049334212752	1275.2058666612752	1275.3291749800014	
1275.3291749800014	0.6490000000001146	WheelMovementIntervals													-0.7515083731643983
1276.2571749800015	0.08500000000003638	WheelMovementIntervals													0.028765205257997195
1276.6501749800016	0.35599999999999454	WheelMovementIntervals													-0.07002949326093244
1277.5462326012776	2.275138831814729	trials	1.0	1.0	1.5	0.125		0.8	1278.2690603112783	1278.2689443011277	1279.3213217412792	1278.049848901278	1278.050848801278	1278.1981749800016	
1278.1981749800016	1.6989999999998417	WheelMovementIntervals													-2.562206536826153
1280.4148790412805	2.4346256911574073	trials	-1.0	1.0	1.5		0.125	0.2	1281.2903914812814	1281.2902879193837	1282.3494855612823	1280.983088881281	1280.984155441281	1281.0981749800014	
1281.0981749800014	0.41399999999998727	WheelMovementIntervals													0.5335124402527072
1283.4410097312834	3.3466636124010165	trials	1.0	-1.0	0.0		0.0625	0.2	1284.2334638112843	1284.2324243013022	1286.2876250412862	1284.004853341284	1284.005786581284	1284.1231749800015	
1284.1231749800015	0.6369999999999436	WheelMovementIntervals													-1.3860284392503388
1287.3817822812873	2.517719619875379	trials	-1.0	1.0	1.5		0.0	0.2	1288.3420862412884	1288.341989001147	1289.3994138312894	1287.866067181288	1287.867100411288	1287.9661749800014	
1287.9661749800014	1.9490000000000691	WheelMovementIntervals													0.30366567108907816
1290.4968040812905	8.741323598791269	trials	-1.0	1.0	1.5		0.125	0.2	1297.6707199512978	1297.670603874574	1298.7380798712989	1290.987921631291	1290.989088181291	1291.0981749800014	
1291.0981749800014	2.5440000000000964	WheelMovementIntervals													-0.21961959300972467
1297.5141749800016	0.8439999999998236	WheelMovementIntervals													0.14518037393682448
1299.8600343312999	4.239573265799663	trials	1.0	-1.0	0.0		0.0625	0.2	1301.5360000513015	1301.5349624862783	1303.5994936813036	1301.2323970813013	1301.2333636513013	1301.3421749800016	
1300.2621749800014	0.40399999999999636	WheelMovementIntervals													-0.21723984028204768
1301.3421749800016	0.8940000000000055	WheelMovementIntervals													-1.0282062983790183
1304.7108158713047	2.5601163751239255	trials	1.0	1.0	1.5	0.0625		0.2	1305.7187150713057	1305.7186215301613	1306.7708431813069	1305.4212448213054	1305.4223113813055	1305.5381749800015	
1305.5381749800015	0.43000000000006366	WheelMovementIntervals													-0.4624668932100917
1306.6081749800014	0.09000000000014552	WheelMovementIntervals													0.008244753175915776
1307.0231749800014	0.1430000000000291	WheelMovementIntervals													-0.014861357408136655
1307.5891749800014	0.21900000000005093	WheelMovementIntervals													0.02125471869854323
1307.8666335913078	2.9877353756996854	trials	-1.0	1.0	1.5		0.0625	0.2	1309.2868582213093	1309.2867494552831	1310.3543181313103	1308.982555321309	1308.983621881309	1309.0771749800015	
1308.3151749800015	0.3079999999999927	WheelMovementIntervals													-0.051966936575979616
1309.0771749800015	0.5589999999999691	WheelMovementIntervals													0.33087769024237446
1309.9511749800015	0.14200000000005275	WheelMovementIntervals													0.059838371282353364
1310.4111749800015	0.13099999999985812	WheelMovementIntervals													0.014222205947106659
1310.7431749800014	0.06200000000012551	WheelMovementIntervals													-0.003478546245162306
1311.1081749800014	0.11599999999998545	WheelMovementIntervals													0.02287365748480852
1311.4643737813115	2.50634678388451	trials	-1.0	1.0	1.5		1.0	0.2	1312.4155119913125	1312.4153907742652	1313.4706731313136	1312.1826352813123	1312.1836018513122	1312.2921749800014	
1312.2921749800014	1.1110000000001037	WheelMovementIntervals													0.31184026060117276
1314.5749293613146	3.1242531414629866	trials	-1.0	1.0	1.5		0.25	0.2	1316.1461388913162	1316.1460550793547	1317.1991335813173	1315.1325069313152	1315.1336068213152	1315.2021749800015	
1315.2021749800015	1.2630000000001473	WheelMovementIntervals													0.354013363177728
1318.2983903113184	2.67253241540584	trials	-1.0	1.0	1.5		1.0	0.2	1319.4206780713193	1319.4206030829341	1320.4708397113204	1319.0208847213191	1319.021917951319	1319.1291749800016	
1319.1291749800016	1.1959999999999127	WheelMovementIntervals													0.5603173678658209
1321.5811286713215	2.368029462363438	trials	-1.0	1.0	1.5		0.125	0.2	1322.4008466913224	1322.4007385225643	1323.4490751913236	1322.1822685513223	1322.1832017913223	1322.2721749800014	
1322.2721749800014	0.6610000000000582	WheelMovementIntervals													0.48325349918633265
1324.0061749800016	0.2459999999998672	WheelMovementIntervals													-0.01849276797364041
1324.5654635413246	2.3672298811929977	trials	1.0	1.0	1.5	0.0625		0.2	1325.3584842313253	1325.358372880197	1326.4325768113265	1325.0708130013252	1325.071846231325	1325.1701749800015	
1325.1701749800015	0.39599999999995816	WheelMovementIntervals													-0.5218333394994374
1325.9871749800016	1.33199999999988	WheelMovementIntervals													-0.5526620611954058
1327.5472986613277	2.573141199855854	trials	1.0	1.0	1.5	0.0625		0.2	1328.5405993213285	1328.5405137922073	1329.6203913313295	1328.3042229613284	1328.3051895313283	1328.4581749800016	
1327.6581749800016	0.13999999999987267	WheelMovementIntervals													0.050552342344957424
1328.4581749800016	0.3830000000000382	WheelMovementIntervals													-0.6809430784160213
1329.2111749800015	0.42399999999997817	WheelMovementIntervals													0.10755733082552865
1330.7289471313306	3.4420540856663138	trials	-1.0	1.0	1.5		1.0	0.2	1332.6042595813326	1332.604175507561	1333.6708862413336	1332.3654501313324	1332.3664833613325	1332.5011749800015	
1331.1061749800015	0.41000000000008185	WheelMovementIntervals													-0.2750158951382389
1332.5011749800015	0.39800000000013824	WheelMovementIntervals													0.5721554556391482
1334.7819084613348	3.505449186468013	trials	1.0	-1.0	0.0		0.0625	0.2	1335.7268472913358	1335.7259211685864	1337.7873078913378	1335.5154017713355	1335.5164683313355	1335.6011749800016	
1335.6011749800016	0.5639999999998508	WheelMovementIntervals													-1.1843934214219871
1338.8945638213388	2.3208078212396686	trials	-1.0	1.0	1.5		0.0	0.2	1339.6577541613397	1339.6576657354133	1340.7153150613408	1339.4154450613394	1339.4164449613395	1339.5251749800016	
1339.5251749800016	1.3260000000000218	WheelMovementIntervals													0.5619545151138254
1341.8208711613418	2.3830568810183195	trials	1.0	1.0	1.5	0.25		0.2	1342.6397892613427	1342.6396900184714	1343.7038828413438	1342.4369762113424	1342.4380761013424	1342.5661749800015	
1342.5661749800015	1.9700000000000273	WheelMovementIntervals													-0.6887206403760615
1344.8009397913447	2.469922731789211	trials	-1.0	1.0	1.5		0.125	0.2	1345.7163482413457	1345.7162474741622	1346.7707761213467	1345.4149117213453	1345.4157449713455	1345.3711749800016	
1345.3711749800016	0.68100000000004	WheelMovementIntervals													0.35130417069902364
1346.3971749800016	0.22100000000000364	WheelMovementIntervals													0.04269689971241064
1346.9321749800015	0.06799999999998363	WheelMovementIntervals													-0.02937309327097637
1347.8758656013479	3.0226327664126984	trials	-1.0	1.0	1.5		0.0	0.2	1349.3545843813495	1349.3544806516977	1350.3984799813504	1348.4820049813484	1348.4830382113485	1348.5821749800016	
1348.5821749800016	1.0199999999999818	WheelMovementIntervals													0.29018568476035966
1350.0221749800016	0.5190000000000055	WheelMovementIntervals													0.10443652335203524
1351.5060025513515	2.2969364773098278	trials	-1.0	1.0	1.5		0.25	0.2	1352.2435287913522	1352.2434136199859	1353.3029228413534	1352.003152831352	1352.004019411352	1352.0181749800015	
1352.0181749800015	1.15300000000002	WheelMovementIntervals													0.4981200552262237
1354.4040460513545	2.299436241355579	trials	1.0	1.0	1.5	1.0		0.2	1355.146171831355	1355.1460571007863	1356.2033994313563	1354.931759941355	1354.932693181355	1355.0551749800015	
1355.0551749800015	0.5630000000001019	WheelMovementIntervals													-0.6183099218941379
1355.8991749800016	0.9809999999999945	WheelMovementIntervals													0.22214710417506467
1357.3050892513572	2.41502697671649	trials	-1.0	1.0	1.5		0.125	0.2	1358.172402511358	1358.1722982202145	1359.2199977413593	1357.8648666013578	1357.865666521358	1357.9991749800015	
1357.9991749800015	1.3269999999999982	WheelMovementIntervals													0.4913391367369684
1360.3257204913602	3.3061647533902487	trials	-1.0	1.0	1.5		1.0	0.2	1362.082744771362	1362.0826538392218	1363.1317731913632	1360.9316265613609	1360.932659791361	1360.9371749800016	
1360.9371749800016	1.6669999999999163	WheelMovementIntervals													0.28967566731625993
1364.2475949313643	2.767526171938698	trials	-1.0	1.0	1.5		0.125	0.8	1365.4566073513654	1365.4565054901486	1366.5150681613666	1364.852934391365	1364.853967621365	1364.7151749800016	
1364.7151749800016	1.1440000000000055	WheelMovementIntervals													0.3183367628154201
1366.3511749800016	0.18699999999989814	WheelMovementIntervals													0.010178684907742763
1367.6194243813677	2.4125262301631665	trials	1.0	1.0	1.5	1.0		0.8	1368.4802382913686	1368.4801330258792	1369.5318997813695	1368.2872242613682	1368.2882574913683	1368.3411749800016	
1368.3411749800016	0.6420000000000528	WheelMovementIntervals													-0.537139045654186
1369.2701749800015	0.8780000000001564	WheelMovementIntervals													0.10739302837117748
1370.6482548013707	2.3834501666140113	trials	1.0	1.0	1.5	0.125		0.8	1371.4636732513716	1371.46357127792	1372.5316331113725	1371.2368959313712	1371.2379291613713	1371.3881749800016	
1371.3881749800016	0.6820000000000164	WheelMovementIntervals													-2.1996821942611575
1372.4451749800016	0.2039999999999509	WheelMovementIntervals													0.04106757449758902
1373.975522041374	3.027831701939931	trials	1.0	1.0	1.5	1.0		0.8	1375.4326096513755	1375.4325363341604	1376.5033025713765	1375.2033659113752	1375.2042324913753	1375.3401749800016	
1374.1251749800015	0.2660000000000764	WheelMovementIntervals													0.016095740035325434
1375.3401749800016	1.0049999999998818	WheelMovementIntervals													-1.3223032836258426
1377.6178577713777	3.219143689476141	trials	1.0	1.0	1.5	0.25		0.8	1379.2635598513793	1379.2634790829738	1380.3369191713803	1379.048281381379	1379.049214621379	1379.1821749800015	
1378.0761749800015	0.3220000000001164	WheelMovementIntervals													-0.48404620004401977
1379.1821749800015	0.4680000000000746	WheelMovementIntervals													-1.4742694985364722
1381.4540074513814	2.4499228405593385	trials	1.0	1.0	1.5	0.125		0.8	1382.3425185913823	1382.3424150087258	1383.4038791113835	1382.114874691382	1382.1158745913822	1382.2501749800015	
1382.2501749800015	0.8550000000000182	WheelMovementIntervals													-1.7870042596572944
1384.5257335813844	2.305734629499966	trials	1.0	1.0	1.5	0.25		0.8	1385.2737587713852	1385.2736441654076	1386.3313863313863	1385.064912991385	1385.065846231385	1385.0831749800016	
1385.0831749800016	1.344000000000051	WheelMovementIntervals													-1.9217272359652782
1387.0291749800015	0.7290000000000418	WheelMovementIntervals													-0.11937945936702477
1387.4455749013875	2.841145711155832	trials	1.0	1.0	1.5	0.25		0.8	1388.7137147413887	1388.7135944099252	1389.7866741013897	1388.5198008013886	1388.5208007013885	1388.6161749800015	
1388.6161749800015	0.6950000000001637	WheelMovementIntervals													-0.8449890990085294
1389.7821749800016	0.06299999999987449	WheelMovementIntervals													0.014213976835236508
1390.911928231391	3.5413436622848167	trials	1.0	-1.0	0.0		0.0	0.8	1391.8837643713919	1391.883039930296	1393.9531907413939	1391.3813479513915	1391.3824478413915	1391.4861749800016	
1391.4861749800016	0.7789999999999964	WheelMovementIntervals													-0.8043162014085112
1395.076478401395	2.387928152457789	trials	1.0	1.0	1.5	1.0		0.8	1395.9003960013958	1395.900287423706	1396.964356261397	1395.6646529113957	1395.6657528013957	1395.7851749800016	
1395.7851749800016	1.058999999999969	WheelMovementIntervals													-1.7095694769301417
1398.080511301398	2.3508298732228923	trials	1.0	1.0	1.5	0.0625		0.8	1398.867632581399	1398.8675206327778	1399.9312595413999	1398.6029257213986	1398.6040589413985	1398.6471749800016	
1398.6471749800016	1.1319999999998345	WheelMovementIntervals													-1.2935833638003942
1401.060246631401	2.3042346262905085	trials	1.0	1.0	1.5	1.0		0.8	1401.821370511402	1401.8212574067613	1402.864466191403	1401.6365556614016	1401.6373889114016	1401.7161749800016	
1401.7161749800016	0.9800000000000182	WheelMovementIntervals													-2.001977586518393
1403.979887971404	2.8732435955598703	trials	1.0	1.0	1.5	0.25		0.8	1405.2973228814053	1405.2972070420544	1406.3530173014065	1405.103008981405	1405.1040422114052	1405.2131749800017	
1404.2921749800016	0.17499999999995453	WheelMovementIntervals													-0.0786538814564608
1405.2131749800017	0.45499999999992724	WheelMovementIntervals													-1.4742108785335972
1406.0241749800016	0.2380000000000564	WheelMovementIntervals													0.014639938098468974
1407.4737385514075	2.2741362524518536	trials	1.0	1.0	1.5	0.25		0.8	1408.1979661214082	1408.1978494577784	1409.2477611314093	1407.981321121408	1407.982354351408	1408.1071749800017	
1408.1071749800017	0.44099999999980355	WheelMovementIntervals													-1.0852211512809617
1410.3704821814104	2.360629653107708	trials	1.0	1.0	1.5	0.0625		0.8	1411.1857006514113	1411.1855917298426	1412.2310627714123	1410.902928931411	1410.903995491411	1410.8601749800016	
1410.8601749800016	0.5299999999999727	WheelMovementIntervals													-0.6132975193455081
1413.3540171314135	3.376856339345977	trials	1.0	1.0	1.5	0.25		0.8	1415.1949330214152	1415.1948467534842	1416.2308294214163	1414.935892261415	1414.9369921514149	1415.0571749800015	
1413.7141749800016	0.5769999999999982	WheelMovementIntervals													-1.744382002857833
1415.0571749800015	5.481000000000222	WheelMovementIntervals													-14.69013239979671
1417.3734818114174	8.240801382713698	trials	1.0	1.0	1.5	0.25		0.8	1424.061446281424	1424.0613624661614	1425.114207661425	1423.8528004814239	1423.8539337014238	1423.9681749800015	
1420.9161749800016	2.1399999999998727	WheelMovementIntervals													-0.277573699000186
1423.9681749800015	0.3890000000001237	WheelMovementIntervals													-0.5505757337825798
1426.2964894214263	2.339029755821457	trials	1.0	1.0	1.5	0.0625		0.8	1427.0626128014271	1427.0624988386771	1428.135505501428	1426.819637101427	1426.820570341427	1426.9551749800016	
1426.9551749800016	0.31799999999998363	WheelMovementIntervals													-0.9191680639419815
1429.2646259114292	2.4050257240141946	trials	1.0	1.0	1.5	1.0		0.8	1430.1030420614302	1430.1029345293637	1431.1695687314311	1429.8807976214298	1429.88189751143	1430.0031749800016	
1430.0031749800016	0.38599999999996726	WheelMovementIntervals													-0.8950520346144231
1430.7461749800016	0.18299999999999272	WheelMovementIntervals													0.013015408273133744
1432.2869569814322	2.9819626268208594	trials	1.0	1.0	1.5	0.125		0.8	1433.6971826114336	1433.697085651013	1434.7688421014348	1433.2975225814332	1433.2985558114333	1433.4091749800016	
1432.6021749800016	0.3269999999999982	WheelMovementIntervals													-0.07881880407336439
1433.4091749800016	1.1259999999999764	WheelMovementIntervals													-0.8880658396569174
1435.8878301914358	2.8979137873818672	trials	1.0	1.0	1.5	0.25		0.8	1437.2228300114373	1437.222735621218	1438.2856903814384	1437.0472142414371	1437.048180811437	1437.1351749800017	
1436.2141749800016	0.34699999999998	WheelMovementIntervals													-0.10815562773001375
1437.1351749800017	0.9809999999999945	WheelMovementIntervals													-2.373838134344169
1439.1991749800015	0.42200000000002547	WheelMovementIntervals													-0.4200901106640913
1439.4108445214395	3.9030703079135947	trials	1.0	-1.0	0.0		0.0625	0.8	1440.7501439114408	1440.749367947034	1442.813904181443	1440.16380255144	1440.1648357814402	1440.3621749800016	
1440.3621749800016	0.7430000000001655	WheelMovementIntervals													-0.727168078391287
1443.949423951444	2.531242165495314	trials	1.0	1.0	1.5	0.0		0.8	1444.923926491445	1444.9238394133704	1445.980620811446	1444.6528869314448	1444.6537868414446	1444.7701749800017	
1444.7701749800017	0.48499999999989996	WheelMovementIntervals													-0.7089404118826224
1447.113674161447	2.3380300817982516	trials	1.0	1.0	1.5	1.0		0.8	1447.887563431448	1447.8874834555775	1448.951623681449	1447.6857169514476	1447.6867835114476	1447.7791749800017	
1447.7791749800017	1.3179999999999836	WheelMovementIntervals													-1.5109957909979244
1450.0893099014502	2.3630280544909965	trials	1.0	1.0	1.5	0.125		0.8	1450.891596331451	1450.8915190860052	1451.952290251452	1450.6637191214506	1450.6647523514507	1450.8001749800017	
1450.8001749800017	0.8070000000000164	WheelMovementIntervals													-1.1641557869088501
1453.079944141453	2.5006176915549077	trials	1.0	1.0	1.5	1.0		0.8	1454.013350791454	1454.013249998014	1455.0805107314552	1453.8139040714539	1453.8147373214538	1453.8891749800016	
1453.8891749800016	0.6179999999999382	WheelMovementIntervals													-1.5438812111956963
1456.2161638214561	2.969561750621324	trials	-1.0	1.0	1.5		0.25	0.8	1457.6280892814577	1457.6279922288886	1458.6856835114586	1456.7356452014567	1456.7367117614567	1456.9021749800015	
1456.9021749800015	1.3140000000000782	WheelMovementIntervals													0.30047790473923897
1459.8233364014598	2.312032807305286	trials	1.0	1.0	1.5	0.0625		0.8	1460.5950258914606	1460.5949466829893	1461.6352551914617	1460.3805140114605	1460.3813805914604	1460.4961749800016	
1460.4961749800016	0.9629999999999654	WheelMovementIntervals													-1.2302933613999016
1462.7644755914628	2.321032151469126	trials	1.0	1.0	1.5	0.25		0.8	1463.5348652114635	1463.5347855982084	1464.5854601414646	1463.3135873414633	1463.3150205314632	1463.4101749800016	
1463.4101749800016	0.4760000000001128	WheelMovementIntervals													-0.9207043893044897
1464.4501749800017	0.2849999999998545	WheelMovementIntervals													0.04983949369767515
1465.7143139114658	2.538313511684464	trials	-1.0	1.0	1.5		0.125	0.8	1466.6945158814667	1466.6944183564065	1467.7525434014678	1466.3969789714665	1466.3980122014664	1466.5351749800016	
1466.5351749800016	0.5630000000001019	WheelMovementIntervals													0.2966938263212455
1468.9027283714688	2.3991517502010993	trials	1.0	1.0	1.5	0.25		0.8	1469.7384447914696	1469.738345699314	1470.8017717814707	1469.5302989414695	1469.5313321714696	1469.6391749800016	
1469.6391749800016	0.4249999999999545	WheelMovementIntervals													-1.2194743537729096
1471.939391341472	2.2461373744513367	trials	1.0	1.0	1.5	1.0		0.8	1472.6217897614727	1472.621702087194	1473.6854833814737	1472.4135772514724	1472.4146438114724	1472.4901749800017	
1472.4901749800017	0.9980000000000473	WheelMovementIntervals													-2.586951465068182
1474.8189366914748	2.3612257055690407	trials	1.0	1.0	1.5	0.125		0.8	1475.6223230114756	1475.622244756301	1476.6801505514768	1475.3966789114754	1475.3976121514754	1475.4011749800015	
1475.4011749800015	1.1980000000000928	WheelMovementIntervals													-3.0910701648063537
1478.1507701414782	2.379326546668608	trials	-1.0	1.0	1.5		0.25	0.8	1478.964388771479	1478.964278534156	1480.03001553148	1478.7021816614788	1478.7032482214788	1478.8441749800018	
1478.8441749800018	0.5019999999999527	WheelMovementIntervals													0.4429760851793958
1480.3331749800016	0.4880000000000564	WheelMovementIntervals													0.02919914642512822
1481.1721013114811	3.5302439121596763	trials	-1.0	-1.0	0.0	0.0		0.8	1482.133571821482	1482.1327127161603	1484.2022649314843	1481.7520099814817	1481.7529098914817	1481.9011749800015	
1481.9011749800015	0.7710000000001855	WheelMovementIntervals													0.6268489080388804
1485.3431508314854	11.070052252380037	trials	1.0	1.0	1.5	0.0625		0.8	1494.8603990114948	1494.8602800062426	1495.9131937214959	1485.7965054914857	1485.7975387214858	1485.9661749800016	
1485.9661749800016	0.9329999999999927	WheelMovementIntervals													0.2060521632503196
1494.5091749800017	1.8029999999998836	WheelMovementIntervals													-1.0002423346977025
1497.082010161497	2.386926965412158	trials	1.0	1.0	1.5	0.25		0.8	1497.911127241498	1497.9110188322873	1498.9688547914989	1497.7176799214976	1497.7184798414978	1497.8291749800017	
1497.8291749800017	0.47900000000004184	WheelMovementIntervals													-1.5226720069155704
1499.0321749800016	0.22600000000011278	WheelMovementIntervals													0.03745401216144728
1500.0994417215002	2.4471470863093145	trials	1.0	1.0	1.5	0.125		0.8	1500.998551801501	1500.9984582850075	1502.046513661502	1500.6966486615006	1500.6974819115007	1500.7371749800018	
1500.7371749800018	1.09699999999998	WheelMovementIntervals													-0.7213499334155244
1503.1953987615032	2.3062316063330854	trials	1.0	1.0	1.5	0.25		0.8	1503.948990061504	1503.9489084347113	1505.001618121505	1503.7184464515037	1503.7194463515038	1503.8381749800017	
1503.8381749800017	0.6259999999999764	WheelMovementIntervals													-0.39593204477131394
1504.7391749800017	0.2419999999999618	WheelMovementIntervals													0.008572685792728407
1505.5931749800018	0.20899999999983265	WheelMovementIntervals													-0.05037612485085674
1506.1492366815062	2.563939342503545	trials	-1.0	1.0	1.5		1.0	0.8	1507.1523363615072	1507.152251289916	1508.2131302715081	1506.8964286215069	1506.8973951915068	1507.0361749800018	
1507.0361749800018	0.6139999999998054	WheelMovementIntervals													0.43831516761741796
1507.9251749800017	0.1069999999999709	WheelMovementIntervals													0.04091579129334377
1509.3494832915094	2.430121688620602	trials	1.0	1.0	1.5	0.125		0.8	1510.2191963115101	1510.2190903369851	1511.2795236015113	1510.00088481151	1510.00171806151	1510.1281749800016	
1510.1281749800016	0.4700000000000273	WheelMovementIntervals													-1.5329658337893193
1512.4327082715124	2.7304516128738214	trials	1.0	1.0	1.5	0.0625		0.8	1513.5943254315137	1513.5942293765925	1514.6630518815148	1513.3677480915135	1513.3687146615134	1513.4871749800018	
1512.5121749800016	0.07600000000002183	WheelMovementIntervals													-0.024127713086215863
1513.4871749800018	0.5009999999999764	WheelMovementIntervals													-1.6065224367318365
1514.2961749800018	0.17599999999993088	WheelMovementIntervals													0.018085206701073275
1515.8173697715158	3.417223858885791	trials	1.0	-1.0	0.0		0.125	0.8	1516.6836831315168	1516.682675306598	1518.7345780215187	1516.4347080315165	1516.4356746015164	1516.5671749800017	
1516.5671749800017	0.45299999999997453	WheelMovementIntervals													-0.9741017763426498
1519.88979582152	2.4619469718834353	trials	1.0	1.0	1.5	0.125		0.8	1520.7898391415208	1520.7897118945732	1521.8516996115218	1520.5130334915204	1520.5140000615206	1520.6201749800016	
1520.6201749800016	0.7480000000000473	WheelMovementIntervals													-0.7537411388100281
1523.000551381523	2.6456317496792963	trials	-1.0	1.0	1.5		0.125	0.2	1524.087076051524	1524.0869635980437	1525.1461701315252	1523.6962151415237	1523.6973150315237	1523.6671749800016	
1523.6671749800016	0.6839999999999691	WheelMovementIntervals													0.433198245444828
1526.2962884415263	2.5883360915097455	trials	-1.0	1.0	1.5		0.0625	0.2	1527.3279186015272	1527.327802027805	1528.3846129215283	1527.017882941527	1527.018949501527	1527.1441749800017	
1527.1441749800017	0.5640000000000782	WheelMovementIntervals													0.3675642004760675
1528.0991749800016	0.1410000000000764	WheelMovementIntervals													0.025876331785809725
1529.5359311115296	3.248538874574706	trials	-1.0	1.0	1.5		0.0	0.2	1531.2326614215312	1531.232550370069	1532.2843895715323	1530.1960650915303	1530.1969316715301	1530.3121749800016	
1530.3121749800016	1.2940000000000964	WheelMovementIntervals													0.3559004413363027
1531.9411749800017	0.09500000000002728	WheelMovementIntervals													0.01831984131399622
1533.4271752815334	3.2690639203058254	trials	1.0	-1.0	0.0		0.0625	0.2	1534.1419038015342	1534.1408888001922	1536.1961316915363	1533.8795300415338	1533.880563271534	1534.0391749800017	
1534.0391749800017	0.5699999999999363	WheelMovementIntervals													-0.8064663353903256
1537.3503495915375	2.7455236692776452	trials	1.0	1.0	1.5	0.0625		0.2	1538.5497629715385	1538.5496590571888	1539.5958583515396	1537.867564531538	1537.8685644315378	1538.1031749800018	
1538.1031749800018	0.8989999999998872	WheelMovementIntervals													-0.7714925353516833
1539.3291749800017	0.5009999999999764	WheelMovementIntervals													-0.026642873401442557
1540.7484764115407	3.897767736142441	trials	-1.0	-1.0	0.0	0.0		0.2	1542.089875591542	1542.0888990178676	1544.146136611544	1541.3508495015415	1541.3518827315413	1541.4901749800017	
1541.4901749800017	1.1679999999998927	WheelMovementIntervals													0.6432898921132733
1545.3117533715454	2.550637640875266	trials	-1.0	1.0	1.5		0.125	0.2	1546.3123533015464	1546.3122673520472	1547.3623149615473	1546.034181121546	1546.0351810215461	1546.1471749800016	
1546.1471749800016	0.6069999999999709	WheelMovementIntervals													0.3458146686727446
1547.4151749800017	0.25500000000010914	WheelMovementIntervals													-0.047792252592216755
1548.1291749800016	0.2980000000000018	WheelMovementIntervals													-0.12140372666533494
1548.5285983215485	3.5556410443953155	trials	-1.0	-1.0	0.0	0.0		0.2	1549.5248320215496	1549.52390925103	1551.5841927315516	1549.000717771549	1549.001817661549	1549.1101749800016	
1549.1101749800016	0.8570000000001983	WheelMovementIntervals													0.41666945389386
1552.7331444915528	2.350827676693598	trials	-1.0	1.0	1.5		0.125	0.2	1553.5265651415536	1553.5264531563919	1554.5838594015545	1553.2459265415532	1553.2467931215533	1553.3781749800016	
1553.3781749800016	0.54300000000012	WheelMovementIntervals													0.3824209894195292
1554.3661749800017	0.22900000000004184	WheelMovementIntervals													-0.016643242363727495
1555.4091749800018	0.16300000000001091	WheelMovementIntervals													-0.027228975675654965
1555.7379773115558	2.3745256416195843	trials	-1.0	1.0	1.5		0.125	0.2	1556.5648946115566	1556.564785543552	1557.6124565115576	1556.2455598815563	1556.2464597915562	1556.3931749800017	
1556.3931749800017	0.9700000000000273	WheelMovementIntervals													0.3491219731635624
1557.6471749800016	0.12100000000009459	WheelMovementIntervals													0.009881982724721183
1558.7692074915587	2.515341416664114	trials	-1.0	1.0	1.5		1.0	0.2	1559.7175459815596	1559.7174223505622	1560.784472611561	1559.4507393315594	1559.4517725615594	1559.5041749800018	
1559.5041749800018	1.5809999999999036	WheelMovementIntervals													0.7727355562158209
1561.938857161562	2.373425029391683	trials	-1.0	1.0	1.5		0.25	0.2	1562.7417768615628	1562.7416649512224	1563.812203141564	1562.4456398115624	1562.4464064015624	1562.5681749800017	
1562.5681749800017	0.4600000000000364	WheelMovementIntervals													0.3815766738169941
1564.977086641565	2.4237464050765993	trials	-1.0	1.0	1.5		1.0	0.2	1565.8329010515658	1565.8328023189974	1566.9007942515668	1565.5671609615656	1565.5680608715656	1565.6741749800017	
1565.6741749800017	0.5940000000000509	WheelMovementIntervals													0.5352327640505905
1566.6321749800018	0.28899999999998727	WheelMovementIntervals													0.05711966577911198
1568.075743411568	3.192040940378547	trials	-1.0	1.0	1.5		1.0	0.2	1569.6911485215696	1569.6910626111405	1570.7677075215709	1569.4788697515694	1569.4800696315694	1569.5911749800018	
1568.4871749800018	0.4539999999999509	WheelMovementIntervals													-0.7190594333498552
1569.5911749800018	1.0480000000000018	WheelMovementIntervals													-0.9379932731323493
1570.9951749800018	2.5329999999999018	WheelMovementIntervals													-1.1811760400530602
1571.9483894415719	4.718954137211995	trials	1.0	1.0	1.5	0.0625		0.2	1575.1047404415751	1575.1046243131304	1576.1673008415762	1574.6454530415747	1574.6463196215748	1574.7411749800017	
1573.8741749800017	0.27500000000009095	WheelMovementIntervals													0.054653443319011785
1574.7411749800017	2.66800000000012	WheelMovementIntervals													-2.555089222202639
1577.3509491315774	2.4947416228533257	trials	-1.0	1.0	1.5		1.0	0.2	1578.2764899015783	1578.2763638295207	1579.3456163115793	1578.045546331578	1578.0466462215782	1578.1501749800018	
1578.1501749800018	0.7380000000000564	WheelMovementIntervals													0.8832721379589543
1580.5147993815806	3.4849433462982233	trials	1.0	-1.0	0.0		0.0625	0.2	1581.4492725915816	1581.4485104593782	1583.4997008615835	1581.1167391815811	1581.1176390915812	1581.2561749800018	
1581.2561749800018	0.49900000000002365	WheelMovementIntervals													-0.5555917355186466
1584.6861488715847	14.631089601572285	trials	1.0	-1.0	0.0		0.0625	0.2	1596.7645409115967	1596.7637045569131	1598.817235621599	1585.2289945815853	1585.2299278215853	1585.3551749800017	
1585.3551749800017	0.8930000000000291	WheelMovementIntervals													-0.26584566190200576
1594.0821749800018	0.43200000000001637	WheelMovementIntervals													-0.07321329676295818
1596.5311749800017	1.1080000000001746	WheelMovementIntervals													-1.075726457492351
1600.0300476616	2.2202349522333407	trials	1.0	1.0	1.5	0.25		0.2	1600.7064800116007	1600.7063583084766	1601.7501756316017	1600.4783694916005	1600.4798360116006	1600.6051749800017	
1600.6051749800017	1.1770000000001346	WheelMovementIntervals													-0.5659755519681084
1602.918392131603	2.576728517352649	trials	1.0	1.0	1.5	0.0625		0.2	1603.954721821604	1603.9546027953434	1604.995084441605	1603.5618611116035	1603.5627943516035	1603.7141749800019	
1603.7141749800019	0.6899999999998272	WheelMovementIntervals													-0.7997061119277191
1606.5448294516066	2.455343686533979	trials	-1.0	1.0	1.5		1.0	0.2	1607.4400399216074	1607.4399450133305	1608.5001005716085	1607.1832656016072	1607.1841321816073	1607.2801749800017	
1607.2801749800017	0.6010000000001128	WheelMovementIntervals													0.3798171360292599
1609.6681837516096	3.493643440149981	trials	1.0	-1.0	0.0		0.0625	0.2	1610.5954243516105	1610.5943947379403	1612.6617843616127	1610.3283843916104	1610.3294176216104	1610.4811749800017	
1610.4811749800017	0.5130000000001473	WheelMovementIntervals													-0.8762619761662336
1613.8396332316138	2.6720543375272428	trials	-1.0	1.0	1.5		0.0	0.2	1614.957254791615	1614.9571551205147	1616.011616011616	1614.6000238516147	1614.6010570816147	1614.7241749800019	
1614.7241749800019	0.3709999999998672	WheelMovementIntervals													0.38915076124601455
1615.4831749800019	0.8199999999999363	WheelMovementIntervals													0.08825997948622444
1617.1841987416171	4.76584974454704	trials	1.0	-1.0	0.0		0.125	0.2	1619.3797125016195	1619.3788207274617	1621.4500054516216	1617.8167021516178	1617.8177020516177	1617.9501749800017	
1617.9501749800017	1.8170000000000073	WheelMovementIntervals													-0.4936769912990826
1622.6373533716226	2.461943906556371	trials	-1.0	1.0	1.5		1.0	0.2	1623.5267644216235	1623.526668509309	1624.5992238316246	1623.3115192816233	1623.3123525316232	1623.2821749800019	
1623.2821749800019	0.5139999999998963	WheelMovementIntervals													0.7822682506578644
1625.7704067016257	2.6465291742269983	trials	-1.0	1.0	1.5		0.0625	0.2	1626.8491988116268	1626.8491177776948	1627.916825371628	1626.3780459316265	1626.3789791716265	1626.5261749800018	
1626.5261749800018	0.4290000000000873	WheelMovementIntervals													0.3783259554701317
1629.0953408416292	3.7545492641993405	trials	-1.0	-1.0	0.0	0.0		0.2	1630.2822888016303	1630.2815557743136	1632.3498153616324	1629.6447858916297	1629.6456524716298	1629.7921749800018	
1629.7921749800018	0.88799999999992	WheelMovementIntervals													0.714667680890841
1633.5358967416335	2.4420441436134297	trials	-1.0	1.0	1.5		0.125	0.2	1634.4181085116345	1634.4180119647501	1635.4778358616354	1634.0946075316342	1634.095607431634	1634.2411749800017	
1634.2411749800017	0.4570000000001073	WheelMovementIntervals													0.4845831330296164
1635.0121749800019	0.3269999999999982	WheelMovementIntervals													0.09795012711003892
1636.6626507016367	2.55333575544023	trials	-1.0	1.0	1.5		1.0	0.2	1637.6755494016377	1637.6754640911652	1638.7158453616387	1637.1994636816373	1637.2005969016373	1637.3331749800018	
1637.3331749800018	1.5329999999999018	WheelMovementIntervals													0.44940887911320715
1639.9008935116399	2.4769151475391027	trials	1.0	1.0	1.5	0.125		0.2	1640.8298006116408	1640.8296984417639	1641.8777291416418	1640.5611608116405	1640.5622607016405	1640.6481749800018	
1640.6481749800018	0.6089999999999236	WheelMovementIntervals													-1.2399351152805025
1643.0659103116432	2.5835326826575056	trials	-1.0	1.0	1.5		0.25	0.2	1644.0953406916442	1644.0952229344211	1645.149368611645	1643.7160786216436	1643.7169118716438	1643.8601749800018	
1643.8601749800018	0.5270000000000437	WheelMovementIntervals													0.34336861482341874
1644.7811749800019	0.2719999999999345	WheelMovementIntervals													0.04893308089566517
1646.3317503616463	2.434045667341934	trials	-1.0	1.0	1.5		0.125	0.2	1647.2106624616472	1647.2105661278042	1648.2656902816482	1646.9445224116469	1646.945555641647	1647.0661749800017	
1647.0661749800017	1.2940000000000964	WheelMovementIntervals													0.5412981492488598
1648.6231749800017	0.16599999999993997	WheelMovementIntervals													-0.037292780762129496
1649.4404061316495	2.5706350524083064	trials	-1.0	1.0	1.5		0.0625	0.2	1650.4748026816505	1650.4747194305212	1651.5109657216515	1650.0275807416501	1650.0285139816501	1650.194174980002	
1650.194174980002	0.4019999999998163	WheelMovementIntervals													0.44116666817768646
1652.6890479016527	2.7720464202252515	trials	-1.0	1.0	1.5		0.125	0.2	1653.8948606416538	1653.8947672225136	1654.960987351655	1653.3162518416534	1653.3171850816534	1653.4421749800017	
1653.4421749800017	0.7920000000001437	WheelMovementIntervals													0.45359666413696687
1656.136303141656	2.629830704663391	trials	-1.0	1.0	1.5		0.125	0.2	1657.2069960616573	1657.2069148274077	1658.2660901416582	1656.7326768316568	1656.7335100816567	1656.8451749800017	
1656.8451749800017	0.7029999999999745	WheelMovementIntervals													0.4310341957720425
1658.2391749800017	0.20600000000013097	WheelMovementIntervals													0.03886909313814613
1659.4418392216594	2.640928696930814	trials	-1.0	1.0	1.5		0.25	0.2	1660.5212646016605	1660.5211501323247	1661.5827251116616	1660.0943073016601	1660.09514055166	1660.2171749800018	
1660.2171749800018	0.6880000000001019	WheelMovementIntervals													0.3734256861833387
1661.8711749800018	0.4880000000000564	WheelMovementIntervals													-0.09032335711066253
1662.7715728816627	2.71095057852267	trials	-1.0	1.0	1.5		0.0625	0.2	1663.913592001664	1663.9134933441564	1664.982418441665	1663.3775122816635	1663.3784455216635	1663.664174980002	
1663.664174980002	0.42099999999982174	WheelMovementIntervals													0.32903632871722266
1664.492174980002	0.3369999999999891	WheelMovementIntervals													0.026614881939394763
1666.1634336616662	3.3694251624606295	trials	1.0	-1.0	0.0		0.0625	0.2	1666.969753021667	1666.968939198958	1669.032780031669	1666.6608505816666	1666.6617838216666	1666.8421749800018	
1666.8421749800018	0.5160000000000764	WheelMovementIntervals													-0.8384145494609925
1669.962174980002	0.7400000000000091	WheelMovementIntervals													-0.5510626575767787
1670.2176615316703	3.1148452702389022	trials	-1.0	1.0	1.5		0.125	0.2	1671.7747058116718	1671.7745831598302	1672.8324333616729	1671.2940205516713	1671.2950871116714	1671.4391749800018	
1671.4391749800018	0.8009999999999309	WheelMovementIntervals													0.34659093348648184
1674.022114381674	2.338551820060502	trials	-1.0	1.0	1.5		0.125	0.2	1674.8003365516747	1674.8002309585208	1675.860630511676	1674.5607605116745	1674.5617270816747	1674.683174980002	
1674.683174980002	0.3429999999998472	WheelMovementIntervals													0.4446731932749799
1675.7101749800017	0.2540000000001328	WheelMovementIntervals													0.029356444906284196
1677.0445787716772	2.433019027111186	trials	1.0	1.0	1.5	1.0		0.2	1677.912591961678	1677.912484845585	1678.977485461679	1677.6995132716777	1677.7003798516778	1677.827174980002	
1677.827174980002	0.49299999999993815	WheelMovementIntervals													-0.6290764399834075
1678.693174980002	0.44099999999980355	WheelMovementIntervals													0.055401706751410984
1679.597174980002	0.2279999999998381	WheelMovementIntervals													0.04171036397281114
1680.1596005716801	2.2677312420898943	trials	1.0	1.0	1.5	1.0		0.2	1680.875528971681	1680.875409801944	1681.927290451682	1680.6820816516806	1680.6830148916806	1680.788174980002	
1680.788174980002	0.70699999999988	WheelMovementIntervals													-2.103082646129508
1683.111938641683	2.637328852532164	trials	-1.0	1.0	1.5		0.0625	0.2	1684.1932638316841	1684.1931496502662	1685.2491915616852	1683.8486982916838	1683.8496648616838	1684.0151749800018	
1684.0151749800018	0.5960000000000036	WheelMovementIntervals													0.8019637941653741
1686.4394725216864	2.6545520983434017	trials	-1.0	1.0	1.5		0.125	0.2	1687.5334964416875	1687.533393166831	1688.5939237216885	1686.994083721687	1686.994983631687	1687.1661749800019	
1687.1661749800019	0.7570000000000618	WheelMovementIntervals													0.6952406716470705
1689.8041360216898	2.611529945179427	trials	-1.0	1.0	1.5		1.0	0.2	1690.850431381691	1690.8503472168743	1691.915624851692	1690.4156748616904	1690.4166747616905	1690.5331749800018	
1690.5331749800018	0.625	WheelMovementIntervals													0.28607762804296044
1693.116071461693	2.915732343393074	trials	-1.0	1.0	1.5		0.0	0.2	1694.4714025816945	1694.4712855651119	1695.5317298716955	1694.2270936816942	1694.2279602616943	1694.3531749800018	
1693.3141749800018	0.31500000000005457	WheelMovementIntervals													-0.2126221132365913
1694.3531749800018	0.8050000000000637	WheelMovementIntervals													0.5192589175726425
1695.4551749800019	0.18000000000006366	WheelMovementIntervals													-0.0636442386664271
1696.7387091616968	5.138469786670612	trials	1.0	1.0	1.5	0.0625		0.2	1700.3026860617003	1700.3025561759507	1701.3771452717015	1700.0104152917	1700.0112485417	1700.1111749800018	
1696.809174980002	2.5329999999999018	WheelMovementIntervals													-7.316695834671293
1700.1111749800018	0.9339999999999691	WheelMovementIntervals													-0.9758909296741081
1702.3231749800018	1.2290000000000418	WheelMovementIntervals													-0.844798663581912
1702.6278868517027	19.503964709189404	trials	1.0	-1.0	0.0		0.25	0.2	1719.5754585917196	1719.5744151134315	1721.6317862717217	1704.015514741704	1704.016547971704	1709.1691749800018	
1709.1691749800018	3.1760000000001583	WheelMovementIntervals													-0.26917570777726496
1719.104174980002	0.8589999999999236	WheelMovementIntervals													-0.46728619686751927
1720.279174980002	2.3450000000000273	WheelMovementIntervals													-1.064099446236753
1722.895859851723	3.930762596022305	trials	1.0	-1.0	0.0		0.0625	0.2	1724.2804213817244	1724.279481181413	1726.3265834117262	1723.4101084217234	1723.4111083217235	1723.7551749800018	
1723.7551749800018	2.6590000000001055	WheelMovementIntervals													-1.984151311962819
1727.5164310817274	19.814667073409964	trials	1.0	1.0	1.5	0.0		0.2	1745.7513740717457	1745.751275020838	1746.8310660917468	1728.097739611728	1728.0987395117281	1745.2051749800019	
1728.230174980002	0.41200000000003456	WheelMovementIntervals													0.032071519017790706
1737.671174980002	0.20299999999997453	WheelMovementIntervals													0.04326306874531838
1745.2051749800019	3.7950000000000728	WheelMovementIntervals													-1.313424498093525
1748.094806371748	3.3530243704101395	trials	-1.0	1.0	1.5		0.125	0.2	1749.8774280917498	1749.8773182641526	1750.947787711751	1749.6429515417497	1749.6439514417496	1749.738174980002	
1749.738174980002	0.5829999999998563	WheelMovementIntervals													0.4773445635275948
1750.634174980002	0.3409999999998945	WheelMovementIntervals													0.2317535610617938
1752.1567334717522	3.703052090341316	trials	1.0	-1.0	0.0		0.125	0.2	1753.3049186417534	1753.3041489925804	1755.3597131417553	1752.6930465017526	1752.6939130817527	1752.827174980002	
1752.827174980002	0.8309999999999036	WheelMovementIntervals													-0.7130417008397103
1756.5605930417566	2.754236312259991	trials	-1.0	1.0	1.5		0.0625	0.2	1757.7582066017578	1757.7581079603906	1758.8147342717589	1757.2145943017572	1757.2155608717571	1757.3291749800019	
1757.3291749800019	0.6749999999999545	WheelMovementIntervals													0.40231050945698144
1759.0151749800018	0.16300000000001091	WheelMovementIntervals													0.04582351011532637
1760.4135410417605	2.4511424376166815	trials	-1.0	1.0	1.5		1.0	0.2	1761.3006523217614	1761.3005556752462	1762.3645792517623	1761.076341421761	1761.0772080017612	1761.182174980002	
1761.182174980002	0.2459999999998672	WheelMovementIntervals													0.5439772332787243
1762.3901749800018	0.61200000000008	WheelMovementIntervals													0.14659666666136673
1763.5606929617636	2.554334842825483	trials	-1.0	1.0	1.5		0.25	0.2	1764.5497940417645	1764.5497056781749	1765.6150208417657	1764.026379721764	1764.0272129717641	1764.1851749800019	
1764.1851749800019	1.3240000000000691	WheelMovementIntervals													0.49475639827812756
1766.8093347317667	2.505638735771754	trials	-1.0	1.0	1.5		0.0625	0.2	1767.7637392817678	1767.7636487231935	1768.8148674917688	1767.4761347117676	1767.4771679417674	1767.6091749800019	
1767.6091749800019	0.2820000000001528	WheelMovementIntervals													0.41987986491767515
1768.539174980002	0.42399999999997817	WheelMovementIntervals													0.11731905708614931
1770.00688161177	2.2860288477072572	trials	-1.0	1.0	1.5		1.0	0.2	1770.7405749017707	1770.7404902274573	1771.792836331772	1770.4760346917706	1770.4771345817705	1770.5711749800018	
1770.5711749800018	0.3790000000001328	WheelMovementIntervals													0.41299677561494264
1772.989616641773	3.874765328427884	trials	-1.0	-1.0	0.0	0.0625		0.8	1774.3021187117743	1774.3013384188337	1776.3642791417765	1773.5812574717736	1773.5821240517737	1773.669174980002	
1773.669174980002	0.7369999999998527	WheelMovementIntervals													0.2945419321464442
1774.873174980002	0.07899999999995089	WheelMovementIntervals													-0.013824702874671857
1777.5631925717776	2.5128114092249234	trials	1.0	1.0	1.5	1.0		0.8	1778.5210967717785	1778.520996158274	1779.5759579417795	1778.2925529617783	1778.2934528717783	1778.4261749800019	
1778.4261749800019	0.6480000000001382	WheelMovementIntervals													-1.038068259196848
1779.451174980002	0.3029999999998836	WheelMovementIntervals													0.022810326751141474
1780.775904601781	2.800041657506881	trials	-1.0	1.0	1.5		0.0	0.8	1782.032145631782	1782.032022392409	1783.0758745817832	1781.3308491017813	1781.3317490117813	1781.3681749800019	
1781.3681749800019	0.9120000000000346	WheelMovementIntervals													0.4779341811181439
1782.6481749800018	0.25300000000015643	WheelMovementIntervals													0.027096606067573248
1784.2793542217844	3.5633626421924873	trials	1.0	-1.0	0.0		0.0	0.8	1785.2890532417853	1785.2880713883844	1787.3426478617873	1785.014580691785	1785.015713911785	1785.1671749800018	
1785.1671749800018	0.5030000000001564	WheelMovementIntervals													-0.7398974871899782
1788.5518269317886	2.524036511051918	trials	1.0	1.0	1.5	1.0		0.8	1789.5213299717896	1789.5212401865379	1790.5758245117906	1789.1643990017892	1789.1653655717892	1789.284174980002	
1789.284174980002	0.5289999999999964	WheelMovementIntervals													-0.8122586617853926
1790.230174980002	0.33199999999987995	WheelMovementIntervals													0.06393188835949104
1791.7771710317918	2.8153390371621754	trials	1.0	1.0	1.5	0.0		0.8	1793.024079661793	1793.0239874342712	1794.092472811794	1792.4644689617926	1792.4653355417925	1792.4841749800019	
1792.4841749800019	0.7430000000001655	WheelMovementIntervals													-0.5661049819585742
1794.3701749800018	0.09300000000007458	WheelMovementIntervals													0.004203368979744937
1794.718174980002	0.12599999999997635	WheelMovementIntervals													0.03334818142383256
1795.3118175317954	2.314126429064345	trials	1.0	1.0	1.5	0.125		0.8	1796.065908781796	1796.0658254914767	1797.1258694417972	1795.8644289317958	1795.8653288417959	1795.979174980002	
1795.979174980002	0.4049999999999727	WheelMovementIntervals													-1.178152160216598
1796.873174980002	0.2259999999998854	WheelMovementIntervals													0.025606784613955824
1798.075174980002	3.502999999999929	WheelMovementIntervals													-1.0003577660289693
1798.3175502617983	5.5462666231737785	trials	-1.0	1.0	1.5		0.0625	0.8	1802.2917194718023	1802.2915972825415	1803.3637455918033	1802.030645581802	1802.031612151802	1802.1561749800019	
1802.1561749800019	0.4149999999999636	WheelMovementIntervals													0.6271254303501905
1803.0511749800019	0.12000000000011823	WheelMovementIntervals													-0.01813159207648596
1804.5853234218046	3.578661391084779	trials	-1.0	1.0	1.5		0.25	0.8	1806.5937558918067	1806.5936567518916	1807.6639155318078	1806.3088510518064	1806.3099176118064	1806.452174980002	
1804.6091749800019	0.24500000000011823	WheelMovementIntervals													-0.040966643105662115
1805.337174980002	0.09500000000002728	WheelMovementIntervals													0.018729455948857776
1806.452174980002	0.37599999999997635	WheelMovementIntervals													0.29885588583505296
1808.8646954418089	4.0440510577429905	trials	-1.0	-1.0	0.0	0.0		0.8	1810.3419143718104	1810.3410137158514	1812.4087076718124	1809.3922093518095	1809.3932425818093	1809.824174980002	
1809.824174980002	0.8199999999999363	WheelMovementIntervals													0.31737527504276386
1813.6190532918135	2.4066455471675	trials	1.0	1.0	1.5	1.0		0.8	1814.4620689818146	1814.4619681937345	1815.5255959518156	1814.2473904518142	1814.2482237018144	1814.371174980002	
1814.371174980002	0.2749999999998636	WheelMovementIntervals													-0.9046066185993595
1816.7346083718166	2.5575329424457323	trials	1.0	1.0	1.5	0.125		0.8	1817.7328085418178	1817.7327204475278	1818.7920359418188	1817.4806004318175	1817.4815336718175	1817.6481749800018	
1817.6481749800018	0.5070000000000618	WheelMovementIntervals													-1.3616787126275653
1818.588174980002	2.229000000000042	WheelMovementIntervals													-0.4582015451875918
1820.00524794182	3.058620765229307	trials	-1.0	1.0	1.5		0.25	0.8	1821.5066644518215	1821.506557152642	1822.5638587218225	1821.2807870418212	1821.2818202718213	1821.404174980002	
1821.404174980002	0.9059999999999491	WheelMovementIntervals													0.545592856476901
1823.7736710618237	2.635054330412231	trials	1.0	1.0	1.5	0.125		0.8	1824.8651952318248	1824.865092322525	1825.908624211826	1824.4752009018246	1824.4761341418246	1824.563174980002	
1824.563174980002	0.6140000000000327	WheelMovementIntervals													-1.0498834746564398
1826.0611749800019	0.24400000000014188	WheelMovementIntervals													0.027783200263684193
1827.1212362718272	2.5207347966338602	trials	1.0	1.0	1.5	0.0625		0.8	1828.096138771828	1828.096048954865	1829.1418675218292	1827.7966020618278	1827.797468641828	1827.9831749800019	
1827.9831749800019	0.3690000000001419	WheelMovementIntervals													-0.8611358093453987
1830.3654784818305	2.26482887903785	trials	1.0	1.0	1.5	0.0		0.8	1831.0853731518312	1831.0852870245337	1832.130201991832	1830.846097081831	1830.8470969818309	1830.977174980002	
1830.977174980002	0.46499999999991815	WheelMovementIntervals													-1.2831548955198855
1833.3449138418334	2.702521471229602	trials	1.0	1.0	1.5	0.0625		0.8	1834.4901326418344	1834.490022092153	1835.5473602418356	1834.058509141834	1834.059742351834	1834.327174980002	
1834.327174980002	0.3630000000000564	WheelMovementIntervals													-0.6308457250720494
1836.7648384818367	2.415744288917267	trials	1.0	1.0	1.5	0.125		0.8	1837.6060543518377	1837.6059532060074	1838.6805135618388	1837.4085074418374	1837.4094073518374	1837.516174980002	
1837.516174980002	0.6539999999999964	WheelMovementIntervals													-1.5028873774750195
1839.8849931018399	2.4068446052424406	trials	1.0	1.0	1.5	0.0625		0.8	1840.7384077518407	1840.7383082069682	1841.7917357418419	1840.4752674018405	1840.4760339918405	1840.625174980002	
1840.625174980002	0.6320000000000618	WheelMovementIntervals													-1.5220863849463626
1842.999948241843	2.4804135747965574	trials	1.0	1.0	1.5	1.0		0.8	1843.920756151844	1843.9206525382897	1844.980283521845	1843.6974118218436	1843.6983783918438	1843.814174980002	
1843.814174980002	0.4249999999999545	WheelMovementIntervals													-0.8674538861644692
1846.1843631018462	5.012281684918889	trials	1.0	1.0	1.5	0.0625		0.8	1849.6297185318497	1849.6296178742762	1850.6965451718506	1849.4082740118495	1849.4093405718495	1849.526174980002	
1846.415174980002	1.1340000000000146	WheelMovementIntervals													-1.6916822377854146
1847.883174980002	0.8179999999999836	WheelMovementIntervals													-0.5429943925435623
1849.526174980002	0.41599999999994	WheelMovementIntervals													-1.181858214894703
1851.936054541852	2.7937412681383194	trials	-1.0	1.0	1.5		1.0	0.8	1853.171964271853	1853.1718719121961	1854.2297251518542	1852.6582823118526	1852.6593155418527	1852.806174980002	
1852.806174980002	0.6510000000000673	WheelMovementIntervals													0.34384347831337436
1853.621174980002	0.5099999999999909	WheelMovementIntervals													-0.03986313200925906
1855.4428038318554	2.4036190527408507	trials	1.0	1.0	1.5	0.25		0.8	1856.2885192518563	1856.2884098311006	1857.3463467918573	1856.024845621856	1856.025945511856	1856.155174980002	
1856.155174980002	0.49500000000011823	WheelMovementIntervals													-0.8023103332209871
1858.5550259118586	2.4032440429448343	trials	1.0	1.0	1.5	0.125		0.8	1859.3993414718593	1859.3992406807602	1860.4581689118604	1859.1581655918592	1859.159332141859	1859.302174980002	
1859.302174980002	0.47100000000000364	WheelMovementIntervals													-1.4171290855378516
1861.6754805018618	3.2824551808662363	trials	1.0	-1.0	0.0		0.0625	0.8	1862.4085738518625	1862.4076923648297	1864.4578689018645	1862.163365041862	1862.1645982518621	1862.278174980002	
1862.278174980002	0.5989999999999327	WheelMovementIntervals													-1.091011576538449
1865.6911455618656	3.083543648645673	trials	-1.0	1.0	1.5		0.25	0.8	1867.2210592218673	1867.2209662247672	1868.2745871918682	1866.9466533318669	1866.947553241867	1867.062174980002	
1865.949174980002	0.2519999999999527	WheelMovementIntervals													-0.12015004238793381
1867.062174980002	0.42399999999997817	WheelMovementIntervals													0.39264764777237815
1869.5084971218696	2.3048261404537698	trials	1.0	1.0	1.5	0.25		0.8	1870.2517894518703	1870.2517049061328	1871.3132832918714	1870.01347995187	1870.01487981187	1870.148174980002	
1870.148174980002	0.35199999999986176	WheelMovementIntervals													-0.9382259201149736
1871.179174980002	0.3849999999999909	WheelMovementIntervals													0.07145178821252784
1872.5255287218724	2.4660379960932914	trials	1.0	1.0	1.5	0.125		0.8	1873.4313381318734	1873.4312419423247	1874.4914321118745	1873.158065461873	1873.1591986818732	1873.294174980002	
1873.294174980002	0.375	WheelMovementIntervals													-0.7074408632738596
1874.078174980002	0.6920000000000073	WheelMovementIntervals													0.21772610471333564
1875.7248754218758	2.305524737166934	trials	1.0	1.0	1.5	0.0625		0.8	1876.4641681518765	1876.4640827119645	1877.5302948618776	1876.2462232818762	1876.2471898518763	1876.370174980002	
1876.370174980002	0.4880000000000564	WheelMovementIntervals													-1.3701580753349276
1877.598174980002	0.26799999999980173	WheelMovementIntervals													0.10589547675215272
1878.7496062518787	2.362820500074804	trials	1.0	1.0	1.5	0.0625		0.8	1879.5493262718796	1879.5492128509363	1880.6124199518806	1879.2746537418793	1879.2754869918792	1879.409174980002	
1879.409174980002	0.36999999999989086	WheelMovementIntervals													-0.6878453756769431
1881.828531661882	2.3460472858796493	trials	1.0	1.0	1.5	0.25		0.8	1882.6024542618827	1882.6023469287184	1883.6745137118837	1882.3745770518824	1882.3754769618824	1882.500174980002	
1882.500174980002	0.9350000000001728	WheelMovementIntervals													-1.865434230650692
1884.899091241885	2.3136373184547665	trials	1.0	1.0	1.5	0.125		0.8	1885.6520826018857	1885.6520027353329	1886.7126765318867	1885.4132064918854	1885.4141064018854	1885.547174980002	
1885.547174980002	0.3170000000000073	WheelMovementIntervals													-0.7484449423830597
1886.474174980002	0.3999999999998636	WheelMovementIntervals													0.05198198402655407
1888.3690442118884	3.222132574339412	trials	1.0	1.0	1.5	1.0		0.8	1890.03264450189	1890.0325605130267	1891.0910719818912	1889.8241653518899	1889.8250985918899	1889.921174980002	
1888.542174980002	0.6179999999999382	WheelMovementIntervals													-0.7387072092134304
1889.921174980002	0.40200000000004366	WheelMovementIntervals													-1.059915809449251
1891.008174980002	0.05300000000011096	WheelMovementIntervals													0.008163790661456005
1892.3152828818922	3.4476425250563807	trials	1.0	-1.0	0.0		0.125	0.8	1893.1973946618932	1893.196593241189	1895.2628214318952	1892.9126898018928	1892.9137563618929	1893.026174980002	
1893.026174980002	0.4370000000001255	WheelMovementIntervals													-0.6500980954991746
1896.176174980002	0.2539999999999054	WheelMovementIntervals													-0.13714096340521564
1896.4907319618965	2.3172237748713087	trials	1.0	1.0	1.5	0.125		0.8	1897.2471563118972	1897.2470390688882	1898.3078502318983	1896.957451951897	1896.958385191897	1897.1171749800021	
1897.1171749800021	0.3989999999998872	WheelMovementIntervals													-0.9169715302925283
1899.5374605918996	30.608112633532983	trials	1.0	-1.0	0.0		0.125	0.8	1927.5865554019276	1927.5857368830784	1929.6455494819297	1900.0461430519001	1900.0470429619002	1900.214174980002	
1900.214174980002	1.3840000000000146	WheelMovementIntervals													0.27187576598242913
1908.4431749800021	0.58199999999988	WheelMovementIntervals													-0.20613886480919064
1927.528174980002	0.7850000000000819	WheelMovementIntervals													-0.9248647811383535
1928.620174980002	0.9570000000001073	WheelMovementIntervals													-0.36238594027696536
1930.982382451931	2.596327552318826	trials	-1.0	1.0	1.5		1.0	0.8	1932.003013711932	1932.002892495501	1933.0786728019332	1931.7072432919317	1931.7081765319317	1931.849174980002	
1931.849174980002	0.9839999999999236	WheelMovementIntervals													0.4321447156175964
1934.3202153019342	2.4918358601617	trials	1.0	1.0	1.5	0.0625		0.8	1935.2482558219353	1935.2481279108188	1936.3120161019363	1934.923688281935	1934.924488201935	1934.950174980002	
1934.950174980002	0.6690000000000964	WheelMovementIntervals													-1.1712895029594392
1936.219174980002	1.3120000000001255	WheelMovementIntervals													0.13542319336784203
1937.5479591619376	2.325848023785966	trials	1.0	1.0	1.5	0.125		0.8	1938.3086830819384	1938.3085742129572	1939.3737099019395	1938.040376581938	1938.041143171938	1937.778174980002	
1937.778174980002	1.1820000000000164	WheelMovementIntervals													-1.2616487898890796
1940.6003205619406	2.289825423139291	trials	1.0	1.0	1.5	0.0625		0.8	1941.3181154419412	1941.318028216967	1942.3901082319423	1941.112302691941	1941.1134692419412	1941.2311749800022	
1941.2311749800022	0.44499999999993634	WheelMovementIntervals													-1.2586506596393292
1942.8671749800021	0.30399999999985994	WheelMovementIntervals													0.08473831594966441
1943.6211517819436	2.4580385765880237	trials	1.0	1.0	1.5	0.25		0.8	1944.5046634219445	1944.5045649274812	1945.5791226319457	1944.2954843419443	1944.2964509119442	1944.409174980002	
1944.409174980002	0.36799999999993815	WheelMovementIntervals													-0.9867573205348208
1945.223174980002	0.2139999999999418	WheelMovementIntervals													0.012903502222513907
1945.916174980002	0.14200000000005275	WheelMovementIntervals													0.01132362639572193
1946.8125992719467	2.4945360461658765	trials	1.0	1.0	1.5	1.0		0.8	1947.7552050019478	1947.7551121356412	1948.807066471949	1947.5403598219475	1947.5414263819475	1947.6631749800022	
1947.6631749800022	0.4339999999999691	WheelMovementIntervals													-1.0864273093144448
1948.3651749800022	0.5519999999999072	WheelMovementIntervals													0.10561777924272064
1950.03864330195	2.5060349077941737	trials	1.0	1.0	1.5	0.0625		0.8	1950.988148341951	1950.9880557690828	1952.044576021952	1950.7455059419508	1950.7464058519508	1950.881174980002	
1950.881174980002	0.4919999999999618	WheelMovementIntervals													-1.2517546867111378
1952.418174980002	0.23600000000010368	WheelMovementIntervals													0.07225694297488872
1953.2705867419534	3.2362314420679468	trials	1.0	-1.0	0.0		0.25	0.8	1953.963050821954	1953.9621932476477	1956.0067464319561	1953.7401064519538	1953.7413729919538	1953.853174980002	
1953.853174980002	0.6430000000000291	WheelMovementIntervals													-1.0939827818916683
1957.2401230819573	2.250027147033279	trials	1.0	1.0	1.5	1.0		0.8	1957.935553531958	1957.9354311619682	1958.990048071959	1957.7287742119577	1957.7296741219577	1957.823174980002	
1957.823174980002	0.72199999999998	WheelMovementIntervals													-0.9636452257713017
1960.2261577819602	2.319048566886977	trials	1.0	1.0	1.5	0.0625		0.8	1960.996380751961	1960.9962732460087	1962.045109201962	1960.7955675019607	1960.796667391961	1960.897174980002	
1960.897174980002	0.6649999999999636	WheelMovementIntervals													-0.5925143664563279
1962.0201749800021	0.28599999999983083	WheelMovementIntervals													0.12771718685689848
1963.2794190919633	2.4491375390221037	trials	1.0	1.0	1.5	1.0		0.8	1964.175129511964	1964.1750320880526	1965.2284908319652	1963.973349691964	1963.974316261964	1964.092174980002	
1964.092174980002	0.4519999999999982	WheelMovementIntervals													-1.5044223321305026
1964.900174980002	0.3040000000000873	WheelMovementIntervals													0.0674199244722331
1966.4811655519666	2.5921290202575165	trials	-1.0	1.0	1.5		1.0	0.8	1967.5235613019674	1967.5234764169768	1968.5731896619686	1967.023411321967	1967.024277901967	1967.1461749800021	
1967.1461749800021	0.5960000000000036	WheelMovementIntervals													0.28219201946768635
1968.0971749800021	0.6449999999999818	WheelMovementIntervals													-0.24032411384479246
1969.80140016197	2.3604198015507336	trials	1.0	1.0	1.5	0.0625		0.8	1970.6116191319707	1970.6115066147447	1971.6617807719717	1970.3786757619705	1970.3796090019705	1970.517174980002	
1970.517174980002	0.6070000000001983	WheelMovementIntervals													-1.640956061283248
1972.888524751973	2.434539751235434	trials	-1.0	1.0	1.5		1.0	0.8	1973.7691366819738	1973.769038405674	1974.8230312819749	1973.4898312819735	1973.4909311719734	1973.628174980002	
1973.628174980002	0.650000000000091	WheelMovementIntervals													0.30653150287815834
1976.062673971976	14.865990984694463	trials	1.0	-1.0	0.0		0.0625	0.8	1988.3598441319884	1988.3590302900543	1990.4286039019905	1976.7119757019768	1976.7129089419768	1976.8671749800021	
1976.8671749800021	0.45900000000006	WheelMovementIntervals													0.14367982729459072
1988.005174980002	0.9880000000000564	WheelMovementIntervals													-1.44333269566107
1989.7801749800021	0.30700000000001637	WheelMovementIntervals													-0.10659267166096242
1991.7353732119918	2.443237978688103	trials	1.0	1.0	1.5	0.0625		0.8	1992.6158851519926	1992.6157861767967	1993.6785122119936	1992.2229577819921	1992.2237910319923	1992.4601749800022	
1992.4601749800022	0.4479999999998654	WheelMovementIntervals													-0.43650482087167575
1994.931120271995	2.3470446865221675	trials	1.0	1.0	1.5	1.0		0.8	1995.7086425119958	1995.7085344110976	1996.7780688919968	1995.4897310719955	1995.4907976319955	1995.601174980002	
1995.601174980002	0.8959999999999582	WheelMovementIntervals													-0.5718300324153915
1998.033276691998	2.4898350204534836	trials	1.0	1.0	1.5	0.125		0.8	1998.965683441999	1998.9655890564225	2000.023044362	1998.7394727319988	1998.7404393019988	1998.8551749800022	
1998.8551749800022	0.39599999999995816	WheelMovementIntervals													-0.7943882668666333
1999.516174980002	0.35200000000008913	WheelMovementIntervals													0.0739779456957308
2001.2703196220014	2.5359320826478324	trials	-1.0	1.0	1.5		1.0	0.8	2002.2399226520022	2002.23983112289	2003.3061493520033	2001.894723842002	2001.895757072002	2002.0171749800022	
2002.0171749800022	1.1369999999999436	WheelMovementIntervals													0.4760474772991756
2003.435174980002	0.34600000000000364	WheelMovementIntervals													0.06162948152592662
2004.5478585020046	2.4797347796040867	trials	1.0	1.0	1.5	0.25		0.8	2005.4581674620056	2005.4580705340938	2006.5275605120066	2005.2279571520053	2005.2290570420053	2005.3661749800021	
2005.3661749800021	0.6489999999998872	WheelMovementIntervals													-2.077248246069985
2006.764174980002	0.3790000000001328	WheelMovementIntervals													0.12624324583879343
2007.7773021920077	2.3788169713973275	trials	1.0	1.0	1.5	0.0625		0.8	2008.6055193620086	2008.6054077519154	2009.6560143020097	2008.3894076420083	2008.3903742120085	2008.525174980002	
2008.525174980002	0.9120000000000346	WheelMovementIntervals													-1.6001141085035897
2010.900623162011	2.260651684755885	trials	1.0	1.0	1.5	1.0		0.8	2011.6145517620116	2011.6144391660644	2012.6612137520126	2011.3949737220114	2011.3960069520115	2011.5091749800022	
2011.5091749800022	0.5380000000000109	WheelMovementIntervals													-1.5111038584303174
2013.9036894920139	2.285625038701255	trials	1.0	1.0	1.5	0.0625		0.8	2014.6433821820146	2014.643296947128	2015.6892442520157	2014.3726759220144	2014.3736758220143	2014.5361749800022	
2014.5361749800022	0.8840000000000146	WheelMovementIntervals													-1.0723266201956108
2016.931520012017	2.3246215203689644	trials	1.0	1.0	1.5	0.25		0.8	2017.7137084520177	2017.7136265795414	2018.7560708720189	2017.5442254020177	2017.5453252920177	2017.5011749800021	
2017.5011749800021	0.5730000000000928	WheelMovementIntervals													-1.2839289099673579
2018.6061749800022	0.29099999999994	WheelMovementIntervals													0.06189519292371415
2020.00634583202	2.399742096888531	trials	1.0	1.0	1.5	0.0		0.8	2020.8653599220208	2020.865260183476	2021.906055842022	2020.6775453720206	2020.6786452620206	2020.7681749800022	
2020.7681749800022	0.5460000000000491	WheelMovementIntervals													-1.6460505546592685
2023.1477983220232	2.2414272453299873	trials	1.0	1.0	1.5	0.0		0.8	2023.8489948620238	2023.8489062186436	2024.889190832025	2023.6099854320237	2023.6109520020236	2023.7181749800022	
2023.7181749800022	0.41099999999983083	WheelMovementIntervals													-0.7387614699778169
2026.1434320620262	2.4341377660571197	trials	1.0	1.0	1.5	0.0625		0.8	2027.012545142027	2027.0124448308845	2028.0774719720282	2026.794566942027	2026.7956001720268	2026.9151749800021	
2026.9151749800021	0.8489999999999327	WheelMovementIntervals													-1.9637632866150625
2029.3400790320293	2.320621699664116	trials	1.0	1.0	1.5	0.0625		0.8	2030.1030693920302	2030.1029855083116	2031.1605969620311	2029.98918078203	2029.99024734203	2029.964174980002	
2029.964174980002	0.40599999999994907	WheelMovementIntervals													-0.8617645910764509
2032.4123051120325	3.36524648396653	trials	1.0	-1.0	0.0		0.0625	0.8	2033.2078922120331	2033.206815614377	2035.2774519020354	2032.972515752033	2032.973548982033	2033.0971749800021	
2033.0971749800021	0.3969999999999345	WheelMovementIntervals													-1.1282336890107558
2036.5337595920366	2.4603369205663057	trials	1.0	1.0	1.5	0.0625		0.8	2037.4254704120374	2037.425372247059	2038.4939968820386	2037.1553640920372	2037.156197342037	2037.2971749800022	
2037.2971749800022	0.3999999999998636	WheelMovementIntervals													-0.8264990726847827
2039.7444051620398	2.3279451396817876	trials	1.0	1.0	1.5	0.0625		0.8	2040.5097286220405	2040.509619342398	2041.5722223620417	2040.2890840220402	2040.2901839120402	2040.4211749800022	
2040.4211749800022	0.7690000000000055	WheelMovementIntervals													-2.846425335552567
2041.6031749800022	0.2929999999998927	WheelMovementIntervals													-0.014161187648824125
2042.3151749800022	2.2059999999999036	WheelMovementIntervals													-1.1769894118676234
2042.8375624820428	4.068043182157453	trials	1.0	1.0	1.5	0.125		0.8	2045.3520776720454	2045.3519873183118	2046.4055723120464	2045.1605634920452	2045.1614634020452	2045.2311749800022	
2045.2311749800022	0.5460000000000491	WheelMovementIntervals													-1.1377650981549436
2046.7651749800023	0.45899999999983265	WheelMovementIntervals													-0.037114270999381915
2047.6910104220476	3.1812612088517653	trials	-1.0	1.0	1.5		1.0	0.8	2049.309048602049	2049.3089405345654	2050.3721756120503	2048.5604568020485	2048.5614567020484	2048.6771749800023	
2047.7221749800021	0.2969999999997981	WheelMovementIntervals													-0.02754994002714284
2048.6771749800023	1.7229999999999563	WheelMovementIntervals													0.4588473697276072
2051.625083642052	2.2971126466923124	trials	1.0	1.0	1.5	1.0		0.8	2052.3652762820525	2052.3651870722942	2053.4221039220533	2052.177161762052	2052.178095002052	2052.2801749800024	
2052.2801749800024	0.2749999999996362	WheelMovementIntervals													-0.716111540717236
2053.212174980002	0.12100000000009459	WheelMovementIntervals													0.010002229553379038
2055.1289998820553	2.326646974194773	trials	1.0	1.0	1.5	1.0		0.8	2055.889023872056	2055.888914244622	2056.955550542057	2055.6937434020556	2055.6947099720555	2055.779174980002	
2055.779174980002	0.806999999999789	WheelMovementIntervals													-1.1968841325203243
2056.807174980002	0.23900000000003274	WheelMovementIntervals													0.09980479696884004
2058.212558162058	2.547928136909377	trials	1.0	1.0	1.5	0.0		0.8	2059.199559452059	2059.1994686732264	2060.2604533520603	2058.943585052059	2058.944718272059	2059.080174980002	
2059.080174980002	0.34400000000005093	WheelMovementIntervals													-0.7994304208232847
2059.9961749800023	0.6219999999998436	WheelMovementIntervals													0.2869896012750246
2061.5259934520614	2.245926887934729	trials	1.0	1.0	1.5	0.25		0.8	2062.2278232620624	2062.227701227941	2063.2718855120634	2062.021977182062	2062.023010412062	2062.0921749800023	
2062.0921749800023	0.4499999999998181	WheelMovementIntervals													-1.0482449908960803
2062.817174980002	0.10500000000001819	WheelMovementIntervals													0.03228169970759609
2064.5265267020645	2.2622500130778462	trials	1.0	1.0	1.5	0.25		0.8	2065.2530540420653	2065.252942119211	2066.2886504720664	2065.043974952065	2065.044974852065	2065.0791749800023	
2065.0791749800023	0.6509999999998399	WheelMovementIntervals													-1.3025643668925682
2067.5509908920676	2.270924676050072	trials	1.0	1.0	1.5	0.25		0.8	2068.278284822068	2068.27819815351	2069.3218471220694	2068.043841602068	2068.044641522068	2068.171174980002	
2068.171174980002	0.40200000000004366	WheelMovementIntervals													-0.9731369476995724
2070.5814211520706	2.279022716835243	trials	1.0	1.0	1.5	0.125		0.8	2071.3038155720715	2071.3037277180015	2072.3603765720723	2071.060306592071	2071.0612731620713	2071.1951749800023	
2071.1951749800023	0.69399999999996	WheelMovementIntervals													-1.2147175813607873
2073.6275498420737	2.4165389339468675	trials	1.0	1.0	1.5	0.0		0.8	2074.4817644120744	2074.4816632496345	2075.5440248420755	2074.255153742074	2074.2562536320743	2074.3381749800023	
2074.3381749800023	0.40499999999974534	WheelMovementIntervals													-0.9927552881326847
2075.4091749800023	0.625999999999749	WheelMovementIntervals													0.10357117241181868
2076.8050987220768	2.305121542156485	trials	1.0	1.0	1.5	0.125		0.8	2077.5408251420777	2077.5407049583346	2078.6101848620788	2077.3382787320775	2077.3392453020774	2077.4451749800023	
2077.4451749800023	0.32799999999997453	WheelMovementIntervals													-0.7518186939055909
2078.330174980002	0.8670000000001892	WheelMovementIntervals													-0.13969479004958885
2079.86842569208	2.386742138221962	trials	1.0	1.0	1.5	1.0		0.8	2080.6908434420807	2080.690739865602	2081.755137002082	2080.5048953720807	2080.5059286020805	2080.5901749800023	
2080.5901749800023	0.4819999999999709	WheelMovementIntervals													-1.0968923444881398
2083.004278742083	2.505832248250954	trials	1.0	1.0	1.5	0.125		0.8	2083.951983962084	2083.9518901808333	2085.0100114820852	2083.6767114920835	2083.6778447120837	2083.661174980002	
2083.661174980002	0.8440000000000509	WheelMovementIntervals													-1.2774359288734445
2086.275718232086	3.1126382607581036	trials	1.0	1.0	1.5	1.0		0.8	2087.824330022088	2087.824236271586	2088.888356942089	2087.421603632087	2087.4225035420873	2087.5391749800024	
2086.3041749800022	0.5489999999999782	WheelMovementIntervals													-0.9284313818684495
2087.5391749800024	0.5259999999998399	WheelMovementIntervals													-0.6225961622313889
2088.942174980002	0.0929999999998472	WheelMovementIntervals													0.017782266201493258
2089.3651749800024	0.1299999999996544	WheelMovementIntervals													0.012337614161253896
2090.1565634420904	2.253450151848938	trials	1.0	1.0	1.5	1.0		0.8	2090.844394652091	2090.8442781372164	2091.909921422092	2090.6427148220905	2090.6438147120907	2090.7511749800024	
2090.7511749800024	0.8229999999998654	WheelMovementIntervals													-0.9824548480401063
2093.1774279920933	2.3659173846021986	trials	1.0	1.0	1.5	0.125		0.8	2093.976914702094	2093.9768331903015	2095.043308052095	2093.771735222094	2093.7728017820937	2093.877174980002	
2093.877174980002	0.3589999999999236	WheelMovementIntervals													-0.8381601250379731
2094.709174980002	0.23400000000037835	WheelMovementIntervals													0.12534215933749238
2096.3069483420963	2.619849338181666	trials	1.0	1.0	1.5	0.125		0.8	2097.360976262097	2097.360867385409	2098.4267363420986	2096.921620202097	2096.9224534520968	2097.082174980002	
2097.082174980002	0.5130000000003747	WheelMovementIntervals													-0.7491350601471254
2099.6945095520996	2.3603182348838345	trials	1.0	1.0	1.5	0.125		0.8	2100.5003956221003	2100.5003150946404	2101.5547235121016	2100.2713518621003	2100.2724184221	2100.395174980002	
2100.395174980002	0.3710000000000946	WheelMovementIntervals													-1.1391191226067008
2102.813031002103	2.4419355182299114	trials	1.0	1.0	1.5	1.0		0.8	2103.693742922104	2103.693643089465	2104.7549367921047	2103.4763646621036	2103.4774645521034	2103.589174980002	
2103.589174980002	0.5060000000003129	WheelMovementIntervals													-1.5696805167272032
2104.3401749800023	0.17599999999993088	WheelMovementIntervals													0.01577932628532608
2105.0951749800024	0.07999999999992724	WheelMovementIntervals													0.024982287871353037
2106.028076132106	2.681844120630103	trials	1.0	1.0	1.5	0.0		0.8	2107.1449977621073	2107.1448940891128	2108.2098246021083	2106.7599362721066	2106.761036162107	2106.9211749800024	
2106.9211749800024	0.4849999999996726	WheelMovementIntervals													-0.6930226949052098
2107.728174980002	0.1570000000001528	WheelMovementIntervals													0.033806732532923434
2109.4823306721096	6.505793812194042	trials	-1.0	1.0	1.5		0.125	0.8	2114.4372018021145	2114.4371005956746	2115.4880300421155	2110.00451178211	2110.00571166211	2110.230174980002	
2110.230174980002	0.38400000000001455	WheelMovementIntervals													0.1351357954357013
2114.199174980002	0.543999999999869	WheelMovementIntervals													0.13318831921122865
2116.784433722117	2.270023486293212	trials	1.0	1.0	1.5	1.0		0.8	2117.4772311021175	2117.4771402787433	2118.5544233721184	2117.276284532117	2117.2776510621175	2117.3921749800024	
2117.3921749800024	0.9029999999997926	WheelMovementIntervals													-0.5889681607664556
2119.82926254212	2.54202908256957	trials	1.0	1.0	1.5	0.125		0.8	2120.799865472121	2120.7997728818577	2121.871191662122	2120.5260261921208	2120.5269594321207	2120.6681749800023	
2120.6681749800023	0.6860000000001492	WheelMovementIntervals													-0.8222768429267262
2123.142597842123	2.3616416007239422	trials	1.0	1.0	1.5	0.0625		0.8	2123.9565164421238	2123.9564114883974	2125.004178332125	2123.726139482124	2123.7272727021236	2123.819174980002	
2123.819174980002	0.4580000000000837	WheelMovementIntervals													-1.152145824808656
2124.622174980002	0.31300000000010186	WheelMovementIntervals													0.048411368333404425
2126.2824504921264	2.3101205949492396	trials	1.0	1.0	1.5	1.0		0.8	2127.034141982127	2127.03405654206	2128.092502802128	2126.7929994321266	2126.7939326721266	2126.926174980002	
2126.926174980002	0.43400000000019645	WheelMovementIntervals													-1.0325345541916136
2129.3671753221292	2.65904562407286	trials	1.0	1.0	1.5	0.0625		0.8	2130.4773976221304	2130.4772935346327	2131.5261594021317	2130.12086661213	2130.12193317213	2130.2351749800023	
2130.2351749800023	0.387000000000171	WheelMovementIntervals													-0.5045069246484672
2131.265174980002	0.37700000000040745	WheelMovementIntervals													0.0851317997029355
2132.803131692133	3.8229590781706975	trials	1.0	-1.0	0.0		0.0	0.8	2134.066205372134	2134.065350867693	2136.126032702136	2133.3044148921335	2133.3052148121333	2133.5431749800023	
2133.5431749800023	1.0410000000001673	WheelMovementIntervals													-0.9394857244131458
2137.4240028921377	2.2851222722274542	trials	1.0	1.0	1.5	0.25		0.8	2138.1558963621383	2138.155809704535	2139.209024372139	2137.9210198521378	2137.921853102138	2138.036174980002	
2138.036174980002	0.6640000000002146	WheelMovementIntervals													-0.9506605721706478
2140.4823303621406	2.4767328590664874	trials	1.0	1.0	1.5	1.0		0.8	2141.3957390121413	2141.3956417416225	2142.4590326721423	2141.154163172141	2141.155163072141	2141.2421749800023	
2141.2421749800023	0.9049999999997453	WheelMovementIntervals													-1.3381582261074527
2142.357174980002	0.06899999999995998	WheelMovementIntervals													0.0023449181196042446
2143.742470982144	2.511729550497421	trials	1.0	1.0	1.5	0.0625		0.2	2144.708374382145	2144.708281575865	2145.7541697921456	2144.3877064521444	2144.3888063421446	2144.5521749800023	
2144.5521749800023	0.3409999999998945	WheelMovementIntervals													-0.6335606717175892
2145.493174980002	0.25600000000031287	WheelMovementIntervals													0.054472415312091016
2147.046407222147	2.357841853036007	trials	-1.0	1.0	1.5		1.0	0.2	2147.848227032148	2147.848120772979	2148.904188092149	2147.5589892921475	2147.5597892121477	2147.6881749800023	
2147.6881749800023	0.4070000000001528	WheelMovementIntervals													0.31356164696165933
2150.1826602321503	2.5932238324076025	trials	-1.0	1.0	1.5		0.25	0.2	2151.2207897421513	2151.2206689711684	2152.275784232152	2150.742637562151	2150.743437482151	2150.8921749800024	
2150.8921749800024	0.6329999999998108	WheelMovementIntervals													0.36233133700170583
2152.317174980002	0.1390000000001237	WheelMovementIntervals													0.012846015201262162
2153.5642887021536	6.860790699101926	trials	1.0	-1.0	0.0		0.0	0.2	2157.8713912821577	2157.870444373891	2159.9249859021597	2156.853859712157	2156.854726292157	2156.973174980002	
2153.710174980002	2.405999999999949	WheelMovementIntervals													-1.7515781394580472
2156.973174980002	1.1290000000003602	WheelMovementIntervals													-0.3097940181465333
2161.238087912161	2.6545450026264916	trials	-1.0	1.0	1.5		0.125	0.2	2162.3399110521623	2162.3398057595746	2163.3926057721633	2161.7204730021617	2161.721339582162	2161.8561749800024	
2161.8561749800024	1.056999999999789	WheelMovementIntervals													0.44743588313787086
2164.680143672165	63.17583434494327	trials	0.0	-1.0	0.0		0.0625	0.2	2225.3569087222254	2225.3559430790165	2225.5913852722256	2165.3538429621653	2165.3549761821655	2165.5191749800024	
2165.5191749800024	0.31199999999989814	WheelMovementIntervals													0.17011299181001505
2170.699174980002	0.5650000000000546	WheelMovementIntervals													-0.45867772344035984
2172.2311749800024	0.5779999999999745	WheelMovementIntervals													-0.054294517623759475
2175.826174980002	0.18600000000014916	WheelMovementIntervals													-0.055366336917643366
2225.4291749800022	0.3989999999998872	WheelMovementIntervals													-0.29313142993760266
2228.881789532229	2.8764536411827066	trials	-1.0	1.0	1.5		0.25	0.2	2230.19632473223	2230.1962131301725	2231.2581185422314	2229.5696874022296	2229.5705539822297	2229.719174980002	
2229.719174980002	0.8580000000001746	WheelMovementIntervals													0.3630285199603236
2231.2441749800023	0.19099999999980355	WheelMovementIntervals													0.010016370154687593
2232.5552554822325	7.247785262650723	trials	-1.0	1.0	1.5		0.25	0.2	2238.2424200422383	2238.2423208153127	2239.3029139822393	2237.986278992238	2237.987145572238	2238.0661749800024	
2232.7051749800025	0.6599999999998545	WheelMovementIntervals													0.12996389686628618
2233.806174980002	3.5140000000001237	WheelMovementIntervals													-1.6166402857627418
2238.0661749800024	3.2399999999997817	WheelMovementIntervals													-0.7951098651190591
2240.6271482122406	4.175560386474444	trials	1.0	-1.0	0.0		0.0625	0.2	2242.2601182322423	2242.2591710326647	2244.3026139622443	2241.791265122242	2241.792131702242	2241.853174980002	
2241.853174980002	1.0640000000003056	WheelMovementIntervals													-0.6250173407316879
2245.5982177222454	2.4880313192529684	trials	1.0	1.0	1.5	0.0625		0.2	2246.5334241922465	2246.5333287417034	2247.5861522422474	2246.124865052246	2246.125764962246	2246.3501749800025	
2246.3501749800025	0.9529999999999745	WheelMovementIntervals													-0.7206628056930526
2248.878056372249	23.029498448192044	trials	1.0	-1.0	0.0		0.25	0.2	2269.3482758122695	2269.3474198649956	2271.4074698722716	2249.4582650122493	2249.4590649322495	2249.5701749800023	
2249.5701749800023	1.8980000000001382	WheelMovementIntervals													-0.2243502038206202
2251.9481749800025	0.33599999999978536	WheelMovementIntervals													0.036942718026750754
2269.268174980002	0.6400000000003274	WheelMovementIntervals													-1.223728245927873
2272.787865152273	3.514457441477589	trials	1.0	-1.0	0.0		0.0625	0.2	2273.7485690722738	2273.7477805683206	2275.8022970122756	2273.4357336922735	2273.4365669422737	2273.5881749800023	
2273.5881749800023	0.7809999999999491	WheelMovementIntervals													-0.8803023684238269
2277.104233472277	2.636719182230536	trials	-1.0	1.0	1.5		0.125	0.2	2278.1781260722782	2278.1780404697606	2279.2408864522795	2277.7907648122778	2277.791864702278	2277.9501749800024	
2277.9501749800024	0.6230000000000473	WheelMovementIntervals													-0.3013881950644759
2280.546255902281	2.510955933603782	trials	-1.0	1.0	1.5		0.25	0.2	2281.4845953922813	2281.4844760546034	2282.5571547922827	2281.202090312281	2281.2031902022813	2281.3481749800026	
2281.3481749800026	0.3550000000000182	WheelMovementIntervals													0.47110710924414434
2283.838726622284	2.4019124057886074	trials	-1.0	1.0	1.5		0.25	0.2	2284.684208732285	2284.6841302848206	2285.740536422286	2284.3522086022845	2284.3531751722844	2284.3491749800023	
2284.3491749800023	0.6030000000000655	WheelMovementIntervals													0.29419411042789534
2285.2221749800024	0.43400000000019645	WheelMovementIntervals													0.040996119680812626
2287.033340462287	3.34104403760648	trials	1.0	-1.0	0.0		0.0	0.2	2287.807129742288	2287.806050184657	2289.87435633229	2287.5520885822875	2287.553155142288	2287.681174980002	
2287.681174980002	0.5	WheelMovementIntervals													-0.7972765708323664
2291.178092612291	2.8454555883295143	trials	-1.0	1.0	1.5		0.25	0.2	2292.4668303922926	2292.4667168808905	2293.5234580522933	2291.669043512292	2291.6701100722917	2291.8701749800025	
2291.8701749800025	0.8969999999999345	WheelMovementIntervals													0.33767512619971285
2293.5661749800024	0.15099999999983993	WheelMovementIntervals													-0.05848958915788671
2294.824361282295	3.249550261042714	trials	-1.0	1.0	1.5		1.0	0.2	2296.5266910322966	2296.5265865630754	2297.5738529722976	2295.3520751722954	2295.3530750722953	2295.4631749800023	
2295.4631749800023	1.8220000000001164	WheelMovementIntervals													0.3389352413603888
2297.6441749800024	1.5340000000001055	WheelMovementIntervals													-0.2875957351877787
2298.887221622299	2.6313199964638443	trials	1.0	1.0	1.5	0.25		0.2	2299.9848118523	2299.984729128514	2301.018508472301	2299.7185384822997	2299.7194050622998	2299.8791749800025	
2299.8791749800025	0.38599999999996726	WheelMovementIntervals													-0.7920642317531588
2300.5871749800026	0.15899999999965075	WheelMovementIntervals													0.007270246834309546
2302.318845092302	63.023547256685106	trials	0.0	-1.0	0.0		0.0625	0.2	2362.843325372363	2362.8423568191106	2363.5234240223635	2302.840492922303	2302.841359502303		
2314.9061749800026	0.1610000000000582	WheelMovementIntervals													0.03558929183310511
2322.6751749800023	0.22400000000016007	WheelMovementIntervals													-0.021301657474168678
2362.8761749800024	0.375	WheelMovementIntervals													-0.09444651880977517
2366.3865043523665	8.831093859541852	trials	1.0	-1.0	0.0		0.125	0.2	2372.648244782373	2372.6471694747443	2374.7175045023746	2366.4508979123666	2366.923617302367	2367.0931749800025	
2367.0931749800025	0.6340000000000146	WheelMovementIntervals													-0.1399877730193566
2372.5131749800025	0.6649999999999636	WheelMovementIntervals													-0.8462815638407051
2376.047304842376	2.3423399852849798	trials	1.0	1.0	1.5	0.25		0.8	2376.836625902377	2376.836517640891	2377.889620592378	2376.589717262377	2376.5905505123765	2376.7371749800022	
2376.7371749800022	0.4250000000001819	WheelMovementIntervals													-1.1708534239435835
2377.4021749800027	0.8139999999998508	WheelMovementIntervals													0.11589595138929099
2379.2020560023793	2.9041498578508254	trials	1.0	1.0	1.5	1.0		0.8	2380.5551873423806	2380.555078299004	2381.6061155723814	2380.35090777238	2380.3518743423806	2380.4731749800026	
2379.2021749800024	0.680000000000291	WheelMovementIntervals													-0.0969784941000853
2380.4731749800026	1.3739999999997963	WheelMovementIntervals													-1.384892518053789
2382.5491749800026	0.1790000000000873	WheelMovementIntervals													-0.1297263472096688
2382.913418162383	63.15572153703488	trials	0.0	-1.0	0.0	1.0		0.8	2443.5697519224436	2443.569106218274	2444.037405152444	2383.5673860923835	2383.5681860123836	2388.1381749800025	
2385.2901749800026	0.33199999999987995	WheelMovementIntervals													0.062461701241659284
2388.1381749800025	0.5119999999997162	WheelMovementIntervals													0.12015759980141638
2391.8461749800026	0.1610000000000582	WheelMovementIntervals													-0.051021282069712015
2392.3141749800025	0.6089999999999236	WheelMovementIntervals													-0.2529481252574328
2393.8171749800026	1.1459999999997308	WheelMovementIntervals													0.28355553558469637
2395.4161749800023	0.650000000000091	WheelMovementIntervals													-0.32332304723001926
2398.2851749800025	0.32700000000022555	WheelMovementIntervals													0.07441360859337465
2443.2631749800025	3.7970000000000255	WheelMovementIntervals													-0.44142267484306785
2447.227752752447	2.8722447974123497	trials	1.0	1.0	1.5	0.25		0.8	2448.5493539124486	2448.5492724435344	2449.5999155124496	2448.266682182448	2448.267715412448	2448.4281749800025	
2448.4281749800025	0.3510000000001128	WheelMovementIntervals													-0.9101483804128634
2449.3581749800023	0.30300000000033833	WheelMovementIntervals													0.0315418264458458
2450.998808942451	2.751128053246248	trials	-1.0	1.0	1.5		1.0	0.8	2452.1959225524524	2452.195820278176	2453.2499171424533	2451.5548200024514	2451.5556865824515	2451.6851749800026	
2451.6851749800026	0.987999999999829	WheelMovementIntervals													0.43744031914968673
2454.652443542455	2.380530304198146	trials	1.0	1.0	1.5	0.125		0.8	2455.4751612624555	2455.475053323179	2456.5329554724567	2455.121496632455	2455.1223298824552	2455.2901749800026	
2455.2901749800026	0.4580000000000837	WheelMovementIntervals													-0.35173824258379227
2456.1451749800026	0.06100000000014916	WheelMovementIntervals													-0.008657385373396664
2456.4331749800026	0.05600000000004002	WheelMovementIntervals													0.006805415058295239
2456.9161749800023	1.4039999999999964	WheelMovementIntervals													-0.16632124849547836
2457.929182502458	2.8538454143508716	trials	1.0	1.0	1.5	0.25		0.8	2459.2333187424592	2459.2332023399636	2460.28298043246	2458.821726572459	2458.822626482459	2458.8341749800024	
2458.8341749800024	1.8290000000001783	WheelMovementIntervals													-1.6213964497160305
2461.681340582462	2.4229268973954277	trials	1.0	1.0	1.5	1.0		0.8	2462.5468540224624	2462.546749832368	2463.6041816124634	2462.287913252462	2462.2889464824625	2462.4201749800027	
2462.4201749800027	0.6389999999996689	WheelMovementIntervals													-0.6849423510190036
2465.002675082465	2.6359369980441443	trials	1.0	1.0	1.5	1.0		0.8	2466.081900482466	2466.081789410156	2467.1384948124673	2465.616347042466	2465.617280282466	2465.7521749800026	
2465.7521749800026	0.6929999999997563	WheelMovementIntervals													-0.6849815049543508
2466.7431749800026	0.32900000000017826	WheelMovementIntervals													-0.048043754563764196
2468.5335219624685	2.5662421667070703	trials	1.0	1.0	1.5	0.25		0.8	2469.5403546024695	2469.5402377195383	2470.599681992471	2469.249583682469	2469.250583582469	2469.3221749800027	
2469.3221749800027	1.0199999999999818	WheelMovementIntervals													-0.7232107025795358
2471.991876092472	42.29075194853249	trials	1.0	1.0	1.5	0.0625		0.8	2512.724602412513	2512.7245057791974	2513.782563272514	2472.4880931324724	2472.4892263524725	2512.5291749800026	
2488.8041749800027	0.09199999999964348	WheelMovementIntervals													0.0020041453636849837
2494.4861749800025	0.1750000000001819	WheelMovementIntervals													-0.07304472145887075
2495.041174980003	0.24599999999963984	WheelMovementIntervals													-0.06136035681640806
2495.7641749800027	0.09399999999959618	WheelMovementIntervals													-0.020079687223983456
2496.1101749800027	0.20499999999992724	WheelMovementIntervals													-0.03125133136467184
2512.5291749800026	1.018999999999778	WheelMovementIntervals													-0.551531906163234
2515.3493399125155	2.41632769494845	trials	1.0	1.0	1.5	1.0		0.8	2516.215353302516	2516.2152491204934	2517.265581602517	2515.954479392516	2515.955612612516	2516.0911749800025	
2516.0911749800025	0.24900000000025102	WheelMovementIntervals													-0.4706156251568814
2518.6632751525185	2.824247719480354	trials	-1.0	1.0	1.5		0.25	0.8	2519.93828097252	2519.9381957911855	2520.987442712521	2519.1874227325193	2519.1882559825194	2519.6261749800024	
2519.6261749800024	0.8390000000003965	WheelMovementIntervals													0.3716526994671199
2522.3925355225224	4.206347028195523	trials	1.0	-1.0	0.0		0.0	0.8	2524.049536472524	2524.048753252038	2526.098764862526	2523.5655848725237	2523.5665514425236	2523.7221749800024	
2523.7221749800024	0.6730000000002292	WheelMovementIntervals													-0.4172497187198019
2527.5107903125277	2.7547527439187434	trials	1.0	1.0	1.5	0.0625		0.8	2528.7241023025285	2528.724012660688	2529.76546482253	2528.254215962528	2528.255182532528	2528.4221749800026	
2528.4221749800026	0.9360000000001492	WheelMovementIntervals													-0.524653604613377
2531.169757712531	2.479022299904045	trials	1.0	1.0	1.5	1.0		0.8	2532.100564622532	2532.100465333792	2533.148693132533	2531.820492632532	2531.821492532532	2531.9561749800027	
2531.9561749800027	0.3419999999996435	WheelMovementIntervals													-0.5510487029042679
2534.5585854625347	2.539843556637152	trials	1.0	1.0	1.5	0.25		0.8	2535.5536859425356	2535.55360174288	2536.5983481325366	2535.303877592535	2535.304810832535	2535.4201749800027	
2535.4201749800027	0.3649999999997817	WheelMovementIntervals													-0.8943461204567598
2537.5361749800027	0.25700000000006185	WheelMovementIntervals													0.01945390602571706
2537.995841702538	38.635585424242436	trials	1.0	1.0	1.5	0.0		0.8	2575.075899992575	2575.075805662209	2576.1313277725762	2538.5370209125385	2538.5378208325387	2565.8301749800025	
2565.8301749800025	0.29500000000007276	WheelMovementIntervals													-0.13442379315102926
2574.981174980003	2.418999999999869	WheelMovementIntervals													-3.3613401787784483
2577.6916383925777	6.373291126492859	trials	1.0	1.0	1.5	0.25		0.8	2582.5271214625827	2582.527006012172	2583.5648176825835	2578.169523932578	2578.170523832578	2582.423174980003	
2582.423174980003	0.5239999999998872	WheelMovementIntervals													-1.5156209670813041
2585.001940622585	2.4010277167376444	trials	1.0	1.0	1.5	1.0		0.8	2585.8457562325857	2585.845649659317	2586.902883842587	2585.5858822225855	2585.5868821225854	2585.702174980003	
2585.702174980003	0.6109999999998763	WheelMovementIntervals													-1.2437024077712522
2587.1341749800026	0.0909999999998945	WheelMovementIntervals													-0.008515945598617236
2588.3135760925884	6.8676049931418675	trials	1.0	1.0	1.5	1.0		0.8	2593.620145382594	2593.620056446302	2594.6811059425945	2593.3977676225936	2593.3987675225935	2593.521174980003	
2588.3401749800028	4.570999999999913	WheelMovementIntervals													-3.8522383209894997
2593.521174980003	0.7489999999997963	WheelMovementIntervals													-1.3866699094887736
2596.1292944425963	2.423725837670645	trials	1.0	1.0	1.5	0.0625		0.8	2596.998007562597	2596.997902985478	2598.053002052598	2596.7863620625967	2596.787395292597	2596.9081749800025	
2596.9081749800025	0.7290000000002692	WheelMovementIntervals													-1.1644113855544447
2598.4941749800028	0.20599999999967622	WheelMovementIntervals													-0.1632684054550282
2599.4673272725995	2.3137326518854024	trials	1.0	1.0	1.5	0.125		0.8	2600.2259514026005	2600.225837649029	2601.280979222601	2599.9979075426	2599.9987074626	2600.1291749800025	
2600.1291749800025	0.4390000000003056	WheelMovementIntervals													-1.3473226993606318
2601.2031749800026	0.5700000000001637	WheelMovementIntervals													0.06651622761899034
2602.692471392603	2.0887246967631654	trials	1.0	1.0	1.5	1.0		0.8	2603.2321840826035	2603.232077256136	2604.2811458426045	2603.169290372603	2603.170356932603	2603.1181749800026	
2603.1181749800026	0.5090000000000146	WheelMovementIntervals													-1.485901297306441
2605.6898049626056	2.324632148618093	trials	1.0	1.0	1.5	0.125		0.8	2606.4666272726063	2606.46651537004	2607.5143224926073	2606.2527153326064	2606.2536819026063	2606.3711749800027	
2606.3711749800027	0.47699999999986176	WheelMovementIntervals													-1.5077703453243316
2607.9371749800025	0.3550000000000182	WheelMovementIntervals													-0.07563313584915932
2608.9131749800026	0.0729999999998654	WheelMovementIntervals													0.01899307775914849
2608.931747402609	3.1543487223548254	trials	1.0	1.0	1.5	0.25		0.8	2610.5181887426106	2610.5180708993034	2611.5860486126116	2610.3193086326105	2610.3203085326104	2610.423174980003	
2609.3681749800026	0.3530000000000655	WheelMovementIntervals													-0.5267884213040475
2610.423174980003	0.3959999999997308	WheelMovementIntervals													-0.8710137128011297
2612.996007602613	2.418325633457698	trials	-1.0	1.0	1.5		1.0	0.8	2613.868620332614	2613.8685161293365	2614.914282422615	2613.5644174226136	2613.5653173326136	2613.7161749800025	
2613.7161749800025	0.2640000000001237	WheelMovementIntervals													0.41069481752458614
2614.6991749800027	5.054999999999836	WheelMovementIntervals													-10.370336838271214
2616.3359402426163	5.933900459011056	trials	1.0	1.0	1.5	1.0		0.8	2620.7089029026206	2620.7088135370127	2621.769796802622	2620.5027901826206	2620.5035901026204	2620.6191749800028	
2620.6191749800028	0.6920000000000073	WheelMovementIntervals													-0.8211508344447225
2622.7031749800026	0.262000000000171	WheelMovementIntervals													0.01575281357293079
2623.7578646426236	2.81162328684195	trials	1.0	1.0	1.5	0.125		0.8	2625.007772972625	2625.0076741049497	2626.069433462626	2624.2972440326243	2624.2982439326242	2624.8691749800028	
2624.8691749800028	0.3510000000001128	WheelMovementIntervals													-0.8482707926162902
2627.4759927926275	2.488145680551497	trials	1.0	1.0	1.5	0.0625		0.8	2628.4069996826283	2628.4069091352953	2629.4640606326293	2627.980875632628	2627.981875532628	2628.113174980003	
2628.113174980003	0.8079999999999927	WheelMovementIntervals													-0.83107911094055
2629.3391749800026	0.13200000000006185	WheelMovementIntervals													0.01764707511324559
2630.878352522631	2.3910274338909403	trials	1.0	1.0	1.5	0.125		0.8	2631.700770272632	2631.700661269712	2632.769263412633	2631.5022234626317	2631.5031900326317	2631.6271749800026	
2631.6271749800026	0.3710000000000946	WheelMovementIntervals													-1.112603442672821
2634.192187772634	2.5717393824747887	trials	-1.0	1.0	1.5		1.0	0.8	2635.201686812635	2635.201602445357	2636.2638472526364	2634.730600592635	2634.731500502635	2634.8491749800028	
2634.8491749800028	0.7959999999998217	WheelMovementIntervals													0.4667472229872942
2636.267174980003	0.2179999999998472	WheelMovementIntervals													-0.02904752744950656
2637.6842385326377	2.4631225871235074	trials	1.0	1.0	1.5	0.25		0.8	2638.5743495126385	2638.5742459714443	2639.6473422026397	2638.3019767526384	2638.3028433326385	2638.4641749800026	
2638.4641749800026	0.3580000000001746	WheelMovementIntervals													-0.8282870768972543
2641.067766812641	2.446047009914764	trials	1.0	1.0	1.5	0.0		0.8	2641.944279152642	2641.9441829396474	2643.013738862643	2641.685405042642	2641.6864382726417	2641.8371749800026	
2641.8371749800026	0.95699999999988	WheelMovementIntervals													-1.0636532788703903
2644.4458289726444	3.5234458909549176	trials	1.0	-1.0	0.0		0.125	0.2	2645.3927676026456	2645.391840756949	2647.4691932726473	2645.102130002645	2645.103096572645	2645.2271749800025	
2645.2271749800025	0.6550000000002001	WheelMovementIntervals													-0.37714867339354896
2648.891584352649	2.6220361252962903	trials	-1.0	1.0	1.5		0.25	0.2	2649.96297720265	2649.9628982955937	2651.013538802651	2649.4139321126495	2649.414732032649	2649.5941749800027	
2649.5941749800027	1.2130000000001928	WheelMovementIntervals													0.37543596893380027
2652.4306304126526	2.504719583656879	trials	-1.0	1.0	1.5		1.0	0.2	2653.379135552653	2653.3790370706665	2654.4353299226545	2653.101596642653	2653.1023632326533	2653.2281749800027	
2653.2281749800027	0.6440000000002328	WheelMovementIntervals													0.5144780279045449
2655.856454462656	2.6407347583035516	trials	-1.0	1.0	1.5		0.125	0.2	2656.952978132657	2656.952868063662	2657.997107042658	2656.4136654026565	2656.4146986326564	2656.6011749800027	
2656.6011749800027	1.0790000000001783	WheelMovementIntervals													0.37543317146077015
2659.4146986026594	2.3488545293503194	trials	-1.0	1.0	1.5		1.0	0.2	2660.20691937266	2660.206816317434	2661.2635137026614	2659.90248315266	2659.90331640266	2660.0161749800027	
2660.0161749800027	0.45100000000002183	WheelMovementIntervals													0.33465384393377917
2660.6501749800027	0.16600000000016735	WheelMovementIntervals													-0.011793291101355408
2662.6833717026625	2.518518334057262	trials	-1.0	1.0	1.5		0.0625	0.2	2663.6436756626636	2663.6435779301587	2664.7018031726648	2663.301143252663	2663.3019765026634	2663.4531749800026	
2663.4531749800026	0.4210000000002765	WheelMovementIntervals													0.36812918479859036
2666.126394032666	2.3086325607955587	trials	1.0	1.0	1.5	1.0		0.2	2666.881118552667	2666.881004021905	2667.935013152668	2666.663340332667	2666.664306902667	2666.7861749800027	
2666.7861749800027	0.4499999999998181	WheelMovementIntervals													-1.424476254170827
2668.5991749800028	0.15000000000009095	WheelMovementIntervals													0.02523799776957958
2669.364136892669	2.471343519146558	trials	1.0	1.0	1.5	0.125		0.2	2670.2834449526704	2670.2833523357026	2671.3354397426715	2669.84675529267	2669.8475885426697	2669.9711749800026	
2669.9711749800026	0.7260000000001128	WheelMovementIntervals													-0.7111834692066168
2672.788494422673	3.408154223710426	trials	1.0	-1.0	0.0		0.0625	0.2	2673.652241372674	2673.6512076421704	2675.696603582676	2673.2466152726734	2673.2475818426733	2673.3701749800025	
2673.3701749800025	0.9130000000000109	WheelMovementIntervals													-0.8268661850792114
2677.123760852677	2.544615230092859	trials	1.0	1.0	1.5	0.125		0.2	2678.100263192678	2678.100165929252	2679.168356372679	2677.818358052678	2677.819224632678	2677.9651749800028	
2677.9651749800028	0.39800000000013824	WheelMovementIntervals													-0.6609282219542365
2680.2591749800026	0.5140000000001237	WheelMovementIntervals													-0.04385416475548709
2680.6088789726805	3.8545720811275714	trials	1.0	-1.0	0.0		0.125	0.2	2681.892183962682	2681.891202286984	2683.963376822684	2681.4462952226813	2681.4471951326814	2681.570174980003	
2681.570174980003	0.7240000000001601	WheelMovementIntervals													-0.6148887411346209
2685.4033661426856	2.509818308684771	trials	-1.0	1.0	1.5		0.125	0.2	2686.352871182686	2686.3527723118837	2687.4131318126874	2685.885284612686	2685.8861511926857	2686.1361749800026	
2686.1361749800026	1.0590000000001965	WheelMovementIntervals													0.3977980778703909
2688.845988512689	2.5672385276780005	trials	-1.0	1.0	1.5		1.0	0.2	2689.84672176269	2689.846602749821	2690.9131484426907	2689.5183546026897	2689.5194878226894	2689.6191749800028	
2689.6191749800028	0.4960000000000946	WheelMovementIntervals													0.5293700168118107
2692.3474383326925	2.536940172113191	trials	-1.0	1.0	1.5		0.125	0.2	2693.3304733526934	2693.3303531221363	2694.3843012926945	2692.834556282693	2692.835456192693	2692.9961749800027	
2692.9961749800027	0.4670000000000982	WheelMovementIntervals													0.4796248304955384
2695.8239906426957	2.672629601850531	trials	-1.0	1.0	1.5		0.25	0.2	2696.9392124426968	2696.939102159122	2697.9965400326982	2696.3965000526964	2696.3974332926964	2696.5941749800027	
2696.5941749800027	0.9819999999999709	WheelMovementIntervals													0.4447446806119615
2699.4492280826994	2.518241904660499	trials	1.0	1.0	1.5	1.0		0.2	2700.4031660127002	2700.4030431970805	2701.4673929127016	2699.9176145727	2699.9184144927	2700.1961749800025	
2700.1961749800025	0.8040000000000873	WheelMovementIntervals													-0.5735616556687546
2702.5741749800027	0.9239999999999782	WheelMovementIntervals													-0.14665029782526062
2702.9017827927028	2.9667340958353634	trials	-1.0	1.0	1.5		1.0	0.2	2704.3089087327044	2704.308798014603	2705.3685027627052	2704.0796316627043	2704.080698222704	2704.189174980003	
2704.189174980003	1.4609999999997854	WheelMovementIntervals													1.6829691995284861
2706.8117250927066	62.969637705277364	trials	0.0	-1.0	0.0		0.125	0.2	2767.2822774327674	2767.281327618619	2769.72859944277	2707.2794783127074	2707.2803448927075	2707.472174980003	
2707.472174980003	0.40599999999994907	WheelMovementIntervals													0.2320948746350382
2710.026174980003	0.19099999999980355	WheelMovementIntervals													-0.0836179753495685
2752.870174980003	0.11699999999973443	WheelMovementIntervals													-0.02418436595797857
2766.3171749800026	1.3380000000001928	WheelMovementIntervals													-0.24786548326488855
2769.205174980003	0.32999999999992724	WheelMovementIntervals													0.07322547925167555
2770.958676422771	2.3868266501917788	trials	-1.0	1.0	1.5		1.0	0.2	2771.7803942427718	2771.7802849080153	2772.845421062773	2771.033335622771	2771.4795576627716	2771.5871749800026	
2771.5871749800026	0.5920000000000982	WheelMovementIntervals													0.5159325487144315
2774.2818107427743	2.585736572287715	trials	-1.0	1.0	1.5		1.0	0.2	2775.2996422827755	2775.2995243499945	2776.3675021527765	2774.950177232775	2774.951210462775	2775.0921749800027	
2775.0921749800027	0.8640000000000327	WheelMovementIntervals													0.3126215072081209
2777.530174980003	0.16400000000021464	WheelMovementIntervals													0.008785908917957386
2777.809757912778	2.402224211065459	trials	-1.0	1.0	1.5		1.0	0.2	2778.6413747427787	2778.6412656009325	2779.71190101278	2778.3954993327784	2778.3964992327783	2778.5031749800028	
2778.5031749800028	0.8360000000002401	WheelMovementIntervals													0.475861830309384
2779.6971749800027	0.4010000000002947	WheelMovementIntervals													0.026440282628584555
2781.165788942781	2.334729512726426	trials	-1.0	1.0	1.5		0.0625	0.2	2781.936511862782	2781.936398023729	2783.000438792783	2781.6672054627816	2781.6681387027816	2781.7751749800027	
2781.7751749800027	0.2780000000002474	WheelMovementIntervals													0.47195180641710976
2782.7391749800026	0.16499999999996362	WheelMovementIntervals													-0.010861470970496612
2783.488174980003	0.06399999999985084	WheelMovementIntervals													-0.011980478824966667
2784.4456275927846	2.4163471510564705	trials	-1.0	1.0	1.5		0.125	0.2	2785.2905430927854	2785.2904433787303	2786.361935942786	2784.945110972785	2784.946144202785	2785.107174980003	
2785.107174980003	0.33599999999978536	WheelMovementIntervals													0.498248232813296
2786.5671749800026	0.2300000000000182	WheelMovementIntervals													-0.015222857668732104
2787.8155905627877	2.496341716857387	trials	-1.0	1.0	1.5		0.25	0.2	2788.754096702789	2788.7540054929923	2789.81185758279	2788.4832237927885	2788.4841237027886	2788.6281749800028	
2788.6281749800028	0.3200000000001637	WheelMovementIntervals													0.5485359585464948
2789.3331749800027	0.13500000000021828	WheelMovementIntervals													-0.009712834031745388
2791.266245462791	2.6000358887918082	trials	-1.0	1.0	1.5		0.0625	0.2	2792.305341542792	2792.305259005264	2793.3662354427934	2791.750463702792	2791.751430272792	2791.886174980003	
2791.886174980003	0.5969999999997526	WheelMovementIntervals													0.5010899246442477
2794.804691582795	2.9952311593201557	trials	-1.0	1.0	1.5		0.0	0.2	2796.2404813227963	2796.2404055598276	2797.299808712797	2795.4785575227957	2795.4793907727953	2795.620174980003	
2795.620174980003	0.7129999999997381	WheelMovementIntervals													0.37186315016998606
2798.0811749800027	0.375	WheelMovementIntervals													-0.11357406174630569
2798.7532300227986	2.497141805098181	trials	-1.0	1.0	1.5		0.25	0.2	2799.6947358628	2799.694645029202	2800.750296962801	2799.3616025127994	2799.362702402799	2799.499174980003	
2799.499174980003	0.7590000000000146	WheelMovementIntervals													0.5218589739775439
2800.6631749800026	0.12900000000036016	WheelMovementIntervals													0.005730728790695139
2802.2029850128024	2.4253406605689634	trials	1.0	1.0	1.5	0.0625		0.2	2803.075897712803	2803.0757989256863	2833.6662050428336	2802.6781374928028	2802.679004072803	2802.895174980003	
2802.895174980003	0.4159999999997126	WheelMovementIntervals													-0.6962698239222505
2803.924174980003	0.25999999999976353	WheelMovementIntervals													0.019446305191252122
2814.4601749800026	0.08800000000019281	WheelMovementIntervals													-0.01745933959927015
2836.4581749800027	1.5850000000000364	WheelMovementIntervals													-0.881698150687555
2857.0451749800027	0.0820000000003347	WheelMovementIntervals													0.01189045907091213
2872.981174980003	0.10800000000017462	WheelMovementIntervals													0.016004837744219458
2878.2661749800027	0.5640000000003056	WheelMovementIntervals													-0.1359079642356278
2879.337174980003	0.07699999999977081	WheelMovementIntervals													0.008240041025203482
2882.254174980003	0.26199999999971624	WheelMovementIntervals													-0.05346929922461641
2897.741174980003	4.586999999999989	WheelMovementIntervals													-12.249606928875437
2909.8601749800027	0.20299999999997453	WheelMovementIntervals													-0.06126132342899382
2912.8021749800027	0.12400000000025102	WheelMovementIntervals													0.03780941442460062
2915.785174980003	0.24200000000018917	WheelMovementIntervals													-0.07977501125418485
2954.142174980003	1.4410000000002583	WheelMovementIntervals													-0.38224194654361554
2955.995174980003	0.5529999999998836	WheelMovementIntervals													-0.16765686517521772
2960.928174980003	0.2519999999999527	WheelMovementIntervals													0.061198985940734474
2963.548174980003	0.26900000000023283	WheelMovementIntervals													0.015083398534329717
2972.387174980003	0.13000000000010914	WheelMovementIntervals													0.01601272366684725
2993.810174980003	0.5729999999998654	WheelMovementIntervals													0.09302654075122518
2998.316174980003	0.3220000000001164	WheelMovementIntervals													-0.08480015794611973
3019.139174980003	0.3579999999997199	WheelMovementIntervals													-0.07162239393778691
3021.045174980003	0.19299999999975626	WheelMovementIntervals													0.050054382413406984
3035.181174980003	0.08399999999983265	WheelMovementIntervals													-0.02108312379925792
3055.188174980003	1.2269999999998618	WheelMovementIntervals													-2.6001102688192645
3056.598174980003	5.18100000000004	WheelMovementIntervals													-1.0215653291870126
3070.746174980003	0.1590000000001055	WheelMovementIntervals													0.014561678222889896
3073.855174980003	0.3589999999999236	WheelMovementIntervals													0.0163209946234133
3088.498174980003	0.11999999999989086	WheelMovementIntervals													-0.014760365153904331
3094.581174980003	0.4639999999999418	WheelMovementIntervals													-0.058504521719669356
3098.634174980003	0.11400000000003274	WheelMovementIntervals													0.018603875882831744
3099.225174980003	3.811999999999898	WheelMovementIntervals													-2.0815088898561385
3103.494174980003	0.05400000000008731	WheelMovementIntervals													-0.015079966760026764
3115.9811749800033	0.16300000000001091	WheelMovementIntervals													0.010188722673888151
3175.4341749800033	1.0839999999998327	WheelMovementIntervals													-1.8088599299126145
3176.8251749800033	1.1579999999999018	WheelMovementIntervals													0.21562825653353457
3183.4391749800034	0.23499999999967258	WheelMovementIntervals													-0.08851941555673193
3183.9501749800033	2.201000000000022	WheelMovementIntervals													-2.3830669381696907
3186.812174980003	0.8040000000000873	WheelMovementIntervals													0.2717131028967401
3190.109174980003	0.2510000000002037	WheelMovementIntervals													-0.0964001036830382
3190.678174980003	0.28900000000021464	WheelMovementIntervals													-0.25740440145409593
3191.6261749800033	0.06399999999985084	WheelMovementIntervals													-0.013623118104248988
3194.0011749800033	1.6019999999998618	WheelMovementIntervals													-4.994135541254764
3196.009174980003	1.2210000000000036	WheelMovementIntervals													-0.5354198466823163
3205.585174980003	0.849999999999909	WheelMovementIntervals													-2.056769782994081
3218.8291749800032	5.673999999999978	WheelMovementIntervals													-4.387781602155428
3224.926174980003	0.19600000000036744	WheelMovementIntervals													0.01788290323054298
3233.1601749800034	0.7459999999996398	WheelMovementIntervals													-0.28178604061162105
3239.2911749800032	0.0929999999998472	WheelMovementIntervals													0.005835035984887327
3244.924174980003	0.21800000000030195	WheelMovementIntervals													0.033414975710570616
3293.0931749800034	0.6449999999999818	WheelMovementIntervals													-0.09583726881407983
3322.514174980003	0.7820000000001528	WheelMovementIntervals													-0.48476495057224156
3329.1131749800034	0.22699999999986176	WheelMovementIntervals													-0.060132148681930175
3332.3941749800033	0.052999999999883585	WheelMovementIntervals													0.008102715113693648
3344.4391749800034	0.43600000000014916	WheelMovementIntervals													-0.041308254173713976
3345.9841749800034	5.996999999999844	WheelMovementIntervals													-7.694109404357846
3362.503174980003	2.2150000000001455	WheelMovementIntervals													-1.145041075566553
3371.7511749800033	0.2090000000002874	WheelMovementIntervals													-0.11220618607370625
3378.2791749800035	0.28199999999969805	WheelMovementIntervals													0.03232553884566869
3388.315174980003	1.68100000000004	WheelMovementIntervals													-2.342963320700335
3390.659174980003	0.25500000000010914	WheelMovementIntervals													-0.5392601468468001
3391.2191749800036	0.15499999999974534	WheelMovementIntervals													-0.05224417541603543
3391.728174980003	2.713000000000193	WheelMovementIntervals													-1.7366779354885011
3397.949174980003	0.07100000000036744	WheelMovementIntervals													-0.007889506359958887
3434.0061749800034	0.12600000000020373	WheelMovementIntervals													0.010895837366660999
3454.7501749800035	0.057999999999992724	WheelMovementIntervals													-0.00662647138938155
3457.1911749800033	0.8589999999999236	WheelMovementIntervals													-0.14519822915337954
3465.561174980003	0.09400000000005093	WheelMovementIntervals													-0.01536509926177132
3467.4611749800033	0.2159999999998945	WheelMovementIntervals													-0.02635751076223869
3468.0891749800035	2.099999999999909	WheelMovementIntervals													-0.9881352233714438
3486.0351749800034	5.679999999999836	WheelMovementIntervals													-2.294253415262915
3492.3251749800033	0.125	WheelMovementIntervals													0.03323210147812006
3494.0891749800035	2.91800000000012	WheelMovementIntervals													-2.329538165410554
3498.8511749800036	3.2289999999998145	WheelMovementIntervals													2.2245845837665
3508.1171749800033	0.09400000000005093	WheelMovementIntervals													-0.034144216927643356
3512.4121749800033	0.16699999999991633	WheelMovementIntervals													-0.029320688869461264
3512.9331749800035	0.052000000000134605	WheelMovementIntervals													-0.005408654927009593
3516.9031749800033	0.12800000000015643	WheelMovementIntervals													-0.014428182461983852
3611.6921749800035	0.3330000000000837	WheelMovementIntervals													-0.11435298002550098
3612.6231749800036	0.11999999999989086	WheelMovementIntervals													0.03339412289244592
3617.6451749800035	0.07600000000002183	WheelMovementIntervals													0.015744921076020546
3635.6261749800037	0.2159999999998945	WheelMovementIntervals													-0.13761740600307348
3636.1551749800037	0.6709999999998217	WheelMovementIntervals													-0.1348168088256898
3637.1211749800036	0.51299999999992	WheelMovementIntervals													-0.032177470541228104
3656.1391749800036	0.5079999999998108	WheelMovementIntervals													0.04258068871206433
3663.488174980004	0.10199999999986176	WheelMovementIntervals													-0.047856311382474814
3684.1111749800034	1.1850000000004002	WheelMovementIntervals													-1.4369843347395772
3689.8661749800035	0.1710000000002765	WheelMovementIntervals													-0.08751442396760467
3691.7121749800035	1.1230000000000473	WheelMovementIntervals													-1.6572357454986104
3693.0681749800037	2.1659999999997126	WheelMovementIntervals													-0.6261137589317514
3702.0761749800035	1.6720000000000255	WheelMovementIntervals													-6.076944632880782
3703.9341749800037	1.1369999999997162	WheelMovementIntervals													0.09797286371110658
3706.3071749800038	2.9179999999996653	WheelMovementIntervals													-2.613048005789665
3709.6651749800035	0.5599999999999454	WheelMovementIntervals													0.07623815461374761
3710.4911749800035	0.13500000000021828	WheelMovementIntervals													-0.0614368911639076
3710.8651749800038	0.35199999999986176	WheelMovementIntervals													-0.19200805788057096
3713.2911749800037	0.5109999999999673	WheelMovementIntervals													-0.24995463278219177
3719.0891749800035	0.3880000000003747	WheelMovementIntervals													0.16324754159700205
3735.3861749800035	0.9909999999999854	WheelMovementIntervals													-0.3439308780476722
3737.6941749800035	0.39400000000023283	WheelMovementIntervals													-0.20002007696166402
3746.468174980004	0.10300000000006548	WheelMovementIntervals													0.011924243639782617
3755.4321749800038	0.28099999999994907	WheelMovementIntervals													-0.06014637152020441
3763.658174980004	0.738999999999578	WheelMovementIntervals													-0.12734267640746566
3768.2791749800035	0.25400000000036016	WheelMovementIntervals													0.10854470181379838
3772.191174980004	0.14399999999977808	WheelMovementIntervals													-0.029843098811397795
3774.457174980004	0.06599999999980355	WheelMovementIntervals													0.013372041678394453
3775.2191749800036	0.3900000000003274	WheelMovementIntervals													0.05335495764961706
3776.5411749800037	0.13299999999981083	WheelMovementIntervals													0.02579412317822971
3777.0991749800037	3.6520000000000437	WheelMovementIntervals													-3.1213688448194716
3781.5091749800035	0.28500000000030923	WheelMovementIntervals													-0.16774340357471829
3782.5411749800037	0.10500000000001819	WheelMovementIntervals													-0.011587072548309152
3783.6951749800037	0.17799999999988358	WheelMovementIntervals													0.028050524332115856
3789.738174980004	4.205999999999676	WheelMovementIntervals													-2.4649111937325188
3794.2701749800035	0.10800000000017462	WheelMovementIntervals													-0.02277644781804611
3805.127174980004	0.08999999999969077	WheelMovementIntervals													0.04139406424792469
3805.5941749800036	0.5160000000000764	WheelMovementIntervals													0.11494497558908279
3806.6071749800035	0.10300000000006548	WheelMovementIntervals													0.02735169944730842
3807.5881749800037	2.0100000000002183	WheelMovementIntervals													-0.1468976145341685
3809.877174980004	0.5049999999996544	WheelMovementIntervals													-0.11064426892357915
3812.5611749800037	0.7010000000000218	WheelMovementIntervals													-0.08385197583629633
3816.830174980004	0.08999999999969077	WheelMovementIntervals													-0.0210485095299191
3821.9471749800036	0.3340000000002874	WheelMovementIntervals													-0.16228760194383085
3822.870174980004	0.2669999999998254	WheelMovementIntervals													0.020104196490933646
3826.859174980004	0.18299999999999272	WheelMovementIntervals													0.028058773598218067
3848.6011749800036	0.09400000000005093	WheelMovementIntervals													-0.014735550293835331
3855.4161749800037	0.3170000000000073	WheelMovementIntervals													-0.08315678684721206
3857.4631749800037	0.20200000000022555	WheelMovementIntervals													-0.052808476294899265
3858.787174980004	0.13299999999981083	WheelMovementIntervals													-0.025068563017953238
3870.3041749800036	0.1710000000002765	WheelMovementIntervals													-0.050728098863032756
3872.439174980004	0.3530000000000655	WheelMovementIntervals													-0.2883607519722773
3874.0031749800037	0.25700000000006185	WheelMovementIntervals													0.01630173447551897
3874.575174980004	3.306999999999789	WheelMovementIntervals													-6.847912453069284
3878.205174980004	0.06999999999970896	WheelMovementIntervals													-0.019750660577074086
3881.1461749800037	0.07000000000016371	WheelMovementIntervals													0.011957238524132663
3905.8271749800037	0.31500000000005457	WheelMovementIntervals													-0.08662589054370073
3909.3331749800036	0.3850000000002183	WheelMovementIntervals													-0.028170101039904694
3912.893174980004	0.11999999999989086	WheelMovementIntervals													-0.017501368419743812
3914.301174980004	0.1959999999999127	WheelMovementIntervals													-0.07971269412416859
3917.687174980004	0.17099999999982174	WheelMovementIntervals													-0.0241564310853164
3926.7461749800036	0.2510000000002037	WheelMovementIntervals													-0.055608604551366625
3960.845174980004	0.06400000000030559	WheelMovementIntervals													-0.019223455968699454
4044.7601749800037	0.15300000000024738	WheelMovementIntervals													0.029497633317191685
4048.964174980004	0.05400000000008731	WheelMovementIntervals													0.006210000912005853
4050.7421749800037	0.25200000000040745	WheelMovementIntervals													-0.16878747731925614
4055.7221749800037	0.14800000000013824	WheelMovementIntervals													-0.010511298328310659
4076.133174980004	0.14200000000028012	WheelMovementIntervals													-0.017673186954880293
4076.884174980004	1.4149999999999636	WheelMovementIntervals													-0.4433011906386355
4082.000174980004	0.3220000000001164	WheelMovementIntervals													-0.23680752582140485
4090.183174980004	0.20800000000008367	WheelMovementIntervals													-0.02132603804318478
4126.277174980004	0.125	WheelMovementIntervals													0.030513089879605104
