onset	duration	nwb_table	choice	feedback_type	reward_volume	contrast_left	contrast_right	probability_left	feedback_time	response_time	stim_off_time	stim_on_time	go_cue_time	first_movement_time	peak_amplitude
3.2693843431415375	0.17700000000000005	WheelMovementIntervals													-0.033179032328490135
33.25438434314157	1.125	WheelMovementIntervals													-0.10132372011316289
41.503384343141576	0.13299999999999557	WheelMovementIntervals													0.026098474970926544
42.04438434314157	2.9810000000000016	WheelMovementIntervals													1.4194686476786957
45.46338434314158	1.3400000000000034	WheelMovementIntervals													0.4944776025221225
71.1083843431416	2.9180000000000064	WheelMovementIntervals													5.552111416068515
78.3603843431416	1.0619999999999976	WheelMovementIntervals													0.45369900909768557
80.1173843431416	0.23900000000000432	WheelMovementIntervals													-0.153160418808997
84.3123843431416	2.875	WheelMovementIntervals													2.351353747735917
96.72838434314161	1.781000000000006	WheelMovementIntervals													1.6649610890219133
99.07038434314161	0.8910000000000053	WheelMovementIntervals													-0.8739494111895745
110.28038434314163	1.1239999999999952	WheelMovementIntervals													1.0332511941988471
122.52838434314164	1.0319999999999965	WheelMovementIntervals													0.6619808943463354
132.46027504606417	15.787225202957188	trials	-1.0	1.0	1.5		1.0	0.5	146.67587266216512	146.67577692812506	147.7473770071507	146.44955953218965	145.75892118664885	146.42638434314165	
137.66838434314164	0.6670000000000016	WheelMovementIntervals													-0.15236088390050462
146.42638434314165	0.8920000000000243	WheelMovementIntervals													1.79341337118821
148.69338434314167	0.4539999999999793	WheelMovementIntervals													-0.2119390936487573
148.89930750569013	3.135950690354548	trials	1.0	1.0	1.5	0.25		0.5	150.47143382596758	150.47133191373518	151.53517219756813	149.65160701330086	149.65257359367925	149.70338434314166	
149.70338434314166	1.9300000000000068	WheelMovementIntervals													-2.1460123910635582
152.71616676817513	2.4145233536273167	trials	-1.0	1.0	1.5		0.25	0.5	153.55215880441153	153.55207416079566	154.6306291941931	153.21412231483694	153.21525554700472	153.39838434314166	
153.39838434314166	0.5270000000000152	WheelMovementIntervals													0.7306419373461885
155.25038434314166	0.5759999999999934	WheelMovementIntervals													-0.3022292372151547
155.76359471910132	2.3882524729724537	trials	-1.0	1.0	1.5		0.125	0.5	156.59392059449885	156.59381261242845	157.65175949275542	156.33511036559463	156.33587696382577	156.44538434314168	
156.44538434314168	1.1849999999999739	WheelMovementIntervals													1.5818789149231334
158.7713595441555	2.8094218425638076	trials	-1.0	1.0	1.5		0.25	0.5	160.01584844651558	160.0157687761898	161.08072005028387	159.69731021629823	159.69821013596086	159.85238434314167	
158.80438434314166	0.23400000000000887	WheelMovementIntervals													-0.1477659114484169
159.85238434314167	1.9950000000000045	WheelMovementIntervals													3.4210610420060377
162.1663843431417	0.570999999999998	WheelMovementIntervals													-0.06758769978117485
162.21878511994709	3.145552281725628	trials	-1.0	1.0	1.5		1.0	0.5	163.7960109849795	163.79591083172068	164.86424895489324	163.4683735670621	163.46920682600899	163.6193843431417	
163.6193843431417	2.4139999999999873	WheelMovementIntervals													1.6040421331829364
166.01704604273746	4.067970670957152	trials	-1.0	-1.0	0.0	0.0625		0.5	167.51684548642478	167.51597134592757	169.5849608622494	166.6515893959736	166.6525226459941	166.82638434314168	
166.82638434314168	1.2939999999999827	WheelMovementIntervals													1.6357365019975099
170.71782639608398	2.6294297766196166	trials	1.0	1.0	1.5	1.0		0.5	171.77773177652884	171.77763799471862	172.84723630004186	171.4304627778227	171.4315293492747	171.52838434314168	
171.52838434314168	1.1239999999999952	WheelMovementIntervals													-1.766492612148589
173.95638434314168	0.13599999999999568	WheelMovementIntervals													-0.05456119901483625
174.05396190692883	7.026605440323493	trials	-1.0	-1.0	0.0	0.125		0.5	178.51449704070785	178.51352755725136	180.58054593434417	174.6350100357746	174.63584329472147	178.1213843431417	
178.1213843431417	1.5279999999999916	WheelMovementIntervals													1.2798170192947946
181.73717601334408	2.381125405518503	trials	-1.0	1.0	1.5		0.125	0.5	182.55010344193056	182.54998434428236	183.6182414207707	182.30165895432566	182.30249221327256	182.3943843431417	
182.3943843431417	0.7390000000000043	WheelMovementIntervals													1.3827772992041716
184.4593843431417	0.060000000000002274	WheelMovementIntervals													-0.03573714932528915
184.75160690997342	3.4000645889462078	trials	-1.0	-1.0	0.0	0.0625		0.5	185.58946544625084	185.58862256407116	187.6516146880157	185.26372785873238	185.2647944301844	185.4103843431417	
185.4103843431417	0.8859999999999957	WheelMovementIntervals													1.012406518530522
188.7583843431417	1.811000000000007	WheelMovementIntervals													-2.069853234667839
188.77418114126675	5.439482593465101	trials	-1.0	-1.0	0.0	0.125		0.5	191.6337925255638	191.63292349749244	193.71357352664486	191.23052852562662	191.23146177564715	191.2903843431417	
191.2903843431417	1.2179999999999893	WheelMovementIntervals													0.8445488194086934
194.85877129289344	3.438560216358667	trials	-1.0	-1.0	0.0	0.0625		0.5	195.72379407083952	195.72268591935352	197.7972756342821	195.3182302762089	195.31909686551367	195.4073843431417	
195.4073843431417	0.6760000000000161	WheelMovementIntervals													0.5123433466758893
198.93904037366949	6.674497671440832	trials	1.0	1.0	1.5	0.0625		0.5	204.04991745031768	204.04981363087404	205.11348917012884	200.35144761900693	200.35241419938532	203.6773843431417	
199.2753843431417	0.5630000000000166	WheelMovementIntervals													0.8947866620653961
203.6773843431417	0.6520000000000152	WheelMovementIntervals													-0.9289306233748853
205.5103843431417	0.13300000000000978	WheelMovementIntervals													-0.059377709097661935
206.32924730400012	2.517742201559173	trials	1.0	1.0	1.5	0.125		0.5	207.277662637351	207.27756282269695	208.34686718764314	206.93469325481084	206.935726495905	207.05538434314172	
207.05538434314172	0.6089999999999804	WheelMovementIntervals													-0.8247336708228765
209.49419809679577	5.552371902927092	trials	1.0	1.0	1.5	0.0625		0.5	213.47804245223762	213.4779482511805	214.54648040429862	210.18473645126295	210.1857363619992	212.93438434314172	
212.93438434314172	0.7139999999999986	WheelMovementIntervals													-0.4176632543939238
215.3973843431417	0.5490000000000066	WheelMovementIntervals													-0.6252928852341544
215.70197725113076	3.711566222762542	trials	1.0	1.0	1.5	0.0625		0.5	217.84391936964988	217.8438148893027	218.91349055387866	216.53476957301112	216.5357028230316	217.55938434314172	
216.82238434314172	0.3050000000000068	WheelMovementIntervals													-0.06740143758338313
217.55938434314172	1.3590000000000089	WheelMovementIntervals													0.8298175776750778
219.25238434314173	0.7769999999999868	WheelMovementIntervals													-0.9840028054042609
220.07905316878924	2.572439869388859	trials	1.0	1.0	1.5	0.25		0.5	221.08586328913822	221.0857679888344	222.15136816970616	220.70149760211652	220.70236419142128	220.89538434314173	
220.89538434314173	0.7479999999999905	WheelMovementIntervals													-0.9180564875778661
222.52038434314173	0.382000000000005	WheelMovementIntervals													-0.3847871959305458
223.28440035533012	2.395625569666123	trials	1.0	1.0	1.5	0.125		0.5	224.1098933288357	224.10980847621263	225.17996446843262	223.79695459874148	223.7980211701935	223.84438434314174	
223.84438434314174	0.657999999999987	WheelMovementIntervals													-0.5241635809858494
225.92738434314174	0.1599999999999966	WheelMovementIntervals													-0.04050315590660958
226.3113301361628	6.906704808062926	trials	1.0	-1.0	0.0		0.0	0.5	230.67167421416772	230.67029502046705	232.71799153594168	226.88461229162354	226.88567886307558	230.44338434314173	
230.44338434314173	3.593999999999994	WheelMovementIntervals													-5.509590035335088
233.9824453226692	2.5188419611857	trials	1.0	1.0	1.5	0.0625		0.5	234.94805912068392	234.94796102380033	236.0012317688379	234.56356011223073	234.5646600140406	234.59438434314174	
234.59438434314174	1.5200000000000102	WheelMovementIntervals													0.9746654508492867
236.66638434314174	0.25499999999999545	WheelMovementIntervals													-0.14716938835564353
237.14099668675274	2.343724243334549	trials	1.0	1.0	1.5	0.25		0.5	237.9335925970351	237.93350454626326	238.98466543264288	237.64688485858898	237.64798476039886	237.79038434314174	
237.79038434314174	0.9629999999999939	WheelMovementIntervals													-1.4176692348874118
239.59438434314174	0.820999999999998	WheelMovementIntervals													-1.6001812095918915
240.1655266818184	8.90243923773508	trials	1.0	-1.0	0.0		0.125	0.5	246.51162682133722	246.51032520431923	248.567909920116	241.16337093589883	241.16433751627721	246.22938434314176	
246.22938434314176	1.0629999999999882	WheelMovementIntervals													-0.48315153116086906
249.71707399895175	2.729628095626623	trials	1.0	1.0	1.5	0.0		0.5	250.8720042297	250.8718850391069	251.9466416283259	250.42991036283772	250.43094360393187	250.55038434314176	
250.55038434314176	0.539999999999992	WheelMovementIntervals													-0.455329444922813
252.64238434314174	0.4520000000000266	WheelMovementIntervals													-0.16939371821777194
253.08980624274403	8.544837352190257	trials	1.0	-1.0	0.0		0.0625	0.5	259.07523857969073	259.074401040103	261.13462140175193	253.90120047486823	253.90226704632025	258.9203843431418	
258.2703843431418	0.19199999999995043	WheelMovementIntervals													-0.09263575183071651
258.9203843431418	1.8759999999999764	WheelMovementIntervals													1.2590170426146434
262.28635191814413	3.4149558087095784	trials	1.0	-1.0	0.0		0.0	0.5	263.14090896371727	263.1396653636169	265.2011917054411	262.86366704690784	262.86456696657046	262.9293843431418	
262.9293843431418	1.021000000000015	WheelMovementIntervals													-0.8918521093223561
266.41221692849405	3.955550600736558	trials	1.0	-1.0	0.0		0.0625	0.5	267.80489260196913	267.8040340293589	269.8677417812494	267.17994839180113	267.18088164182166	267.2993843431418	
267.2993843431418	1.1639999999999873	WheelMovementIntervals													-0.3938105491926083
271.00727338665905	2.6561325491471166	trials	1.0	1.0	1.5	0.25		0.5	272.096909446329	272.0967859175392	273.16334757691743	271.546725228876	271.5475584878229	271.6873843431418	
271.6873843431418	2.149000000000001	WheelMovementIntervals													1.0987317173253879
274.3051123163048	2.5960633060568625	trials	1.0	1.0	1.5	0.125		0.5	275.34005325870083	275.33993715231514	276.40109187131344	274.81769989007404	274.81853314902094	274.9243843431418	
274.9243843431418	1.492999999999995	WheelMovementIntervals													-0.5037811187718564
276.9323843431418	0.5470000000000255	WheelMovementIntervals													-0.34203988128211904
277.5509892180225	2.7002289747154578	trials	-1.0	1.0	1.5		0.0625	0.5	278.70278639513043	278.70270072337644	279.75112614139243	278.18019971399855	278.1811996247348	278.2813843431418	
278.2813843431418	1.4090000000000487	WheelMovementIntervals													2.637425118117654
280.4543843431418	0.49900000000002365	WheelMovementIntervals													-0.09665805032585983
280.90912276506526	2.8040492305226508	trials	-1.0	1.0	1.5		0.0625	0.5	282.14524574759855	282.14514358421087	283.21311708357564	281.56336435980586	281.56419761875276	281.7233843431418	
281.7233843431418	0.9020000000000437	WheelMovementIntervals													0.9695400965950016
284.36448096603124	2.453340859240825	trials	-1.0	1.0	1.5		1.0	0.5	285.2793992897171	285.2792954560669	286.3177399286164	284.8345056727933	284.83550558352954	285.1863843431418	
285.1863843431418	1.656000000000006	WheelMovementIntervals													3.1088257980792458
287.53573119646535	2.348828086419303	trials	-1.0	1.0	1.5		0.0625	0.5	288.3365263747851	288.33643974835155	289.3844994871105	288.0632841009207	288.0641506902255	288.1793843431418	
288.1793843431418	1.086999999999989	WheelMovementIntervals													1.8483023605655307
290.5271641461605	2.5362398725429216	trials	-1.0	1.0	1.5		0.125	0.5	291.507576623072	291.5074791712921	292.56334903914023	291.09684662297065	291.09781320334906	291.31038434314183	
291.31038434314183	0.7529999999999859	WheelMovementIntervals													1.2399896574293354
292.6043843431418	1.0649999999999977	WheelMovementIntervals													-1.3038251497470164
293.723512136075	2.589935640694648	trials	-1.0	1.0	1.5		1.0	0.5	294.75232029262185	294.752225498041	295.81342556595024	294.36782128416866	294.3688211949049	294.5233843431418	
294.5233843431418	2.1899999999999977	WheelMovementIntervals													2.606750955176114
296.98315447559526	8.913836074581297	trials	-1.0	1.0	1.5		0.25	0.5	304.3500634857709	304.3499652810965	305.39690336592844	297.56780228309157	297.5688021938279	303.9173843431418	
303.9173843431418	1.3780000000000427	WheelMovementIntervals													2.057842730269906
305.6863843431418	0.5950000000000273	WheelMovementIntervals													-0.28282769505731586
306.56969866849806	3.160349729769166	trials	1.0	1.0	1.5	0.125		0.5	308.1729222126734	308.17282287997944	309.22996118234096	307.05102236657996	307.05212226838984	307.8083843431418	
307.8083843431418	2.134999999999991	WheelMovementIntervals													1.6864193681351232
310.4020565473952	2.4113420617396173	trials	-1.0	1.0	1.5		0.0	0.5	311.25138072678186	311.25127065613367	312.313352589415	310.950940880891	310.9517741398379	311.01838434314186	
311.01838434314186	2.1579999999999586	WheelMovementIntervals													2.6993318854163277
313.55010884874787	2.7134265035871294	trials	1.0	1.0	1.5	1.0		0.5	314.69650650788	314.6964192004989	315.7634445938366	314.2509462837986	314.2517795427455	314.50638434314186	
314.50638434314186	0.9559999999999604	WheelMovementIntervals													-0.51054053363967
315.9313843431418	0.14100000000001955	WheelMovementIntervals													-0.04127097164342075
316.32138434314186	0.8029999999999973	WheelMovementIntervals													-0.3559705334542347
316.93084037843033	2.653456077322744	trials	-1.0	1.0	1.5		1.0	0.5	318.0196765095112	318.0195629768545	319.08424814005866	317.7510338250337	317.7521003964857	317.8713843431418	
317.8713843431418	0.9630000000000223	WheelMovementIntervals													2.0097957842355623
319.51638434314185	0.8700000000000045	WheelMovementIntervals													-0.8619299966450011
320.26330954990885	3.90005317007126	trials	-1.0	-1.0	0.0	0.0625		0.5	321.58575815934	321.5848272275323	323.66323936572763	321.02954114711156	321.03040773641635	321.16038434314186	
321.16038434314186	1.3739999999999668	WheelMovementIntervals													1.8105066729214894
324.809570364144	2.453843362117084	trials	1.0	1.0	1.5	1.0		0.5	325.7037905355891	325.7036857997759	326.76329595173945	325.4343145921647	325.43544782433247	325.52838434314185	
325.52838434314185	0.2869999999999777	WheelMovementIntervals													-0.6696212632574294
327.28838434314184	0.40699999999998226	WheelMovementIntervals													-0.36288261650502207
327.93842437936036	2.6292303284146215	trials	1.0	1.0	1.5	1.0		0.5	328.9976298222898	328.99753619349093	330.0675343100973	328.4009830859582	328.40208298776815	328.61438434314186	
328.61438434314186	0.46999999999997044	WheelMovementIntervals													-0.3106888278376072
330.12238434314185	0.9010000000000105	WheelMovementIntervals													-1.272785667535695
331.2675605150513	5.745777746019769	trials	1.0	-1.0	0.0		0.0	0.5	334.4310447721004	334.43020220784393	336.51322555894853	331.7465510880819	331.7473843470288	334.15738434314187	
334.15738434314187	1.4230000000000018	WheelMovementIntervals													-1.311095136709861
337.76474716682037	2.7316529200933246	trials	1.0	1.0	1.5	0.25		0.5	338.92437697802904	338.92426920567164	339.99628128730916	338.43422073511016	338.435053994057	338.53038434314186	
338.53038434314186	2.1089999999999804	WheelMovementIntervals													-4.355781787319916
341.1603107057574	7.557390073253146	trials	1.0	1.0	1.5	0.0		0.5	347.1477761945346	347.1476804821126	348.21761402162633	341.7675898262513	341.7683564244824	346.68038434314184	
346.68038434314184	0.9620000000000459	WheelMovementIntervals													-0.5069865046674451
348.27538434314187	0.8059999999999832	WheelMovementIntervals													-0.575300453204652
349.37638434314186	0.8810000000000286	WheelMovementIntervals													-2.345065063101406
349.4073078156389	4.643577481509169	trials	-1.0	1.0	1.5		1.0	0.5	352.4985651871715	352.4984580623908	353.55080458530495	352.2132239933983	352.2140239219873	352.3133843431419	
350.59038434314186	1.0470000000000255	WheelMovementIntervals													-1.810219283510179
352.3133843431419	2.076999999999998	WheelMovementIntervals													3.784716551478764
354.77719510333856	2.3237509915916803	trials	-1.0	1.0	1.5		0.25	0.5	355.53402753962035	355.5339110571646	356.60083230414546	355.27971690902933	355.28068348940775	355.41238434314187	
355.41238434314187	0.8450000000000273	WheelMovementIntervals													2.3139079795826456
356.89138434314185	0.4370000000000118	WheelMovementIntervals													-0.17910126026758633
357.797758785817	13.06578656221069	trials	1.0	-1.0	0.0		0.0625	0.5	368.29332182906165	368.29250783377705	370.36343702635884	358.54659193620864	358.5476585076607	368.0413843431419	
368.0413843431419	1.0049999999999955	WheelMovementIntervals													-0.701137914502822
371.6595546530682	3.641241080026191	trials	-1.0	-1.0	0.0	0.0625		0.5	372.7452910608667	372.7444662970035	374.80077423105644	372.3339611143236	372.33496102505984	372.5103843431419	
372.5103843431419	0.7110000000000127	WheelMovementIntervals													1.2689114504442536
375.9927011590466	3.536673675396173	trials	1.0	1.0	1.5	0.25		0.5	377.96012552372895	377.96004102980584	379.02926341330533	376.76336569384677	376.7642989438673	377.65038434314187	
376.9403843431419	0.3140000000000214	WheelMovementIntervals													0.06528794177211417
377.65038434314187	1.32000000000005	WheelMovementIntervals													-0.9066891648807136
379.3513843431419	1.0389999999999873	WheelMovementIntervals													-1.112037049407471
380.24388831500886	9.440214803013589	trials	1.0	1.0	1.5	0.0625		0.5	388.1260846579416	388.12598333468645	389.18402354727175	381.0173192695127	381.0182858498911	388.0123843431419	
388.0123843431419	0.8940000000000055	WheelMovementIntervals													-1.9587740705179435
389.69338434314193	0.5299999999999727	WheelMovementIntervals													-0.5042077977352601
390.44191125349784	2.403844413345439	trials	-1.0	1.0	1.5		0.25	0.5	391.27743666472395	391.2773263410649	392.34564130427987	391.0464572846459	391.04759051681367	390.89038434314193	
390.89038434314193	1.4590000000000032	WheelMovementIntervals													3.3082191816109523
393.1743843431419	1.3290000000000077	WheelMovementIntervals													-0.559326309977477
393.55686650948	3.7271605116250157	trials	1.0	1.0	1.5	1.0		0.5	395.71970676238715	395.71960046162064	396.7839450893558	395.1341257048703	395.1352256066802	395.31338434314193	
395.31338434314193	0.6629999999999541	WheelMovementIntervals													-0.36075520342540557
396.59238434314193	1.197999999999979	WheelMovementIntervals													-0.5383747054795531
397.99303715165195	9.874343748457761	trials	1.0	-1.0	0.0		0.0625	0.5	405.3148835179797	405.31394224491515	407.3673336256028	398.5291892884393	398.53022252953343	405.1673843431419	
405.1673843431419	2.2210000000000036	WheelMovementIntervals													-3.542023007546017
408.61768867094895	2.5996319732599886	trials	1.0	1.0	1.5	0.125		0.5	409.66359530108605	409.6635003266653	410.71723457425026	409.14600817363544	409.14687476294023	409.23138434314194	
409.23138434314194	2.1219999999999573	WheelMovementIntervals													-2.1247497484707853
411.92722655620906	11.473570820228872	trials	1.0	1.0	1.5	0.125		0.5	421.8352753811801	421.8351732036473	422.9007136010323	412.645695750576	412.6465290095229	421.6533843431419	
421.6533843431419	1.0030000000000427	WheelMovementIntervals													-1.9001194325466906
423.9003843431419	0.1349999999999909	WheelMovementIntervals													-0.07455809284893922
424.0982066987877	5.964896349162927	trials	1.0	-1.0	0.0		0.0625	0.5	427.490503862653	427.4894609081539	429.5630188457172	424.728950391226	424.7301836144674	427.1483843431419	
426.2153843431419	0.21300000000002228	WheelMovementIntervals													-0.02947474319518595
427.1483843431419	2.719000000000051	WheelMovementIntervals													-1.8677021096933493
430.75811215770557	2.4046446145353	trials	-1.0	1.0	1.5		0.125	0.5	431.5827052115485	431.5826267695558	432.6626421370766	431.28396521390925	431.28483180321405	431.37538434314195	
431.37538434314195	1.23599999999999	WheelMovementIntervals													1.5585942960564547
433.05238434314197	0.5199999999999818	WheelMovementIntervals													-0.24356107840351315
433.8735673690559	2.5437355122409713	trials	-1.0	1.0	1.5		1.0	0.5	434.8514800691267	434.85138025117385	435.9171849318419	434.48397954319006	434.48481280213696	434.65138434314196	
434.65138434314196	2.4939999999999714	WheelMovementIntervals													1.8679766332653465
437.1273102352322	17.056430702134435	trials	-1.0	-1.0	0.0	0.0		0.5	451.619783134206	451.61890454660994	453.6836655545804	437.6960927923797	437.69715936383176	451.37838434314193	
451.37838434314193	1.3830000000000382	WheelMovementIntervals													0.5653636531634469
454.9723505114835	3.423656142830339	trials	-1.0	-1.0	0.0	0.25		0.5	455.8307738785702	455.82976432134706	457.8959561829018	455.51236896978435	455.5134355412364	455.580384343142	
455.580384343142	2.960999999999956	WheelMovementIntervals													2.4919966276593546
459.0940158967411	6.156479268764372	trials	-1.0	-1.0	0.0	0.125		0.5	462.69676094023305	462.6958611027942	464.7504442710975	459.55050847820564	459.5514417282261	462.571384343142	
462.571384343142	2.9320000000000164	WheelMovementIntervals													3.6961215181400044
465.958903056594	8.304120918792023	trials	-1.0	-1.0	0.0	1.0		0.5	471.6877249682563	471.6868857736901	473.7629397103084	467.4291051424878	467.43007172286616	471.435384343142	
466.188384343142	0.7389999999999759	WheelMovementIntervals													0.5767401838111601
471.435384343142	1.0269999999999868	WheelMovementIntervals													0.47090855638529927
474.9581330133704	2.475638919422124	trials	-1.0	1.0	1.5		0.25	0.5	475.8823505069036	475.8822471680496	476.93372331573227	475.55044680317815	475.5513800531986	475.64838434314197	
475.64838434314197	1.157000000000039	WheelMovementIntervals													2.5815782665476643
477.421384343142	1.4099999999999682	WheelMovementIntervals													-0.9728150411689649
478.1547809765058	9.195741844566214	trials	-1.0	1.0	1.5		0.0	0.5	485.80539799291864	485.805297322001	486.850438033751	479.44576572810234	479.4466989781228	485.514384343142	
485.514384343142	1.6119999999999663	WheelMovementIntervals													2.4614020972838206
488.0355322383767	2.4481431803880582	trials	-1.0	1.0	1.5		0.25	0.5	488.9301523741163	488.9300476504684	489.9835583347754	488.5961155274868	488.59701544714943	488.840384343142	
488.840384343142	1.566000000000031	WheelMovementIntervals													4.237135279869538
491.1653861643293	9.08514145903655	trials	-1.0	-1.0	0.0	0.125		0.5	497.70766879030407	497.70678729637046	499.7504197637853	491.71260397993126	491.7137038817412	497.484384343142	
497.484384343142	0.7220000000000368	WheelMovementIntervals													1.5112861428418576
501.03183870267156	3.8642552418599507	trials	-1.0	-1.0	0.0	1.0		0.5	502.34295499042497	502.3419567535293	504.3960383748477	501.5791231789893	501.57998976829407	502.190384343142	
502.190384343142	0.8760000000000332	WheelMovementIntervals													1.7091705573158347
505.5701002310165	3.3302331105232383	trials	-1.0	-1.0	0.0	0.25		0.5	506.3569633197443	506.35610757377566	508.4003142396673	506.08362105480626	506.08462096554257	506.264384343142	
506.264384343142	0.6449999999999818	WheelMovementIntervals													1.4426114460694102
509.62633812376424	3.5573735731859983	trials	-1.0	-1.0	0.0	0.0		0.5	510.6372812084898	510.63625844302885	512.6835985302638	510.36267238995254	510.36360563997306	510.521384343142	
510.521384343142	0.7019999999999982	WheelMovementIntervals													1.2792157233124968
513.8832247709232	2.3340252495223694	trials	-1.0	1.0	1.5		1.0	0.5	514.6636217702231	514.6635328779902	515.7171277219558	514.3957790143346	514.3966122732814	514.436384343142	
514.436384343142	2.175000000000068	WheelMovementIntervals													3.807622717290595
516.9034551498229	5.642189965828493	trials	-1.0	-1.0	0.0	0.25		0.5	519.9615821456272	519.9608028160876	522.0455627718005	517.3961111695825	517.3969444285294	519.800384343142	
519.800384343142	0.8740000000000236	WheelMovementIntervals													1.6287410624516383
523.2514551197406	2.6442308675777895	trials	-1.0	1.0	1.5		0.125	0.5	524.3068609018723	524.3067670398839	525.3956303722374	523.9168290540117	523.9178956254638	524.1293843431421	
524.1293843431421	0.9669999999999845	WheelMovementIntervals													3.1316340160074674
525.460384343142	0.7300000000000182	WheelMovementIntervals													-0.5521161737093685
526.5659925586821	2.4134407850156094	trials	-1.0	1.0	1.5		0.125	0.5	527.4142168362589	527.4141065396457	528.4793550828902	527.1169100440083	527.1179099547445	527.256384343142	
527.256384343142	0.66599999999994	WheelMovementIntervals													1.0406266075797923
529.7273436728271	2.6348287849743883	trials	-1.0	1.0	1.5		0.25	0.5	530.7859491693149	530.7858544333683	531.8621530947609	530.4835095019515	530.4845427430456	530.569384343142	
530.569384343142	2.07000000000005	WheelMovementIntervals													3.9452520563805358
533.0694786480897	6.747326113401527	trials	-1.0	-1.0	0.0	1.0		0.5	537.2452392041794	537.2441560577305	539.3167209461494	533.5669342393833	533.5678674894039	537.109384343142	
537.109384343142	1.0790000000000646	WheelMovementIntervals													1.2854407486334587
540.4989154096398	11.580057326215979	trials	-1.0	-1.0	0.0	1.0		0.5	549.5011784289829	549.5001361452732	551.5788929478757	544.4954253010745	544.4965252028844	549.301384343142	
541.020384343142	2.730000000000018	WheelMovementIntervals													1.7216775053787998
549.301384343142	1.2380000000000564	WheelMovementIntervals													-1.41774905302168
552.8343808683347	3.7324623156165444	trials	-1.0	-1.0	0.0	0.0		0.5	553.9988435814355	553.9978996704948	556.0667589751127	553.5668154826516	553.5678153933878	553.757384343142	
553.757384343142	0.6310000000000855	WheelMovementIntervals													0.8744465917994759
557.2511532422232	2.3656223159897536	trials	-1.0	1.0	1.5		0.0625	0.5	558.0427492417692	558.0426603742821	559.1167533635954	557.7285106277178	557.7294772080962	557.885384343142	
557.885384343142	1.719000000000051	WheelMovementIntervals													1.8812450811839554
560.3035807468307	2.425342507275559	trials	-1.0	1.0	1.5		0.25	0.5	561.1588043995613	561.1586953812498	562.2288088784425	560.8624308573312	560.8634640984254	561.0003843431421	
561.0003843431421	2.2889999999999873	WheelMovementIntervals													4.7636024381623585
563.4368343692865	2.2923401845749822	trials	-1.0	1.0	1.5		0.0625	0.5	564.1437379294707	564.1436464513201	565.2291077033325	563.900059683042	563.901126254494	563.9743843431421	
563.9743843431421	1.5659999999999172	WheelMovementIntervals													3.1638658323816244
565.9023843431421	1.044999999999959	WheelMovementIntervals													0.38020451863736326
566.5800870991052	9.320030853866797	trials	-1.0	1.0	1.5		0.125	0.5	574.335494760679	574.3353934877991	575.4000330608686	567.6168278808265	567.6177944612049	574.175384343142	
574.175384343142	1.7700000000000955	WheelMovementIntervals													3.2561623721367425
576.6037256051889	2.6131318465103277	trials	-1.0	1.0	1.5		1.0	0.5	577.6455326013073	577.6454379020001	578.716736973072	577.2957304954026	577.2967970668547	577.3973843431421	
577.3973843431421	2.2719999999999345	WheelMovementIntervals													1.8998954652861286
579.9114636511237	5.050877640944236	trials	-1.0	1.0	1.5		0.125	0.5	583.3779208612623	583.3778148762268	584.462224063672	580.4625144578814	580.463414377544	583.280384343142	
583.280384343142	0.8849999999999909	WheelMovementIntervals													1.676080814178846
585.0313843431421	0.5579999999999927	WheelMovementIntervals													-0.3635851283462159
585.6779488671855	2.6056582326693842	trials	1.0	1.0	1.5	0.25		0.5	586.7199558454511	586.7198713528983	587.7834942349044	586.2333992811828	586.234399191919	586.2103843431421	
586.2103843431421	0.7959999999999354	WheelMovementIntervals													-0.4102026118583453
587.9423843431421	0.9740000000000464	WheelMovementIntervals													-0.35358450184661194
588.9766210557781	2.5400357654536947	trials	-1.0	1.0	1.5		1.0	0.5	589.949434211094	589.9493343692991	591.0165722791978	589.7116221076514	589.7127220094612	589.8273843431421	
589.8273843431421	1.2870000000000346	WheelMovementIntervals													5.251783926231262
591.5953843431421	0.4149999999999636	WheelMovementIntervals													-0.5454539124417508
592.2141653680269	2.5481360628174343	trials	-1.0	1.0	1.5		0.25	0.5	593.1842787643548	593.1841787155877	594.2622158684103	592.8282438815273	592.8290438101163	593.0133843431421	
593.0133843431421	0.7110000000000127	WheelMovementIntervals													1.0505837553747668
594.8723843431421	0.7099999999999227	WheelMovementIntervals													-0.4732409479505506
595.4494098855822	12.683884434441325	trials	-1.0	-1.0	0.0	1.0		0.5	605.5773390814587	605.5765563444578	607.633222215943	596.0834199530923	596.0847198370494	605.3593843431421	
605.3593843431421	2.4360000000000355	WheelMovementIntervals													-3.7435947765180373
608.945505066222	2.6545295499382746	trials	-1.0	1.0	1.5		0.125	0.5	610.0383075098902	610.0382168185316	611.0999793993024	609.6281774562306	609.6289773848196	609.9273843431421	
609.9273843431421	1.6960000000000264	WheelMovementIntervals													2.5566540695290314
612.2879400147054	8.407110785382542	trials	-1.0	-1.0	0.0	0.0		0.8	618.1139532499329	618.1131153906518	620.1949674742555	612.9452146720128	612.9463145738226	618.0193843431421	
618.0193843431421	1.2810000000000628	WheelMovementIntervals													1.4998539937037663
621.4095590456011	2.5571600796157554	trials	1.0	1.0	1.5	1.0		0.8	622.4053034871354	622.4051820480814	623.4666754033267	622.0497685596761	622.0509351222017	622.2923843431421	
622.2923843431421	0.7559999999999718	WheelMovementIntervals													-1.3153731582400283
623.9663843431421	0.36600000000009913	WheelMovementIntervals													-0.13335445725240191
624.6813336353881	2.347723867410309	trials	-1.0	1.0	1.5		1.0	0.8	625.448331830822	625.4482407785932	626.5289686938654	625.1957210484826	625.1965876377874	625.3273843431421	
625.3273843431421	1.4860000000001037	WheelMovementIntervals													2.9544340937197617
627.7243619790747	9.708759084117787	trials	-1.0	-1.0	0.0	0.25		0.8	634.8782233417093	634.877277710596	636.9330732350994	628.2997439470817	628.3005772060285	634.7463843431422	
634.7463843431422	1.0739999999999554	WheelMovementIntervals													0.7280960488126738
638.1462316010563	3.382333455826597	trials	-1.0	-1.0	0.0	1.0		0.8	638.9485599758384	638.9477392920764	641.028474298351	638.6284552188009	638.6295551206108	638.7153843431421	
638.7153843431421	0.4920000000000755	WheelMovementIntervals													0.5297300348392113
642.2021695205832	2.5142565825059364	trials	-1.0	1.0	1.5		0.25	0.8	643.1590840951924	643.1589902923994	644.2163563773651	642.8663435619708	642.8672101512756	642.9693843431421	
642.9693843431421	2.302000000000021	WheelMovementIntervals													3.0335350006722734
645.5060412450044	7.022873483803664	trials	-1.0	-1.0	0.0	0.125		0.8	649.9608435572288	649.9599865804294	652.028825611622	646.0115627829041	646.0125293632824	649.6043843431421	
649.6043843431421	1.1539999999999964	WheelMovementIntervals													0.953319385155261
653.2050206106949	2.478138166307872	trials	1.0	1.0	1.5	1.0		0.8	654.1161392735829	654.1160342737805	655.1830773595395	653.6998431037164	653.7008096840948	653.7713843431421	
653.7713843431421	0.8970000000000482	WheelMovementIntervals													-0.9306557965592432
655.5343843431422	0.9779999999999518	WheelMovementIntervals													-0.4965615821198952
656.4018685559774	2.7480481335677496	trials	1.0	1.0	1.5	0.25		0.8	657.588095992771	657.5879888999019	658.6499012036147	657.0450111415455	657.0461443737133	657.2933843431422	
657.2933843431422	0.7799999999999727	WheelMovementIntervals													-0.6646229407504975
658.6273843431421	0.8210000000000264	WheelMovementIntervals													-0.37039743468207575
659.8472276495808	8.102437409846061	trials	1.0	1.0	1.5	1.0		0.8	666.3943431774475	666.3942378727904	667.4496156381476	660.3285513476627	660.3294512673253	666.2303843431422	
666.2303843431422	0.9449999999999363	WheelMovementIntervals													-0.8640580457061091
667.7243843431421	0.42799999999999727	WheelMovementIntervals													-0.386796893842444
668.6527748967419	2.3635217592900517	trials	-1.0	1.0	1.5		0.25	0.8	669.4565698072705	669.4564816158145	670.516275205568	669.1612628364925	669.162429399018	669.3363843431422	
669.3363843431422	1.3929999999999154	WheelMovementIntervals													2.4033957480624863
671.1093843431422	0.7789999999999964	WheelMovementIntervals													0.3445672143835452
671.7153014997857	3.3132630342601033	trials	1.0	1.0	1.5	0.25		0.8	673.455246171967	673.4551335495688	674.528483695562	672.6283199930728	672.6294198948826	672.6593843431422	
672.6593843431422	2.7060000000000173	WheelMovementIntervals													-2.659689858458975
675.74837479381	2.3179226635935493	trials	-1.0	1.0	1.5		1.0	0.8	676.5025741318195	676.5024815164479	677.5662125123465	676.2495300548278	676.2503966441326	676.3333843431421	
676.3333843431421	2.7810000000000628	WheelMovementIntervals													4.003267582319204
678.7936029411163	17.668172395799616	trials	1.0	1.0	1.5	0.0625		0.8	694.887832848519	694.8877501587604	695.9616703185558	679.8616409288828	679.8627408306927	694.4373843431422	
694.4373843431422	0.7709999999999582	WheelMovementIntervals													-0.9616523511404509
696.4403843431422	0.35199999999997544	WheelMovementIntervals													-0.17908640163120282
697.2709867669839	2.595136088615277	trials	-1.0	1.0	1.5		0.25	0.8	698.3063943343902	698.3063003664276	699.3660997326879	697.8829654679383	697.8839987090324	698.0133843431422	
698.0133843431422	0.8669999999999618	WheelMovementIntervals													0.6959664634227636
699.6373843431422	0.4739999999999327	WheelMovementIntervals													-0.2250474297749463
700.5357286512592	2.7472494426622234	trials	1.0	1.0	1.5	0.0625		0.8	701.7498535975946	701.7497496163692	702.7828613792339	701.2447986847053	701.24566527401	701.4463843431422	
701.4463843431422	1.899000000000001	WheelMovementIntervals													1.1465547432223602
703.9772880840646	7.072197709176635	trials	1.0	-1.0	0.0		0.0625	0.8	708.5012842192389	708.5002492940182	710.5494013803382	704.6618269741142	704.6626269027032	708.3353843431422	
708.3353843431422	0.5399999999999636	WheelMovementIntervals													-0.603610030689957
709.1403843431422	0.8559999999999945	WheelMovementIntervals													-0.7015057330682168
711.7492942638606	2.733623627801194	trials	1.0	1.0	1.5	0.25		0.8	712.948687192015	712.9486041912502	713.9828282058219	712.4282003234292	712.4293002252391	712.7683843431422	
712.7683843431422	0.5339999999999918	WheelMovementIntervals													-0.6478841833819686
714.3363843431422	0.37999999999999545	WheelMovementIntervals													0.1943709800193716
715.1766216338532	11.439569467765523	trials	-1.0	1.0	1.5		0.0625	0.8	725.0737714317988	725.0736656549029	726.1161117136432	715.7615027538546	715.7626026556645	724.0473843431422	
724.0473843431422	4.536000000000058	WheelMovementIntervals													-2.857351152765773
727.3767991699309	13.784927304578787	trials	-1.0	-1.0	0.0	0.25		0.8	738.5951976844242	738.5942825115114	740.661646542355	729.2612976042186	729.2622308542392	738.4113843431422	
738.4113843431422	0.8229999999999791	WheelMovementIntervals													1.0595302866760221
741.8853373014007	2.7643196831749037	trials	-1.0	1.0	1.5		0.125	0.8	743.1108278997716	743.1107455835532	744.1496018333233	742.4661187873835	742.4671853588354	742.9693843431422	
742.9693843431422	1.1710000000000491	WheelMovementIntervals													1.8518857185121576
744.4473843431422	0.5380000000000109	WheelMovementIntervals													-0.5897948442297007
745.3564607616419	2.471657621190843	trials	1.0	1.0	1.5	0.25		0.8	746.2651796387628	746.2650815764958	747.3280847514164	745.8777808891745	745.8788474606265	745.9813843431422	
745.9813843431422	0.4550000000000409	WheelMovementIntervals													-0.6078231132797001
748.6339348426255	13.082088041460793	trials	-1.0	-1.0	0.0	0.0		0.8	759.1671611902697	759.1663846254688	761.2159782888843	749.0995266117902	749.1004931921685	758.2013843431422	
758.2013843431422	1.0540000000000873	WheelMovementIntervals													0.32687284698385355
759.5793843431422	1.393000000000029	WheelMovementIntervals													-1.5023186796151506
762.4835317988943	2.5614340230041535	trials	1.0	1.0	1.5	0.25		0.8	763.4841424726784	763.4840443072845	764.5448477817123	763.0613135526683	763.0621468116151	763.2663843431422	
763.2663843431422	0.9850000000000136	WheelMovementIntervals													-0.6866673683748701
764.7303843431422	0.6970000000000027	WheelMovementIntervals													-0.8804983511304698
765.7587727459004	2.4864394868604904	trials	-1.0	1.0	1.5		0.25	0.8	766.676190846427	766.6760865758029	767.7451620842139	766.2826259806316	766.2834592395785	766.4373843431422	
766.4373843431422	0.7110000000000127	WheelMovementIntervals													0.8297315804125205
767.9913843431423	0.6789999999999736	WheelMovementIntervals													-0.8664475957425424
768.9436217623478	2.6172302498292765	trials	1.0	1.0	1.5	1.0		0.8	769.9902283300003	769.9901334580281	771.0607994249654	769.5492343649479	769.5501009542527	769.7053843431422	
769.7053843431422	0.9300000000000637	WheelMovementIntervals													-0.3757408952190886
771.7493843431422	1.1370000000000573	WheelMovementIntervals													-0.35217161086480075
772.2720579605234	13.694001996792053	trials	1.0	1.0	1.5	0.25		0.8	784.4155405578547	784.4154353109075	785.4659467863049	773.2826344113123	773.2834343399013	783.9513843431423	
783.9513843431423	0.99899999999991	WheelMovementIntervals													-1.161662040036589
785.4693843431422	0.7830000000000155	WheelMovementIntervals													-0.54338337816543
786.70266971528	2.608630283555499	trials	1.0	1.0	1.5	1.0		0.8	787.7524759972885	787.752381498971	788.8112148152077	787.2445546736219	787.2453879325687	787.4263843431422	
787.4263843431422	0.9560000000000173	WheelMovementIntervals													-1.2971702785963473
789.2043843431422	0.7150000000000318	WheelMovementIntervals													-0.2530112833610616
790.0195069489148	2.525736591772443	trials	1.0	1.0	1.5	0.25		0.8	790.9854207201504	790.9853205588131	792.0451594488059	790.6159537030991	790.6170536049091	790.7913843431422	
790.7913843431422	2.449000000000069	WheelMovementIntervals													-1.102081539639201
793.2540515289547	2.4118356103830365	trials	1.0	1.0	1.5	0.125		0.8	794.1075753334337	794.1074630679158	795.1658808567006	793.7992028623685	793.8000361213154	793.9513843431423	
793.9513843431423	0.9569999999999936	WheelMovementIntervals													-1.1106396546900612
795.6813843431422	0.7490000000000236	WheelMovementIntervals													-0.5560389040324907
796.4870962428903	8.828838925910304	trials	1.0	1.0	1.5	0.0		0.8	803.7676129654523	803.7675091543584	804.8158860509985	797.0114827633475	797.0123493526523	803.5073843431422	
803.5073843431422	0.9400000000000546	WheelMovementIntervals													-1.149749916594132
805.1833843431423	0.5929999999999609	WheelMovementIntervals													-0.8267108284176814
806.0308442562808	2.5634357763401567	trials	1.0	1.0	1.5	0.25		0.8	807.0379543498507	807.0378579177308	808.0942600516449	806.7610124062621	806.7619789866405	806.9213843431422	
806.9213843431422	0.7910000000000537	WheelMovementIntervals													-1.3970123760514852
808.1093843431423	0.7869999999999209	WheelMovementIntervals													-0.2899522472411462
809.2721882293274	2.3602478423154025	trials	-1.0	1.0	1.5		0.25	0.2	810.0854156311348	810.0853043667184	811.1323888327238	809.7324804715897	809.7336470341154	809.8153843431422	
809.8153843431422	1.5810000000000173	WheelMovementIntervals													2.8584287662179833
811.8783843431423	0.6359999999999673	WheelMovementIntervals													-0.5599520845395816
812.3361480377599	2.575534800519449	trials	-1.0	1.0	1.5		0.25	0.2	813.3516573815144	813.3515609694709	814.4115960923172	813.0782151255028	813.0792816969548	813.2043843431422	
813.2043843431422	0.87600000000009	WheelMovementIntervals													1.8784755787155092
815.2423843431422	0.77800000000002	WheelMovementIntervals													-0.5069244870108065
815.5940905290286	8.388315327052737	trials	-1.0	1.0	1.5		0.125	0.2	822.4267805631736	822.426683652642	823.4823529970946	816.565937103966	816.5669370147023	822.2483843431423	
822.2483843431423	0.8909999999999627	WheelMovementIntervals													1.5705685039730781
824.6740132822218	2.6201582668053334	trials	-1.0	1.0	1.5		0.0	0.2	825.7373516895278	825.7372361144885	826.7940573556166	825.294357903003	825.2952578226656	825.4633843431423	
825.4633843431423	2.2670000000000528	WheelMovementIntervals													1.0455225641009989
827.984884381797	3.3598332445099004	trials	-1.0	-1.0	0.0	0.125		0.2	828.7822465332555	828.7811917869961	830.8446290875255	828.5158703131135	828.5169035542076	828.6033843431422	
828.6033843431422	0.4940000000000282	WheelMovementIntervals													0.5002506931551096
829.4593843431423	0.16899999999998272	WheelMovementIntervals													-0.05914652975615553
832.0327230243599	3.1119435684151995	trials	-1.0	1.0	1.5		0.0625	0.2	833.5863509960164	833.5862442750465	834.6445898585675	832.7658242458343	832.7668908172864	832.9303843431424	
832.9303843431424	2.4449999999999363	WheelMovementIntervals													1.4055349361887863
835.9180761722794	5.593695585452906	trials	-1.0	1.0	1.5		0.25	0.2	839.9485496983892	839.9484443229665	841.0116547931901	836.4823258007558	836.4832257204184	839.7803843431423	
839.7803843431423	1.9569999999999936	WheelMovementIntervals													2.001090557705922
842.206081498021	6.192978129108496	trials	-1.0	1.0	1.5		0.0625	0.2	846.8518334305148	846.8517378560466	847.8990066142512	842.7656648763949	842.7665314656996	846.6473843431423	
846.6473843431423	1.9009999999999536	WheelMovementIntervals													3.4215995724242774
849.099366122784	2.3614467691983236	trials	-1.0	1.0	1.5		0.25	0.2	849.8967949349583	849.8966815762295	850.960733288706	849.6114870715429	849.6124869822792	849.6933843431423	
849.6933843431423	2.1380000000000337	WheelMovementIntervals													2.1156340042330513
852.1764247618615	6.589405113782959	trials	-1.0	1.0	1.5		0.0	0.2	857.2208077745479	857.2207036968601	858.2657478243066	852.7823706680405	852.7834705698504	857.0573843431423	
852.9623843431423	0.06000000000005912	WheelMovementIntervals													0.003876687647235144
857.0573843431423	2.1940000000000737	WheelMovementIntervals													3.2241521248693203
859.4740399580137	2.5251365529339864	trials	-1.0	1.0	1.5		1.0	0.2	860.4592520064593	860.4591538280313	861.499125841821	860.2269060817083	860.2278060013709	860.3403843431423	
860.3403843431423	1.4969999999999573	WheelMovementIntervals													1.8132870109912531
862.6992853682063	2.4830401059169844	trials	-1.0	1.0	1.5		1.0	0.2	863.6332019958813	863.6330996989662	864.6822416796588	863.327529283804	863.3284625338246	863.5223843431423	
863.5223843431423	0.8239999999999554	WheelMovementIntervals													2.1571933134003487
865.8950334116792	2.4824142412539913	trials	-1.0	1.0	1.5		0.0	0.2	866.8256170035665	866.8255380001733	867.8773564463319	866.3775903330024	866.3784235919493	866.4843843431423	
866.4843843431423	0.9130000000000109	WheelMovementIntervals													1.2337153728068841
868.2213843431423	0.4840000000000373	WheelMovementIntervals													-0.41705529534193175
869.0796491156214	2.3693446660720383	trials	-1.0	1.0	1.5		1.0	0.2	869.9071752409574	869.9070640153294	870.9489489067179	869.5987694395342	869.5997693502704	869.7473843431424	
869.7473843431424	2.3840000000000146	WheelMovementIntervals													5.053561994120791
872.1868050678606	7.112312084527048	trials	-1.0	1.0	1.5		0.0	0.2	877.7598075564545	877.7596913251201	878.7990147846585	872.7115915526124	872.7124248115592	877.5303843431424	
877.5303843431424	1.7699999999999818	WheelMovementIntervals													2.8698816586741884
880.1327290550516	2.511939746913413	trials	-1.0	1.0	1.5		0.0	0.2	881.0803444598134	881.0802436705562	882.1445494564243	880.7941366767355	880.795069926756	880.8953843431424	
880.8953843431424	1.6779999999999973	WheelMovementIntervals													1.2415539226429928
883.3260773127573	3.5184518474122797	trials	-1.0	-1.0	0.0	0.25		0.2	884.2820586373459	884.281290845676	886.3444078612581	883.9154913614299	883.9163912810925	884.0333843431423	
884.0333843431423	1.1399999999999864	WheelMovementIntervals													1.1378080673792113
887.5153366637866	2.23352897232553	trials	-1.0	1.0	1.5		0.25	0.2	888.2105412683563	888.210445057987	889.2488485768978	887.9654964772548	887.9663630665596	888.0903843431423	
888.0903843431423	1.386000000000081	WheelMovementIntervals													3.4357463420683416
889.7913843431423	0.66700000000003	WheelMovementIntervals													-0.169435613719358
890.4655732911475	2.5123400004056293	trials	-1.0	1.0	1.5		0.125	0.2	891.4292872587633	891.429188249861	892.4778936478883	891.0269231784888	891.0280230802987	891.2403843431423	
891.2403843431423	2.344000000000051	WheelMovementIntervals													1.5082132318822659
893.6559218166443	2.571235301043089	trials	1.0	1.0	1.5	1.0		0.2	894.6745308836813	894.6744350077947	895.7271035853935	894.1488444792669	894.1496777382139	894.3673843431424	
894.3673843431424	0.7580000000000382	WheelMovementIntervals													-0.8077204025345424
895.9073843431423	0.4780000000000655	WheelMovementIntervals													-0.821208766762453
896.9167640490482	2.365548987325269	trials	-1.0	1.0	1.5		0.25	0.2	897.7319912723281	897.7318802398478	898.782230848989	897.4155528546569	897.4163861136038	897.5683843431424	
897.5683843431424	0.8159999999999172	WheelMovementIntervals													1.1832543594422305
898.7773843431423	0.44700000000000273	WheelMovementIntervals													-0.3254694863170613
899.9619255356388	2.3036248776460297	trials	-1.0	1.0	1.5		0.25	0.2	900.7265239453056	900.7264334599539	901.7654978610046	900.4444491266042	900.4453490462669	900.5753843431423	
900.5753843431423	0.9010000000000673	WheelMovementIntervals													1.8787797065768217
901.6173843431424	0.7549999999999955	WheelMovementIntervals													-0.493378386552493
902.9728567446912	2.2425278101503636	trials	-1.0	1.0	1.5		1.0	0.2	903.6654615813467	903.6653650238532	904.7153678544288	903.4268162189572	903.4276494779041	903.4993843431423	
903.4993843431423	0.6350000000001046	WheelMovementIntervals													0.8745404510772659
904.6033843431424	1.1019999999999754	WheelMovementIntervals													-2.668845324674095
905.936492175918	8.874625542048307	trials	-1.0	-1.0	0.0	0.125		0.2	912.252295020128	912.2513807959009	914.3110445653896	906.677492692209	906.6783259511559	911.9123843431423	
911.9123843431423	0.6059999999999945	WheelMovementIntervals													0.6416503333361447
915.6262271568038	2.5893611386153452	trials	-1.0	1.0	1.5		0.125	0.2	916.6702672868998	916.6701509990596	917.7155406402372	916.3486959941158	916.3496292441363	916.4063843431423	
916.4063843431423	1.0880000000000791	WheelMovementIntervals													2.0375474231722137
917.6573843431423	0.4900000000000091	WheelMovementIntervals													-0.16789545164003528
918.4193843431424	0.17799999999999727	WheelMovementIntervals													0.06440057466316773
918.8968018537073	7.747406327357794	trials	-1.0	-1.0	0.0	0.125		0.2	924.0899382535925	924.088971771993	926.144154870183	919.3608604264097	919.3619603282195	923.8253843431423	
923.8253843431423	1.3240000000000691	WheelMovementIntervals													-1.3025574976730354
927.3325154498805	2.5117402556294337	trials	-1.0	1.0	1.5		0.25	0.2	928.2878301673117	928.2877299984923	929.3441358691059	927.9819908034449	927.9829240534655	928.0883843431424	
928.0883843431424	1.9429999999999836	WheelMovementIntervals													2.2344021195488892
930.5126648858675	2.369421597452515	trials	-1.0	1.0	1.5		0.125	0.2	931.3331583056917	931.333072017691	932.3820313376797	930.9820563158298	930.9829229051346	931.1523843431423	
931.1523843431423	1.9740000000000464	WheelMovementIntervals													1.7202940185814555
933.574991506764	2.457041920192296	trials	-1.0	1.0	1.5		1.0	0.2	934.4909097411862	934.4908067589809	935.5319834694313	934.1107436792569	934.1115769382037	934.2943843431424	
934.2943843431424	1.5639999999999645	WheelMovementIntervals													2.4242248085173372
936.7218439152332	2.3601251397332135	trials	-1.0	1.0	1.5		1.0	0.2	937.5425706475626	937.5424523085456	938.5819445275561	937.2438639802813	937.2448972213754	937.3883843431424	
937.3883843431424	1.7799999999999727	WheelMovementIntervals													3.5389610832795597
939.7469738567406	2.6851518383796247	trials	-1.0	1.0	1.5		0.125	0.2	940.8879053371811	940.887795031215	941.932012127993	940.4440116309936	940.4449448810141	940.6923843431424	
940.6923843431424	2.0860000000000127	WheelMovementIntervals													3.498170122141289
943.1380377973645	3.627242715321131	trials	-1.0	-1.0	0.0	0.125		0.2	944.2215410711852	944.2205502468635	946.2652252946871	943.8779384118454	943.8789049922239	943.9033843431424	
943.9033843431424	0.6449999999999818	WheelMovementIntervals													0.9602565809404382
947.448086365335	2.4006365329238406	trials	-1.0	1.0	1.5		0.125	0.2	948.3131091432812	948.3129988070167	949.3486500321189	947.9443087333874	947.94520865305	947.9683843431424	
947.9683843431424	0.8950000000000955	WheelMovementIntervals													1.2525207282229616
949.2073843431424	0.6259999999999764	WheelMovementIntervals													-0.1813551612349471
950.2043843431424	0.055000000000063665	WheelMovementIntervals													-0.002769595850082851
950.6638326235332	2.451543010269461	trials	-1.0	1.0	1.5		0.25	0.2	951.5845504294895	951.5844480239098	952.6152917467931	951.2939763695297	951.2948429588345	951.4083843431424	
951.4083843431424	1.7730000000000246	WheelMovementIntervals													2.6345655716060463
953.8084852283826	2.5068391397195455	trials	-1.0	1.0	1.5		0.25	0.2	954.768799499495	954.7686994543002	955.8153060760739	954.4105981434058	954.4114980630684	954.6683843431424	
954.6683843431424	1.8540000000000418	WheelMovementIntervals													2.8957147188843493
957.0109326737883	9.320929244146555	trials	-1.0	1.0	1.5		0.0	0.2	964.7754395230622	964.7753386691445	965.8317452248565	957.5109880329962	957.5118212919432	964.5883843431424	
964.5883843431424	1.4120000000000346	WheelMovementIntervals													1.9445098777560759
967.0410705996577	2.3075514925520793	trials	-1.0	1.0	1.5		0.0625	0.2	967.7925035179637	967.7923870395441	968.8485425768949	967.4941968149768	967.4954633685761	967.6093843431424	
967.6093843431424	1.024000000000001	WheelMovementIntervals													1.594445278362457
968.9563843431424	0.2599999999999909	WheelMovementIntervals													-0.21144961003956553
970.0399362191591	2.4375424029591386	trials	-1.0	1.0	1.5		1.0	0.2	970.9057255953363	970.9056509237855	971.9773965921113	970.6272837856434	970.6281170445903	970.7563843431424	
970.7563843431424	1.6680000000000064	WheelMovementIntervals													5.093421692649841
973.1863886633338	3.2955358757775457	trials	1.0	-1.0	0.0		0.25	0.2	973.931088849349	973.9301963091502	975.9818391087204	973.748571809622	973.7494383989267	973.6613843431425	
973.6613843431425	2.649000000000001	WheelMovementIntervals													-4.19210118059425
977.204429965956	19.105786116358217	trials	-1.0	1.0	1.5		0.125	0.2	994.7442974854981	994.7441898763789	995.810102339287	977.793477380692	977.7944106307125	994.6203843431424	
994.6203843431424	1.9139999999999873	WheelMovementIntervals													3.4241678257352675
997.0494250361763	3.7615586999290826	trials	1.0	-1.0	0.0		0.0	0.2	998.240685357009	998.2398432964387	1000.3109338757376	997.7817596594195	997.78269290944	997.9993843431424	
997.9993843431424	0.36099999999999	WheelMovementIntervals													-0.4047677846667881
1001.5103934646078	2.6047328181672356	trials	1.0	1.0	1.5	0.25		0.8	1002.5702988450525	1002.5702064107746	1003.615038912664	1002.1984653725922	1002.1993319618969	1002.4213843431424	
1002.4213843431424	0.6599999999999682	WheelMovementIntervals													-1.2000860520300023
1004.8047327066765	12.972790551158027	trials	-1.0	-1.0	0.0	0.125		0.8	1015.2169698552322	1015.2160840289646	1017.2774525791033	1005.4434090242893	1005.4443422743097	1015.0973843431425	
1015.0973843431425	0.6970000000000027	WheelMovementIntervals													1.386113467093466
1018.6125333941693	3.1982454082874483	trials	-1.0	1.0	1.5		0.0	0.8	1020.2429545103712	1020.2428555217682	1021.3106591945589	1019.2483099706468	1019.2492765510252	1019.3233843431425	
1019.3233843431425	1.9940000000000282	WheelMovementIntervals													1.3533200987606904
1022.4921870508919	11.256257793036525	trials	1.0	1.0	1.5	0.0		0.8	1032.1996204518096	1032.19952226835	1033.248360162366	1022.9650115077155	1022.965944757736	1031.6343843431425	
1031.6343843431425	1.2290000000000418	WheelMovementIntervals													0.4006047036631344
1034.452652653128	4.107883093697183	trials	1.0	1.0	1.5	0.125		0.8	1037.0004918698567	1037.0004029482523	1038.060497241375	1036.4103445533108	1036.4112444729735	1036.5143843431424	
1034.7853843431424	1.2700000000002092	WheelMovementIntervals													1.9923466435889452
1036.5143843431424	1.4850000000001273	WheelMovementIntervals													0.41884516837427554
1038.3003843431425	2.242999999999938	WheelMovementIntervals													5.756302641971388
1039.3450492339016	10.148724451139287	trials	-1.0	-1.0	0.0	0.25		0.8	1046.9332051596557	1046.9324407808485	1048.9937545442424	1041.231547489662	1041.2325807307561	1046.8103843431425	
1046.8103843431425	2.383000000000038	WheelMovementIntervals													2.714724714063607
1050.1998802046876	7.09832449531109	trials	-1.0	-1.0	0.0	0.0625		0.8	1054.7568733941587	1054.7559588286317	1056.7981578318934	1050.8648541746643	1050.8658874157584	1054.5993843431424	
1054.5993843431424	0.7329999999999472	WheelMovementIntervals													0.6604588485096627
1058.0131160371757	2.6352314271541672	trials	1.0	1.0	1.5	1.0		0.8	1059.106418436212	1059.1063282448793	1060.148258762688	1058.69365528428	1058.694521873585	1058.8933843431425	
1058.8933843431425	0.9529999999999745	WheelMovementIntervals													-1.81791402994007
1060.5403843431425	0.3079999999999927	WheelMovementIntervals													0.10867209410400847
1061.3418522085722	2.3896483662115315	trials	1.0	1.0	1.5	0.25		0.8	1062.185476896762	1062.1853685752724	1063.2313835268992	1061.8102437277983	1061.8111769778188	1061.9733843431425	
1061.9733843431425	0.5599999999999454	WheelMovementIntervals													-0.6142417038134482
1063.0783843431425	0.22499999999990905	WheelMovementIntervals													-0.02888073147431669
1064.4091117224343	2.588934002096721	trials	1.0	1.0	1.5	1.0		0.8	1065.4472190488286	1065.4471245534246	1066.4979585808576	1065.0270898878064	1065.0281564592583	1065.2793843431425	
1065.2793843431425	1.8699999999998909	WheelMovementIntervals													-0.9152534774069494
1067.6790531425384	2.6192209630721663	trials	-1.0	1.0	1.5		0.125	0.8	1068.7512574250393	1068.751161313889	1069.7982306266283	1068.2430361281517	1068.2441693603193	1068.6043843431426	
1068.6043843431426	0.8589999999999236	WheelMovementIntervals													1.1473947114497633
1069.7253843431424	1.137000000000171	WheelMovementIntervals													0.2456064520594765
1071.1295784416122	2.530463286869235	trials	1.0	1.0	1.5	0.125		0.8	1072.0967254360892	1072.0966018625559	1073.1599305219638	1071.6436992118438	1071.644465810075	1071.8663843431425	
1071.8663843431425	0.38000000000010914	WheelMovementIntervals													-0.38143678085315
1072.5993843431424	1.3279999999999745	WheelMovementIntervals													-1.4236087004285594
1074.351557476733	2.4800128924719047	trials	1.0	1.0	1.5	0.25		0.8	1075.2865406758601	1075.2864619599054	1076.3315473863345	1074.9980997588045	1074.9991329998986	1075.1263843431425	
1075.1263843431425	2.3630000000000564	WheelMovementIntervals													-2.5248140164921296
1077.5407727700622	8.536230785777889	trials	-1.0	1.0	1.5		0.125	0.8	1084.5155834501888	1084.5154788142486	1085.5768887056645	1078.1600508193912	1078.1611173908432	1084.1623843431425	
1084.1623843431425	1.02800000000002	WheelMovementIntervals													1.6672200785425417
1086.7933134466932	8.616926933779723	trials	-1.0	-1.0	0.0	0.0		0.8	1092.8614050711715	1092.8604021153583	1094.9101555090704	1087.2980683863618	1087.299101627456	1092.2543843431424	
1092.2543843431424	1.2150000000001455	WheelMovementIntervals													1.2875898955543477
1096.0983494369787	3.599770753254461	trials	-1.0	-1.0	0.0	0.0		0.8	1097.148722335071	1097.1478697736788	1099.1980727194116	1096.6814640480127	1096.682397298033	1096.8513843431426	
1096.8513843431426	0.4919999999999618	WheelMovementIntervals													0.44067695062800283
1100.3935326653366	3.299835774017083	trials	-1.0	-1.0	0.0	0.0625		0.8	1101.1423658157282	1101.1416405489763	1103.193282726889	1100.859957693448	1100.861057595258	1101.0553843431426	
1101.0553843431426	0.8350000000000364	WheelMovementIntervals													2.5381683344557047
1102.3063843431426	1.0609999999999218	WheelMovementIntervals													0.42947346994453994
1104.4111740036644	2.5037387263678283	trials	-1.0	1.0	1.5		0.0625	0.8	1105.367688613979	1105.3675880329292	1106.4148284673574	1105.048017151594	1105.049050392688	1105.2143843431425	
1105.2143843431425	2.1929999999999836	WheelMovementIntervals													0.7407921670764779
1107.608521904315	2.439539503263404	trials	1.0	1.0	1.5	0.25		0.8	1108.509241495546	1108.5091361187135	1109.5480154290976	1108.2431985789829	1108.2440318379297	1108.2973843431425	
1108.2973843431425	0.3140000000000782	WheelMovementIntervals													-0.4831042112637931
1109.7143843431425	1.3380000000001928	WheelMovementIntervals													-0.7097503477345128
1110.781471983001	2.8784346731129062	trials	1.0	1.0	1.5	0.25		0.8	1112.0970878690675	1112.0969873724412	1113.1598263299318	1111.6265965372952	1111.6276964391052	1111.7913843431425	
1111.7913843431425	0.5340000000001055	WheelMovementIntervals													-0.31729291018302774
1113.2863843431426	1.8260000000000218	WheelMovementIntervals													-1.7663300611019963
1114.4228135809128	10.441676537523108	trials	-1.0	-1.0	0.0	0.0		0.8	1122.3239748974768	1122.3230456369988	1124.3644594066225	1115.7480952707633	1115.748995190426	1121.8723843431426	
1121.8723843431426	0.5640000000000782	WheelMovementIntervals													0.4571328677966022
1122.7193843431426	0.4010000000000673	WheelMovementIntervals													0.12128207341652342
1125.7355036778363	2.5957297930849563	trials	1.0	1.0	1.5	0.25		0.8	1126.7821102454889	1126.782014883076	1127.8311165989082	1126.4430071844622	1126.4440404255563	1126.6353843431425	
1126.6353843431425	2.5190000000000055	WheelMovementIntervals													-3.2606770579459834
1129.069539376135	7.661706070037781	trials	1.0	1.0	1.5	0.25		0.8	1135.191826162519	1135.1917225346153	1136.2311667121546	1129.726347408432	1129.7272806584526	1134.5003843431425	
1134.5003843431425	1.3400000000001455	WheelMovementIntervals													-0.7737735382686282
1137.0013843431425	1.3949999999999818	WheelMovementIntervals													1.6173305512010927
1137.4956538292402	9.914142125890749	trials	-1.0	1.0	1.5		0.125	0.8	1145.8611736917271	1145.8610729093587	1146.9097800808522	1138.926192789262	1138.9272593607138	1145.6803843431426	
1145.6803843431426	1.7329999999999472	WheelMovementIntervals													3.0762061428237644
1148.123005107525	2.686252967940163	trials	1.0	1.0	1.5	0.125		0.8	1149.263536623671	1149.2634271699987	1150.309176610945	1148.7311841476815	1148.7322173887756	1148.9703843431425	
1148.9703843431425	0.7160000000001219	WheelMovementIntervals													-0.838999524705855
1150.3723843431426	0.8170000000000073	WheelMovementIntervals													-0.6944516185384515
1151.5079695926577	2.5688315607656023	trials	1.0	1.0	1.5	0.25		0.8	1152.5161795880374	1152.516081193477	1153.576684914924	1152.0977502752667	1152.0985502038557	1152.3013843431427	
1152.3013843431427	3.15300000000002	WheelMovementIntervals													-2.9198206135385334
1154.805608540156	10.587646881117053	trials	-1.0	1.0	1.5		0.0625	0.8	1163.817837336504	1163.8177327130486	1164.893241333361	1156.1643872396717	1156.1651871682607	1163.7223843431425	
1163.7223843431425	0.8410000000001219	WheelMovementIntervals													1.7525837323665598
1165.0703843431427	0.5109999999999673	WheelMovementIntervals													-0.4371349849541417
1166.136663664269	2.411143559310176	trials	1.0	1.0	1.5	1.0		0.8	1166.9942871027667	1166.9941784446926	1168.0477597241415	1166.6644498812295	1166.6654831223236	1166.8733843431426	
1166.8733843431426	1.6569999999999254	WheelMovementIntervals													-2.8243793132093202
1169.2663176080744	2.4430426870455904	trials	-1.0	1.0	1.5		0.25	0.8	1170.137639823659	1170.1375321174994	1171.209310820434	1169.8427661475332	1169.8438327189854	1170.0003843431425	
1170.0003843431425	0.7110000000000127	WheelMovementIntervals													1.2591961377832632
1172.4131700165435	2.7302467298050033	trials	1.0	1.0	1.5	1.0		0.8	1173.5671669972712	1173.56708892127	1174.6433375923596	1173.1477711041223	1173.1488043452164	1173.3113843431427	
1173.3113843431427	2.3730000000000473	WheelMovementIntervals													-2.3474891267061793
1175.8741277176325	8.918928685066703	trials	1.0	1.0	1.5	1.0		0.8	1183.229037798973	1183.2289330104136	1184.2929761527207	1176.4309780066608	1176.4318112656076	1182.8923843431426	
1182.8923843431426	0.7050000000001546	WheelMovementIntervals													-0.7840334966884086
1184.2243843431427	0.8659999999999854	WheelMovementIntervals													-0.09793718546890773
1185.5277659209391	2.636642264624925	trials	1.0	1.0	1.5	1.0		0.8	1186.6097693286554	1186.6096828534205	1187.6643418518402	1186.2642335085588	1186.2651000978635	1186.4243843431427	
1186.4243843431427	0.3999999999998636	WheelMovementIntervals													-0.4607164107194137
1187.9093843431426	1.0170000000000528	WheelMovementIntervals													-0.5325367927623716
1189.0224206138403	2.4709143644402047	trials	-1.0	1.0	1.5		1.0	0.8	1189.9195071960628	1189.9194254654724	1190.993278005384	1189.5431074645733	1189.5440740449517	1189.7283843431426	
1189.7283843431426	1.2129999999999654	WheelMovementIntervals													2.469334901353946
1191.0913843431426	0.650000000000091	WheelMovementIntervals													-0.45241760686340626
1192.1173843431427	0.6389999999998963	WheelMovementIntervals													0.4603515136473959
1192.2015368087332	11.841497842548506	trials	1.0	1.0	1.5	1.0		0.8	1202.4729865256222	1202.4729066834634	1203.5429910045032	1193.1978145359935	1193.1987477860139	1202.2683843431425	
1202.2683843431425	2.1259999999999764	WheelMovementIntervals													-3.447530009468693
1204.7932460587758	7.354406849075303	trials	1.0	1.0	1.5	0.25		0.8	1210.5968279631531	1210.5967295860237	1211.64760082554	1206.2809465825544	1206.2820131540063	1210.3933843431425	
1205.1203843431426	0.4639999999999418	WheelMovementIntervals													-0.202951480560273
1210.3933843431425	0.9429999999999836	WheelMovementIntervals													-1.738625124872513
1212.8416608964342	2.3515234162955494	trials	1.0	1.0	1.5	1.0		0.8	1213.6337568513484	1213.633668109571	1214.6931289460674	1213.3430828003152	1213.3439827199777	1213.4893843431425	
1213.4893843431425	1.0950000000000273	WheelMovementIntervals													-1.8922084855961145
1215.891088668833	2.368448198943497	trials	1.0	1.0	1.5	0.25		0.8	1216.6922171507315	1216.6921042934412	1217.7594885402668	1216.414208635691	1216.4153085375008	1216.5093843431425	
1216.5093843431425	0.7450000000001182	WheelMovementIntervals													-1.2401812786913098
1217.6983843431426	0.8460000000000036	WheelMovementIntervals													-0.10184333214817798
1218.9462492627863	2.3469227421282994	trials	1.0	1.0	1.5	1.0		0.8	1219.7255463602762	1219.7254564814402	1220.7931510533904	1219.414274148076	1219.41530738917	1219.5693843431427	
1219.5693843431427	1.91599999999994	WheelMovementIntervals													-1.7481618368360614
1222.0009765620873	2.329947546722906	trials	1.0	1.0	1.5	0.25		0.8	1222.7761073648428	1222.7759917123858	1223.8308132094592	1222.5641262887539	1222.5650262084164	1222.5613843431427	
1222.5613843431427	0.5899999999999181	WheelMovementIntervals													-0.8382839770176247
1223.9373843431426	0.5090000000000146	WheelMovementIntervals													-0.36485957545292536
1225.0641364419307	11.766874309927971	trials	1.0	1.0	1.5	0.0625		0.8	1235.2830908451656	1235.282986083135	1236.3308973057017	1225.8260017622517	1225.827001672988	1234.6353843431427	
1234.6353843431427	1.1699999999998454	WheelMovementIntervals													-0.44157301215963685
1236.5473843431428	1.0319999999999254	WheelMovementIntervals													0.7053176968731947
1237.5743196366097	10.206649962692154	trials	1.0	-1.0	0.0		0.125	0.8	1245.2308694567243	1245.2299306176678	1247.2808531178648	1238.275823678818	1238.27689025027	1244.8553843431428	
1244.8553843431428	0.9339999999999691	WheelMovementIntervals													-0.7725635262122807
1248.49607796601	2.401320705791477	trials	1.0	1.0	1.5	0.0625		0.8	1249.3511682973092	1249.351084626335	1250.3973082399514	1249.0762261751931	1249.0771927555716	1249.1293843431426	
1249.1293843431426	0.43100000000004	WheelMovementIntervals													-0.5672072547343419
1249.9793843431426	1.4930000000001655	WheelMovementIntervals													-0.8269211621106223
1251.5869020428902	2.856156353984943	trials	1.0	1.0	1.5	0.0625		0.8	1252.880019937391	1252.8799266497504	1253.9429917107602	1252.5930788864396	1252.5941787882496	1252.6883843431426	
1252.6883843431426	0.5009999999999764	WheelMovementIntervals													-0.584755000665325
1254.1963843431427	0.3630000000000564	WheelMovementIntervals													0.22360151740682
1255.1423843431426	2.352000000000089	WheelMovementIntervals													-0.8691300203346799
1255.280272329446	4.600652184645696	trials	-1.0	1.0	1.5		1.0	0.8	1258.3366994769985	1258.336605668416	1259.3808395981682	1257.9975297552562	1257.9984963356346	1258.1113843431426	
1258.1113843431426	1.4380000000001019	WheelMovementIntervals													1.208587332663626
1260.0963843431427	0.4979999999998199	WheelMovementIntervals													-0.2988482572591238
1260.6040304018459	17.043370282155365	trials	1.0	1.0	1.5	0.125		0.8	1276.1014802514853	1276.1013743477774	1277.1473535512646	1261.0763215729435	1261.0771548318903	1275.9923843431427	
1275.9923843431427	0.5090000000000146	WheelMovementIntervals													-0.9685785709304611
1277.3643843431428	0.37999999999988177	WheelMovementIntervals													0.20010412191672344
1278.37011106029	2.644029802698469	trials	1.0	1.0	1.5	1.0		0.8	1279.4678130665657	1279.4677230171092	1280.5140530002814	1279.0592495397261	1279.0604494326096	1279.1493843431426	
1279.1493843431426	0.42600000000015825	WheelMovementIntervals													-0.4109962734602277
1280.6433843431428	0.40300000000002	WheelMovementIntervals													-0.26522549192777944
1281.6979473120236	7.032801706892542	trials	1.0	1.0	1.5	0.0625		0.8	1287.1730252091788	1287.1729257115128	1288.230664125288	1282.3424897726225	1282.343423022643	1286.8213843431427	
1286.8213843431427	0.8530000000000655	WheelMovementIntervals													-0.4931523185385487
1288.4753843431427	0.7430000000001655	WheelMovementIntervals													-0.34176862239746697
1289.4302570355896	2.979159860769414	trials	-1.0	1.0	1.5		1.0	0.2	1290.8555964597829	1290.8554847161352	1291.9093023936628	1290.425734834261	1290.4267014146394	1290.6183843431427	
1290.6183843431427	2.32100000000014	WheelMovementIntervals													3.041330433129076
1293.1103285093532	2.6654316227336494	trials	-1.0	1.0	1.5		0.125	0.2	1294.2174296765497	1294.2173408123251	1295.275668539101	1293.5638880193246	1293.5646879479136	1293.7413843431427	
1293.7413843431427	1.1130000000000564	WheelMovementIntervals													1.4803226286215363
1295.5003843431427	0.2519999999999527	WheelMovementIntervals													-0.22168727328285343
1296.4308654127121	2.5779374669891695	trials	-1.0	1.0	1.5		0.0625	0.2	1297.4449748814359	1297.4448789700596	1298.5087132530364	1297.0471770601903	1297.0480103191371	1297.1613843431428	
1297.1613843431428	0.9329999999999927	WheelMovementIntervals													1.0512160544381288
1298.6063843431427	0.5899999999999181	WheelMovementIntervals													-0.5463847996006308
1299.6784088323236	8.852136838025444	trials	-1.0	1.0	1.5		0.125	0.2	1306.989622814489	1306.9895201970526	1308.030463230229	1300.1305684672643	1300.131668369074	1306.5843843431428	
1306.5843843431428	2.0739999999998417	WheelMovementIntervals													1.4441297554277952
1309.2378554442735	2.592735488782864	trials	-1.0	1.0	1.5		0.0625	0.2	1310.2886616370183	1310.288569420958	1311.3304686331367	1309.8591666454329	1309.8602998776007	1309.9963843431428	
1309.9963843431428	1.8079999999999927	WheelMovementIntervals													3.246105409255449
1312.4972978016465	8.46643590553117	trials	-1.0	1.0	1.5		0.125	0.2	1319.417513355573	1319.4174072504088	1320.463686628573	1312.975488446088	1312.976288374677	1319.2363843431426	
1319.2363843431426	1.4570000000001073	WheelMovementIntervals													1.7466304869456195
1321.6864441375983	2.4560298420158233	trials	-1.0	1.0	1.5		0.125	0.2	1322.577231282182	1322.5771545975222	1323.6424361895292	1322.2926566866402	1322.2935899366605	1322.3893843431426	
1322.3893843431426	0.7810000000001764	WheelMovementIntervals													1.2449106302073716
1324.2303843431428	0.4980000000000473	WheelMovementIntervals													-0.3694688578952281
1324.9683843431428	0.46699999999987085	WheelMovementIntervals													0.15419277933335707
1324.9961820050055	3.1301495146781235	trials	-1.0	1.0	1.5		0.25	0.2	1326.5755076825842	1326.5754059771252	1327.6262472146132	1326.1472792445982	1326.1482458249766	1326.2813843431427	
1326.2813843431427	0.6349999999999909	WheelMovementIntervals													0.834954454997856
1327.5943843431428	0.58199999999988	WheelMovementIntervals													-0.29729236546850757
1328.816140990773	7.547721593313099	trials	-1.0	1.0	1.5		0.0625	0.2	1334.8150387923015	1334.814936836209	1335.8638118332158	1329.3805572710387	1329.3815571817752	1334.6083843431427	
1334.6083843431427	0.46100000000001273	WheelMovementIntervals													0.6144085650866487
1335.6743843431427	1.0270000000000437	WheelMovementIntervals													-0.35369585258685277
1337.0600717077298	2.48241549618092	trials	-1.0	1.0	1.5		1.0	0.2	1337.9914552282064	1337.9913767709681	1339.0423947423826	1337.6927818912827	1337.6938817930927	1337.8873843431427	
1337.8873843431427	1.7050000000001546	WheelMovementIntervals													2.6136602436119603
1340.2276889291556	2.6480543830737133	trials	-1.0	1.0	1.5		0.125	0.2	1341.31882485493	1341.3187105114405	1342.375697172808	1340.947124703901	1340.9481912753529	1341.1993843431428	
1341.1993843431428	1.5370000000000346	WheelMovementIntervals													2.780069325218406
1343.5899554405748	3.802453277000268	trials	-1.0	1.0	1.5		0.25	0.2	1345.8401878918319	1345.8400857841257	1346.8923606292497	1344.2469967853772	1344.2478633746819	1345.4643843431427	
1345.4643843431427	1.2050000000001546	WheelMovementIntervals													2.180661871427489
1347.0493843431427	1.04099999999994	WheelMovementIntervals													-1.3785695652480712
1348.131416683276	2.4824404754890566	trials	-1.0	1.0	1.5		1.0	0.2	1349.0708328200003	1349.070731241767	1350.1137730482865	1348.597141773872	1348.5981750149663	1348.8823843431428	
1348.8823843431428	2.1569999999999254	WheelMovementIntervals													3.754701797826101
1351.3129659942936	9.267535801377562	trials	1.0	-1.0	0.0		0.125	0.2	1358.0287997937269	1358.0277629401378	1360.0804499727608	1351.8584506312861	1351.8594838723802	1357.8733843431428	
1357.8733843431428	1.106999999999971	WheelMovementIntervals													1.971367612251811
1361.2767098472748	2.7658498165176297	trials	-1.0	1.0	1.5		0.0	0.2	1362.4790358469222	1362.4789306314876	1363.542474245302	1361.892488209027	1361.8934547894055	1362.0893843431427	
1362.0893843431427	1.2640000000001237	WheelMovementIntervals													1.2139704847155173
1364.7082701727177	13.550984897312446	trials	-1.0	-1.0	0.0	0.0625		0.2	1375.6954559946278	1375.694519264588	1377.7592050935707	1365.1969265495322	1365.197793138837	1375.3683843431427	
1375.3683843431427	0.9290000000000873	WheelMovementIntervals													1.2721346474643127
1378.969563709466	2.406244813678086	trials	-1.0	1.0	1.5		0.0625	0.2	1379.8132883887297	1379.8131790702853	1380.875726876373	1379.4469877556764	1379.4480876574864	1379.6063843431427	
1379.6063843431427	1.1359999999999673	WheelMovementIntervals													1.2437622366056331
1382.0802193492823	2.961649652358801	trials	-1.0	1.0	1.5		0.0	0.2	1383.4843273355086	1383.4842419397287	1384.5417662694708	1382.6635339424636	1382.6644005317685	1382.9483843431428	
1382.9483843431428	1.9239999999999782	WheelMovementIntervals													2.3859799188397517
1385.867181280753	6.179779526286438	trials	-1.0	1.0	1.5		0.125	0.2	1390.506433793461	1390.5063402304165	1391.5468742449066	1386.3802688098901	1386.3813687117001	1390.4003843431428	
1390.4003843431428	1.1179999999999382	WheelMovementIntervals													2.851228729028236
1392.5073843431428	0.70699999999988	WheelMovementIntervals													-0.41738392960374426
1392.741167628306	2.8724425514681116	trials	-1.0	1.0	1.5		1.0	0.2	1394.0588833269187	1394.0587857709602	1395.1135891715348	1393.7926070978504	1393.7937069996601	1393.9063843431427	
1393.9063843431427	1.8240000000000691	WheelMovementIntervals													2.0458038431395806
1396.2899174920392	2.4738391386915737	trials	-1.0	1.0	1.5		1.0	0.2	1397.2046358335779	1397.204531592465	1398.263674624718	1396.9086622556424	1396.9096954967365	1397.0093843431428	
1397.0093843431428	1.9700000000000273	WheelMovementIntervals													1.8511317523286692
1399.4739665798977	2.4897402396866255	trials	-1.0	1.0	1.5		0.0625	0.2	1400.411582877297	1400.4114813556503	1401.4636222932832	1400.0082855470018	1400.0093521184538	1400.2033843431427	
1400.2033843431427	1.4640000000001692	WheelMovementIntervals													0.9319902227356209
1402.6571157480935	3.356458934031025	trials	-1.0	-1.0	0.0	0.0625		0.2	1403.4570110067505	1403.4561290633274	1405.5134940876765	1403.1255405976774	1403.1266738298452	1403.2383843431428	
1403.2383843431428	1.59699999999998	WheelMovementIntervals													1.3376170868861124
1406.7381847574584	2.358721897444184	trials	-1.0	1.0	1.5		0.125	0.2	1407.5307806677408	1407.5306917787912	1408.5968521643927	1407.2751701531927	1407.2760034121395	1407.378384343143	
1407.378384343143	1.5059999999998581	WheelMovementIntervals													2.6532394475367056
1409.7953118425264	2.7014490212472992	trials	-1.0	1.0	1.5		0.0	0.2	1410.9335435639791	1410.9334320738735	1411.9967153194957	1410.3922918824367	1410.393325123531	1410.5683843431427	
1410.5683843431427	0.3369999999999891	WheelMovementIntervals													0.27062425489567943
1412.1033843431428	0.09600000000000364	WheelMovementIntervals													0.007478358491454173
1413.2205727303308	2.5217379631874337	trials	-1.0	1.0	1.5		1.0	0.2	1414.1713878494486	1414.171286288714	1415.2421922569188	1413.925576460116	1413.9269763351467	1414.0093843431428	
1414.0093843431428	0.4550000000001546	WheelMovementIntervals													0.5655060452339171
1415.1353843431427	0.8410000000001219	WheelMovementIntervals													-1.9712037331393333
1416.4498177834685	2.592131169040613	trials	1.0	1.0	1.5	1.0		0.2	1417.480825743635	1417.4807293842325	1418.5418643562477	1416.9634385983318	1416.9642718572786	1417.252384343143	
1417.252384343143	1.8679999999999382	WheelMovementIntervals													-0.7834487859347803
1419.7657550974407	5.9977914629332645	trials	-1.0	1.0	1.5		0.125	0.2	1424.2115248826808	1424.2114206676792	1425.2634643075933	1420.2300469826482	1420.2309802326686	1424.0953843431428	
1424.0953843431428	1.8379999999999654	WheelMovementIntervals													1.9462242131749719
1426.485555209461	3.5279481271456916	trials	-1.0	-1.0	0.0	0.0625		0.2	1427.4622346862905	1427.461367967998	1429.5134849010299	1427.1754269567707	1427.1762602157175	1427.3063843431428	
1427.3063843431428	0.9320000000000164	WheelMovementIntervals													0.9615011333916215
1430.729309695617	2.5840357390027293	trials	-1.0	1.0	1.5		1.0	0.2	1431.7637506826447	1431.7636228000717	1432.8132903217904	1431.4421460595029	1431.4432459613129	1431.5713843431429	
1431.5713843431429	0.6269999999999527	WheelMovementIntervals													1.5318621687960103
1432.3953843431427	0.5330000000001291	WheelMovementIntervals													-0.34930662880238117
1433.9893519994318	2.636143680711257	trials	-1.0	1.0	1.5		0.125	0.2	1435.0612896390696	1435.061169352783	1436.1254613053227	1434.6255952009196	1434.6268950848767	1434.820384343143	
1434.820384343143	1.5960000000000036	WheelMovementIntervals													2.04815811294678
1436.7183843431428	0.13400000000001455	WheelMovementIntervals													0.008314179465600091
1437.466108290154	8.830840690760851	trials	-1.0	1.0	1.5		0.0625	0.2	1444.7341261285126	1444.734023257755	1445.7969312500925	1437.946865372152	1437.9478652828882	1444.5363843431428	
1444.5363843431428	1.961999999999989	WheelMovementIntervals													2.545851216578683
1446.9912579638496	7.405600026404272	trials	-1.0	1.0	1.5		0.0	0.2	1452.8433355389361	1452.8432354252716	1453.8967414995952	1447.492079921289	1447.4931798230987	1452.626384343143	
1452.626384343143	0.8019999999999072	WheelMovementIntervals													1.148514681643178
1455.120665571146	2.404845862820821	trials	-1.0	1.0	1.5		0.0	0.2	1455.9541911608997	1455.954080772096	1457.0254288630222	1455.6252538590252	1455.6264870822665	1455.6733843431427	
1455.6733843431427	1.012000000000171	WheelMovementIntervals													0.9792276885635829
1456.9753843431429	0.2380000000000564	WheelMovementIntervals													-0.5633056273315447
1458.2211221214523	2.542137012215562	trials	-1.0	1.0	1.5		0.0	0.2	1459.2069341163397	1459.206835697438	1460.263206487776	1458.8300010991243	1458.8308010277133	1458.9313843431428	
1458.9313843431428	0.4370000000001255	WheelMovementIntervals													0.39991545289387886
1459.877384343143	0.625	WheelMovementIntervals													-0.5842520825729878
1461.4462675405714	2.4004445247876447	trials	-1.0	1.0	1.5		1.0	0.2	1462.2905921662766	1462.290482847858	1463.34659789485	1461.9918188382796	1461.9927854186578	1462.0913843431429	
1462.0913843431429	1.7490000000000236	WheelMovementIntervals													1.8137565441175383
1464.5498238141602	2.480214276778952	trials	-1.0	1.0	1.5		0.125	0.2	1465.4782076024278	1465.4781287834485	1466.529947045193	1465.141770970031	1465.1427708807673	1465.2963843431428	
1465.2963843431428	0.8559999999999945	WheelMovementIntervals													1.1798861189990646
1466.388384343143	0.6459999999999582	WheelMovementIntervals													-0.5853038921001144
1467.7202407856473	8.671853104899355	trials	-1.0	-1.0	0.0	0.125		0.2	1473.8217627590748	1473.8209477924675	1475.8919779474456	1468.2417608953272	1468.2427608060634	1473.628384343143	
1473.628384343143	0.8569999999999709	WheelMovementIntervals													1.5104386695126948
1477.082505000405	2.5594355865380294	trials	-1.0	1.0	1.5		0.0	0.2	1478.0781161205077	1478.0780184531225	1479.1418211617504	1477.663219825672	1477.6640864149767	1477.751384343143	
1477.751384343143	1.1519999999998163	WheelMovementIntervals													1.0606497816555986
1480.335247955845	3.394756287174687	trials	-1.0	-1.0	0.0	0.125		0.2	1481.1734064653433	1481.1726613473238	1483.2299228766274	1480.863200824595	1480.8640674138996	1480.942384343143	
1480.942384343143	1.0169999999998254	WheelMovementIntervals													0.7727872948544245
1482.406384343143	0.6259999999999764	WheelMovementIntervals													0.631885121170825
1484.4519137874213	6.477885461283449	trials	-1.0	1.0	1.5		0.0	0.2	1489.3840734851403	1489.3839773322857	1490.4297801331302	1485.1256203111614	1485.1267202129711	1489.117384343143	
1489.117384343143	1.31899999999996	WheelMovementIntervals													1.2691153718930366
1491.620707150384	6.325898487321638	trials	1.0	1.0	1.5	0.25		0.2	1496.3889814784288	1496.3888806318766	1497.4465537338224	1492.0920650714613	1492.0930316518395	1495.772384343143	
1495.772384343143	1.1259999999999764	WheelMovementIntervals													-0.9888127481134177
1498.0533843431429	0.1390000000001237	WheelMovementIntervals													-0.013477829232300564
1498.626015107967	2.6871368999659353	trials	-1.0	1.0	1.5		0.125	0.2	1499.770312954553	1499.7702303946053	1500.8130865310497	1499.3744149637064	1499.375348213727	1499.6503843431428	
1499.6503843431428	1.6359999999999673	WheelMovementIntervals													1.352682529136331
1501.647384343143	0.8779999999999291	WheelMovementIntervals													-1.4196123891173045
1502.1986628382974	2.8311412511259277	trials	-1.0	1.0	1.5		0.25	0.2	1503.4841814112024	1503.4840811134482	1504.5297547377606	1503.1086149386597	1503.109648179754	1503.242384343143	
1503.242384343143	0.9200000000000728	WheelMovementIntervals													1.270073088833641
1504.441384343143	0.7559999999998581	WheelMovementIntervals													-1.9704412514206808
1505.7417132108342	2.4996389195534903	trials	1.0	1.0	1.5	0.25		0.8	1506.6739299902574	1506.6738273510173	1507.7412347101506	1506.2249700696727	1506.225969980409	1506.435384343143	
1506.435384343143	1.0109999999999673	WheelMovementIntervals													-1.5005139004153136
1508.9428607722828	8.048909863551216	trials	1.0	-1.0	0.0		0.0625	0.8	1514.434003901934	1514.4330343461738	1516.4916868757434	1509.4463158279939	1509.4473157387301	1514.028384343143	
1514.028384343143	1.0239999999998872	WheelMovementIntervals													-1.4306506538255803
1517.7085782417823	2.8333429542528847	trials	1.0	1.0	1.5	0.125		0.8	1518.9721987695632	1518.972096505172	1520.0418032841499	1518.3630198186704	1518.3639863990486	1518.5343843431428	
1518.5343843431428	1.8500000000001364	WheelMovementIntervals													-1.5087523306616646
1521.2435293373553	2.769546901002286	trials	1.0	1.0	1.5	0.125		0.8	1522.4545545604083	1522.454448969269	1523.5129934051067	1521.9629651121006	1521.963965022837	1522.118384343143	
1522.118384343143	0.4500000000000455	WheelMovementIntervals													-0.32611441077847303
1523.559384343143	0.2419999999999618	WheelMovementIntervals													-0.10003900326093174
1524.7100865385676	2.952930380976568	trials	1.0	1.0	1.5	0.0		0.8	1526.1146944801621	1526.114600513158	1527.1629675657084	1525.4414545814325	1525.4422545100215	1525.741384343143	
1525.741384343143	3.1240000000000236	WheelMovementIntervals													-1.6653547248273242
1528.4055233073116	11.936285391809179	trials	1.0	1.0	1.5	0.125		0.8	1538.7787972675105	1538.7786826828965	1539.84176904088	1529.5252233497854	1529.5262565908795	1538.499384343143	
1538.499384343143	3.1359999999999673	WheelMovementIntervals													-2.1693416962450414
1541.1481190874572	9.8099474518433	trials	1.0	1.0	1.5	1.0		0.8	1549.394749563402	1549.3946421990759	1550.4580213099923	1542.1628618329805	1542.163861743717	1549.011384343143	
1549.011384343143	1.0909999999998945	WheelMovementIntervals													-1.5852506561566173
1550.538384343143	0.35999999999989996	WheelMovementIntervals													0.055808271221067685
1551.2263843431429	0.58400000000006	WheelMovementIntervals													-0.22243679098656344
1551.7142758286825	4.393570557805333	trials	-1.0	-1.0	0.0	0.125		0.8	1553.54417913677	1553.543404370625	1555.6077282535657	1552.8296095942744	1552.8305095139372	1553.195384343143	
1553.195384343143	0.6449999999999818	WheelMovementIntervals													0.9306843233683679
1555.583384343143	0.5559999999998126	WheelMovementIntervals													0.44686967688387824
1556.703384343143	0.9100000000000819	WheelMovementIntervals													-0.28456697043993984
1556.7996551815559	8.141599355917606	trials	-1.0	-1.0	0.0	0.0625		0.8	1562.382523456081	1562.381721931	1564.4411730102688	1558.1796986493962	1558.1808318815638	1562.027384343143	
1562.027384343143	0.8589999999999236	WheelMovementIntervals													1.793299324032816
1565.6804623768003	2.7447488991351747	trials	1.0	1.0	1.5	0.0625		0.8	1566.8654899207102	1566.8653830550763	1567.9251619886497	1566.3629347846615	1566.3638013739662	1566.519384343143	
1566.519384343143	0.9349999999999454	WheelMovementIntervals													-0.7139290125171698
1568.231384343143	0.6710000000000491	WheelMovementIntervals													0.20403084059418575
1569.1255214971825	10.287455311020949	trials	1.0	1.0	1.5	1.0		0.8	1577.8741404930922	1577.8740518740426	1578.912881096286	1569.5795809625222	1569.5804475518269	1577.789384343143	
1569.790384343143	0.15300000000002	WheelMovementIntervals													-0.030256201395445714
1577.2923843431429	0.11200000000008004	WheelMovementIntervals													-0.03275781527406707
1577.789384343143	1.884999999999991	WheelMovementIntervals													-3.1666016231799716
1580.3246883951817	2.654954539375467	trials	1.0	1.0	1.5	1.0		0.8	1581.4333227588406	1581.433210331923	1582.4795293621987	1580.9584318198288	1580.959431730565	1581.090384343143	
1581.090384343143	0.7740000000001146	WheelMovementIntervals													-0.8297126096691869
1582.935384343143	0.6020000000000891	WheelMovementIntervals													-0.20620287260314285
1583.6775557456801	13.668569275806021	trials	1.0	1.0	1.5	0.0625		0.8	1595.7945073781423	1595.794404918027	1596.8461134994761	1584.4250223513989	1584.4260889228508	1594.3693843431429	
1594.3693843431429	0.5590000000001965	WheelMovementIntervals													-0.18328853987216576
1595.718384343143	0.6679999999998927	WheelMovementIntervals													-0.3541932857471721
1597.093384343143	1.4209999999998217	WheelMovementIntervals													1.8116075193347143
1598.1255326168898	13.403898641818614	trials	1.0	1.0	1.5	0.0625		0.8	1609.9747081541793	1609.9746064486599	1611.0294139987957	1599.0745145663248	1599.0753811556294	1609.643384343143	
1609.159384343143	0.18200000000001637	WheelMovementIntervals													0.03694014859493677
1609.643384343143	0.66599999999994	WheelMovementIntervals													-0.7784045384776022
1610.940384343143	0.11200000000008004	WheelMovementIntervals													-0.05528040647405419
1612.2359396235354	2.393444967919322	trials	1.0	1.0	1.5	1.0		0.8	1613.0762646062956	1613.076154707356	1614.129303933018	1612.7747581889528	1612.7756581086153	1612.923384343143	
1612.923384343143	0.6459999999999582	WheelMovementIntervals													-0.8402704476588099
1614.108384343143	0.7070000000001073	WheelMovementIntervals													-0.3958184330930834
1615.3446954329527	2.8014451391004513	trials	1.0	1.0	1.5	0.0625		0.8	1616.5922173978795	1616.5921146418038	1617.6460233228331	1615.9579406875064	1615.9589739286005	1616.460384343143	
1616.460384343143	0.31300000000010186	WheelMovementIntervals													-0.6268989018074507
1617.200384343143	0.9490000000000691	WheelMovementIntervals													-0.65756826900666
1618.8477493760388	8.160331801116627	trials	1.0	1.0	1.5	0.0625		0.8	1625.4442604942772	1625.4441543007827	1626.5079655355198	1619.5578859809368	1619.5589858827466	1625.278384343143	
1625.278384343143	1.7999999999999545	WheelMovementIntervals													-3.1822896296331606
1627.721590526487	2.719923807302166	trials	1.0	1.0	1.5	0.125		0.8	1628.874687587552	1628.8745997708713	1629.9414256913615	1628.2960059141155	1628.2969391641361	1628.443384343143	
1628.443384343143	0.66599999999994	WheelMovementIntervals													-0.5352744672735952
1629.777384343143	0.6330000000000382	WheelMovementIntervals													-0.1504479117475057
1630.670384343143	0.125	WheelMovementIntervals													-0.005737033019940441
1631.137518914086	2.5418366659550884	trials	1.0	1.0	1.5	0.25		0.8	1632.1254307215195	1632.125332774664	1633.179303307189	1631.8459556707326	1631.846922251111	1631.873384343143	
1631.221384343143	0.07799999999997453	WheelMovementIntervals													-0.006189513800862301
1631.873384343143	1.349999999999909	WheelMovementIntervals													-1.5123008254598318
1634.3642641903832	2.298452096697474	trials	1.0	1.0	1.5	0.25		0.8	1635.1129973497011	1635.1128808328174	1636.1626703102781	1634.8579867815947	1634.8589200316153	1634.883384343143	
1634.883384343143	1.0799999999999272	WheelMovementIntervals													-0.5970809276379612
1636.258384343143	0.678000000000111	WheelMovementIntervals													0.9312594873398297
1637.3537306489636	8.475599656206441	trials	1.0	1.0	1.5	0.125		0.8	1644.2797123548025	1644.2796112663991	1645.329251993948	1638.0746329594556	1638.075566209476	1643.793384343143	
1643.793384343143	0.7139999999999418	WheelMovementIntervals													-0.5498704632148161
1645.709384343143	1.33199999999988	WheelMovementIntervals													2.601562814685252
1646.60273830766	8.193126965648617	trials	1.0	1.0	1.5	0.125		0.8	1653.2330464087843	1653.2329402440382	1654.2957515392907	1647.67464261694	1647.6755425366027	1652.709384343143	
1652.709384343143	1.3140000000000782	WheelMovementIntervals													-0.5971133325924711
1654.414384343143	0.8640000000000327	WheelMovementIntervals													-0.8553254959006011
1655.521675432314	2.407545171090078	trials	1.0	1.0	1.5	0.0625		0.8	1656.3795988440324	1656.379491170609	1657.4291051528203	1656.124654936642	1656.1255215259466	1656.247384343143	
1656.247384343143	0.4259999999999309	WheelMovementIntervals													-0.6456319170262503
1658.619032259338	2.5218231297710645	trials	1.0	1.0	1.5	0.0		0.8	1659.580246450113	1659.580140693359	1660.6407851073575	1659.307970756627	1659.3088373459318	1659.4363843431431	
1659.4363843431431	0.9529999999999745	WheelMovementIntervals													-1.5399096390268028
1660.720384343143	0.875	WheelMovementIntervals													-0.9484375440437987
1662.0187620930094	2.310451667378402	trials	1.0	1.0	1.5	1.0		0.8	1662.7733947256713	1662.7732786392874	1663.8291671417396	1662.495852835641	1662.4968527463773	1662.563384343143	
1662.563384343143	1.66599999999994	WheelMovementIntervals													-2.5968417075944927
1665.0163278285536	3.4795517453583216	trials	1.0	-1.0	0.0		0.125	0.8	1665.937812232741	1665.936841253209	1667.9957618494136	1665.6908676112405	1665.691834191619	1665.688384343143	
1665.688384343143	1.280999999999949	WheelMovementIntervals													-1.9986305924273893
1669.1887886792138	2.5238391961333946	trials	1.0	1.0	1.5	1.0		0.8	1670.1620017988241	1670.1619034064672	1671.2125413487058	1669.891092650011	1669.8921592214629	1669.943384343143	
1669.943384343143	0.7740000000001146	WheelMovementIntervals													-0.6573891907573426
1671.497384343143	0.46100000000001273	WheelMovementIntervals													0.09324235989684837
1672.391036142472	2.3548230153273835	trials	1.0	1.0	1.5	0.25		0.8	1673.192831231528	1673.1927432972086	1674.245770567177	1672.9078900020495	1672.908789921712	1672.961384343143	
1672.961384343143	2.137000000000171	WheelMovementIntervals													-1.6148438276708958
1675.4359643165576	2.343249702648336	trials	1.0	1.0	1.5	0.25		0.8	1676.2268937089461	1676.226780753071	1677.2791331070796	1675.9748162123328	1675.9757827927112	1676.073384343143	
1676.073384343143	0.8740000000000236	WheelMovementIntervals													-0.9621551012403131
1677.458384343143	0.7170000000000982	WheelMovementIntervals													-0.2821608249296048
1678.4647272670734	2.3811217753536766	trials	1.0	1.0	1.5	1.0		0.8	1679.298819472911	1679.29873454381	1680.3457593441422	1679.0079121093725	1679.0087786986774	1679.158384343143	
1679.158384343143	1.740000000000009	WheelMovementIntervals													-0.9449424395338468
1681.526053977234	2.4312405833145476	trials	1.0	1.0	1.5	0.125		0.8	1682.38997685337	1682.3898680410925	1683.4572482429053	1682.007844300326	1682.0087775503464	1682.164384343143	
1682.164384343143	0.5130000000001473	WheelMovementIntervals													-0.2804489149689715
1683.881384343143	2.227000000000089	WheelMovementIntervals													1.3694940058807532
1684.6935045468701	10.452162069820815	trials	1.0	-1.0	0.0		0.25	0.8	1692.595732434886	1692.594725550259	1694.6456161049528	1686.6455636165717	1686.6464302058766	1692.4733843431432	
1692.4733843431432	0.8159999999998035	WheelMovementIntervals													-1.1765525431882367
1695.8485753813998	4.73056599184838	trials	1.0	1.0	1.5	0.0625		0.8	1699.0189256921713	1699.0188182662687	1700.0790643851212	1698.7412171503515	1698.7421170700143	1698.869384343143	
1696.192384343143	2.048999999999978	WheelMovementIntervals													-1.6775023814113723
1698.869384343143	0.6710000000000491	WheelMovementIntervals													-1.2313991112583835
1700.265384343143	1.9359999999999218	WheelMovementIntervals													2.932636340332806
1701.3609499490178	7.080296790123157	trials	1.0	1.0	1.5	1.0		0.8	1706.8749243738139	1706.874823768067	1707.941195852613	1702.807987436188	1702.80905400764	1706.764384343143	
1706.764384343143	1.6800000000000637	WheelMovementIntervals													-3.6688092073651433
1709.1439551469127	2.4018468924309673	trials	-1.0	1.0	1.5		1.0	0.8	1709.9897796387224	1709.989671306132	1711.045752036938	1709.679040712248	1709.6800406229843	1709.726384343143	
1709.726384343143	2.258000000000038	WheelMovementIntervals													3.448860753726379
1712.2288130897332	2.3168264485832424	trials	1.0	1.0	1.5	0.0625		0.8	1712.998711026302	1712.998620880952	1714.0455842368176	1712.708036975269	1712.7090035556473	1712.873384343143	
1712.873384343143	0.4470000000001164	WheelMovementIntervals													-0.4958563634980351
1714.649384343143	0.2619999999999436	WheelMovementIntervals													-0.1372171389026846
1715.2471436382339	13.11518579499625	trials	1.0	1.0	1.5	0.0625		0.8	1726.8092114727829	1726.8091056664962	1727.8622174691475	1715.7572980958782	1715.7583313369723	1726.584384343143	
1726.584384343143	0.54300000000012	WheelMovementIntervals													-0.6448872982288805
1727.804384343143	0.3890000000001237	WheelMovementIntervals													-0.19113281753173794
1729.114838978829	2.292737490872014	trials	1.0	1.0	1.5	0.125		0.8	1729.8453737627472	1729.8452506039528	1730.9075122771696	1729.6243934900317	1729.6252934096942	1729.737384343143	
1729.737384343143	1.8110000000001492	WheelMovementIntervals													-2.0939545478547075
1732.2932885665643	5.4189790030854965	trials	-1.0	-1.0	0.0	0.0		0.8	1735.1659654511486	1735.16502937368	1737.212182781849	1732.8956347940928	1732.896634704829	1734.920384343143	
1734.920384343143	1.2989999999999782	WheelMovementIntervals													1.4717705527857703
1738.403876397334	2.5584599164687916	trials	1.0	1.0	1.5	0.25		0.8	1739.4094199640838	1739.409299550318	1740.4622259783011	1739.1412772349745	1739.1422771457108	1739.3093843431432	
1739.3093843431432	2.586999999999989	WheelMovementIntervals													1.7014265612685477
1741.6778507907409	19.351066221675183	trials	1.0	1.0	1.5	0.0		0.8	1759.4836945661305	1759.4835929922422	1760.5288679283942	1742.591069266175	1742.59193585548	1759.3093843431432	
1759.3093843431432	0.5260000000000673	WheelMovementIntervals													-0.699917165932348
1761.0123843431431	0.8170000000000073	WheelMovementIntervals													-0.23283054529730407
1761.7671240538316	7.778402834621147	trials	-1.0	-1.0	0.0	0.0		0.8	1766.9925242401405	1766.9915917807461	1769.0454409727738	1762.6243808583927	1762.6252141173395	1766.872384343143	
1766.872384343143	0.6520000000000437	WheelMovementIntervals													1.3230708916341598
1770.2345348203446	3.1607729634356474	trials	1.0	1.0	1.5	0.125		0.8	1771.8539902488053	1771.853871688872	1772.8952639591978	1770.7405563136122	1770.7415228939906	1771.0873843431432	
1771.0873843431432	1.5480000000000018	WheelMovementIntervals													-0.6956860881904845
1773.1083843431431	0.6020000000000891	WheelMovementIntervals													-0.1171707024681723
1774.0503843431432	0.37200000000007094	WheelMovementIntervals													-0.05722300311343531
1774.1022228785898	2.78841963025161	trials	1.0	1.0	1.5	0.0625		0.8	1775.3249137268992	1775.3248310471947	1776.3905852592566	1774.90771763737	1774.908850869538	1775.188384343143	
1775.188384343143	0.4519999999999982	WheelMovementIntervals													-0.47192348508774273
1776.1373843431431	0.5380000000000109	WheelMovementIntervals													0.20696741534003138
1777.5761460888925	13.747426418938176	trials	1.0	1.0	1.5	0.0625		0.8	1789.7613249639262	1789.7612458900896	1790.8234968087065	1778.0453375367076	1778.0461707956547	1789.6643843431432	
1789.6643843431432	0.8509999999998854	WheelMovementIntervals													-1.700641449662669
1791.1853843431431	2.578999999999951	WheelMovementIntervals													6.2198444579773025
1792.086884023982	9.758621382844694	trials	1.0	1.0	1.5	1.0		0.8	1800.2968844366217	1800.2967853017376	1801.345390834673	1794.462005326199	1794.4631385583668	1800.1943843431432	
1799.6713843431432	0.08999999999991815	WheelMovementIntervals													-0.011533526811504657
1800.1943843431432	0.8990000000001146	WheelMovementIntervals													-2.4864020729931013
1801.495384343143	0.7880000000000109	WheelMovementIntervals													0.9401554608689651
1802.5946126478514	20.18388974331674	trials	1.0	1.0	1.5	0.25		0.8	1821.224982816368	1821.2248782425652	1822.278422107385	1803.1237654094848	1803.124765320221	1820.6253843431432	
1820.6253843431432	2.08400000000006	WheelMovementIntervals													-2.1122153388177765
1823.513311866677	2.3986437555342945	trials	1.0	1.0	1.5	0.125		0.8	1824.358036456677	1824.3579269218378	1825.4119090423462	1824.0239329493315	1824.0250661814994	1824.1663843431431	
1824.1663843431431	0.3009999999999309	WheelMovementIntervals													-0.5372475832867565
1825.8743843431432	1.1089999999999236	WheelMovementIntervals													-0.7703276947564035
1826.6257673458185	14.102902671824495	trials	1.0	-1.0	0.0		0.0625	0.8	1838.175336296164	1838.174332490559	1840.2285863323762	1827.5071219991237	1827.5080552491443	1837.7013843431432	
1837.7013843431432	1.2359999999998763	WheelMovementIntervals													-0.4274179097558317
1841.4399781893658	2.6004561590259527	trials	1.0	1.0	1.5	0.125		0.8	1842.4722860334896	1842.4721996871754	1843.5403906819718	1842.1238504722578	1842.1246837312046	1842.1643843431432	
1842.1643843431432	1.0219999999999345	WheelMovementIntervals													-1.04569676719548
1844.761248360598	3.317247661402689	trials	1.0	-1.0	0.0		0.0	0.8	1845.5163142879123	1845.5154589695512	1847.5783968689616	1845.2451384962365	1845.2460050855411	1845.3323843431433	
1845.3323843431433	0.9379999999998745	WheelMovementIntervals													-1.1260243582404712
1848.954607345646	3.819355952305159	trials	1.0	-1.0	0.0		0.0	0.8	1850.201329381984	1850.2004252702825	1852.2739110257637	1849.707373478267	1849.7083067282877	1849.9193843431433	
1849.9193843431433	1.0779999999999745	WheelMovementIntervals													-1.206447597348287
1851.3153843431433	0.2300000000000182	WheelMovementIntervals													-0.06398698708943584
1853.4661712573327	2.5788343848503246	trials	1.0	1.0	1.5	1.0		0.8	1854.4836804225597	1854.4835840339424	1855.5449523476775	1854.1284787986792	1854.129645361205	1854.2723843431431	
1854.2723843431431	1.1770000000001346	WheelMovementIntervals													-2.482762510016798
1855.8263843431432	0.5309999999999491	WheelMovementIntervals													0.10550121939020585
1856.7396123650135	13.167688052438962	trials	-1.0	1.0	1.5		0.0625	0.8	1868.3380769503626	1868.3379762437353	1869.4072815006548	1857.223435839936	1857.2243024292409	1868.0313843431431	
1868.0313843431431	1.8279999999999745	WheelMovementIntervals													-0.5053470049500532
1870.5918090891964	2.6366304586874776	trials	1.0	1.0	1.5	0.25		0.8	1871.6656132288756	1871.6655210856238	1872.7284183504555	1871.0782656623912	1871.0792655731275	1871.2033843431432	
1871.2033843431432	0.6490000000001146	WheelMovementIntervals													-0.28577302080756795
1872.9793843431432	0.5599999999999454	WheelMovementIntervals													-0.6048136316294404
1873.9203452784457	2.474742268846285	trials	1.0	1.0	1.5	0.25		0.8	1874.8377633789723	1874.837660204935	1875.895002330787	1874.5738202749553	1874.574920176765	1874.6943843431432	
1874.6943843431432	0.5500000000001819	WheelMovementIntervals													-0.7499352518014746
1876.1653843431432	0.42600000000015825	WheelMovementIntervals													-0.26044656041921144
1877.0785966693084	2.4996426155673817	trials	-1.0	1.0	1.5		1.0	0.8	1878.0286118598374	1878.0285121040567	1879.078118168625	1877.6572450123872	1877.6582449231234	1877.8233843431433	
1877.8233843431433	1.5649999999998272	WheelMovementIntervals													2.328834799121168
1880.2375479976863	2.419444337896948	trials	-1.0	1.0	1.5		1.0	0.8	1881.0910718021653	1881.0909629316084	1882.156976647028	1880.8405275020143	1880.8415607431084	1880.9433843431432	
1880.9433843431432	2.683999999999969	WheelMovementIntervals													1.7571245306833134
1883.3595026288226	25.51398054289939	trials	1.0	-1.0	0.0		0.0	0.8	1906.312486910229	1906.3114431595409	1908.3734362591103	1884.2450235768622	1884.2458901661669	1905.8103843431431	
1905.8103843431431	1.5	WheelMovementIntervals													-1.624243722261184
1909.6141921613882	2.5092374014604957	trials	-1.0	1.0	1.5		1.0	0.2	1910.5568080124688	1910.5567054587939	1911.623312803773	1910.2615010416907	1910.2624676220692	1910.4593843431433	
1910.4593843431433	0.9760000000001128	WheelMovementIntervals													2.7099680214819273
1911.8813843431433	0.6710000000000491	WheelMovementIntervals													0.5245765703780165
1912.8385376519184	2.4063194074776675	trials	-1.0	1.0	1.5		0.25	0.2	1913.6875285277263	1913.687443792963	1914.7448341402567	1913.344859118407	1913.3458256987853	1913.5133843431433	
1913.5133843431433	0.9529999999999745	WheelMovementIntervals													1.5886695228795702
1914.7863843431433	0.47499999999990905	WheelMovementIntervals													0.08762790913402796
1915.947160139904	19.67570366398263	trials	-1.0	1.0	1.5		0.0625	0.2	1934.0568434576878	1934.0567377923537	1935.1227816329083	1916.6902604687411	1916.691127058046	1933.7593843431432	
1933.7593843431432	1.0370000000000346	WheelMovementIntervals													1.4129847382476015
1936.3320736773517	2.67432737651734	trials	-1.0	1.0	1.5		0.125	0.2	1937.4520736930463	1937.4519847228778	1938.50634624301	1937.0447433894483	1937.0457433001845	1937.3223843431433	
1937.3223843431433	1.4729999999999563	WheelMovementIntervals													2.353871400510158
1939.6945068405603	3.31256244639917	trials	-1.0	-1.0	0.0	0.125		0.2	1940.4397403123014	1940.4387206453594	1942.5069890988214	1940.1778970208304	1940.1787302797775	1940.2653843431433	
1940.2653843431433	0.9329999999999927	WheelMovementIntervals													0.8512966022658901
1943.7227805630505	2.5510355040478316	trials	-1.0	1.0	1.5		0.0	0.2	1944.7094924776004	1944.7093935207406	1945.7737974652848	1944.2112036273597	1944.2120368863068	1944.5003843431432	
1944.5003843431432	0.8330000000000837	WheelMovementIntervals													1.331187519072273
1945.9343843431434	0.5899999999999181	WheelMovementIntervals													0.10491217427698984
1946.9778233131838	2.6836363354241257	trials	-1.0	1.0	1.5		0.125	0.2	1948.1045227308114	1948.1044377275005	1949.1614283790475	1947.6612956317815	1947.6623622032334	1948.0113843431434	
1948.0113843431434	1.7729999999999109	WheelMovementIntervals													1.9682808925833655
1950.5604701508769	15.634124210326036	trials	-1.0	1.0	1.5		0.0625	0.2	1964.638780022888	1964.6386711470946	1965.6945524389564	1951.1230865918174	1951.124019841838	1964.4283843431433	
1964.4283843431433	3.3910000000000764	WheelMovementIntervals													4.637940730573192
1966.9875036816675	12.523676210782469	trials	-1.0	1.0	1.5		0.125	0.2	1977.9615573425747	1977.9614563349974	1979.011163642436	1968.3400496042605	1968.3409828542808	1977.8323843431433	
1977.8323843431433	1.5679999999999836	WheelMovementIntervals													0.38322023407665995
1979.8303843431434	0.06199999999989814	WheelMovementIntervals													-0.0018656627175914764
1980.222988794078	2.3382476928734377	trials	-1.0	1.0	1.5		1.0	0.2	1981.0088186417115	1981.0087044841707	1982.0611247005606	1980.689813786484	1980.6909470186517	1980.8363843431432	
1980.8363843431432	0.5289999999999964	WheelMovementIntervals													0.6684279044529831
1982.4833843431434	0.4900000000000091	WheelMovementIntervals													0.8866920922850028
1983.2743497272334	2.6156322922649906	trials	-1.0	1.0	1.5		1.0	0.2	1984.3187564912662	1984.318662220925	1985.389894202315	1983.906359973271	1983.9072598929338	1984.0833843431433	
1984.0833843431433	0.9259999999999309	WheelMovementIntervals													1.3603951235228067
1985.5533843431433	0.6169999999999618	WheelMovementIntervals													1.0200182698079345
1986.5768882373397	6.834316481130145	trials	-1.0	1.0	1.5		0.0625	0.2	1991.8648828357389	1991.8647768143703	1992.9111227694548	1987.094508695148	1987.0952752933792	1991.5293843431434	
1991.5293843431434	1.5349999999998545	WheelMovementIntervals													1.4519249946282855
1994.1130154744499	3.4936340409069544	trials	-1.0	-1.0	0.0	0.25		0.2	1995.050898414712	1995.0501243371202	1997.1066148974069	1994.7064624964253	1994.707595728593	1994.7993843431434	
1994.7993843431434	1.913000000000011	WheelMovementIntervals													1.2553014330151626
1998.5122560800955	3.4777523991429007	trials	-1.0	-1.0	0.0	0.125		0.2	1999.4305741002847	1999.429769376581	2001.489956922346	1999.0611404135914	1999.0622403154011	1999.1713843431432	
1999.1713843431432	0.6190000000001419	WheelMovementIntervals													0.9683410907661028
2002.6884166004797	3.4228568240798722	trials	-1.0	-1.0	0.0	0.25		0.2	2003.5625718964839	2003.5617305883964	2005.611222343309	2003.211136603043	2003.212236504853	2003.4203843431433	
2003.4203843431433	0.3610000000001037	WheelMovementIntervals													0.6203934873000208
2006.8040825213197	4.552684673430804	trials	-1.0	-1.0	0.0	0.0625		0.2	2008.7868721809828	2008.7859185100149	2010.856687405059	2007.456057651725	2007.4568909106717	2008.6333843431432	
2008.6333843431432	1.022000000000162	WheelMovementIntervals													1.4542693796413886
2012.0694791370793	2.3917170846170848	trials	-1.0	1.0	1.5		0.0625	0.2	2012.9063710929784	2012.906284764709	2013.9611102679526	2012.544436736807	2012.5455366386168	2012.6783843431433	
2012.6783843431433	2.231999999999971	WheelMovementIntervals													2.893729353272036
2015.2049992238708	9.10164427851305	trials	-1.0	-1.0	0.0	0.125		0.2	2021.7385159657242	2021.7375013410992	2023.8065646808332	2015.8225107642324	2015.8235440053265	2021.5963843431434	
2021.5963843431434	0.8519999999998618	WheelMovementIntervals													1.549429760409879
2024.7843843431433	0.7480000000000473	WheelMovementIntervals													0.25310152330182234
2025.045754056291	9.381953833042871	trials	-1.0	-1.0	0.0	0.0625		0.2	2031.871511375998	2031.8707652364615	2033.9276278229872	2026.1943848494006	2026.1955180815685	2031.6853843431434	
2031.6853843431434	0.8859999999999673	WheelMovementIntervals													1.283245184347365
2035.1504186623704	6.405392895774412	trials	-1.0	1.0	1.5		0.0625	0.2	2039.9911865187944	2039.9910873539147	2041.0557248189841	2035.6231431281203	2035.6241430388566	2035.6953843431434	
2035.6953843431434	0.39599999999995816	WheelMovementIntervals													0.1706957756937868
2039.8953843431434	1.9519999999999982	WheelMovementIntervals													3.0180039140487622
2042.248018380911	7.062897153847871	trials	-1.0	-1.0	0.0	0.125		0.2	2046.7547827210633	2046.7539790868068	2048.810832507337	2042.7776377675546	2042.7785043568592	2046.5633843431433	
2046.5633843431433	0.9020000000000437	WheelMovementIntervals													2.291579500946625
2050.0246241500936	2.497724105263842	trials	-1.0	1.0	1.5		0.0	0.2	2050.9599406527996	2050.959832801266	2052.022312479727	2050.6225707703825	2050.623437359687	2050.7353843431433	
2050.7353843431433	1.7600000000002183	WheelMovementIntervals													1.6053095911326523
2053.4079554476903	2.419744334189545	trials	-1.0	1.0	1.5		0.0	0.2	2054.2656788772615	2054.2655708063653	2055.3276174095367	2053.9776379245004	2053.9784378530894	2054.0853843431432	
2054.0853843431432	0.9030000000002474	WheelMovementIntervals													1.187950798874823
2056.1733843431434	0.7260000000001128	WheelMovementIntervals													-0.5149915951019182
2056.527310310912	9.1335446019757	trials	-1.0	1.0	1.5		0.0	0.2	2064.100834209559	2064.1007285546443	2065.1608062507194	2057.689273247172	2057.690106506119	2063.9903843431434	
2063.9903843431434	1.8299999999999272	WheelMovementIntervals													2.872546726592276
2066.3698649826574	8.324518371244721	trials	-1.0	-1.0	0.0	0.25		0.2	2072.136083555856	2072.135146270032	2074.194299815392	2067.0394718723787	2067.0404051223995	2072.0123843431434	
2072.0123843431434	0.624000000000251	WheelMovementIntervals													1.0463923638396295
2075.408491422443	2.6357312449349592	trials	-1.0	1.0	1.5		0.125	0.2	2076.49189470519	2076.4918030313906	2077.5441341033234	2076.022369953796	2076.0234031948903	2076.2753843431433	
2076.2753843431433	1.5	WheelMovementIntervals													1.3382395010615085
2078.732228040158	2.2574538225699143	trials	-1.0	1.0	1.5		0.25	0.2	2079.4211665374473	2079.4210441578907	2080.489604489508	2079.2064190416545	2079.207385622033	2079.2823843431433	
2079.2823843431433	1.300000000000182	WheelMovementIntervals													2.5385188723933823
2080.9573843431435	0.11499999999978172	WheelMovementIntervals													-0.014874457561091958
2081.6906972659144	6.9819756484330355	trials	-1.0	1.0	1.5		0.0625	0.2	2087.100747634854	2087.100655106975	2088.1725852834184	2082.210850830921	2082.211717420226	2086.8713843431433	
2086.8713843431433	1.7690000000002328	WheelMovementIntervals													1.6162495924483835
2089.3601792648847	2.395943148062088	trials	-1.0	1.0	1.5		0.0	0.2	2090.1785062114473	2090.1783936584443	2091.256043351208	2089.894231589126	2089.8953648212937	2089.9833843431434	
2089.9833843431434	1.6530000000002474	WheelMovementIntervals													1.9961210195723993
2092.479434137033	2.6603528604982785	trials	-1.0	1.0	1.5		0.0	0.2	2093.5702700895863	2093.570155399381	2094.6397412827414	2093.0939792755435	2093.095012516638	2093.2283843431433	
2093.2283843431433	1.5710000000003674	WheelMovementIntervals													1.1695673297122369
2095.850599854005	2.37221994185893	trials	-1.0	1.0	1.5		1.0	0.2	2096.6553946752697	2096.6553062794783	2097.722732725521	2096.377452820945	2096.3783527406076	2096.4953843431435	
2096.4953843431435	0.5579999999999927	WheelMovementIntervals													0.7664275554805045
2097.5833843431433	1.2070000000003347	WheelMovementIntervals													-0.672908385030297
2098.9352244843203	7.9422205320283865	trials	-1.0	1.0	1.5		0.0625	0.2	2105.3290203659594	2105.328920710744	2106.377393442579	2099.5607686409303	2099.561668560593	2105.0393843431434	
2105.0393843431434	0.831000000000131	WheelMovementIntervals													1.0270559154140528
2106.2923843431436	0.8840000000000146	WheelMovementIntervals													-1.0550310404289007
2107.5719534688415	2.4556417448734464	trials	-1.0	1.0	1.5		0.25	0.2	2108.470973211821	2108.4708680178874	2109.527478895762	2108.2895227435456	2108.2906226453556	2108.3333843431433	
2108.3333843431433	1.4729999999999563	WheelMovementIntervals													4.363334685856984
2110.7328046276184	2.6611293535220284	trials	-1.0	1.0	1.5		0.0625	0.2	2111.8345062768394	2111.8344159509875	2112.893911701916	2111.506035599975	2111.5069688499957	2111.605384343143	
2111.605384343143	0.80600000000004	WheelMovementIntervals													1.215453390357169
2112.7543843431436	0.7190000000000509	WheelMovementIntervals													-0.44633106007995593
2114.071139942083	2.5896585625341686	trials	-1.0	1.0	1.5		0.125	0.2	2115.1024812058286	2115.102362863948	2116.1607533987376	2114.622890686356	2114.6239572578083	2114.7823843431433	
2114.7823843431433	0.7840000000001055	WheelMovementIntervals													0.9774015114859367
2115.9153843431436	2.8779999999997017	WheelMovementIntervals													-1.4699062810601333
2117.368612237792	19.525280858666065	trials	1.0	1.0	1.5	1.0		0.2	2135.343474257969	2135.3433689519834	2136.393880486419	2119.6056458673306	2119.606612447709	2135.1863843431433	
2135.1863843431433	0.6720000000000255	WheelMovementIntervals													-1.0244073648989342
2136.7303843431437	0.1519999999995889	WheelMovementIntervals													0.013847137696416212
2137.6383027280635	2.8174276575432486	trials	-1.0	1.0	1.5		0.125	0.2	2138.886824603727	2138.886714540112	2139.955729180798	2138.10559434548	2138.1065609258585	2138.5933843431435	
2138.5933843431435	2.1599999999998545	WheelMovementIntervals													1.5331938421190898
2141.3621369617176	9.965068999557388	trials	-1.0	-1.0	0.0	0.0625		0.2	2148.77554182113	2148.774561182791	2150.827158669806	2141.9938472345343	2141.9948804756286	2148.6483843431433	
2148.6483843431433	0.5500000000001819	WheelMovementIntervals													0.8629938613019306
2149.6203843431435	1.1579999999999018	WheelMovementIntervals													2.652783478007791
2152.0509160895676	2.5053379218102236	trials	-1.0	1.0	1.5		0.0625	0.2	2152.9826329136226	2152.982529447142	2154.0562037407967	2152.556137654246	2152.5571708953403	2152.8593843431436	
2152.8593843431436	1.293999999999869	WheelMovementIntervals													2.198497238237991
2155.2584630797282	6.935309027663152	trials	-1.0	1.0	1.5		0.125	0.2	2160.647548653564	2160.6474470210983	2161.693721926564	2155.960433746947	2155.9615003183985	2160.5033843431434	
2160.5033843431434	1.8130000000001019	WheelMovementIntervals													1.688282699911042
2162.5883843431434	0.18299999999999272	WheelMovementIntervals													0.05389805159239813
2162.898081078042	15.524707362859317	trials	-1.0	1.0	1.5		0.0625	0.2	2176.8677673137367	2176.867664969696	2177.922706470858	2163.5887860842986	2163.589819325393	2176.6803843431435	
2176.6803843431435	0.7730000000001382	WheelMovementIntervals													1.16046996893283
2177.6783843431435	0.9929999999999382	WheelMovementIntervals													-1.51467861738152
2179.1684952571754	2.820944323420008	trials	1.0	1.0	1.5	0.25		0.2	2180.4307159099253	2180.4306141931	2181.4893547367706	2179.726978733739	2179.727778662328	2180.1763843431436	
2180.1763843431436	0.8930000000000291	WheelMovementIntervals													-1.277738194457271
2181.5743843431437	0.6849999999999454	WheelMovementIntervals													-0.509520524967229
2182.6752488699854	6.464014232615682	trials	-1.0	1.0	1.5		0.25	0.2	2187.5680120846955	2187.5679345770372	2188.6391164653865	2183.193702586741	2183.1947691581927	2187.4273843431433	
2187.4273843431433	2.0520000000001346	WheelMovementIntervals													1.1207595138855027
2189.8638737958845	2.529837407107152	trials	-1.0	1.0	1.5		0.0625	0.2	2190.836386977979	2190.8362870212113	2191.893592599436	2190.543579784042	2190.5444463733465	2190.6423843431435	
2190.6423843431435	0.7400000000002365	WheelMovementIntervals													1.0450796889655294
2192.1103843431433	0.45400000000017826	WheelMovementIntervals													-0.260436996076038
2193.094418732979	6.077983818580833	trials	-1.0	1.0	1.5		0.125	0.2	2197.6197814128263	2197.619680394175	2198.6723541145384	2193.7384612382098	2193.7394278185884	2197.3133843431433	
2197.3133843431433	1.5020000000004075	WheelMovementIntervals													1.8600600705148906
2199.9070105613255	2.3651231060798636	trials	-1.0	1.0	1.5		1.0	0.2	2200.7148051147988	2200.714717769209	2201.7720440666135	2200.4436626534807	2200.444729224933	2200.5483843431434	
2200.5483843431434	0.7960000000002765	WheelMovementIntervals													0.9897721139089413
2201.7883843431437	1.2489999999997963	WheelMovementIntervals													0.1334843280549194
2202.962137824921	11.976788690948979	trials	-1.0	1.0	1.5		0.125	0.2	2213.3714085716256	2213.3713000801317	2214.4388132825925	2203.793663593202	2203.7947968253698	2213.1483843431433	
2213.1483843431433	1.8510000000001128	WheelMovementIntervals													2.258814177957106
2215.6680368810453	2.4422415340372936	trials	-1.0	1.0	1.5		0.25	0.2	2216.569056445497	2216.568951833588	2217.6102634951735	2216.160192945437	2216.1613595079625	2216.2843843431433	
2216.2843843431433	1.7070000000003347	WheelMovementIntervals													0.9472079127962445
2218.816589137766	9.060420077310027	trials	-1.0	1.0	1.5		0.0625	0.2	2226.326785356449	2226.3266878398513	2227.3768916116783	2219.405636552502	2219.4066697935964	2226.1653843431436	
2226.1653843431436	0.6279999999997017	WheelMovementIntervals													0.8795989513849065
2228.5906165937195	2.5483360792723033	trials	-1.0	1.0	1.5		0.25	0.2	2229.569929168821	2229.5698296888804	2230.6389004066077	2229.238992045474	2229.23999195621	2229.3333843431437	
2229.3333843431437	0.6589999999996508	WheelMovementIntervals													0.8516545468634149
2230.5783843431436	0.8240000000000691	WheelMovementIntervals													-0.49017766631004633
2231.838060022257	2.4055470570210673	trials	-1.0	1.0	1.5		0.125	0.2	2232.6860843176864	2232.685975904118	2233.7435232516486	2232.3434149083673	2232.34431482803	2232.4283843431435	
2232.4283843431435	0.7449999999998909	WheelMovementIntervals													1.0111558383132433
2233.8183843431434	0.56899999999996	WheelMovementIntervals													-0.5715399568570945
2234.924417831182	20.335779058083517	trials	1.0	1.0	1.5	0.25		0.2	2253.690675868758	2253.690573504451	2254.760147061913	2235.5883585600645	2235.589291810085	2253.4413843431435	
2253.4413843431435	0.9929999999999382	WheelMovementIntervals													-0.9136260961020639
2255.98130471376	4.045577261250855	trials	1.0	-1.0	0.0		0.0	0.2	2257.4692385500434	2257.4684323793017	2259.5268548631375	2256.72153863182	2256.7225718729137	2256.9353843431436	
2256.9353843431436	0.9850000000001273	WheelMovementIntervals													-0.5488966993980853
2258.0413843431434	0.5510000000003856	WheelMovementIntervals													-0.34803922189937
2260.925296688525	2.7014512673990794	trials	-1.0	1.0	1.5		1.0	0.2	2262.0696945261843	2262.069617557942	2263.1266668351363	2261.622267802062	2261.6232343824404	2261.8713843431437	
2261.8713843431437	1.5799999999999272	WheelMovementIntervals													1.8507977682498051
2264.3265597186587	20.61688444543097	trials	-1.0	1.0	1.5		0.0625	0.2	2283.3811253518584	2283.3810216835636	2284.4433971877124	2264.82248211349	2264.823548684942	2283.2103843431437	
2283.2103843431437	0.6520000000000437	WheelMovementIntervals													1.0481573869851104
2284.7133843431434	0.7600000000002183	WheelMovementIntervals													-0.45307292571183666
2285.68165331315	2.723547864842203	trials	-1.0	1.0	1.5		0.25	0.2	2286.837083499266	2286.8369731930593	2287.905121487033	2286.4383190976423	2286.4391190262313	2286.5913843431435	
2286.5913843431435	0.5749999999998181	WheelMovementIntervals													1.0665664409348494
2289.1252125674278	2.6014300137107966	trials	1.0	1.0	1.5	1.0		0.2	2290.1718191350806	2290.171724239157	2291.2265249796965	2289.709893705282	2289.7108602856606	2289.9923843431434	
2289.9923843431434	1.9630000000001928	WheelMovementIntervals													-1.8063055037327445
2292.4444495868297	5.748881261225506	trials	-1.0	1.0	1.5		0.125	0.2	2296.6414082505285	2296.6413081799715	2297.693281014725	2293.0051995277295	2293.006099447392	2296.0743843431437	
2296.0743843431437	1.8710000000000946	WheelMovementIntervals													1.3316595696637137
2298.9023397466635	3.553146175355323	trials	1.0	-1.0	0.0		0.0	0.2	2299.884418741469	2299.8835522219797	2301.9554671887863	2299.5547815020786	2299.555781412815	2299.6943843431436	
2299.6943843431436	1.2109999999997854	WheelMovementIntervals													-1.559660535424058
2303.151293768648	2.358646831556598	trials	-1.0	1.0	1.5		0.0625	0.2	2303.944023000362	2303.94390917019	2305.009827854151	2303.626717993386	2303.62775123448	2303.7103843431437	
2303.7103843431437	1.8479999999999563	WheelMovementIntervals													1.4460242590609766
2306.217753353921	2.4712368994473763	trials	-1.0	1.0	1.5		1.0	0.2	2307.1207727398455	2307.1206664704628	2308.1889440490436	2306.838431278281	2306.8393978586596	2306.9623843431436	
2306.9623843431436	1.1210000000000946	WheelMovementIntervals													2.1941335811833085
2308.4533843431436	2.880000000000109	WheelMovementIntervals													-2.9614822122446753
2309.4291000048797	27.793108304460475	trials	-1.0	1.0	1.5		0.125	0.2	2335.65689193864	2335.6567843682524	2336.7221635067026	2311.9098118808465	2311.9107118005095	2334.6183843431436	
2330.8903843431435	0.29300000000012005	WheelMovementIntervals													-0.021891392751371086
2334.6183843431436	1.6089999999999236	WheelMovementIntervals													0.9196631666466146
2336.9353843431436	0.6950000000001637	WheelMovementIntervals													-0.1077593775350465
2337.9845174808843	25.842084172779778	trials	-1.0	1.0	1.5		0.25	0.2	2362.270582755884	2362.270476640481	2363.3264884933837	2338.5432009395954	2338.544367502121	2361.7523843431436	
2361.7523843431436	0.9329999999999927	WheelMovementIntervals													1.022065873655265
2364.5620115294755	2.6811474159735553	trials	-1.0	1.0	1.5		1.0	0.2	2365.6824115094646	2365.6823309244237	2366.7430501577824	2365.237851196119	2365.2389177675714	2365.3423843431437	
2365.3423843431437	1.0540000000000873	WheelMovementIntervals													1.4693078060948324
2366.7773843431437	0.6739999999999782	WheelMovementIntervals													-1.3815755467028907
2368.0115702481708	18.810048381413253	trials	-1.0	1.0	1.5		0.0625	0.2	2385.2575973326816	2385.2574961420924	2386.321602347145	2368.5711869569027	2368.572220197997	2383.7193843431437	
2383.7193843431437	0.61200000000008	WheelMovementIntervals													0.2662518025354643
2385.0513843431436	0.1610000000000582	WheelMovementIntervals													-0.015525598960095977
2385.5093843431437	0.32900000000017826	WheelMovementIntervals													0.3037509988594138
2386.5373843431435	0.11000000000012733	WheelMovementIntervals													0.005090987351735521
2387.5485261509048	5.356182941340194	trials	-1.0	1.0	1.5		0.125	0.2	2391.329888582252	2391.329783292347	2392.4046593023095	2388.0095849913982	2388.0105182414186	2390.898384343144	
2390.898384343144	1.0229999999996835	WheelMovementIntervals													0.9734397928052374
2392.2723843431436	0.8099999999999454	WheelMovementIntervals													-0.5655842746053565
2393.6063186947995	3.7477607070582053	trials	-1.0	-1.0	0.0	0.125		0.2	2394.7821470599356	2394.781337414488	2396.8540287662004	2394.1096404290793	2394.110507018384	2394.021384343144	
2394.021384343144	1.1879999999996471	WheelMovementIntervals													0.84637172165165
2398.051688515745	6.25350337119562	trials	1.0	-1.0	0.0		0.0625	0.2	2401.7364595699687	2401.7355482322337	2403.8051415618775	2398.5427113479686	2398.5438112497786	2401.4333843431436	
2401.4333843431436	0.8710000000000946	WheelMovementIntervals													-1.0193782453071094
2405.003901213232	20.58400103294707	trials	1.0	-1.0	0.0		0.0625	0.2	2423.018393028923	2423.0174629042626	2425.0878416190626	2405.4762257146876	2405.47712563435	2408.5333843431436	
2408.5333843431436	0.3720000000002983	WheelMovementIntervals													0.22622258075972468
2422.749384343144	0.8479999999999563	WheelMovementIntervals													-1.171068079985048
2426.519813784473	2.934936898946944	trials	-1.0	1.0	1.5		0.0625	0.2	2427.8835253769544	2427.8834299990535	2428.954696418361	2427.02600192953	2427.0270685009823	2427.3663843431436	
2427.3663843431436	1.9639999999999418	WheelMovementIntervals													1.7156098453627635
2430.134457765727	2.608333087308438	trials	-1.0	1.0	1.5		1.0	0.2	2431.188163699607	2431.18807072711	2432.2427028924335	2430.7926656730547	2430.7940322177274	2430.952384343144	
2430.952384343144	1.52599999999984	WheelMovementIntervals													2.6807614347206368
2432.883384343144	0.17699999999967986	WheelMovementIntervals													-0.053910661714667185
2433.425997257734	26.350006633715566	trials	1.0	-1.0	0.0		0.125	0.2	2457.223306164846	2457.222362677442	2459.275956254616	2433.9543834211363	2433.9553833318723	2456.8283843431436	
2456.8283843431436	0.48500000000012733	WheelMovementIntervals													-0.3823190510952088
2458.508384343144	0.6520000000000437	WheelMovementIntervals													0.8123370793694562
2460.50611310309	2.619932174634414	trials	-1.0	1.0	1.5		1.0	0.2	2461.5700181264797	2461.569925355371	2462.625923863979	2461.1379900276957	2461.138956608074	2461.247384343144	
2461.247384343144	0.49499999999989086	WheelMovementIntervals													0.3817442132143185
2462.1693843431435	1.1880000000001019	WheelMovementIntervals													-0.5647282137081788
2463.7303843431437	0.5950000000002547	WheelMovementIntervals													0.09776711438894381
2463.813351193656	19.062374644354804	trials	1.0	1.0	1.5	0.0625		0.2	2481.3228214268156	2481.322701625496	2482.3756941017486	2465.0872708020206	2465.0883040431145	2481.0543843431437	
2481.0543843431437	0.36000000000012733	WheelMovementIntervals													-0.46979125141686495
2482.762384343144	2.1230000000000473	WheelMovementIntervals													7.851566039014642
2483.7571374446197	5.585391969137163	trials	1.0	1.0	1.5	0.0		0.2	2487.7946103458835	2487.794503201093	2488.8424834671355	2485.3881585072636	2485.3889251054948	2487.541384343144	
2487.541384343144	0.6929999999997563	WheelMovementIntervals													-0.48250932336839014
2488.829384343144	1.1159999999999854	WheelMovementIntervals													1.2058286902483815
2490.0727403066826	7.636407870695166	trials	-1.0	1.0	1.5		0.0625	0.2	2496.134932457817	2496.1348251448985	2497.2090699010746	2490.6710868912655	2490.6719201502124	2495.7233843431436	
2495.7233843431436	1.8890000000001237	WheelMovementIntervals													1.7126894028685626
2498.465257759049	2.556132235989935	trials	-1.0	1.0	1.5		0.25	0.2	2499.4421705483833	2499.4420696957113	2500.5213075453225	2499.0878021834496	2499.088868754902	2499.2993843431436	
2499.2993843431436	1.5060000000003129	WheelMovementIntervals													2.1131328971057144
2501.749597893755	2.459540404327072	trials	-1.0	1.0	1.5		1.0	0.2	2502.649517556397	2502.6494119438407	2503.709089633263	2502.3592101393	2502.3602100500366	2502.5363843431437	
2502.5363843431437	1.18100000000004	WheelMovementIntervals													1.8878997855153727
2504.927647517196	2.5767339690264635	trials	-1.0	1.0	1.5		1.0	0.2	2505.9261583784337	2505.926060291777	2507.0042954646365	2505.5875219424174	2505.5885885138696	2505.749384343144	
2505.749384343144	1.5789999999997235	WheelMovementIntervals													2.2378567295191942
2508.193489303281	2.5442370884466072	trials	-1.0	1.0	1.5		0.25	0.2	2509.163102744241	2509.1630030552406	2510.237706812509	2508.825932843971	2508.8268660939916	2508.936384343144	
2508.936384343144	1.8380000000001928	WheelMovementIntervals													1.4069939935909588
2511.425134142186	2.3340491784629194	trials	-1.0	1.0	1.5		1.0	0.2	2512.1951654001864	2512.195049704597	2513.25917041465	2511.9590531449953	2511.960186377163	2512.0513843431436	
2512.0513843431436	1.6660000000001673	WheelMovementIntervals													2.9012290387321684
2514.4696956823345	2.42254121048245	trials	-1.0	1.0	1.5		0.125	0.2	2515.3340185227653	2515.3339096702275	2516.392190724601	2514.9875161222903	2514.9885160330264	2515.100384343144	
2515.100384343144	1.5099999999997635	WheelMovementIntervals													0.9885204012564657
2516.919384343144	0.18799999999964712	WheelMovementIntervals													-0.13085658982717518
2517.621047689117	8.02121042271574	trials	-1.0	1.0	1.5		0.125	0.2	2524.0766380542573	2524.0765357527625	2525.1422429258987	2518.121269700114	2518.122169619777	2523.9423843431437	
2523.9423843431437	2.0700000000001637	WheelMovementIntervals													1.658168722508151
2526.3662669885234	9.825948592614168	trials	-1.0	1.0	1.5		0.0625	0.2	2534.628996027322	2534.628891098911	2535.6922011131965	2527.0707041022247	2527.0718373343925	2534.495384343144	
2534.495384343144	0.9259999999999309	WheelMovementIntervals													0.9337131951502045
2536.5543843431437	0.07700000000022555	WheelMovementIntervals													0.028359012552328977
2536.923124559901	2.3858199947203502	trials	-1.0	1.0	1.5		0.25	0.2	2537.7498174262905	2537.7497307944654	2538.8088562174303	2537.4539771697864	2537.4548104287333	2537.582384343144	
2537.582384343144	3.250999999999749	WheelMovementIntervals													5.5192611650782055
2540.021847931598	17.148868614812727	trials	-1.0	1.0	1.5		0.125	0.2	2555.5905914167333	2555.590489978504	2556.670628333335	2541.386892738394	2541.3877926580567	2555.2173843431437	
2555.2173843431437	1.9290000000000873	WheelMovementIntervals													2.033102347951342
2558.1388305977566	2.782045344708422	trials	-1.0	1.0	1.5		0.0625	0.2	2559.355055356638	2559.3549499822216	2560.420793549711	2558.658650859185	2558.6597507609945	2558.7613843431436	
2558.7613843431436	2.4160000000001673	WheelMovementIntervals													1.514438690626406
2561.633385299584	9.525543916276092	trials	-1.0	1.0	1.5		0.125	0.2	2569.599207510427	2569.59910397681	2570.6589129087247	2562.1753702489996	2562.176403490094	2569.437384343144	
2569.437384343144	1.2359999999998763	WheelMovementIntervals													2.512741864485747
2571.863438711992	2.4288166781343534	trials	-1.0	1.0	1.5		0.125	0.2	2572.7411270259304	2572.7410443769804	2573.7921665311806	2572.453919332116	2572.455052564284	2572.502384343144	
2572.502384343144	0.8979999999996835	WheelMovementIntervals													0.8596028538470932
2574.997358941605	2.6114586239018536	trials	-1.0	1.0	1.5		0.25	0.2	2576.053198018389	2576.053082236975	2577.1087371219523	2575.703995858926	2575.7050291000205	2575.8173843431437	
2575.8173843431437	1.512000000000171	WheelMovementIntervals													1.675790362288211
2577.597384343144	0.3229999999998654	WheelMovementIntervals													0.11025761601723616
2578.299630808848	2.6425322900618085	trials	-1.0	1.0	1.5		0.0625	0.2	2579.3837340291107	2579.383643234355	2580.442106213093	2579.0041345832656	2579.005034502928	2579.178384343144	
2579.178384343144	1.5989999999997053	WheelMovementIntervals													1.157045021745489
2581.60866873874	2.4787416978069814	trials	-1.0	1.0	1.5		0.0	0.2	2582.5157877586835	2582.5156832648554	2583.5873587643846	2582.187117099672	2582.1880170193344	2582.2993843431436	
2582.2993843431436	1.6450000000004366	WheelMovementIntervals													0.7644155307260974
2584.7651202902775	2.8058451928741306	trials	-1.0	1.0	1.5		0.0	0.2	2586.008542621186	2586.008439872921	2587.0708811177556	2585.2587428904158	2585.259709470794	2585.412384343144	
2585.412384343144	1.9949999999998909	WheelMovementIntervals													-1.0490983468731088
2588.265974429744	8.83833949646305	trials	-1.0	-1.0	0.0	0.0		0.8	2594.5306818353306	2594.529771874518	2596.6041967291308	2588.742131922355	2588.7430318420174	2594.2933843431438	
2594.2933843431438	0.8070000000002437	WheelMovementIntervals													1.787891588532915
2597.7958236839004	16.21291661136638	trials	-1.0	-1.0	0.0	0.0625		0.8	2611.4549709752678	2611.45420448072	2613.50868763649	2598.3586734373457	2598.359673348082	2611.1813843431437	
2611.1813843431437	0.5630000000001019	WheelMovementIntervals													0.8146102026723554
2614.704947511004	2.6154572121358797	trials	-1.0	1.0	1.5		0.25	0.8	2615.7611865520826	2615.761070209487	2616.8203253342963	2615.4372154735315	2615.4383153753415	2615.599384343144	
2615.599384343144	0.7649999999998727	WheelMovementIntervals													1.8595346587844972
2616.5633843431438	1.0039999999999054	WheelMovementIntervals													-0.5416325443799792
2618.024317851837	2.329324749702664	trials	-1.0	1.0	1.5		0.125	0.8	2618.7844166631908	2618.7843252745647	2619.8535878831253	2618.492009433548	2618.492942683569	2618.6213843431437	
2618.6213843431437	0.9039999999999964	WheelMovementIntervals													2.5858330480456857
2621.05344743629	3.738663487227768	trials	-1.0	-1.0	0.0	1.0		0.8	2622.23094231932	2622.230166474236	2624.292024989633	2621.62532971672	2621.626296297098	2621.7863843431437	
2621.7863843431437	0.8490000000001601	WheelMovementIntervals													0.4020761216648623
2625.469419881589	2.6392292746722887	trials	-1.0	1.0	1.5		0.125	0.8	2626.5557229054716	2626.5556315184253	2627.608528919689	2625.970341830102	2625.9712750801223	2626.233384343144	
2626.233384343144	1.4459999999999127	WheelMovementIntervals													1.279818603791
2628.8032555977406	3.6887677934723797	trials	-1.0	-1.0	0.0	0.0		0.8	2629.9362544530068	2629.93547609915	2631.9919376053435	2629.4869945592013	2629.4879278092217	2629.647384343144	
2629.647384343144	1.3669999999997344	WheelMovementIntervals													1.3945938213065006
2633.149234291501	2.609432967979501	trials	1.0	1.0	1.5	1.0		0.8	2634.206739886179	2634.206647245793	2635.258579320018	2633.7540136351545	2633.754913554817	2633.957384343144	
2633.957384343144	1.4229999999997744	WheelMovementIntervals													-2.3707911472203875
2635.809384343144	0.17200000000002547	WheelMovementIntervals													-0.06225235585239375
2636.432574515471	2.421147261205988	trials	1.0	1.0	1.5	0.0625		0.8	2637.2803988287533	2637.280290712905	2638.3536363523485	2636.9369294908447	2636.9378960712233	2637.117384343144	
2637.117384343144	1.7539999999999054	WheelMovementIntervals													-2.027012090078813
2639.5174324582913	23.803032422265915	trials	1.0	-1.0	0.0		0.125	0.8	2660.751870157273	2660.7509272114694	2662.82041882775	2640.1252448645114	2640.1262447752474	2660.261384343144	
2660.261384343144	0.9629999999997381	WheelMovementIntervals													-0.5821220178238207
2664.066674239077	17.687254835966996	trials	-1.0	1.0	1.5		0.25	0.8	2680.191201441789	2680.19110564642	2681.2539065722954	2664.558530330248	2664.5594969106264	2679.8913843431437	
2679.8913843431437	1.5440000000003238	WheelMovementIntervals													1.7172921434286934
2681.7463843431437	1.2670000000002801	WheelMovementIntervals													0.47064542079846206
2682.7240419974733	3.1127500086386135	trials	1.0	1.0	1.5	1.0		0.8	2684.2668709331783	2684.266766286869	2685.336742090628	2684.0249591957167	2684.0261257582424	2684.147384343144	
2683.367384343144	0.1449999999999818	WheelMovementIntervals													-0.016648707851715017
2684.147384343144	0.4800000000000182	WheelMovementIntervals													-0.7896594973351228
2685.1993843431437	0.46400000000039654	WheelMovementIntervals													-0.19941190441329582
2686.5425011171365	2.4780389225948056	trials	1.0	1.0	1.5	0.25		0.8	2687.458519342632	2687.4584147641813	2688.5205245356233	2687.091718754211	2687.092785325663	2687.212384343144	
2687.212384343144	0.8959999999997308	WheelMovementIntervals													-0.9317218763808626
2689.7423487946276	2.3493470425519263	trials	1.0	1.0	1.5	0.25		0.8	2690.5323449369957	2690.5322639391734	2691.591617040641	2690.2250723677403	2690.2261056088346	2690.376384343144	
2690.376384343144	0.4270000000001346	WheelMovementIntervals													-0.7679294502626988
2691.557384343144	1.038000000000011	WheelMovementIntervals													0.41803925357476146
2692.806908549502	8.034814004814962	trials	1.0	1.0	1.5	0.125		0.8	2699.290396424184	2699.2902997344904	2700.3416359115813	2693.403721937623	2693.404755178717	2699.013384343144	
2693.582384343144	0.2339999999999236	WheelMovementIntervals													-0.04411437087500758
2699.013384343144	0.650000000000091	WheelMovementIntervals													-0.4800870072068619
2700.629384343144	0.3089999999997417	WheelMovementIntervals													-0.23370150816566593
2701.5260301786916	5.265560758583888	trials	-1.0	-1.0	0.0	0.125		0.8	2704.2450541134695	2704.244160510407	2706.2915714173905	2702.0370845559987	2702.038051136377	2703.999384343144	
2703.999384343144	1.2660000000000764	WheelMovementIntervals													0.5150806176470724
2707.50029684575	2.4913398958101425	trials	1.0	1.0	1.5	1.0		0.8	2708.4384130985172	2708.4383111139	2709.491619077029	2708.136806690101	2708.1377066097634	2708.300384343144	
2708.300384343144	1.4290000000000873	WheelMovementIntervals													-2.657457324324696
2710.6810462281787	2.4772342145688526	trials	1.0	1.0	1.5	0.125		0.8	2711.589665114226	2711.589558409441	2712.6582697180766	2711.303757304369	2711.3047238847475	2711.395384343144	
2711.395384343144	0.6929999999997563	WheelMovementIntervals													-0.9820159980877747
2712.675384343144	0.5790000000001783	WheelMovementIntervals													-0.5625870470704513
2713.9273897549065	2.4428417659464685	trials	1.0	1.0	1.5	0.125		0.8	2714.7902127292327	2714.790104151815	2715.8702163154767	2714.536902009378	2714.538035241546	2714.667384343144	
2714.667384343144	0.38200000000006185	WheelMovementIntervals													-0.7106030619335684
2717.0732422526394	2.9470620769156994	trials	1.0	1.0	1.5	0.0625		0.8	2718.4370538361945	2718.43697051547	2719.520223806436	2717.6082278269014	2717.6090277554904	2717.765384343144	
2717.765384343144	2.3719999999998436	WheelMovementIntervals													-0.9872673680732476
2720.7188168060015	10.656141904650667	trials	1.0	1.0	1.5	0.25		0.8	2729.807338791527	2729.8072361279983	2730.874876823925	2721.291465684663	2721.2923322739675	2729.353384343144	
2729.353384343144	1.4729999999999563	WheelMovementIntervals													-1.4105409514969836
2732.111966386837	2.725050202539478	trials	1.0	1.0	1.5	1.0		0.8	2733.2522979208356	2733.252186555826	2734.3369010964666	2732.603355852997	2732.6043224333757	2733.037384343144	
2733.037384343144	2.1210000000000946	WheelMovementIntervals													-1.3032106284385634
2735.540027024703	3.030127785586501	trials	-1.0	1.0	1.5		1.0	0.8	2736.9886310386933	2736.98853935116	2738.0701344910412	2736.591599815679	2736.5926330567727	2736.835384343144	
2735.826384343144	0.0909999999998945	WheelMovementIntervals													0.011667751422066885
2736.835384343144	1.3469999999997526	WheelMovementIntervals													1.2990115746536048
2738.916384343144	0.1269999999999527	WheelMovementIntervals													0.00819721004791063
2739.27965984799	2.6734530813769197	trials	1.0	1.0	1.5	0.0625		0.8	2740.386194399103	2740.3860814021214	2741.4530324939856	2739.874740057501	2739.875639977164	2739.937384343144	
2739.937384343144	0.681999999999789	WheelMovementIntervals													-0.45468545942361516
2741.315384343144	0.5599999999999454	WheelMovementIntervals													-0.6642475691712377
2742.6512255292564	19.68539848668479	trials	-1.0	-1.0	0.0	0.25		0.8	2759.765231066222	2759.764184141107	2761.8365461564026	2743.258171346172	2743.259271247982	2759.595384343144	
2759.595384343144	1.43100000000004	WheelMovementIntervals													1.196836334009305
2763.088634380358	2.6695290101433784	trials	1.0	1.0	1.5	0.125		0.8	2764.1925358331987	2764.1924459621464	2765.2581073744827	2763.8247020036833	2763.825568592988	2763.969384343144	
2763.969384343144	0.6399999999998727	WheelMovementIntervals													-0.8796492135006133
2765.062384343144	0.9859999999998763	WheelMovementIntervals													0.15487520389416431
2766.4398685433207	35.60141525143354	trials	-1.0	-1.0	0.0	0.0625		0.8	2799.4811188947315	2799.480344874717	2801.541234984666	2767.0200834132197	2767.0212166453875	2798.602384343144	
2798.602384343144	3.742000000000189	WheelMovementIntervals													1.6137772298392292
2802.582384343144	1.6610000000000582	WheelMovementIntervals													1.8963299760808638
2802.766692252679	62.8864307333738	trials	-1.0	-1.0	0.0	0.125		0.8	2863.0779414982635	2863.077182943482	2865.1530562492417	2804.803343770669	2804.804443672479	2862.749384343144	
2862.749384343144	0.3200000000001637	WheelMovementIntervals													0.2719835366829386
2863.375384343144	0.2510000000002037	WheelMovementIntervals													0.11838027605588763
2864.180384343144	0.5109999999999673	WheelMovementIntervals													0.13807276387657907
2866.514534707745	20.621892941107035	trials	-1.0	1.0	1.5		0.25	0.8	2885.5855988680937	2885.585504692664	2886.6363717304803	2867.124280274722	2867.1252468551	2885.323384343144	
2885.323384343144	0.3949999999999818	WheelMovementIntervals													0.3547572706138453
2888.1075403967525	14.7945089887412	trials	-1.0	-1.0	0.0	0.125		0.8	2900.355180362445	2900.3542125667063	2902.4020309699454	2888.690821659576	2888.691888231028	2900.0573843431443	
2900.0573843431443	2.1989999999996144	WheelMovementIntervals													3.4948678145379404
2903.601557219531	62.97432374847995	trials	0.0	-1.0	0.0	0.25		0.8	2964.0766585044316	2964.075842375212	2967.340600460118	2904.074048372776	2904.074814971007		
2965.498384343144	0.2680000000000291	WheelMovementIntervals													0.0678962667886367
2967.4300924710137	15.643730931194114	trials	-1.0	1.0	1.5		1.0	0.8	2981.5084023430254	2981.5082993921724	2982.5738072325194	2967.502352686888	2968.141628950943	2981.328384343144	
2968.225384343144	0.13300000000026557	WheelMovementIntervals													0.062450864415353635
2980.804384343144	0.1950000000001637	WheelMovementIntervals													0.061052292477285164
2981.328384343144	1.0840000000002874	WheelMovementIntervals													1.3748215983912928
2983.125384343144	0.1910000000002583	WheelMovementIntervals													0.03192757836831106
2983.790631937843	63.18064116637606	trials	0.0	-1.0	0.0	1.0		0.8	3044.4720814683515	3044.4712339416856	3045.7735986130365	2984.4690713724012	2984.4702712652847		
3045.453384343144	0.14400000000023283	WheelMovementIntervals													0.008040131669361017
3047.8091835595746	63.18321089274423	trials	0.0	-1.0	0.0	0.25		0.8	3108.4931995276397	3108.4923564891837	3109.5233742288597	3047.885776721973	3048.491389324573	3105.962384343144	
3105.962384343144	1.5530000000003383	WheelMovementIntervals													0.26550062098885974
3109.442384343144	0.09900000000016007	WheelMovementIntervals													-0.019143858633100308
3109.9923843431443	0.22800000000006548	WheelMovementIntervals													0.029917200356322837
3111.792804966253	57.79703241237485	trials	1.0	1.0	1.5	0.125		0.8	4481.5689560539595	3168.0197137923433	4457.384381718691	3112.3853520685657	3112.3861853275125	3167.7153843431443	
3131.4043843431446	0.0909999999998945	WheelMovementIntervals													-0.029742128618181596
3139.4613843431443	0.19700000000011642	WheelMovementIntervals													-0.013496626098600473
3140.8013843431445	0.24299999999993815	WheelMovementIntervals													-0.01472219746818837
3167.7153843431443	3.236000000000331	WheelMovementIntervals													-0.615048995741688
3218.2303843431446	0.6329999999998108	WheelMovementIntervals													-0.670937254106633
3224.6463843431443	0.7800000000002001	WheelMovementIntervals													-0.593406348853506
3226.1543843431446	0.07400000000006912	WheelMovementIntervals													0.01659279660844959
3226.3853843431443	1.0700000000001637	WheelMovementIntervals													0.12620470736112566
3228.043384343144	1.0360000000000582	WheelMovementIntervals													0.4297403601874805
3237.2573843431446	0.2019999999997708	WheelMovementIntervals													0.05146159723500432
3243.5163843431446	3.298999999999978	WheelMovementIntervals													3.858130348926437
3247.9433843431443	0.8520000000003165	WheelMovementIntervals													1.8573638979140128
3251.4353843431445	0.14699999999993452	WheelMovementIntervals													0.04013768213764024
3256.4433843431443	0.1570000000001528	WheelMovementIntervals													0.051387602581797864
3261.9523843431443	2.44399999999996	WheelMovementIntervals													1.3579056294033194
3287.3213843431445	3.2640000000001237	WheelMovementIntervals													-2.931847679316803
3296.6603843431444	0.23300000000017462	WheelMovementIntervals													0.060838489402186724
3304.0023843431445	1.8550000000000182	WheelMovementIntervals													0.9762576782227939
3309.5003843431446	0.2869999999998072	WheelMovementIntervals													0.025626693076077345
3312.1303843431447	0.22899999999981446	WheelMovementIntervals													0.07421571059182952
3316.0693843431445	0.09400000000005093	WheelMovementIntervals													0.008372123250637742
3322.6953843431447	0.39299999999957436	WheelMovementIntervals													0.06648819932388506
3326.5503843431443	1.7420000000001892	WheelMovementIntervals													2.1764481801458544
3386.9563843431447	0.1230000000000473	WheelMovementIntervals													0.018163862060362135
3387.5133843431445	0.21199999999998909	WheelMovementIntervals													0.04202148171799536
3387.981384343145	1.2419999999997344	WheelMovementIntervals													-1.5696984045045212
3415.8253843431444	0.3710000000000946	WheelMovementIntervals													-0.19924822240088247
3443.4013843431444	0.44800000000032014	WheelMovementIntervals													0.18628777936342544
3457.479384343145	2.2649999999998727	WheelMovementIntervals													-2.404112660992382
3460.5443843431444	0.9090000000001055	WheelMovementIntervals													-0.5292988478301766
3461.8513843431447	0.23799999999982901	WheelMovementIntervals													0.049771891013250524
3462.8813843431444	0.7800000000002001	WheelMovementIntervals													-0.7122116933685447
3490.8173843431446	1.9659999999998945	WheelMovementIntervals													1.1190545176945648
3537.278384343145	0.4679999999998472	WheelMovementIntervals													0.07864441802965416
3551.6553843431448	4.063000000000102	WheelMovementIntervals													-2.5716271884488435
3556.200384343145	2.5679999999997563	WheelMovementIntervals													1.0851831202396909
3559.350384343145	1.3909999999996217	WheelMovementIntervals													-1.2577200889310234
3641.1723843431446	0.10500000000001819	WheelMovementIntervals													-0.01954258249915597
3690.549384343145	1.8739999999997963	WheelMovementIntervals													0.637499598421158
3692.723384343145	0.2919999999999163	WheelMovementIntervals													0.2321176355607122
3693.596384343145	2.8649999999997817	WheelMovementIntervals													0.7502412892521022
3696.788384343145	0.43699999999989814	WheelMovementIntervals													-0.17742100132861083
3698.058384343145	0.0909999999998945	WheelMovementIntervals													-0.039501686933959945
3739.6883843431447	1.3420000000000982	WheelMovementIntervals													0.3976340270410219
3743.319384343145	0.45299999999997453	WheelMovementIntervals													0.2908633640625169
3744.923384343145	4.6340000000000146	WheelMovementIntervals													-5.011875857081918
3749.906384343145	0.849999999999909	WheelMovementIntervals													0.9200692314362868
3751.049384343145	1.6619999999998072	WheelMovementIntervals													-0.8469796403691134
3762.363384343145	1.83199999999988	WheelMovementIntervals													2.2928636659509323
3764.6083843431447	0.9510000000000218	WheelMovementIntervals													0.8515276154865319
3774.3113843431447	0.5950000000002547	WheelMovementIntervals													0.03910631100720252
3783.411384343145	1.1079999999997199	WheelMovementIntervals													-0.17352786167163003
3828.157384343145	1.794999999999618	WheelMovementIntervals													1.7746042929318833
3835.825384343145	0.21700000000009823	WheelMovementIntervals													0.08403621230078784
3844.048384343145	0.12100000000009459	WheelMovementIntervals													-0.018008965621476136
3869.038384343145	0.7029999999999745	WheelMovementIntervals													0.13237234383862528
3870.362384343145	0.18800000000010186	WheelMovementIntervals													0.019146357739202813
3889.583384343145	2.4420000000000073	WheelMovementIntervals													-0.5393720511463016
3901.1443843431452	0.2769999999995889	WheelMovementIntervals													0.00943401572175162
3918.451384343145	0.9720000000002074	WheelMovementIntervals													0.18435065769699577
3924.065384343145	0.33399999999983265	WheelMovementIntervals													0.017624559902856163
3924.704384343145	0.08799999999973807	WheelMovementIntervals													0.020475001687600525
3940.011384343145	0.15399999999999636	WheelMovementIntervals													0.04483639685918206
3995.127384343145	2.356000000000222	WheelMovementIntervals													-1.2859554287100252
4093.815384343145	0.3040000000000873	WheelMovementIntervals													0.1880494130473096
4151.845384343145	0.3170000000000073	WheelMovementIntervals													0.06987331717215284
4152.576384343145	2.5479999999997744	WheelMovementIntervals													-1.088461497584177
4161.5073843431455	0.27300000000013824	WheelMovementIntervals													-0.013752671556687801
4167.470384343145	1.6840000000001965	WheelMovementIntervals													0.5477572744717065
4169.813384343145	0.5079999999998108	WheelMovementIntervals													-0.2528561822816471
4172.687384343145	0.5410000000001673	WheelMovementIntervals													0.2400993198527317
4175.201384343145	0.14500000000043656	WheelMovementIntervals													0.06277466637064322
4175.792384343145	0.41899999999986903	WheelMovementIntervals													-0.11164750961111736
4177.703384343145	0.18099999999958527	WheelMovementIntervals													0.013585649757999363
4183.743384343145	0.46199999999953434	WheelMovementIntervals													0.28763295738602324
4195.118384343145	0.1499999999996362	WheelMovementIntervals													0.03548085077579799
4195.924384343145	1.1779999999998836	WheelMovementIntervals													0.45335892694905056
4207.858384343145	0.3000000000001819	WheelMovementIntervals													0.049217092937055895
4209.214384343145	0.0500000000001819	WheelMovementIntervals													0.009938704921097496
4209.707384343145	5.41399999999976	WheelMovementIntervals													1.8447723207384286
4225.832384343145	0.27400000000034197	WheelMovementIntervals													-0.09111421640614026
4246.231384343146	2.6959999999999127	WheelMovementIntervals													6.591060163955461
4253.566384343146	2.738999999999578	WheelMovementIntervals													5.003202137179244
4258.273384343145	0.7139999999999418	WheelMovementIntervals													0.22640565809908253
4259.323384343145	0.0749999999998181	WheelMovementIntervals													0.019328799262410712
4263.2303843431455	0.10999999999967258	WheelMovementIntervals													0.05146740086513546
4271.9493843431455	0.27300000000013824	WheelMovementIntervals													0.038626205675228675
4274.938384343145	0.3510000000005675	WheelMovementIntervals													0.11537917203537518
4277.504384343145	1.4400000000005093	WheelMovementIntervals													1.451118488143436
4281.0873843431455	0.5659999999998035	WheelMovementIntervals													0.33603937102461146
4291.419384343146	0.35599999999976717	WheelMovementIntervals													-0.03953907921930977
4302.4313843431455	0.4569999999994252	WheelMovementIntervals													-0.24051897322644322
4311.319384343145	1.1210000000000946	WheelMovementIntervals													0.6930448195528811
4312.759384343145	0.1390000000001237	WheelMovementIntervals													0.0638262248655792
4314.814384343145	0.0929999999998472	WheelMovementIntervals													0.028163732221031523
4327.282384343145	0.2750000000005457	WheelMovementIntervals													0.06221336891053397
4357.066384343146	0.3359999999993306	WheelMovementIntervals													0.03272219630301265
4369.5073843431455	0.17199999999957072	WheelMovementIntervals													0.11812979460390238
4372.077384343145	0.15900000000056025	WheelMovementIntervals													0.040873218144355405
4372.918384343146	0.45200000000022555	WheelMovementIntervals													0.056772499639350826
4445.774384343145	0.4350000000004002	WheelMovementIntervals													0.25352884694251543
4447.072384343145	0.4610000000002401	WheelMovementIntervals													0.1474627615120312
4448.064384343145	0.4970000000002983	WheelMovementIntervals													-0.28943144105616625
4448.861384343146	3.9439999999995052	WheelMovementIntervals													7.1562518105577055
4509.832384343145	0.4250000000001819	WheelMovementIntervals													0.1282267889623654
4544.380384343146	0.08999999999923602	WheelMovementIntervals													0.011559478292838321
4560.627384343145	0.068000000000211	WheelMovementIntervals													0.010337947658285884
4560.923384343146	1.8099999999994907	WheelMovementIntervals													2.1707304978847333
4563.938384343146	0.42299999999977445	WheelMovementIntervals													0.14934678577503746
