onset	duration	nwb_table	choice	feedback_type	reward_volume	contrast_left	contrast_right	probability_left	feedback_time	response_time	stim_off_time	stim_on_time	go_cue_time	first_movement_time	peak_amplitude
10.311618375587317	1.279000000000428	WheelMovementIntervals													0.6714952702496865
12.039618375587894	1.9870000000006645	WheelMovementIntervals													-0.5441871621493616
35.135618375595605	3.3100000000011036	WheelMovementIntervals													-0.46744411076357206
42.82761837559817	0.4830000000001675	WheelMovementIntervals													-0.11891160603988837
53.084953897980675	63.78148309488761	trials	0.0	-1.0	0.0		0.25	0.5	114.36713079419962	114.3664318142398	117.564122088894	54.36528358516155	54.36621681865041	90.01661837561393	
60.17461837560397	0.5200000000001666	WheelMovementIntervals													0.05686796426699614
90.01661837561393	1.2620000000004268	WheelMovementIntervals													0.23357272105420113
101.5896183756178	0.6430000000002138	WheelMovementIntervals													-0.04505309465621232
109.52261837562044	1.062000000000367	WheelMovementIntervals													-0.16189385824705327
111.15261837562099	0.3820000000001329	WheelMovementIntervals													0.08971204889999707
116.74561837562285	0.5510000000001867	WheelMovementIntervals													-0.07888038867395875
117.74463610945347	2.3865056643548286	trials	1.0	1.0	1.5	1.0		0.5	118.56854796104692	118.5684370291655	119.63110094764885	117.8181949062361	118.28507828880572	118.3506183756234	
118.3506183756234	4.7600000000015825	WheelMovementIntervals													-1.7748282114329992
120.51973920764823	5.8447294043591285	trials	1.0	1.0	1.5	1.0		0.5	124.79694826569792	124.79685853011586	125.8643673983489	123.81801966565135	123.81901955867512	124.63361837562549	
124.31261837562539	0.08100000000001728	WheelMovementIntervals													-0.004070482762807082
124.63361837562549	0.6070000000002125	WheelMovementIntervals													-1.1926333520530457
125.50261837562579	2.000000000000668	WheelMovementIntervals													-0.2996005345006263
126.79746756813897	3.4372879411737216	trials	-1.0	1.0	1.5		1.0	0.5	128.66296798260245	128.66285939582056	129.73471998502313	128.18418587304987	128.18528575537601	127.9596183756266	
127.9596183756266	1.9900000000006628	WheelMovementIntervals													0.35199543945163336
130.69585048924648	7.988332659521177	trials	1.0	-1.0	0.0		0.0625	0.5	136.12283653533902	136.1218713145185	138.1841493336258	131.41380701008686	131.41490689241303	131.8386183756279	
131.8386183756279	0.5520000000001914	WheelMovementIntervals													-0.2127877767506403
132.6866183756282	0.6360000000001946	WheelMovementIntervals													0.04110089993926369
136.0196183756293	1.0110000000003367	WheelMovementIntervals													-0.5997598130702091
139.11748281178808	2.2799144284613533	trials	1.0	1.0	1.5	1.0		0.5	139.84307184937666	139.84298676671628	140.89729239411378	139.6472594655534	139.64812603950733	139.71561837563056	
139.71561837563056	0.38600000000010937	WheelMovementIntervals													-0.6403750068811256
140.4726183756308	0.9370000000003245	WheelMovementIntervals													-0.36943769453220643
141.78559735643856	2.5488909419011634	trials	1.0	1.0	1.5	0.125		0.5	142.76519255183433	142.7650927227166	143.8344114919281	142.26764578320217	142.2684456976212	142.5616183756315	
142.5616183756315	1.8170000000006041	WheelMovementIntervals													-1.2584788701771679
144.71938347750697	5.264926570528104	trials	-1.0	1.0	1.5		0.25	0.5	148.43398606084398	148.43390010701117	149.48420703348597	147.89721015591223	147.8983766977733	148.12461837563336	
144.89661837563227	0.6100000000002126	WheelMovementIntervals													-0.5037854977172183
145.8586183756326	0.7300000000002456	WheelMovementIntervals													-0.2655126242872532
146.90861837563295	0.36600000000009913	WheelMovementIntervals													0.08109315618422208
148.12461837563336	1.6170000000005302	WheelMovementIntervals													0.34261375230808877
149.92661837563395	0.2450000000000898	WheelMovementIntervals													0.015630089422809412
150.40130891489557	2.546289272689677	trials	1.0	1.0	1.5	0.0625		0.5	151.40900110425952	151.40890387855742	152.4475899880582	151.04743978686122	151.04833969058262	151.2766183756344	
151.2766183756344	1.6540000000005648	WheelMovementIntervals													-0.742425597095866
153.34279421224707	2.387697688983252	trials	1.0	1.0	1.5	1.0		0.5	154.19470306850633	154.19459267431475	155.23049225183846	153.95086248977424	153.95196237210038	154.08461837563533	
154.08461837563533	1.8450000000006241	WheelMovementIntervals													-1.5894428561888905
156.19498906257516	7.685231608739599	trials	1.0	-1.0	0.0		0.0	0.5	161.31787431036923	161.31690812922875	163.38015367191232	156.68423671910998	156.6852699419012	157.31261837563642	
157.31261837563642	0.8150000000002819	WheelMovementIntervals													0.19502805544592405
161.06961837563767	1.061000000000348	WheelMovementIntervals													-0.43615975679398034
164.32431932449887	2.543118467170615	trials	1.0	1.0	1.5	0.25		0.5	165.30991387803732	165.30982570583814	166.36736741021795	164.950818963431	164.9518188564548	165.20261837563905	
165.20261837563905	4.557000000001523	WheelMovementIntervals													-2.182562509526317
167.26213834742987	4.805107816328388	trials	-1.0	1.0	1.5		1.0	0.5	170.50222503144906	170.50214226928293	171.56717776130805	170.11389991078096	170.1147664847349	170.28261837564077	
170.28261837564077	1.0490000000003477	WheelMovementIntervals													0.36855215051277135
172.49944468691166	2.497493464540611	trials	1.0	1.0	1.5	0.0625		0.5	173.43514457856352	173.4350414894064	174.49689765074643	173.13061049328806	173.13137707793965	173.33561837564176	
173.33561837564176	0.5630000000001871	WheelMovementIntervals													-0.8299067813056986
174.23961837564207	0.9930000000003361	WheelMovementIntervals													-0.22428836836352595
175.3960347874955	3.971199047536402	trials	-1.0	1.0	1.5		0.0	0.5	177.80024423340336	177.80013300012288	178.8671967493099	176.33420108193937	176.3350009963584	177.5816183756432	
177.5816183756432	0.8190000000002726	WheelMovementIntervals													0.36933670740839375
179.78843152188446	3.0123246220384488	trials	-1.0	1.0	1.5		0.0625	0.5	181.23174377194124	181.23164236014898	182.30069607389532	180.4295962584987	180.4306294812899	180.56361837564418	
180.56361837564418	1.942000000000661	WheelMovementIntervals													0.3590242762401399
183.28195775766406	2.3017834978018072	trials	-1.0	1.0	1.5		1.0	0.5	184.02634478409968	184.02625177487923	185.0836649972105	183.7799378132732	183.78090437652952	183.9096183756453	
183.9096183756453	1.2520000000004359	WheelMovementIntervals													0.36354503872554744
185.97693609488672	2.8196226992969002	trials	-1.0	1.0	1.5		0.125	0.5	187.24566702299177	187.24554540794864	188.29652126121547	186.49668048864677	186.49754706260072	186.92261837564632	
186.92261837564632	1.6760000000005562	WheelMovementIntervals													0.3835975613932501
189.1840596388887	2.4460992617968316	trials	-1.0	1.0	1.5		0.125	0.5	190.0763641733086	190.07625827540366	191.13015143106873	189.66697463960625	189.6678412135602	189.83761837564728	
189.83761837564728	1.271000000000413	WheelMovementIntervals													0.47867223682681725
192.02875529153846	2.351407234498879	trials	1.0	1.0	1.5	1.0		0.5	192.82956961428263	192.82945707399134	193.8800572250643	192.48370661735765	192.4848064996838	192.69361837564824	
192.69361837564824	1.3800000000004502	WheelMovementIntervals													-0.400322620619054
194.77566140646266	3.924504787825555	trials	1.0	1.0	1.5	0.0625		0.5	197.14517456444543	197.1450630895995	198.2000617045317	195.2837070518445	195.2847736044032	195.48961837564917	
195.48961837564917	0.44700000000014484	WheelMovementIntervals													-0.24262802954651974
196.23361837564943	2.2530000000007533	WheelMovementIntervals													-0.27201430045562347
199.10876448454158	2.625011198826911	trials	1.0	1.0	1.5	0.25		0.5	200.17848337114725	200.17836823275408	201.23367047914067	199.61327717457274	199.6143770568989	200.0626183756507	
200.0626183756507	0.979000000000326	WheelMovementIntervals													-0.3493727514275822
202.12557505635107	2.571008037488866	trials	-1.0	1.0	1.5		0.0625	0.5	203.159464442938	203.15937748402558	204.19655348720102	202.61295624590815	202.61402279846683	202.84561837565164	
202.84561837565164	1.1840000000003954	WheelMovementIntervals													0.5194868954935838
205.17428221561906	2.425699558030857	trials	-1.0	1.0	1.5		0.125	0.5	206.05278822631084	206.05268133132836	207.09994286034657	205.6501646354027	205.65129784749632	205.62261837565256	
205.62261837565256	5.171000000001726	WheelMovementIntervals													-1.3929611045896184
208.00497936593592	8.395420181679015	trials	-1.0	1.0	1.5		0.0625	0.5	214.83958148113635	214.83949335313642	215.90036799006293	211.61325999107783	211.61422655433415	214.60661837565556	
214.60661837565556	0.9360000000003197	WheelMovementIntervals													0.4191934360008247
216.870697510105	2.5795157136452076	trials	1.0	1.0	1.5	0.125		0.5	217.90368699297056	217.90360260097876	218.9501750316571	217.62944966631557	217.63048288910682	217.8036183756566	
217.8036183756566	1.2970000000004518	WheelMovementIntervals													-1.2511454564816624
219.8491121898014	2.5009944078756803	trials	1.0	1.0	1.5	0.25		0.5	220.7865118995937	220.78640896973403	221.85003144945196	220.413018525445	220.41411840777116	220.60961837565756	
220.60961837565756	0.49900000000016576	WheelMovementIntervals													-0.8423614957274701
221.3616183756578	0.0700000000000216	WheelMovementIntervals													-0.008606258130669175
221.76361837565796	0.3910000000001048	WheelMovementIntervals													-0.1962558189310002
222.74620223689715	2.7167016466874827	trials	-1.0	1.0	1.5		0.0625	0.5	223.9066114207595	223.9065016588993	224.96286508131163	223.44646065121665	223.44739388470552	223.63961837565856	
223.63961837565856	1.021000000000356	WheelMovementIntervals													0.48288180387753243
224.88961837565898	0.20400000000006457	WheelMovementIntervals													0.01888589213191949
225.34061837565915	0.14100000000004798	WheelMovementIntervals													-0.012759114723390752
225.8764006776031	2.5397186139050234	trials	-1.0	1.0	1.5		1.0	0.5	226.85929551997734	226.85920671978434	227.9160824568088	226.48323575373425	226.48436896582785	226.62061837565957	
226.62061837565957	0.639000000000209	WheelMovementIntervals													0.338987977906843
227.52961837565988	0.43900000000013506	WheelMovementIntervals													-0.12657578123964086
228.82271879123618	2.460589803457083	trials	-1.0	1.0	1.5		1.0	0.5	229.7322214856651	229.73211428358474	230.78330903226103	229.32969788405933	229.33066444731566	229.52161837566052	
229.52161837566052	0.5240000000001999	WheelMovementIntervals													0.4110968167891791
230.3126183756608	0.6190000000001987	WheelMovementIntervals													-0.20230226901268722
231.76300421695916	2.582813772377307	trials	-1.0	1.0	1.5		0.125	0.5	232.79432721145173	232.79420891715512	233.84578138548972	232.29648047491244	232.29731371909892	232.6376183756616	
232.6376183756616	1.531000000000489	WheelMovementIntervals													0.4284743408743701
234.75131783759096	2.9649076120767006	trials	1.0	1.0	1.5	0.0625		0.5	236.15753405646552	236.15742049910932	237.2161208007398	235.33298893929035	235.3339221727792	235.4326183756625	
235.4326183756625	2.4760000000008233	WheelMovementIntervals													-1.4889133711853475
238.1189242119094	2.6772053936483076	trials	-1.0	1.0	1.5		0.0625	0.5	239.24203738598482	239.24192521596737	240.29609128188463	238.7958517890074	238.79688501179865	238.90561837566366	
238.90561837566366	1.106000000000364	WheelMovementIntervals													0.4224545541635827
241.2087269744547	3.5747089847327516	trials	-1.0	-1.0	0.0	0.0625		0.5	242.22951776243013	242.22842868162644	244.28336469280603	241.89968638365306	241.90051962783954	241.81061837566463	
241.81061837566463	0.8790000000003033	WheelMovementIntervals													0.5165479619006597
244.84861837566567	0.6700000000002149	WheelMovementIntervals													0.11962367282623276
245.1966336509578	3.065896836956483	trials	1.0	1.0	1.5	0.0625		0.5	246.71013839128383	246.71003110236032	247.76249246904322	246.07950586118676	246.0804390946756	246.30261837566613	
246.30261837566613	1.0980000000003827	WheelMovementIntervals													-1.6728165309712715
247.79361837566663	1.860000000000639	WheelMovementIntervals													-0.47192234900758123
248.6786277871965	3.5210115067911545	trials	1.0	1.0	1.5	1.0		0.5	250.64935027752895	250.6492331078645	251.69957125017095	250.3160526029361	250.3170524959599	250.4376183756675	
250.4376183756675	1.8130000000006135	WheelMovementIntervals													-1.7985395570926208
252.6292384539127	3.099914255547276	trials	1.0	1.0	1.5	0.0625		0.5	254.15354203889552	254.15344447987906	255.22902697527164	253.3126653356653	253.3136985584565	254.00061837566872	
254.00061837566872	0.7110000000002117	WheelMovementIntervals													-0.5908137735829904
255.04561837566905	0.5710000000001969	WheelMovementIntervals													-0.2075772125642139
256.2347527083555	2.7814967747393666	trials	-1.0	1.0	1.5		0.0625	0.5	257.44725631875673	257.4471499948923	258.51617529094335	256.9160131552232	256.9169797184795	257.1946183756698	
257.1946183756698	1.4650000000004866	WheelMovementIntervals													0.3680035277307674
259.4169455862979	2.682205707462458	trials	-1.0	1.0	1.5		1.0	0.5	260.52216067524773	260.5220467018051	261.5990787916246	260.16216585692	260.1632657392462	260.2816183756708	
260.2816183756708	1.630000000000507	WheelMovementIntervals													0.4054511956552176
262.5034487018648	2.7460271939776817	trials	-1.0	1.0	1.5		0.125	0.5	263.68465566062173	263.6845591080832	264.74940841187595	263.24600259109013	263.24690249481154	263.4526183756719	
263.4526183756719	1.4920000000004734	WheelMovementIntervals													0.6380777362388592
265.66987659979895	3.4294925374725835	trials	-1.0	1.0	1.5		1.0	0.5	267.5263779770484	267.5262709364023	268.59932985109765	267.19591333268966	267.1968465661785	267.3376183756732	
265.81861837567266	0.8460000000002879	WheelMovementIntervals													-0.4567081887920992
267.3376183756732	1.8450000000005957	WheelMovementIntervals													0.32024053076390757
269.5183648590199	4.063921023225419	trials	-1.0	-1.0	0.0	0.0		0.5	271.0292032179492	271.0282715553579	273.0822169041386	270.02891023696117	270.02981014068257	270.6226183756743	
270.6226183756743	0.8990000000002851	WheelMovementIntervals													0.33653654136137945
274.0057847604353	4.172609510792654	trials	-1.0	1.0	1.5		0.0625	0.5	276.6270709818055	276.6269894786638	277.6783585070062	276.07889629640266	276.07972954058914	276.3186183756762	
274.1126183756754	0.8970000000002756	WheelMovementIntervals													-0.21780742488686755
275.5236183756759	0.08600000000006958	WheelMovementIntervals													-0.015057059367041603
276.3186183756762	0.8530000000002929	WheelMovementIntervals													0.3325965561056492
278.6018930335354	2.710400483965202	trials	-1.0	1.0	1.5		0.125	0.5	279.764202014143	279.7640923834711	280.8122565519001	279.28225357668174	279.2833534590079	279.51461837567723	
279.51461837567723	0.3430000000001314	WheelMovementIntervals													0.38120694329534643
280.2736183756775	0.9560000000003583	WheelMovementIntervals													-0.30960622721984876
281.7338912816842	2.648608159867422	trials	1.0	1.0	1.5	0.125		0.5	282.8376065310983	282.83749343165897	283.8824280814119	282.26583437033435	282.2666676145208	282.7006183756783	
282.7006183756783	1.2280000000004065	WheelMovementIntervals													-0.6314204397234917
284.7937972428185	2.405401509349417	trials	1.0	1.0	1.5	0.125		0.5	285.6505055855919	285.65039671197553	286.6990933996284	285.3453382347347	285.34627146822356	285.52761837567925	
285.52761837567925	1.8500000000005912	WheelMovementIntervals													-1.266212053679613
287.61419549499044	2.4348979232202623	trials	1.0	1.0	1.5	0.125		0.5	288.49660108847496	288.4964936553924	289.5490551555367	288.1781351604015	288.17923504272767	288.3766183756802	
288.3766183756802	0.9310000000002674	WheelMovementIntervals													-1.7643343115820826
289.5726183756806	0.6700000000002433	WheelMovementIntervals													-0.2039774348396044
290.47398953229924	2.7912211532851643	trials	-1.0	1.0	1.5		1.0	0.5	291.7022914524762	291.70219796023275	292.7651444069852	291.3947243583619	291.3958575704555	291.55361837568125	
291.55361837568125	0.9690000000003351	WheelMovementIntervals													0.43566432978337133
292.7016183756816	0.23100000000010823	WheelMovementIntervals													-0.03940300970050359
293.69461163212225	4.284196002906526	trials	1.0	1.0	1.5	0.25		0.5	296.4147206140092	296.4146078246234	297.47877344014677	295.9784006281997	295.9795005105259	296.2286183756828	
294.14861837568213	0.8050000000002342	WheelMovementIntervals													-0.6209393732257134
296.2286183756828	1.6630000000005793	WheelMovementIntervals													-1.6707058063626832
298.4300050034347	2.635608322305245	trials	1.0	1.0	1.5	0.0625		0.5	299.50522330167115	299.5051071744788	300.5655098640858	298.9152197581069	298.91608633206084	299.1856183756838	
299.1856183756838	1.9600000000006617	WheelMovementIntervals													-1.3168931966594677
301.4879111785215	2.5241172082037338	trials	-1.0	1.0	1.5		0.125	0.5	302.4428090162299	302.44271693137654	303.51196129678874	301.9451289285279	301.94606216201674	302.1306183756848	
302.1306183756848	1.6430000000005407	WheelMovementIntervals													0.3464714151773549
304.43742894983063	2.6948029467067727	trials	1.0	1.0	1.5	0.25		0.5	305.57164093647003	305.5715289274023	306.6321608072569	305.0490968422434	305.05003007573225	305.33061837568584	
305.33061837568584	1.0710000000003674	WheelMovementIntervals													-1.832394410044671
307.5536288882037	2.3077098459580156	trials	1.0	1.0	1.5	0.125		0.5	308.3008156151059	308.3007311045267	309.3613354858928	308.02867806380084	308.02964462705717	308.1756183756868	
308.1756183756868	1.846000000000629	WheelMovementIntervals													-1.706945191277363
310.282036982188	2.833308438389622	trials	1.0	1.0	1.5	0.0625		0.5	311.5507345805256	311.550639864952	312.6152540234076	310.81521327223413	310.81627982479284	311.4436183756879	
311.4436183756879	1.6570000000005507	WheelMovementIntervals													-1.7355414340693258
313.63794460812824	2.594210351771949	trials	-1.0	1.0	1.5		0.25	0.5	314.66873432634145	314.66864792636306	315.73205389759494	314.3283374112798	314.3292373150012	314.4866183756889	
314.4866183756889	1.4880000000005111	WheelMovementIntervals													0.3466681104706524
316.6625543455232	2.6862014131233423	trials	-1.0	1.0	1.5		0.125	0.5	317.7767351419195	317.7766541021166	318.8487204527124	317.14456944251936	317.1455360057756	317.33361837568987	
317.33361837568987	1.6210000000005493	WheelMovementIntervals													0.4355694880675216
319.2936183756905	2.1340000000006967	WheelMovementIntervals													-1.1355831335975495
319.78455366343417	4.08071546472695	trials	1.0	1.0	1.5	0.125		0.5	322.2992512884696	322.2991619606346	323.36517058158483	321.99515049017106	321.99615038319484	322.1946183756915	
322.1946183756915	1.3530000000004065	WheelMovementIntervals													-2.5435042674683217
324.3181686225481	2.4639940025758733	trials	1.0	1.0	1.5	0.25		0.5	325.2250715951152	325.22496567934263	326.2820585105514	325.0282926480356	325.0294258601292	324.8766183756924	
324.8766183756924	3.8580000000013115	WheelMovementIntervals													-2.2344644779512137
327.2099592366178	3.9181012272683233	trials	1.0	1.0	1.5	0.25		0.5	329.5708733145961	329.57075816848226	330.6280268788696	329.3441975661055	329.345030810292	329.4736183756939	
329.4736183756939	1.313000000000443	WheelMovementIntervals													-1.9137302915663383
331.5903572547215	2.541214901517435	trials	1.0	1.0	1.5	1.0		0.5	332.5665528138364	332.5664614420953	333.63153887346283	332.3321112295278	332.3330111332492	332.3616183756949	
332.3616183756949	1.3220000000004575	WheelMovementIntervals													-2.1707588829361484
334.58587010512446	3.595404363818375	trials	1.0	-1.0	0.0		0.0625	0.5	335.62832524194846	335.6274705002271	337.68117227930054	335.1782400621783	335.179306614737	335.4196183756959	
335.4196183756959	1.4810000000005061	WheelMovementIntervals													-1.1507076392189788
338.6218716360713	2.393400868607671	trials	1.0	1.0	1.5	0.25		0.5	339.473880481633	339.4737708774305	340.5151690765959	339.12811747401037	339.129250686104	339.3596183756972	
339.3596183756972	2.0120000000006826	WheelMovementIntervals													-1.3234302878313287
341.44946911801446	2.661923694037398	trials	1.0	1.0	1.5	0.0625		0.5	342.56748283766865	342.5673778087385	343.61130449495846	342.0109090508661	342.0118756141224	342.21861837569816	
342.21861837569816	1.592000000000553	WheelMovementIntervals													-1.1469090167944884
344.64449395642873	5.036813793817316	trials	1.0	1.0	1.5	0.0		0.5	348.1387867768599	348.13870213819894	349.1812419136839	345.34795202842434	345.34885193214575	345.8786183756994	
345.8786183756994	4.026000000001375	WheelMovementIntervals													-0.6185404345165395
350.13250680673923	2.6657046222586587	trials	-1.0	1.0	1.5		0.125	0.5	351.2443878491809	351.24430748334396	352.298175106941	350.7609729019515	350.7617728163705	350.9476183757011	
350.9476183757011	2.1690000000007217	WheelMovementIntervals													0.34053933604642594
353.2305086920795	4.484506948868898	trials	-1.0	1.0	1.5		0.0	0.5	356.1459967708128	356.14591125926086	357.21491574299944	353.92760077849044	353.9287673203515	354.9456183757024	
354.9456183757024	4.133000000001402	WheelMovementIntervals													-0.7349441596168944
358.1748130458268	3.9232015304817196	trials	1.0	1.0	1.5	0.25		0.5	360.5451927777635	360.545112157981	361.5979134829649	360.0279147867954	360.0289813393541	360.2736183757042	
360.2736183757042	1.634000000000583	WheelMovementIntervals													-2.2158188583591425
362.55201140625434	8.262100005873776	trials	1.0	1.0	1.5	0.0		0.5	369.2519279311518	369.25180897829534	370.31408096054423	363.07752184978483	363.078621732111	363.69761837570536	
363.69761837570536	0.5930000000001883	WheelMovementIntervals													0.16429770617867234
369.05661837570716	1.403000000000418	WheelMovementIntervals													-0.7521190312996495
371.30540823408563	2.6890293327146537	trials	-1.0	1.0	1.5		0.25	0.5	372.4292213332777	372.4291196560821	373.4943740417415	371.8776136818266	371.878513585548	372.2456183757082	
372.2456183757082	0.6770000000002483	WheelMovementIntervals													0.4611700230989868
373.31361837570853	1.4360000000004902	WheelMovementIntervals													-0.2278139457551447
374.43524004734957	2.842186279261057	trials	1.0	1.0	1.5	1.0		0.5	375.7239355061627	375.72383291986733	376.7773894662482	375.4479317018324	375.4487982757863	375.62561837570934	
375.2246183757092	0.05200000000002092	WheelMovementIntervals													0.004047200642325777
375.62561837570934	1.0480000000003429	WheelMovementIntervals													-1.113757719381752
377.0966183757098	0.11000000000007049	WheelMovementIntervals													-0.0109329957699984
377.7207218746483	2.6604044805178546	trials	-1.0	1.0	1.5		0.25	0.5	378.81883772312926	378.8187224856868	379.8811240715915	378.44767743270273	378.4487439852614	378.6366183757103	
378.6366183757103	0.8200000000002774	WheelMovementIntervals													0.40024290158752507
380.0496183757108	0.36700000000013233	WheelMovementIntervals													-0.06259305957526351
380.82022359952424	2.543913875304213	trials	-1.0	1.0	1.5		0.25	0.5	381.8011519856184	381.80102779249006	382.86410492942986	381.3436675974723	381.34470082026354	381.4876183757113	
381.4876183757113	2.2860000000007403	WheelMovementIntervals													-0.5255503727607831
383.81613640713675	2.3320228135491448	trials	1.0	1.0	1.5	0.25		0.5	384.5934532438221	384.5933433437905	385.64810707553625	384.29435191064255	384.29535180366634	384.37561837571224	
384.37561837571224	0.9930000000003361	WheelMovementIntervals													-2.1431349279343053
386.69186207329113	2.502090389560692	trials	1.0	1.0	1.5	0.125		0.5	387.6346612054118	387.63455732214334	388.69394787480275	387.41085181692273	387.41198502901636	387.4586183757133	
387.4586183757133	3.344000000001131	WheelMovementIntervals													-2.7661842057818973
389.63454724227114	10.17962476562775	trials	1.0	-1.0	0.0		0.0625	0.5	397.27283004021723	397.27186357204636	399.31407831849356	391.4810830190503	391.48191626323677	396.93561837571644	
396.93561837571644	0.7040000000002351	WheelMovementIntervals													-0.49800257880743004
400.32557010134786	2.6681043367736947	trials	1.0	1.0	1.5	0.0		0.5	401.4319850619262	401.43187065562654	402.4936381448067	400.8603795499995	400.86147943232567	401.3166183757179	
401.3166183757179	0.9680000000003588	WheelMovementIntervals													-0.9060248841264666
402.56661837571835	0.665000000000191	WheelMovementIntervals													-0.35572920796453644
403.42667165506185	2.267012234971844	trials	1.0	1.0	1.5	1.0		0.5	404.14056194427224	404.1404745628317	405.1935826173808	403.8972546418195	403.89808788600595	403.90461837571877	
403.90461837571877	2.452000000000794	WheelMovementIntervals													-3.528952815347502
406.12788265879936	2.732797370272749	trials	1.0	1.0	1.5	0.125		0.5	407.30269030220416	407.30258023885153	408.3606104511292	406.93099673549824	406.93206328805695	407.15261837571984	
407.15261837571984	1.0040000000003602	WheelMovementIntervals													-0.6353096436668437
409.30467611441344	2.492819218507236	trials	-1.0	1.0	1.5		0.125	0.5	410.238976155832	410.23888219244265	411.297396251269	409.78089183187166	409.78202504396523	409.9616183757208	
409.9616183757208	1.8210000000006517	WheelMovementIntervals													0.42669265405598367
412.2416952229254	2.4054992525287844	trials	1.0	1.0	1.5	0.125		0.5	413.09547054616235	413.09539389296816	414.14715802857256	412.77710460739127	412.77800451111267	412.9826183757218	
412.9826183757218	1.5180000000004839	WheelMovementIntervals													-1.356514390793862
414.7816183757224	0.1470000000000482	WheelMovementIntervals													-0.006297262135731785
415.08719078999417	2.473091991892261	trials	-1.0	1.0	1.5		0.25	0.5	416.00669241466085	416.00658669762345	417.0602796938162	415.54360862558156	415.54460851860534	415.7046183757227	
415.7046183757227	1.9190000000006648	WheelMovementIntervals													0.37109777732700877
418.0129777668723	2.5477128064237604	trials	-1.0	1.0	1.5		0.25	0.5	419.0113042915802	419.0111820008731	420.06065869026827	418.63121162347454	418.6322448462658	418.77561837572375	
418.77561837572375	3.776000000001261	WheelMovementIntervals													-0.8738104070755526
421.00979047820624	4.6874049255008	trials	-1.0	1.0	1.5		0.25	0.5	424.1403888761217	424.1402917641593	425.19710915341824	423.1802249351547	423.181191498411	423.50461837572533	
423.50461837572533	3.284000000001072	WheelMovementIntervals													-1.3812886800300248
426.2860926456154	5.507826734683135	trials	-1.0	1.0	1.5		0.0	0.5	430.234703526284	430.2346103777155	431.29382354683764	427.3763759987434	427.3774758810696	429.9186183757275	
429.9186183757275	1.3630000000004543	WheelMovementIntervals													-0.734139072552324
432.26631950176454	4.810403096384675	trials	1.0	-1.0	0.0		0.0	0.5	434.51671207084786	434.51572001444674	436.5766250189013	432.83029249694306	432.8310590815947	434.11061837572885	
434.11061837572885	0.805000000000291	WheelMovementIntervals													-0.6046556797050897
435.0646183757292	0.17600000000004457	WheelMovementIntervals													-0.015067631651248803
437.5516207063877	2.3750995556331986	trials	-1.0	1.0	1.5		1.0	0.5	438.36213399146254	438.36201987235415	439.42668676411205	438.09702902109143	438.09799558434776	438.22961837573024	
438.22961837573024	2.460000000000832	WheelMovementIntervals													-1.1028566784344491
440.3829177925188	2.9304056070948263	trials	-1.0	1.0	1.5		0.25	0.5	441.74913829044226	441.7490194740807	442.81329110588223	441.33024977301403	441.3312829958053	441.4536183757313	
441.4536183757313	1.9460000000006517	WheelMovementIntervals													-1.0501789662106518
443.7711219631271	2.522015457339762	trials	-1.0	1.0	1.5		1.0	0.5	444.74851739387054	444.74842717797554	445.793038976277	444.44345003231575	444.44458324440933	444.57561837573235	
444.57561837573235	1.404000000000451	WheelMovementIntervals													0.32911706751517045
446.73873779816665	3.787813372004848	trials	1.0	1.0	1.5	0.0		0.5	448.97973137282645	448.9796445259538	450.0265193794201	447.38026916222293	447.3812023957118	448.23161837573355	
448.23161837573355	4.016000000001384	WheelMovementIntervals													-1.222444216116287
450.9815505361984	3.565504342992824	trials	1.0	1.0	1.5	1.0		0.5	452.9964349684144	452.99635129509886	454.0469559089635	452.6801354752258	452.68113536824956	452.8486183757351	
452.8486183757351	1.2460000000004356	WheelMovementIntervals													-1.7899838029515678
455.0176520564477	2.575711290424522	trials	-1.0	1.0	1.5		1.0	0.2	456.0420424593087	456.041955751045	457.09326332497443	455.72660954007404	455.7274427842605	455.83861837573613	
455.83861837573613	1.1650000000003615	WheelMovementIntervals													0.4030568077948118
458.03166292779053	2.8281866189127527	trials	-1.0	1.0	1.5		0.0625	0.2	459.3104594456683	459.310355973621	460.3598138443563	458.51314474850733	458.5140779819962	459.0636183757372	
459.0636183757372	1.5720000000005143	WheelMovementIntervals													0.3420268114356446
461.31414507601795	2.8659136146197284	trials	-1.0	1.0	1.5		0.0625	0.2	462.63087086926436	462.63074995238964	463.68002528934767	461.8631530056073	461.8640195795612	462.33061837573825	
462.33061837573825	1.822000000000628	WheelMovementIntervals													-0.6081360449553017
464.6266573447262	2.4661088030711085	trials	-1.0	1.0	1.5		0.0625	0.2	465.54255935450726	465.54245987108254	466.5927469973818	465.2598895966851	465.26098947901124	465.4416183757393	
465.4416183757393	1.860000000000639	WheelMovementIntervals													-0.8117380145567097
467.6639657235231	2.649304455959168	trials	1.0	1.0	1.5	0.125		0.2	468.7599817966542	468.7598663257893	469.813235778135	468.1632123102957	468.1642788628544	468.65461837574037	
468.65461837574037	1.8210000000006517	WheelMovementIntervals													-1.9562461290127402
470.76366742700384	2.6290042863189456	trials	-1.0	1.0	1.5		0.25	0.2	471.8420853829164	471.84196836475047	472.89263965323295	471.34273880684145	471.34357205102793	471.50661837574137	
471.50661837574137	3.7120000000012396	WheelMovementIntervals													0.44050625253721876
473.8541701146658	3.7053219456807938	trials	1.0	1.0	1.5	1.0		0.2	476.0114726432353	476.011381144701	477.0593938619226	475.7301027463441	475.7311692989027	475.8906183757428	
475.8906183757428	1.5040000000005307	WheelMovementIntervals													-1.733088398427256
478.0170914000976	2.579282661310856	trials	-1.0	1.0	1.5		0.125	0.2	479.04578134296094	479.04568328923364	480.0962689537426	478.66318894229585	478.6641555055521	478.8816183757438	
478.8816183757438	0.9140000000003283	WheelMovementIntervals													0.33746853140451094
481.04426752958693	3.784913111280048	trials	-1.0	1.0	1.5		1.0	0.2	483.2859943591308	483.28587351796904	484.329116091304	482.85957331425675	482.8604398882107	483.0316183757452	
481.2236183757446	1.111000000000388	WheelMovementIntervals													-0.8835060642623489
483.0316183757452	4.801000000001579	WheelMovementIntervals													-1.4428637896712786
485.299878898323	4.913222721933039	trials	-1.0	1.0	1.5		1.0	0.2	488.65448666333236	488.6543923635155	489.7130067480717	488.3430533161928	488.34401987944915	488.475618375747	
488.475618375747	2.1410000000007585	WheelMovementIntervals													0.3722305882586596
490.7052005955671	4.307994011481128	trials	-1.0	1.0	1.5		0.0	0.2	493.4495069886294	493.4493948698762	494.5131598575575	491.459553222473	491.4606531047992	493.1506183757486	
493.1506183757486	0.8310000000002447	WheelMovementIntervals													0.38548088668459
494.364618375749	0.05500000000000682	WheelMovementIntervals													-0.006884630856220042
495.47159065061663	2.774620186912216	trials	-1.0	1.0	1.5		0.125	0.2	496.6803946568299	496.68029813774933	497.74618063087536	496.1926135100633	496.19361340308706	496.43761837574965	
496.43761837574965	2.1120000000007053	WheelMovementIntervals													0.35676108888328883
498.71121071789145	2.451692267691044	trials	-1.0	1.0	1.5		1.0	0.2	499.5888168248618	499.5887068766427	500.6628352514697	499.25938540329423	499.2602186474807	499.3966183757507	
499.3966183757507	0.930000000000291	WheelMovementIntervals													-0.4722902638816606
501.6348979194197	2.378228023818849	trials	-1.0	1.0	1.5		1.0	0.2	502.44161161100413	502.4415067457567	503.5130636455177	502.159308480624	502.16017505457796	502.3036183757516	
502.3036183757516	0.9560000000003015	WheelMovementIntervals													0.38303197119920185
504.46142884880413	4.234799416347357	trials	-1.0	1.0	1.5		0.0625	0.2	507.1298100315943	507.1297265907864	508.196195941454	506.4089538209849	506.4101870223809	506.6426183757531	
504.74661837575246	1.118000000000336	WheelMovementIntervals													0.19758885747359045
506.6426183757531	4.729000000001577	WheelMovementIntervals													-0.9748548313544063
509.17212486242926	4.924508373195124	trials	-1.0	1.0	1.5		1.0	0.2	512.5451306590761	512.5450285426483	513.5966181628816	512.1259421737407	512.1270753858342	512.2856183757549	
512.2856183757549	1.1380000000003747	WheelMovementIntervals													0.455509922577761
514.7236309197497	2.5022173114161887	trials	1.0	1.0	1.5	0.0625		0.2	515.673729270944	515.6736363532998	516.7257500510287	515.2254438986166	515.2263771321055	515.516618375756	
515.516618375756	1.634000000000583	WheelMovementIntervals													-1.3512874308142813
517.6811478352491	2.478091276834789	trials	1.0	1.0	1.5	0.0625		0.2	518.6156478552724	518.6155434148818	519.6592028744226	518.2122910094802	518.2133242322715	518.471618375757	
518.471618375757	1.4970000000005257	WheelMovementIntervals													-1.9899450699878685
520.6149339563175	2.727423841225118	trials	-1.0	1.0	1.5		0.125	0.2	521.7971408080982	521.7970429892372	522.8422289965515	521.1627086845108	521.1636419179997	521.379618375758	
521.379618375758	1.7940000000005512	WheelMovementIntervals													0.3616681512212949
523.8136583989198	9.18249814574824	trials	1.0	-1.0	0.0		0.0625	0.2	530.4418492642449	530.4408548955071	532.4960628220628	524.2622770689217	524.263243632178	524.452618375759	
524.452618375759	1.0370000000003756	WheelMovementIntervals													0.2008418081104395
529.7066183757607	1.0160000000004175	WheelMovementIntervals													-0.41246525862067074
531.4126183757613	1.1030000000004065	WheelMovementIntervals													-0.43763037019891726
533.5200532677143	2.2720099874866264	trials	-1.0	1.0	1.5		1.0	0.2	534.2289774215733	534.2288554476104	535.2919970249196	533.9755045400454	533.9764711033017	534.1296183757622	
534.1296183757622	1.261000000000422	WheelMovementIntervals													0.419058813540218
536.2457616505344	2.7131958954640822	trials	-1.0	1.0	1.5		0.125	0.2	537.3990715939279	537.3989586308743	538.4589248693657	536.9122236806502	536.9131235843716	537.2376183757633	
537.2376183757633	2.460000000000832	WheelMovementIntervals													-0.9066562780937915
539.4395532875527	3.302829169870847	trials	-1.0	1.0	1.5		0.0625	0.2	541.1796671168344	541.1795670745014	542.2423200927386	540.1456444111776	540.1467442935037	540.4226183757644	
540.4226183757644	2.3570000000007667	WheelMovementIntervals													-0.5102968936044618
543.2105831671983	2.8515835665119766	trials	-1.0	1.0	1.5		0.25	0.2	544.5055779520612	544.5054747966319	545.5621315805205	544.212242668652	544.2130759128386	544.3656183757657	
544.3656183757657	1.884000000000583	WheelMovementIntervals													-0.3975482764133176
546.5265617317223	3.6358276205855873	trials	-1.0	1.0	1.5		0.0625	0.2	548.596873567223	548.5967757505061	549.662326243594	547.0751697041021	547.0759696185211	548.0416183757669	
548.0416183757669	1.2170000000004393	WheelMovementIntervals													0.30207619806557773
550.6287895106108	2.4338939693813018	trials	1.0	1.0	1.5	0.25		0.2	551.4960967194362	551.495986649299	552.5626159483658	551.2422238806988	551.2432571034901	551.403618375768	
551.403618375768	1.438000000000443	WheelMovementIntervals													-0.867006584289669
553.5220799642161	2.4733193690518647	trials	-1.0	1.0	1.5		0.25	0.2	554.4284829902713	554.428385962378	555.495302187108	554.0921856366072	554.0932188593983	554.243618375769	
554.243618375769	1.3560000000004493	WheelMovementIntervals													0.3670061146968351
556.4561993829591	2.569008827289963	trials	-1.0	1.0	1.5		0.25	0.2	557.4655913904635	557.4655020652394	558.525144697994	556.9920087246345	556.9928752985885	557.2176183757699	
557.2176183757699	1.7230000000006385	WheelMovementIntervals													-0.6972001103149381
559.4963074622226	9.865690854115428	trials	1.0	-1.0	0.0		0.0625	0.2	566.7973930027832	566.7964992147419	568.8619387885135	560.0787784783411	560.0798117011323	560.309618375771	
560.309618375771	1.1160000000003265	WheelMovementIntervals													-0.27874042750742944
566.6656183757731	1.7810000000006312	WheelMovementIntervals													-0.6882762433708791
569.887595722538	2.7246230738646773	trials	-1.0	1.0	1.5		0.0625	0.2	571.045005227329	571.0449046738577	572.1121577218404	570.624750189435	570.6256834229238	570.7946183757745	
570.7946183757745	0.899000000000342	WheelMovementIntervals													0.49003828939694927
573.0837204432785	3.761412922576028	trials	1.0	1.0	1.5	0.125		0.2	575.2877179760584	575.2876268430904	576.3450381891693	573.5579697044566	573.5590029272478	575.0926183757759	
575.0926183757759	2.6870000000009213	WheelMovementIntervals													-1.6255976520418045
577.3303327748005	2.8480110048093366	trials	1.0	1.0	1.5	0.125		0.2	578.6391260833916	578.6390369126466	579.6782815732371	578.3583894520821	578.3592893558035	578.5276183757771	
578.5276183757771	1.3730000000003884	WheelMovementIntervals													-1.061635256446877
580.1766183757776	2.240000000000805	WheelMovementIntervals													-0.48347477863492827
580.6591432997964	8.048886222945839	trials	1.0	-1.0	0.0		0.0	0.2	586.1598547915088	586.1589325193643	588.2079690018817	582.5919365147602	582.5929364077839	586.0466183757796	
586.0466183757796	7.35000000000241	WheelMovementIntervals													-1.3849535640699315
589.2283265028802	7.0961184087836955	trials	-1.0	1.0	1.5		1.0	0.2	594.7688337369391	594.7687385335435	595.8243874723745	594.1451337984735	594.1460670319624	594.3206183757824	
594.3206183757824	2.873000000000957	WheelMovementIntervals													0.5039137898474593
596.8624430798939	3.332625253880451	trials	1.0	1.0	1.5	1.0		0.2	598.6399529082648	598.639855482049	599.6950066971884	598.2281636313054	598.2290302052594	598.4996183757837	
598.4996183757837	0.722000000000321	WheelMovementIntervals													-1.5914510532417552
599.4626183757841	0.31500000000005457	WheelMovementIntervals													-0.1191923188059576
600.0986183757843	0.5310000000001764	WheelMovementIntervals													-0.1505195297131081
600.6647696111837	2.809886570751246	trials	-1.0	1.0	1.5		0.25	0.2	601.91616906021	601.9160627402612	602.9745558258794	601.1911799584357	601.1923465002967	601.4436183757847	
601.4436183757847	1.9080000000006976	WheelMovementIntervals													0.4749217142980626
603.9489515775516	2.4588202953825657	trials	1.0	1.0	1.5	0.0625		0.2	604.8527548817449	604.852657934237	605.9077086813661	604.4282669633835	604.4293001861747	604.6616183757858	
604.6616183757858	2.9040000000010195	WheelMovementIntervals													-3.3750119368675655
606.8723721409401	3.319195771708678	trials	-1.0	1.0	1.5		0.125	0.2	608.6330837665116	608.6329688372756	609.6915038619486	607.978320484774	607.979253718263	608.4376183757871	
608.4376183757871	1.7600000000005593	WheelMovementIntervals													-0.4013280933249348
610.6778650001386	2.7506227326208545	trials	-1.0	1.0	1.5		1.0	0.2	611.8807696375115	611.8806736289362	612.9283908882918	611.3614252009611	611.3625250832872	611.5116183757881	
611.5116183757881	1.9700000000007094	WheelMovementIntervals													0.33595339733339813
613.8896880413523	2.5386839407575508	trials	-1.0	1.0	1.5		1.0	0.2	614.8657836111649	614.8656807140594	615.9283032679994	614.4079325955768	614.4088324992981	614.5896183757891	
614.5896183757891	1.955000000000723	WheelMovementIntervals													0.29414851445046963
616.9053654010683	2.456019979077155	trials	1.0	1.0	1.5	1.0		0.2	617.7987698178143	617.7986715767161	618.8613561341837	617.407811645517	617.4087782087732	617.6416183757901	
617.6416183757901	1.5130000000004884	WheelMovementIntervals													-0.6347518982641134
619.8318856328306	2.6927119331088534	trials	-1.0	1.0	1.5		0.125	0.2	620.9701971808674	620.9700894088372	622.0245177149069	620.5077133276023	620.5087798801611	620.7036183757912	
620.7036183757912	1.4310000000004948	WheelMovementIntervals													-0.807737284246457
622.4296183757917	0.7250000000002501	WheelMovementIntervals													-0.3321254290701461
623.1559966606146	2.651800525752833	trials	-1.0	1.0	1.5		1.0	0.2	624.2576787942137	624.2575960481893	625.3076997882509	623.8942176800703	623.8950509242567	624.0526183757922	
624.0526183757922	2.550000000000864	WheelMovementIntervals													-0.7104952275361711
626.287894919461	3.652794015300742	trials	-1.0	1.0	1.5		0.0625	0.2	628.379704454973	628.3795903471913	629.4406576127368	627.4447044884378	627.445671051694	627.7386183757935	
627.7386183757935	2.2960000000007312	WheelMovementIntervals													-0.36797497909080334
630.4226858811571	2.401724020035317	trials	1.0	1.0	1.5	0.25		0.2	631.2563966843836	631.2562931769392	632.3243490933139	630.9112669423428	630.912300165134	631.1266183757947	
631.1266183757947	0.7250000000002501	WheelMovementIntervals													-1.9200327276490867
633.3027110873137	2.871810284974117	trials	-1.0	1.0	1.5		0.125	0.2	634.6082047489264	634.6081143987543	635.6744240099488	633.9773722402246	633.9782388141784	634.2016183757956	
634.2016183757956	4.058000000001357	WheelMovementIntervals													-0.9204837441118912
636.6505195797613	4.473604598788484	trials	-1.0	1.0	1.5		1.0	0.2	639.5682074231469	639.5681206224612	640.6240277967221	639.0612949898587	639.0621948935801	639.2526183757974	
639.2526183757974	2.4410000000008267	WheelMovementIntervals													-0.8336381873881464
641.6189213553816	7.338596667463889	trials	-1.0	1.0	1.5		0.0625	0.2	647.4054356030575	647.4053163622532	648.4574230533748	642.4775961544351	642.4784627283891	647.1546183758	
647.1546183758	1.246000000000322	WheelMovementIntervals													0.3341119254916265
649.4713145794861	2.539912459820016	trials	1.0	1.0	1.5	0.25		0.2	650.4640417032609	650.4639182764058	651.5112296670641	650.0271884411721	650.028055015126	650.3466183758011	
650.3466183758011	0.6420000000001664	WheelMovementIntervals													-0.968884634938675
651.3796183758014	0.8370000000002165	WheelMovementIntervals													-0.12746132625771622
652.482125793153	5.2421200916132875	trials	1.0	-1.0	0.0		0.0	0.2	655.1729712392107	655.1720345634367	657.2241184584224	653.2238464381919	653.225012980053	654.3156183758024	
654.3156183758024	1.2810000000004038	WheelMovementIntervals													-1.1038950541179986
655.868618375803	0.2740000000000009	WheelMovementIntervals													-0.057114139486515114
658.2267445231325	8.047015102541991	trials	1.0	1.0	1.5	0.25		0.2	664.7225495521094	664.7224542925438	665.7737370880077	664.360988234711	664.361854808665	664.5086183758058	
658.2696183758037	5.60800000000188	WheelMovementIntervals													-2.057482946765745
664.5086183758058	0.9500000000003865	WheelMovementIntervals													-0.9896644138834603
666.8295574615828	2.480787713521181	trials	-1.0	1.0	1.5		1.0	0.8	667.7665572141656	667.7664520661494	668.810278882153	667.477254832619	667.4781547363405	667.6356183758069	
667.6356183758069	4.374000000001388	WheelMovementIntervals													-0.9002740445072845
669.7931403947598	5.517820982681201	trials	-1.0	1.0	1.5		0.125	0.8	673.7657487079991	673.7656540611982	674.8108702262199	672.7570566256114	672.7580898484026	673.5396183758088	
673.5396183758088	2.216000000000804	WheelMovementIntervals													-1.0578253271586675
675.830261163962	2.5807058292695046	trials	1.0	1.0	1.5	0.25		0.8	676.8454525510043	676.8453626701767	677.9109052273751	676.3900679382081	676.3910345014644	676.6746183758098	
676.6746183758098	2.9840000000010605	WheelMovementIntervals													-2.4496315120934327
678.9032657237078	3.2901972861576496	trials	1.0	1.0	1.5	0.125		0.8	680.6260814036781	680.6259632556113	681.6933672172593	680.3234471151478	680.3243470188693	680.5156183758112	
680.5156183758112	1.3750000000004547	WheelMovementIntervals													-2.5156985181262854
682.6927602945258	2.468016605689627	trials	1.0	1.0	1.5	0.0625		0.8	683.5878645294123	683.5877655911553	684.6607497439267	683.2403683738819	683.2413016073707	683.4916183758121	
683.4916183758121	1.9430000000006658	WheelMovementIntervals													-1.715964195554676
685.6450777663016	2.7287925550774617	trials	1.0	1.0	1.5	0.25		0.8	686.8058869073735	686.8057737488898	687.8737726567689	686.4070295801882	686.4079294839097	686.6566183758132	
686.6566183758132	1.0210000000002992	WheelMovementIntervals													-1.6066615842160417
688.8648666219381	2.7251214687071297	trials	-1.0	1.0	1.5		0.25	0.8	690.0298753137099	690.0297745167578	691.0899285677524	689.4934660362202	689.4945659185463	689.6326183758142	
689.6326183758142	1.3800000000004502	WheelMovementIntervals													-1.1827355108772082
692.0878884650182	2.3056045099157245	trials	-1.0	1.0	1.5		1.0	0.8	692.8358751063394	692.8357889548101	693.8934286278225	692.5940343136548	692.5948675578413	692.7266183758152	
692.7266183758152	1.164000000000442	WheelMovementIntervals													-0.9215392676264145
694.8748902901959	2.7690166286803333	trials	-1.0	1.0	1.5		0.125	0.8	696.0810945745474	696.0809966620409	697.1438808695215	695.5233209161163	695.5245207877448	695.6976183758162	
695.6976183758162	1.964000000000624	WheelMovementIntervals													-1.2054918169081077
698.027618375817	0.20000000000004547	WheelMovementIntervals													-0.01967744291853535
698.1408075439961	2.536482899208636	trials	1.0	1.0	1.5	1.0		0.8	699.1058043012447	699.105699897542	700.1772230059908	698.857064246696	698.8580974694872	698.8496183758173	
698.8496183758173	2.383000000000834	WheelMovementIntervals													-3.400738138298891
701.1691835451139	2.707623565564063	trials	1.0	1.0	1.5	0.25		0.8	702.3335923010713	702.3334928185545	703.3767806927794	701.9563659929672	701.9573992157585	702.1746183758183	
702.1746183758183	7.065000000002442	WheelMovementIntervals													-3.567865403045886
704.3589089505022	7.863801959719581	trials	1.0	1.0	1.5	0.25		0.8	710.6839989105525	710.6839081137857	711.7226544538861	710.2560780261429	710.2569779298642	710.5096183758212	
710.5096183758212	0.968000000000302	WheelMovementIntervals													-2.022844084274311
712.7815078363001	2.3118021907857838	trials	1.0	1.0	1.5	1.0		0.8	713.5520254004238	713.5519078998788	714.5933139953867	713.3100846184368	713.3109511923908	713.4536183758222	
713.4536183758222	1.2350000000003547	WheelMovementIntervals													-3.5873983191879972
715.5834080675321	2.5768068962606776	trials	1.0	1.0	1.5	0.25		0.8	716.6172307945841	716.6171096305404	717.66018587792	716.2898991483665	716.2909323711577	716.4966183758231	
716.4966183758231	1.3390000000005102	WheelMovementIntervals													-0.7623452496905827
718.2596183758237	3.0050000000010186	WheelMovementIntervals													-2.839064430759322
718.6556127128589	19.350428675901753	trials	1.0	-1.0	0.0		0.0	0.8	735.4480161327992	735.4471358611327	737.5059626245727	721.9399279982966	721.940827902018	735.1086183758293	
735.1086183758293	1.9120000000007167	WheelMovementIntervals													-1.2524113392831566
738.6495402758682	5.889615162415453	trials	-1.0	-1.0	0.0	0.0625		0.8	741.9802839273766	741.9793471521228	744.039096993104	741.7593075691216	741.7602741323778	741.6956183758316	
738.7636183758306	2.557000000000926	WheelMovementIntervals													0.7130672429396441
741.6956183758316	2.1780000000006794	WheelMovementIntervals													-1.8981799152531948
744.0876183758323	0.5990000000002738	WheelMovementIntervals													-0.13367383691681312
745.0684535313164	5.937410257012857	trials	1.0	1.0	1.5	0.0		0.8	749.4467851038376	749.4466588825876	750.5057718053213	745.7929426865788	745.7939092498351	749.022618375834	
749.022618375834	3.387000000001194	WheelMovementIntervals													-2.2808853689716386
751.5373614379536	10.185017835362146	trials	-1.0	1.0	1.5		0.0625	0.8	760.1742707285147	760.1741740182205	761.2222919365043	755.2096352166172	755.2104351310363	759.9186183758377	
752.7226183758353	0.4310000000001537	WheelMovementIntervals													-0.148209511410613
753.4876183758355	1.1440000000003465	WheelMovementIntervals													0.40515675220791536
759.9186183758377	1.6660000000005084	WheelMovementIntervals													0.9961564208935272
762.2955771082281	2.5604066694008907	trials	1.0	1.0	1.5	0.125		0.8	763.3160012687615	763.3158789689476	764.3559566730261	762.975904321607	762.9770375337007	763.1946183758388	
763.1946183758388	6.768000000002189	WheelMovementIntervals													-3.1995165187004773
765.3589826949458	12.667126495760385	trials	1.0	1.0	1.5	0.0		0.8	776.4751933975004	776.4751033138057	777.5260809654917	770.5259965548559	770.5269297883448	776.3206183758432	
776.3206183758432	2.013000000000602	WheelMovementIntervals													-2.4086839989971622
778.6016183758439	1.5660000000004857	WheelMovementIntervals													-0.30085191861365956
778.8341076894312	3.8383034687161626	trials	1.0	1.0	1.5	0.0625		0.8	781.1211296729522	781.121007968697	782.1723172088506	780.6720443862058	780.673144268532	780.8616183758446	
780.8616183758446	2.098000000000752	WheelMovementIntervals													-2.8618377025403277
783.1910082214761	2.664526012721808	trials	1.0	1.0	1.5	0.125		0.8	784.3019227006614	784.3018182321015	785.3554766500492	783.9424944883805	783.9434277218693	784.1586183758458	
784.1586183758458	1.1650000000004184	WheelMovementIntervals													-1.6409749569980079
786.3519367077795	2.5737069461148394	trials	1.0	1.0	1.5	0.125		0.8	787.3673280734265	787.3672382644822	788.4255815200262	787.042396170466	787.0433960634897	787.2616183758468	
787.2616183758468	1.3840000000004693	WheelMovementIntervals													-1.2867870223958846
789.423541417292	2.73219091888825	trials	-1.0	1.0	1.5		1.0	0.8	790.6060149072124	790.6059366217803	791.655702603575	790.0724719897242	790.0733385636781	790.2616183758478	
790.2616183758478	1.5530000000005657	WheelMovementIntervals													0.36509436043667165
792.6619282831708	2.677097573458923	trials	1.0	1.0	1.5	0.25		0.8	793.7871412325961	793.7870260025708	794.8389620340762	793.3424554751545	793.3436886765504	793.6376183758489	
793.6376183758489	1.3440000000005057	WheelMovementIntervals													-0.680585895020414
795.837721845761	2.470616510722266	trials	1.0	1.0	1.5	0.125		0.8	796.7479244653066	796.7478268227276	797.8082776872562	796.4092606981528	796.4102605911766	796.6296183758499	
796.6296183758499	1.2570000000005166	WheelMovementIntervals													-1.9120156195128573
798.0926183758504	0.20100000000002183	WheelMovementIntervals													-0.028156321529138495
798.8018380552174	3.707416868527389	trials	1.0	-1.0	0.0		0.0	0.8	799.9565478488443	799.9557423716875	802.0091282480566	799.4051735057653	799.406240058324	799.854618375851	
799.854618375851	1.525000000000432	WheelMovementIntervals													-0.46036882791392486
803.0163538206762	6.992596606783536	trials	-1.0	-1.0	0.0	0.0		0.8	807.4538124006701	807.4527503989934	809.5088592026746	803.521933063266	803.5228329669875	806.9686183758533	
806.9686183758533	1.5250000000005457	WheelMovementIntervals													0.3675972559103968
810.5481480115899	2.3440261014361568	trials	1.0	1.0	1.5	0.125		0.8	811.332264120837	811.3321557383401	812.3920507367397	811.0880902444303	811.0891234672215	811.1246183758548	
811.1246183758548	5.740000000001942	WheelMovementIntervals													-3.401686879521179
813.4009761274997	14.974600865959815	trials	1.0	1.0	1.5	0.0		0.8	826.799675965201	826.7995742180567	827.8754941992518	817.3886161658631	817.3896827184218	826.6516183758599	
826.6516183758599	2.4570000000007894	WheelMovementIntervals													-1.1467639583123912
828.9998739044906	2.388721664034051	trials	1.0	1.0	1.5	0.25		0.8	829.8355844937647	829.8354807832335	830.8885385073384	829.5886109168914	829.5895108206128	829.726618375861	
829.726618375861	2.167000000000712	WheelMovementIntervals													-2.7750320070205987
831.8928977199563	3.582498438513767	trials	-1.0	1.0	1.5		0.0625	0.8	833.9181810396196	833.9180951413341	834.9753679336606	832.6251193812693	832.6261526040605	832.826618375862	
832.826618375862	3.3950000000011187	WheelMovementIntervals													0.4815408726331043
835.9919925007036	2.5460078692667594	trials	1.0	1.0	1.5	1.0		0.8	836.993985299832	836.9938948103712	838.0379736059591	836.721847748527	836.7227476522484	836.7726183758633	
836.7726183758633	1.526000000000522	WheelMovementIntervals													-2.1299224263738665
839.0418995316002	2.446417225514665	trials	1.0	1.0	1.5	1.0		0.8	839.9446029534674	839.9445047801015	840.9882912916873	839.6919966458935	839.6930631984521	839.8556183758643	
839.8556183758643	1.1890000000004193	WheelMovementIntervals													-2.225225581844711
841.9969167145401	2.308202609770319	trials	1.0	1.0	1.5	0.125		0.8	842.753802403773	842.7537165865939	843.8050232694387	842.4583340152465	842.4593672380377	842.6346183758653	
842.6346183758653	1.3080000000004475	WheelMovementIntervals													-0.3179032607888814
844.1936183758658	0.08800000000007913	WheelMovementIntervals													-0.0022230534028437887
844.8054162397291	2.3325009403441754	trials	1.0	1.0	1.5	0.125		0.8	845.5898989764182	845.5898155470852	846.6378201951055	845.3252606227916	845.3263271753502	845.5056183758662	
845.5056183758662	3.166000000001077	WheelMovementIntervals													-5.317834056932696
847.6328137430675	3.3219033434818357	trials	1.0	1.0	1.5	0.0625		0.8	849.4055240849243	849.4054139263527	850.4546451752402	849.0752594191703	849.0762593121941	849.3166183758675	
849.3166183758675	1.3500000000004775	WheelMovementIntervals													-2.0463266385635563
850.799618375868	0.1290000000000191	WheelMovementIntervals													-0.0023420408863898956
851.6792141614617	3.445810178298416	trials	1.0	1.0	1.5	0.125		0.8	853.5786109494312	853.578518669278	854.6249989988154	853.2750100976447	853.275910001366	853.4166183758689	
851.9766183758684	0.7580000000002656	WheelMovementIntervals													-1.0629279519350803
853.4166183758689	4.229000000001406	WheelMovementIntervals													-2.963252836503443
855.6416235658585	4.466801061851811	trials	1.0	1.0	1.5	1.0		0.8	858.5580115483131	858.5579223004744	859.6083658400249	858.2381124402389	858.2391456630302	858.3666183758705	
858.3666183758705	2.5230000000008204	WheelMovementIntervals													-4.365621358812973
860.6469213940562	5.340707580806679	trials	1.0	1.0	1.5	0.0		0.8	864.4201510383541	864.4200246303045	865.4875368412376	861.5881206973388	861.5891205903627	864.2796183758725	
864.2796183758725	1.8580000000006294	WheelMovementIntervals													-1.4394720020542593
866.5195264310794	2.7347189588879246	trials	1.0	1.0	1.5	0.0625		0.8	867.6884347056438	867.6883332518378	868.7542206796893	867.124728348605	867.1257282416287	867.4966183758736	
867.4966183758736	4.459000000001538	WheelMovementIntervals													-1.5653480276147889
869.769445396499	8.451803273587302	trials	1.0	1.0	1.5	0.0625		0.8	876.6580417349835	876.6579464345152	877.7212279871671	872.6582363314974	872.6593362138236	876.5306183758767	
873.1056183758755	0.17400000000009186	WheelMovementIntervals													-0.01335593048344208
876.5306183758767	2.5360000000007403	WheelMovementIntervals													-2.5232430791558045
878.792046756099	2.6324002189388693	trials	1.0	1.0	1.5	0.125		0.8	879.860265803169	879.8601456276808	880.9244186186089	879.4744737448278	879.475573627154	879.7106183758776	
879.7106183758776	3.6870000000012624	WheelMovementIntervals													-4.104901561917586
881.9387434316973	3.902525752137308	trials	1.0	1.0	1.5	0.25		0.8	884.2837592105975	884.2836571027916	885.3411460832432	883.9879241946288	883.9888574281177	884.1256183758792	
884.1256183758792	1.8920000000006212	WheelMovementIntervals													-2.0803871365446014
886.370669270293	2.8332099370235255	trials	1.0	1.0	1.5	0.125		0.8	887.6377670397925	887.6376723725094	888.7038529817451	887.0544627794876	887.0554626725113	887.4396183758803	
887.4396183758803	1.7180000000005293	WheelMovementIntervals													-2.416370677163883
889.7211774739047	2.399493953068145	trials	1.0	1.0	1.5	0.25		0.8	890.5702866296974	890.5701742728897	891.6206075916418	890.2073921216008	890.208425344392	890.4086183758812	
890.4086183758812	3.362000000001103	WheelMovementIntervals													-2.770260593531134
892.627666515424	3.493006352067141	trials	1.0	1.0	1.5	1.0		0.8	894.5776912201643	894.5775683866493	895.6206463035002	894.3079200823488	894.3090532944425	894.3866183758826	
894.3866183758826	1.5880000000005339	WheelMovementIntervals													-2.929486102450312
896.6419703677549	3.1824063330348054	trials	-1.0	1.0	1.5		0.0625	0.8	898.2835947341944	898.2834720869515	899.3242833933431	897.1411836247601	897.1423501666211	897.9236183758837	
897.9236183758837	1.7100000000006048	WheelMovementIntervals													0.2988469365345736
900.3444742455042	5.196121952865383	trials	1.0	-1.0	0.0		0.0	0.8	902.9949573431687	902.9938839092314	905.0405051614473	900.8374881657619	900.8386213778555	902.5816183758853	
902.5816183758853	1.4540000000004056	WheelMovementIntervals													-0.4474768132610052
906.0689951257058	9.055506941053068	trials	-1.0	1.0	1.5		0.0625	0.8	913.5711924831156	913.571098390701	914.624413134829	906.5538765827034	906.5549098054946	913.3326183758888	
913.3326183758888	4.6180000000016435	WheelMovementIntervals													-2.844810387840738
915.6882993121293	8.036014308986068	trials	1.0	1.0	1.5	0.0625		0.8	922.1612067908616	922.1611092267118	923.2242930537428	918.453603458691	918.45440337311	922.0806183758918	
918.7176183758907	0.09100000000012187	WheelMovementIntervals													-0.006762497638419518
922.0806183758918	1.4460000000004811	WheelMovementIntervals													-3.431122362444569
924.2889124859272	2.5018099449648616	trials	-1.0	1.0	1.5		0.125	0.8	925.2236124845554	925.2235154539336	926.2906983195318	924.8869151736817	924.8879817262404	925.0376183758929	
925.0376183758929	1.968000000000643	WheelMovementIntervals													0.49860617124252826
927.3147220949508	5.059804444169799	trials	-1.0	-1.0	0.0	0.0625		0.8	929.8162544618397	929.8153228086724	931.8744675917527	927.8039697514855	927.8049696445092	929.5936183758944	
929.5936183758944	1.0660000000002583	WheelMovementIntervals													0.3589921736549968
932.9079236913627	2.545505956840998	trials	1.0	1.0	1.5	0.0625		0.8	933.9038504728135	933.9037252392783	934.9534048501064	933.4538986121132	933.454898505137	933.7216183758957	
933.7216183758957	2.972000000001003	WheelMovementIntervals													-1.3778945599389658
935.978928465061	3.8784070008831577	trials	-1.0	1.0	1.5		0.0625	0.8	938.301946597438	938.3018308613183	939.3572670245013	937.2905548038862	937.2915213671424	937.8336183758971	
937.8336183758971	1.6680000000005748	WheelMovementIntervals													-0.3387909390733057
940.6077332400387	7.279429212888317	trials	1.0	1.0	1.5	0.0		0.8	946.3372535853591	946.3371546584907	947.3870746007916	941.2867272627192	941.2877938152778	946.1486183758999	
946.1486183758999	3.5680000000011205	WheelMovementIntervals													-2.788926104978458
948.434862500409	3.7685074208001197	trials	1.0	1.0	1.5	0.125		0.8	950.6652572090168	950.6651657085832	951.7032794867687	950.3906199251522	950.391686477711	950.5396183759013	
950.5396183759013	1.2590000000003556	WheelMovementIntervals													-3.2685556053845914
952.738868691496	2.3314984455761305	trials	1.0	1.0	1.5	1.0		0.8	953.5188519095782	953.518767502522	954.5703060836162	953.2069186159267	953.2079851684854	953.3946183759023	
953.3946183759023	1.6080000000005157	WheelMovementIntervals													-1.5108203043242554
955.5834643548434	2.807312099208616	trials	1.0	1.0	1.5	0.0625		0.8	956.8318641247982	956.8317684009126	957.8906841774448	956.2565590086836	956.2575922314749	956.5906183759033	
956.5906183759033	1.7600000000005593	WheelMovementIntervals													-2.7374522926087366
958.9098751365822	2.4968124462562855	trials	1.0	1.0	1.5	0.25		0.8	959.8441751780008	959.844078670979	960.9065948455328	959.386790779157	959.3878906614832	959.7396183759043	
959.7396183759043	1.2940000000004375	WheelMovementIntervals													-1.4402314404788399
961.9190865214109	3.0712863410398086	trials	1.0	1.0	1.5	0.0625		0.8	963.4301915184799	963.4300788176133	964.4902781022898	962.570183528728	962.5711834217518	962.8976183759055	
962.8976183759055	5.661000000001877	WheelMovementIntervals													-3.1631023066483976
965.5177681735246	10.455718165848566	trials	1.0	1.0	1.5	0.0		0.8	974.4169827339903	974.4168810815427	975.4734697029145	969.2698334154858	969.2707666489747	974.3266183759092	
974.3266183759092	1.746000000000663	WheelMovementIntervals													-2.9603286621168365
976.2086183759099	0.3240000000001828	WheelMovementIntervals													-0.06474845241558569
976.5839842248904	3.255526635305614	trials	-1.0	1.0	1.5		0.0625	0.8	978.2901016913636	978.2899966106359	979.3394227602842	977.6364716217196	977.6373381956736	978.0996183759105	
978.0996183759105	0.9070000000003802	WheelMovementIntervals													0.5351555222948718
979.343618375911	0.651000000000181	WheelMovementIntervals													-0.25147527546076276
980.3769117617567	2.4798851452549115	trials	1.0	1.0	1.5	0.25		0.8	981.2979132259591	981.2978051314833	982.3567999381404	980.9366852062353	980.9376184397242	981.1616183759115	
981.1616183759115	1.5070000000005166	WheelMovementIntervals													-1.955977481103531
983.3832901163514	11.456243586790606	trials	-1.0	1.0	1.5		0.0	0.8	993.2942297680436	993.2941252281214	994.3394512755667	984.1198446474341	984.1212444976674	984.4966183759127	
984.4966183759127	0.6260000000002037	WheelMovementIntervals													0.25054307580799673
988.8246183759142	0.10400000000004184	WheelMovementIntervals													0.011845370799932198
993.0266183759155	5.071000000001732	WheelMovementIntervals													-0.8199845184284982
995.4463328528894	5.1565924901344715	trials	1.0	1.0	1.5	0.25		0.8	999.0327158208106	999.0326262389932	1000.1028679943933	998.6865195262111	998.6874194299324	998.9066183759174	
998.9066183759174	1.5520000000005894	WheelMovementIntervals													-2.648926647845485
1001.1528223288956	2.603801738361426	trials	-1.0	1.0	1.5		0.25	0.2	1002.1826454838525	1002.182521829968	1003.256563921158	1001.872811965551	1001.8737118692724	1002.0426183759186	
1002.0426183759186	1.275000000000432	WheelMovementIntervals													0.32700310145182243
1004.282620812392	2.3367240473597803	trials	-1.0	1.0	1.5		1.0	0.2	1005.047638964885	1005.0475280294122	1006.1192243184684	1004.8530264526902	1004.8539930159465	1004.9436183759195	
1004.9436183759195	1.7640000000005784	WheelMovementIntervals													0.4090995834134219
1007.1457478264467	2.4233880523541984	trials	-1.0	1.0	1.5		1.0	0.2	1008.0033560729415	1008.0032428911919	1009.0690420576847	1007.6896229718474	1007.6906228648711	1007.8396183759205	
1007.8396183759205	1.6710000000005039	WheelMovementIntervals													0.3543387289322766
1010.1092307703213	2.480511430241563	trials	1.0	1.0	1.5	0.25		0.2	1011.0355316675498	1011.0354342914997	1012.0896522229845	1010.7227317999444	1010.7235983738983	1010.9416183759215	
1010.9416183759215	3.9480000000013433	WheelMovementIntervals													-3.9131488117214133
1013.1179422086383	4.184724979700604	trials	-1.0	1.0	1.5		1.0	0.2	1015.7580597486229	1015.7579567058258	1016.8025480012619	1015.3527364465506	1015.3542029563188	1015.506618375923	
1015.506618375923	1.675000000000523	WheelMovementIntervals													-2.400662346817967
1017.8595682464656	2.529779648589738	trials	1.0	1.0	1.5	0.0625		0.2	1018.8454627679112	1018.8453595366851	1019.8893510847358	1018.4394728704897	1018.4405060932809	1018.742618375924	
1018.742618375924	1.470000000000482	WheelMovementIntervals													-2.2710329961682305
1020.9160412415516	2.4068183802761496	trials	-1.0	1.0	1.5		0.125	0.2	1021.7730495522321	1021.7729467174292	1022.8227705783622	1021.4861802437101	1021.4871134771989	1021.6506183759251	
1021.6506183759251	1.6300000000005639	WheelMovementIntervals													0.3646551592686649
1023.8560600291349	8.779530652211292	trials	1.0	1.0	1.5	0.0		0.2	1031.0992850933862	1031.0991828422407	1032.1354742339279	1025.4694874123038	1025.4703873160252	1029.6056183759276	
1024.2016183759258	0.7290000000002692	WheelMovementIntervals													0.11650650321436729
1026.2636183759266	0.07799999999997453	WheelMovementIntervals													0.01729792927446283
1029.6056183759276	4.4690000000016425	WheelMovementIntervals													-3.0331987671109175
1033.2382895796204	3.164205457564549	trials	-1.0	1.0	1.5		0.125	0.2	1034.8524835474411	1034.8523908332552	1035.9024378819433	1034.4227628555884	1034.4236294295424	1034.6086183759294	
1034.6086183759294	1.4810000000004493	WheelMovementIntervals													-1.741892784769334
1036.950092462491	2.489182477757822	trials	1.0	1.0	1.5	1.0		0.2	1037.8904918513547	1037.890385087933	1038.9392463142283	1037.5558943158308	1037.5569275386222	1037.7366183759304	
1037.7366183759304	1.689000000000533	WheelMovementIntervals													-1.62671450244477
1039.9759687310493	8.746736000376586	trials	1.0	-1.0	0.0		0.0	0.2	1046.1774719133607	1046.176592125251	1048.2225864446623	1040.452351097345	1040.4532510010663	1041.4316183759317	
1041.4316183759317	1.052000000000362	WheelMovementIntervals													0.1317372840184703
1046.0866183759333	2.4500000000007276	WheelMovementIntervals													-2.104176506925427
1049.3054039298795	2.383792631863116	trials	1.0	1.0	1.5	0.125		0.2	1050.1182836284438	1050.118200394679	1051.1891690569107	1049.8190489761944	1049.8201155287531	1050.0286183759345	
1050.0286183759345	2.178000000000793	WheelMovementIntervals													-2.5602988355668685
1052.2282912169887	2.7275177943104154	trials	-1.0	1.0	1.5		1.0	0.2	1053.3836009464299	1053.3834974829351	1054.4557195762925	1052.9849769276168	1052.986076809943	1053.1756183759355	
1053.1756183759355	1.7160000000005766	WheelMovementIntervals													-0.831117344906545
1055.4901089093914	2.499308488920178	trials	1.0	1.0	1.5	0.125		0.2	1056.4153099242935	1056.415211311222	1057.4893283509014	1056.1187416534408	1056.1196748869297	1056.3176183759367	
1056.3176183759367	0.6540000000002237	WheelMovementIntervals													-0.40629505213507855
1057.258618375937	0.7160000000001219	WheelMovementIntervals													-0.1553404012909141
1058.5319168067954	2.540604511206311	trials	-1.0	1.0	1.5		0.25	0.2	1059.5127118738196	1059.5126177761483	1060.57239850042	1059.0354296038026	1059.036329507524	1059.2316183759376	
1059.2316183759376	2.9540000000010878	WheelMovementIntervals													-0.8010253590156253
1061.6190198581764	3.203100435264105	trials	1.0	1.0	1.5	0.25		0.2	1063.2509119325177	1063.2508190610317	1064.322063999124	1062.9017159588468	1062.9026158625682	1063.097618375939	
1063.097618375939	1.6340000000004693	WheelMovementIntervals													-2.9669052758230237
1065.3749180233954	2.6106002595461177	trials	-1.0	1.0	1.5		0.25	0.2	1066.4325382044133	1066.4324169132956	1067.485492217987	1065.9016283385545	1065.9025615720434	1066.0606183759398	
1066.0606183759398	1.8960000000006403	WheelMovementIntervals													-1.0255785183307466
1068.521414720389	3.2173301071063634	trials	1.0	1.0	1.5	1.0		0.2	1070.1751377924163	1070.175028652652	1071.238624012507	1069.9222648467025	1069.9231647504241	1070.0826183759411	
1069.0766183759408	0.12100000000009459	WheelMovementIntervals													0.03391598349270453
1070.0826183759411	1.5310000000006312	WheelMovementIntervals													-2.2237981814668615
1072.2760463544446	2.359394095880816	trials	-1.0	1.0	1.5		0.25	0.2	1073.0771273153284	1073.0770433315615	1074.1353474321606	1072.7515288170187	1072.7524953802751	1072.9296183759423	
1072.9296183759423	1.134000000000242	WheelMovementIntervals													0.3048586112358862
1075.1826353852662	2.469010759935145	trials	-1.0	1.0	1.5		0.25	0.2	1076.0901382936477	1076.0900382371724	1077.1515913979233	1075.6556514450483	1075.656784657142	1075.827618375943	
1075.827618375943	4.529000000001588	WheelMovementIntervals													-1.360435792080068
1078.209344898011	4.792495771400809	trials	-1.0	1.0	1.5		0.0625	0.2	1081.437732833652	1081.4376407023349	1082.5017856597897	1081.0391421446066	1081.040042048328	1081.262618375945	
1081.262618375945	1.5600000000004002	WheelMovementIntervals													-1.4909414630423043
1083.5710379296509	2.4845087013184184	trials	-1.0	1.0	1.5		0.25	0.2	1084.499938548741	1084.4998404348548	1085.5554922841766	1084.2385665123254	1084.2396663946515	1084.391618375946	
1084.391618375946	0.9950000000003456	WheelMovementIntervals													-0.541479807511962
1086.6100461265883	2.2787008340410466	trials	1.0	1.0	1.5	0.125		0.2	1087.3542665041866	1087.3541454193041	1088.3886558372856	1087.0852286212553	1087.086295173814	1087.083618375947	
1087.083618375947	1.539000000000442	WheelMovementIntervals													-3.0320038027618352
1089.2666183759477	0.24400000000014188	WheelMovementIntervals													-0.02230174823375819
1089.4392434373694	2.4662120222046724	trials	-1.0	1.0	1.5		1.0	0.2	1090.3561453401744	1090.356046791334	1091.40539974956	1090.0685094470007	1090.0695759995594	1090.215618375948	
1090.215618375948	0.7940000000003238	WheelMovementIntervals													0.3204350486359999
1092.4518544584791	2.486809941062802	trials	1.0	1.0	1.5	1.0		0.2	1093.3735558477981	1093.3734570308113	1094.438641896727	1093.1017182644002	1093.1025515085867	1093.268618375949	
1093.268618375949	3.8480000000013206	WheelMovementIntervals													-2.7900589096672093
1095.4882629335546	4.350308899086485	trials	-1.0	1.0	1.5		1.0	0.2	1098.284163806644	1098.284066724708	1099.338517670451	1097.6347332876999	1097.6361664677006	1097.8006183759505	
1097.8006183759505	2.326000000000704	WheelMovementIntervals													-2.1200349397839204
1100.410869608686	5.910905831859054	trials	-1.0	1.0	1.5		0.125	0.2	1104.7599709751453	1104.7598724280112	1105.8216907175606	1103.985120541252	1103.9860537747406	1104.3866183759526	
1100.7546183759514	2.677000000001044	WheelMovementIntervals													-1.335768152102105
1104.3866183759526	2.845000000001164	WheelMovementIntervals													-0.968380431543892
1106.9142738246435	2.990619469771218	trials	-1.0	1.0	1.5		0.125	0.2	1108.3560862351644	1108.3559817643363	1109.404807368271	1107.9847592959006	1107.9856925293896	1108.163618375954	
1108.163618375954	2.9830000000008567	WheelMovementIntervals													-3.3913722066730543
1110.469993406502	3.784603192549639	trials	-1.0	1.0	1.5		0.125	0.2	1112.6921889923149	1112.692093519556	1113.7545753300794	1112.2348045934712	1112.2356378376576	1112.4476183759555	
1112.4476183759555	3.2650000000010095	WheelMovementIntervals													-2.3456947782647717
1114.8297936283159	9.191924606339171	trials	-1.0	1.0	1.5		0.0625	0.2	1122.461110504863	1122.4610115660919	1123.5216970351848	1116.4176570798436	1116.4185903133323	1121.9446183759585	
1121.9446183759585	2.122000000000753	WheelMovementIntervals													-0.6489651341249214
1124.8903172763653	14.144318113036888	trials	-1.0	-1.0	0.0	0.125		0.2	1136.479677357772	1136.4788296585539	1138.534624170474	1125.484053753885	1125.4851536362112	1135.5736183759632	
1135.5736183759632	3.294000000001006	WheelMovementIntervals													-0.5179316020926308
1139.6974330975936	3.1739028876365865	trials	-1.0	1.0	1.5		0.0625	0.2	1141.2952288198242	1141.2951335444181	1142.3712470324795	1140.3379312388586	1140.3389644616498	1141.133618375965	
1141.133618375965	4.839000000001533	WheelMovementIntervals													-0.7560066335661872
1143.426434140473	7.844397296546504	trials	-1.0	1.0	1.5		0.0	0.2	1149.7105284865484	1149.710430372627	1150.7707817191956	1146.767743328266	1146.7688765403595	1149.5876183759678	
1149.5876183759678	1.779000000000451	WheelMovementIntervals													-2.8767228331623755
1151.8860290681507	2.368618596256738	trials	-1.0	1.0	1.5		0.0625	0.2	1152.6873433374067	1152.6872346819775	1153.7545958212204	1152.3675108888674	1152.368477452124	1152.5616183759687	
1152.5616183759687	2.9940000000010514	WheelMovementIntervals													-1.594944451117101
1154.810149556656	3.490601310847751	trials	-1.0	1.0	1.5		1.0	0.2	1156.734343691615	1156.7342491767793	1157.8006962717075	1156.300656757435	1156.3017566397612	1156.3476183759701	
1156.3476183759701	1.7090000000005148	WheelMovementIntervals													-1.03442137987264
1158.4236183759708	2.7070000000007894	WheelMovementIntervals													-3.170088818885688
1158.8679487555212	4.8869160440551696	trials	1.0	1.0	1.5	0.0625		0.2	1162.196759280517	1162.196657640442	1163.2547794187444	1161.6542839853496	1161.6553505379084	1161.904618375972	
1161.904618375972	2.8190000000008695	WheelMovementIntervals													-2.784476685160371
1164.3395633602418	9.544113301186371	trials	-1.0	1.0	1.5		0.0	0.2	1172.3470733221018	1172.346972841817	1173.383662419853	1165.0504873001482	1165.0516205122417	1168.5396183759742	
1168.5396183759742	0.6940000000001874	WheelMovementIntervals													0.21175965061530633
1172.0166183759752	3.648000000001275	WheelMovementIntervals													-4.453732612196575
1174.508575401371	3.9288170182990143	trials	-1.0	1.0	1.5		0.0625	0.2	1176.895286719363	1176.8951845244248	1177.9373085692098	1176.2707535367108	1176.2718200892696	1176.4836183759767	
1176.0316183759767	0.08300000000008367	WheelMovementIntervals													-0.006806101847928403
1176.4836183759767	3.4880000000011933	WheelMovementIntervals													-3.0656888509038254
1179.0207926497762	3.4334074338585197	trials	1.0	1.0	1.5	0.125		0.2	1180.9077907642509	1180.9076950864978	1181.9541454838677	1180.4170432681804	1180.4181098207391	1180.6116183759782	
1180.6116183759782	2.260000000000673	WheelMovementIntervals													-3.346129486516304
1183.0227978179146	2.6771912100391546	trials	-1.0	1.0	1.5		0.125	0.2	1184.152576945482	1184.1524932648704	1185.1999648878898	1183.700625298734	1183.7017251810603	1183.8556183759792	
1183.8556183759792	1.2770000000004984	WheelMovementIntervals													-0.703089384019222
1186.2603847693745	2.643820945712605	trials	-1.0	1.0	1.5		0.0625	0.2	1187.340902500637	1187.340792102957	1188.4040887528206	1186.7879616584873	1186.7890282110461	1187.0106183759804	
1187.0106183759804	3.166000000001077	WheelMovementIntervals													-1.4349941402080617
1189.4831066445472	3.787703053280893	trials	-1.0	1.0	1.5		0.25	0.2	1191.7075019950123	1191.707406675836	1192.7707215769635	1191.249850958029	1191.2509841701226	1191.4846183759819	
1190.3776183759815	0.09400000000005093	WheelMovementIntervals													-0.005755935978129401
1191.4846183759819	3.197000000001026	WheelMovementIntervals													-1.709995309935266
1193.8444067058967	9.655703036061368	trials	-1.0	1.0	1.5		0.0	0.2	1201.94540666548	1201.9453067361512	1203.0000938269616	1195.3668104941344	1195.3679103764605	1201.5286183759852	
1201.5286183759852	2.385000000000673	WheelMovementIntervals													-0.941938559319965
1204.1256067442941	2.474908381002251	trials	-1.0	1.0	1.5		1.0	0.2	1205.0397089466323	1205.0396091008465	1206.1004621257916	1204.7206430827448	1204.7214763269312	1204.8886183759862	
1204.8886183759862	3.0750000000011823	WheelMovementIntervals													-1.5032149040672493
1207.16791458821	3.219124970552457	trials	-1.0	1.0	1.5		1.0	0.2	1208.8227375425633	1208.8226258816271	1209.887023677073	1208.520469881475	1208.521403114964	1208.6816183759875	
1208.6816183759875	5.644000000002052	WheelMovementIntervals													-2.132792009325158
1210.9753405739211	5.940902060176768	trials	-1.0	1.0	1.5		1.0	0.2	1215.3615379715627	1215.3614398800605	1216.4161584735093	1214.983411759737	1214.984344993226	1215.1496183759898	
1215.1496183759898	0.7590000000002419	WheelMovementIntervals													0.488074194257365
1216.2506183759901	0.4149999999999636	WheelMovementIntervals													-0.09512099713975886
1217.5278395373462	2.658891393746444	trials	-1.0	1.0	1.5		0.25	0.2	1218.6323547011793	1218.6322351319388	1219.6867085649862	1218.1367410590597	1218.1376409627812	1218.2976183759909	
1218.2976183759909	2.4830000000006294	WheelMovementIntervals													-1.142410745100733
1220.764126627875	2.9056244886119202	trials	-1.0	1.0	1.5		0.0625	0.2	1222.120948131375	1222.120837128384	1223.1697025942487	1221.53344432037	1221.5342442347892	1221.983618375992	
1221.983618375992	2.975000000001046	WheelMovementIntervals													-3.791713578424776
1224.2506536124881	3.548995089353866	trials	1.0	1.0	1.5	0.125		0.2	1226.2462401093453	1226.2461491645645	1227.299560750361	1225.6501038885685	1225.6512037708947	1226.0256183759934	
1226.0256183759934	2.680000000000746	WheelMovementIntervals													-3.4336708045136106
1228.3871443923247	2.7663087732182703	trials	1.0	1.0	1.5	1.0		0.8	1229.6019477566806	1229.601847366486	1230.6534019307187	1229.303479689083	1229.3044795821065	1229.5066183759945	
1229.5066183759945	3.424000000001115	WheelMovementIntervals													-3.2368767490428354
1231.7376525959367	3.645415224215185	trials	1.0	1.0	1.5	0.25		0.8	1233.8194632012107	1233.81935957655	1234.882982751069	1233.5500586908374	1233.5510919136286	1233.603618375996	
1233.603618375996	2.543000000000802	WheelMovementIntervals													-3.846462134360877
1235.9669667781473	2.9661939150878425	trials	1.0	1.0	1.5	0.25		0.8	1237.36048435562	1237.3603629801871	1238.4331029319944	1237.0864803373372	1237.0873802410586	1237.138618375997	
1237.138618375997	3.5320000000010623	WheelMovementIntervals													-4.404001921040447
1239.8034563210829	3.296217591787581	trials	1.0	1.0	1.5	0.25		0.8	1241.5592684708379	1241.5591646259445	1242.5996238323119	1241.286564313486	1241.2873308981375	1241.4476183759984	
1241.4476183759984	3.289000000001124	WheelMovementIntervals													-4.750782542517811
1243.682274668692	4.0044091701224716	trials	-1.0	1.0	1.5		0.25	0.8	1246.127079771365	1246.1269790460742	1247.1866330788957	1245.3365643467657	1245.3376308993245	1245.8406183759998	
1245.8406183759998	1.7370000000007622	WheelMovementIntervals													-1.4651670882347503
1248.2787828990015	2.287696302357972	trials	1.0	1.0	1.5	1.0		0.8	1249.0130710058968	1249.012981070438	1250.0664583064474	1248.7324010341222	1248.7332342783088	1248.908618376001	
1248.908618376001	2.672000000000935	WheelMovementIntervals													-3.6331145533872586
1251.1496757488742	2.9868187510955977	trials	1.0	1.0	1.5	0.25		0.8	1252.5861887263693	1252.586083323821	1253.6364430287786	1252.3028523731978	1252.3038522662216	1252.4646183760021	
1252.4646183760021	4.987000000001672	WheelMovementIntervals													-4.670759213101462
1254.7127945391087	6.003294286878827	trials	-1.0	1.0	1.5		0.0625	0.8	1259.1690844377172	1259.1689880714341	1260.216039093148	1258.665871608617	1258.6667715123383	1258.9546183760044	
1258.9546183760044	2.1030000000005202	WheelMovementIntervals													-0.9572151266046944
1261.3455849123432	2.569926651365222	trials	1.0	1.0	1.5	1.0		0.8	1262.364009286829	1262.363894283975	1263.4154301310996	1262.0198127782771	1262.0207460117658	1262.1566183760053	
1262.1566183760053	2.7010000000009313	WheelMovementIntervals													-3.8313198380967606
1264.501313954923	3.0352128286742754	trials	1.0	1.0	1.5	0.0625		0.8	1265.975922856624	1265.9758187296877	1267.0364093976434	1265.5196716698738	1265.5207048926652	1265.8276183760065	
1265.8276183760065	3.0480000000011387	WheelMovementIntervals													-5.310103700058733
1268.1302257061222	3.135303903897693	trials	1.0	1.0	1.5	0.25		0.8	1269.7205222306743	1269.7204261645718	1270.7654771000578	1269.3493286104804	1269.3503618332716	1269.526618376008	
1269.526618376008	2.845000000000937	WheelMovementIntervals													-5.287243420986442
1271.8589267810944	3.4404025379108134	trials	1.0	1.0	1.5	0.125		0.8	1273.7570237081331	1273.7569270778488	1274.799245536585	1272.9863061654046	1272.987272728661	1273.5886183760092	
1273.5886183760092	3.296000000001186	WheelMovementIntervals													-6.1687295550638055
1275.903327413441	4.212489741877107	trials	1.0	1.0	1.5	0.125		0.8	1278.5606431134347	1278.560519050365	1279.6157968916607	1278.036199222463	1278.0371991154866	1278.4446183760108	
1278.4446183760108	2.7340000000010605	WheelMovementIntervals													-1.531316063382178
1280.7184122587487	2.797106782847777	trials	-1.0	1.0	1.5		1.0	0.8	1281.9497471877644	1281.9496139238438	1283.0154331725075	1281.6863087057664	1281.6871752797201	1281.817618376012	
1281.817618376012	2.405000000000882	WheelMovementIntervals													-3.576480680441364
1284.1028168358666	3.1629297849160594	trials	-1.0	1.0	1.5		0.125	0.8	1285.7019457487954	1285.7018303769332	1286.765631947491	1284.935794384209	1284.9367942772328	1285.4396183760132	
1285.4396183760132	4.277000000001408	WheelMovementIntervals													-3.508498692044725
1287.8560486196889	4.5969101318708	trials	1.0	1.0	1.5	1.0		0.8	1290.8901573408098	1290.8900539868027	1291.952876976249	1290.5358619127176	1290.5367284866716	1290.732618376015	
1290.732618376015	1.1860000000003765	WheelMovementIntervals													-3.6926491815460167
1292.2266183760155	1.3060000000002674	WheelMovementIntervals													-1.1398371397444862
1293.066457836831	5.253106988373702	trials	-1.0	-1.0	0.0	0.0625		0.8	1295.760002994053	1295.7592603939283	1297.819449325362	1294.131977172737	1294.1330103955281	1295.5056183760166	
1295.5056183760166	2.0700000000006185	WheelMovementIntervals													0.5536279563992252
1298.9340634087353	2.634792956688443	trials	1.0	1.0	1.5	1.0		0.8	1299.9966497251048	1299.9965597619646	1301.0688016847348	1299.6320887286352	1299.632955302589	1299.870618376018	
1299.870618376018	2.410000000000764	WheelMovementIntervals													-2.5232564683053056
1302.1529523606505	11.545426766941773	trials	1.0	1.0	1.5	0.0625		0.8	1312.1530824700637	1312.15297381243	1313.1983373073542	1303.032024977389	1303.032891551343	1311.752618376022	
1311.752618376022	2.5210000000008677	WheelMovementIntervals													-8.366229985995403
1314.3704785693621	2.4277109259398912	trials	1.0	1.0	1.5	0.25		0.8	1315.25428401308	1315.254181818465	1316.2981390001373	1314.9688478845587	1314.96974778828	1315.1346183760231	
1315.1346183760231	1.714000000000624	WheelMovementIntervals													-1.478432038614983
1317.38258964396	2.6362909898243743	trials	1.0	1.0	1.5	0.125		0.8	1318.4790723338353	1318.4789850649865	1319.5188610892626	1318.0687495666443	1318.0697161299006	1318.3276183760242	
1318.3276183760242	0.5080000000000382	WheelMovementIntervals													-0.9107720352475894
1319.1616183760245	2.3100000000006276	WheelMovementIntervals													-1.781220809703882
1320.6247761033292	3.2111249927506833	trials	1.0	1.0	1.5	1.0		0.8	1322.297197174901	1322.2970875568628	1323.3357860586998	1321.9484678179745	1321.9493343919285	1322.1076183760254	
1322.1076183760254	2.1460000000008677	WheelMovementIntervals													-3.184032292690233
1324.4314021746213	2.6871885354355527	trials	1.0	1.0	1.5	0.125		0.8	1325.5619812166076	1325.561896089413	1326.6185681748343	1324.9987748060805	1324.999674709802	1325.3906183760264	
1325.3906183760264	2.325000000000955	WheelMovementIntervals													-5.089795910879673
1327.7120845154059	2.840102989921661	trials	1.0	1.0	1.5	0.25		0.8	1328.9957138495652	1328.9955845108514	1330.0522008184896	1328.4151093004245	1328.416242512518	1328.6616183760275	
1328.6616183760275	0.4090000000003329	WheelMovementIntervals													-0.39690597632591107
1329.4086183760278	2.748000000000957	WheelMovementIntervals													-1.44574786961374
1331.139384503244	15.395844138509801	trials	1.0	1.0	1.5	0.0625		0.8	1344.9692382127985	1344.9691214570328	1346.0351908356813	1332.6982843868493	1332.6992176203382	1344.4926183760329	
1344.4926183760329	3.5590000000013333	WheelMovementIntervals													-4.412572458878515
1347.2498275511998	3.268990225558582	trials	-1.0	1.0	1.5		1.0	0.8	1348.952612040927	1348.9525208974765	1350.018731312647	1348.6650428072885	1348.6660093705448	1348.8076183760343	
1348.8076183760343	3.804000000001224	WheelMovementIntervals													-3.2147745736808133
1351.1303123871817	7.2550190359716	trials	1.0	1.0	1.5	0.0		0.8	1356.8313357813245	1356.831225773859	1357.8853230176894	1353.1482298282365	1353.1492630510277	1356.6986183760368	
1356.6986183760368	2.5640000000009877	WheelMovementIntervals													-3.2348204795799234
1359.3618317161356	2.2565243222620666	trials	-1.0	1.0	1.5		1.0	0.8	1360.061856822083	1360.0617386398394	1361.1183104612398	1359.8150165642794	1359.8158498084658	1359.944618376038	
1359.944618376038	5.610000000001946	WheelMovementIntervals													-1.461547902545533
1362.213759928324	5.971196478224101	trials	1.0	1.0	1.5	0.25		0.8	1366.6264544910957	1366.6263551088618	1367.6849079163	1366.198166979244	1366.1991002127327	1366.4426183760402	
1366.4426183760402	1.7960000000007312	WheelMovementIntervals													-5.141385612179249
1368.667618376041	0.3120000000001255	WheelMovementIntervals													-0.041623270247271194
1368.8240527085234	3.094306719928909	trials	1.0	1.0	1.5	0.0625		0.8	1370.3700539721222	1370.3699545669833	1371.4182751587166	1370.181207509698	1370.182074083652	1370.1716183760414	
1369.251618376041	0.5290000000002237	WheelMovementIntervals													0.10520433342878732
1370.1716183760414	2.3680000000008476	WheelMovementIntervals													-2.196752229677884
1372.5212571532468	6.463611405558822	trials	1.0	1.0	1.5	0.125		0.8	1377.4188665027834	1377.4187627644699	1378.4848191256663	1373.0816305335397	1373.0826970860983	1377.2916183760437	
1377.2916183760437	3.2640000000012606	WheelMovementIntervals													-3.9958432655711817
1379.6112652764875	3.453302791351234	trials	1.0	1.0	1.5	1.0		0.8	1381.5096621714335	1381.5095651617921	1382.5644826519847	1381.2314586024509	1381.2325918145443	1381.3856183760452	
1381.3856183760452	1.6210000000005493	WheelMovementIntervals													-2.454644866646163
1383.6638650316293	2.470805396133528	trials	1.0	1.0	1.5	0.0625		0.8	1384.5716679079178	1384.5715662792688	1385.6346541814967	1384.1348813053637	1384.1359145281551	1384.4606183760463	
1384.4606183760463	1.2660000000003038	WheelMovementIntervals													-1.7753367256427168
1386.7399692597487	2.8915236011741854	trials	1.0	1.0	1.5	0.0625		0.8	1388.0791926460302	1388.0790792635917	1389.1314134047198	1387.3147410995841	1387.3158409819102	1387.9416183760475	
1387.9416183760475	0.7330000000001746	WheelMovementIntervals													-1.395050201655522
1389.2416183760479	0.1330000000000382	WheelMovementIntervals													-0.005299748971765439
1389.887618376048	3.5220000000010714	WheelMovementIntervals													-2.285692398259698
1390.234695367157	5.729988046280823	trials	1.0	1.0	1.5	0.25		0.8	1394.4131816539923	1394.413085191904	1395.4646024982628	1394.084850114751	1394.0857500184723	1394.2906183760495	
1394.2906183760495	0.9410000000004857	WheelMovementIntervals													-2.495827107562775
1396.6110798393272	2.4369078799691124	trials	1.0	1.0	1.5	0.25		0.8	1397.4963851225805	1397.4962819752147	1398.5479726156884	1397.117892283313	1397.119058825174	1397.3726183760505	
1397.3726183760505	2.0030000000008386	WheelMovementIntervals													-2.286873661356708
1399.6579871911524	2.576923663923708	trials	1.0	1.0	1.5	0.0625		0.8	1400.6728119507525	1400.6726953279287	1401.7348649908427	1400.3013516924188	1400.3023515854427	1400.5236183760517	
1400.5236183760517	0.7420000000001892	WheelMovementIntervals													-1.4077539341213878
1401.712618376052	0.4890000000002601	WheelMovementIntervals													-0.037061641849277294
1402.5256183760523	0.24500000000011823	WheelMovementIntervals													-0.036065694970773166
1402.8462127570049	2.40531144655165	trials	1.0	1.0	1.5	0.25		0.8	1403.702321163964	1403.7022157629663	1404.7514755840473	1403.3310942140026	1403.331994117724	1403.5156183760525	
1403.5156183760525	0.34700000000020736	WheelMovementIntervals													-0.47290357985247056
1404.5516183760528	0.652000000000271	WheelMovementIntervals													-0.14268619191051357
1405.8628233502097	2.6380915146930874	trials	-1.0	1.0	1.5		0.0625	0.2	1406.9402080833308	1406.9401186600512	1408.0008279434203	1406.397532809559	1406.3985993621177	1406.6796183760537	
1406.6796183760537	3.6310000000012224	WheelMovementIntervals													-2.6076410787625264
1409.110609210512	3.8535187555116863	trials	1.0	1.0	1.5	1.0		0.2	1411.401830744733	1411.4017191725031	1412.46405043366	1410.9808424519547	1410.9818756747459	1411.2096183760552	
1411.2096183760552	1.111000000000331	WheelMovementIntervals													-1.1533400361637405
1412.7416183760556	1.3710000000005493	WheelMovementIntervals													-1.2207337384485868
1413.6015287375105	3.582589375971338	trials	-1.0	1.0	1.5		0.0	0.2	1415.6344112441545	1415.6343210071186	1416.6840656107497	1414.634518220376	1414.6355181134	1415.2616183760565	
1415.2616183760565	1.0180000000002565	WheelMovementIntervals													-0.48516511219980885
1416.578618376057	1.218000000000302	WheelMovementIntervals													0.3242766111828814
1417.8011127671475	2.5127293611674304	trials	-1.0	1.0	1.5		1.0	0.2	1418.7483114285728	1418.7482227033245	1419.8137307751763	1418.3968157009474	1418.3977822642037	1418.5856183760577	
1418.5856183760577	4.472000000001344	WheelMovementIntervals													-1.5291939868877193
1420.9222455111046	12.725098602832759	trials	1.0	-1.0	0.0		0.0625	0.2	1431.0906576164198	1431.0898427967031	1433.1473042472621	1423.500869630127	1423.5017362040808	1430.9806183760618	
1430.9806183760618	1.2170000000003256	WheelMovementIntervals													-1.4715331576439894
1432.4356183760622	0.11400000000003274	WheelMovementIntervals													-0.01684193393566602
1434.352941925567	2.6778146722231213	trials	-1.0	1.0	1.5		0.0625	0.2	1435.4745552601066	1435.4744472328669	1436.5306756015889	1434.8174922244143	1434.818925404415	1435.3346183760632	
1435.3346183760632	1.523000000000593	WheelMovementIntervals													0.9485799502282362
1437.1256183760638	1.6040000000004966	WheelMovementIntervals													-2.7427117829694794
1437.63495745705	3.9325127665258606	trials	1.0	1.0	1.5	0.25		0.2	1440.0129697057348	1440.012863362658	1441.067356899309	1439.2674494672056	1439.2682493816246	1439.5616183760646	
1439.5616183760646	1.5450000000005275	WheelMovementIntervals													-0.8929483028431946
1442.2023688003676	2.4153105208777106	trials	-1.0	1.0	1.5		1.0	0.2	1443.0690760733787	1443.0689714988252	1444.1175972278802	1442.7303123169227	1442.7311788908764	1442.9126183760657	
1442.9126183760657	0.8230000000003201	WheelMovementIntervals													0.6907774293837861
1444.1016183760662	2.010000000000673	WheelMovementIntervals													-2.1596254555774976
1445.2298782275313	3.4338007626927265	trials	-1.0	1.0	1.5		0.25	0.2	1447.1207759247989	1447.1206775462163	1448.163597689065	1446.6806896752664	1446.6817895575928	1446.875618376067	
1446.875618376067	2.3640000000009422	WheelMovementIntervals													-2.752172541756181
1449.293876763144	6.473705705172051	trials	-1.0	-1.0	0.0	0.0625		0.2	1453.2100244503074	1453.2092790040922	1455.2675043253364	1449.8003559094554	1449.801422462014	1452.8896183760692	
1452.8896183760692	1.8350000000004911	WheelMovementIntervals													-0.5223227034388742
1456.4216808426838	3.1085029319444857	trials	-1.0	1.0	1.5		0.0625	0.2	1457.9875799774559	1457.9874813121185	1459.030135103582	1457.0135508532258	1457.0146507355519	1457.7396183760707	
1457.7396183760707	1.6280000000006112	WheelMovementIntervals													-1.4805167560101609
1460.1499819604467	3.1969970981599545	trials	-1.0	1.0	1.5		0.0	0.2	1461.8023051822406	1461.8021789103964	1462.8469600837168	1460.7999790854376	1460.8009456486939	1461.642618376072	
1461.642618376072	1.2250000000003638	WheelMovementIntervals													0.6374969899450207
1463.4596183760725	2.654000000000906	WheelMovementIntervals													-2.254122630111681
1463.954374937319	4.9795303256444186	trials	-1.0	1.0	1.5		0.125	0.2	1467.3707094316628	1467.3705943701993	1468.4338290243115	1466.9005597318821	1466.901559624906	1467.2206183760738	
1467.2206183760738	0.7820000000003802	WheelMovementIntervals													1.3010018811126542
1469.5752069109546	2.4379079926075065	trials	-1.0	1.0	1.5		0.125	0.2	1470.4474135955966	1470.4473086969376	1471.5129995910374	1470.0468231205036	1470.0478563432948	1470.3406183760749	
1470.3406183760749	2.797000000000935	WheelMovementIntervals													2.1322423809104976
1472.6323131716224	3.384805084487425	trials	-1.0	1.0	1.5		0.25	0.2	1474.4413196302426	1474.4412148200288	1475.5170045452232	1473.716897134515	1473.7177970382363	1474.2106183760761	
1474.2106183760761	1.1300000000005639	WheelMovementIntervals													0.4249948194979538
1475.6706183760766	0.9650000000003729	WheelMovementIntervals													0.7545119758116243
1476.6484168313962	2.9350887478876757	trials	-1.0	1.0	1.5		1.0	0.2	1478.02040337909	1478.0203106372085	1479.0834229824363	1477.6469766644761	1477.6481098765698	1477.8546183760775	
1477.8546183760775	1.1850000000004002	WheelMovementIntervals													1.3832937189098402
1479.565618376078	3.683000000001357	WheelMovementIntervals													-0.9631629076976083
1480.5518992069249	11.164630628945815	trials	1.0	1.0	1.5	1.0		0.2	1490.1672371510208	1490.1671230015766	1491.2165248901738	1483.7634889397664	1483.7643555137204	1490.0466183760816	
1490.0466183760816	0.943000000000211	WheelMovementIntervals													-1.9538616683657892
1491.472618376082	2.4820000000008804	WheelMovementIntervals													-2.178371251109013
1492.4281285968536	4.104825122664124	trials	-1.0	1.0	1.5		0.25	0.2	1494.9836218572593	1494.983542369075	1496.0329095964123	1494.6131614919493	1494.6146280017174	1494.8556183760832	
1494.8556183760832	2.219000000000733	WheelMovementIntervals													1.2146636327671558
1497.1740541746833	9.05889493388986	trials	-1.0	-1.0	0.0	0.0625		0.2	1503.688790511577	1503.6878483747505	1505.7329384796221	1497.6464369688836	1497.6475035214423	1503.411618376086	
1503.411618376086	1.5110000000006494	WheelMovementIntervals													-0.399791424604075
1506.9135455025648	2.4529066309830796	trials	-1.0	1.0	1.5		1.0	0.2	1507.8192486035034	1507.8191468431064	1508.866403237539	1507.4631533679685	1507.4640532716899	1507.6756183760874	
1507.6756183760874	1.6900000000005093	WheelMovementIntervals													0.3987846051268775
1509.9866500516132	2.363314488322658	trials	-1.0	1.0	1.5		0.0625	0.2	1510.7799651766788	1510.7798539074615	1511.8498840418893	1510.4957289197862	1510.497028780717	1510.6726183760884	
1510.6726183760884	3.2520000000010896	WheelMovementIntervals													1.1892442753943442
1512.9668645387524	3.5961146225606626	trials	-1.0	1.0	1.5		0.0625	0.2	1515.007779519354	1515.0076717020982	1516.062866638045	1514.6131217428685	1514.6140216465901	1514.8656183760897	
1514.8656183760897	1.105000000000473	WheelMovementIntervals													-1.9865705354856118
1516.1496183760903	0.5350000000000819	WheelMovementIntervals													0.17314135643221107
1517.1901793628203	2.359487731674335	trials	-1.0	1.0	1.5		1.0	0.2	1517.9790616288142	1517.9789742585017	1519.0496137596062	1517.6833932616828	1517.6842598356368	1517.8716183760907	
1517.8716183760907	0.5380000000002383	WheelMovementIntervals													1.4058911522608355
1518.726618376091	1.0450000000005275	WheelMovementIntervals													-0.2897249427284123
1520.0876183760915	0.6440000000002328	WheelMovementIntervals													-0.1768599843489369
1520.1747600494966	2.971215562334237	trials	1.0	1.0	1.5	1.0		0.2	1521.587275594421	1521.5871660211656	1522.6459289982301	1521.2460454351728	1521.2468786793595	1521.0256183760919	
1521.0256183760919	1.7920000000005984	WheelMovementIntervals													-0.7239610632360609
1523.7713752560278	3.3949050207459095	trials	1.0	-1.0	0.0		0.125	0.2	1524.5988533927393	1524.5979759915274	1526.6662655384712	1524.2833871437374	1524.2845203558309	1524.420618376093	
1524.420618376093	0.6300000000001091	WheelMovementIntervals													-0.5715851190646504
1527.7882788302206	2.6746131444965613	trials	-1.0	1.0	1.5		0.125	0.2	1528.905792603363	1528.9056834861885	1529.9628128485665	1528.42924358823	1528.4301101621838	1528.6806183760943	
1528.6806183760943	2.530000000000882	WheelMovementIntervals													-2.1879139381306345
1531.0869925752006	6.712413167281966	trials	-1.0	1.0	1.5		0.0625	0.2	1536.2406078685922	1536.240500381211	1537.2992946021689	1531.7160919359947	1531.7170918290183	1531.9726183760954	
1531.9726183760954	0.7010000000002492	WheelMovementIntervals													0.27502948484720946
1536.1416183760969	2.912000000000944	WheelMovementIntervals													-0.9882853374573415
1538.4601037432408	5.619298096012244	trials	-1.0	1.0	1.5		0.0	0.2	1542.5143033272204	1542.5142002052116	1543.5793227166143	1540.1787198725112	1540.179653106	1542.349618376099	
1542.349618376099	3.292000000001053	WheelMovementIntervals													-1.9162013469517092
1544.7425982604782	3.523519249130004	trials	1.0	1.0	1.5	1.0		0.2	1546.7103210717391	1546.7102078927667	1547.7660081262445	1546.1160846477076	1546.1168845621266	1546.3486183761004	
1546.3486183761004	3.7460000000012315	WheelMovementIntervals													-3.5787156322444957
1548.9136186794026	9.08182413755685	trials	1.0	-1.0	0.0		0.0625	0.2	1555.4644511544545	1555.463433923817	1557.4953672048186	1550.7789857747962	1550.7798523487502	1554.9776183761032	
1554.9776183761032	1.6090000000003783	WheelMovementIntervals													-1.0087029803545988
1558.6713413900843	2.4073839459001647	trials	1.0	1.0	1.5	0.125		0.2	1559.5232169165763	1559.5231346482622	1560.5786706627093	1559.2657444629533	1559.266744355977	1559.4266183761047	
1559.4266183761047	1.4330000000004475	WheelMovementIntervals													-2.309828079046895
1561.699417423295	2.3828115159892604	trials	-1.0	1.0	1.5		0.25	0.2	1562.5236292427958	1562.523520368577	1563.582149327535	1562.2154955426347	1562.2163621165887	1562.3556183761057	
1562.3556183761057	3.0200000000008913	WheelMovementIntervals													-0.9111010115897784
1564.7143281983595	3.1313996250164564	trials	-1.0	1.0	1.5		1.0	0.2	1566.2860267126694	1566.2859265045104	1567.345646679735	1565.9120333920087	1565.9129666254976	1566.120618376107	
1566.120618376107	2.9560000000010405	WheelMovementIntervals													-3.260088157615428
1568.4911241277755	6.624721626334349	trials	1.0	-1.0	0.0		0.0	0.2	1572.5542894192017	1572.5532355489718	1574.6158355258606	1569.5989056088197	1569.5999388316109	1572.452618376109	
1572.452618376109	1.2440000000003693	WheelMovementIntervals													-1.9217402622044801
1575.7771446134443	2.4219075631299347	trials	-1.0	1.0	1.5		1.0	0.2	1576.6485513836674	1576.6484462550686	1577.698972334914	1576.3286189458256	1576.3295188495472	1576.5166183761103	
1576.5166183761103	3.3690000000012787	WheelMovementIntervals													-1.9318220642874735
1578.8388503820215	17.306535057865858	trials	1.0	1.0	1.5	0.0625		0.2	1594.5882653888586	1594.5881795553876	1595.6453189638298	1580.2621647716028	1580.263131334859	1594.4396183761164	
1594.4396183761164	2.1510000000007494	WheelMovementIntervals													-2.843187172689454
1596.9081838528618	2.420406879104121	trials	-1.0	1.0	1.5		0.25	0.2	1597.7749911151755	1597.7748855999764	1598.8284784050286	1597.4319944782521	1597.4329277117408	1597.6216183761173	
1597.6216183761173	3.3100000000010823	WheelMovementIntervals													-1.3209079653336744
1599.9661900172512	18.711817010658933	trials	-1.0	1.0	1.5		0.0625	0.2	1617.1235210611032	1617.123402863885	1618.1779749142124	1601.3490087393693	1601.3498753133233	1614.9576183761233	
1614.9576183761233	3.365000000001146	WheelMovementIntervals													-3.2847282027500455
1618.6406183761244	3.1550000000011096	WheelMovementIntervals													-2.0703953909130632
1619.4582046120909	11.403238217605804	trials	1.0	-1.0	0.0		0.0625	0.2	1628.3148903892786	1628.3141319626163	1630.3614047708134	1622.282035830311	1622.2829357340327	1627.9516183761275	
1627.9516183761275	1.645000000000664	WheelMovementIntervals													-0.5168512551428535
1631.571042021213	2.6270882336964405	trials	1.0	1.0	1.5	0.0625		0.2	1632.6379278775848	1632.6378364310638	1633.6981144506972	1632.1482136043055	1632.1491468377944	1632.4586183761292	
1632.4586183761292	2.6460000000008677	WheelMovementIntervals													-3.57978334152574
1634.8471248540884	2.847723975816507	trials	-1.0	1.0	1.5		0.25	0.2	1636.1373534822046	1636.1372343568	1637.1948070143853	1635.7448621406043	1635.745795374093	1635.9296183761303	
1635.9296183761303	2.5970000000008895	WheelMovementIntervals													-2.048793102367199
1638.3450506191728	2.649386164719772	trials	-1.0	1.0	1.5		0.25	0.2	1639.448632549517	1639.4485440236347	1640.4943873333193	1638.9317545157585	1638.932754408782	1639.1346183761314	
1639.1346183761314	3.498000000001184	WheelMovementIntervals													-2.720747038722152
1641.6450308953163	3.516119056349453	trials	-1.0	1.0	1.5		0.25	0.2	1643.6152534391367	1643.6151398918144	1644.6610748824742	1643.1651349295992	1643.1660348333205	1643.3386183761327	
1643.3386183761327	2.8830000000009477	WheelMovementIntervals													-3.519419575433062
1645.8283499984332	4.6364024164183775	trials	-1.0	1.0	1.5		0.125	0.2	1648.9106535633	1648.9105496104783	1649.9647074591999	1647.4647415913814	1647.4656414951028	1647.711618376134	
1647.711618376134	4.543000000001484	WheelMovementIntervals													-6.211227047725629
1651.1311493309724	9.596731457899068	trials	-1.0	1.0	1.5		0.0625	0.2	1659.1605569500532	1659.1604731409213	1660.2277761040993	1652.7443767355364	1652.7452433094904	1658.8586183761379	
1658.8586183761379	3.057000000000926	WheelMovementIntervals													-4.811180665055758
1661.4385798963601	3.1759940697734237	trials	1.0	1.0	1.5	0.25		0.2	1663.0508740674354	1663.0507758708238	1664.114560266131	1662.4140755303586	1662.4151087531498	1662.615618376139	
1662.615618376139	2.595000000000937	WheelMovementIntervals													-5.013643715231183
1665.2666703378961	7.847721169127908	trials	-1.0	-1.0	0.0	0.125		0.2	1670.5446723234456	1670.5436832277192	1672.6143508933646	1665.8110454298085	1665.8120786525997	1670.3866183761418	
1670.3866183761418	2.212000000000671	WheelMovementIntervals													-3.078303554048148
1673.7956911711915	2.8021998365773015	trials	-1.0	1.0	1.5		0.125	0.2	1675.0526900211507	1675.0525902008098	1676.0978115393716	1674.444421765019	1674.445288338973	1674.8946183761432	
1674.8946183761432	2.637000000000853	WheelMovementIntervals													-1.8796003733103817
1677.247788506019	4.746520322825745	trials	-1.0	1.0	1.5		0.125	0.2	1680.4539121569974	1680.453800882076	1681.494234188704	1677.9605455831359	1677.9615788059273	1680.140618376145	
1680.140618376145	3.663000000001148	WheelMovementIntervals													-2.468555130782306
1682.6606094009414	4.266704328171727	trials	-1.0	1.0	1.5		0.25	0.2	1685.3869177195759	1685.3868108885217	1686.4272730810499	1684.9475647249276	1684.9484979584165	1685.2716183761468	
1685.2716183761468	2.568000000000893	WheelMovementIntervals													-3.125848008325761
1687.620312107255	3.1768945364015053	trials	1.0	1.0	1.5	1.0		0.2	1689.2467047699656	1689.2466082865358	1690.2971590509799	1688.8472141771986	1688.8481474106875	1689.0706183761479	
1688.0646183761476	0.24200000000018917	WheelMovementIntervals													-0.02284188198859738
1689.0706183761479	3.798000000001366	WheelMovementIntervals													-3.905439961418665
1691.4430031264624	4.000731174366365	trials	-1.0	1.0	1.5		1.0	0.2	1693.9024066672828	1693.9023204457233	1694.9436286027108	1693.4766188879905	1693.4777521000842	1693.6636183761495	
1693.6636183761495	2.6710000000007312	WheelMovementIntervals													-2.599694014885813
1696.120136064256	9.05679207360663	trials	1.0	1.0	1.5	0.0		0.2	1703.6179338923614	1703.6178270188102	1704.6768539343102	1696.7807653850666	1696.7816986185553	1703.5056183761528	
1703.5056183761528	2.2680000000007112	WheelMovementIntervals													-3.146634614639538
1705.8887242791297	7.2051240272955965	trials	1.0	-1.0	0.0		0.0625	0.2	1710.530860961091	1710.5298378236664	1712.5937735882158	1706.4139680845205	1706.4149346477768	1709.4836183761547	
1709.4836183761547	3.6320000000011987	WheelMovementIntervals													-4.102722754717888
1713.7742472920888	2.889920486054507	trials	-1.0	1.0	1.5		1.0	0.2	1715.1056381830172	1715.1055553474405	1716.1640582784541	1714.2972580030598	1714.2981579067812	1714.6076183761566	
1714.6076183761566	3.8220000000012533	WheelMovementIntervals													-2.910135511363819
1717.3128687032408	4.650800472996252	trials	-1.0	1.0	1.5		0.25	0.2	1720.4068710164859	1720.406767022177	1721.46362462355	1719.710145557517	1719.7111121207734	1720.1586183761583	
1718.7946183761578	0.13500000000021828	WheelMovementIntervals													-0.010771485731083885
1720.1586183761583	3.0330000000010386	WheelMovementIntervals													-2.853411010053378
1722.6364658106745	8.343801793516377	trials	-1.0	1.0	1.5		0.25	0.2	1729.4219731784076	1729.4218656427568	1730.4801932952398	1723.743614026137	1723.744780567998	1729.1056183761614	
1729.1056183761614	2.5390000000008968	WheelMovementIntervals													0.46984935918135307
1731.6738655870265	2.6900097506509155	trials	-1.0	1.0	1.5		0.125	0.2	1732.8094774238991	1732.8093688587207	1733.8638646174736	1732.1935433212516	1732.1946098738104	1732.3916183761623	
1732.3916183761623	1.5620000000005803	WheelMovementIntervals													-1.8429405839306128
1734.2716183761631	2.8020000000008167	WheelMovementIntervals													-2.5564806122317805
1735.0111752027244	9.432115118542924	trials	1.0	1.0	1.5	0.125		0.2	1742.886799274748	1742.8866861562835	1743.94318625437	1737.7264846980972	1737.727551250656	1742.7646183761658	
1742.7646183761658	2.4480000000010023	WheelMovementIntervals													-1.5472266374413266
1745.1607893191924	8.50251570771502	trials	-1.0	1.0	1.5		0.0625	0.2	1752.106712857707	1752.1066005171958	1753.1632331563987	1745.846449295365	1745.8474491883887	1751.6296183761688	
1751.6296183761688	4.337000000001581	WheelMovementIntervals													-6.526463678839946
1754.368904164471	7.911114150617777	trials	1.0	-1.0	0.0		0.0625	0.2	1759.7126324514502	1759.711811695233	1761.7799446078795	1756.4762120418513	1756.477345253945	1759.6016183761715	
1759.6016183761715	1.4430000000004384	WheelMovementIntervals													-1.608902838672634
1762.9792163005995	2.4340038113200535	trials	1.0	1.0	1.5	0.25		0.8	1763.8452236484939	1763.8451169449795	1764.9132093871917	1763.5761524357952	1763.5772523181213	1763.741618376173	
1763.741618376173	2.904000000000906	WheelMovementIntervals													-3.423791367856097
1766.073318603147	3.0395048290324667	trials	1.0	1.0	1.5	0.125		0.8	1767.5648256969498	1767.5647199912755	1768.6127469156372	1767.1762672679095	1767.1772005013984	1767.3836183761741	
1767.3836183761741	3.5040000000010423	WheelMovementIntervals													-3.5955092292373365
1769.7798220529914	3.5791120733458683	trials	1.0	1.0	1.5	1.0		0.8	1771.820437065686	1771.8203272258413	1772.8588593006473	1771.5761965297443	1771.5771630930008	1771.6926183761755	
1771.6926183761755	2.7750000000010004	WheelMovementIntervals													-3.70463546472331
1774.0407328547535	3.222317307195226	trials	1.0	1.0	1.5	0.125		0.8	1775.7079544826017	1775.7078407741305	1776.7629749417579	1774.7299924458114	1774.731125657905	1774.9816183761766	
1774.9816183761766	2.333000000000766	WheelMovementIntervals													-1.152297783952804
1777.9188512772457	2.7905013874540145	trials	1.0	1.0	1.5	0.0625		0.8	1779.1677509937126	1779.1676505556024	1780.2092728970476	1778.6424071990193	1778.6434070920432	1779.006618376178	
1779.006618376178	2.2480000000007294	WheelMovementIntervals													-2.6448876821436897
1781.3646492860237	2.4445040046553004	trials	1.0	1.0	1.5	0.25		0.8	1782.2689525367289	1782.2688496576368	1783.3090745898307	1781.8627959904702	1781.8636958941916	1782.113618376179	
1782.113618376179	2.203000000000884	WheelMovementIntervals													-2.9431872945858686
1784.4683505615994	15.677538189004053	trials	1.0	1.0	1.5	0.0		0.8	1798.578974232231	1798.57888313343	1799.6458267588353	1785.1630095749858	1785.163976138242	1788.8906183761812	
1788.8906183761812	1.2180000000005293	WheelMovementIntervals													-0.2682142393338154
1798.4736183761845	2.6920000000009168	WheelMovementIntervals													-2.13016010869012
1800.93738857765	2.854593565360119	trials	1.0	1.0	1.5	0.0625		0.8	1802.2288837369297	1802.228784309493	1803.2919366700435	1801.6094166789314	1801.6104832314902	1801.7196183761855	
1801.7196183761855	3.1140000000011696	WheelMovementIntervals													-2.690959421562866
1804.464177921354	2.9153152973492524	trials	1.0	1.0	1.5	1.0		0.8	1805.8093673360106	1805.8092845180533	1806.8794195202909	1805.5626603972769	1805.5637269498357	1805.6836183761868	
1805.6836183761868	3.7820000000012897	WheelMovementIntervals													-5.792424609063346
1808.0479944971808	5.131210890284365	trials	1.0	1.0	1.5	0.25		0.8	1811.6265782995163	1811.6264999998639	1812.679099026113	1811.1591949704348	1811.1603281825285	1811.4666183761888	
1809.8376183761884	0.13599999999996726	WheelMovementIntervals													-0.012157293538962222
1811.4666183761888	1.956000000000813	WheelMovementIntervals													-3.1160470517032763
1813.6956183761895	0.6720000000002528	WheelMovementIntervals													-0.09379757636054364
1813.8838034709288	2.9121885187871612	trials	1.0	1.0	1.5	0.25		0.8	1815.244491227454	1815.2443971724172	1816.295945401492	1814.9422902259007	1814.943256789157	1815.1096183761902	
1815.1096183761902	2.614000000000715	WheelMovementIntervals													-5.791014048588181
1817.4659868881502	3.476020848130702	trials	-1.0	1.0	1.5		0.25	0.8	1819.3964136896243	1819.396296799605	1820.4419684948218	1819.025420048035	1819.0265532601286	1819.2486183761914	
1819.2486183761914	3.1060000000011314	WheelMovementIntervals													-2.9223353989486895
1821.628108259163	12.24731354915184	trials	1.0	1.0	1.5	0.0		0.8	1832.315531503354	1832.315417464614	1833.3753181192567	1823.0123268315144	1823.0131600757009	1825.1076183761934	
1825.1076183761934	0.8000000000001819	WheelMovementIntervals													0.2834054287750405
1832.1346183761957	2.264000000000806	WheelMovementIntervals													-2.826941641863982
1834.6092194403668	2.5997167610814813	trials	1.0	1.0	1.5	0.125		0.8	1835.667439557199	1835.6673250412375	1836.7088614712318	1835.3122442253855	1835.3133441077116	1835.525618376197	
1835.525618376197	2.8700000000008004	WheelMovementIntervals													-4.291422503808917
1837.87483672626	3.083800882654714	trials	1.0	1.0	1.5	0.25		0.8	1839.3843418944907	1839.3842356899029	1840.458526969936	1838.9287239733223	1838.9296238770437	1839.2236183761981	
1839.2236183761981	0.4920000000001892	WheelMovementIntervals													-0.9526249084049141
1840.0516183761983	1.4190000000005512	WheelMovementIntervals													-0.6842021874230113
1841.6377341426453	7.857617429653146	trials	1.0	1.0	1.5	0.125		0.8	1847.943959454314	1847.9438465256771	1848.9953136390495	1842.1790428959516	1842.1799094699056	1847.815618376201	
1847.815618376201	3.1470000000010714	WheelMovementIntervals													-2.513599425251755
1850.2042509643325	3.770895678786701	trials	-1.0	1.0	1.5		0.25	0.8	1852.4206471706073	1852.420546661383	1853.4750343641817	1851.9250001987202	1851.926133410814	1852.1406183762024	
1852.1406183762024	1.7460000000005493	WheelMovementIntervals													-1.161495695506801
1854.6467423392128	2.465701771721797	trials	-1.0	1.0	1.5		1.0	0.8	1855.557144937363	1855.5570418857512	1856.612365375124	1855.1453223306362	1855.1464222129623	1855.3286183762034	
1855.3286183762034	2.2580000000009477	WheelMovementIntervals													0.49197320583448345
1857.7769407799187	3.6681328459012548	trials	1.0	1.0	1.5	0.0		0.8	1859.8900480368372	1859.8899579725628	1860.9450018364585	1858.4585678542285	1858.4597010663222	1859.7466183762049	
1859.7466183762049	2.4970000000009804	WheelMovementIntervals													-2.9181902215525497
1862.120076118003	5.337893186316251	trials	1.0	-1.0	0.0		0.0625	0.8	1864.9136105776026	1864.9128709834667	1866.9579251944851	1862.8081691671998	1862.808969081619	1864.7946183762067	
1864.7946183762067	1.4910000000004402	WheelMovementIntervals													-1.0394345707150023
1868.1432650444071	2.7652011210450382	trials	-1.0	1.0	1.5		0.125	0.8	1869.3570685157392	1869.356964658617	1870.4084560302424	1868.628379809777	1868.629246383731	1869.100618376208	
1869.100618376208	3.7870000000011714	WheelMovementIntervals													-3.6250743501138913
1871.5806639517853	3.6478060995966644	trials	1.0	1.0	1.5	1.0		0.8	1873.685872053816	1873.6857657405224	1874.7284271799422	1873.4118347057656	1873.4128345987895	1873.5426183762095	
1873.5426183762095	2.0890000000008513	WheelMovementIntervals													-2.938060834900398
1875.908167628931	2.387107837505482	trials	1.0	1.0	1.5	1.0		0.8	1876.7457780149502	1876.7456693261395	1877.7951990731733	1876.4249790031547	1876.4261455450157	1876.5886183762107	
1876.5886183762107	3.5600000000010823	WheelMovementIntervals													-4.397217489336299
1878.9658738254132	4.045625869316382	trials	1.0	1.0	1.5	0.25		0.8	1881.4715057536996	1881.471387988709	1882.511461157964	1881.2075006656546	1881.208400569376	1881.3776183762122	
1880.4166183762118	0.09300000000007458	WheelMovementIntervals													-0.007256747824158083
1881.3776183762122	1.4300000000005184	WheelMovementIntervals													-2.486505986530915
1883.7007005906787	2.6110889612361916	trials	1.0	1.0	1.5	0.125		0.8	1884.7438889823868	1884.7437949823843	1885.8117080722473	1884.3250337947259	1884.3260336877497	1884.6136183762133	
1884.6136183762133	1.648000000000593	WheelMovementIntervals													-1.5367476141700536
1886.5686183762139	0.1750000000001819	WheelMovementIntervals													-0.02174451763221441
1886.9811829528585	2.376608213167401	trials	1.0	1.0	1.5	0.125		0.8	1887.7948958956094	1887.7947850798587	1888.8577488501185	1887.4577986275262	1887.4586652014802	1887.6526183762144	
1887.6526183762144	2.8570000000008804	WheelMovementIntervals													-2.7617050784663206
1890.0224909037506	3.5058187757588257	trials	-1.0	1.0	1.5		0.125	0.8	1891.963316592672	1891.9631996367043	1893.0283026522986	1891.261858306724	1891.26295818905	1891.6746183762157	
1891.6746183762157	0.678000000000111	WheelMovementIntervals													0.4202570236916472
1892.597618376216	1.2180000000005293	WheelMovementIntervals													-0.0571641218161858
1894.208309739427	2.466499493875517	trials	1.0	1.0	1.5	0.25		0.8	1895.117312487344	1895.1172088159262	1896.174732689757	1894.7241878801617	1894.7255544006275	1894.9956183762167	
1894.9956183762167	3.0040000000010423	WheelMovementIntervals													-4.2149857920321665
1897.3538065433968	3.2413128437581236	trials	1.0	1.0	1.5	0.125		0.8	1899.0206282140355	1899.020511605124	1900.0950465978528	1898.744391101333	1898.7455243134266	1898.9076183762181	
1898.9076183762181	2.1440000000006876	WheelMovementIntervals													-3.17269902800399
1901.2923185045252	18.00232294810894	trials	1.0	1.0	1.5	0.125		0.8	1917.755957098247	1917.7558376620302	1918.7945793118133	1901.8576580201695	1901.858491264356	1917.6366183762243	
1917.6366183762243	6.865000000002283	WheelMovementIntervals													-6.62640856154178
1920.0931403817945	3.0181043918844352	trials	1.0	1.0	1.5	0.125		0.8	1921.5568504495363	1921.5567410567755	1922.611170983576	1921.240717605185	1921.241584179139		
1923.815842098624	5.462008240499699	trials	1.0	1.0	1.5	0.0		0.8	1927.724057301132	1927.7239465637447	1928.7777778993573	1925.090739033709	1925.0915389481281	1927.6076183762277	
1927.6076183762277	3.7000000000011823	WheelMovementIntervals													-4.21930186659506
1929.981249142777	3.992629807125013	trials	1.0	1.0	1.5	0.125		0.8	1932.4165552617244	1932.4164654931906	1933.4737421557654	1931.9575710340428	1931.9584376079965	1932.195618376229	
1932.195618376229	0.7840000000003329	WheelMovementIntervals													-1.1929003280387178
1933.2966183762296	1.5620000000003529	WheelMovementIntervals													-1.7986818489938514
1934.6718806363917	2.8554940021640505	trials	1.0	1.0	1.5	0.0625		0.8	1935.9562765552025	1935.9561765894969	1937.0273619622742	1935.6111468131617	1935.612046716883	1935.8346183762303	
1935.8346183762303	1.3790000000005875	WheelMovementIntervals													-2.067392496705793
1938.2030695094002	2.5208957619363446	trials	1.0	1.0	1.5	0.125		0.8	1939.1681662559513	1939.1680671214724	1940.223886640224	1938.8239697473991	1938.825036299958	1939.0626183762315	
1939.0626183762315	1.4920000000004165	WheelMovementIntervals													-1.661510031603484
1941.392461617114	2.898115684341974	trials	-1.0	1.0	1.5		0.0625	0.8	1942.7409840085165	1942.7408679840282	1943.7905050560419	1941.877309744344	1941.878309637368	1942.4796183762326	
1942.4796183762326	2.0600000000006276	WheelMovementIntervals													-1.7847780744069723
1944.973178524567	2.5711172031437854	trials	1.0	1.0	1.5	0.25		0.8	1945.9863701255617	1945.9862841210775	1947.044223614952	1945.494356098328	1945.4952893318166	1945.7036183762336	
1945.7036183762336	1.8430000000005293	WheelMovementIntervals													-2.498593145204268
1948.2320965272006	3.4584937128106503	trials	-1.0	1.0	1.5		0.125	0.8	1950.1243940747015	1950.124291446037	1951.190480016654	1948.7237105972251	1948.7245771711791	1949.150618376235	
1949.150618376235	4.113000000001193	WheelMovementIntervals													-5.257823077305716
1952.3866853707677	4.053822574838705	trials	1.0	1.0	1.5	0.125		0.8	1954.8845847930036	1954.8844980482081	1955.9404718261137	1954.5439545695697	1954.5448211435237	1954.7686183762366	
1953.4226183762362	0.22600000000011278	WheelMovementIntervals													-0.01840054592639717
1954.7686183762366	1.8370000000006712	WheelMovementIntervals													-2.6548027709852704
1956.9606183762373	0.37300000000027467	WheelMovementIntervals													-0.11922202851451402
1957.1459095258135	2.9482103070777157	trials	1.0	1.0	1.5	0.0625		0.8	1958.5374939767735	1958.5374134466094	1959.5940809350002	1958.0941080802627	1958.0951079732865	1958.347618376238	
1958.347618376238	2.716000000000804	WheelMovementIntervals													-2.5829159703009736
1960.7887197900432	2.6854056489735285	trials	1.0	1.0	1.5	1.0		0.8	1961.915199270632	1961.9151213206162	1962.974052653046	1961.690589967724	1961.6914232119104	1961.757618376239	
1961.757618376239	2.697000000001026	WheelMovementIntervals													-3.7716452803518905
1964.1729243885563	3.0509001467228245	trials	1.0	1.0	1.5	0.0625		0.8	1965.6629983023586	1965.6629234834527	1966.7237848112852	1965.260408041218	1965.2613746044742	1965.5196183762403	
1965.5196183762403	2.114000000000715	WheelMovementIntervals													-2.1367336528057876
1967.9330221044754	8.561106477239719	trials	1.0	-1.0	0.0		0.0	0.8	1973.949278439248	1973.9484252503776	1975.994059672875	1968.8604895435649	1968.8613227877513	1973.795618376243	
1973.795618376243	1.3490000000003874	WheelMovementIntervals													-1.7668739561144093
1977.2344269688722	2.6718070659237583	trials	-1.0	1.0	1.5		1.0	0.8	1978.3617396936475	1978.3616291061223	1979.4062279462864	1977.9733479134445	1977.9742144873985	1978.1926183762446	
1978.1926183762446	2.309000000000651	WheelMovementIntervals													-0.6375301457246678
1980.6019333538882	2.555016547035848	trials	1.0	1.0	1.5	0.25		0.8	1981.6068258427856	1981.6067390747687	1982.6568801665903	1981.2104682481597	1981.2115014709511	1981.4116183762455	
1981.4116183762455	2.4950000000008004	WheelMovementIntervals													-3.8287207363234756
1983.8559518807053	6.650382132460209	trials	1.0	1.0	1.5	0.0		0.8	1988.948040423367	1988.947936668766	1990.0062938699668	1984.610571145751	1984.6114710494724	1988.822618376248	
1988.822618376248	2.0930000000007567	WheelMovementIntervals													-2.2902212296839934
1991.0976183762489	0.3330000000000837	WheelMovementIntervals													-0.023083676093506256
1991.227729858047	2.949225742075214	trials	1.0	1.0	1.5	0.25		0.8	1992.6137482378413	1992.6136410150116	1993.6769011602576	1992.3100473967525	1992.311047289776	1992.4356183762493	
1992.4356183762493	1.6140000000004875	WheelMovementIntervals													-2.6293148596110996
1995.2843625150513	2.3091867811544944	trials	1.0	1.0	1.5	1.0		0.8	1996.0302493810225	1996.0301572768738	1997.0934689629737	1995.7732768739115	1995.7743434264703	1995.9086183762504	
1995.9086183762504	1.6110000000005584	WheelMovementIntervals													-2.0414529164287387
1998.28544143662	2.5580174932829323	trials	1.0	1.0	1.5	1.0		0.8	1999.2918670948204	1999.2917471381734	2000.3433879283934	1999.0063976365318	1999.0072975402531	1999.1706183762515	
1999.1706183762515	4.110000000001492	WheelMovementIntervals													-2.6228455188328326
2001.5402598778562	5.353417652050666	trials	1.0	1.0	1.5	0.0625		0.8	2005.3382535393764	2005.3381702725571	2006.3935739664396	2005.0228872796765	2005.0238871727004	2005.2336183762536	
2003.593618376253	0.10300000000006548	WheelMovementIntervals													-0.00690859500514307
2003.979618376253	0.15200000000004366	WheelMovementIntervals													-0.012350844000593497
2005.2336183762536	1.8740000000004784	WheelMovementIntervals													-3.615886547751188
2007.6160765070786	3.160492880874699	trials	1.0	1.0	1.5	0.0		0.8	2009.21727186559	2009.2171713807645	2010.276491875446	2008.1062240673348	2008.107190630591	2008.9226183762548	
2008.9226183762548	2.0490000000006603	WheelMovementIntervals													-1.3263554802200588
2011.4701641672327	3.019803636876759	trials	1.0	1.0	1.5	0.0625		0.8	2012.9373738605577	2012.9372649624709	2013.9898945871544	2012.122727684318	2012.1237942368766	2012.702618376256	
2012.702618376256	4.376000000001568	WheelMovementIntervals													-4.684200580688753
2015.1900661835957	4.6364262505576335	trials	-1.0	1.0	1.5		1.0	0.8	2018.2621708396202	2018.2620815890107	2019.3264236443624	2017.6433703769712	2017.6444035997624	2017.8186183762577	
2017.8186183762577	2.270000000000664	WheelMovementIntervals													-0.9088561014405059
2020.5470930477913	2.5124942149082017	trials	1.0	1.0	1.5	0.25		0.8	2021.5125897515518	2021.5124896722223	2022.5595444069827	2021.189091028592	2021.190024262081	2021.3866183762589	
2021.3866183762589	2.6450000000008913	WheelMovementIntervals													-2.453253904504436
2023.767981785754	3.971729129340474	trials	1.0	1.0	1.5	0.0		0.8	2026.1712913279405	2026.1711982011927	2027.2396770238477	2024.8393671607325	2024.8403337239888	2025.9256183762604	
2025.9256183762604	2.232000000000653	WheelMovementIntervals													-1.8329999449053958
2028.4538137928544	6.485392549036533	trials	1.0	1.0	1.5	0.0		0.8	2033.3747206498454	2033.3746066219344	2034.439140103425	2029.1264751597178	2029.1276417015788	2033.2476183762628	
2033.2476183762628	2.4160000000008495	WheelMovementIntervals													-3.5970853791594664
2035.7187032059542	2.4077021012205932	trials	1.0	1.0	1.5	0.125		0.8	2036.5601131854637	2036.5600032413226	2037.6263657762538	2036.2095840210945	2036.2105172545835	2036.446618376264	
2036.446618376264	2.3910000000007585	WheelMovementIntervals													-2.604988722320286
2038.8331033368845	2.5061200587733765	trials	1.0	1.0	1.5	0.25		0.8	2039.7818018378455	2039.7817101724213	2040.8391553807237	2039.322984259001	2039.3238175031875	2039.607618376265	
2039.607618376265	1.4630000000004202	WheelMovementIntervals													-4.4149725480118605
2041.4216183762655	1.1310000000005402	WheelMovementIntervals													-1.0483859750806914
2042.0440264743768	3.145593735196826	trials	1.0	1.0	1.5	0.125		0.8	2043.6493213942856	2043.6492217465513	2044.6895101069224	2043.0932808837624	2043.094114127949	2043.2486183762662	
2043.2486183762662	2.575000000000955	WheelMovementIntervals													-3.7407911479069753
2045.888615150805	2.4374014959525994	trials	1.0	1.0	1.5	0.125		0.8	2046.772520583825	2046.772414605439	2047.8259412141433	2046.4263909487606	2046.4273908417842	2046.4256183762673	
2046.4256183762673	2.010000000000673	WheelMovementIntervals													-2.429373880451294
2049.022313217094	3.070224105158559	trials	-1.0	1.0	1.5		0.125	0.8	2050.539717540213	2050.539624141508	2051.5924382454145	2049.7225716314138	2049.723704843507	2049.9206183762685	
2049.9206183762685	3.030000000000655	WheelMovementIntervals													-3.2852676924684374
2052.8172405400082	3.27150867331693	trials	-1.0	1.0	1.5		0.125	0.8	2054.539022997187	2054.5389435257157	2055.588677363782	2053.6055895297227	2053.606656082281	2054.0246183762697	
2054.0246183762697	3.151000000001204	WheelMovementIntervals													-3.050796374102788
2056.802947451859	5.002989904180595	trials	-1.0	1.0	1.5		0.125	0.2	2060.2560446797106	2060.2559391034983	2061.305865695143	2059.4760614616284	2059.476928035582	2059.926618376272	
2057.623618376271	0.08299999999962893	WheelMovementIntervals													-0.0077733347350203985
2059.926618376272	1.9750000000003638	WheelMovementIntervals													-1.1580065317491517
2062.5407335795094	2.7484250635266108	trials	-1.0	1.0	1.5		0.0625	0.2	2063.753337179213	2063.7532437543405	2064.78905970301	2063.2427251417366	2063.2435583859233	2063.514618376273	
2063.514618376273	3.1490000000007967	WheelMovementIntervals													-3.825398323142963
2066.007562671554	3.0849970919316547	trials	-1.0	1.0	1.5		1.0	0.2	2067.5436649942176	2067.5435597299706	2068.592486116626	2067.1256097209757	2067.126509624697	2067.358618376274	
2067.358618376274	3.4790000000011787	WheelMovementIntervals													-2.8750808352439208
2069.8144553809857	12.307732341707833	trials	1.0	-1.0	0.0		0.125	0.2	2079.5596794288704	2079.558879403483	2081.622125439251	2071.4721113655733	2071.473111258597	2079.4556183762784	
2079.4556183762784	1.623000000000502	WheelMovementIntervals													-2.372432639386716
2082.9098876645753	2.7458989453439244	trials	-1.0	1.0	1.5		0.0625	0.2	2084.0985938210106	2084.098486342327	2085.155680725749	2083.392469367618	2083.393635909479	2083.6646183762796	
2083.6646183762796	2.173000000000684	WheelMovementIntervals													-1.4784156997034188
2086.373083811967	2.852915764869067	trials	-1.0	1.0	1.5		0.0625	0.2	2087.656479837754	2087.656390003717	2088.7258987564524	2087.0424455318516	2087.0432454462707	2087.298618376281	
2087.298618376281	3.197000000001026	WheelMovementIntervals													-3.173442611240148
2089.9505010724415	3.0217016846190745	trials	-1.0	1.0	1.5		1.0	0.2	2091.41477774623	2091.41470091962	2092.4720979593408	2090.9053655803823	2090.906198824569	2091.1736183762823	
2091.1736183762823	2.635000000000673	WheelMovementIntervals													-2.281685210001001
2093.6929006818395	5.929189597211916	trials	-1.0	1.0	1.5		0.125	0.2	2098.0653995450552	2098.0652915355918	2099.1220864925845	2094.2426085365455	2094.243508440267	2097.6846183762846	
2097.6846183762846	1.8590000000003783	WheelMovementIntervals													-0.5278009719880856
2100.366186722537	8.138813304488394	trials	-1.0	1.0	1.5		0.0	0.2	2106.9621143729614	2106.961995883854	2108.0049361372276	2101.092609004312	2101.0937422164056	2106.536618376287	
2106.536618376287	3.8060000000014043	WheelMovementIntervals													-4.753514100288953
2109.2856991113854	7.0727285502362065	trials	1.0	1.0	1.5	0.125		0.2	2114.8172406379977	2114.8171198757236	2115.8583959138905	2110.858397518719	2110.8592974224402	2114.69961837629	
2114.69961837629	3.0810000000010405	WheelMovementIntervals													-2.6290183196719
2117.1117284894294	5.72660913851405	trials	1.0	-1.0	0.0		0.0	0.2	2120.27519003806	2120.2743318795133	2122.3382359842544	2118.221909713731	2118.222876276987	2120.158618376292	
2120.158618376292	1.300000000000182	WheelMovementIntervals													-1.4065921874025662
2123.589635433281	3.0519000533545295	trials	-1.0	1.0	1.5		0.0625	0.2	2125.089941585693	2125.0898339848213	2126.1414957490333	2124.158941191253	2124.1598077652066	2124.8006183762936	
2124.8006183762936	2.049000000000433	WheelMovementIntervals													-1.6746443051611095
2127.3624317906015	2.7128018853959475	trials	-1.0	1.0	1.5		1.0	0.2	2128.518641423764	2128.518531315597	2129.5751950522235	2128.005196356054	2128.006062930008	2128.2136183762946	
2128.2136183762946	2.890000000001237	WheelMovementIntervals													-2.5520670019342333
2130.802830377051	3.1218208506597875	trials	-1.0	1.0	1.5		0.125	0.2	2132.3790617397353	2132.378939389287	2133.424616544933	2131.9210107455424	2131.922043968334	2132.1636183762957	
2132.1636183762957	1.6200000000008004	WheelMovementIntervals													-0.7755107562624062
2134.1126183762967	0.12799999999970169	WheelMovementIntervals													-0.019835369404177072
2134.6476523618517	2.5442162575318434	trials	1.0	1.0	1.5	1.0		0.2	2135.635446680042	2135.6353575086364	2136.691800329897	2135.3216802491806	2135.322646812437	2135.5126183762973	
2135.5126183762973	1.605000000000473	WheelMovementIntervals													-1.911661004328721
2137.9156693910018	3.305704122082716	trials	-1.0	1.0	1.5		0.0625	0.2	2139.6718481681987	2139.6717699870896	2140.7213358859567	2138.404883717769	2138.4059502703276	2139.0246183762983	
2139.0246183762983	4.443000000001575	WheelMovementIntervals													-5.089790830804191
2141.953170761484	9.317821330385414	trials	1.0	-1.0	0.0		0.0625	0.2	2148.727146029676	2148.7262840858193	2150.7709273702794	2144.008484201628	2144.009550754187	2148.6076183763016	
2148.6076183763016	1.6690000000003238	WheelMovementIntervals													-2.3558735478493418
2152.0490906225755	2.2887848621871854	trials	1.0	1.0	1.5	0.25		0.2	2152.78417864389	2152.784085119132	2153.8377992528126	2152.5413379581814	2152.542437840508	2152.6866183763027	
2152.6866183763027	1.941000000000713	WheelMovementIntervals													-2.8252199770362267
2155.064168046477	2.840516425721944	trials	-1.0	1.0	1.5		0.125	0.2	2156.3438977978435	2156.34377454503	2157.404650977003	2155.8077218287262	2155.80872172175	2156.079618376304	
2156.079618376304	3.501000000001113	WheelMovementIntervals													-3.2998308003135435
2158.633486173459	3.8873053218289897	trials	-1.0	1.0	1.5		0.25	0.2	2160.967103171888	2160.9669881675127	2162.020723780811	2160.2417141129044	2160.242714005928	2160.7356183763054	
2160.7356183763054	1.8860000000008768	WheelMovementIntervals													-2.88846686558054
2163.2698901354174	5.3215043598374905	trials	1.0	-1.0	0.0		0.0625	0.2	2166.0209291415067	2166.0200913550025	2168.0913076365423	2163.908021863193	2163.908955096682	2165.9036183763073	
2165.9036183763073	1.0390000000002146	WheelMovementIntervals													-1.16626210968343
2169.78569302487	2.972404783886759	trials	-1.0	1.0	1.5		1.0	0.2	2171.1866098107184	2171.186494336828	2172.2580285154645	2170.287605993039	2170.288539226528	2170.5076183763085	
2170.5076183763085	3.3940000000011423	WheelMovementIntervals													-3.2203135451567277
2173.4919964961096	2.8322176149204097	trials	-1.0	1.0	1.5		1.0	0.2	2174.7525283014197	2174.7524030001086	2175.824180314538	2174.3877339965775	2174.388833878904	2174.40861837631	
2174.40861837631	3.6630000000009204	WheelMovementIntervals													-4.6207601354913095
2177.0587149012295	3.7493177733454104	trials	-1.0	1.0	1.5		0.25	0.2	2179.24381445586	2179.243724093543	2180.3079339415326	2178.7375352881536	2178.738435191875	2179.0036183763114	
2179.0036183763114	2.2270000000007713	WheelMovementIntervals													-2.827410753918457
2181.5553338184636	6.5156922034589115	trials	-1.0	1.0	1.5		0.0625	0.2	2186.524535508503	2186.5244248220156	2187.5709568876546	2182.2210625936955	2182.222062486719	2186.400618376314	
2186.400618376314	2.272000000000844	WheelMovementIntervals													-3.451019018111424
2188.844620621344	3.1961115369413164	trials	-1.0	1.0	1.5		0.0625	0.2	2190.490344549181	2190.490225531697	2191.540665511125	2189.3578990402166	2189.3589655927753	2190.2106183763153	
2190.2106183763153	2.8420000000010077	WheelMovementIntervals													-3.511329663569313
2192.7850323792172	3.252507259314825	trials	-1.0	1.0	1.5		0.25	0.2	2194.4892500489455	2194.489135134757	2195.5374712355397	2193.487490558189	2193.488557110748	2193.8986183763163	
2193.8986183763163	3.3870000000015352	WheelMovementIntervals													-5.565000302782323
2196.7750388310706	3.595803556041119	trials	1.0	1.0	1.5	0.125		0.8	2198.8319521000526	2198.8318397211265	2199.8707742922234	2198.290843325351	2198.291843218375	2198.663618376318	
2198.663618376318	2.872000000001208	WheelMovementIntervals													-3.8032632951061487
2201.119340711016	3.4680161188130114	trials	1.0	1.0	1.5	0.0625		0.8	2203.034169181319	2203.0340479539714	2204.0872565139625	2202.457697523343	2202.4590973735767	2202.7546183763193	
2202.7546183763193	2.6190000000010514	WheelMovementIntervals													-2.8353377469906036
2205.3322566476363	3.0749948010493426	trials	-1.0	1.0	1.5		0.125	0.8	2206.8544604572694	2206.854353084217	2207.907181162471	2206.124305241539	2206.1254051238648	2206.5556183763206	
2206.5556183763206	2.748000000000957	WheelMovementIntervals													-2.5442262363258124
2209.154647698937	2.715926751769075	trials	1.0	1.0	1.5	1.0		0.8	2210.310157406983	2210.310057803419	2211.3705439586997	2210.053751505918	2210.054684739407	2210.169618376322	
2210.169618376322	2.6760000000008404	WheelMovementIntervals													-5.559705437563252
2212.6108779249294	2.7798952410121274	trials	1.0	1.0	1.5	1.0		0.8	2213.822381642307	2213.8222745437906	2214.8907006786794	2213.5566767361215	2213.557643299378	2213.728618376323	
2213.728618376323	2.228000000000975	WheelMovementIntervals													-4.465576830330633
2216.129868103048	2.557413832864313	trials	1.0	1.0	1.5	0.125		0.8	2217.1249616403124	2217.124872706822	2218.187214659007	2216.6868751768275	2216.6879417293862	2216.8596183763243	
2216.8596183763243	5.001000000001568	WheelMovementIntervals													-2.9693520927821737
2219.4149833029046	6.222016466628702	trials	1.0	1.0	1.5	0.0625		0.8	2224.079484258831	2224.07939414799	2225.1368711314767	2223.6406645404622	2223.641497784649	2223.8956183763266	
2223.8956183763266	2.9420000000009168	WheelMovementIntervals													-5.694813836889807
2226.4284996098263	3.0452976308656616	trials	1.0	1.0	1.5	0.0625		0.8	2227.903875096179	2227.9037970087443	2228.9737939613897	2227.423826455463	2227.4247930187194	2227.678618376328	
2227.678618376328	3.2060000000010405	WheelMovementIntervals													-3.559804143602946
2230.2298929076273	3.2105091067082867	trials	1.0	1.0	1.5	0.25		0.8	2231.886182371749	2231.8860965737613	2232.9403695867186	2231.5535512925053	2231.554384536692	2231.6566183763293	
2231.6566183763293	2.698000000000775	WheelMovementIntervals													-2.703697128839053
2234.198101691562	2.5556133046470677	trials	1.0	1.0	1.5	0.25		0.8	2235.1862959669625	2235.1862056757573	2236.253615110311	2234.887061314713	2234.8880278779693	2235.07361837633	
2235.07361837633	2.248000000000957	WheelMovementIntervals													-4.227592309685974
2237.5008150086373	2.92300758669262	trials	-1.0	1.0	1.5		1.0	0.8	2238.8562033321364	2238.8561171353354	2239.9237557838574	2238.223704335062	2238.2246375685504	2238.4526183763314	
2238.4526183763314	2.8990000000007967	WheelMovementIntervals													-1.598926175175393
2241.1855207905633	2.555088065041673	trials	1.0	1.0	1.5	0.0625		0.8	2242.190713247368	2242.190614915604	2243.240567592568	2241.8363844895084	2241.837251063462	2242.0146183763327	
2242.0146183763327	2.655000000000655	WheelMovementIntervals													-3.875208902020404
2244.481201526705	2.5925098990951483	trials	1.0	1.0	1.5	0.25		0.8	2245.5199237295733	2245.519804290597	2246.573677657566	2245.1867260442828	2245.187892586144	2245.2936183763336	
2245.2936183763336	3.1420000000011896	WheelMovementIntervals													-5.821865744846036
2247.825210425662	7.695124579606727	trials	-1.0	1.0	1.5		0.0625	0.8	2253.9833182507414	2253.983227694725	2255.020240646167	2249.0367141430393	2249.037847355133	2253.8556183763367	
2253.8556183763367	1.0260000000002947	WheelMovementIntervals													-0.9845968157501375
2255.220618376337	4.235000000001492	WheelMovementIntervals													-3.3534945626028048
2256.3261342649894	5.61061606714793	trials	1.0	1.0	1.5	0.125		0.8	2260.376134298269	2260.3760436972448	2261.436687498823	2259.9067845129075	2259.9077177463964	2260.1106183763386	
2260.1106183763386	2.3550000000009277	WheelMovementIntervals													-3.423858143604434
2262.729549178569	2.794092229175021	trials	1.0	1.0	1.5	0.125		0.8	2263.9646503713075	2263.9645444178395	2265.023603743024	2263.5726256464513	2263.5736588692425	2263.8236183763397	
2262.7736183763395	0.13400000000001455	WheelMovementIntervals													-0.0073619199362156
2263.8236183763397	2.727000000001226	WheelMovementIntervals													-3.8089089556799536
2266.2848354734506	4.384815068103308	trials	1.0	1.0	1.5	0.0625		0.8	2269.119932153072	2269.1198439226514	2270.1696198494346	2267.053386581294	2267.0542864850154	2268.992618376342	
2268.992618376342	3.285000000000764	WheelMovementIntervals													-5.416350328359272
2271.437850831028	6.4150995444815635	trials	1.0	1.0	1.5	0.0625		0.8	2276.29616438473	2276.2960482141407	2277.3529513215617	2272.673351980976	2272.67421855493	2276.172618376344	
2276.172618376344	2.402000000000953	WheelMovementIntervals													-1.9098989194628757
2278.6400469515365	2.4496221227882415	trials	1.0	1.0	1.5	1.0		0.8	2279.5267520850234	2279.5266538727656	2280.5896383693	2279.2398827765014	2279.2408160099903	2279.419618376345	
2279.419618376345	3.0990000000010696	WheelMovementIntervals													-3.049655393897069
2281.8341718862293	3.6556979793544997	trials	1.0	1.0	1.5	0.125		0.8	2283.9369802450033	2283.936868998437	2284.989800939507	2283.2527534488313	2283.2540866395298	2283.7136183763464	
2283.7136183763464	4.75800000000163	WheelMovementIntervals													-5.096122081949147
2286.2527658178415	5.9666091539234	trials	1.0	1.0	1.5	0.0625		0.8	2290.663393935031	2290.663271106007	2291.719280968141	2290.036361019819	2290.037360912843	2290.513618376349	
2288.891618376348	0.18000000000029104	WheelMovementIntervals													-0.013674271203967692
2290.513618376349	2.3020000000005894	WheelMovementIntervals													-3.1196940642374784
2293.031173945106	7.775417714878131	trials	1.0	1.0	1.5	0.0625		0.8	2299.247275565564	2299.247185708828	2300.3064955754203	2293.5898808370257	2293.590680751445	2299.1236183763517	
2299.1236183763517	1.068000000000211	WheelMovementIntervals													-1.5448391319670236
2300.6986183763524	2.0460000000002765	WheelMovementIntervals													-2.9537694661870546
2301.603290167726	3.882804492804553	trials	1.0	1.0	1.5	0.125		0.8	2303.911209915444	2303.9110910549957	2304.986028256471	2303.319273245367	2303.3201731490885	2303.500618376353	
2303.500618376353	2.8300000000008367	WheelMovementIntervals													-4.7981235732902405
2306.259991958067	2.609507299664074	trials	1.0	1.0	1.5	0.125		0.8	2307.311612780942	2307.311493690618	2308.3694662703324	2306.755838908559	2306.756805471815	2306.9516183763544	
2306.9516183763544	0.6199999999998909	WheelMovementIntervals													-0.8677926615544038
2307.9506183763547	1.7270000000007713	WheelMovementIntervals													-2.8787760025352327
2309.635197519366	2.6040079682006763	trials	1.0	1.0	1.5	1.0		0.8	2310.682018855727	2310.6818999183333	2311.739205749768	2310.3895168165045	2310.390416720226	2310.5176183763556	
2309.890618376355	0.07300000000032014	WheelMovementIntervals													-0.005950024959815892
2310.5176183763556	3.2700000000008913	WheelMovementIntervals													-3.755511983651786
2312.990505209492	14.465327358771447	trials	1.0	1.0	1.5	0.0625		0.8	2325.9040236222886	2325.9039269549444	2326.955811094001	2314.4527154376983	2314.453715330722	2325.5816183763604	
2325.5816183763604	0.9850000000005821	WheelMovementIntervals													-1.0484986388992183
2326.859618376361	2.117000000000644	WheelMovementIntervals													-2.6924795940893773
2328.3272310356483	3.024599012436738	trials	1.0	1.0	1.5	1.0		0.8	2329.8036397447922	2329.80352908933	2330.8517942718518	2329.4856737632304	2329.486507007417	2329.528618376362	
2329.528618376362	0.6030000000000655	WheelMovementIntervals													-1.1823478683967323
2330.609618376362	2.9170000000012806	WheelMovementIntervals													-1.2002384205178487
2332.1126260450687	13.159735250153972	trials	1.0	1.0	1.5	0.0625		0.8	2343.7166512241574	2343.716554482455	2344.772338278663	2334.0557848177123	2334.0567847107363	2343.6246183763665	
2333.8816183763633	0.1799999999998363	WheelMovementIntervals													-0.017824543537244608
2334.3396183763634	0.22800000000006548	WheelMovementIntervals													-0.01711322342089261
2343.6246183763665	1.9800000000009277	WheelMovementIntervals													-2.4742194194661806
2346.016618376367	0.12400000000025102	WheelMovementIntervals													-0.02031577103912241
2346.1235603812297	2.578709482424074	trials	1.0	1.0	1.5	0.125		0.8	2347.1571497999093	2347.1570629792745	2348.202237988363	2346.8522157574243	2346.853282309983	2347.0526183763677	
2347.0526183763677	0.8130000000001019	WheelMovementIntervals													-2.5023492625703057
2348.178618376368	3.4040000000013606	WheelMovementIntervals													-2.975913657457113
2349.4720687987938	5.479498637364486	trials	-1.0	1.0	1.5		0.125	0.8	2353.3909828566566	2353.390866393923	2354.4515027274433	2352.738752637246	2352.7395525516645	2352.98961837637	
2352.98961837637	2.347000000000662	WheelMovementIntervals													-4.1895226482118915
2355.7392649527674	2.549611145268045	trials	1.0	1.0	1.5	1.0		0.8	2356.72335966677	2356.7232684823157	2357.788845672909	2356.4555883150024	2356.4565215484913	2356.623618376371	
2356.623618376371	2.4200000000009823	WheelMovementIntervals													-4.402917930540752
2359.055276847059	2.963401437029006	trials	1.0	1.0	1.5	0.0625		0.8	2360.454793782674	2360.4546765812083	2361.5186799599746	2359.618349938516	2359.619149852935	2360.050618376372	
2360.050618376372	3.2990000000013424	WheelMovementIntervals													-4.1959165678806585
2362.800676135528	7.717321642749539	trials	-1.0	1.0	1.5		0.0	0.8	2368.9602838001433	2368.9601910150814	2370.017937310929	2364.055641869673	2364.0567417519987	2368.666618376375	
2368.666618376375	1.7380000000002838	WheelMovementIntervals													-1.900507049818657
2370.8686183763757	1.2560000000003129	WheelMovementIntervals													-1.2946601797528956
2371.331796744174	6.236514163625088	trials	1.0	1.0	1.5	0.125		0.8	2376.002896994057	2376.0028051054774	2377.068283010893	2372.6219587127553	2372.6229919355465	2375.8836183763774	
2375.8836183763774	2.523000000000593	WheelMovementIntervals													-3.8316768894878805
2378.379809360416	4.2418995372745485	trials	-1.0	-1.0	0.0	0.0		0.8	2380.064229148273	2380.0634083829664	2382.1216756935346	2378.922051347211	2378.922917921165	2379.9336183763785	
2379.9336183763785	1.0000000000004547	WheelMovementIntervals													0.9485559115047408
2383.3920064504778	2.5766094832974886	trials	1.0	1.0	1.5	0.25		0.8	2384.408497698451	2384.408409402437	2385.468584282261	2383.9346150647148	2383.935514968436	2384.30361837638	
2384.30361837638	0.887000000000171	WheelMovementIntervals													-1.6575414746631623
2385.5436183763804	1.0950000000002547	WheelMovementIntervals													-1.3449667186272336
2386.728616141059	2.409997749051854	trials	1.0	1.0	1.5	1.0		0.8	2387.5853244838327	2387.585214274687	2388.638545135546	2387.221796710154	2387.222863262713	2387.410618376381	
2387.410618376381	3.196000000001277	WheelMovementIntervals													-5.5533795911720745
2389.909009211559	3.142714681828238	trials	1.0	1.0	1.5	0.25		0.8	2391.506638284952	2391.50651514967	2392.551626484103	2391.1344447717343	2391.1354113349903	2391.1726183763826	
2391.1726183763826	3.083000000000993	WheelMovementIntervals													-5.189340093515625
2393.823323761512	3.064621469343365	trials	-1.0	1.0	1.5		0.25	0.8	2395.3507270148684	2395.3506329660413	2396.3878827186663	2394.9549360262895	2394.9560359086154	2395.1436183763835	
2395.1436183763835	2.6620000000011714	WheelMovementIntervals													-1.8532027357294965
2397.6576468695625	2.7604933792113115	trials	1.0	1.0	1.5	1.0		0.8	2398.8535189260015	2398.8534427020104	2399.918071698651	2398.46826014394	2398.4693266964982	2398.6696183763847	
2398.6696183763847	3.877000000001317	WheelMovementIntervals													-3.695192436771208
2401.200234523042	3.704717998337401	trials	1.0	1.0	1.5	1.0		0.8	2403.3400389236954	2403.3399437630956	2404.4048583344847	2403.00494144166	2403.0059413346835	2403.1886183763863	
2403.1886183763863	0.7090000000002874	WheelMovementIntervals													-1.6877468943599752
2404.325618376387	2.0690000000004147	WheelMovementIntervals													-2.4686301045112486
2405.692353921669	3.3290967596090013	trials	-1.0	1.0	1.5		1.0	0.8	2407.465430890968	2407.4653511307624	2408.5214179133804	2406.9675508246614	2406.9685840474526	2407.2466183763877	
2407.2466183763877	2.4990000000011605	WheelMovementIntervals													-3.1165200136398425
2409.8031474507948	6.76452310552213	trials	-1.0	1.0	1.5		0.25	0.8	2415.013756646542	2415.013662937494	2416.067577234069	2410.284495952442	2410.285529175233	2413.83161837639	
2413.83161837639	4.347000000001572	WheelMovementIntervals													-4.06768025366523
2417.3816699756862	3.389690858720769	trials	1.0	1.0	1.5	0.25		0.8	2419.217473567344	2419.217363942104	2420.271294154871	2418.6715653061283	2418.672431880082	2418.784618376392	
2418.784618376392	2.841000000000804	WheelMovementIntervals													-4.866709749519146
2421.5603562411266	6.407428006717964	trials	1.0	1.0	1.5	0.125		0.8	2426.4097707469173	2426.409675166903	2427.467690895842	2422.250749044278	2422.2517156075346	2426.232618376394	
2422.816618376393	0.06100000000014916	WheelMovementIntervals													-0.0032286139880852716
2426.232618376394	3.0690000000013242	WheelMovementIntervals													-4.239366585761104
2428.7746843969903	10.442696312017233	trials	-1.0	-1.0	0.0	0.0		0.8	2436.670539637862	2436.6696793406722	2438.7173206575367	2430.2043981019237	2430.205298005645	2436.4826183763976	
2436.4826183763976	1.123000000000502	WheelMovementIntervals													-0.8426965587640325
2440.0584771703307	3.2592299970347085	trials	1.0	1.0	1.5	0.25		0.8	2441.7499961986564	2441.749891180745	2442.8176486396796	2440.587987185956	2440.589153727817	2441.599618376399	
2441.599618376399	0.7530000000006112	WheelMovementIntervals													-1.424832269700687
2442.8016183764	1.861000000000331	WheelMovementIntervals													-2.7135863817452446
2444.1069107045396	3.097289354487202	trials	1.0	1.0	1.5	1.0		0.8	2445.636913679758	2445.6368044583387	2446.7041661635717	2445.287851025157	2445.288784258646	2445.4236183764006	
2445.4236183764006	3.876000000001113	WheelMovementIntervals													-6.1012734649108324
2447.9939948344786	10.393730876444806	trials	-1.0	-1.0	0.0	0.0		0.8	2455.8266568362474	2455.8256165927282	2457.887702996394	2449.833498030324	2449.8343979340452	2455.580618376404	
2455.580618376404	0.9410000000002583	WheelMovementIntervals													0.6563479008394779
2457.1516183764043	0.1950000000001637	WheelMovementIntervals													-0.013150938452668015
2458.2806183764046	0.692000000000462	WheelMovementIntervals													-1.0439376936178633
2459.230026051049	2.774092580107663	trials	-1.0	1.0	1.5		1.0	0.8	2460.4311308809797	2460.431021539937	2461.504049425261	2459.8341280862487	2459.8352612983426	2460.1376183764055	
2460.1376183764055	1.6870000000003529	WheelMovementIntervals													-0.6912005608752452
2462.4926183764064	2.567000000000462	WheelMovementIntervals													-0.34016549053569634
2462.7819127096504	6.439123479894988	trials	1.0	1.0	1.5	0.25		0.8	2467.667523342902	2467.6674282482318	2468.7210106327548	2466.6841285540154	2466.685195106574	2467.1996183764077	
2465.402618376407	0.2539999999999054	WheelMovementIntervals													-0.05311439604770385
2467.1996183764077	1.898000000000593	WheelMovementIntervals													-1.8327140307156924
2469.2346183764084	1.6760000000008404	WheelMovementIntervals													-1.3740891236058133
2470.043535805539	5.540119812733337	trials	-1.0	-1.0	0.0	0.0		0.8	2473.0357823387308	2473.0347454229513	2475.0835632514295	2471.634098968231	2471.635132191022	2472.8456183764097	
2471.617618376409	0.5760000000004766	WheelMovementIntervals													-0.03346572900375122
2472.8456183764097	1.3310000000005857	WheelMovementIntervals													0.33387280388137697
2476.395456228394	2.4215960235273997	trials	1.0	1.0	1.5	1.0		0.8	2477.2728290269924	2477.2727540632327	2478.3169839819566	2476.953796492872	2476.9547297263607	2477.1796183764113	
2477.1796183764113	1.3850000000002183	WheelMovementIntervals													-3.1542987687532786
2479.584648357503	2.6825984674064784	trials	1.0	1.0	1.5	0.0625		0.8	2480.7284593171707	2480.728346851418	2481.7671481902717	2480.2539100880854	2480.254676672737	2480.607618376412	
2480.607618376412	2.9000000000010004	WheelMovementIntervals													-2.651892540706058
2483.0545437881538	3.295998578468698	trials	1.0	1.0	1.5	0.0625		0.8	2484.810155959304	2484.8100419657953	2485.8504446612433	2484.1539261677985	2484.154992720357	2484.633618376414	
2484.633618376414	2.8120000000008076	WheelMovementIntervals													-3.021349253229914
2487.144539542385	3.1094150948833885	trials	1.0	1.0	1.5	0.0625		0.8	2488.7025728520366	2488.7024461032984	2489.7538603772373	2487.97091779677	2487.9719176897943	2488.517618376415	
2488.517618376415	2.0330000000003565	WheelMovementIntervals													-2.1983074814245356
2491.041455953724	2.6455015289679977	trials	-1.0	1.0	1.5		0.125	0.8	2492.1198739096367	2492.1197557617324	2493.1869264148454	2491.650524124275	2491.6515573470665	2492.0386183764163	
2492.0386183764163	1.5130000000003747	WheelMovementIntervals													-2.1472019097617476
2494.4743553424955	2.609204364321158	trials	1.0	1.0	1.5	0.25		0.8	2495.532475470025	2495.5323563011993	2496.583463027319	2495.116986588878	2495.1178531628316	2495.424618376417	
2495.424618376417	2.6070000000008804	WheelMovementIntervals													-4.7261801213901435
2497.872758421946	3.344321146029415	trials	-1.0	1.0	1.5		0.125	0.8	2499.6684663033498	2499.6683687017025	2500.7170541173864	2498.4369647254966	2498.438131267358	2498.9166183764182	
2498.346618376418	0.09800000000041109	WheelMovementIntervals													-0.006605062445942167
2498.9166183764182	3.4190000000012333	WheelMovementIntervals													-4.148994587985499
2502.0130821250405	2.857509312583261	trials	1.0	1.0	1.5	0.25		0.8	2503.307376984787	2503.307285437005	2504.3704632476683	2502.9867446218286	2502.9877445148522	2503.15761837642	
2503.15761837642	2.684000000000651	WheelMovementIntervals													-3.1665903882915245
2505.6644914692747	2.7524915812768995	trials	1.0	1.0	1.5	1.0		0.8	2506.852397711291	2506.852286973235	2507.9168838244054	2506.500068739479	2506.5010686325027	2506.629618376421	
2506.629618376421	3.134000000000924	WheelMovementIntervals													-4.040131772079576
2509.217378020899	7.36962284809897	trials	1.0	1.0	1.5	0.0625		0.8	2515.0213903964914	2515.021293652186	2516.086909732397	2510.5030404708737	2510.50400703413	2514.7416183764235	
2514.7416183764235	1.648000000000593	WheelMovementIntervals													-2.174256996087024
2516.7186183764243	1.7030000000004293	WheelMovementIntervals													-1.7456671786853803
2517.4230001205374	4.6432153350656336	trials	1.0	1.0	1.5	0.0		0.8	2520.5186022626203	2520.518509010673	2521.566090194331	2519.1497153833	2519.1505819572544	2520.375618376426	
2520.375618376426	1.6280000000001564	WheelMovementIntervals													-2.259846167354226
2522.884515805718	2.75239287774275	trials	1.0	1.0	1.5	0.125		0.8	2524.0929198547215	2524.092811362065	2525.1368081715464	2523.4030269980817	2523.4038602422684	2523.887618376427	
2523.887618376427	2.7300000000009277	WheelMovementIntervals													-2.9494045244584868
2526.433702753154	3.3363215275498987	trials	1.0	1.0	1.5	0.125		0.8	2528.2170119610632	2528.2169131903165	2529.269932644869	2527.849851242732	2527.8508178059883	2528.103618376428	
2526.9116183764277	0.13400000000001455	WheelMovementIntervals													-0.015437727131029533
2528.103618376428	2.197000000000571	WheelMovementIntervals													-5.115706729002113
2530.569326959037	2.9174047079072807	trials	1.0	1.0	1.5	0.25		0.8	2531.9541121374355	2531.9540277696688	2532.9866350035563	2531.6159483167935	2531.6167482312126	2531.8386183764296	
2531.8386183764296	3.361000000000786	WheelMovementIntervals													-4.145834066397811
2534.2877291358645	3.582100657639785	trials	-1.0	1.0	1.5		0.25	0.8	2536.307513043897	2536.3074278151694	2537.3697993923593	2535.7993007496775	2535.8003673022363	2536.0826183764307	
2536.0826183764307	2.0740000000009786	WheelMovementIntervals													-3.3929134608297318
2538.4086183764316	0.11299999999982901	WheelMovementIntervals													-0.008173681625521567
2538.6764262660654	2.4435173837168804	trials	1.0	1.0	1.5	0.25		0.8	2539.5504327581502	2539.5503317679354	2540.6198516768486	2539.166373847717	2539.1673404109733	2539.3466183764317	
2539.3466183764317	2.165000000000873	WheelMovementIntervals													-4.935621144072002
2541.913146643571	2.4698900662510823	trials	1.0	1.0	1.5	1.0		0.8	2542.8222493807907	2542.822142251584	2543.882935900415	2542.516015477375	2542.516982040631	2542.720618376433	
2542.720618376433	2.146000000001095	WheelMovementIntervals													-3.780782025451572
2545.176130877835	4.3936110566701245	trials	1.0	1.0	1.5	0.0625		0.8	2548.013527311411	2548.0134360806696	2549.0697476421956	2545.7364042688255	2545.7372708427793	2547.902618376435	
2547.902618376435	3.578000000000884	WheelMovementIntervals													-3.8958923831135053
2550.3834404266036	5.203121138039933	trials	1.0	1.0	1.5	0.0		0.8	2554.0282504768807	2554.028153132044	2555.0864372639453	2552.1826479335905	2552.1835145075443	2553.920618376437	
2553.920618376437	2.074000000000524	WheelMovementIntervals													-4.040552415645834
2556.418061463246	2.814910889069324	trials	-1.0	1.0	1.5		0.25	0.2	2557.6835594039076	2557.683465009666	2558.7329138025957	2557.0495605672972	2557.0504604710186	2557.393618376438	
2557.393618376438	3.445000000001073	WheelMovementIntervals													-5.548047162526245
2560.0613716739877	7.638094501346131	trials	1.0	-1.0	0.0		0.0625	0.2	2565.1490273575773	2565.1479666802534	2567.19937466237	2561.386063281657	2561.387063174681	2565.0136183764403	
2565.0136183764403	1.8040000000009968	WheelMovementIntervals													-2.9935013526187504
2568.5514633388907	2.431313204467642	trials	1.0	1.0	1.5	1.0		0.2	2569.424369948649	2569.4242670021363	2570.4827233845513	2569.119402576397	2569.120369139653	2569.309618376442	
2569.309618376442	1.679000000000542	WheelMovementIntervals													-2.7454999076003332
2571.8492771801493	2.4703993231396453	trials	1.0	1.0	1.5	1.0		0.2	2572.7578799708567	2572.75777582797	2573.819666372807	2572.386119744616	2572.3869529888025	2572.656618376443	
2572.656618376443	2.1130000000007385	WheelMovementIntervals													-4.28193946482088
2575.546618376444	0.1610000000000582	WheelMovementIntervals													-0.016919424142088246
2575.640771537015	2.6246032366584586	trials	-1.0	1.0	1.5		0.0625	0.2	2576.711090359435	2576.7109716335144	2577.765377563707	2576.1988118335858	2576.199911715912	2576.514618376444	
2576.514618376444	2.0930000000007567	WheelMovementIntervals													-2.756673228152522
2579.0650718457814	2.4676161976353796	trials	1.0	1.0	1.5	0.25		0.2	2579.983673566727	2579.9835767582526	2581.0326280082054	2579.6022810376903	2579.6031809414117	2579.7406183764456	
2579.7406183764456	2.3450000000007094	WheelMovementIntervals													-6.271996814430395
2582.3290893028366	2.6036046913623068	trials	-1.0	1.0	1.5		0.25	0.2	2583.3930754694393	2583.3929899939712	2584.432597586727	2582.8361350551945	2582.8371349482186	2583.0686183764465	
2583.0686183764465	2.430000000000746	WheelMovementIntervals													-2.3066944701465673
2585.73559151578	2.880106375206651	trials	-1.0	1.0	1.5		1.0	0.2	2587.054483743911	2587.054393519189	2588.11563688028	2586.468979718954	2586.4698129631406	2586.6786183764475	
2586.6786183764475	2.627000000001317	WheelMovementIntervals													-2.642407630227808
2589.4219971158464	3.047093153728838	trials	-1.0	1.0	1.5		0.25	0.2	2590.9147040812777	2590.914592292726	2591.9690912748524	2590.0361314110514	2590.0373979422147	2590.513618376449	
2590.513618376449	4.30100000000175	WheelMovementIntervals													-5.373449902637731
2593.277184658327	12.071345819967064	trials	1.0	-1.0	0.0		0.0625	0.2	2602.7905668437647	2602.7896184012175	2604.8484133462357	2595.498480340418	2595.4993135846044	2602.6286183764532	
2602.6286183764532	2.3950000000004366	WheelMovementIntervals													-2.9919763259015326
2606.2444306562675	3.620795636631101	trials	-1.0	1.0	1.5		0.125	0.2	2608.317708841072	2608.3176264401486	2609.365196772783	2606.885895360789	2606.886828594278	2608.1226183764547	
2608.1226183764547	2.473000000000866	WheelMovementIntervals													-2.674984381624654
2610.690821613941	3.2948976433476673	trials	-1.0	1.0	1.5		0.125	0.2	2612.4258359888013	2612.425719319986	2613.4856892642388	2611.8854604689836	2611.88642703224	2612.223618376456	
2612.223618376456	2.203000000000884	WheelMovementIntervals													-3.226170357771707
2614.791816191433	2.9435260003820076	trials	-1.0	1.0	1.5		0.25	0.2	2616.174134967039	2616.1740269918732	2617.2353214331756	2615.2655655060994	2615.266398750286	2615.8546183764574	
2615.8546183764574	2.7260000000010223	WheelMovementIntervals													-2.7239373413844987
2618.5664456859645	12.935719086965037	trials	-1.0	1.0	1.5		0.0	0.2	2629.9219641188765	2629.9218606854843	2631.0020818929297	2619.3651602333584	2619.366360104987	2629.709618376462	
2629.709618376462	3.220000000001164	WheelMovementIntervals													-3.685460028891839
2632.415763979715	3.8994972468358355	trials	-1.0	1.0	1.5		1.0	0.2	2634.7526472953555	2634.7525611313526	2635.815200281957	2634.29842922442	2634.299495776979	2634.499618376464	
2633.3816183764634	0.18699999999989814	WheelMovementIntervals													-0.03865691163923657
2634.499618376464	2.236000000000786	WheelMovementIntervals													-5.276017759401157
2637.143058217535	2.3921195268262636	trials	-1.0	1.0	1.5		1.0	0.2	2637.9594708714503	2637.959364198529	2639.0351224566634	2637.6185073503416	2637.619473913598	2637.777618376465	
2637.777618376465	2.4820000000008804	WheelMovementIntervals													-4.566930855072087
2640.3505817187465	2.697994693443434	trials	1.0	1.0	1.5	0.125		0.2	2641.488060022597	2641.4879786385127	2642.548546563616	2640.9315528953293	2640.932419469283	2641.366618376466	
2641.366618376466	2.6120000000009895	WheelMovementIntervals													-3.5766656908510868
2643.8667721963984	6.164715776637422	trials	-1.0	1.0	1.5		0.0	0.2	2648.4673799881057	2648.4672824774175	2649.5313994844755	2644.48540601021	2644.4863725734663	2648.1406183764684	
2648.1406183764684	2.4200000000005275	WheelMovementIntervals													-5.145782439138202
2650.886087882858	7.81560624288295	trials	1.0	1.0	1.5	0.0		0.2	2657.159783341486	2657.1596912886293	2658.201571882961	2651.368302958459	2651.3693028514826	2656.315618376471	
2656.315618376471	4.18500000000131	WheelMovementIntervals													-5.533606997824791
2659.565792594837	3.498804955553169	trials	1.0	1.0	1.5	1.0		0.2	2661.5238831033025	2661.5237942488243	2662.564505102916	2661.1313917617017	2661.132191676121	2661.0326183764723	
2661.0326183764723	2.740000000001146	WheelMovementIntervals													-4.789442872140853
2663.8934962505878	7.371320152456519	trials	-1.0	1.0	1.5		0.25	0.2	2669.7191063154933	2669.719009806079	2670.7647277802257	2664.4510699304137	2664.4521364829725	2668.983618376475	
2668.983618376475	3.4170000000012806	WheelMovementIntervals													-5.774435166668354
2672.1266154083796	6.954300549611162	trials	-1.0	1.0	1.5		0.25	0.2	2677.5444357684205	2677.5443134994216	2678.580824887567	2673.551196329124	2673.5523628709852	2677.209618376478	
2677.209618376478	2.627000000000862	WheelMovementIntervals													-2.1138848299510755
2679.94141265479	11.40971849184325	trials	1.0	1.0	1.5	0.0		0.2	2689.789425705519	2689.7893260260516	2690.851045458632	2680.668334883077	2680.669268116566	2689.652618376482	
2689.652618376482	1.5220000000003893	WheelMovementIntervals													-1.8480990225580172
2691.528618376483	0.1430000000000291	WheelMovementIntervals													-0.010595379819733353
2692.247729364013	2.4995122158102276	trials	-1.0	1.0	1.5		1.0	0.2	2693.185529031015	2693.1854328213667	2694.247148784128	2692.7473425782277	2692.7484757903217	2692.904618376483	
2692.904618376483	2.5000000000009095	WheelMovementIntervals													-4.116626932808458
2695.5607415792333	8.570022973304276	trials	-1.0	1.0	1.5		0.0625	0.2	2702.575857714993	2702.5757579284373	2703.6306781955445	2696.100983779981	2696.1021169920746	2702.057618376486	
2702.057618376486	3.0320000000010623	WheelMovementIntervals													-2.13321549176635
2705.013263609291	6.270907299492592	trials	1.0	-1.0	0.0		0.0625	0.2	2708.7349654330965	2708.7341661604355	2710.784112866261	2705.8006793655163	2705.8016459287724	2708.6296183764885	
2708.6296183764885	1.3470000000006621	WheelMovementIntervals													-1.6521050198464309
2712.133568491152	4.363511549175655	trials	1.0	-1.0	0.0		0.0625	0.2	2713.948940935357	2713.947972046008	2715.9970551457295	2712.797297480336	2712.798230713825	2713.51061837649	
2713.51061837649	3.529000000000906	WheelMovementIntervals													-2.719085632963015
2717.334878681778	10.178617941987795	trials	1.0	-1.0	0.0		0.0	0.2	2724.9790941783317	2724.978290653067	2727.013443194744	2717.8006955117885	2717.8018287238824	2724.7806183764937	
2724.7806183764937	1.411000000000513	WheelMovementIntervals													-2.229135889436975
2726.5066183764943	0.068000000000211	WheelMovementIntervals													-0.004569475008793233
2728.389295995463	8.757603391471093	trials	1.0	1.0	1.5	0.0		0.2	2735.594691773648	2735.594596317545	2736.646812543035	2728.9502026520354	2728.9513691938964	2735.404618376497	
2735.404618376497	1.7130000000006476	WheelMovementIntervals													-1.5277067694457855
2737.383618376498	0.4060000000004038	WheelMovementIntervals													-0.13141638321917526
2738.043696427021	2.686821749034152	trials	1.0	1.0	1.5	0.0625		0.2	2739.175408681101	2739.1753043235462	2740.23039581049	2738.5340106361145	2738.534910539836	2739.019618376499	
2739.019618376499	2.680000000000746	WheelMovementIntervals													-3.7621967735403814
2741.5535209190884	2.8302835638864963	trials	-1.0	1.0	1.5		1.0	0.2	2742.8253181857995	2742.8252126354473	2743.8837382812367	2742.500586261444	2742.501519494933	2742.6826183764997	
2742.6826183764997	1.6460000000006403	WheelMovementIntervals													0.9325872914323554
2745.2028971475074	3.2272276942740064	trials	-1.0	1.0	1.5		0.25	0.2	2746.8746182939626	2746.874509938444	2747.9300720400956	2745.713475855216	2745.71447574824	2745.9646183765008	
2745.9646183765008	3.581000000001495	WheelMovementIntervals													-4.999203126296834
2749.273628296147	6.509711419907035	trials	1.0	1.0	1.5	0.0		0.2	2754.2206323610585	2754.220535454591	2755.2832853369628	2750.3002184636603	2750.301085037614	2754.0816183765037	
2754.0816183765037	2.6570000000006075	WheelMovementIntervals													-4.290600275419365
2756.6513389720963	2.6488973470854944	trials	-1.0	1.0	1.5		1.0	0.2	2757.7369228280127	2757.736837065367	2758.8002090694986	2757.4295223827357	2757.430688924597	2757.5356183765048	
2757.5356183765048	4.561000000001513	WheelMovementIntervals													-6.654482676716725
2760.1357328515924	16.114241441764534	trials	-1.0	1.0	1.5		0.25	0.2	2774.695941755482	2774.695867585916	2775.7498623323117	2763.1134142764045	2763.114280850358	2774.32561837651	
2762.2416183765063	0.06400000000030559	WheelMovementIntervals													-0.003981686148563313
2774.32561837651	1.8920000000007349	WheelMovementIntervals													-1.1853800916044293
2776.615618376511	0.25300000000015643	WheelMovementIntervals													-0.0514380482281922
2777.2026735660947	2.427191531162407	trials	1.0	1.0	1.5	0.0625		0.2	2778.0789464823665	2778.0788694259404	2779.129767390823	2777.7291505728813	2777.73008380637	2777.9626183765117	
2777.9626183765117	1.317000000000462	WheelMovementIntervals													-2.018504629308609
2780.062618376512	0.08300000000008367	WheelMovementIntervals													-0.005739704690995495
2780.4622581640774	2.654322863935704	trials	-1.0	1.0	1.5		0.25	0.2	2781.570072974889	2781.569966453742	2782.616561013576	2781.050095272757	2781.0510285062455	2781.3216183765126	
2781.3216183765126	6.2140000000022155	WheelMovementIntervals													-2.269676802629874
2783.956584314276	14.309403270181065	trials	1.0	-1.0	0.0		0.125	0.2	2795.7055273222777	2795.7044853570837	2797.765973546611	2790.4962513172295	2790.497251210253	2795.5836183765173	
2787.7026183765147	2.323000000000775	WheelMovementIntervals													-2.20396526590298
2795.5836183765173	1.4490000000005239	WheelMovementIntervals													-1.2792785823528448
2799.210485668296	2.5352067167900714	trials	-1.0	1.0	1.5		1.0	0.2	2800.196980125556	2800.196887503511	2801.245667928895	2799.7123986364654	2799.713465189024	2800.0596183765188	
2800.0596183765188	1.3810000000007676	WheelMovementIntervals													-1.2625585776888784
2802.579091935638	2.5371070008550305	trials	-1.0	1.0	1.5		0.125	0.2	2803.561586820803	2803.561493484822	2804.616173992982	2803.0997362331195	2803.1007694559107	2803.26761837652	
2803.26761837652	1.83600000000024	WheelMovementIntervals													-2.252869951343655
2805.95649726159	5.259612040599677	trials	1.0	-1.0	0.0		0.0	0.2	2808.6667073025415	2808.6657024334627	2810.7160547143103	2806.529302645145	2806.530402527471	2808.559618376522	
2808.559618376522	1.5560000000004948	WheelMovementIntervals													-1.4184780338559904
2812.0785089485107	2.550705784755337	trials	-1.0	1.0	1.5		1.0	0.2	2813.076002229032	2813.075910428462	2814.129189550978	2812.7955988953972	2812.7969987456304	2812.980618376523	
2812.980618376523	0.9230000000006839	WheelMovementIntervals													0.6672154329805835
2815.458813964231	2.5873026140307047	trials	1.0	1.0	1.5	0.0625		0.2	2816.482304463371	2816.482214207109	2817.546023991834	2815.9993561328856	2816.0002893663745	2816.3536183765245	
2816.3536183765245	2.293000000000575	WheelMovementIntervals													-3.1396496595591543
2818.878414775786	2.620899884251685	trials	-1.0	1.0	1.5		1.0	0.2	2819.928635748428	2819.9285135274195	2820.999254538755	2819.399225722105	2819.4002256151284	2819.5816183765255	
2819.5816183765255	1.6160000000004402	WheelMovementIntervals													-1.2156296573364216
2822.344110655737	4.421930959395013	trials	1.0	-1.0	0.0		0.25	0.2	2824.2101776762474	2824.209222870428	2826.2660243926707	2822.946146245354	2822.9471794681454	2823.4556183765267	
2823.4556183765267	3.6100000000014916	WheelMovementIntervals													-4.441401760450162
2827.6287452650113	8.500198833137347	trials	1.0	-1.0	0.0		0.0	0.2	2833.5653767853237	2833.564342355336	2835.62892267803	2828.1458899369095	2828.146789840631	2833.22361837653	
2833.22361837653	2.267000000000735	WheelMovementIntervals													-1.8316311987523477
2837.0186406620123	3.3938123815273684	trials	-1.0	1.0	1.5		0.25	0.2	2838.8481449276196	2838.848045719043	2839.912397732362	2837.5992118813856	2837.6000117958047	2837.8616183765316	
2837.8616183765316	4.624000000001615	WheelMovementIntervals													-6.131671904192672
2841.270652415863	28.27808016919107	trials	-1.0	1.0	1.5		0.25	0.2	4221.347934500966	2867.9881262710646	4209.410878285424	2843.182381217792	2843.1832811215136	2867.8366183765415	
2867.8366183765415	3.459000000001197	WheelMovementIntervals													-2.8732816583626573
2928.421618376562	4.0110000000013315	WheelMovementIntervals													-2.0193836605374145
2938.065618376565	1.0600000000004002	WheelMovementIntervals													-1.4378063669710173
3089.1246183766157	1.3690000000001419	WheelMovementIntervals													-1.8370490638133106
3102.00661837662	1.5700000000006185	WheelMovementIntervals													-0.9513640517463955
3122.943618376627	2.572000000000571	WheelMovementIntervals													-1.7539893012831271
3125.856618376628	0.08799999999973807	WheelMovementIntervals													-0.010670797291140843
3127.9336183766286	0.5169999999998254	WheelMovementIntervals													-0.045835022528081026
3168.691618376642	1.4590000000007421	WheelMovementIntervals													0.1922226513249825
3170.590618376643	0.5180000000000291	WheelMovementIntervals													-0.1488701564630901
3177.971618376645	1.342000000000553	WheelMovementIntervals													-1.139851627826829
3185.5756183766475	0.9170000000003711	WheelMovementIntervals													-0.5025204670751009
3239.907618376666	2.615000000000691	WheelMovementIntervals													-0.5218421270865292
3247.7856183766685	1.0520000000005894	WheelMovementIntervals													-0.42393987094033037
3249.701618376669	0.7230000000004111	WheelMovementIntervals													-0.22660620431906864
3315.930618376691	1.760000000000673	WheelMovementIntervals													-2.4860205847139696
3318.249618376692	0.09900000000016007	WheelMovementIntervals													-0.006210054424400369
3323.9386183766937	4.249000000001615	WheelMovementIntervals													-2.286068440361305
3328.8926183766957	0.7350000000001273	WheelMovementIntervals													-0.24116302574543624
3396.212618376718	0.4610000000002401	WheelMovementIntervals													-0.4272137652685615
3482.3166183767466	1.079000000000633	WheelMovementIntervals													-0.5551347732716749
3532.5586183767637	2.0070000000005166	WheelMovementIntervals													-0.30844088289268257
3610.8176183767896	2.1140000000009422	WheelMovementIntervals													-0.6890543500173862
3620.654618376793	9.73600000000306	WheelMovementIntervals													-12.864301237348855
3638.9566183767993	5.727000000001681	WheelMovementIntervals													-4.112789327425617
3734.323618376831	0.12000000000034561	WheelMovementIntervals													-0.05389186134902957
3734.748618376831	1.8000000000006366	WheelMovementIntervals													-1.302845868643999
3737.043618376832	0.08500000000003638	WheelMovementIntervals													-0.004254586052184095
3807.5586183768555	0.7280000000000655	WheelMovementIntervals													-0.07701488317479743
3906.9036183768885	2.096000000000913	WheelMovementIntervals													-0.6614017424417398
3910.68461837689	0.09900000000016007	WheelMovementIntervals													-0.013079168273861796
3913.473618376891	2.5260000000007494	WheelMovementIntervals													-2.9334427108265118
3916.386618376892	3.9190000000012333	WheelMovementIntervals													-2.859369536815848
3922.948618376894	0.8250000000002728	WheelMovementIntervals													-1.8236912608658713
3924.5536183768945	1.4150000000004184	WheelMovementIntervals													-0.20530854684125188
3927.8056183768954	0.5910000000003492	WheelMovementIntervals													-1.4092075014605143
3929.010618376896	2.099000000000615	WheelMovementIntervals													-1.8534803318596005
3934.393618376898	1.8000000000006366	WheelMovementIntervals													-2.8354998926677126
3942.7626183769007	0.5489999999999782	WheelMovementIntervals													0.06910474164237712
3947.6476183769023	0.2510000000002037	WheelMovementIntervals													0.11635740514475401
3953.6396183769043	2.324000000000524	WheelMovementIntervals													1.0287944531967241
3959.4506183769063	0.9920000000001892	WheelMovementIntervals													0.11163915679685488
3961.082618376907	3.9440000000013242	WheelMovementIntervals													-0.6343734371776009
3966.2916183769084	0.15799999999990177	WheelMovementIntervals													-0.023077848383536548
3966.9176183769086	0.12199999999984357	WheelMovementIntervals													-0.011111545276207835
3969.0136183769096	0.3229999999998654	WheelMovementIntervals													0.02110305041060201
3970.4156183769096	0.4790000000002692	WheelMovementIntervals													0.07976428553865844
3971.4906183769103	0.6420000000002801	WheelMovementIntervals													0.07230607196083838
3973.417618376911	0.3079999999999927	WheelMovementIntervals													0.08621974438960933
3974.550618376911	0.4170000000003711	WheelMovementIntervals													-0.02387505569890891
3975.5906183769116	0.7130000000001928	WheelMovementIntervals													0.07924737963367079
3977.013618376912	0.1910000000002583	WheelMovementIntervals													0.022748120339201705
3978.1246183769126	0.07099999999991269	WheelMovementIntervals													-0.012763210173034167
3978.7646183769125	0.5190000000002328	WheelMovementIntervals													0.06757923099962682
3980.275618376913	0.3670000000001892	WheelMovementIntervals													-0.022574036148853338
3981.4756183769136	0.4099999999998545	WheelMovementIntervals													-0.036166622899145295
3982.879618376914	4.474000000001524	WheelMovementIntervals													-2.5243214646327488
3987.6466183769157	1.8070000000002437	WheelMovementIntervals													-0.9061405489417211
3991.335618376917	1.0480000000002292	WheelMovementIntervals													-0.2314796768796441
3994.936618376918	0.9290000000005421	WheelMovementIntervals													-0.7870606935671276
3997.132618376919	1.9620000000004438	WheelMovementIntervals													-0.6426034007463386
4000.58761837692	0.10799999999971988	WheelMovementIntervals													-0.0065206272499835904
4001.19161837692	0.9880000000007385	WheelMovementIntervals													-0.3277214126196668
4006.0176183769217	0.1730000000002292	WheelMovementIntervals													-0.03101084418312894
4010.430618376923	1.3200000000006185	WheelMovementIntervals													-0.4459954694455064
4013.6646183769244	3.376000000001113	WheelMovementIntervals													-1.2418984697046653
4024.376618376928	0.2860000000000582	WheelMovementIntervals													-0.02191456871491937
4029.8056183769295	0.11700000000018917	WheelMovementIntervals													0.028899855834879418
4030.2326183769296	0.0660000000002583	WheelMovementIntervals													-0.004165176535934734
4037.789618376932	2.989000000001397	WheelMovementIntervals													-1.9789194783636503
4047.5086183769354	0.49000000000023647	WheelMovementIntervals													-0.22530364185831786
4048.382618376936	0.20699999999987995	WheelMovementIntervals													-0.024426800422133965
4054.1786183769377	0.09300000000030195	WheelMovementIntervals													0.012221735457842442
4058.770618376939	1.8860000000008768	WheelMovementIntervals													0.21957012137886522
4064.7686183769415	1.6600000000003092	WheelMovementIntervals													-0.6903940156898898
4066.670618376942	0.05600000000004002	WheelMovementIntervals													-0.00528923994033903
4069.3616183769427	0.387000000000171	WheelMovementIntervals													-0.0722996049601079
4071.6566183769437	0.8750000000004547	WheelMovementIntervals													-0.455661318541388
4073.169618376944	0.4970000000002983	WheelMovementIntervals													-0.1533554840098077
4079.7396183769465	0.5779999999999745	WheelMovementIntervals													-0.14643216800618575
4093.936618376951	0.16699999999991633	WheelMovementIntervals													-0.03458398926841255
4102.098618376954	0.193000000000211	WheelMovementIntervals													0.03372184386057597
4109.036618376956	0.21500000000014552	WheelMovementIntervals													0.09714184712788665
4118.197618376958	0.08500000000003638	WheelMovementIntervals													0.017611239040434157
4127.611618376962	0.1750000000001819	WheelMovementIntervals													-0.029569152870635662
4137.252618376965	0.11599999999998545	WheelMovementIntervals													0.022070360200359573
4142.151618376966	0.25900000000092405	WheelMovementIntervals													0.10688268666399381
4144.410618376967	0.18699999999989814	WheelMovementIntervals													-0.040347279514435286
4161.974618376973	0.17000000000007276	WheelMovementIntervals													-0.01965591468228922
4188.935618376982	0.06400000000030559	WheelMovementIntervals													0.012243467616599446
4242.345618377	0.556999999999789	WheelMovementIntervals													0.10246565982424727
4243.863618377	0.13000000000010914	WheelMovementIntervals													-0.01129266873385859
4277.999618377012	2.114000000001397	WheelMovementIntervals													1.4111959978936284
4280.480618377013	0.15499999999974534	WheelMovementIntervals													-0.021312867115057088
4281.008618377013	0.9770000000007713	WheelMovementIntervals													-0.7417333004575539
4283.140618377014	1.1700000000000728	WheelMovementIntervals													-0.9886265671339061
4285.021618377014	0.15200000000004366	WheelMovementIntervals													-0.030947789700803696
4285.510618377015	0.2179999999998472	WheelMovementIntervals													-0.026147206347104657
4286.556618377015	1.331000000000131	WheelMovementIntervals													-0.35077505377239504
4288.202618377016	4.494000000001506	WheelMovementIntervals													-1.4302067086657644
4308.013618377022	0.10600000000067666	WheelMovementIntervals													-0.014152833735352033
4334.275618377031	6.2830000000021755	WheelMovementIntervals													-2.7399497414294274
4341.0976183770335	0.3170000000000073	WheelMovementIntervals													-0.03059103601276547
4342.228618377034	4.5920000000014625	WheelMovementIntervals													-1.9628488358036975
4354.667618377038	0.9260000000003856	WheelMovementIntervals													0.29386874685610564
4355.754618377038	2.804000000000997	WheelMovementIntervals													-0.43159564807456263
4363.433618377041	0.38099999999940337	WheelMovementIntervals													0.0466853505488416
4364.397618377041	0.13799999999991996	WheelMovementIntervals													0.03713535933047751
4366.7886183770415	0.25	WheelMovementIntervals													0.04465620441487772
4377.759618377046	0.24099999999998545	WheelMovementIntervals													0.06049105535134913
4380.178618377046	0.47699999999986176	WheelMovementIntervals													0.29564888550953583
4381.346618377047	1.0950000000002547	WheelMovementIntervals													0.23715016286337232
4383.350618377047	0.1320000000005166	WheelMovementIntervals													-0.0805712719679832
4385.827618377048	0.3000000000001819	WheelMovementIntervals													0.05038907820107852
4387.085618377048	0.05200000000058935	WheelMovementIntervals													0.01238716952161667
4388.589618377049	0.1289999999999054	WheelMovementIntervals													-0.01812780753084553
4389.161618377049	0.20899999999983265	WheelMovementIntervals													-0.015378803611611147
4391.13061837705	0.26899999999932334	WheelMovementIntervals													-0.021797080856231332
4393.026618377051	0.31899999999950523	WheelMovementIntervals													-0.03565202648428567
4393.953618377051	0.18699999999989814	WheelMovementIntervals													-0.017495337368018227
4395.893618377051	0.41600000000016735	WheelMovementIntervals													-0.015939153131967032
4396.8956183770515	0.23000000000047294	WheelMovementIntervals													-0.04093103189234171
4397.798618377052	0.4320000000006985	WheelMovementIntervals													-0.022557397843684157
4398.589618377052	0.8790000000008149	WheelMovementIntervals													-0.13065975317795164
