onset	duration	nwb_table	choice	feedback_type	reward_volume	contrast_left	contrast_right	probability_left	feedback_time	response_time	stim_off_time	stim_on_time	go_cue_time	first_movement_time	peak_amplitude
2.8964751100009174	0.8200000000000003	WheelMovementIntervals													0.35083882024047064
7.187475110000921	0.5950000000000006	WheelMovementIntervals													-0.12176437596050244
8.036475110000922	0.8780000000000001	WheelMovementIntervals													0.9786859374659831
9.983475110000924	0.5969999999999995	WheelMovementIntervals													-0.03884424056196023
13.230475110000926	1.7090000000000014	WheelMovementIntervals													2.39206273481824
17.08147511000093	0.9450000000000003	WheelMovementIntervals													0.6199742682020983
20.660433750020662	9.45813348792029	trials	1.0	1.0	1.5	0.25		0.5	28.564876560028566	28.564760065022167	29.61847119002962	28.21847787002822	28.21951110002822	28.09647511000094	
22.824475110000936	0.7280000000000015	WheelMovementIntervals													0.05214402556198294
26.817475110000938	0.495000000000001	WheelMovementIntervals													0.07681825999163294
27.65647511000094	0.053999999999998494	WheelMovementIntervals													0.0042113842634314835
28.09647511000094	4.987999999999996	WheelMovementIntervals													-1.3835755016457374
30.65986704003066	5.0488216438522855	trials	1.0	1.0	1.5	0.125		0.5	34.14198546003414	34.14188058777796	35.208645450035206	33.85914708003386	33.86041362003386	34.01547511000094	
34.01547511000094	3.591000000000001	WheelMovementIntervals													1.5545780929332569
36.11378826003612	7.070820222699389	trials	1.0	1.0	1.5	0.125		0.5	41.631803070041634	41.63170248063415	42.684531120042685	41.4018260700414	41.4026259900414	41.349475110000945	
37.87247511000095	0.1459999999999937	WheelMovementIntervals													0.024992769744689447
38.35647511000094	1.8690000000000069	WheelMovementIntervals													2.5253603262145052
40.48247511000095	0.267000000000003	WheelMovementIntervals													-0.058039241678812914
41.349475110000945	1.7480000000000047	WheelMovementIntervals													-0.5122738131075071
43.58710752004359	2.488507893666579	trials	-1.0	1.0	1.5		0.25	0.5	44.51851437004452	44.5184097256965	45.57550866004558	44.125753650044125	44.126586900044124	44.32347511000095	
44.32347511000095	2.683000000000007	WheelMovementIntervals													2.287072748505736
46.51741446004652	2.7914873371227387	trials	1.0	1.0	1.5	0.0625		0.5	47.74119207004774	47.74110803233738	48.80881863004881	47.434789380047434	47.43588927004743	47.55747511000095	
47.55747511000095	2.565000000000005	WheelMovementIntervals													0.9294267666888185
49.683397830049685	3.0850193769159304	trials	-1.0	1.0	1.5		1.0	0.5	51.22201062005122	51.22190649597118	52.26830598005227	50.835015990050834	50.836149210050834	50.820475110000956	
50.820475110000956	2.3460000000000036	WheelMovementIntervals													1.5164994673276748
53.154217380053154	3.654698166273697	trials	1.0	-1.0	0.0		0.125	0.5	54.24844128005425	54.24761623309334	56.30883522005631	53.90887524005391	53.90977515005391	54.01947511000096	
54.01947511000096	0.7409999999999997	WheelMovementIntervals													-1.1278856478148835
57.196213140057196	2.6461279432046965	trials	-1.0	1.0	1.5		0.125	0.5	58.28893719005829	58.288823852246466	59.342298510059344	57.65140095005765	57.65236752005765	57.69847511000096	
57.69847511000096	2.557000000000002	WheelMovementIntervals													1.1462184606613466
60.23164290006023	3.30260051141569	trials	1.0	-1.0	0.0		0.0625	0.5	60.98966709006099	60.98874255881197	63.03422928006304	60.734792580060734	60.735659160060735	60.630475110000965	
60.630475110000965	2.190000000000005	WheelMovementIntervals													-1.7797756094796622
63.91454124006391	3.536608619334544	trials	1.0	-1.0	0.0		0.0625	0.5	64.8956097900649	64.89474307467005	66.95113755006695	64.55877681006456	64.55961006006456	64.69047511000097	
64.69047511000097	0.8099999999999881	WheelMovementIntervals													-1.0822302515447433
67.83084957006783	2.4108188517398332	trials	1.0	1.0	1.5	0.125		0.5	68.68636401006869	68.68625590421911	69.74155848006974	68.37509514006838	68.37622836006838	68.55447511000098	
68.55447511000098	1.9299999999999926	WheelMovementIntervals													0.6286301851413825
70.63306932007063	2.668093209260732	trials	-1.0	1.0	1.5		0.0625	0.5	71.75025759007175	71.75016563950113	72.8011191600728	71.26783917007127	71.26883907007127	71.32347511000097	
71.32347511000097	2.861000000000004	WheelMovementIntervals													2.951865579134722
73.73495910007374	2.949401232136367	trials	1.0	1.0	1.5	0.125		0.5	75.12065385007512	75.12055873933896	76.18428081007619	74.80808511007481	74.8091183400748	74.88747511000098	
74.88747511000098	2.7520000000000095	WheelMovementIntervals													2.121189008417833
77.07665823007707	4.057722183080074	trials	1.0	-1.0	0.0		0.0625	0.5	78.58070781007858	78.57966570602512	80.63426910008063	78.17541501007818	78.17638158007817	78.30847511000098	
78.30847511000098	0.9080000000000013	WheelMovementIntervals													-1.5785879916200507
81.52178034008152	3.0028982734657887	trials	-1.0	1.0	1.5		0.125	0.5	82.95777006008296	82.95767807999171	84.02459670008403	82.05806004008205	82.05899328008206	82.20147511000098	
82.20147511000098	2.245999999999995	WheelMovementIntervals													2.0270075191188788
84.90807501008491	2.3331261334686673	trials	1.0	1.0	1.5	0.25		0.5	85.68019779008569	85.68008299560712	86.74115835008674	85.4009923800854	85.40192562008541	85.46047511000098	
85.46047511000098	2.865000000000009	WheelMovementIntervals													1.6253322996443842
87.62660313008763	3.1075884204608997	trials	-1.0	1.0	1.5		1.0	0.5	89.17768134008918	89.17759635255784	90.23410902009023	88.8005190600888	88.80155229008881	88.86347511000099	
88.86347511000099	3.469999999999999	WheelMovementIntervals													4.0586275294064045
91.11188790009112	4.505612487131145	trials	-1.0	1.0	1.5		0.125	0.5	94.05699336009405	94.05689410117037	95.11745397009511	92.92453995009292	92.92583982009293	92.93447511000099	
92.93447511000099	3.6450000000000102	WheelMovementIntervals													1.9172635148572361
96.00829821009602	7.258834520499789	trials	-1.0	1.0	1.5		0.125	0.5	101.71512747010172	101.71502299077075	102.76702227010277	97.07475822009708	97.07609142009707	101.370475110001	
101.370475110001	1.8870000000000005	WheelMovementIntervals													1.7726080530508987
103.67463150010367	2.566605163388644	trials	1.0	1.0	1.5	1.0		0.5	104.67383157010468	104.67373273151453	105.74119149010575	104.44102152010444	104.44198809010445	104.56047511000101	
104.56047511000101	2.3619999999999948	WheelMovementIntervals													-1.3470928464842338
106.62793614010663	8.022223921128514	trials	-1.0	1.0	1.5		0.25	0.5	113.09585595011309	113.09575461998203	114.15008385011416	107.5000489201075	107.5009155001075	112.875475110001	
112.875475110001	2.6650000000000063	WheelMovementIntervals													2.546017828931241
115.06275924011507	2.9041031020293104	trials	1.0	1.0	1.5	0.125		0.5	116.4105577801164	116.4104597515313	117.46685214011747	116.12398644011613	116.12511966011613	116.23647511000101	
116.23647511000101	2.3460000000000036	WheelMovementIntervals													-1.564441935469791
118.38316050011838	2.7336906951214957	trials	1.0	1.0	1.5	1.0		0.5	119.57167497011957	119.57155558564064	120.61677045012061	119.2908363901193	119.2917363001193	119.42547511000102	
119.42547511000102	2.7010000000000076	WheelMovementIntervals													1.2128637255580657
121.51224756012151	2.8788366621056127	trials	1.0	1.0	1.5	0.25		0.5	122.83328211012284	122.83316346436754	123.89097633012389	122.59083969012259	122.59167294012259	122.42047511000102	
122.42047511000102	1.8569999999999993	WheelMovementIntervals													-1.1015497814251773
124.78458696012478	2.9567013503819766	trials	-1.0	1.0	1.5		0.25	0.5	126.17828091012618	126.17818618260075	127.24124127012725	125.38352706012539	125.38462695012538	125.48347511000102	
125.48347511000102	2.1740000000000066	WheelMovementIntervals													2.3561941125256496
128.13628509012813	7.854610191310513	trials	1.0	-1.0	0.0		0.0625	0.5	133.43052228013343	133.42959061033957	135.4908495601355	128.68336371012867	128.6842636201287	133.07947511000106	
133.07947511000106	1.0489999999999782	WheelMovementIntervals													-0.6557796328750101
136.3827936901364	2.4245163660264666	trials	-1.0	1.0	1.5		0.25	0.5	137.25210675013724	137.2519988404519	138.3072345601383	136.86614535013686	136.86711192013686	137.04047511000104	
137.04047511000104	1.8329999999999984	WheelMovementIntervals													1.375955188090117
139.2147104701392	3.8090135388661395	trials	-1.0	1.0	1.5		0.0	0.5	141.45911934014146	141.45901726894826	142.52367954014252	140.4998152801405	140.5007485201405	140.50947511000106	
139.71347511000104	0.13400000000001455	WheelMovementIntervals													-0.03422661555308082
140.50947511000106	3.2479999999999905	WheelMovementIntervals													1.4366097009752892
143.42022321014343	9.413019251284737	trials	-1.0	-1.0	0.0	0.0		0.5	150.27227127015027	150.27123503820212	152.33313183015233	144.38306025014438	144.38402682014438	149.95147511000107	
149.95147511000107	0.7649999999999864	WheelMovementIntervals													0.8270323185156556
153.24954018015325	6.007394265193824	trials	-1.0	1.0	1.5		0.125	0.5	157.6892295001577	157.68913446396422	158.75692272015877	157.05675942015705	157.05782598015705	157.18547511000108	
153.38647511000107	1.1409999999999911	WheelMovementIntervals													1.3754475916609081
155.03747511000105	1.3910000000000196	WheelMovementIntervals													1.9379500611979026
157.18547511000108	2.8870000000000005	WheelMovementIntervals													1.2766122168848995
159.66483192015966	2.851511040087189	trials	-1.0	1.0	1.5		1.0	0.5	160.95833589016095	160.95823556702544	162.016296750162	160.54921014016054	160.55011005016055	160.73747511000107	
160.73747511000107	1.9699999999999989	WheelMovementIntervals													1.6041528240206446
162.9064410601629	6.083610720224414	trials	-1.0	1.0	1.5		0.25	0.5	167.4178565401674	167.41774752665242	168.4900159801685	163.50704766016352	163.5080475601635	166.70347511000108	
166.70347511000108	0.26900000000000546	WheelMovementIntervals													0.10960788963399182
167.2524751100011	2.164999999999992	WheelMovementIntervals													1.5474319144318258
169.4782504801695	2.4879133520092864	trials	1.0	1.0	1.5	0.25		0.5	170.4015581401704	170.4014546926244	171.46608501017147	170.11612002017011	170.1172865701701	170.1284751100011	
170.1284751100011	1.9349999999999739	WheelMovementIntervals													-0.7446547380001007
172.34706357017234	7.009625855119026	trials	-1.0	-1.0	0.0	0.0625		0.5	176.78718618017677	176.78627867768407	178.85661255017885	173.05682592017305	173.05792581017306	176.55847511000107	
173.17947511000108	0.0660000000000025	WheelMovementIntervals													-0.011118153798847175
176.55847511000107	0.6690000000000111	WheelMovementIntervals													0.6795355864349446
179.76068880017976	4.105217906631026	trials	-1.0	-1.0	0.0	0.0625		0.5	181.3031012101813	181.3021943976062	183.36582825018337	180.2993349301803	180.3001348501803	180.6284751100011	
180.6284751100011	1.1289999999999907	WheelMovementIntervals													0.4596846929697236
183.9574751100011	0.3119999999999834	WheelMovementIntervals													0.11205454588905184
184.26340515018427	2.518609327096044	trials	1.0	1.0	1.5	0.125		0.5	185.22760872018523	185.227507954936	186.2820032701863	184.973300820185	184.97406741018497	184.9914751100011	
184.9914751100011	2.3300000000000125	WheelMovementIntervals													-1.2640589728962226
187.17831363018718	2.553806337725632	trials	1.0	1.0	1.5	0.25		0.5	188.16891456018817	188.16881531258747	189.23204157018924	187.9063741501879	187.9073407201879	187.98447511000109	
187.98447511000109	1.9190000000000111	WheelMovementIntervals													-0.5495075244694405
190.12791864019013	2.4782135247138513	trials	1.0	1.0	1.5	0.0625		0.5	191.04272715019104	191.04262289394177	192.1060874701921	190.75605582019077	190.75702239019077	190.7594751100011	
190.7594751100011	2.171999999999997	WheelMovementIntervals													1.4614257692465742
192.994331970193	3.078581787831382	trials	1.0	1.0	1.5	0.125		0.5	194.5040143201945	194.50392205910683	195.57280743019558	193.71542652019372	193.71625977019372	193.8734751100011	
193.8734751100011	2.413000000000011	WheelMovementIntervals													-0.9664583740802399
196.56150855019655	2.603730910737511	trials	1.0	1.0	1.5	0.0625		0.5	197.60683734019761	197.60672015578842	198.66519816019866	197.1820464901972	197.18294640019718	197.2884751100011	
197.2884751100011	2.1850000000000023	WheelMovementIntervals													-0.7670726308004561
199.56144186019955	4.344593994048381	trials	-1.0	1.0	1.5		0.25	0.5	202.34213043020233	202.34203673628969	203.4059573702034	201.93970401020195	201.94083723020194	202.1474751100011	
199.7804751100011	0.16800000000000637	WheelMovementIntervals													0.014067373431267072
200.2834751100011	0.0800000000000125	WheelMovementIntervals													0.00718546130703146
200.74647511000111	0.08899999999999864	WheelMovementIntervals													0.008866124574709033
202.1474751100011	1.5800000000000125	WheelMovementIntervals													1.2366478217401706
204.0064751100011	0.07699999999999818	WheelMovementIntervals													0.032302178519465485
204.31523310020432	2.424117740142151	trials	-1.0	1.0	1.5		1.0	0.5	205.17004761020516	205.16993864992935	206.23930734020624	204.81554973020482	204.81641631020483	204.9994751100011	
204.9994751100011	2.9560000000000173	WheelMovementIntervals													3.358071353110624
207.13205139020712	3.7662163937646937	trials	1.0	1.0	1.5	0.0		0.5	209.33436447020932	209.33425980662997	210.3982247402104	209.01522972020902	209.016029640209	209.1134751100011	
209.1134751100011	1.8520000000000039	WheelMovementIntervals													-0.9720481384773976
211.3054673402113	2.476084898550795	trials	1.0	1.0	1.5	0.125		0.5	212.22987489021224	212.22976058315413	213.2814697202133	211.9226722802119	211.92370551021193	212.05747511000112	
212.05747511000112	1.6469999999999914	WheelMovementIntervals													-1.386719765569211
214.1821463102142	7.032822789173025	trials	1.0	1.0	1.5	0.0		0.5	219.66576456021966	219.66566251960415	220.7149596302207	214.87244394021488	214.87327719021488	219.4474751100011	
219.4474751100011	2.0770000000000266	WheelMovementIntervals													1.1037070527290638
221.62796832022164	3.378023858073391	trials	1.0	-1.0	0.0		0.125	0.5	222.44352009022245	222.4424733494951	224.50588050022452	222.10552056022212	222.1065204602221	222.23747511000113	
222.23747511000113	0.7729999999999961	WheelMovementIntervals													-0.8159854985709387
225.3949915802254	3.5441080197862505	trials	1.0	-1.0	0.0		0.25	0.5	226.3724604902264	226.37159323901602	228.43902048022844	226.08125628022609	226.0821228602261	226.20547511000112	
226.20547511000112	0.6490000000000009	WheelMovementIntervals													-0.8555325718781503
229.32779826022934	2.427917398175566	trials	1.0	1.0	1.5	1.0		0.5	230.1871123202302	230.18700370942474	231.25563879023125	229.83151455022983	229.83238113022983	229.73747511000113	
229.73747511000113	2.8460000000000036	WheelMovementIntervals													-0.7015301198783703
232.14861615023216	5.957399135195232	trials	1.0	-1.0	0.0		0.125	0.5	235.54097688023555	235.53991451941852	237.6059037002376	233.14811619023314	233.14901610023315	235.40347511000112	
235.40347511000112	0.6590000000000202	WheelMovementIntervals													-0.6256333315070037
238.51191309023852	3.7269223062569097	trials	1.0	-1.0	0.0		0.0625	0.5	239.67156378023967	239.67061909258416	241.73872371024174	239.1982111202392	239.1992443502392	239.39447511000114	
239.39447511000114	0.4749999999999943	WheelMovementIntervals													-0.42510074262123965
242.55347511000113	0.7180000000000177	WheelMovementIntervals													0.599456920695026
242.63143443024262	3.0073958310639455	trials	1.0	1.0	1.5	0.0625		0.5	244.08102279024408	244.08093145695443	245.13881700024515	243.6981944102437	243.6991609802437	243.75847511000114	
243.75847511000114	2.2539999999999907	WheelMovementIntervals													-0.7954996485356105
246.03422745024605	2.4467161954528933	trials	1.0	1.0	1.5	1.0		0.5	246.92513835024693	246.92503225447012	247.98083277024799	246.6813960602467	246.6824626202467	246.76047511000115	
246.76047511000115	2.0049999999999955	WheelMovementIntervals													-2.2945453371240276
248.8804428002489	3.350794407484244	trials	1.0	-1.0	0.0		0.0625	0.5	249.66743076024966	249.66644101926707	251.73115770025174	249.37172700024936	249.37276023024938	249.45447511000114	
249.45447511000114	1.0	WheelMovementIntervals													-0.6640326392813378
252.63173430025265	2.4159087556860186	trials	-1.0	1.0	1.5		1.0	0.5	253.48464900025348	253.4845366849723	254.54757603025456	253.12185195025313	253.12268520025313	253.27547511000114	
253.27547511000114	2.9150000000000205	WheelMovementIntervals													2.812377043054134
255.54984246025555	8.964425079079831	trials	-1.0	1.0	1.5		0.0	0.5	262.959168120263	262.9590615354285	264.014229270264	262.62143523026265	262.6222351502626	262.71547511000114	
256.9544751100011	0.1260000000000332	WheelMovementIntervals													0.01321699472259752
257.3384751100011	1.4590000000000032	WheelMovementIntervals													1.2718303240377509
259.24447511000113	2.6189999999999714	WheelMovementIntervals													3.101565260182227
262.71547511000114	3.7479999999999905	WheelMovementIntervals													1.7652679851400066
264.972966720265	4.148610436547187	trials	-1.0	1.0	1.5		0.0625	0.5	267.5647741802676	267.56467199071494	268.62153516026865	267.1883118302672	267.1894783802672	267.3604751100011	
267.3604751100011	2.7630000000000337	WheelMovementIntervals													3.3313368566351684
269.54617602026957	3.201506202262067	trials	-1.0	1.0	1.5		1.0	0.5	271.1938779002712	271.1937781828942	272.24760585027224	270.8806758902709	270.8817424502709	271.02247511000115	
271.02247511000115	2.5539999999999736	WheelMovementIntervals													2.994768529334948
273.1649807702732	2.9727262572933455	trials	1.0	1.0	1.5	1.0		0.5	274.57450647027457	274.57439227099854	275.6376668102756	274.3046667902743	274.3057000202743	274.4014751100011	
274.4014751100011	1.9570000000000505	WheelMovementIntervals													-1.7823178363751424
276.55470843027655	2.3829909799482607	trials	1.0	1.0	1.5	0.25		0.5	277.3794926102774	277.3794046165002	278.43765345027845	277.11388584027713	277.1149857302771	277.24047511000117	
277.24047511000117	1.8529999999999518	WheelMovementIntervals													-1.7940994165190176
279.3398965502793	2.314796854899953	trials	1.0	1.0	1.5	1.0		0.5	280.0906881302801	280.0905952060054	281.1546483902812	279.83074746027984	279.8316140402798	279.94147511000114	
279.94147511000114	2.5289999999999964	WheelMovementIntervals													2.5066042346626887
282.0650906702821	2.989826445644667	trials	-1.0	1.0	1.5		1.0	0.5	283.4918146502835	283.49170185749296	284.55484167028453	283.1806124402832	283.1815456802832	283.32247511000116	
283.32247511000116	2.183999999999969	WheelMovementIntervals													1.7907512090350366
285.4648173302855	2.53990634914976	trials	1.0	1.0	1.5	1.0		0.5	286.43482032028646	286.43471899107413	287.5046799902875	286.2140757302862	286.21517562028623	286.31147511000114	
286.31147511000114	2.1450000000000387	WheelMovementIntervals													-1.3163058044087137
288.41402238028843	8.140432004093725	trials	1.0	1.0	1.5	0.125		0.5	294.987431640295	294.9873466083191	296.0544249302961	289.2140090402892	289.2151422602892	294.57047511000115	
294.57047511000115	3.150000000000034	WheelMovementIntervals													-1.0780486717369229
297.0932543702971	5.003891733941032	trials	-1.0	1.0	1.5		0.25	0.5	300.5485421403005	300.5484472815717	301.5971039403016	300.1304506203001	300.13128387030014	300.29447511000114	
298.30847511000115	1.2110000000000127	WheelMovementIntervals													0.8396019843064835
300.29447511000114	2.393000000000029	WheelMovementIntervals													2.4923772811576868
302.53774320030254	3.0093231260796074	trials	-1.0	1.0	1.5		0.0	0.5	304.001563470304	304.0014534758557	305.04702558030505	303.53740989030354	303.53824314030356	303.8214751100012	
303.8214751100012	2.606999999999971	WheelMovementIntervals													2.5640684921949344
305.96356725030597	3.990494579387587	trials	1.0	1.0	1.5	0.25		0.5	308.4032565903084	308.4031627137023	309.45398484030943	307.53750984030756	307.5385097403075	307.72447511000115	
307.72447511000115	3.0049999999999955	WheelMovementIntervals													-0.5364949953059863
310.3785590403104	4.418316881148087	trials	-1.0	-1.0	0.0	0.0625		0.5	312.23743980031225	312.2364652978467	314.2968671703143	311.64643224031164	311.64743214031165	311.8884751100012	
311.8884751100012	0.8079999999999927	WheelMovementIntervals													0.8946261758715366
315.2151753303152	2.8816058816268537	trials	-1.0	1.0	1.5		0.25	0.5	316.54347582031653	316.54337711945084	317.5967371503176	316.2373397703162	316.23870630031627	316.3894751100012	
316.3894751100012	1.545000000000016	WheelMovementIntervals													1.4616796316227294
318.5038797603185	5.416415775697089	trials	-1.0	1.0	1.5		0.0625	0.5	322.36169394032237	322.3615895717222	323.4202547403234	322.2039763803222	322.2049429503222	322.1054751100012	
319.29147511000116	1.4980000000000473	WheelMovementIntervals													3.0944995639396495
320.9534751100012	0.5869999999999891	WheelMovementIntervals													0.28376834763506054
322.1054751100012	2.7169999999999845	WheelMovementIntervals													1.4407030411396278
324.35449464032433	3.133012282124241	trials	-1.0	1.0	1.5		0.25	0.5	325.9222045203259	325.92209978499324	326.987397990327	325.62960045032565	325.63056702032566	325.7754751100012	
325.7754751100012	1.5570000000000164	WheelMovementIntervals													2.464145023213902
327.9043062903279	8.292116713889527	trials	-1.0	1.0	1.5		0.0	0.5	334.64453220033465	334.64441825027325	335.6963936703357	328.4300203803284	328.43085363032844	334.4114751100012	
334.4114751100012	2.2729999999999677	WheelMovementIntervals													1.5849916118353633
336.74652198033675	2.6570959239558647	trials	-1.0	1.0	1.5		0.125	0.5	337.83831279033785	337.83821948392625	338.90350626033893	337.3201312803373	337.3210645203373	337.5564751100012	
337.5564751100012	2.146000000000015	WheelMovementIntervals													2.552035666150047
339.81641496033984	2.437314658314449	trials	1.0	1.0	1.5	0.125		0.5	340.6997266203407	340.6996195473066	341.7537212103418	340.36266033034036	340.3636602303404	340.5594751100012	
340.5594751100012	2.348000000000013	WheelMovementIntervals													1.0220177112339144
342.6680297703427	3.044718318093828	trials	1.0	1.0	1.5	0.25		0.5	344.1630469203442	344.16293778226583	345.2127086103452	343.86254364034386	343.8636102003439	344.0184751100012	
344.0184751100012	3.062000000000012	WheelMovementIntervals													-0.5273243142964503
346.1478484203462	3.331894624016684	trials	-1.0	1.0	1.5		1.0	0.5	347.92873698034794	347.9286444781081	348.979698540349	347.5366761903475	347.53757610034756	347.6914751100012	
347.6914751100012	2.0200000000000387	WheelMovementIntervals													1.608336098658981
349.8971401203499	7.932228886422251	trials	-1.0	1.0	1.5		0.0625	0.5	356.2725691803563	356.2724617296089	357.32926350035734	350.61980118035063	350.6208344103506	355.94947511000123	
355.94947511000123	2.3839999999999577	WheelMovementIntervals													1.126148401229571
358.2788685303583	3.3409222715207534	trials	-1.0	-1.0	0.0	0.0		0.5	359.06872287035907	359.06767331654345	361.11971775036113	358.7695527903588	358.7703860403588	358.58647511000123	
358.58647511000123	0.8669999999999618	WheelMovementIntervals													0.8416550858247973
362.0496914103621	9.019921077547167	trials	-1.0	1.0	1.5		0.0	0.5	369.50427921036953	369.5042071770051	370.5695726703706	362.5794717603626	362.5803383403626	368.7344751100012	
368.7344751100012	3.125	WheelMovementIntervals													1.6600103938097988
371.5152114303715	6.787810862101708	trials	1.0	1.0	1.5	0.0625		0.5	376.74322191037675	376.7431182558772	377.8029159303778	376.3957899903764	376.3967898903764	376.49247511000124	
372.28847511000123	0.6809999999999832	WheelMovementIntervals													0.947889959724975
373.2484751100012	2.3660000000000423	WheelMovementIntervals													3.0725923050315345
376.49247511000124	3.0640000000000214	WheelMovementIntervals													-1.6077752804670382
378.75332088037874	3.399416692116233	trials	-1.0	1.0	1.5		1.0	0.5	380.5957032903806	380.59562884274555	381.6526309203817	380.1952433403802	380.1963765603802	380.44347511000126	
380.44347511000126	2.7409999999999854	WheelMovementIntervals													1.8982436987389093
382.5872374503826	2.9418886851786397	trials	1.0	1.0	1.5	1.0		0.5	383.976831810384	383.9767311616128	385.029093240385	383.6956599303837	383.6966598303837	383.84047511000125	
383.84047511000125	2.473000000000013	WheelMovementIntervals													-2.757453585811632
386.07822165038607	5.307525560568877	trials	-1.0	1.0	1.5		1.0	0.5	389.82704673038984	389.8269382912662	390.8856408603909	389.4696491403895	389.4705823803895	389.62147511000126	
386.5534751100012	0.6140000000000327	WheelMovementIntervals													0.062430116661630564
387.64047511000126	1.1519999999999868	WheelMovementIntervals													0.4446542103246003
389.62147511000126	2.125	WheelMovementIntervals													1.6337767329983564
391.82264715039184	2.5061081807219807	trials	1.0	1.0	1.5	0.0625		0.5	392.7887505303928	392.7886495328078	393.82867986039383	392.3954565303924	392.3965230903924	392.50547511000127	
392.50547511000127	3.358000000000004	WheelMovementIntervals													-1.3850087085556027
394.75015437039474	3.995293145799451	trials	-1.0	1.0	1.5		0.125	0.5	397.1954431503972	397.1953489514574	398.24537148039826	396.5692057803966	396.5701390203966	396.69647511000124	
396.69647511000124	2.5470000000000255	WheelMovementIntervals													1.3881247313850622
399.1812445503992	2.705019488420419	trials	1.0	1.0	1.5	0.25		0.5	400.32436356040034	400.3242519401403	401.38622403040137	400.0195273804	400.02042729040005	400.1684751100012	
400.1684751100012	2.2320000000000277	WheelMovementIntervals													-1.6982715994622168
402.3118647904023	2.623896359503533	trials	1.0	1.0	1.5	0.25		0.5	403.36175979040337	403.36166253368947	404.43575238040444	403.02875976040303	403.02969300040303	403.18247511000123	
403.18247511000123	2.3840000000000146	WheelMovementIntervals													-0.569673533677161
405.3774582004054	2.5012081336239476	trials	1.0	1.0	1.5	1.0		0.5	406.3267632604063	406.3266605281006	407.37865806040736	406.0786214104061	406.0796546404061	406.18947511000124	
406.18947511000124	1.896000000000015	WheelMovementIntervals													-0.5185533321608204
408.3053653804083	3.223133977619	trials	1.0	1.0	1.5	1.0		0.5	409.98629727041	409.9861815347732	411.028426380411	409.002362340409	409.003262250409	409.21247511000126	
409.21247511000126	3.6890000000000214	WheelMovementIntervals													-1.5782524707936574
411.95430045041195	8.614995661675152	trials	-1.0	-1.0	0.0	0.0		0.5	418.01946054041804	418.018395988865	420.0692555404201	413.45235063041343	413.45321721041347	417.77347511000124	
417.77347511000124	0.813000000000045	WheelMovementIntervals													0.43528744287698373
421.020093780421	2.575002895865225	trials	1.0	1.0	1.5	0.0625		0.5	422.03739204042205	422.0372941343136	423.0950529304231	421.64483130042163	421.6457312104217	421.82847511000125	
421.82847511000125	4.940000000000055	WheelMovementIntervals													1.2551843428013854
424.009394820424	5.435531986920807	trials	1.0	1.0	1.5	0.0		0.8	427.8817075504279	427.8816161828216	428.94483456042894	427.36879218042736	427.3696587604274	427.53247511000126	
427.53247511000126	2.3780000000000427	WheelMovementIntervals													-0.49883790810872597
430.01102793043003	2.507907773257614	trials	-1.0	1.0	1.5		1.0	0.8	430.95673335043097	430.9566301072266	432.018893790432	430.6024687804306	430.6032687004306	430.74647511000126	
430.74647511000126	2.4120000000000346	WheelMovementIntervals													5.329421417777141
432.94323468043297	4.234602290605267	trials	-1.0	-1.0	0.0	1.0		0.8	434.61153450043463	434.61023479483305	436.6777945204367	434.46131619043445	434.4622161004345	434.42147511000127	
433.5374751100013	0.35899999999998045	WheelMovementIntervals													0.42482644409726333
434.42147511000127	1.7030000000000314	WheelMovementIntervals													1.631960014301228
437.6062350004376	4.571730680191763	trials	1.0	1.0	1.5	1.0		0.8	440.6105345404406	440.6104538470361	441.6778944604417	440.3016654304403	440.3027986504403	440.4784751100013	
437.8454751100013	1.0209999999999582	WheelMovementIntervals													1.2713366473401209
440.4784751100013	2.4139999999999873	WheelMovementIntervals													-1.4455863862593077
442.62426648044266	3.970495847263976	trials	1.0	1.0	1.5	0.125		0.8	445.033658850445	445.03356274696336	446.0946527404461	444.7021920004447	444.7030585804447	444.8164751100013	
443.3894751100013	0.7320000000000277	WheelMovementIntervals													0.6194643395970871
444.8164751100013	2.0600000000000023	WheelMovementIntervals													-0.823282841121042
447.025359660447	2.4024159299177654	trials	-1.0	1.0	1.5		1.0	0.8	447.8738748004479	447.87376457974955	448.9276694104489	447.55180701044753	447.55267359044757	447.6974751100013	
447.6974751100013	1.684000000000026	WheelMovementIntervals													2.7522948693067235
449.8606761004499	2.6742944057853038	trials	1.0	1.0	1.5	0.125		0.8	450.95776638045095	450.95767257510005	452.03495865045204	450.55190697045055	450.5529735304506	450.7454751100013	
450.7454751100013	1.9220000000000255	WheelMovementIntervals													0.7904060388090386
452.959966140453	2.484509368312388	trials	1.0	1.0	1.5	1.0		0.8	453.88417371045387	453.8840688810656	454.94440101045495	453.57760437045357	453.5785709404536	453.7304751100013	
453.7304751100013	2.1899999999999977	WheelMovementIntervals													-1.5263822932785018
455.87327478045586	3.9541271074161273	trials	-1.0	-1.0	0.0	0.0		0.8	457.2672020404573	457.26618362497226	459.32732934045936	456.83494527045684	456.83587851045684	457.0734751100013	
457.0734751100013	0.6419999999999959	WheelMovementIntervals													0.8015595011287786
460.26090264046024	2.57400180279393	trials	1.0	1.0	1.5	1.0		0.8	461.27280144046125	461.2727025629416	462.3348618904623	460.85151024046087	460.85247681046087	461.0354751100013	
461.0354751100013	2.259999999999991	WheelMovementIntervals													-0.7781041649629543
463.26290241046325	4.3550902044256645	trials	-1.0	1.0	1.5		0.0	0.8	466.05558978046605	466.05549484684684	467.1179168704671	465.62726595046564	465.6283991704656	465.8044751100013	
463.6474751100013	1.1059999999999945	WheelMovementIntervals													-0.48332405888456265
465.8044751100013	0.40300000000002	WheelMovementIntervals													0.381452434786965
466.8234751100013	1.358000000000004	WheelMovementIntervals													0.5303368025060706
468.05898942046804	4.359037308874861	trials	-1.0	-1.0	0.0	0.0		0.8	469.84967700046985	469.8488039182417	471.91797015047194	468.8770409404689	468.8780075104689	468.8954751100013	
468.8954751100013	2.646000000000015	WheelMovementIntervals													1.436849835092815
472.7654751100013	2.6299999999999955	WheelMovementIntervals													1.4335608439568972
472.992229380473	6.84210470735718	trials	-1.0	-1.0	0.0	0.0		0.8	477.27086814047726	477.2700310731594	479.3342617804793	476.2272725104762	476.22857238047624	476.4314751100013	
476.4314751100013	1.1469999999999914	WheelMovementIntervals													0.8325137713096353
480.2959322704803	2.764314435162305	trials	-1.0	1.0	1.5		0.25	0.8	481.50404478048154	481.5039372676446	482.56013916048255	481.1773774504812	481.1784773404812	481.0684751100013	
480.37247511000135	0.2259999999999991	WheelMovementIntervals													0.04528825216145549
481.0684751100013	2.73599999999999	WheelMovementIntervals													3.219960988919297
483.4965455104835	4.83820686597312	trials	-1.0	-1.0	0.0	0.0625		0.8	485.7740844004858	485.7732478002517	487.83467832048785	485.11778337048514	485.11874994048515	485.2514751100013	
484.0154751100013	0.40300000000002	WheelMovementIntervals													-0.09185211565090867
485.2514751100013	2.9630000000000223	WheelMovementIntervals													2.214140581866218
488.77625082048877	2.3340935668225598	trials	1.0	1.0	1.5	0.25		0.8	489.54774033048955	489.5476477029087	490.61033406049063	489.24363741048927	489.24503727048926	489.4364751100013	
489.4364751100013	1.4960000000000377	WheelMovementIntervals													1.0616298710124425
491.5549395904916	2.422014186336014	trials	-1.0	1.0	1.5		1.0	0.8	492.42325275049245	492.4231439588517	493.4768807104935	492.1176833104921	492.1186498804921	491.99947511000136	
491.99947511000136	5.509999999999991	WheelMovementIntervals													4.470948645641826
494.4109539604944	10.639921826271404	trials	-1.0	1.0	1.5		0.25	0.8	503.48158014050347	503.4814708623601	504.55087320050455	503.03405823050304	503.03512479050306	503.24547511000134	
497.89947511000133	0.2980000000000018	WheelMovementIntervals													0.042014815492819935
498.6044751100013	0.2890000000000441	WheelMovementIntervals													0.03734303944290218
499.97247511000137	2.4769999999999754	WheelMovementIntervals													2.89277815178815
503.24547511000134	2.545000000000016	WheelMovementIntervals													2.3891178956220642
505.5358746905055	9.507534488185627	trials	-1.0	1.0	1.5		0.125	0.8	513.4925122805136	513.4924018787458	514.5433071905145	511.32662889051136	511.3276621205113	511.77047511000137	
506.36447511000137	4.23599999999999	WheelMovementIntervals													4.989441198389841
511.77047511000137	0.2949999999999591	WheelMovementIntervals													0.1113580091438564
512.8454751100014	2.6249999999998863	WheelMovementIntervals													0.4676891952726123
515.5268088305155	2.383117455903516	trials	1.0	1.0	1.5	0.125		0.8	516.3498265205163	516.3497141675355	517.4098538405174	516.0668881505161	516.067921380516	516.2004751100013	
516.2004751100013	2.740000000000009	WheelMovementIntervals													1.830864572051155
518.3438271005183	3.023290164082482	trials	1.0	1.0	1.5	0.0		0.8	519.8056142405198	519.8055213781126	520.8670414205209	519.4672480805194	519.4682146505195	519.5284751100014	
519.5284751100014	2.203999999999951	WheelMovementIntervals													2.020234901330241
521.8126135205218	2.5047063407157566	trials	1.0	1.0	1.5	0.0625		0.8	522.7530194705228	522.752915150087	523.8172463705238	522.3931887905223	522.3941553605224	522.5054751100014	
522.5054751100014	2.100999999999999	WheelMovementIntervals													-0.3971959452495355
524.7612186305248	4.856133971481995	trials	-1.0	-1.0	0.0	0.0625		0.8	527.0494231205271	527.0484336889346	529.1172829805291	525.3262621205254	525.3270953705253	526.9434751100014	
525.6254751100014	0.20899999999994634	WheelMovementIntervals													0.07009859259301265
526.9434751100014	0.9529999999999745	WheelMovementIntervals													2.0454637606719928
530.0773536305301	3.5895857128388116	trials	1.0	-1.0	0.0		0.0625	0.8	531.0966850205311	531.095849009273	533.1669113105331	530.7095904005307	530.7106902905307	530.8494751100013	
530.8494751100013	1.0950000000000273	WheelMovementIntervals													-0.43779930139933754
533.0514751100013	2.5370000000000346	WheelMovementIntervals													0.6348241068397158
534.2670346205342	7.2831251472100575	trials	1.0	1.0	1.5	1.0		0.8	539.98336293054	539.9832527878044	541.050156240541	539.6759603405396	539.6768602505397	539.8554751100014	
536.2794751100014	2.759999999999991	WheelMovementIntervals													4.436057230834081
539.8554751100014	0.3869999999999436	WheelMovementIntervals													-0.8756388026819195
540.4224751100014	1.3489999999999327	WheelMovementIntervals													0.9209373586478478
542.019859260542	5.013619812462252	trials	-1.0	1.0	1.5		0.0625	0.2	545.4736805105455	545.4735715309419	546.5334078605465	542.5761036305425	542.5775034905425	545.1524751100014	
542.6564751100013	0.16600000000005366	WheelMovementIntervals													-0.011474664222959063
545.1524751100014	2.342999999999961	WheelMovementIntervals													2.256558846072977
547.4915787005475	4.791510327567039	trials	1.0	1.0	1.5	0.25		0.2	550.7146896905507	550.7145843020788	551.7830828405517	550.3926219005504	550.3936884605504	550.5414751100014	
548.2194751100014	0.18799999999998818	WheelMovementIntervals													0.023925220163107497
548.8484751100013	0.8559999999999945	WheelMovementIntervals													0.583225899523228
550.5414751100014	1.9219999999999118	WheelMovementIntervals													-0.7825483929635197
552.7332878105527	5.609028453386713	trials	-1.0	1.0	1.5		0.0625	0.2	556.7820828905568	556.7820061833593	557.8422102005578	553.3758235505534	553.3766568005534	553.6234751100014	
553.6234751100014	0.3369999999999891	WheelMovementIntervals													0.1694542855268537
556.6774751100014	2.38900000000001	WheelMovementIntervals													2.383566340312427
558.7911153005588	3.658692128940629	trials	1.0	1.0	1.5	1.0		0.2	560.8859058005609	560.885809649126	561.949766070562	560.5992678005606	560.6002010405606	560.7334751100015	
559.5204751100014	0.5339999999999918	WheelMovementIntervals													-0.05883178260131672
560.7334751100015	1.870999999999981	WheelMovementIntervals													-0.7813481822450115
562.9016042105629	4.08161571780704	trials	-1.0	1.0	1.5		1.0	0.2	565.4231187005654	565.4230120669563	566.4831460205664	565.1587118105651	565.1598117005651	565.0944751100014	
563.2634751100014	0.3909999999999627	WheelMovementIntervals													0.0676951771340839
563.9674751100014	0.39999999999997726	WheelMovementIntervals													0.03896634590481085
565.0944751100014	2.7749999999999773	WheelMovementIntervals													4.3748321438002336
567.4268183105675	4.973025062927945	trials	-1.0	1.0	1.5		0.0625	0.2	570.8435432705709	570.8434334684508	571.8997376405719	568.4256850805684	568.4267516405685	570.4914751100014	
570.4914751100014	1.7480000000000473	WheelMovementIntervals													2.097698765489355
572.7224751100014	2.01400000000001	WheelMovementIntervals													3.923625344224945
572.8522423805729	4.281093519636329	trials	-1.0	1.0	1.5		1.0	0.2	575.5739368505756	575.5738369894007	576.6332975705766	575.2923316805753	575.2932982505753	575.2724751100014	
575.2724751100014	2.7649999999999864	WheelMovementIntervals													1.6918530112236851
577.6127329505777	3.312522696541123	trials	-1.0	1.0	1.5		0.0625	0.2	579.3617580305794	579.36164387772	580.4251516805805	579.009059970579	579.009926550579	579.0774751100014	
579.0774751100014	2.410000000000082	WheelMovementIntervals													1.6776602550047812
581.3771564705814	5.131507538321557	trials	-1.0	1.0	1.5		0.0	0.2	584.9523655805849	584.9522603291114	586.0085932805861	584.4660808805845	584.4671807705845	584.6504751100014	
581.9424751100014	2.004000000000019	WheelMovementIntervals													2.3982999672865333
584.6504751100014	1.802000000000021	WheelMovementIntervals													1.7771314473349378
586.8544751100014	0.3729999999999336	WheelMovementIntervals													0.17392149870539697
586.982762520587	2.7589123307498085	trials	-1.0	1.0	1.5		1.0	0.2	588.1835757605882	588.1834670166261	589.2416366105892	587.7823158905878	587.7831158105878	587.9254751100015	
587.9254751100015	2.280999999999949	WheelMovementIntervals													2.0541916852338886
590.1954745505902	2.503906149413069	trials	-1.0	1.0	1.5		0.0625	0.2	591.1420798805912	591.1419761191099	592.1993074805922	590.982795810591	590.983729050591	590.8524751100015	
590.8524751100015	4.814999999999941	WheelMovementIntervals													5.959373676302221
593.1462794405932	5.912397147930619	trials	-1.0	1.0	1.5		0.0625	0.2	597.5046768905975	597.5045758639125	598.5586714805986	596.2747665605963	596.2756331405963	597.4254751100015	
597.4254751100015	2.129000000000019	WheelMovementIntervals													2.0872991937773406
599.5313742005995	3.1434083450961907	trials	-1.0	1.0	1.5		0.0	0.2	601.1276812206012	601.1275769148052	602.1747431706021	600.7319541306007	600.7328873706008	600.9254751100015	
600.9254751100015	3.294999999999959	WheelMovementIntervals													3.258893181663609
603.1363803306032	3.505033943096464	trials	-1.0	1.0	1.5		1.0	0.2	605.0858853606051	605.0857980966051	606.1413798006062	604.7826490206048	604.7834822706047	604.9304751100015	
604.9304751100015	1.6119999999999663	WheelMovementIntervals													1.4821588329189126
607.1074165206071	2.6005987614648802	trials	-1.0	1.0	1.5		0.25	0.2	608.1497122806081	608.1496148220006	609.2079731106093	607.7990806806079	607.8001139106078	607.9264751100014	
607.9264751100014	3.020999999999958	WheelMovementIntervals													1.9929458473837087
610.1568115506102	4.159005786556804	trials	-1.0	1.0	1.5		0.0	0.2	612.7547184006128	612.7546139157731	613.8157789506138	612.3986540106124	612.3996872406124	612.5184751100014	
611.4304751100015	0.4600000000000364	WheelMovementIntervals													0.5842793015474683
612.5184751100014	1.8010000000000446	WheelMovementIntervals													1.954428346444871
614.7809157606148	2.577198859867849	trials	-1.0	1.0	1.5		0.125	0.2	615.8090129406158	615.808914508072	616.8580413606169	615.3582913506153	615.3593245806154	615.5364751100014	
615.5364751100014	2.836999999999989	WheelMovementIntervals													3.2329831401648903
617.8176120606179	3.2975248602622287	trials	-1.0	1.0	1.5		0.125	0.2	619.5618376206196	619.5617241517655	620.6150322906207	619.0658538906191	619.066920450619	619.2764751100015	
619.2764751100015	1.5570000000000164	WheelMovementIntervals													1.4127256910511505
621.5579379906216	3.683420060125286	trials	-1.0	-1.0	0.0	0.0625		0.2	622.6938577206226	622.6928432470478	624.7412529606247	622.0910180106221	622.091884590622	622.2804751100015	
622.2804751100015	1.1059999999999945	WheelMovementIntervals													1.0674246801361562
625.6990571706257	3.1661079644442225	trials	-1.0	1.0	1.5		0.25	0.2	627.3114625806273	627.3113596987093	628.3651238706284	626.3653905306264	626.3664570906263	627.1014751100015	
626.4894751100014	0.15200000000004366	WheelMovementIntervals													0.018393300884042674
627.1014751100015	2.006999999999948	WheelMovementIntervals													1.118414967154564
629.3087628306293	2.3157931778994225	trials	-1.0	1.0	1.5		1.0	0.2	630.06315405063	630.0630599571062	631.1244479106311	629.7912479106297	629.7920811606298	629.8044751100015	
629.8044751100015	1.100999999999999	WheelMovementIntervals													1.4933348550098344
631.2864751100014	1.5960000000000036	WheelMovementIntervals													1.4378150157007497
632.080752270632	5.91782727077009	trials	1.0	1.0	1.5	1.0		0.2	636.4405829106364	636.4404708878443	637.4984771106375	636.2153054406363	636.2163053406363	636.3174751100015	
633.5814751100014	1.900000000000091	WheelMovementIntervals													2.59071732737047
636.3174751100015	2.437999999999988	WheelMovementIntervals													-2.075830694429385
638.4737795706385	3.0581149366221325	trials	-1.0	1.0	1.5		0.125	0.2	639.9672635406399	639.9671858881359	641.031823740641	639.5910678306396	639.5919344106396	639.5454751100015	
639.5454751100015	2.2889999999999873	WheelMovementIntervals													2.0391942951577846
641.991294450642	2.632993046116894	trials	-1.0	1.0	1.5		0.25	0.2	643.0712864406431	643.0711907782945	644.1242478006442	642.7243211406427	642.7251877206427	642.8384751100015	
642.8384751100015	2.6140000000000327	WheelMovementIntervals													2.1465360341977373
645.0965838906451	3.1018222402814217	trials	-1.0	1.0	1.5		0.0625	0.2	646.6322969706466	646.6321939109417	647.6983570206477	646.2149720406462	646.2161385906462	646.3624751100015	
646.3624751100015	2.4220000000000255	WheelMovementIntervals													1.7669381835072215
648.8512083906488	3.246599643503373	trials	-1.0	1.0	1.5		0.0625	0.2	650.5453056306505	650.5452066393088	651.5977337106516	649.94059944065	649.94176599065	650.1424751100014	
650.1424751100014	1.969000000000051	WheelMovementIntervals													1.2592243465577155
652.3334751100015	0.08799999999996544	WheelMovementIntervals													0.009566954835207753
652.5558045606525	7.358916330658758	trials	-1.0	1.0	1.5		1.0	0.2	658.3539246906583	658.353815851625	659.4146852706594	657.2742326706573	657.2752992306573	657.0814751100015	
654.0224751100014	2.2170000000000982	WheelMovementIntervals													4.184558360246456
657.0814751100015	0.56899999999996	WheelMovementIntervals													0.1338124555485365
658.2984751100015	1.947999999999979	WheelMovementIntervals													2.7521164196264465
660.4022198406605	2.51270632707417	trials	1.0	1.0	1.5	1.0		0.2	661.3501250406614	661.350021095644	662.4148185606624	661.024257630661	661.025224200661	661.1944751100015	
661.1944751100015	1.9200000000000728	WheelMovementIntervals													-0.9762420005608305
663.3627237606634	4.044516017070123	trials	-1.0	1.0	1.5		0.125	0.2	665.8623404406659	665.862232423205	666.907169280667	665.2408692606652	665.2418358306652	665.4994751100015	
663.4024751100014	1.0590000000000828	WheelMovementIntervals													1.1963585311610245
665.4994751100015	2.3729999999999336	WheelMovementIntervals													1.5232165821994954
667.8726393906679	5.984420615347972	trials	-1.0	-1.0	0.0	0.0625		0.2	671.3117621106713	671.3107500853753	673.3569909006734	668.8641402306689	668.8651068006689	670.9674751100015	
670.9674751100015	0.7129999999999654	WheelMovementIntervals													0.8946963870560012
673.6824751100015	0.18099999999992633	WheelMovementIntervals													0.034750467351130965
674.3375595006744	5.436410533466756	trials	-1.0	1.0	1.5		0.25	0.2	678.2076724506782	678.2075648635065	679.2738991506793	677.8807051506778	677.8816383906778	678.0534751100015	
674.8124751100015	2.391999999999939	WheelMovementIntervals													4.037590813027691
678.0534751100015	3.125	WheelMovementIntervals													1.6728480486315789
680.2549677006803	3.419010767574491	trials	1.0	1.0	1.5	1.0		0.2	682.1255806206822	682.1254724973279	683.1738757806831	681.6646933806817	681.6655932906817	681.8164751100015	
681.8164751100015	3.687000000000012	WheelMovementIntervals													-0.46235292726407806
684.1545777006842	3.793208391590497	trials	-1.0	1.0	1.5		0.25	0.2	686.3896875006864	686.3895814666857	687.4477483506874	686.0812183506861	686.0821849206861	686.2564751100015	
686.2564751100015	1.7110000000000127	WheelMovementIntervals													1.929661219141252
688.4156848806884	2.274296093047951	trials	-1.0	1.0	1.5		0.125	0.2	689.1483782706891	689.1482829779363	690.1899407706902	688.940232420689	688.9411323306889	688.8754751100015	
688.8754751100015	2.038000000000011	WheelMovementIntervals													1.5444424652273483
691.1531777706912	2.453909516646945	trials	-1.0	1.0	1.5		1.0	0.2	692.048088270692	692.0479801469447	693.1070490306931	691.7143883106917	691.7154215406918	691.8524751100015	
691.8524751100015	1.7300000000000182	WheelMovementIntervals													1.3445107734074782
694.075285530694	2.6814169306524036	trials	-1.0	1.0	1.5		0.25	0.2	695.1828081006952	695.1826916969476	696.2566673706963	694.7975466306948	694.7983798806948	694.9304751100016	
694.9304751100016	0.4759999999999991	WheelMovementIntervals													0.4836659839063202
697.2325031106973	7.457108569425259	trials	-1.0	1.0	1.5		0.125	0.2	703.1328130207031	703.1327075173313	704.1895073407042	697.963996620698	697.9649965206979	702.6644751100015	
702.6644751100015	2.338000000000079	WheelMovementIntervals													2.580848817616726
705.1724090407051	10.491532026339087	trials	1.0	1.0	1.5	0.0625		0.2	714.0967498507141	714.0966345814766	715.1638764607152	712.4469148507125	712.4477481007125	712.7444751100015	
705.3674751100016	1.155999999999949	WheelMovementIntervals													1.375690358122199
706.7054751100015	3.6709999999999354	WheelMovementIntervals													4.90989435056855
710.8684751100016	0.17599999999993088	WheelMovementIntervals													0.017427271838670322
711.4464751100015	0.17999999999994998	WheelMovementIntervals													0.012198300160122244
712.7444751100015	3.2100000000000364	WheelMovementIntervals													-1.5144440114402755
716.1893405707162	2.55061200008015	trials	-1.0	1.0	1.5		0.25	0.2	717.1664428507172	717.166344018167	718.2399354907183	716.8560738907169	716.8570071307169	717.0234751100015	
717.0234751100015	1.3360000000000127	WheelMovementIntervals													1.2614756000701561
718.6724751100015	0.9339999999999691	WheelMovementIntervals													1.078352806897982
719.4087519307194	2.7310124292589535	trials	-1.0	1.0	1.5		0.0625	0.2	720.5818346107205	720.5817564102184	721.6396954807217	720.1470114307201	720.1479446707201	720.2604751100015	
720.2604751100015	4.275000000000091	WheelMovementIntervals													4.25127043865993
722.6191641907226	5.411011948358237	trials	-1.0	-1.0	0.0	0.25		0.2	725.4535140607254	725.4527688767427	727.5300730507275	725.3131614307254	725.3141946607253	725.2924751100015	
725.2924751100015	2.366999999999962	WheelMovementIntervals													1.7406922750328704
728.5209739507285	2.6760886258492746	trials	1.0	1.0	1.5	0.25		0.2	729.6201640207296	729.6200684578403	730.6970229907307	729.1062820807291	729.1071153307291	729.4014751100016	
729.4014751100016	2.159999999999968	WheelMovementIntervals													-1.1059381412160292
731.6784581707317	7.368546917926778	trials	-1.0	1.0	1.5		0.0	0.2	737.4790780507375	737.4789927430098	738.5469045907386	732.3895203907324	732.3904203007324	737.2944751100016	
737.2944751100016	1.856999999999971	WheelMovementIntervals													1.7063994312590296
739.3104751100016	0.15800000000001546	WheelMovementIntervals													0.009534904057517224
739.5423050407395	6.087406962286877	trials	-1.0	1.0	1.5		0.0625	0.2	744.052087350744	744.052008716926	745.1296795807451	743.4394152907435	743.4405485107435	743.6774751100015	
739.7184751100016	0.22000000000002728	WheelMovementIntervals													0.016198802709396887
740.4954751100015	2.3180000000000973	WheelMovementIntervals													4.1142788529890595
743.6774751100015	3.4260000000000446	WheelMovementIntervals													2.7474130522043367
746.1544104307461	6.858797299397793	trials	1.0	1.0	1.5	1.0		0.2	751.4469144607515	751.4468068036597	752.5131744907525	751.1893068907511	751.1901068107512	751.2844751100016	
747.9624751100016	0.09299999999996089	WheelMovementIntervals													0.011549132543422047
748.4824751100016	2.0459999999999354	WheelMovementIntervals													4.136844789106249
751.2844751100016	1.6749999999999545	WheelMovementIntervals													-1.0458557637383592
753.5376053707536	2.7422113678527467	trials	-1.0	1.0	1.5		0.0	0.2	754.7083216207548	754.7082093697327	755.7798144607558	754.2389352307542	754.2400684507543	754.3674751100016	
754.3674751100016	2.437000000000012	WheelMovementIntervals													3.2609579185814255
756.7605163807567	2.6187224465692225	trials	-1.0	1.0	1.5		1.0	0.2	757.8014456107578	757.8013241097696	758.8791711607589	757.5221402107576	757.5230067907576	757.6824751100015	
757.6824751100015	1.5850000000000364	WheelMovementIntervals													1.197965276906416
759.8631394207599	2.6999157664125732	trials	-1.0	1.0	1.5		0.125	0.2	760.986627060761	760.9865451488151	762.0630194107621	760.6223634907607	760.6232967307607	760.7464751100016	
760.7464751100016	1.967999999999961	WheelMovementIntervals													1.583563504302731
763.0344555907631	2.7450825852944263	trials	-1.0	1.0	1.5		1.0	0.2	764.2039386307642	764.2038473201935	765.2794977307653	763.7557167907638	763.7565833707638	763.9214751100016	
763.9214751100016	2.0299999999999727	WheelMovementIntervals													1.729053629672194
766.1304751100016	0.4779999999999518	WheelMovementIntervals													0.04550327902472873
766.2624327607663	2.867030135223672	trials	-1.0	1.0	1.5		0.25	0.2	767.5676355607676	767.5675451131009	768.6293960407686	767.1721084507672	767.1731750107672	767.2324751100016	
767.2324751100016	2.9279999999999973	WheelMovementIntervals													2.677024288975133
769.6117644607696	3.377314986591159	trials	-1.0	1.0	1.5		0.25	0.2	771.4242498607714	771.4241714299118	772.4890433707725	771.0884501107711	771.0894500107711	771.2224751100016	
771.2224751100016	2.231999999999971	WheelMovementIntervals													2.017709271607089
773.4632792707735	2.949491939540394	trials	-1.0	1.0	1.5		1.0	0.2	774.8519737207748	774.8518745343962	775.9127343007759	774.4625793307745	774.4637125507745	774.4234751100016	
773.7454751100016	0.12999999999999545	WheelMovementIntervals													0.009958745588221518
774.4234751100016	2.7339999999999236	WheelMovementIntervals													4.6220032331144125
776.913967500777	8.36531287614389	trials	-1.0	1.0	1.5		1.0	0.2	783.7159872307838	783.7158763442644	784.7792475607848	782.5054416307825	782.5062415507825	783.5874751100016	
777.8304751100015	0.09800000000007003	WheelMovementIntervals													0.01004773337547249
778.4494751100016	0.9900000000000091	WheelMovementIntervals													0.10517652085917462
779.6414751100016	2.4640000000000555	WheelMovementIntervals													3.821865182715328
782.7184751100016	0.12000000000000455	WheelMovementIntervals													0.019787448990939538
783.5874751100016	2.6549999999999727	WheelMovementIntervals													0.9985572800354134
785.7975790507858	2.831813084177611	trials	-1.0	1.0	1.5		0.25	0.2	787.071984930787	787.071884038623	788.1293125207882	786.7715816407867	786.7725148807867	786.7254751100016	
786.7254751100016	2.853999999999928	WheelMovementIntervals													5.048000376610844
789.3257928607893	2.7367119033824565	trials	-1.0	1.0	1.5		1.0	0.2	790.4970090607906	790.4968970986828	791.5624358407915	790.1219132407901	790.1227798207901	790.2524751100016	
790.2524751100016	2.646000000000072	WheelMovementIntervals													2.4638002627134483
792.5424045007926	4.186700622799435	trials	-1.0	1.0	1.5		1.0	0.2	795.1662087607951	795.1661036377359	796.2291024607962	794.8217432107948	794.8227097807949	794.9204751100016	
793.4864751100016	0.6589999999999918	WheelMovementIntervals													1.2482226337642714
794.9204751100016	3.1520000000000437	WheelMovementIntervals													4.003387076474553
797.2240029607972	4.438509010749158	trials	-1.0	-1.0	0.0	0.125		0.2	799.0893164107991	799.0883054854861	801.1624090808011	798.7884798307988	798.7893130807988	798.7084751100016	
798.7084751100016	0.8880000000000337	WheelMovementIntervals													0.8597773758854714
799.7904751100016	0.10800000000006094	WheelMovementIntervals													0.007875300514228911
802.1567096408022	2.66451650728834	trials	-1.0	1.0	1.5		0.25	0.2	803.2703316008033	803.2702157034232	804.3211931708043	802.8048114908028	802.8055780808028	803.0274751100017	
803.0274751100017	1.461999999999989	WheelMovementIntervals													2.090771144568407
805.3176268508054	2.377813092540009	trials	1.0	1.0	1.5	1.0		0.2	806.1324453608062	806.132330651413	807.1953390608072	805.7953124108058	805.7962123208058	805.9694751100017	
805.9694751100017	2.6409999999999627	WheelMovementIntervals													3.2732413424749893
808.1836402208082	4.711811482014923	trials	-1.0	1.0	1.5		1.0	0.2	811.3220596808113	811.3219465363129	812.3953523408125	810.7380847508108	810.7391179808108	810.9294751100016	
808.9394751100016	1.1990000000000691	WheelMovementIntervals													1.7369590579962164
810.9294751100016	3.7320000000000846	WheelMovementIntervals													5.6961038023849255
813.4112507408134	3.6768160063651294	trials	-1.0	1.0	1.5		1.0	0.2	815.5366381808155	815.5365588369056	816.5879663708166	815.3048280308153	815.3057279408154	815.2224751100016	
815.2224751100016	1.95799999999997	WheelMovementIntervals													4.332874560975824
817.5851666408176	10.052311130166231	trials	-1.0	1.0	1.5		0.25	0.2	826.0798837508261	826.0797743561757	827.1374446508271	819.8283756308199	819.8293088708199	825.8574751100016	
817.6344751100016	1.5670000000000073	WheelMovementIntervals													0.5694954616600398
825.8574751100016	1.73599999999999	WheelMovementIntervals													1.4121481061866348
828.1547762408281	2.366513429342831	trials	-1.0	1.0	1.5		0.25	0.2	828.971094600829	828.9709801827769	830.0211895808301	828.6285955208286	828.6294954308287	828.7114751100016	
828.7114751100016	2.8039999999999736	WheelMovementIntervals													1.0734041952885605
831.016290060831	4.512100461971954	trials	-1.0	1.0	1.5		1.0	0.2	833.967294930834	833.9671890549657	835.028322150835	833.6450271608337	833.6460937208336	833.6714751100017	
831.6544751100016	1.469000000000051	WheelMovementIntervals													0.9205916118709183
833.6714751100017	1.4389999999999645	WheelMovementIntervals													1.6248049811639476
835.3964751100017	1.0249999999999773	WheelMovementIntervals													0.7108303619401113
836.0328883508361	3.028815983294976	trials	-1.0	1.0	1.5		0.125	0.2	837.4959087008375	837.4957946217168	838.5616354508386	837.087449550837	837.0883494608371	837.2864751100017	
837.2864751100017	2.7239999999999327	WheelMovementIntervals													1.7079085866279229
839.5485034208396	7.272020877665	trials	-1.0	1.0	1.5		1.0	0.2	845.2608321308453	845.2607182493555	846.3204928208463	842.4706778408424	842.4716444108425	845.1614751100017	
840.6784751100016	0.1650000000000773	WheelMovementIntervals													0.01919527371461527
841.0624751100016	0.7129999999999654	WheelMovementIntervals													0.37570186238201586
845.1614751100017	1.1259999999999764	WheelMovementIntervals													2.5436789414717964
846.6104751100016	0.9830000000000609	WheelMovementIntervals													-0.6446596852964035
847.3453236608474	2.8995967130913414	trials	-1.0	1.0	1.5		0.25	0.2	848.6888226308487	848.6887212113963	849.7448836808497	848.1446437208482	848.1458436008481	848.3444751100017	
848.3444751100017	2.134999999999991	WheelMovementIntervals													1.3238381789855111
850.7402174708508	6.504330963607686	trials	-1.0	-1.0	0.0	0.0625		0.2	854.6784236108547	854.6773350027273	856.7444503208568	851.2041377408513	851.2051376408513	851.8504751100016	
851.4144751100016	0.16200000000003456	WheelMovementIntervals													0.02969713031785659
851.8504751100016	0.6000000000000227	WheelMovementIntervals													0.15831164764421146
854.5974751100017	0.6009999999999991	WheelMovementIntervals													0.3094275308569081
857.7602487308578	2.7343118658318417	trials	-1.0	1.0	1.5		0.125	0.2	858.929665110859	858.9295520946087	859.99449195086	858.3204927008584	858.3213592808584	858.5134751100017	
858.5134751100017	2.467999999999961	WheelMovementIntervals													3.320078914400085
861.000058050861	3.3372158611977056	trials	-1.0	1.0	1.5		0.25	0.2	862.7853461708628	862.7852654657582	863.8371743108638	862.4370143408624	862.4379475808624	862.6314751100017	
861.2164751100016	0.16399999999998727	WheelMovementIntervals													0.008509000624030705
862.6314751100017	1.5989999999999327	WheelMovementIntervals													2.626630792277467
864.5124751100017	0.18700000000001182	WheelMovementIntervals													0.017116440426775625
864.8401740008649	2.5039847020834713	trials	-1.0	1.0	1.5		0.25	0.2	865.7776469108658	865.7775675252043	866.8441069208668	865.3943852408654	865.3952851508654	865.5284751100016	
865.5284751100016	1.8050000000000637	WheelMovementIntervals													2.862180146294804
867.6784751100016	0.3170000000000073	WheelMovementIntervals													0.05351556223354237
868.062451740868	7.1912245298813104	trials	-1.0	1.0	1.5		0.25	0.2	873.6940885208737	873.6939693842364	874.7536158908748	873.1866726008732	873.1877724908732	873.5424751100016	
868.1914751100016	4.394999999999982	WheelMovementIntervals													9.54550612294031
873.5424751100016	4.6059999999999945	WheelMovementIntervals													7.758548705540193
875.8186760408759	5.718011503838852	trials	-1.0	-1.0	0.0	0.0625		0.8	878.986692540879	878.985680750852	881.0365875308811	878.6775901208787	878.6786900108787	878.5924751100017	
878.5924751100017	1.0559999999999263	WheelMovementIntervals													1.7457663825752547
880.5824751100017	0.13900000000001	WheelMovementIntervals													0.06413463970000066
882.0585853208821	2.8614277876737333	trials	1.0	1.0	1.5	0.25		0.8	883.3636881308834	883.3635970818699	884.4199491608845	882.6441267608826	882.6449933408827	882.9284751100017	
882.9284751100017	3.8039999999999736	WheelMovementIntervals													4.792834403953748
885.4218156308855	4.148501911117819	trials	1.0	1.0	1.5	0.25		0.8	888.0186225908881	888.018515575251	889.070250750889	887.6938217408878	887.6949216308877	887.8934751100016	
887.8934751100016	2.1480000000000246	WheelMovementIntervals													-1.6736991357047941
890.0890155308902	2.6877145863392116	trials	1.0	1.0	1.5	0.25		0.8	891.2203023908912	891.2202208282285	892.2766300808922	890.977360020891	890.978159940891	891.1094751100017	
891.1094751100017	1.3910000000000764	WheelMovementIntervals													-1.0886363837163344
893.2729304408933	2.7543093908559513	trials	1.0	1.0	1.5	0.0		0.8	894.4597117508945	894.4596336252677	895.5271716608955	893.969960730894	893.9708273108939	894.1744751100017	
894.1744751100017	2.244000000000028	WheelMovementIntervals													0.5392060719480583
896.5188391508965	6.0512108512900795	trials	1.0	1.0	1.5	0.0625		0.8	901.001824140901	901.0017457081801	902.0700173109021	897.0863823908971	897.087382290897	900.8884751100017	
897.2244751100017	0.07799999999997453	WheelMovementIntervals													-0.0038973678921365718
897.7584751100017	0.06100000000003547	WheelMovementIntervals													-0.010123206387959272
900.8884751100017	2.1960000000000264	WheelMovementIntervals													-1.0032284289539461
903.0887487609031	2.3643120834175306	trials	1.0	1.0	1.5	0.25		0.8	903.8840358909039	903.8839521523199	904.952995650905	903.5938315809036	903.5949648009037	903.7264751100017	
903.7264751100017	2.01299999999992	WheelMovementIntervals													-0.7656889342752606
905.9657610309059	6.111305717129881	trials	1.0	1.0	1.5	0.0625		0.8	910.5017740509105	910.5016637898154	911.5770331809116	907.1437765509072	907.1448764409072	908.8864751100017	
908.5134751100017	0.06000000000005912	WheelMovementIntervals													0.0050288589695810515
908.8864751100017	0.7960000000000491	WheelMovementIntervals													0.10889928111618019
909.9654751100018	3.8169999999998936	WheelMovementIntervals													1.108452127251951
912.5914650609126	3.5448964169312376	trials	1.0	1.0	1.5	1.0		0.8	914.5628679009146	914.5627619561996	915.6362938809157	914.3027272509144	914.3037604809143	914.4094751100017	
914.4094751100017	2.145999999999958	WheelMovementIntervals													-0.8294237082628797
916.6550586609167	3.5478255303634114	trials	1.0	1.0	1.5	0.125		0.8	918.6340940709186	918.6339717857292	919.7027871909197	918.1267781409182	918.1277113809182	918.3824751100017	
916.9964751100017	0.4819999999999709	WheelMovementIntervals													0.19273587046018292
918.3824751100017	3.2420000000000755	WheelMovementIntervals													4.5465789160808185
920.7184856109208	4.1083059915813465	trials	1.0	1.0	1.5	1.0		0.8	923.2551985809233	923.2550880754536	924.3266914209244	922.3766531109223	922.3776530109224	922.5044751100017	
922.5044751100017	2.6059999999999945	WheelMovementIntervals													-0.9375721826726817
925.3397901009254	2.6205185594285467	trials	1.0	1.0	1.5	0.25		0.8	926.3924848209264	926.3923967524961	927.4602113709275	925.936330440926	925.9372970109259	926.0964751100017	
926.0964751100017	2.0399999999999636	WheelMovementIntervals													0.5439267762683357
928.4747099109285	8.185097127085442	trials	1.0	-1.0	0.0		0.0625	0.8	934.0947811809341	934.0938065656563	936.1597746609361	929.069517090929	929.070516990929	933.9154751100017	
933.9154751100017	0.61099999999999	WheelMovementIntervals													-0.820283395783747
937.1894751100017	1.1700000000000728	WheelMovementIntervals													1.7807783495306921
937.1924047209372	6.2434202136390695	trials	-1.0	1.0	1.5		1.0	0.8	941.8815357609419	941.8814183999784	942.9357969909429	941.5855653609416	941.5866652509416	941.4934751100018	
938.7254751100018	2.255999999999972	WheelMovementIntervals													3.2909282337483887
941.4934751100018	2.54099999999994	WheelMovementIntervals													1.425697528877322
943.993324560944	12.849221995872767	trials	1.0	1.0	1.5	1.0		0.8	955.2757628709553	955.2756421184105	956.3425228509564	954.959161200955	954.960127770955	954.7864751100018	
944.2074751100017	0.24900000000002365	WheelMovementIntervals													0.021936864755844
944.8854751100017	0.6399999999999864	WheelMovementIntervals													0.49246997128790326
945.8104751100018	0.2719999999999345	WheelMovementIntervals													0.06588876073840311
946.2814751100018	1.3119999999998981	WheelMovementIntervals													0.8214071567540486
948.0234751100018	0.33399999999994634	WheelMovementIntervals													0.05394754623267772
948.7734751100018	2.69399999999996	WheelMovementIntervals													8.068717230700145
952.6704751100017	1.5370000000000346	WheelMovementIntervals													3.7344371478083644
954.7864751100018	3.4629999999999654	WheelMovementIntervals													1.7074873257459444
957.4492455009574	5.886331172013001	trials	1.0	1.0	1.5	0.125		0.8	961.7791791309618	961.7790669590786	962.8354734909628	960.985058550961	960.986025120961	961.1214751100017	
958.6604751100017	0.23700000000008004	WheelMovementIntervals													0.029639748084605344
959.4194751100017	0.08400000000006003	WheelMovementIntervals													0.00632075479921923
961.1214751100017	2.826000000000022	WheelMovementIntervals													-0.6328816489079259
964.1180785509641	3.407907682727682	trials	1.0	1.0	1.5	0.25		0.8	965.960394300966	965.9602816228603	967.025921070967	965.5430360409656	965.5439692809656	965.7094751100018	
964.5364751100018	0.31399999999996453	WheelMovementIntervals													0.05919553346018347
965.7094751100018	4.600999999999999	WheelMovementIntervals													2.79053199179981
968.052085110968	6.966517121046195	trials	-1.0	1.0	1.5		0.125	0.8	973.4649104409734	973.464796082468	974.5185717309745	973.052151720973	973.0531849509731	973.3724751100018	
970.9364751100018	0.2839999999999918	WheelMovementIntervals													0.03061849767811964
971.5014751100017	0.21400000000005548	WheelMovementIntervals													0.01874490951570351
973.3724751100018	2.505999999999972	WheelMovementIntervals													2.332270316007964
975.5657003409756	2.4861019254343546	trials	1.0	1.0	1.5	1.0		0.8	976.5011067909766	976.5010003129231	977.5517683809776	976.2091693209762	976.2101358909762	976.2324751100018	
976.2324751100018	1.8679999999999382	WheelMovementIntervals													-0.9197242022650016
978.5663002509785	3.592820694158604	trials	-1.0	-1.0	0.0	0.0625		0.8	979.5904644909796	979.5895055749188	981.6590576109817	979.0590509709791	979.0600842009791	979.3624751100018	
979.3624751100018	0.7829999999999018	WheelMovementIntervals													0.6881523482223884
982.6849216809827	2.3004901660432324	trials	-1.0	1.0	1.5		1.0	0.8	983.4351133209834	983.4350178224114	984.4853416209845	983.1852049809831	983.1864048609832	983.1014751100017	
983.1014751100017	2.1340000000000146	WheelMovementIntervals													1.3863500533918796
985.4959072209855	7.246521269453069	trials	1.0	1.0	1.5	0.0		0.8	991.1805387009912	991.1804223368587	992.2423658409923	986.4254475909864	986.4263475009865	986.3094751100018	
985.5604751100018	0.07899999999995089	WheelMovementIntervals													0.003413837907373818
986.3094751100018	0.6789999999999736	WheelMovementIntervals													0.23133596103764376
990.9744751100018	1.8460000000000036	WheelMovementIntervals													-1.0818135365824446
993.2879279409933	6.697040105294377	trials	1.0	1.0	1.5	0.125		0.8	998.4331467009985	998.4330572161152	999.4849415109995	997.967893230998	997.968759810998	998.2464751100018	
993.5794751100018	3.6580000000000155	WheelMovementIntervals													3.627139500327644
998.2464751100018	1.5059999999999718	WheelMovementIntervals													-0.47757994460346254
1000.5411692110006	3.376782703991921	trials	-1.0	-1.0	0.0	0.125		0.8	1001.3683864810014	1001.3675644887157	1003.4179148410034	1001.1584741410012	1001.1593740510011	1001.0784751100018	
1001.0784751100018	0.47699999999997544	WheelMovementIntervals													0.4636262460450098
1003.5364751100018	1.1219999999999573	WheelMovementIntervals													0.23184707999138254
1004.4296469910045	5.178928200596829	trials	1.0	-1.0	0.0		0.0	0.2	1007.045985331007	1007.0448602215696	1009.1084790610091	1006.5085057510065	1006.5096389710066	1006.6494751100018	
1004.9334751100018	1.0789999999999509	WheelMovementIntervals													0.790230765004651
1006.6494751100018	1.1469999999999345	WheelMovementIntervals													-1.0835152360481288
1010.1401758810101	8.651813640973728	trials	1.0	-1.0	0.0		0.0625	0.2	1016.2281336910162	1016.2271840710505	1018.2919272910183	1015.6843214110157	1015.6851546610156	1015.8684751100018	
1010.5004751100018	1.4329999999999927	WheelMovementIntervals													0.35835665690404994
1012.1004751100018	2.3910000000000764	WheelMovementIntervals													0.4765293865300464
1014.9704751100018	0.057999999999992724	WheelMovementIntervals													0.005118164307077677
1015.8684751100018	1.25	WheelMovementIntervals													-1.0481316294270187
1018.7094751100018	0.07200000000000273	WheelMovementIntervals													0.006921549098024116
1019.3486882710193	7.568820984876879	trials	-1.0	1.0	1.5		0.125	0.2	1025.3595204610253	1025.3594025535551	1026.4174479910264	1025.051084641025	1025.051984551025	1025.1694751100017	
1019.3744751100018	5.02900000000011	WheelMovementIntervals													5.352376064600946
1025.1694751100017	3.053000000000111	WheelMovementIntervals													4.107609746270441
1027.4878076110274	3.170299002122192	trials	-1.0	1.0	1.5		0.0625	0.2	1029.1007129710292	1029.1006060859431	1030.1580738910302	1028.6577572710287	1028.6586571810287	1028.4564751100017	
1028.4564751100017	3.6140000000000327	WheelMovementIntervals													1.6959332676520944
1031.1891041110312	8.54472440001905	trials	-1.0	-1.0	0.0	0.0		0.2	1037.1865376410371	1037.185619830914	1039.2338328910394	1032.6174945910327	1032.6188611210325	1036.6784751100017	
1036.6784751100017	0.9940000000001419	WheelMovementIntervals													0.8599568089271088
1040.2831279510403	2.9249202246944606	trials	-1.0	1.0	1.5		0.0625	0.2	1041.6462582910417	1041.6461359777197	1042.7080187710428	1041.2412987910413	1041.2424653410412	1041.401475110002	
1040.5804751100018	0.08500000000003638	WheelMovementIntervals													0.005566905903606312
1041.401475110002	2.186999999999898	WheelMovementIntervals													1.4421986825834665
1043.7455483410438	2.7960021510837123	trials	-1.0	1.0	1.5		0.0625	0.2	1044.981458071045	1044.9813484078209	1046.0414520610461	1044.2841611410443	1044.2854276810442	1044.6244751100019	
1044.305475110002	0.14799999999991087	WheelMovementIntervals													0.008187403319993791
1044.6244751100019	2.58400000000006	WheelMovementIntervals													1.9529567435441777
1047.0767485210472	2.390609760757343	trials	-1.0	1.0	1.5		1.0	0.2	1047.902865901048	1047.902750857021	1048.967292781049	1047.6337928110477	1047.6346260610476	1047.7514751100018	
1047.7514751100018	1.8659999999999854	WheelMovementIntervals													3.71765159763612
1049.99395677105	3.513827120933229	trials	-1.0	-1.0	0.0	0.125		0.2	1050.933929431051	1050.932963484165	1053.007655371053	1050.6577237210506	1050.6585903010507	1050.6004751100018	
1050.6004751100018	0.7590000000000146	WheelMovementIntervals													1.2310105834314982
1053.4894751100019	0.5489999999999782	WheelMovementIntervals													0.3958747491834629
1054.037785681054	7.095795561035402	trials	-1.0	1.0	1.5		1.0	0.2	1059.5669993710596	1059.5668806637664	1060.6334927110606	1059.2501310610592	1059.2511642910592	1059.352475110002	
1054.8494751100018	3.4760000000001128	WheelMovementIntervals													5.072992600390194
1059.352475110002	1.6429999999998017	WheelMovementIntervals													2.3324947684295694
1061.7738786610619	5.776125556055149	trials	-1.0	1.0	1.5		0.25	0.2	1065.992390101066	1065.9922958645084	1067.049917671067	1065.6908535910657	1065.6920201410658	1065.640475110002	
1061.998475110002	2.663000000000011	WheelMovementIntervals													3.300778014829575
1065.640475110002	2.9739999999999327	WheelMovementIntervals													6.39036312620442
1068.1787047810683	3.2120946715579066	trials	-1.0	1.0	1.5		1.0	0.2	1069.8084084610698	1069.80830106312	1070.890733551071	1069.1740052410692	1069.1750051410693	1069.5574751100019	
1069.5574751100019	2.6189999999999145	WheelMovementIntervals													1.7339727908621967
1071.930596221072	3.627017584989744	trials	-1.0	1.0	1.5		1.0	0.2	1073.988923701074	1073.9888044975542	1075.057583491075	1073.6169609010735	1073.6179608010737	1073.5684751100018	
1072.5894751100018	0.3990000000001146	WheelMovementIntervals													0.11371398851019876
1073.5684751100018	0.44800000000009277	WheelMovementIntervals													0.30967405222446587
1074.3274751100018	1.6159999999999854	WheelMovementIntervals													1.3424385140629056
1076.096012971076	5.587020022886463	trials	-1.0	1.0	1.5		0.0625	0.2	1080.1108447810802	1080.1107259219364	1081.183004221081	1076.6333259010767	1076.6341924810768	1079.9064751100018	
1079.9064751100018	2.507000000000062	WheelMovementIntervals													2.0704933473095934
1082.2308327610822	5.993113269403011	trials	-1.0	1.0	1.5		0.0	0.2	1086.6541570510867	1086.6540403403983	1087.7238500710878	1085.3739184210854	1085.3747516710853	1086.401475110002	
1082.7494751100019	2.104000000000042	WheelMovementIntervals													4.954592931201773
1086.401475110002	2.2899999999999636	WheelMovementIntervals													2.2868398899894373
1088.7845439910889	2.5890211188677767	trials	-1.0	1.0	1.5		0.0625	0.2	1089.7940430310898	1089.7939510552696	1090.873468411091	1089.3997491310895	1089.4007157010894	1089.3944751100018	
1089.3944751100018	2.8840000000000146	WheelMovementIntervals													3.7201153977343324
1091.8995657910918	3.650285628825486	trials	-1.0	1.0	1.5		0.125	0.2	1093.986757051094	1093.9866564306942	1095.049750741095	1093.6161274510937	1093.6169273710937	1093.802475110002	
1092.4644751100018	0.09300000000007458	WheelMovementIntervals													0.0032876929906819896
1093.802475110002	2.5779999999999745	WheelMovementIntervals													1.2750906272956968
1096.086947011096	5.879223540500789	trials	-1.0	-1.0	0.0	0.0625		0.2	1099.4011488910994	1099.4001591501562	1101.4661757011015	1098.990323311099	1098.991489861099	1099.196475110002	
1096.834475110002	1.4649999999999181	WheelMovementIntervals													1.8145450975159747
1099.196475110002	0.5829999999998563	WheelMovementIntervals													0.6763396381306279
1102.5173705711024	2.6490137447553934	trials	1.0	1.0	1.5	0.0625		0.2	1103.6041952111036	1103.6040753891532	1104.6663556511046	1103.0734816211032	1103.074481521103	1103.3594751100018	
1103.3594751100018	2.2080000000000837	WheelMovementIntervals													2.1408409464416422
1105.7088847211057	2.5574941170361853	trials	-1.0	1.0	1.5		1.0	0.2	1106.6983857611067	1106.6982816714876	1107.7663122911079	1106.3402882411065	1106.3414214611064	1106.340475110002	
1106.340475110002	3.3649999999997817	WheelMovementIntervals													3.9531335820448135
1108.8039751811089	3.579019083669209	trials	-1.0	1.0	1.5		0.0625	0.2	1110.8192069711108	1110.8190847997964	1111.882933921112	1110.4068815411104	1110.4076481311104	1110.5184751100019	
1110.5184751100019	2.3810000000000855	WheelMovementIntervals													0.7993041335415114
1112.939494921113	2.8932219318874104	trials	-1.0	1.0	1.5		0.25	0.2	1114.2769944911142	1114.2769041347476	1115.3326555811154	1113.973358191114	1113.974324761114	1114.141475110002	
1114.141475110002	3.383000000000038	WheelMovementIntervals													4.693778373911982
1116.3695185511165	3.6037900315591287	trials	-1.0	1.0	1.5		0.125	0.2	1118.4050149811185	1118.4049112266416	1119.4732748111194	1118.090113141118	1118.091179701118	1118.093475110002	
1118.093475110002	2.2409999999999854	WheelMovementIntervals													2.005797096739343
1120.5184036211206	2.44753068942191	trials	-1.0	1.0	1.5		0.0	0.2	1121.3985156011215	1121.39841393641	1122.4658421911224	1121.082380551121	1121.083480441121	1121.033475110002	
1121.033475110002	2.26299999999992	WheelMovementIntervals													1.660796089724272
1123.5017385911235	2.4144060094135966	trials	-1.0	1.0	1.5		0.25	0.2	1124.3527201511245	1124.3526400041483	1125.4161138011254	1124.039818111124	1124.040751351124	1123.936475110002	
1123.936475110002	1.9429999999999836	WheelMovementIntervals													3.6358989657789493
1126.4524434911264	2.820800116890041	trials	-1.0	1.0	1.5		0.25	0.2	1127.7057181511277	1127.7056426545157	1128.7731780611289	1127.1064447511271	1127.1073779911271	1127.303475110002	
1127.303475110002	2.5650000000000546	WheelMovementIntervals													0.8641319095516451
1129.8078412511297	2.6153160214737454	trials	-1.0	1.0	1.5		0.0	0.2	1130.8493370911308	1130.8492468344095	1131.9230630411319	1130.4991054511306	1130.5000053611304	1130.381475110002	
1130.381475110002	2.286000000000058	WheelMovementIntervals													2.069047462882054
1132.971258211133	2.411106145233589	trials	-1.0	1.0	1.5		0.25	0.2	1133.8224397511337	1133.822359674368	1134.8823337511349	1133.5323021011336	1133.5333020011335	1133.637475110002	
1133.637475110002	2.8769999999999527	WheelMovementIntervals													1.8601329000064766
1135.920263281136	3.0290090333808166	trials	-1.0	1.0	1.5		1.0	0.2	1137.3777508511373	1137.377666665237	1138.4492103611385	1137.006354661137	1137.0072212411371	1137.0774751100018	
1137.0774751100018	1.7640000000001237	WheelMovementIntervals													2.0357973638097633
1139.5033716011394	3.8291981332718024	trials	-1.0	-1.0	0.0	0.0625		0.2	1140.7758443411408	1140.7748703171787	1142.832505321143	1140.2560629911402	1140.2571962111404	1140.4634751100018	
1140.4634751100018	0.7690000000000055	WheelMovementIntervals													0.7346429500809109
1142.6724751100019	0.1449999999999818	WheelMovementIntervals													0.12273708433002639
1143.8804671811438	3.7924057588593314	trials	-1.0	1.0	1.5		0.25	0.2	1146.106977841146	1146.1068688007829	1147.1728045811471	1145.6731878911457	1145.6740878011458	1145.8664751100018	
1144.344475110002	0.6890000000000782	WheelMovementIntervals													0.6404834279269949
1145.8664751100018	4.055000000000064	WheelMovementIntervals													2.7447942973598174
1148.5129705511486	5.809928387114724	trials	-1.0	-1.0	0.0	0.0		0.2	1151.7520132811517	1151.7511852582393	1153.8228061811537	1151.5154369411516	1151.5163368511514	1151.562475110002	
1150.382475110002	0.5180000000000291	WheelMovementIntervals													0.48021841587097924
1151.562475110002	0.5860000000000127	WheelMovementIntervals													0.7939537451575802
1154.8893995111548	2.5167970646130016	trials	-1.0	1.0	1.5		0.0625	0.2	1155.8367047711558	1155.8365976537189	1156.9061311511568	1155.4987719011556	1155.4996051511555	1155.507475110002	
1155.507475110002	2.203999999999951	WheelMovementIntervals													1.4975250844752281
1157.949093511158	2.4162047206020816	trials	-1.0	1.0	1.5		1.0	0.2	1158.8106073511588	1158.8104944810796	1159.8652685411598	1158.4985052311586	1158.4995717911586	1158.5584751100018	
1158.5584751100018	1.91800000000012	WheelMovementIntervals													1.3061003242506217
1160.915396851161	6.507123062176561	trials	-1.0	1.0	1.5		1.0	0.2	1165.8455037911658	1165.8454128085766	1166.9224960811669	1165.4558427611655	1165.4567760011655	1165.619475110002	
1161.0564751100019	2.8360000000000127	WheelMovementIntervals													2.3535893409847404
1164.1064751100018	0.8369999999999891	WheelMovementIntervals													1.2998558612640068
1165.619475110002	2.963999999999942	WheelMovementIntervals													4.856978385452862
1168.018119841168	4.180225052783271	trials	1.0	1.0	1.5	0.25		0.2	1170.6370245911708	1170.6369342832043	1171.6982851211717	1170.2486634311704	1170.2497299911702	1170.291475110002	
1169.2784751100019	0.3430000000000746	WheelMovementIntervals													0.12965484487421008
1170.291475110002	3.6699999999998454	WheelMovementIntervals													2.1444605122900953
1172.7563459711728	3.692009316749136	trials	1.0	1.0	1.5	0.25		0.2	1174.886232961175	1174.8861501919755	1175.948260081176	1174.6058276711747	1174.6066609211746	1174.764475110002	
1174.764475110002	2.2439999999999145	WheelMovementIntervals													-1.6844994879986643
1177.005054391177	2.5669925539496035	trials	1.0	1.0	1.5	0.125		0.2	1178.004054481178	1178.0039507154263	1179.071981011179	1177.5554326811775	1177.5565992311776	1177.4524751100018	
1177.4524751100018	2.48700000000008	WheelMovementIntervals													-0.5224569786323627
1180.1193429311802	2.4291031635368654	trials	-1.0	1.0	1.5		0.25	0.2	1180.982556601181	1180.982443344604	1182.0484500011821	1180.6315917011807	1180.6325582711806	1180.771475110002	
1180.771475110002	1.788000000000011	WheelMovementIntervals													3.303287928798909
1183.104744361183	4.234119469400639	trials	-1.0	1.0	1.5		1.0	0.2	1185.7673447411858	1185.767255346341	1186.8387709211868	1185.3721176011854	1185.3732174911854	1185.491475110002	
1183.334475110002	0.7889999999999873	WheelMovementIntervals													-0.12811315867048734
1184.550475110002	0.31999999999993634	WheelMovementIntervals													0.21611588614553057
1185.491475110002	1.2679999999998017	WheelMovementIntervals													1.1687014731646173
1187.9061641711878	3.4660000011158445	trials	-1.0	1.0	1.5		0.0625	0.2	1189.81237353119	1189.8122630719174	1190.8721008811908	1189.4314782911895	1189.4324115311895	1189.628475110002	
1187.9524751100018	0.052000000000134605	WheelMovementIntervals													0.005177784949864872
1188.463475110002	0.23299999999994725	WheelMovementIntervals													0.03261514838209223
1189.628475110002	3.425999999999931	WheelMovementIntervals													3.037605620792988
1191.9289618511918	3.5430212604157987	trials	-1.0	1.0	1.5		0.25	0.2	1193.908563871194	1193.908472612121	1194.971924191195	1193.5981615811936	1193.5990948211936	1193.789475110002	
1193.789475110002	1.9449999999999363	WheelMovementIntervals													1.687448899627725
1196.038484191196	12.066530068934526	trials	-1.0	1.0	1.5		0.125	0.2	1206.5393006712065	1206.539208617783	1207.6049940912076	1205.4312781512053	1205.4321780612054	1205.539475110002	
1196.070475110002	1.5860000000000127	WheelMovementIntervals													1.6809299914393137
1198.000475110002	1.0269999999998163	WheelMovementIntervals													1.3623468063091764
1199.313475110002	3.074000000000069	WheelMovementIntervals													3.56116459820862
1202.791475110002	1.5470000000000255	WheelMovementIntervals													1.6810605300570955
1205.539475110002	3.1189999999999145	WheelMovementIntervals													1.4745645212748855
1208.7417137412087	2.3968049687041457	trials	-1.0	1.0	1.5		0.25	0.2	1209.5781967512096	1209.5781147771825	1210.6384573812106	1209.2977914612093	1209.2988580212093	1209.436475110002	
1209.436475110002	2.104000000000042	WheelMovementIntervals													2.8772511373833822
1211.7047174112117	5.6263143570272405	trials	1.0	1.0	1.5	0.0625		0.2	1215.7704108012158	1215.770325617867	1216.8310047312168	1215.3311547312153	1215.3320213112154	1215.5854751100019	
1211.991475110002	0.2539999999999054	WheelMovementIntervals													0.023944560097390877
1212.600475110002	0.6320000000000618	WheelMovementIntervals													0.19994103777054306
1213.447475110002	1.36200000000008	WheelMovementIntervals													1.2481287672867438
1215.5854751100019	1.8570000000001983	WheelMovementIntervals													-0.7778384570106027
1217.912129941218	3.3855055064345834	trials	-1.0	1.0	1.5		0.0	0.2	1219.7368474512198	1219.736731830994	1220.7975413712209	1218.4212790212184	1218.4223122512185	1219.033475110002	
1218.530475110002	0.20100000000002183	WheelMovementIntervals													0.07178228664855624
1219.033475110002	2.655999999999949	WheelMovementIntervals													1.4383847043579294
1221.8707340412218	6.7171355137609225	trials	-1.0	1.0	1.5		0.125	0.2	1227.034150981227	1227.0340598025696	1228.0878122712281	1222.3712506512225	1222.3722505512224	1226.186475110002	
1226.186475110002	0.36400000000003274	WheelMovementIntervals													0.22532139073655344
1226.899475110002	2.9850000000001273	WheelMovementIntervals													2.36731861454507
1229.1723704712292	3.941887193618186	trials	-1.0	1.0	1.5		0.125	0.2	1231.5511659012316	1231.5510609330338	1232.6141929212326	1231.1976345912312	1231.1984345112312	1231.322475110002	
1230.168475110002	0.49099999999998545	WheelMovementIntervals													0.32462548667274405
1231.322475110002	2.0060000000000855	WheelMovementIntervals													2.340587268446143
1233.6862523712336	4.21091993144114	trials	-1.0	1.0	1.5		0.0625	0.2	1236.3354874212364	1236.335363651995	1237.3970812512375	1235.970690571236	1235.971690471236	1236.140475110002	
1233.807475110002	0.22899999999981446	WheelMovementIntervals													0.016476238487939554
1234.522475110002	0.47199999999998	WheelMovementIntervals													0.04926889802356982
1236.140475110002	2.5510000000001583	WheelMovementIntervals													1.8219327904994316
1238.4815727912385	5.798826460103783	trials	-1.0	1.0	1.5		1.0	0.2	1242.7304811912427	1242.7303907132314	1243.7802762012439	1242.1711038012422	1242.1723370112422	1242.593475110002	
1239.368475110002	2.2929999999998927	WheelMovementIntervals													3.421450547362838
1242.593475110002	2.3300000000001546	WheelMovementIntervals													3.182422941257414
1244.8777997712448	12.918911888167258	trials	-1.0	1.0	1.5		0.0625	0.2	1256.2354305612562	1256.2353084643103	1257.2966910912573	1252.3877820312523	1252.3887819312524	1252.716475110002	
1245.282475110002	1.5619999999998981	WheelMovementIntervals													1.7829917978596086
1247.697475110002	0.10200000000008913	WheelMovementIntervals													0.005906884256546618
1248.441475110002	1.7199999999998	WheelMovementIntervals													3.0966797061961415
1250.433475110002	1.2059999999999036	WheelMovementIntervals													2.762436862388654
1252.716475110002	1.30600000000004	WheelMovementIntervals													0.1740867501006278
1256.132475110002	3.354000000000042	WheelMovementIntervals													3.727192857304317
1258.4393101512585	3.681709125982252	trials	1.0	1.0	1.5	0.25		0.2	1260.5629311012606	1260.5628142613205	1261.6209919512617	1259.98778862126	1259.98865520126	1260.174475110002	
1260.174475110002	2.4549999999999272	WheelMovementIntervals													1.0338327397242892
1262.966475110002	0.1490000000001146	WheelMovementIntervals													0.011536149747257696
1263.016919011263	4.430032053762261	trials	-1.0	1.0	1.5		1.0	0.2	1265.896531021266	1265.8964385462	1266.946859311267	1265.5798293612656	1265.5809292512656	1265.601475110002	
1265.601475110002	2.23700000000008	WheelMovementIntervals													2.4483804076782008
1268.010952891268	2.5101965905571433	trials	1.0	1.0	1.5	0.25		0.8	1268.950558921269	1268.9504504923898	1270.02105186127	1268.6707202412688	1268.6719201212686	1268.602475110002	
1268.602475110002	3.4420000000000073	WheelMovementIntervals													-1.5844181191163216
1271.089245031271	3.5740170603769457	trials	1.0	1.0	1.5	0.25		0.8	1273.1085430812732	1273.1084535399157	1274.1632042712743	1272.6802859112727	1272.6811524912728	1272.784475110002	
1272.784475110002	2.5210000000001855	WheelMovementIntervals													-0.7972355936109352
1275.2469625512751	3.549891475523509	trials	-1.0	-1.0	0.0	0.0625		0.8	1276.2357969912762	1276.2346596230182	1278.2967908712783	1275.936993541276	1275.938093431276	1275.9204751100021	
1275.9204751100021	0.6189999999999145	WheelMovementIntervals													0.7980872822731726
1276.723475110002	0.45100000000002183	WheelMovementIntervals													0.04951861484823894
1277.4214751100021	0.20299999999997453	WheelMovementIntervals													0.018845093178356365
1279.3687503312794	2.6112139707772712	trials	1.0	1.0	1.5	0.125		0.8	1280.4211784112804	1280.4210551554368	1281.4799058612814	1280.1038101512802	1280.1047767212801	1280.288475110002	
1280.288475110002	2.4600000000000364	WheelMovementIntervals													-1.2645233820944668
1282.5556649412827	5.123828308605653	trials	-1.0	-1.0	0.0	0.0		0.8	1285.128274321285	1285.1274781464126	1287.1794358512873	1283.4533085012836	1283.4543084012835	1283.422475110002	
1283.422475110002	0.7129999999999654	WheelMovementIntervals													-0.10459314273157361
1284.897475110002	0.9290000000000873	WheelMovementIntervals													1.0885588735220608
1286.140475110002	0.8090000000001965	WheelMovementIntervals													0.6667282301682462
1287.2764751100021	0.6340000000000146	WheelMovementIntervals													0.18270606425051028
1288.2620942412882	2.4749979262592205	trials	1.0	1.0	1.5	0.125		0.8	1289.194600981289	1289.1944927066	1290.2370300612902	1288.7540117112887	1288.7549116212888	1288.556475110002	
1288.556475110002	2.3989999999998872	WheelMovementIntervals													-0.538516256979733
1291.3119892212912	2.4007037980697987	trials	1.0	1.0	1.5	0.25		0.8	1292.1640040112923	1292.1638898593444	1293.2125991412931	1291.7799090912918	1291.7808423312918	1291.947475110002	
1291.947475110002	2.0930000000000746	WheelMovementIntervals													-1.0323813726538447
1294.2893914512943	4.514223291904955	trials	-1.0	-1.0	0.0	0.0625		0.8	1296.2374966212963	1296.236400634609	1298.3035233312983	1294.7536116912947	1294.7545116012948	1294.946475110002	
1294.946475110002	1.9940000000001419	WheelMovementIntervals													0.6558119846005184
1297.654475110002	0.36400000000003274	WheelMovementIntervals													0.12304256553306914
1299.1514751100021	3.2649999999998727	WheelMovementIntervals													4.287751909430767
1299.3820154712994	5.380603538014157	trials	1.0	1.0	1.5	0.0625		0.8	1303.2059330413033	1303.2058165643105	1304.2625607013042	1302.8293040413027	1302.830403931303	1303.067475110002	
1303.067475110002	2.216999999999871	WheelMovementIntervals													-0.8801323311242868
1305.3643171813053	2.5558171574095923	trials	1.0	1.0	1.5	1.0		0.8	1306.3461189913064	1306.3460230033638	1307.4200782513074	1306.070079931306	1306.0709465113061	1306.207475110002	
1306.207475110002	2.22400000000016	WheelMovementIntervals													-1.3381816892052711
1308.5107358413086	3.009009270763272	trials	1.0	1.0	1.5	0.125		0.8	1309.94032620131	1309.9402392954623	1311.019651591311	1308.979222321309	1308.980322211309	1309.1604751100022	
1309.1604751100022	2.461999999999989	WheelMovementIntervals													-0.8917209496661371
1312.0905444913121	2.3793054521147496	trials	1.0	1.0	1.5	0.25		0.8	1312.8865315513128	1312.8864456460788	1313.969789881314	1312.5958939513125	1312.5968605213127	1312.751475110002	
1312.751475110002	1.2729999999999109	WheelMovementIntervals													-0.6553908676621631
1315.0473487813151	2.4726984922601787	trials	1.0	1.0	1.5	0.25		0.8	1315.943059201316	1315.9429471486355	1317.020018161317	1315.6122589513157	1315.6131921913156	1315.782475110002	
1315.782475110002	2.439000000000078	WheelMovementIntervals													-0.9863629388154322
1318.102743211318	2.7505017856094582	trials	1.0	1.0	1.5	1.0		0.8	1319.2693598713192	1319.269243120394	1320.3532181413204	1318.979288881319	1318.980155461319	1319.110475110002	
1319.110475110002	2.2650000000001	WheelMovementIntervals													-0.6467466684978262
1321.4383429513214	5.007338163405393	trials	1.0	1.0	1.5	0.125		0.8	1324.8722661913248	1324.8721677506849	1325.945625511326	1324.3125221713244	1324.3133554213243	1324.210475110002	
1322.337475110002	1.4420000000000073	WheelMovementIntervals													-0.3698368281311559
1324.210475110002	3.893000000000029	WheelMovementIntervals													0.9742686077444205
1327.0336833613271	4.745402596955273	trials	-1.0	-1.0	0.0	0.0625		0.8	1329.2035996813293	1329.2022836341296	1331.2790587813313	1328.8531014013288	1328.8540013113288	1328.789475110002	
1328.789475110002	0.8949999999999818	WheelMovementIntervals													0.34206478679254815
1331.105475110002	1.1820000000000164	WheelMovementIntervals													0.44652351818854186
1332.3597840313323	6.759630171138724	trials	-1.0	-1.0	0.0	0.0625		0.8	1336.5361330213366	1336.5354014334525	1338.6193246813386	1333.3860480613334	1333.3869146413333	1333.5724751100022	
1333.5724751100022	0.6269999999999527	WheelMovementIntervals													-0.11670577006827898
1336.167475110002	0.7740000000001146	WheelMovementIntervals													0.8051202274897378
1339.7190147013398	2.650782681222836	trials	1.0	1.0	1.5	0.0625		0.8	1340.7920073913408	1340.791906882153	1341.8697996013418	1340.4288437113405	1340.4298102813405	1340.6034751100021	
1340.6034751100021	2.93100000000004	WheelMovementIntervals													1.4582222496707118
1342.954491121343	4.281912449445599	trials	1.0	1.0	1.5	1.0		0.8	1345.6618203613457	1345.6616977279255	1346.7364128913468	1345.1788353313452	1345.1796685813451	1345.3254751100021	
1343.787475110002	0.8640000000000327	WheelMovementIntervals													-1.145078414404793
1345.3254751100021	3.5750000000000455	WheelMovementIntervals													-1.797632213499469
1347.834903031348	3.9510119923204456	trials	1.0	1.0	1.5	0.25		0.8	1350.2083323313502	1350.2082090335657	1351.2858579013514	1349.7786753013497	1349.7796085413497	1349.9884751100021	
1349.9884751100021	2.2259999999998854	WheelMovementIntervals													1.0540754963036534
1352.3860145413523	2.5262203673441945	trials	1.0	1.0	1.5	0.125		0.8	1353.3434187913533	1353.3433211226757	1354.4122119013543	1352.961856951353	1352.963223481353	1353.201475110002	
1353.201475110002	1.7670000000000528	WheelMovementIntervals													-0.841307424931756
1355.5046359813555	4.507122555118713	trials	1.0	1.0	1.5	1.0		0.8	1358.4391425013584	1358.4390493639992	1359.5117352313596	1358.1359061613582	1358.1368060713583	1358.287475110002	
1355.7194751100021	0.1610000000000582	WheelMovementIntervals													0.02921421528742485
1356.1204751100022	1.3389999999999418	WheelMovementIntervals													0.584360815821924
1358.287475110002	1.8209999999999127	WheelMovementIntervals													-1.1476332697350244
1360.489475110002	0.3430000000000746	WheelMovementIntervals													0.07649813974057906
1360.6048592413606	2.781100258556762	trials	1.0	1.0	1.5	1.0		0.8	1361.8066390513618	1361.8065580567975	1362.885864451363	1361.5021028413614	1361.5030694113616	1361.357475110002	
1361.357475110002	3.365000000000009	WheelMovementIntervals													-1.2569472997009825
1364.3076555913642	5.96141167893461	trials	1.0	1.0	1.5	0.125		0.8	1368.6858510613688	1368.6857626996489	1369.7690094013699	1368.3116218213684	1368.3126550513684	1368.518475110002	
1364.9884751100021	0.13400000000001455	WheelMovementIntervals													0.010023700418855697
1365.628475110002	0.9970000000000709	WheelMovementIntervals													0.3279273593338985
1367.067475110002	0.26900000000000546	WheelMovementIntervals													0.03989360290722743
1368.136475110002	0.06799999999998363	WheelMovementIntervals													0.006229948010400221
1368.518475110002	2.01299999999992	WheelMovementIntervals													-0.8749564090674085
1370.8671662413708	2.5518177968333475	trials	1.0	1.0	1.5	0.125		0.8	1371.8536675813718	1371.8535723476425	1372.918961041373	1371.4783384513714	1371.4792716913714	1371.656475110002	
1371.656475110002	2.984000000000151	WheelMovementIntervals													0.5468904590258035
1374.005885671374	5.3629053732393	trials	1.0	1.0	1.5	0.125		0.8	1377.796673221378	1377.7965880557058	1378.868732671379	1377.3778817713774	1377.3788150113774	1377.473475110002	
1374.836475110002	1.6829999999999927	WheelMovementIntervals													0.3950777027100685
1377.473475110002	1.925000000000182	WheelMovementIntervals													-0.6861009683706243
1379.96778942138	4.617411770085255	trials	1.0	-1.0	0.0		0.125	0.8	1382.008418671382	1382.0075937374477	1384.085177641384	1381.6447550413816	1381.6457549413817	1381.857475110002	
1380.386475110002	0.16000000000008185	WheelMovementIntervals													0.0631853845486603
1380.6864751100022	0.08799999999996544	WheelMovementIntervals													0.004258205021756112
1381.857475110002	0.6470000000001619	WheelMovementIntervals													-0.5077694381735682
1385.1901004713852	2.3880035544511884	trials	1.0	1.0	1.5	0.0625		0.8	1386.010318441386	1386.0102010052228	1387.078011661387	1385.6614866613857	1385.6623532413857	1385.857475110002	
1385.857475110002	2.11200000000008	WheelMovementIntervals													-1.1997883370922864
1388.1704024113883	5.024106121198884	trials	-1.0	-1.0	0.0	0.0625		0.8	1390.6262901313905	1390.6254044251896	1392.6944832913928	1389.2018325913891	1389.2029658113893	1389.0334751100022	
1388.4474751100022	0.29700000000002547	WheelMovementIntervals													-0.11960045527700913
1389.0334751100022	0.4379999999998745	WheelMovementIntervals													0.1922200130472902
1390.502475110002	0.9050000000002001	WheelMovementIntervals													0.43115028503780195
1393.0464751100021	0.3009999999999309	WheelMovementIntervals													0.028831903758600674
1393.7904070213938	3.3116107885573456	trials	-1.0	1.0	1.5		1.0	0.8	1395.5373323113956	1395.5372116571718	1396.6019258413967	1394.5184008813944	1394.5192008013946	1394.5144751100022	
1394.5144751100022	0.5029999999999291	WheelMovementIntervals													0.22878666586132113
1395.500475110002	1.9760000000001128	WheelMovementIntervals													1.4026181350449178
1397.6866173613978	4.041333945703627	trials	-1.0	1.0	1.5		0.25	0.8	1400.1543372314002	1400.1542362566943	1401.2279298614012	1398.994419901399	1398.995486461399	1399.9744751100022	
1398.057475110002	0.46100000000001273	WheelMovementIntervals													0.3250230645433021
1399.9744751100022	2.3059999999998126	WheelMovementIntervals													1.6850982612785401
1402.3305529214024	2.52119325388594	trials	1.0	1.0	1.5	0.25		0.8	1403.2797246614034	1403.2796496289504	1404.3517174514043	1402.867865851403	1402.868765761403	1402.963475110002	
1402.963475110002	1.7150000000001455	WheelMovementIntervals													-0.5702148525202801
1404.893475110002	0.1390000000001237	WheelMovementIntervals													0.005251075880437384
1405.4380421414055	7.20642052393282	trials	1.0	-1.0	0.0		0.0625	0.8	1410.07197870141	1410.0709534073073	1412.1444047714122	1405.994519821406	1405.995353071406	1409.6494751100022	
1405.8144751100021	0.05600000000004002	WheelMovementIntervals													0.0047839388086003964
1406.1274751100023	0.2980000000000018	WheelMovementIntervals													0.08372560920292926
1406.7774751100021	0.06099999999992178	WheelMovementIntervals													0.0029687700478007173
1409.6494751100022	1.1769999999999072	WheelMovementIntervals													-0.47958511696504047
1411.028475110002	0.13599999999996726	WheelMovementIntervals													0.009481397103400013
1411.472475110002	0.5820000000001073	WheelMovementIntervals													0.049485241905017574
1412.5264751100021	0.31799999999998363	WheelMovementIntervals													0.09204036818414352
1413.2473611314133	2.404302901062465	trials	1.0	1.0	1.5	1.0		0.8	1414.072878571414	1414.0727614407492	1415.1516373514153	1413.801372391414	1413.8022389714138	1413.9484751100022	
1413.9484751100022	1.1410000000000764	WheelMovementIntervals													-0.9476925397477771
1415.7334751100022	0.8159999999998035	WheelMovementIntervals													0.5183240253674057
1416.2358622514162	2.874717059223258	trials	-1.0	1.0	1.5		0.0625	0.8	1417.5476643914176	1417.5475691228007	1418.6105247614187	1417.027149781417	1417.028183011417	1417.1284751100022	
1417.1284751100022	2.589999999999918	WheelMovementIntervals													2.7799646436232024
1419.7196805014198	3.5246913677790417	trials	1.0	-1.0	0.0		0.0625	0.8	1420.6824842114206	1420.6816775995585	1422.7442780114227	1420.2680923214202	1420.2691588814203	1420.1564751100022	
1420.1564751100022	0.9309999999998126	WheelMovementIntervals													-0.3636274722463213
1421.3094751100023	0.2359999999998763	WheelMovementIntervals													0.02794388369375156
1422.2284751100021	0.36200000000008004	WheelMovementIntervals													0.040468146831699414
1423.8436680614238	6.300538862758913	trials	1.0	1.0	1.5	0.25		0.8	1428.5808942914286	1428.5807957770844	1429.6440879614297	1428.117540631428	1428.1183405514282	1428.307475110002	
1423.864475110002	0.8420000000000982	WheelMovementIntervals													1.5487965052566324
1425.2824751100022	1.0639999999998508	WheelMovementIntervals													1.8797250506620458
1426.6784751100022	0.7649999999998727	WheelMovementIntervals													1.2537020072223868
1428.307475110002	3.7029999999999745	WheelMovementIntervals													1.741160861909293
1430.7710085914307	4.239314833402204	trials	1.0	1.0	1.5	0.25		0.8	1433.4536069714334	1433.453516712013	1434.5102013014346	1433.1513038714331	1433.152270441433	1433.3224751100022	
1433.3224751100022	2.894999999999982	WheelMovementIntervals													-0.8203786361580114
1435.6236232814356	2.9606104894821783	trials	1.0	1.0	1.5	1.0		0.8	1437.017417221437	1437.0173272778495	1438.0842105314382	1436.7343122014368	1436.7352121114368	1436.893475110002	
1436.893475110002	1.6710000000000491	WheelMovementIntervals													0.7198702959780121
1439.1877335014392	2.6968047380803455	trials	1.0	1.0	1.5	1.0		0.8	1440.3108211814404	1440.3107346416284	1441.3844471414413	1439.7605762114397	1439.7615094514397	1439.9014751100021	
1439.9014751100021	1.969000000000051	WheelMovementIntervals													-0.2981546148587313
1442.4872368514425	5.697203841219107	trials	-1.0	-1.0	0.0	0.0625		0.8	1445.6093912714457	1445.6083378601181	1447.6844170814477	1443.0936095414431	1443.094442791443	1445.192475110002	
1443.1654751100023	0.31599999999980355	WheelMovementIntervals													0.059228576570149016
1445.192475110002	0.8420000000000982	WheelMovementIntervals													0.162180052760732
1448.0264751100021	1.2000000000000455	WheelMovementIntervals													-1.2329253414832237
1448.7995388914487	2.910513400795935	trials	1.0	1.0	1.5	1.0		0.8	1450.14733743145	1450.1472441705562	1451.2100311514512	1449.89372946145	1449.89466270145	1449.9584751100022	
1449.9584751100022	2.0440000000000964	WheelMovementIntervals													-1.6502739707857472
1452.3276527114524	3.7825956145616146	trials	1.0	1.0	1.5	0.25		0.8	1454.5446643214545	1454.5445489690871	1455.6102244214555	1454.051147011454	1454.051946931454	1454.2534751100022	
1452.4354751100022	0.0909999999998945	WheelMovementIntervals													0.004361363578937016
1452.865475110002	0.3450000000000273	WheelMovementIntervals													0.0374676303782735
1454.2534751100022	1.9320000000000164	WheelMovementIntervals													-0.45525713164886383
1456.7349452714568	4.691933880106262	trials	-1.0	-1.0	0.0	0.125		0.8	1458.864865591459	1458.863959737391	1460.926826041461	1458.2506270214583	1458.2515269314583	1458.5214751100023	
1456.8204751100022	0.696999999999889	WheelMovementIntervals													0.20307518940455793
1458.5214751100023	1.106999999999971	WheelMovementIntervals													1.1383340246436546
1459.7774751100021	0.7680000000000291	WheelMovementIntervals													1.0450010750869296
1460.7964751100021	0.30600000000004	WheelMovementIntervals													0.02540029019337453
1461.4774751100022	1.066000000000031	WheelMovementIntervals													1.5290896651288222
1462.040581321462	3.9527114896809508	trials	-1.0	-1.0	0.0	0.0625		0.8	1463.4344419214635	1463.4333846653083	1465.4932360214655	1463.0835770114631	1463.084443591463	1463.3234751100022	
1463.3234751100022	0.8099999999999454	WheelMovementIntervals													1.706565454247425
1466.5973922614667	4.029403769339524	trials	-1.0	-1.0	0.0	0.0		0.8	1468.070711581468	1468.0696929079643	1470.1267392914701	1467.4505736014676	1467.4513735214675	1467.8294751100022	
1467.8294751100022	0.6459999999999582	WheelMovementIntervals													0.8376063144290811
1470.3964751100023	0.5370000000000346	WheelMovementIntervals													0.5478771465141108
1471.1374751100022	0.515999999999849	WheelMovementIntervals													0.28787848518118153
1471.2431943014712	6.8571179631462655	trials	1.0	1.0	1.5	0.125		0.8	1476.5319987014766	1476.5319066134205	1477.6002918614777	1472.1340052114722	1472.1349717814721	1472.374475110002	
1472.374475110002	0.7630000000001473	WheelMovementIntervals													-0.16740581372982888
1473.4934751100022	0.47499999999990905	WheelMovementIntervals													-0.14349546632081456
1476.1634751100023	4.088999999999942	WheelMovementIntervals													3.1443615095732866
1478.7347117414788	10.208015639636642	trials	-1.0	-1.0	0.0	0.125		0.8	1486.3767141314863	1486.3757212026303	1488.4426075214885	1480.842667591481	1480.8434675114809	1482.0414751100022	
1482.0414751100022	0.6279999999999291	WheelMovementIntervals													0.1081856704955726
1486.1494751100022	0.4519999999999982	WheelMovementIntervals													0.320084168473727
1489.9283256014899	2.3979022668206653	trials	1.0	1.0	1.5	1.0		0.8	1490.7678416414908	1490.7677253448362	1491.826169131492	1490.5501967414905	1490.5509966614907	1490.5374751100023	
1490.5374751100023	1.80399999999986	WheelMovementIntervals													-1.0309461072331487
1492.937224681493	2.4723207795054805	trials	-1.0	1.0	1.5		0.125	0.8	1493.8586325314939	1493.8585316796502	1494.909427441495	1493.5500967214937	1493.5509299714936	1493.5724751100022	
1493.5724751100022	3.2100000000000364	WheelMovementIntervals													4.003238663732873
1496.0349482114962	3.491292870082816	trials	1.0	1.0	1.5	1.0		0.8	1497.973454341498	1497.97334314249	1499.0261490614992	1497.3834466814974	1497.3845465714974	1497.6594751100022	
1497.6594751100022	2.0150000000001	WheelMovementIntervals													1.0630282607066874
1500.1419374715001	4.157620492325805	trials	1.0	1.0	1.5	1.0		0.8	1502.7358447215026	1502.7357490082934	1503.799505011504	1502.4330750015024	1502.4341082315025	1502.5854751100023	
1500.4734751100023	0.14899999999988722	WheelMovementIntervals													0.01368694054599473
1500.9284751100022	0.79099999999994	WheelMovementIntervals													0.6032790069965586
1502.5854751100023	1.1529999999997926	WheelMovementIntervals													-0.6709941624991416
1503.9894751100023	0.06899999999995998	WheelMovementIntervals													-0.01248266121672259
1504.7914751100022	0.3889999999998963	WheelMovementIntervals													0.029953513629038753
1504.928558761505	3.813921800757498	trials	1.0	1.0	1.5	0.25		0.8	1507.1892660015071	1507.1891704979346	1508.2424273415083	1507.059279001507	1507.060378891507	1507.0064751100022	
1505.5084751100023	0.95699999999988	WheelMovementIntervals													0.2381133436407481
1507.0064751100022	2.1480000000001382	WheelMovementIntervals													-0.7426274228936336
1509.3644817915094	4.277709620096175	trials	1.0	1.0	1.5	0.125		0.8	1512.0758772915121	1512.0757866212912	1513.1421373215132	1511.4830365815114	1511.4839698215114	1511.7084751100022	
1509.7214751100023	0.11599999999998545	WheelMovementIntervals													0.006634015880308652
1511.7084751100022	2.0289999999999964	WheelMovementIntervals													-0.38309269258058976
1514.2764905415142	2.423399315589222	trials	1.0	1.0	1.5	1.0		0.8	1515.1361712315152	1515.1360895893324	1516.1998315215162	1514.7997048815148	1514.8006047915148	1514.9464751100022	
1514.9464751100022	2.5019999999999527	WheelMovementIntervals													-0.7624776893879925
1517.3097871815173	2.7729976030911985	trials	1.0	1.0	1.5	1.0		0.8	1518.5236991115185	1518.5235852568999	1519.5827598615197	1518.1755672615182	1518.176533831518	1518.2504751100023	
1518.2504751100023	1.9359999999999218	WheelMovementIntervals													-1.24613704888327
1520.4904751100023	0.0649999999998272	WheelMovementIntervals													0.004908850604692816
1520.6964818115207	9.336335190218733	trials	-1.0	-1.0	0.0	0.25		0.8	1527.4733707215275	1527.472405899602	1529.5327647615295	1521.2424272115213	1521.2434937715213	1527.4054751100023	
1521.2744751100022	0.1710000000000491	WheelMovementIntervals													0.03877344316856579
1521.7434751100022	0.5309999999999491	WheelMovementIntervals													0.06232936206731665
1522.8634751100024	0.2199999999997999	WheelMovementIntervals													0.025509327859253972
1527.4054751100023	0.6340000000000146	WheelMovementIntervals													0.38636349134446846
1529.0184751100023	0.49499999999989086	WheelMovementIntervals													0.61018815275213
1530.6741172815307	2.542014490370775	trials	1.0	1.0	1.5	0.0		0.8	1531.6514195415316	1531.6513220830968	1532.7161130615327	1531.2423604515313	1531.2433270215313	1531.3734751100023	
1531.3734751100023	2.8329999999998563	WheelMovementIntervals													2.267463724082404
1533.8510328915338	4.957510072770674	trials	-1.0	-1.0	0.0	0.0625		0.8	1536.2499596415362	1536.2490363127126	1538.3085204315382	1535.908327141536	1535.909260381536	1535.6534751100023	
1534.5704751100022	0.6130000000000564	WheelMovementIntervals													0.2175840215105609
1535.6534751100023	1.2889999999999873	WheelMovementIntervals													1.3123067449445216
1538.6334751100023	0.46699999999987085	WheelMovementIntervals													0.22777418334123922
1539.2644751100022	1.2140000000001692	WheelMovementIntervals													1.5844922533319732
1539.4374408615395	4.487821552032301	trials	-1.0	-1.0	0.0	0.0625		0.8	1541.3924786715413	1541.391448939138	1543.4251420515434	1540.949289661541	1540.950156241541	1541.2064751100022	
1541.2064751100022	0.47199999999998	WheelMovementIntervals													0.8432304805116928
1542.0964751100023	0.0989999999999327	WheelMovementIntervals													0.005469093636975231
1544.5585620315446	4.223713391731508	trials	1.0	1.0	1.5	0.125		0.8	1547.2273617915473	1547.2272692292859	1548.2821896315484	1546.8826296015468	1546.883762821547	1547.0874751100023	
1545.0134751100022	1.3200000000001637	WheelMovementIntervals													0.19721932270067555
1547.0874751100023	1.6510000000000673	WheelMovementIntervals													-0.9080523055038157
1549.4267751615494	3.348604150957044	trials	1.0	1.0	1.5	0.0625		0.8	1551.2335611315511	1551.233475782535	1552.2753236115523	1550.891661991551	1550.892661891551	1551.0014751100023	
1549.6124751100024	0.72199999999998	WheelMovementIntervals													0.4371160804231522
1551.0014751100023	2.94399999999996	WheelMovementIntervals													3.0159868276706447
1553.4126765315534	2.769597809836114	trials	1.0	1.0	1.5	1.0		0.8	1554.6117566115547	1554.611674717572	1555.6822495515557	1554.3657145515544	1554.3666811215544	1554.4514751100023	
1554.4514751100023	1.5909999999998945	WheelMovementIntervals													-0.4304872209493169
1556.7968714115568	4.878213816115931	trials	1.0	1.0	1.5	0.0625		0.8	1560.12927147156	1560.1291794831461	1561.1750002215613	1557.4917019215575	1557.4925685015576	1559.9554751100022	
1559.9554751100022	2.2000000000000455	WheelMovementIntervals													-1.0154582594857402
1562.3289848115623	2.603310060583908	trials	1.0	1.0	1.5	0.25		0.8	1563.3713805615635	1563.3712880388277	1564.4322744615645	1563.0990411315631	1563.100141021563	1563.1784751100022	
1563.1784751100022	2.326000000000022	WheelMovementIntervals													-0.8389727810782688
1565.5618948215656	2.303807966312206	trials	1.0	1.0	1.5	0.25		0.8	1566.3031873515663	1566.3030964193717	1567.3656144315673	1566.074476891566	1566.075410131566	1565.9764751100022	
1565.9764751100022	1.540000000000191	WheelMovementIntervals													-1.1441731692435724
1568.4983011515685	2.550410925578035	trials	1.0	1.0	1.5	0.25		0.8	1569.4899019815696	1569.4898046214962	1570.5486294315706	1569.2249951415693	1569.2260283715693	1569.3094751100023	
1568.5764751100023	0.13400000000001455	WheelMovementIntervals													0.035068884625843566
1569.3094751100023	2.16599999999994	WheelMovementIntervals													-0.8328173900242746
1571.7186124215718	3.196917407668252	trials	1.0	1.0	1.5	0.25		0.8	1573.3388170515734	1573.3387202297447	1574.4154427115745	1573.024415161573	1573.025315071573	1573.1844751100023	
1571.9434751100023	0.36400000000003274	WheelMovementIntervals													-0.03971591314575562
1573.1844751100023	1.9120000000000346	WheelMovementIntervals													-0.8703465497278557
1575.5343308115755	4.840390729806586	trials	-1.0	-1.0	0.0	0.0625		0.8	1577.8019040315778	1577.8008250661048	1579.87463007158	1576.074743431576	1576.0755766815762	1577.2204751100023	
1576.8604751100022	0.15399999999999636	WheelMovementIntervals													0.012414903711601255
1577.2204751100023	0.8009999999999309	WheelMovementIntervals													0.2833627330883246
1579.8114751100022	0.27700000000004366	WheelMovementIntervals													0.07216267332375992
1581.005816941581	2.5931105177842255	trials	1.0	1.0	1.5	0.0625		0.8	1582.0262482215821	1582.0261202930478	1583.098840951583	1581.6985143315817	1581.6994809015816	1581.8734751100023	
1581.8734751100023	1.63799999999992	WheelMovementIntervals													-0.7935822930525092
1584.2328275415844	3.408625440920787	trials	1.0	1.0	1.5	0.25		0.8	1586.078542951586	1586.0784402337567	1587.141336661587	1585.5911250315855	1585.5920916015857	1585.5344751100024	
1584.5584751100023	0.5480000000000018	WheelMovementIntervals													0.21942859464820685
1585.5344751100024	2.619999999999891	WheelMovementIntervals													-0.4892225910249408
1588.2869554215883	2.5876108895392917	trials	1.0	1.0	1.5	1.0		0.8	1589.3088532215893	1589.3087589319161	1590.3744466515905	1588.998417601589	1588.999717471589	1589.1644751100023	
1589.1644751100023	2.3299999999999272	WheelMovementIntervals													1.0296630222264866
1591.5092664915915	3.598710131850794	trials	1.0	1.0	1.5	0.25		0.8	1593.5346639315935	1593.534570505298	1594.6078566015947	1593.2151292215933	1593.2159624715932	1593.3044751100024	
1591.7584751100023	0.07199999999988904	WheelMovementIntervals													0.007306357140009823
1593.3044751100024	1.8360000000000127	WheelMovementIntervals													-1.527661285060276
1595.7579749115957	2.449895094845715	trials	1.0	1.0	1.5	0.125		0.8	1596.6391534515967	1596.6390724281775	1597.7077799115978	1596.2477592615962	1596.2489258115963	1596.3514751100024	
1596.3514751100024	2.3819999999998345	WheelMovementIntervals													-0.44081108168916217
1598.844666211599	3.6037046529306735	trials	-1.0	1.0	1.5		1.0	0.8	1600.8695637016008	1600.8694677021922	1601.948355811602	1600.5478625416006	1600.5488624416005	1600.6904751100024	
1599.2774751100023	0.5489999999999782	WheelMovementIntervals													0.25106238120929447
1600.6904751100024	2.83199999999988	WheelMovementIntervals													4.653049947195427
1603.4767696216036	2.587611251492035	trials	1.0	1.0	1.5	1.0		0.8	1604.4896683216045	1604.4895728512765	1605.5643608416055	1604.1409032016043	1604.141803111604	1604.3074751100023	
1604.3074751100023	1.8230000000000928	WheelMovementIntervals													-1.3103447265135628
1606.7067799216068	2.47441918092386	trials	-1.0	1.0	1.5		1.0	0.8	1607.5983907516077	1607.5982861117059	1608.6811824616086	1607.2742231716072	1607.2750897516073	1607.4204751100024	
1607.4204751100024	1.9179999999998927	WheelMovementIntervals													2.0251541481674167
1609.82340156161	5.017201743347869	trials	-1.0	1.0	1.5		1.0	0.8	1613.2701901816133	1613.270101385296	1614.3405831316143	1612.990418161613	1612.991318071613	1613.0854751100023	
1610.2054751100022	0.8780000000001564	WheelMovementIntervals													0.15074383688897797
1611.5464751100023	0.35799999999994725	WheelMovementIntervals													0.11370139409859803
1613.0854751100023	2.144999999999982	WheelMovementIntervals													2.6505956700949582
1615.4924012716156	2.638904147138419	trials	1.0	1.0	1.5	0.125		0.8	1616.5492955716165	1616.5492021314792	1617.6312873616178	1616.1814990216162	1616.1822989416162	1616.2594751100023	
1616.2594751100023	2.7239999999999327	WheelMovementIntervals													-1.2232545399085666
1618.7985039616187	4.492318533352773	trials	-1.0	-1.0	0.0	0.0625		0.8	1620.7258778716207	1620.725111052228	1622.7907380316228	1620.2236947616202	1620.2245613416203	1620.1364751100023	
1619.2984751100023	0.3910000000000764	WheelMovementIntervals													0.16116627034966768
1620.1364751100023	1.247000000000071	WheelMovementIntervals													0.5971209264051822
1622.1114751100024	0.16200000000003456	WheelMovementIntervals													0.01761602232613768
1623.942022891624	2.7653222621540863	trials	1.0	1.0	1.5	0.25		0.8	1625.1448359316253	1625.1447317041489	1626.2072630116263	1624.5811923016247	1624.5821588716246	1624.6984751100024	
1624.6984751100024	2.1520000000000437	WheelMovementIntervals													-1.8294952844518093
1627.3580479216273	2.956707119407156	trials	1.0	1.0	1.5	0.125		0.8	1628.7443426116288	1628.744250321775	1629.8146355716299	1628.2972873216283	1628.2984205416283	1628.5384751100023	
1628.5384751100023	3.025000000000091	WheelMovementIntervals													-0.7687969867084803
1630.961954161631	4.0525977800655255	trials	-1.0	1.0	1.5		0.125	0.2	1633.4418394816335	1633.4417515794398	1634.5144655416345	1632.806902981633	1632.8080028716329	1632.9924751100023	
1631.7994751100023	0.41000000000008185	WheelMovementIntervals													0.1395458165737864
1632.9924751100023	2.7350000000001273	WheelMovementIntervals													1.5657671416788617
1635.6772492516357	4.803719485265674	trials	-1.0	1.0	1.5		0.0625	0.2	1638.9151587616388	1638.9150610370866	1639.98085218164	1636.3402162816365	1636.3412828416363	1636.6364751100023	
1636.6364751100023	0.2300000000000182	WheelMovementIntervals													0.15347464558249158
1637.8274751100023	0.30700000000001637	WheelMovementIntervals													0.04168961289190065
1638.4924751100023	2.275000000000091	WheelMovementIntervals													-1.3635490146472193
1641.144369151641	3.5034175460964434	trials	-1.0	1.0	1.5		0.0	0.2	1643.0716764016431	1643.0715777034536	1644.1476687916443	1642.5066329116426	1642.5075328216426	1642.7234751100023	
1641.4154751100023	0.5470000000000255	WheelMovementIntervals													0.38782557275806084
1642.7234751100023	2.081000000000131	WheelMovementIntervals													1.864097489164351
1645.2324751100023	0.5080000000000382	WheelMovementIntervals													0.16251218731076733
1645.2931875616453	3.3134038745238286	trials	-1.0	1.0	1.5		0.125	0.2	1647.034380091647	1647.034288546655	1648.1065395316482	1646.2564912216462	1646.2574577916462	1646.4544751100022	
1646.4544751100022	4.623000000000047	WheelMovementIntervals													2.859426093634511
1649.2702898116493	8.886410548910362	trials	-1.0	1.0	1.5		0.0625	0.2	1656.5860914916566	1656.5859968495104	1657.6566177616576	1655.9469220816559	1655.947988641656	1656.1384751100024	
1651.5184751100023	0.8969999999999345	WheelMovementIntervals													1.005199721509598
1652.7054751100025	0.543999999999869	WheelMovementIntervals													0.19063257164964398
1653.5014751100023	0.8690000000001419	WheelMovementIntervals													0.5738595857721975
1654.5534751100024	0.2919999999999163	WheelMovementIntervals													0.03791533772630373
1656.1384751100024	2.341999999999871	WheelMovementIntervals													1.4338294330742656
1658.843899021659	3.7957213338497695	trials	-1.0	-1.0	0.0	0.0625		0.2	1660.0795754416602	1660.0784049844904	1662.139602751662	1659.5638936816597	1659.5649269116595	1659.7214751100023	
1659.7214751100023	0.8840000000000146	WheelMovementIntervals													0.5464336005323958
1660.7934751100024	0.16300000000001091	WheelMovementIntervals													0.012387444285309357
1661.2284751100024	0.21600000000012187	WheelMovementIntervals													0.0233565976952832
1661.9104751100024	0.7019999999999982	WheelMovementIntervals													0.11070967357181871
1663.2951205216634	2.7351989972664796	trials	-1.0	1.0	1.5		0.0625	0.2	1664.4538046416644	1664.4537188261522	1665.5302303216656	1663.896927001664	1663.897860241664	1664.1104751100024	
1664.1104751100024	2.127999999999929	WheelMovementIntervals													3.206603927888864
1666.6776155716666	2.5790094682165545	trials	-1.0	1.0	1.5		1.0	0.2	1667.6986134616677	1667.6985185279661	1668.7565743216687	1667.4227077216674	1667.4234743116674	1667.5554751100024	
1667.5554751100024	1.8910000000000764	WheelMovementIntervals													1.6564837756732231
1669.7414751100023	0.2700000000002092	WheelMovementIntervals													0.024862558878453456
1669.91682495167	2.580109865389204	trials	-1.0	1.0	1.5		0.25	0.2	1670.9240242216708	1670.923928021794	1671.996850261672	1670.5968236116705	1670.5977568516705	1670.7084751100024	
1670.7084751100024	2.102000000000089	WheelMovementIntervals													1.9499465157222176
1673.1512348116732	10.305233087536635	trials	-1.0	1.0	1.5		1.0	0.2	1681.892460601682	1681.8923620290334	1682.956387531683	1681.6558842616816	1681.6568841616818	1681.5874751100023	
1673.4764751100024	2.5729999999998654	WheelMovementIntervals													1.9002190104911278
1676.4324751100023	0.27800000000002	WheelMovementIntervals													0.04291644446277587
1676.9324751100023	0.15600000000017644	WheelMovementIntervals													0.018020222689074217
1677.7004751100023	3.16800000000012	WheelMovementIntervals													3.154310258931446
1681.5874751100023	3.380000000000109	WheelMovementIntervals													2.358568198142052
1684.1509680616841	5.1121915101284685	trials	-1.0	1.0	1.5		0.125	0.2	1687.6985799316876	1687.6984607824686	1688.7631068016888	1687.3968101116875	1687.3978100116874	1687.2344751100024	
1685.2514751100025	0.06199999999989814	WheelMovementIntervals													0.007192249165996145
1685.4814751100023	0.6550000000002001	WheelMovementIntervals													0.1362740708838146
1686.3394751100025	0.35399999999981446	WheelMovementIntervals													0.04246015388628166
1687.2344751100024	2.1579999999999018	WheelMovementIntervals													1.9781653780544275
1689.93575619169	5.244239936218946	trials	-1.0	-1.0	0.0	0.0625		0.2	1692.6100554016925	1692.6092755316167	1694.6798817316946	1692.2727558016923	1692.2737223716922	1692.3674751100025	
1689.9504751100023	0.31799999999998363	WheelMovementIntervals													0.029427972517737544
1690.6864751100024	1.17899999999986	WheelMovementIntervals													1.457361962990035
1692.3674751100025	0.5459999999998217	WheelMovementIntervals													0.5391094179703941
1693.2734751100024	0.7210000000000036	WheelMovementIntervals													0.08507693145111261
1694.5504751100025	0.2799999999999727	WheelMovementIntervals													0.045154125877616025
1695.4324751100023	0.11100000000010368	WheelMovementIntervals													0.012502434827979414
1695.841298911696	3.0220011943767986	trials	1.0	1.0	1.5	0.0625		0.2	1697.2998863716973	1697.2997985228803	1698.3632800216983	1696.8060357616969	1696.8069690016969	1697.0194751100023	
1697.0194751100023	2.2260000000001128	WheelMovementIntervals													-0.3584754333459159
1699.5173979316996	4.555112042262863	trials	-1.0	1.0	1.5		1.0	0.2	1702.5024993917025	1702.502403857176	1703.5724590517036	1702.2056290817022	1702.2065623217022	1702.2644751100024	
1699.8394751100025	1.80600000000004	WheelMovementIntervals													2.8512281837811315
1702.2644751100024	2.6210000000000946	WheelMovementIntervals													1.8989974314553137
1704.7464083117047	4.392896404779776	trials	-1.0	1.0	1.5		0.0625	0.2	1707.5705258717076	1707.570404714788	1708.6392189917087	1705.8293666717059	1705.8301665917058	1705.6904751100024	
1705.6904751100024	0.6839999999999691	WheelMovementIntervals													0.2316052230137302
1707.4384751100024	3.0579999999999927	WheelMovementIntervals													3.842013863876673
1709.8104018617098	3.119620931410509	trials	-1.0	1.0	1.5		0.0	0.2	1711.3619133617115	1711.3618107791235	1712.4300065417124	1710.8960599517109	1710.897093181711	1710.7814751100025	
1710.7814751100025	2.5650000000000546	WheelMovementIntervals													0.4744487473645904
1713.5926236017135	10.986327923567615	trials	1.0	1.0	1.5	0.25		0.2	1723.013948041723	1723.0138458322253	1724.078908201724	1722.4389055517224	1722.4399054517226	1722.6904751100024	
1713.8014751100025	1.7989999999999782	WheelMovementIntervals													2.404749442178968
1716.1024751100024	2.98700000000008	WheelMovementIntervals													3.3580713040861383
1719.5704751100025	1.1469999999999345	WheelMovementIntervals													1.0150328101253763
1721.1064751100025	0.6539999999999964	WheelMovementIntervals													1.2767984250928066
1722.6904751100024	1.9510000000000218	WheelMovementIntervals													-0.6359934319431204
1725.1234751100023	0.12100000000009459	WheelMovementIntervals													0.0246909211809907
1725.3148512617254	2.507314676395481	trials	-1.0	1.0	1.5		0.125	0.2	1726.2598567517264	1726.2597560389424	1727.3221171817274	1725.938922181726	1725.940155391726	1725.8874751100025	
1725.8874751100025	2.0670000000000073	WheelMovementIntervals													2.0480459225417462
1728.4874673017284	2.524987041309714	trials	-1.0	1.0	1.5		0.0	0.2	1729.4348725517295	1729.4347616897062	1730.5123647917305	1729.1123714717291	1729.1134380317292	1729.1774751100024	
1729.1774751100024	3.599999999999909	WheelMovementIntervals													1.0975987911305083
1731.6760484117317	4.112819504756089	trials	-1.0	1.0	1.5		0.25	0.2	1734.2204606117343	1734.2203592406877	1735.2887537717354	1733.8883938217339	1733.8893603917338	1734.0194751100025	
1733.0564751100023	0.3120000000001255	WheelMovementIntervals													0.07677884560837356
1734.0194751100025	2.1299999999998818	WheelMovementIntervals													1.3868709800317447
1736.3304751100025	1.2200000000000273	WheelMovementIntervals													1.126685753337597
1736.4714688217364	5.167009222589286	trials	1.0	1.0	1.5	1.0		0.2	1740.08497410174	1740.0848738726545	1741.138402081741	1739.7960030017398	1739.7969362417398	1739.9494751100024	
1737.8494751100025	1.377999999999929	WheelMovementIntervals													0.44554951374482243
1739.9494751100024	2.4600000000000364	WheelMovementIntervals													1.596927919415407
1742.7168775517428	2.6716282055151623	trials	-1.0	1.0	1.5		0.125	0.2	1743.833899171744	1743.8337885073192	1744.888460371745	1743.2955530117433	1743.2965529117432	1743.4894751100026	
1743.4894751100026	1.9869999999998527	WheelMovementIntervals													2.3371284291605434
1746.055710301746	3.2899043444301697	trials	-1.0	1.0	1.5		1.0	0.2	1747.786403881748	1747.786311534996	1748.8455312917488	1747.4955663017474	1747.4964995417474	1747.5384751100025	
1746.4424751100025	0.3669999999999618	WheelMovementIntervals													0.036247698059582945
1747.5384751100025	2.8179999999999836	WheelMovementIntervals													2.1895209837980474
1750.02701313175	2.694799310483859	trials	-1.0	1.0	1.5		0.125	0.8	1751.161599661751	1751.1615119994751	1752.2217603017523	1750.7714386817509	1750.7724385817507	1750.8584751100025	
1750.8584751100025	2.45699999999988	WheelMovementIntervals													1.9277223584488183
1753.3936097717535	2.485115845919154	trials	1.0	1.0	1.5	1.0		0.8	1754.3203170917543	1754.3202149343701	1755.3786112517555	1754.0788412417542	1754.079707821754	1754.1164751100025	
1754.1164751100025	2.2239999999999327	WheelMovementIntervals													-1.4863774536477194
1756.5507273617566	7.403925250613156	trials	-1.0	-1.0	0.0	0.125		0.8	1761.3876102917613	1761.3867425483386	1763.4545369117634	1757.1213036317572	1757.122336861757	1757.0224751100025	
1757.0224751100025	0.5920000000000982	WheelMovementIntervals													-0.11296835834923513
1757.9864751100024	0.18299999999999272	WheelMovementIntervals													0.016410138092055604
1758.6404751100024	0.27899999999999636	WheelMovementIntervals													0.02666633182411715
1759.4254751100025	0.28700000000003456	WheelMovementIntervals													0.03164581191322213
1760.8154751100024	0.2030000000002019	WheelMovementIntervals													0.016107259291288756
1761.2934751100024	0.9950000000001182	WheelMovementIntervals													0.2500974705342287
1762.7884751100025	0.3350000000000364	WheelMovementIntervals													0.027930343389016343
1763.8544751100026	0.0829999999998563	WheelMovementIntervals													0.00923354204496718
1764.6295527317645	4.174784808734785	trials	1.0	1.0	1.5	1.0		0.8	1767.2466576617674	1767.2465419553155	1768.3042518917682	1767.011714491767	1767.0125144117671	1767.0804751100025	
1765.2454751100024	0.9690000000000509	WheelMovementIntervals													0.16218269314060763
1767.0804751100025	2.2590000000000146	WheelMovementIntervals													2.3517155158514242
1769.4961326917696	3.6085323943614185	trials	1.0	1.0	1.5	0.25		0.8	1771.5419614217715	1771.5418499226716	1772.6045884817727	1771.2616227917713	1771.2624560417712	1771.4134751100025	
1769.6084751100025	0.9819999999999709	WheelMovementIntervals													1.1119778994569742
1770.9834751100025	0.13400000000001455	WheelMovementIntervals													0.00829955424956097
1771.4134751100025	5.451000000000022	WheelMovementIntervals													11.228971719613355
1773.7998689417739	7.911403069598009	trials	-1.0	-1.0	0.0	0.125		0.8	1779.1463009117792	1779.145269664456	1781.2111944017813	1777.5116310617775	1777.5126642917776	1778.5614751100024	
1778.5614751100024	0.5960000000000036	WheelMovementIntervals													0.276881418325047
1780.2264751100024	0.6730000000000018	WheelMovementIntervals													0.23941868935332877
1781.7424751100025	1.05600000000004	WheelMovementIntervals													1.7071088169782342
1782.4539701117824	2.7743192399291274	trials	1.0	1.0	1.5	0.25		0.8	1783.6604827817837	1783.660377608533	1784.7282426617846	1783.3376150717834	1783.3385816417833	1783.5024751100025	
1783.5024751100025	1.6539999999999964	WheelMovementIntervals													-0.892939702053468
1785.905791561786	3.2650061500794436	trials	1.0	1.0	1.5	0.25		0.8	1787.6036884217876	1787.6035937198258	1788.6707483717887	1787.2879200017874	1787.2888532417874	1787.4694751100026	
1786.2414751100025	0.3250000000000455	WheelMovementIntervals													0.16663675626909935
1787.4694751100026	3.3689999999999145	WheelMovementIntervals													2.0742221259323514
1789.8551965817899	3.682498406374634	trials	-1.0	1.0	1.5		0.0	0.8	1791.980684011792	1791.980594507686	1793.037611641793	1791.3945426317914	1791.3954425417915	1791.4224751100026	
1791.4224751100026	2.9809999999999945	WheelMovementIntervals													4.157207127150855
1794.2307923117942	8.490140481198978	trials	1.0	1.0	1.5	1.0		0.8	1801.1639322618012	1801.163823735463	1802.2208932218023	1800.911457511801	1800.912290761801	1800.7844751100024	
1794.7374751100024	5.122000000000071	WheelMovementIntervals													9.722601311254948
1800.1334751100026	0.18899999999985084	WheelMovementIntervals													0.07938040691999504
1800.7844751100024	1.1970000000001164	WheelMovementIntervals													1.2453929549152463
1802.5194751100025	0.4329999999999927	WheelMovementIntervals													0.18388280254339406
1803.4774342218036	2.900308833959116	trials	1.0	1.0	1.5	0.0625		0.8	1804.8101342718048	1804.8100373617985	1805.877660841806	1804.4446374918045	1804.4455707318045	1804.5764751100025	
1804.5764751100025	2.3740000000000236	WheelMovementIntervals													0.6551229641706868
1807.059342661807	2.4113964237330947	trials	1.0	1.0	1.5	1.0		0.8	1807.913423911808	1807.9133403328178	1808.970684841809	1807.6371848718077	1807.6381847718076	1807.5714751100024	
1807.5714751100024	2.144999999999982	WheelMovementIntervals													-0.8171568760081982
1810.1431342518101	2.3276020310443073	trials	1.0	1.0	1.5	0.25		0.8	1810.912357321811	1810.9122342620678	1811.970718141812	1810.6274858118106	1810.6284523818106	1810.7364751100024	
1810.7364751100024	1.7860000000000582	WheelMovementIntervals													-0.6813022212871829
1813.142434291813	3.585307947187175	trials	1.0	1.0	1.5	0.25		0.8	1815.1654653018152	1815.1653376473362	1816.2277257318162	1814.5941224418145	1814.5950556818145	1814.7744751100024	
1813.4064751100025	0.2640000000001237	WheelMovementIntervals													0.03413768299105868
1814.7744751100024	2.119000000000142	WheelMovementIntervals													0.431491038187346
1817.4046413618173	2.4658169977669786	trials	1.0	1.0	1.5	0.0625		0.8	1818.3097508418184	1818.309646866306	1819.3704114318193	1817.953486471818	1817.954319721818	1818.0064751100026	
1818.0064751100026	1.949999999999818	WheelMovementIntervals													-0.3654250269195245
1820.5465604718206	2.497914075853714	trials	1.0	1.0	1.5	0.25		0.8	1821.4731678018215	1821.4730649508908	1822.5444273318226	1821.1940957118213	1821.1949622918212	1821.3514751100024	
1821.3514751100024	1.5700000000001637	WheelMovementIntervals													-1.2768077053592606
1823.7258758418238	2.6020058904466623	trials	1.0	1.0	1.5	0.25		0.8	1824.7567727418248	1824.7566773830495	1825.8277656318257	1824.4704347118245	1824.4712346318245	1824.5774751100025	
1824.5774751100025	2.6410000000000764	WheelMovementIntervals													-1.34349063875311
1827.009780751827	8.084121353212367	trials	-1.0	-1.0	0.0	0.0625		0.8	1832.5454271318326	1832.5443940015718	1834.5938556018345	1827.7371746718277	1827.7381745718278	1831.5364751100026	
1827.8144751100026	0.14400000000000546	WheelMovementIntervals													-0.016690674616825163
1831.5364751100026	1.5929999999998472	WheelMovementIntervals													0.6207463907484225
1834.0504751100025	0.10500000000001819	WheelMovementIntervals													0.022438763391505745
1834.9834751100025	0.5330000000001291	WheelMovementIntervals													0.4676823761135438
1835.7985017918359	2.445692811356821	trials	1.0	1.0	1.5	1.0		0.8	1836.6929123418367	1836.6927984318993	1837.7441405418379	1836.3867096318363	1836.3876762018365	1836.3654751100025	
1836.3654751100025	1.7560000000000855	WheelMovementIntervals													-0.7243465865531107
1838.915290081839	2.4213192866775444	trials	1.0	1.0	1.5	0.125		0.8	1839.7925023518399	1839.792396343819	1840.8365646018408	1839.4703012418395	1839.4713344718396	1839.6024751100026	
1839.6024751100026	3.189999999999827	WheelMovementIntervals													3.657128521419054
1842.026212291842	3.317701131300055	trials	1.0	1.0	1.5	0.25		0.8	1843.7715044118438	1843.7714118348827	1844.8438305018449	1843.4269388718435	1843.4279054418434	1843.5614751100024	
1843.5614751100024	1.2960000000000491	WheelMovementIntervals													-0.4821210111688288
1845.2334751100025	0.19000000000005457	WheelMovementIntervals													0.013289820601244173
1846.036311241846	3.550109709973185	trials	-1.0	1.0	1.5		0.0625	0.8	1848.029811871848	1848.0297155710346	1849.086372871849	1847.6363178918477	1847.6372178018476	1847.6944751100025	
1846.1954751100025	0.5800000000001546	WheelMovementIntervals													0.11888562597823693
1847.6944751100025	1.8130000000001019	WheelMovementIntervals													1.8155857560035429
1850.2771204518504	4.342827311685824	trials	-1.0	-1.0	0.0	0.0		0.8	1852.059775501852	1852.058830836351	1854.119902801854	1851.4939320918515	1851.4947653418515	1851.7234751100025	
1850.3664751100025	0.4069999999999254	WheelMovementIntervals													0.22630733411983783
1851.7234751100025	1.058999999999969	WheelMovementIntervals													0.6520160711691005
1853.1544751100025	0.1390000000001237	WheelMovementIntervals													0.019342865134376552
1854.0414751100025	0.4660000000001219	WheelMovementIntervals													0.044292742682273456
1854.9744751100025	0.1950000000001637	WheelMovementIntervals													0.048682282337040306
1855.3162498218553	2.4200933567810807	trials	1.0	1.0	1.5	1.0		0.8	1856.184529651856	1856.1844467211417	1857.2362911318573	1855.893492091856	1855.894358671856	1856.0454751100026	
1856.0454751100026	1.3630000000000564	WheelMovementIntervals													-1.0292019456838943
1858.4270387118584	3.309529952801995	trials	1.0	1.0	1.5	0.125		0.8	1860.18086331186	1860.180752994102	1861.2364910718613	1859.87692704186	1859.87802693186	1860.0054751100026	
1858.7464751100026	0.36999999999989086	WheelMovementIntervals													0.20160781326057986
1860.0054751100026	1.4279999999998836	WheelMovementIntervals													-0.46064092229403286
1862.4336713418625	4.743291927506789	trials	1.0	1.0	1.5	1.0		0.8	1865.6147532018656	1865.6146645869478	1866.6768803118666	1865.2933186818652	1865.2942185918653	1865.4714751100025	
1862.7454751100026	1.793999999999869	WheelMovementIntervals													2.1827508004656693
1865.4714751100025	2.3020000000001346	WheelMovementIntervals													0.9711729354673935
1867.882159771868	2.927906736615796	trials	-1.0	1.0	1.5		0.25	0.8	1869.2489564118694	1869.2488615160626	1870.3100169618704	1868.4031076718684	1868.4041742318684	1868.4584751100026	
1868.4584751100026	3.515999999999849	WheelMovementIntervals													4.751897996614616
1871.5022643918714	4.150613580182153	trials	-1.0	-1.0	0.0	0.0625		0.8	1873.091772091873	1873.0908688240663	1875.1528659618752	1872.5526260118725	1872.5538258918725	1872.8164751100026	
1872.8164751100026	1.4780000000000655	WheelMovementIntervals													0.5313248275632532
1875.1754751100025	0.7319999999999709	WheelMovementIntervals													0.4479671160685257
1876.2784751100025	0.5090000000000146	WheelMovementIntervals													0.055932859602535245
1876.3660779618763	3.1606067644713676	trials	1.0	1.0	1.5	0.25		0.8	1877.965784641878	1877.9656798670976	1879.026578551879	1877.3767435518773	1877.3777434518774	1877.5294751100025	
1877.5294751100025	2.548000000000002	WheelMovementIntervals													0.8049818610855937
1880.6124751100026	0.07799999999997453	WheelMovementIntervals													-0.0016083446963648385
1880.6479830618807	4.321427641187029	trials	-1.0	1.0	1.5		0.125	0.8	1883.4063072018835	1883.406199427755	1884.4693675518845	1883.052642571883	1883.0536758018832	1883.2104751100026	
1880.9994751100025	0.9729999999999563	WheelMovementIntervals													0.7079062303788533
1883.2104751100026	4.1189999999999145	WheelMovementIntervals													3.8517975716548563
1885.6821129318857	5.961300359051393	trials	1.0	1.0	1.5	0.25		0.8	1890.08340609189	1890.0833117203815	1891.143366751891	1889.092538521889	1889.093505091889	1889.2834751100027	
1887.5074751100026	0.44699999999988904	WheelMovementIntervals													0.0752027950388765
1889.2834751100027	2.8450000000000273	WheelMovementIntervals													-0.4721314364225009
1892.3665110918923	2.2434059807962967	trials	1.0	1.0	1.5	1.0		0.8	1893.044109991893	1893.0440122940797	1894.1098367418942	1892.8358974818927	1892.8367640618928	1892.8374751100025	
1892.8374751100025	2.423000000000002	WheelMovementIntervals													3.390882048032495
1895.3139163218952	5.054821561681365	trials	1.0	1.0	1.5	0.125		0.8	1898.8171326318989	1898.8170291855865	1899.8687274618999	1898.4858990918985	1898.4869989818985	1898.6624751100026	
1895.4484751100026	2.54099999999994	WheelMovementIntervals													3.803951002900476
1898.6624751100026	2.828999999999951	WheelMovementIntervals													1.3099046885708958
1901.1008375719011	4.434417820238195	trials	-1.0	1.0	1.5		0.25	0.8	1903.979849641904	1903.9797478427072	1905.035210761905	1903.5260616919036	1903.5269282719034	1903.8264751100025	
1901.8024751100027	0.3989999999998872	WheelMovementIntervals													0.44671432634277153
1902.5484751100025	0.4130000000000109	WheelMovementIntervals													0.4569338516167818
1903.8264751100025	3.536000000000058	WheelMovementIntervals													4.6671211420491545
1906.2499559419064	4.952101493610144	trials	-1.0	-1.0	0.0	0.0		0.8	1908.6544821319087	1908.65365569611	1910.7020106919108	1907.942686651908	1907.943519901908	1908.1974751100026	
1908.1974751100026	1.0229999999999109	WheelMovementIntervals													0.38724446824789993
1910.0054751100026	0.23299999999994725	WheelMovementIntervals													0.16830916266678742
1911.4194751100026	0.5080000000000382	WheelMovementIntervals													-0.6226870795015884
1911.9218553619119	3.5635087581028984	trials	-1.0	-1.0	0.0	0.0625		0.8	1912.928088061913	1912.927056986169	1914.985348981915	1912.3924749619125	1912.3937748319124	1912.6934751100025	
1912.6934751100025	0.6390000000001237	WheelMovementIntervals													0.525048835260236
1916.0484751100025	0.38000000000010914	WheelMovementIntervals													0.5154630165743583
1916.1858622519162	3.0659206374084533	trials	1.0	1.0	1.5	0.25		0.8	1917.6903784519177	1917.690271397061	1918.7517056419188	1917.4258049119173	1917.4266714919174	1917.5814751100027	
1917.5814751100027	3.0850000000000364	WheelMovementIntervals													4.344169477931928
1919.95628517192	6.095719100884253	trials	-1.0	-1.0	0.0	0.125		0.8	1923.4935647419236	1923.492795093218	1925.5519255519255	1921.2093931819213	1921.2102930919211	1921.4064751100027	
1921.4064751100027	0.56899999999996	WheelMovementIntervals													-0.17912443927377808
1923.1844751100025	0.7000000000000455	WheelMovementIntervals													0.5771583161665603
1926.7646042719268	2.994699112081207	trials	1.0	1.0	1.5	0.25		0.8	1928.2048935619282	1928.2048028830807	1929.2592214519293	1927.5924881419276	1927.5935213719276	1927.7744751100026	
1926.8434751100026	0.09699999999997999	WheelMovementIntervals													0.005887797087893887
1927.7744751100026	2.314000000000078	WheelMovementIntervals													1.8419284966205396
1930.4666007019305	5.468414443847905	trials	-1.0	1.0	1.5		1.0	0.8	1934.3766096619345	1934.3765095992649	1935.4349371519354	1934.0515755019342	1934.052408751934	1934.1964751100027	
1930.5974751100025	0.5330000000001291	WheelMovementIntervals													0.20580579131558352
1932.1074751100027	1.1569999999999254	WheelMovementIntervals													0.9670610676361093
1934.1964751100027	2.6989999999998417	WheelMovementIntervals													2.13371742837046
1936.6584147919366	11.959729982939962	trials	-1.0	-1.0	0.0	0.125		0.8	1946.0692069519462	1946.0683360221267	1948.118135371948	1942.3589113519424	1942.3599445819423	1942.2624751100027	
1937.3314751100027	0.8289999999999509	WheelMovementIntervals													0.43469756783531466
1938.5444751100026	0.49499999999989086	WheelMovementIntervals													0.048987107427137744
1939.2104751100026	1.4090000000001055	WheelMovementIntervals													0.17204088241658155
1940.7954751100026	0.9130000000000109	WheelMovementIntervals													0.7594451558414903
1942.2624751100027	0.9289999999998599	WheelMovementIntervals													0.24822335183910127
1945.9544751100027	0.5909999999998945	WheelMovementIntervals													0.33037031565368125
1946.8124751100027	0.22100000000000364	WheelMovementIntervals													0.06507193234756414
1948.1924751100025	5.096000000000004	WheelMovementIntervals													10.403385915640115
1949.3703434719494	8.231230583612842	trials	1.0	1.0	1.5	0.0625		0.8	1956.056874751956	1956.056766691094	1957.101470281957	1955.5419595819556	1955.5430594719555	1955.6134751100026	
1953.6354751100027	0.20199999999999818	WheelMovementIntervals													0.019913304812348542
1954.7414751100027	0.09199999999987085	WheelMovementIntervals													0.009792250465693542
1955.6134751100026	7.18100000000004	WheelMovementIntervals													5.306631236763678
1958.3895747919585	7.9784255112629126	trials	-1.0	1.0	1.5		0.125	0.8	1964.813299021965	1964.813193721432	1965.8678935519658	1964.3917411819643	1964.3925744319645	1964.5854751100026	
1963.0744751100026	0.8510000000001128	WheelMovementIntervals													0.7319007197235123
1964.5854751100026	3.6100000000001273	WheelMovementIntervals													6.759070980597016
1967.1311005519672	6.443816420193343	trials	1.0	1.0	1.5	0.125		0.8	1972.011012511972	1972.0109114721752	1973.074872781973	1971.6747461419716	1971.6757793719717	1971.8774751100027	
1968.7314751100027	0.0749999999998181	WheelMovementIntervals													0.01499165655059187
1969.3134751100026	0.6769999999999072	WheelMovementIntervals													0.13592740909234635
1970.2474751100026	0.7519999999999527	WheelMovementIntervals													0.4371481964083159
1971.8774751100027	2.0529999999998836	WheelMovementIntervals													-1.7096449702138443
1974.1874751100027	0.4539999999999509	WheelMovementIntervals													0.1600273591224095
1974.3032166019743	4.438288854202028	trials	-1.0	1.0	1.5		0.125	0.2	1977.1806954919773	1977.180608079409	1978.2414894019782	1976.7177751219767	1976.7187083619767	1976.8034751100026	
1975.0354751100026	0.7809999999999491	WheelMovementIntervals													0.040417184330522105
1976.8034751100026	2.8530000000000655	WheelMovementIntervals													5.502649757181757
1979.4553013419795	3.0693187010451766	trials	-1.0	1.0	1.5		0.0625	0.2	1980.967616761981	1980.967509570339	1982.024611051982	1980.3507451219805	1980.3516450319803	1980.4614751100028	
1980.4614751100028	2.4710000000000036	WheelMovementIntervals													1.678034925618931
1983.2485219819832	2.352497598055379	trials	-1.0	1.0	1.5		0.0	0.2	1984.0474420819842	1984.047320487288	1985.101003381985	1983.900856741984	1983.901923301984	1983.7804751100027	
1983.7804751100027	1.566000000000031	WheelMovementIntervals													1.6567325213209187
1986.3054162619862	3.769616444273197	trials	-1.0	1.0	1.5		0.0625	0.2	1988.5255275619886	1988.5254247685307	1989.5749892719896	1987.958084311988	1987.959184201988	1988.2234751100027	
1986.4464751100027	0.9819999999999709	WheelMovementIntervals													1.1543919382520471
1988.2234751100027	2.2110000000000127	WheelMovementIntervals													5.0007231890467665
1990.7994334819907	4.341724531945147	trials	-1.0	-1.0	0.0	0.0625		0.2	1992.5787555319926	1992.57754270972	1994.6411492719947	1992.3176149819924	1992.3184482319923	1992.2144751100027	
1990.9884751100026	0.7970000000000255	WheelMovementIntervals													1.3398516196729133
1992.2144751100027	0.7059999999999036	WheelMovementIntervals													1.0845144653554826
1995.0444751100026	1.2789999999999964	WheelMovementIntervals													0.9522545459003595
1995.8691597919958	6.505009774408791	trials	-1.0	-1.0	0.0	0.0		0.2	1999.809632372	1999.8087645003818	2001.874092572002	1998.8840249419989	1998.8849915119988	1999.1894751100026	
1996.8514751100026	1.40300000000002	WheelMovementIntervals													2.0176693127267527
1999.1894751100026	1.428000000000111	WheelMovementIntervals													0.6191583141155661
2002.2304751100028	0.38400000000001455	WheelMovementIntervals													0.28911778415988465
2003.1151684520032	3.3762207091656364	trials	-1.0	1.0	1.5		0.125	0.2	2004.929986952005	2004.929878508132	2005.991347472006	2004.6171515720046	2004.6182514620045	2004.7774751100026	
2003.2304751100028	0.5789999999999509	WheelMovementIntervals													0.11379861939985858
2004.7774751100026	2.438000000000102	WheelMovementIntervals													4.231738397361596
2007.2205912020072	3.496284337552879	trials	-1.0	-1.0	0.0	0.0		0.2	2008.172162702008	2008.1713863988025	2010.2168248820103	2007.6838115420078	2007.6848447720076	2007.7994751100027	
2007.7994751100027	0.8679999999999382	WheelMovementIntervals													0.5240744135761588
2010.8344751100026	2.5450000000000728	WheelMovementIntervals													8.40244775460576
2011.4329699220114	4.750815805208731	trials	-1.0	1.0	1.5		0.125	0.2	2014.6325832620146	2014.6324792193395	2015.6837448020158	2013.891257402014	2013.892057322014	2014.1934751100027	
2014.1934751100027	1.502999999999929	WheelMovementIntervals													1.8464297098659017
2016.939085922017	3.0350222096085417	trials	-1.0	1.0	1.5		0.125	0.2	2018.4099054920184	2018.4097957151807	2019.4740657320194	2017.4577007220175	2017.4586672920175	2018.2774751100028	
2017.4214751100028	0.42399999999997817	WheelMovementIntervals													0.058088054436325365
2018.2774751100028	0.9669999999998709	WheelMovementIntervals													1.8314846672149088
2019.7484751100028	1.7980000000000018	WheelMovementIntervals													3.215444741825422
2020.6890108920206	3.4778106877213304	trials	-1.0	1.0	1.5		1.0	0.2	2022.6214176320227	2022.6213157190014	2023.6667797520238	2022.2666197820222	2022.2675863520224	2022.2924751100027	
2022.2924751100027	6.433999999999969	WheelMovementIntervals													11.965271939150853
2024.916321452025	6.440813779480777	trials	-1.0	1.0	1.5		0.25	0.2	2029.81303173203	2029.812929647091	2030.857060652031	2029.2570206720293	2029.2581538920292	2029.4104751100026	
2029.4104751100026	2.811000000000149	WheelMovementIntervals													2.4304127706747067
2032.1282335220321	2.5457061608133245	trials	-1.0	1.0	1.5		1.0	0.2	2033.1122351120332	2033.1121351301638	2034.173828942034	2032.7998663520327	2032.8007662620328	2032.8354751100028	
2032.8354751100028	2.030999999999949	WheelMovementIntervals													0.9705854330359216
2035.4076388820354	2.775615395903287	trials	-1.0	1.0	1.5		1.0	0.2	2036.6477481920367	2036.6476448666542	2037.6832446320377	2036.3663096720363	2036.3673762320363	2036.3824751100028	
2036.3824751100028	2.9069999999999254	WheelMovementIntervals													3.452822086933679
2038.905155762039	3.9187029597271703	trials	-1.0	-1.0	0.0	0.0625		0.2	2040.2739522020404	2040.272956097026	2042.3237805320423	2039.8403622320398	2039.84162877204	2039.9294751100026	
2039.9294751100026	0.7940000000000964	WheelMovementIntervals													0.6347774181786008
2043.5599569020435	3.047219259860185	trials	-1.0	1.0	1.5		1.0	0.2	2045.052374312045	2045.0522653546795	2046.107068832046	2044.8160312820448	2044.816897862045	2044.7984751100028	
2043.8834751100028	0.2919999999999163	WheelMovementIntervals													0.24994472471996687
2044.7984751100028	2.5670000000000073	WheelMovementIntervals													2.3311560852862385
2047.3451783420473	2.6783884671845044	trials	-1.0	1.0	1.5		0.0625	0.2	2048.4697658720484	2048.4696726604316	2049.5234938220497	2048.1329328920483	2048.1338328020483	2048.298475110003	
2048.298475110003	2.138999999999669	WheelMovementIntervals													1.736532082736744
2051.206558832051	3.517135998077265	trials	-1.0	1.0	1.5		0.0625	0.2	2053.167496052053	2053.1673777861306	2054.223623762054	2052.199392872052	2052.2004594320524	2052.628475110003	
2051.4014751100026	0.25700000000006185	WheelMovementIntervals													0.04629185557837445
2052.628475110003	2.2039999999997235	WheelMovementIntervals													2.016000303746864
2055.2114751100025	0.3510000000001128	WheelMovementIntervals													0.14117200571581634
2055.4614999620553	4.178209841476473	trials	-1.0	-1.0	0.0	0.25		0.2	2057.0890371920573	2057.0881030147907	2059.139632112059	2056.4825645120563	2056.4833644320565	2056.516475110003	
2055.8034751100026	0.1730000000002292	WheelMovementIntervals													0.011288971603448772
2056.516475110003	1.5540000000000873	WheelMovementIntervals													0.5883814001535939
2060.3689091720603	3.71369262614553	trials	-1.0	-1.0	0.0	0.0625		0.2	2061.5312929220618	2061.530406240287	2063.5825211120637	2061.0162777620612	2061.017310992061	2061.2304751100028	
2061.2304751100028	1.331000000000131	WheelMovementIntervals													0.6854223781924702
2064.8139979520647	2.3926183423045586	trials	-1.0	1.0	1.5		1.0	0.2	2065.6616131820656	2065.6615037407846	2066.7066086720665	2065.4398686920654	2065.4409352520656	2065.445475110003	
2065.445475110003	3.6539999999999964	WheelMovementIntervals													2.6520394516411443
2067.933919262068	10.872132459557633	trials	-1.0	1.0	1.5		0.0625	0.2	2077.265019392077	2077.2649454040347	2078.3060152820785	2076.965849312077	2076.966749222077	2076.998475110003	
2069.411475110003	3.938000000000102	WheelMovementIntervals													7.2712601551214675
2073.782475110003	1.3909999999996217	WheelMovementIntervals													2.6903749093709166
2075.443475110003	0.8689999999996871	WheelMovementIntervals													0.7594251175736417
2076.998475110003	2.144999999999982	WheelMovementIntervals													1.9880946601325604
2079.6057519620795	3.326596660586347	trials	-1.0	1.0	1.5		0.0	0.2	2081.383440842081	2081.383348574557	2082.4323359420823	2080.999279262081	2081.000312492081	2081.181475110003	
2081.181475110003	3.2199999999998	WheelMovementIntervals													6.1985957393729905
2083.683044192084	3.2732004119006888	trials	-1.0	1.0	1.5		0.125	0.2	2085.4102381220855	2085.4101433541255	2086.4561668520864	2085.072838532085	2085.073905092085	2085.2274751100026	
2085.2274751100026	2.6390000000001237	WheelMovementIntervals													1.5122748341220813
2087.7021422420876	3.696521770950312	trials	-1.0	1.0	1.5		1.0	0.2	2089.85436033209	2089.854253170514	2090.898622562091	2089.4321025620893	2089.4331691220896	2089.570475110003	
2088.208475110003	0.5670000000000073	WheelMovementIntervals													0.6107316933694165
2089.570475110003	2.27599999999984	WheelMovementIntervals													0.9422694817907313
2092.142864792092	2.4963093477363145	trials	-1.0	1.0	1.5		0.0625	0.2	2093.075671502093	2093.075567537446	2094.139131812094	2092.739471792093	2092.7405050220927	2092.639475110003	
2092.639475110003	2.2399999999997817	WheelMovementIntervals													1.938174688972481
2095.3805743220955	3.68502280558414	trials	-1.0	-1.0	0.0	0.0		0.2	2096.5117278620964	2096.5109803975947	2098.5655224620987	2095.9156208120958	2095.916754032096	2096.0204751100027	
2096.0204751100027	1.3859999999999673	WheelMovementIntervals													0.8115514367176502
2099.8087981220997	2.839909285266458	trials	-1.0	1.0	1.5		0.125	0.2	2101.113101012101	2101.113001467794	2102.1486641121023	2100.689410052101	2100.6903766221008	2100.766475110003	
2100.065475110003	0.17299999999977445	WheelMovementIntervals													0.015520428760964933
2100.766475110003	2.400000000000091	WheelMovementIntervals													1.8168281456306659
2103.3834072921036	2.42219006978803	trials	-1.0	1.0	1.5		1.0	0.2	2104.254786812104	2104.254703000639	2105.305581722105	2103.905921702104	2103.906954932104	2104.025475110003	
2104.025475110003	2.0540000000000873	WheelMovementIntervals													1.6233805536197679
2106.5384917521064	6.859835863018361	trials	-1.0	-1.0	0.0	0.125		0.2	2110.856159942111	2110.855113060754	2112.898289042113	2110.3820406921104	2110.3832405721105	2110.5384751100028	
2106.6944751100027	0.6539999999999964	WheelMovementIntervals													0.13951555437495244
2107.711475110003	0.31199999999989814	WheelMovementIntervals													0.025073287010400236
2108.170475110003	0.6410000000000764	WheelMovementIntervals													0.09041832481193524
2109.0204751100027	0.6570000000001528	WheelMovementIntervals													0.7901806761893795
2110.5384751100028	0.7080000000000837	WheelMovementIntervals													0.9623651101619544
2114.161429382114	2.553805573927093	trials	-1.0	1.0	1.5		0.25	0.2	2115.154530062115	2115.1544307717713	2116.2151906521162	2114.839261592115	2114.840094842115	2114.965475110003	
2114.965475110003	2.1969999999996617	WheelMovementIntervals													2.64834672318932
2117.4484339821174	4.474011384433652	trials	-1.0	1.0	1.5		0.125	0.2	2120.3588429121205	2120.3587394361184	2121.4223365521216	2119.88885658212	2119.89002313212	2119.677475110003	
2117.666475110003	1.655999999999949	WheelMovementIntervals													1.7786596229475435
2119.677475110003	2.7660000000000764	WheelMovementIntervals													1.7120772443083752
2122.683143792123	4.231903418338334	trials	-1.0	1.0	1.5		0.0625	0.2	2125.3587428721253	2125.3586446888266	2126.4150039021265	2124.748137272125	2124.7492704921247	2124.949475110003	
2122.744475110003	1.2519999999999527	WheelMovementIntervals													0.23728770098796304
2124.949475110003	2.286000000000058	WheelMovementIntervals													2.937619159289966
2127.6659454621276	2.465711248783464	trials	-1.0	1.0	1.5		0.125	0.2	2128.5762544221284	2128.5761488762637	2129.6316155421296	2128.2889164921285	2128.2898830621284	2128.2004751100026	
2128.2004751100026	2.261000000000422	WheelMovementIntervals													2.5443351432591044
2130.878457512131	6.84360586944149	trials	-1.0	1.0	1.5		0.125	0.2	2136.157262912136	2136.1571604967608	2137.222023092137	2135.672078102136	2135.6731113321357	2135.7904751100027	
2131.199475110003	3.1799999999998363	WheelMovementIntervals													5.163845195312433
2134.630475110003	0.3400000000001455	WheelMovementIntervals													0.04174728102896097
2135.7904751100027	4.59900000000016	WheelMovementIntervals													5.820451536797691
2138.5012618221385	5.5376341243372735	trials	-1.0	1.0	1.5		0.25	0.2	2142.4710648021423	2142.470984850876	2143.5387913521436	2142.1144338021422	2142.1153337121423	2142.2234751100027	
2140.740475110003	0.11599999999998545	WheelMovementIntervals													0.016232760970524396
2142.2234751100027	2.5779999999999745	WheelMovementIntervals													2.9476107936972085
2144.8017983721447	2.686694105531842	trials	-1.0	1.0	1.5		0.0625	0.2	2145.915886952146	2145.915795098824	2146.988446352147	2145.3979387521454	2145.3989386521453	2145.592475110003	
2145.592475110003	2.175999999999931	WheelMovementIntervals													1.2409521446144254
2148.235688282148	3.819609883222256	trials	-1.0	1.0	1.5		0.0625	0.2	2150.4845967021506	2150.484492334661	2151.5552229621517	2150.2644187221504	2150.26555194215	2150.099475110003	
2148.568475110003	1.2590000000000146	WheelMovementIntervals													1.2237730913735732
2150.099475110003	2.826000000000022	WheelMovementIntervals													2.1698561560372127
2152.8192965421526	3.8524068656679447	trials	-1.0	1.0	1.5		0.125	0.2	2155.1117006121553	2155.1115994373777	2156.171661272156	2154.6478803321547	2154.6488135721547	2154.7854751100026	
2153.132475110003	0.8470000000002074	WheelMovementIntervals													0.7036354785990397
2154.7854751100026	1.9660000000003492	WheelMovementIntervals													1.1928049099859663
2157.034475110003	1.3649999999997817	WheelMovementIntervals													0.5416006947392589
2157.4273023621577	3.386917216803795	trials	-1.0	1.0	1.5		0.125	0.2	2159.2607190021595	2159.2606105988784	2160.31421364216	2158.981146962159	2158.982080202159	2158.8464751100028	
2158.8464751100028	2.1920000000000073	WheelMovementIntervals													4.476061556802279
2161.5739209921617	2.557304588615807	trials	1.0	1.0	1.5	1.0		0.2	2162.5784205321625	2162.57832200886	2163.631181912164	2162.2379212521623	2162.239021142162	2162.402475110003	
2162.402475110003	4.9659999999998945	WheelMovementIntervals													2.82230444124491
2164.873524332165	4.890701723952134	trials	1.0	1.0	1.5	1.0		0.2	2168.213323652168	2168.213224143661	2169.2642185521695	2167.904487872168	2167.905587762168	2168.088475110003	
2168.088475110003	2.5090000000000146	WheelMovementIntervals													-1.1006503678568151
2170.5428240121705	5.57853059191757	trials	-1.0	1.0	1.5		0.0625	0.2	2174.5561559721746	2174.5560445813276	2175.6212827821755	2171.3218794321715	2171.3228793321714	2174.304475110003	
2174.304475110003	2.36200000000008	WheelMovementIntervals													0.87382515839181
2176.883856512177	7.413415368749156	trials	-1.0	1.0	1.5		0.125	0.2	2182.7486699721826	2182.748567088118	2183.7972317721837	2177.4306018321777	2177.4314350821774	2182.5694751100027	
2177.489475110003	0.32600000000002183	WheelMovementIntervals													0.09237121071726051
2179.818475110003	0.11099999999987631	WheelMovementIntervals													0.01659365129876278
2182.5694751100027	2.8150000000000546	WheelMovementIntervals													1.3260246246344423
2185.068771272185	4.969222851010727	trials	-1.0	1.0	1.5		1.0	0.2	2188.4749639521883	2188.4748855643447	2189.5378909821898	2188.2046909821884	2188.2055908921884	2188.372475110003	
2185.585475110003	0.5700000000001637	WheelMovementIntervals													0.05510051880537503
2186.325475110003	1.276999999999589	WheelMovementIntervals													1.8653586413639687
2188.372475110003	2.270999999999731	WheelMovementIntervals													4.403030707638209
2190.826595432191	2.9110025648287774	trials	-1.0	1.0	1.5		0.0	0.2	2192.181393272192	2192.1812956950466	2193.237487652193	2191.3804400421914	2191.3815399321916	2192.094475110003	
2192.094475110003	2.525000000000091	WheelMovementIntervals													3.9474608501211605
2194.4857961421944	6.0184196210148	trials	-1.0	-1.0	0.0	0.0625		0.2	2197.938750812198	2197.937706248861	2200.0041775822	2197.6469466621975	2197.6477799121976	2197.6164751100027	
2195.1204751100026	1.9760000000001128	WheelMovementIntervals													3.5931522971125105
2197.6164751100027	1.7989999999999782	WheelMovementIntervals													2.7392381194700874
2200.148475110003	0.8179999999997563	WheelMovementIntervals													0.6473709477977536
2201.2860160522014	2.461209542138022	trials	-1.0	1.0	1.5		0.25	0.2	2202.1949251522024	2202.1948188371393	2203.247186582203	2201.9133199822018	2201.914353212202	2201.844475110003	
2201.844475110003	3.1660000000001673	WheelMovementIntervals													2.8737173716972393
2204.5199259622045	4.100911852853642	trials	-1.0	1.0	1.5		0.0625	0.2	2207.057805482207	2207.0577320595394	2208.120765842208	2206.3708408522066	2206.3719740722063	2206.568475110003	
2205.4064751100027	0.5370000000002619	WheelMovementIntervals													0.6785527614142666
2206.568475110003	4.3159999999998035	WheelMovementIntervals													2.4962732298353103
2209.4021376922096	5.335093175655402	trials	-1.0	-1.0	0.0	0.0		0.2	2212.181526392212	2212.180633096526	2214.2371874722144	2211.4630649122114	2211.4638648322116	2211.575475110003	
2211.575475110003	0.7979999999997744	WheelMovementIntervals													0.6208775538553937
2214.0534751100026	0.19800000000032014	WheelMovementIntervals													0.19333371020127288
2215.5024276022154	3.5853144513907864	trials	1.0	-1.0	0.0		0.125	0.2	2216.5327912222165	2216.531831177217	2218.5876857122184	2216.1296982022163	2216.130798092216	2216.372475110003	
2216.372475110003	0.612999999999829	WheelMovementIntervals													-0.5163810838306517
2220.3124751100027	0.1950000000001637	WheelMovementIntervals													0.015551184783930694
2220.3341443822205	8.619627279289034	trials	-1.0	1.0	1.5		0.125	0.2	2227.3897720822274	2227.3896642558184	2228.4537323422282	2221.0467397822213	2221.047739682221	2227.168475110003	
2227.168475110003	4.760000000000218	WheelMovementIntervals													5.591843087694883
2229.73507086223	4.968823678548688	trials	-1.0	1.0	1.5		0.0625	0.2	2233.1425634122334	2233.1424850427247	2234.203790612234	2232.5632546822326	2232.5642212522325	2232.789475110003	
2232.789475110003	3.5859999999997854	WheelMovementIntervals													3.0676077370818575
2235.4947948322356	6.092109899803745	trials	-1.0	1.0	1.5		1.0	0.2	2240.02350858224	2240.0234007046015	2241.086802242241	2239.67970963224	2239.6807761922396	2239.733475110003	
2236.901475110003	2.0949999999998	WheelMovementIntervals													7.403905259497833
2239.733475110003	4.023000000000138	WheelMovementIntervals													4.354519239033493
2242.4045037922424	3.5322045949765197	trials	-1.0	1.0	1.5		0.25	0.2	2244.3797062522444	2244.3796052432745	2245.4366338822456	2244.246319592244	2244.2473528222445	2244.035475110003	
2244.035475110003	2.3419999999996435	WheelMovementIntervals													1.5609288445469929
2246.5984751100027	0.4410000000002583	WheelMovementIntervals													0.06644089011558663
2246.705806952247	4.913927992459321	trials	-1.0	1.0	1.5		0.0625	0.2	2250.06360447225	2250.063524713057	2251.119698852251	2249.4294678922492	2249.4302678122494	2249.881475110003	
2247.5384751100028	0.43800000000010186	WheelMovementIntervals													0.23391261602193936
2248.193475110003	0.5209999999997308	WheelMovementIntervals													0.05880552992630328
2249.881475110003	1.7959999999998217	WheelMovementIntervals													1.8329633308134134
2252.4038370922526	9.29172121124293	trials	-1.0	1.0	1.5		1.0	0.2	2260.14023004226	2260.1401530875933	2261.1954911722614	2259.84619278226	2259.84709269226	2259.894475110003	
2252.725475110003	0.7109999999997854	WheelMovementIntervals													1.0247013184859952
2253.725475110003	4.1349999999997635	WheelMovementIntervals													5.074689552554219
2258.059475110003	0.07099999999991269	WheelMovementIntervals													0.004601502385185086
2258.358475110003	1.0230000000001382	WheelMovementIntervals													1.2971113705599464
2259.894475110003	2.3859999999999673	WheelMovementIntervals													2.3710796719805103
2262.5268580222623	7.126209853960972	trials	-1.0	-1.0	0.0	0.0625		0.8	2267.095967732267	2267.0949630568766	2269.152962012269	2266.4864286922666	2266.4873286022666	2266.470475110003	
2263.188475110003	2.6820000000002437	WheelMovementIntervals													2.3486415738645974
2266.470475110003	0.9980000000000473	WheelMovementIntervals													1.1544498210038228
2270.4388667422704	6.347517038204387	trials	1.0	1.0	1.5	1.0		0.8	2275.2241881622754	2275.2240780791417	2276.286348602276	2274.8623243522748	2274.863190932275	2275.071475110003	
2270.8194751100027	1.2520000000004075	WheelMovementIntervals													3.064445197529949
2272.584475110003	1.0960000000000036	WheelMovementIntervals													3.408509105523649
2275.071475110003	1.9589999999998327	WheelMovementIntervals													-1.0709739513837349
2277.6017837122777	3.734715157714618	trials	-1.0	1.0	1.5		0.0	0.8	2279.77356651228	2279.773491363386	2280.8363935522807	2279.4122026522796	2279.4131025622796	2279.505475110003	
2277.792475110003	1.0459999999998217	WheelMovementIntervals													0.6405306913933373
2279.505475110003	2.844000000000051	WheelMovementIntervals													1.4993818866169022
2282.109199592282	2.9933935038629897	trials	-1.0	1.0	1.5		0.0	0.8	2283.5474890822834	2283.547395510256	2284.6025169022846	2283.1957242622834	2283.1967241622833	2283.188475110003	
2283.188475110003	2.0329999999999018	WheelMovementIntervals													1.5049249514386247
2285.8825888822857	3.12970954898492	trials	1.0	1.0	1.5	1.0		0.8	2287.4660971822873	2287.4659927015196	2288.5122258922884	2287.162294232287	2287.1633274622873	2287.330475110003	
2285.989475110003	0.5470000000000255	WheelMovementIntervals													0.5781538129145929
2287.330475110003	1.7419999999997344	WheelMovementIntervals													-1.145080376242504
2289.3574751100027	0.27400000000034197	WheelMovementIntervals													0.046630850789711076
2289.78799830229	5.314322182332489	trials	1.0	1.0	1.5	0.0		0.8	2293.5423228322934	2293.5422125597615	2294.6022501622947	2293.135863482293	2293.136863382293	2293.354475110003	
2290.576475110003	0.7119999999999891	WheelMovementIntervals													0.1631030646134377
2291.746475110003	0.7660000000000764	WheelMovementIntervals													0.18099327995525982
2293.354475110003	2.5029999999997017	WheelMovementIntervals													-0.8500890904131211
2295.889021472296	2.506305716377483	trials	1.0	1.0	1.5	0.125		0.8	2296.844725892297	2296.844622889272	2297.895287492298	2296.4288008222966	2296.4298340522964	2296.576475110003	
2296.576475110003	2.106999999999971	WheelMovementIntervals													1.0676191710001603
2299.1733263422993	8.912627856102972	trials	1.0	-1.0	0.0		0.0625	0.8	2305.5246578123056	2305.523644764979	2307.585885002308	2299.9857117623	2299.9867449923	2305.180475110003	
2300.715475110003	0.13400000000001455	WheelMovementIntervals													0.04476443646910866
2305.180475110003	0.900000000000091	WheelMovementIntervals													-0.710237851804095
2308.890454532309	3.5213051155469657	trials	1.0	-1.0	0.0		0.25	0.8	2309.86092414231	2309.859955390095	2311.9116857123117	2309.4283007423096	2309.4292673123095	2309.693475110003	
2309.693475110003	0.5459999999998217	WheelMovementIntervals													-0.6643059520738461
2313.185358332313	8.342811529988921	trials	1.0	1.0	1.5	0.0		0.8	2319.98707809232	2319.9869661017856	2321.028107312321	2319.4520982623194	2319.4530648323193	2319.714475110003	
2313.335475110003	5.519999999999982	WheelMovementIntervals													17.0831974794678
2319.714475110003	3.4719999999997526	WheelMovementIntervals													3.019210990787201
2322.4123688723225	3.3064211829960186	trials	1.0	1.0	1.5	1.0		0.8	2324.1673933523243	2324.167279053855	2325.218688212325	2323.852224872324	2323.853324762324	2323.985475110003	
2323.985475110003	2.525000000000091	WheelMovementIntervals													0.8528076173122372
2326.5076926323263	8.994219348110164	trials	-1.0	-1.0	0.0	0.125		0.8	2332.958847452333	2332.958004356569	2335.001809802335	2329.044338942329	2329.045238852329	2332.736475110003	
2327.149475110003	1.1610000000000582	WheelMovementIntervals													1.4970442525436738
2332.736475110003	6.962999999999738	WheelMovementIntervals													18.666015945523213
2336.3282104823365	6.307018922308089	trials	-1.0	1.0	1.5		0.25	0.8	2341.088834372341	2341.0887232552273	2342.135196392342	2340.2778821423403	2340.2787153923405	2340.641475110003	
2340.641475110003	3.5799999999999272	WheelMovementIntervals													6.513165127936759
2343.4692296423436	11.39893485243465	trials	1.0	1.0	1.5	0.125		0.8	2353.3197444923535	2353.319658031887	2354.3681063123545	2352.927650372353	2352.9285169523528	2353.1344751100028	
2345.146475110003	0.7280000000000655	WheelMovementIntervals													1.0503315006315006
2346.187475110003	5.548999999999978	WheelMovementIntervals													19.41045970206119
2353.1344751100028	1.9530000000004293	WheelMovementIntervals													3.4767513992615022
2355.7798651223557	6.4307115499814245	trials	-1.0	-1.0	0.0	0.0625		0.8	2359.6670430323597	2359.6662708938948	2361.7104720023617	2356.4442986723566	2356.4450985923563	2359.261475110003	
2359.261475110003	0.7369999999996253	WheelMovementIntervals													0.8820278686762322
2363.005175852363	2.55580024084702	trials	1.0	1.0	1.5	0.0		0.8	2363.998476512364	2363.9983751687455	2365.0609369223653	2363.4849278723636	2363.4863277323634	2363.699475110003	
2363.699475110003	3.298000000000229	WheelMovementIntervals													6.603567348845218
2366.3612735423662	16.539626456679343	trials	-1.0	-1.0	0.0	0.0625		0.8	2380.3243770923805	2380.3232941876126	2382.4008694223826	2373.684107852374	2373.685141082374	2379.818475110003	
2367.281475110003	0.48900000000003274	WheelMovementIntervals													0.15796615389581348
2368.165475110003	4.355000000000018	WheelMovementIntervals													6.126582925068988
2372.775475110003	0.14699999999993452	WheelMovementIntervals													0.006900696844468257
2379.818475110003	0.9349999999999454	WheelMovementIntervals													1.409573241585349
2383.768799282384	3.0987113950918683	trials	1.0	1.0	1.5	0.125		0.8	2385.302012612385	2385.3019034359013	2386.3674727223865	2384.4106350923844	2384.4116349923843	2384.641475110003	
2384.641475110003	5.298000000000229	WheelMovementIntervals													7.515536481576419
2387.662909832388	4.854428495316824	trials	1.0	1.0	1.5	0.0625		0.8	2390.950714352391	2390.950627776648	2392.017274352392	2390.5103583923906	2390.5111916423907	2390.735475110003	
2390.735475110003	7.480000000000018	WheelMovementIntervals													23.677390110288798
2393.3518408823934	45.70801154216633	trials	1.0	1.0	1.5	1.0		0.8	2437.5036252624377	2437.5035457288204	2438.5597196424387	2409.6431449224096	2409.64454478241	2437.108475110003	
2398.736475110003	10.208000000000084	WheelMovementIntervals													28.971908485842278
2437.108475110003	3.9650000000001455	WheelMovementIntervals													3.600306621416621
2440.23385221244	5.499103541321347	trials	1.0	1.0	1.5	0.0625		0.8	2444.159859572444	2444.159753312815	2445.232885592445	2442.916717232443	2442.917650472443	2443.136475110003	
2441.5474751100032	0.07199999999966167	WheelMovementIntervals													0.003809553682913247
2442.0834751100033	0.15899999999965075	WheelMovementIntervals													0.02438031982933353
2443.136475110003	2.880999999999858	WheelMovementIntervals													-0.6986819580540669
2446.5488539824464	3.476906882264302	trials	-1.0	1.0	1.5		1.0	0.8	2448.4756612824485	2448.4755566879176	2449.5257229324498	2448.126129572448	2448.1268961624482	2448.377475110003	
2446.9114751100033	0.4819999999999709	WheelMovementIntervals													0.6035516696906598
2448.377475110003	6.377999999999702	WheelMovementIntervals													15.376798433715976
2450.8217599824507	6.427807555351592	trials	1.0	1.0	1.5	0.25		0.8	2455.6926728424555	2455.692563434362	2456.749500482457	2455.3326755124554	2455.3337754024556	2455.486475110003	
2455.486475110003	2.9029999999997926	WheelMovementIntervals													2.4419774835623684
2458.1027651424583	19.77956776306928	trials	1.0	1.0	1.5	0.125		0.8	2476.3275091524765	2476.3274257357757	2477.3823036624776	2461.975311182462	2461.976344412462	2475.552475110003	
2458.895475110003	1.9380000000001019	WheelMovementIntervals													3.102288212185613
2461.069475110003	0.22499999999990905	WheelMovementIntervals													0.0360665862147016
2475.552475110003	2.631000000000313	WheelMovementIntervals													1.7554045592485181
2478.7476337824787	3.6346948616878763	trials	-1.0	1.0	1.5		0.0625	0.8	2480.815926932481	2480.8158297206724	2481.882320282482	2479.99187601248	2479.99270926248	2480.311475110003	
2478.800475110003	0.2630000000003747	WheelMovementIntervals													0.033015658711747164
2479.2664751100033	0.250999999999749	WheelMovementIntervals													0.02208084586482073
2480.311475110003	1.913000000000011	WheelMovementIntervals													4.314719291289066
2482.606475110003	0.8209999999999127	WheelMovementIntervals													0.10504139082490838
2483.167325102483	3.032015426309499	trials	-1.0	1.0	1.5		0.25	0.8	2484.6300454824845	2484.6299315791675	2485.699238552486	2484.191755982484	2484.1926225624843	2484.3644751100032	
2484.3644751100032	2.1340000000000146	WheelMovementIntervals													3.1312548492082897
2486.997342062487	13.344316837162296	trials	-1.0	-1.0	0.0	0.25		0.8	2497.792095812498	2497.791154063816	2499.8416575025	2487.4919259324874	2487.4929258324873	2497.5834751100033	
2487.752475110003	0.06300000000010186	WheelMovementIntervals													-0.014548951284723444
2497.5834751100033	0.5119999999997162	WheelMovementIntervals													1.0115876032255073
2501.1716578225014	3.9770201147130138	trials	1.0	1.0	1.5	0.125		0.8	2503.5862830025035	2503.5861688202262	2504.648676752505	2503.2652484425034	2503.2663150025032	2503.1324751100033	
2501.675475110003	0.9350000000004002	WheelMovementIntervals													-0.4767247074748866
2503.1324751100033	6.641000000000076	WheelMovementIntervals													7.141945572323266
2505.953379602506	7.171431750129614	trials	1.0	1.0	1.5	0.0625		0.8	2511.5723843125115	2511.5723029121746	2512.6247124025126	2510.29121244251	2510.2922123425105	2510.372475110003	
2510.372475110003	4.47400000000016	WheelMovementIntervals													4.528538179503357
2513.954012792514	15.603821692855036	trials	1.0	1.0	1.5	0.0625		0.8	2527.997341652528	2527.9972305158035	2529.057768932529	2515.4317650025155	2515.4327982325153	2515.651475110003	
2515.175475110003	0.20400000000017826	WheelMovementIntervals													0.01609932607107112
2515.651475110003	1.2339999999999236	WheelMovementIntervals													0.23153374833964335
2517.521475110003	0.16600000000016735	WheelMovementIntervals													0.0241672805266262
2518.2664751100033	0.12099999999963984	WheelMovementIntervals													0.008847963097878164
2527.580475110003	2.117999999999938	WheelMovementIntervals													-1.1046015829645057
2530.41133356253	2.937222555702192	trials	1.0	1.0	1.5	0.25		0.8	2531.792128802532	2531.7920432252154	2532.848456492533	2530.931848172531	2530.932881402531	2531.146475110003	
2531.146475110003	2.2140000000003965	WheelMovementIntervals													4.534439967098933
2534.149359722534	3.824906065478899	trials	-1.0	-1.0	0.0	0.125		0.8	2535.4257987325354	2535.424860744787	2537.4741938725374	2534.6407772425346	2534.641810472535	2534.981475110003	
2534.981475110003	0.6220000000002983	WheelMovementIntervals													0.35867520537567543
2537.814475110003	0.12100000000009459	WheelMovementIntervals													0.032108329936136215
2538.778463432539	2.545901580579084	trials	1.0	1.0	1.5	1.0		0.8	2539.76886438254	2539.7687632693933	2540.824292162541	2539.4652947425393	2539.4664279625395	2539.6034751100033	
2539.6034751100033	3.1590000000001055	WheelMovementIntervals													2.3287352131358148
2542.1169628825423	8.731011358044725	trials	-1.0	1.0	1.5		0.125	0.8	2549.2948783525494	2549.294770575837	2550.3479730325503	2543.3982014125436	2543.3990346625433	2549.084475110003	
2549.084475110003	2.6660000000001673	WheelMovementIntervals													5.187719144730636
2551.6801731325518	3.5847231697593998	trials	-1.0	-1.0	0.0	0.125		0.8	2552.7128698525526	2552.711879225343	2554.7648313025547	2552.2242520525524	2552.2252186225523	2552.258475110003	
2552.258475110003	1.2290000000002692	WheelMovementIntervals													1.6061818216821848
2554.222475110003	0.5690000000004147	WheelMovementIntervals													0.9138514913040581
2555.107475110003	1.5889999999999418	WheelMovementIntervals													4.068066936899868
2556.086199152556	3.17850300000282	trials	-1.0	1.0	1.5		0.125	0.8	2557.7095034725576	2557.7093991525576	2558.7646312825586	2557.140860342557	2557.141793582557	2557.3824751100033	
2557.3824751100033	1.1039999999998145	WheelMovementIntervals													1.935277954860112
2558.8934751100032	1.4639999999999418	WheelMovementIntervals													2.553041085709083
2560.08579915256	6.062512163034626	trials	-1.0	1.0	1.5		1.0	0.8	2564.599414412565	2564.5993067188847	2565.6482428525655	2564.174056952564	2564.175023522564	2564.3314751100033	
2561.010475110003	0.8140000000003056	WheelMovementIntervals													1.2747536092933842
2561.973475110003	0.2539999999999054	WheelMovementIntervals													0.027494751573385656
2562.5944751100033	0.3489999999997053	WheelMovementIntervals													0.4479283678522279
2563.216475110003	0.26299999999991996	WheelMovementIntervals													0.14629178709014923
2564.3314751100033	3.5229999999996835	WheelMovementIntervals													5.249572530959767
2566.969710692567	4.328118470600657	trials	-1.0	-1.0	0.0	0.0625		0.8	2568.733300982569	2568.732217399764	2570.797761182571	2568.4905919225685	2568.4916251525683	2568.430475110003	
2568.430475110003	1.206000000000131	WheelMovementIntervals													2.688502633234293
2572.107030242572	3.8000069498566518	trials	-1.0	-1.0	0.0	0.125		0.8	2573.3498726125736	2573.348831860132	2575.4069668825755	2572.5733502725725	2572.5742168525726	2572.8224751100033	
2572.8224751100033	1.0599999999999454	WheelMovementIntervals													1.0891553734891204
2576.713236242577	3.684015216154421	trials	-1.0	-1.0	0.0	0.0625		0.8	2577.845822972578	2577.84484030213	2579.89715115258	2577.214186142577	2577.215152712577	2577.6034751100033	
2577.6034751100033	0.5749999999998181	WheelMovementIntervals													0.7632539550247657
2578.375475110003	0.14600000000018554	WheelMovementIntervals													0.010506946075565793
2581.2178524025812	13.029614412737374	trials	1.0	1.0	1.5	0.25		0.8	2592.686072132593	2592.6859633277436	2593.747432652594	2581.873553492582	2581.874420072582	2592.3474751100034	
2592.3474751100034	2.3149999999996	WheelMovementIntervals													-1.7039659501979258
2595.0843656125953	2.596121701031734	trials	1.0	1.0	1.5	1.0		0.8	2596.123894982596	2596.1237735002874	2597.1804559825973	2595.790161692596	2595.791194922596	2595.765475110003	
2595.765475110003	2.4290000000000873	WheelMovementIntervals													1.3280236332905133
2598.4920914725985	4.880999258879456	trials	-1.0	-1.0	0.0	0.0625		0.8	2600.825091482601	2600.8241901629153	2602.873053332603	2600.5068566426007	2600.5077898826007	2600.6524751100033	
2599.312475110003	0.47499999999990905	WheelMovementIntervals													0.4531840043498505
2600.6524751100033	1.6089999999999236	WheelMovementIntervals													1.216604570233585
2602.9254751100034	0.7699999999999818	WheelMovementIntervals													0.1822820409608994
2604.1901882726042	3.4661340101456517	trials	1.0	-1.0	0.0		0.25	0.8	2605.116029012605	2605.1149968133172	2607.156191642607	2604.663907562605	2604.6650407826046	2604.892475110003	
2604.892475110003	1.6649999999999636	WheelMovementIntervals													1.8265671365538765
2608.4619277226084	2.36139042682089	trials	1.0	1.0	1.5	1.0		0.8	2609.2797126026094	2609.279623368803	2610.32324157261	2608.946779232609	2608.947645812609	2609.1014751100033	
2609.1014751100033	1.780999999999949	WheelMovementIntervals													1.1536034546772953
2611.6303108526117	2.4831040885369475	trials	1.0	1.0	1.5	0.0625		0.8	2612.5577181026124	2612.5576116325633	2613.6134125226135	2612.196920852612	2612.1979207526124	2612.308475110003	
2612.308475110003	2.882999999999811	WheelMovementIntervals													1.689772561011523
2614.935513632615	5.261222401693885	trials	1.0	1.0	1.5	1.0		0.8	2618.644542692619	2618.64442801485	2619.6967041326197	2618.2397831726184	2618.2408164026183	2618.4234751100034	
2615.7684751100032	0.5779999999999745	WheelMovementIntervals													0.10576133322024361
2616.7974751100032	0.7829999999999018	WheelMovementIntervals													1.219990765474904
2618.4234751100034	1.7059999999996762	WheelMovementIntervals													2.220518849523387
2621.031837272621	2.4574058946964215	trials	-1.0	1.0	1.5		1.0	0.8	2621.945545892622	2621.9454387205706	2622.989174852623	2621.5728831626216	2621.5737497426217	2621.736475110003	
2621.736475110003	2.3099999999999454	WheelMovementIntervals													3.5479656986585724
2624.312842472624	4.5930242450604055	trials	-1.0	-1.0	0.0	0.0625		0.8	2626.3507053326266	2626.3497518943605	2628.4058331326282	2625.646842392626	2625.647708972626	2625.884475110003	
2625.884475110003	0.7649999999998727	WheelMovementIntervals													0.8226710245060076
2629.7284675226297	4.444207731572078	trials	-1.0	1.0	1.5		1.0	0.8	2632.6187784626327	2632.6186712500457	2633.672639732634	2632.3466390126323	2632.3476055826322	2632.3224751100033	
2630.131475110003	0.0660000000002583	WheelMovementIntervals													0.004643696647463003
2630.4874751100033	0.06100000000014916	WheelMovementIntervals													0.0030830258072001016
2631.0364751100033	0.7170000000000982	WheelMovementIntervals													0.46568179132236764
2632.3224751100033	1.9339999999997417	WheelMovementIntervals													2.921627746476588
2634.993374312635	5.852999778255253	trials	-1.0	1.0	1.5		0.0625	0.8	2639.2905778826394	2639.2904726814954	2640.3463056326405	2635.6465423226355	2635.647542222636	2639.058475110003	
2635.8154751100033	0.23799999999982901	WheelMovementIntervals													0.05527641651178783
2639.058475110003	1.9969999999998436	WheelMovementIntervals													-0.8503937276971101
2641.684771772642	3.5117295025065687	trials	-1.0	-1.0	0.0	0.0625		0.8	2642.6271108626424	2642.626079144597	2644.6964372426446	2642.1557913326424	2642.1567579026423	2642.2134751100034	
2642.2134751100034	1.457999999999629	WheelMovementIntervals													0.8090146203517179
2646.0121056626463	2.734511764150284	trials	1.0	1.0	1.5	1.0		0.8	2647.169089952647	2647.1690097936157	2648.246548862648	2646.5722163126466	2646.5733828626467	2646.8044751100033	
2646.8044751100033	1.7799999999997453	WheelMovementIntervals													-0.9656288058222344
2649.5520183026497	3.661088695196213	trials	-1.0	-1.0	0.0	0.125		0.8	2650.6493085626507	2650.6484143182242	2652.713068832653	2650.2556479326504	2650.2566478326503	2650.437475110003	
2650.437475110003	0.8009999999999309	WheelMovementIntervals													0.7028613203754048
2652.3964751100034	0.07799999999997453	WheelMovementIntervals													0.00654570670690191
2652.890475110003	1.4850000000001273	WheelMovementIntervals													4.8827020031544635
2654.048301962654	3.01451394141759	trials	-1.0	1.0	1.5		1.0	0.8	2655.5002234226554	2655.5001077137035	2656.5627504926565	2654.9889745526552	2654.9899077926552	2655.154475110003	
2655.154475110003	3.9410000000002583	WheelMovementIntervals													7.07164140081386
2657.895517202658	5.000815078301912	trials	-1.0	-1.0	0.0	0.25		0.8	2660.33647308266	2660.3357235843687	2662.3962670826622	2659.7724628226597	2659.77349605266	2660.165475110003	
2660.165475110003	2.418999999999869	WheelMovementIntervals													5.141904777914988
2663.080475110003	0.5640000000003056	WheelMovementIntervals													0.0655241126510191
2663.742032492664	14.19652666255024	trials	-1.0	-1.0	0.0	0.0625		0.8	2675.3782354226755	2675.377452705998	2677.4384627126774	2664.3721694726646	2664.3731027126646	2675.1614751100033	
2675.1614751100033	1.25	WheelMovementIntervals													1.677631509089224
2678.4584751100033	5.427999999999884	WheelMovementIntervals													17.94590441627406
2678.8120586726786	8.283841856036815	trials	1.0	1.0	1.5	1.0		0.8	2685.5323865726855	2685.5322910057234	2686.5958468826866	2684.3291069126844	2684.3300734826844	2685.3824751100033	
2685.3824751100033	8.809000000000196	WheelMovementIntervals													18.933092124572795
2688.034103042688	25.654067417682654	trials	1.0	1.0	1.5	0.0625		0.8	2712.1221606627123	2712.1220644668124	2713.1881207227134	2694.738265892695	2694.739265792695	2711.9124751100035	
2695.3514751100033	0.5909999999998945	WheelMovementIntervals													-0.07153059340066648
2704.1554751100034	0.06399999999985084	WheelMovementIntervals													0.016175950203205502
2711.9124751100035	6.386999999999716	WheelMovementIntervals													34.899342121790596
2714.685171002715	18.376336611874194	trials	-1.0	-1.0	0.0	0.25		0.8	2730.4929900627303	2730.4919007747285	2732.561483192733	2729.94491154273	2729.94601143273	2730.4284751100035	
2718.8744751100035	5.298999999999978	WheelMovementIntervals													36.408710628836616
2724.7014751100032	4.588999999999942	WheelMovementIntervals													16.526654289342332
2730.4284751100035	3.2489999999997963	WheelMovementIntervals													18.023537960589692
2734.3135079727344	5.790504828217763	trials	-1.0	-1.0	0.0	0.0		0.8	2737.553483942738	2737.552509554738	2739.60397887274	2735.003972252735	2735.004938822735	2737.386475110003	
2737.386475110003	0.8279999999999745	WheelMovementIntervals													1.0072786351483956
2740.9471112127408	5.531107579478885	trials	-1.0	-1.0	0.0	0.0		0.8	2743.914047822744	2743.913114204682	2745.978141392746	2741.4278298027416	2741.4290963427416	2743.571475110003	
2743.571475110003	2.4530000000004293	WheelMovementIntervals													14.636723432081908
2747.876518202748	5.584223325172388	trials	-1.0	-1.0	0.0	0.0625		0.8	2750.897616062751	2750.896529735644	2752.960743062753	2748.5206204527485	2748.5216536827484	2750.5924751100033	
2749.567475110003	0.16000000000030923	WheelMovementIntervals													0.03871488420645619
2750.5924751100033	2.1950000000001637	WheelMovementIntervals													7.631164314912212
2754.2973427227544	4.197118028059776	trials	-1.0	-1.0	0.0	0.0625		0.8	2755.940845022756	2755.9398489951986	2771.6369419227717	2754.953877062755	2754.954876962755	2755.859475110003	
2755.859475110003	3.324000000000069	WheelMovementIntervals													15.168549139126526
2759.4114751100033	1.1539999999999964	WheelMovementIntervals													1.197878140847024
2762.3074751100035	0.6749999999997272	WheelMovementIntervals													0.23371192930062534
2775.2804751100034	2.7739999999998872	WheelMovementIntervals													11.438127736834758
2779.1794751100033	4.9780000000000655	WheelMovementIntervals													8.949174380786644
2785.0424751100036	0.18499999999994543	WheelMovementIntervals													0.062439046745566884
2786.1514751100035	2.076999999999771	WheelMovementIntervals													10.034180111805426
2790.8024751100033	1.6950000000001637	WheelMovementIntervals													8.764318539476562
2795.3914751100033	1.0489999999999782	WheelMovementIntervals													3.9726073888034534
2800.0084751100035	5.380000000000109	WheelMovementIntervals													23.235456770853943
2808.2664751100033	0.2919999999999163	WheelMovementIntervals													0.12345708631551133
2810.5714751100036	0.30399999999963256	WheelMovementIntervals													0.13102169387957474
2820.0454751100033	1.79300000000012	WheelMovementIntervals													3.98032501762259
2896.5474751100037	8.052999999999884	WheelMovementIntervals													17.23715945770482
2904.9544751100034	4.6590000000001055	WheelMovementIntervals													7.857419065915565
2940.8394751100036	0.5720000000001164	WheelMovementIntervals													-0.036579852410795866
2967.9684751100035	1.1640000000002146	WheelMovementIntervals													-0.3467364668056234
2976.8994751100036	0.9380000000001019	WheelMovementIntervals													-1.1300655128766266
2986.4574751100035	2.63799999999992	WheelMovementIntervals													4.997958114114681
2995.1754751100034	0.6760000000003856	WheelMovementIntervals													1.183181962358276
2995.9964751100038	0.7719999999999345	WheelMovementIntervals													0.16869135715228367
2998.4674751100038	0.6909999999998035	WheelMovementIntervals													0.13463544554520013
3005.8024751100033	2.2760000000002947	WheelMovementIntervals													4.368922009775133
3009.9254751100034	1.0670000000000073	WheelMovementIntervals													2.1553261064154867
3014.4194751100035	0.5320000000001528	WheelMovementIntervals													0.06624125490225197
3018.4734751100036	0.831000000000131	WheelMovementIntervals													0.7775414757322778
3025.398475110004	1.2019999999997708	WheelMovementIntervals													0.643496452062891
3027.9554751100036	0.7390000000000327	WheelMovementIntervals													0.5343774142650091
3029.1884751100038	1.038000000000011	WheelMovementIntervals													1.2242409280247557
3033.3294751100034	3.355000000000018	WheelMovementIntervals													8.631476408959998
3037.8684751100036	6.44399999999996	WheelMovementIntervals													6.613343226909137
3045.5384751100037	3.880999999999858	WheelMovementIntervals													2.8898295979931845
3050.3594751100036	0.7539999999999054	WheelMovementIntervals													1.6475820316866248
3103.407475110004	0.39099999999962165	WheelMovementIntervals													0.7276281437023044
3104.1604751100035	0.6849999999999454	WheelMovementIntervals													0.3877787727035411
3105.117475110004	2.531999999999698	WheelMovementIntervals													2.5910405205206644
3173.9294751100038	0.8380000000001928	WheelMovementIntervals													0.367403938853613
3175.019475110004	0.4849999999996726	WheelMovementIntervals													0.1379943278589053
3217.610475110004	0.9619999999999891	WheelMovementIntervals													-0.13223576799623515
3233.673475110004	0.3420000000000982	WheelMovementIntervals													0.03217032234283579
3235.0564751100037	0.3890000000001237	WheelMovementIntervals													0.12647000153265253
3242.229475110004	0.7319999999999709	WheelMovementIntervals													-0.13006319548981082
3247.412475110004	0.6219999999998436	WheelMovementIntervals													0.0745397713312741
3257.747475110004	0.27700000000004366	WheelMovementIntervals													0.03609283401897301
3258.2524751100036	0.4970000000002983	WheelMovementIntervals													0.10121644201467461
3260.1434751100037	0.09400000000005093	WheelMovementIntervals													0.005574163282744848
3279.793475110004	0.4819999999999709	WheelMovementIntervals													-0.15158591501881347
3292.291475110004	0.49699999999984357	WheelMovementIntervals													0.096400351041666
3292.954475110004	0.3079999999999927	WheelMovementIntervals													0.022680093742565077
3293.874475110004	0.052000000000134605	WheelMovementIntervals													0.016971129416788244
3308.0834751100037	0.2820000000001528	WheelMovementIntervals													-0.11762021075310258
3314.541475110004	1.6280000000001564	WheelMovementIntervals													1.1905887083416928
3322.849475110004	0.2319999999999709	WheelMovementIntervals													0.09185835179096102
3329.6414751100037	1.31899999999996	WheelMovementIntervals													-0.11715631527454207
3331.310475110004	0.09799999999995634	WheelMovementIntervals													0.034537543862597886
3339.151475110004	0.8779999999997017	WheelMovementIntervals													0.1064611885449267
3353.203475110004	0.8349999999995816	WheelMovementIntervals													-0.09432281745262117
3362.789475110004	0.6509999999998399	WheelMovementIntervals													0.27761022535150914
3390.6304751100038	2.6230000000000473	WheelMovementIntervals													3.4216611522756466
3423.907475110004	1.7049999999999272	WheelMovementIntervals													1.6020484848463639
3425.9204751100037	0.31300000000010186	WheelMovementIntervals													-0.043419485754156995
3428.922475110004	0.8809999999998581	WheelMovementIntervals													0.11501194027187012
3433.778475110004	0.3560000000002219	WheelMovementIntervals													0.014767488953793872
3446.238475110004	2.436000000000149	WheelMovementIntervals													3.5060787613251705
3449.142475110004	2.9420000000000073	WheelMovementIntervals													2.2376091315400117
3452.461475110004	0.8389999999999418	WheelMovementIntervals													0.7173482154973954
3453.602475110004	0.9400000000000546	WheelMovementIntervals													1.8623137618603778
3525.482475110004	1.336999999999989	WheelMovementIntervals													1.9744438729712783
3527.455475110004	1.20699999999988	WheelMovementIntervals													0.8819748180337683
3537.6974751100042	1.3559999999997672	WheelMovementIntervals													1.3572889943791324
3539.367475110004	0.6700000000000728	WheelMovementIntervals													0.2208597380390529
3541.371475110004	2.23299999999972	WheelMovementIntervals													1.663344933283497
3569.240475110004	3.375	WheelMovementIntervals													7.115406874878545
3573.4854751100042	0.47799999999961074	WheelMovementIntervals													-0.06747385502967518
3580.630475110004	0.1679999999996653	WheelMovementIntervals													0.018432054438790146
3597.645475110004	0.4659999999998945	WheelMovementIntervals													0.02558120057119595
3608.673475110004	2.1720000000000255	WheelMovementIntervals													4.160714954740797
3611.3584751100043	0.08699999999998909	WheelMovementIntervals													0.011323820230700221
3612.202475110004	0.3890000000001237	WheelMovementIntervals													0.03891480821971527
3613.319475110004	0.13999999999987267	WheelMovementIntervals													0.034401493355744606
3624.4144751100043	1.2739999999998872	WheelMovementIntervals													0.7984875027102589
3631.745475110004	1.268000000000029	WheelMovementIntervals													0.8764934250414171
3634.092475110004	2.4099999999998545	WheelMovementIntervals													2.3170672315759475
3660.4234751100043	2.6149999999997817	WheelMovementIntervals													2.124314212184345
3672.575475110004	1.1390000000001237	WheelMovementIntervals													1.397236018784497
3702.0904751100043	1.2080000000000837	WheelMovementIntervals													0.4820204048546657
3713.371475110004	4.543999999999869	WheelMovementIntervals													7.507225886284687
3738.2404751100044	3.944999999999709	WheelMovementIntervals													5.497386803516292
3754.719475110004	2.268000000000029	WheelMovementIntervals													3.199081317167611
3762.732475110004	0.3510000000001128	WheelMovementIntervals													0.48077788928480913
3764.2094751100044	0.694999999999709	WheelMovementIntervals													1.0133011256082227
3768.0304751100043	2.8350000000000364	WheelMovementIntervals													-0.9588401129328759
3771.8164751100044	0.4259999999999309	WheelMovementIntervals													0.03199619617225835
3773.4374751100045	0.5729999999998654	WheelMovementIntervals													-0.033214416007012915
3775.0144751100042	1.9859999999998763	WheelMovementIntervals													1.6597014418971412
3779.5234751100043	1.8099999999999454	WheelMovementIntervals													2.893793664111172
3783.179475110004	0.9589999999998327	WheelMovementIntervals													0.37822206108171486
3786.0714751100045	0.8729999999995925	WheelMovementIntervals													-1.056627237379189
3790.045475110004	0.7950000000000728	WheelMovementIntervals													-0.5679363108254165
3795.7834751100045	3.4039999999999964	WheelMovementIntervals													6.017002547092034
3804.652475110004	1.4410000000002583	WheelMovementIntervals													0.3154346779735988
3808.487475110004	4.398000000000138	WheelMovementIntervals													6.488697296774717
3813.3854751100043	1.875999999999749	WheelMovementIntervals													2.3439073770944105
3821.971475110004	0.9600000000000364	WheelMovementIntervals													0.8689048924293274
3827.188475110004	0.42000000000007276	WheelMovementIntervals													-0.0887346889469427
3828.0104751100043	0.15499999999974534	WheelMovementIntervals													0.014564059904841997
3831.2024751100043	0.29799999999977445	WheelMovementIntervals													0.04149577774228419
3837.112475110004	0.375	WheelMovementIntervals													-0.06034218490958665
3839.8784751100043	0.6649999999999636	WheelMovementIntervals													0.11580679263488491
3844.4754751100045	0.3599999999996726	WheelMovementIntervals													-0.10791524647675033
3849.295475110004	0.24700000000029831	WheelMovementIntervals													-0.05903879741640594
3858.4124751100044	0.24499999999989086	WheelMovementIntervals													-0.03240144562437308
3864.199475110004	0.1890000000003056	WheelMovementIntervals													0.019861226641978647
3868.737475110004	0.6860000000001492	WheelMovementIntervals													-0.06689755991737911
3879.9244751100046	1.000999999999749	WheelMovementIntervals													-0.2645856515118794
3884.067475110004	0.32900000000017826	WheelMovementIntervals													-0.024531605861511707
3889.766475110004	0.10300000000006548	WheelMovementIntervals													0.028896326686435714
3895.4734751100045	0.47799999999961074	WheelMovementIntervals													-0.11841677293182329
3905.8874751100043	0.19900000000006912	WheelMovementIntervals													0.04936624759125152
3912.4474751100042	0.30999999999994543	WheelMovementIntervals													-0.028062761177579887
3914.3454751100044	0.2460000000000946	WheelMovementIntervals													-0.02526066335235555
3917.8794751100045	0.22199999999975262	WheelMovementIntervals													-0.03132701141498728
3927.248475110004	0.706000000000131	WheelMovementIntervals													-0.10291552123430847
3930.1224751100044	0.7469999999998436	WheelMovementIntervals													0.07604275797507398
3932.3364751100044	1.4520000000002256	WheelMovementIntervals													0.8854796083198835
3934.0234751100043	3.8200000000001637	WheelMovementIntervals													3.8553449877765615
3942.2074751100045	0.06899999999995998	WheelMovementIntervals													0.005476817088947428
3951.6494751100045	1.0589999999997417	WheelMovementIntervals													-0.904139029252292
3960.9554751100045	1.7100000000000364	WheelMovementIntervals													-0.2910996428145154
3973.3394751100045	0.3079999999999927	WheelMovementIntervals													-0.147695008793562
3980.2994751100046	0.16300000000001091	WheelMovementIntervals													-0.09960694965002403
3986.3194751100045	0.40000000000009095	WheelMovementIntervals													-0.03324548323121235
3988.2284751100046	0.38899999999966894	WheelMovementIntervals													0.08386807585770839
3989.7714751100043	0.10300000000006548	WheelMovementIntervals													-0.005609605172139709
3991.7364751100044	0.2179999999998472	WheelMovementIntervals													-0.06746757068685838
4007.1464751100043	0.2319999999999709	WheelMovementIntervals													-0.06473261276460107
4011.2654751100044	0.24899999999979627	WheelMovementIntervals													-0.07086758520472358
4011.8464751100046	0.06700000000000728	WheelMovementIntervals													0.007195572356295088
4015.0994751100043	0.3120000000003529	WheelMovementIntervals													-0.02257681296055125
4016.6594751100047	0.43699999999989814	WheelMovementIntervals													-0.05646886531098971
4018.7604751100043	0.1230000000000473	WheelMovementIntervals													-0.022281791466184586
4025.5474751100046	0.1610000000000582	WheelMovementIntervals													-0.03562779430490082
4038.9984751100046	0.2559999999998581	WheelMovementIntervals													0.04098646505144643
4045.0504751100043	0.2680000000000291	WheelMovementIntervals													-0.10440156216236574
4053.1534751100044	0.22299999999995634	WheelMovementIntervals													-0.08645866384858891
4061.6694751100044	3.8840000000000146	WheelMovementIntervals													3.6776795650800977
4068.4024751100046	0.9609999999997854	WheelMovementIntervals													0.8767384878608482
4070.4754751100045	0.849999999999909	WheelMovementIntervals													0.6497588728491337
4072.5254751100047	0.5489999999999782	WheelMovementIntervals													0.4075166950760831
