onset	duration	nwb_table	choice	feedback_type	reward_volume	contrast_left	contrast_right	probability_left	feedback_time	response_time	stim_off_time	stim_on_time	go_cue_time	first_movement_time	peak_amplitude
0.17236663000000038	0.223	WheelMovementIntervals													0.06265738968853923
3.4803666300000002	0.863	WheelMovementIntervals													-0.5093859985422816
5.65936663	0.19200000000000017	WheelMovementIntervals													0.12527569676521308
6.999366630000001	0.47299999999999986	WheelMovementIntervals													-0.38409459646808597
9.736366630000001	0.7409999999999997	WheelMovementIntervals													0.23917659517095652
11.710366630000001	0.7889999999999997	WheelMovementIntervals													-0.31005804462023323
15.264366630000001	0.5349999999999984	WheelMovementIntervals													-0.19959474275249256
16.923366630000004	0.46699999999999875	WheelMovementIntervals													-0.038555747010099006
19.315366630000003	0.3279999999999994	WheelMovementIntervals													0.08496461400600486
21.388366630000004	0.541999999999998	WheelMovementIntervals													-0.4417942634480655
24.189366630000002	0.44399999999999906	WheelMovementIntervals													0.3481577185804442
26.687366630000003	0.15399999999999991	WheelMovementIntervals													-0.017769755761493533
29.131366630000002	0.6449999999999996	WheelMovementIntervals													-0.06302978667337811
32.40936663	0.5889999999999986	WheelMovementIntervals													0.2785339498132642
35.61736663	0.27300000000000324	WheelMovementIntervals													-0.1860838150443943
38.517366630000005	1.0289999999999964	WheelMovementIntervals													0.19714344303462406
41.648366630000005	0.41499999999999915	WheelMovementIntervals													0.17074535067803065
45.258366630000005	0.6670000000000016	WheelMovementIntervals													-0.34776070276002
49.486366630000006	0.3259999999999934	WheelMovementIntervals													-0.1360740057957207
50.61117171005061	2.8559108631782664	trials	-1.0	1.0	1.5		0.25	0.5	51.89377677005189	51.89367613930993	52.96696944005297	51.25054110005125	51.25144101005125	51.76836663	
51.76836663	0.6709999999999994	WheelMovementIntervals													0.7806027890423203
52.65236663	1.5529999999999973	WheelMovementIntervals													1.6490529889594674
53.84258187005384	4.706225901456932	trials	1.0	1.0	1.5	1.0		0.5	56.98990044005699	56.98979718504668	58.048761210058046	54.94873791005495	54.94973781005495	55.191366630000005	
54.356366630000004	0.5289999999999964	WheelMovementIntervals													-0.02375244562523382
55.191366630000005	1.9879999999999995	WheelMovementIntervals													-0.3008573233549816
58.74136663	0.2740000000000009	WheelMovementIntervals													0.044427761621761874
58.91840757005892	3.0635935081786627	trials	1.0	1.0	1.5	1.0		0.5	60.411491580060414	60.411403919032146	61.48198452006148	59.716961040059715	59.71802760005972	59.97236663	
59.97236663	0.7490000000000023	WheelMovementIntervals													-0.32366531456588166
61.44536663	0.16799999999999926	WheelMovementIntervals													0.01664046465791036
62.34519819006235	3.220310606381034	trials	-1.0	1.0	1.5		1.0	0.5	64.00459890006401	64.004502109342	65.06542614006507	63.58367433006359	63.58464090006358	63.77436663	
62.70136663	0.15400000000000347	WheelMovementIntervals													0.04119564935834319
63.77436663	0.5030000000000001	WheelMovementIntervals													0.5176986234050818
65.92690665006593	7.088320267799972	trials	-1.0	1.0	1.5		0.0625	0.5	71.44572138007145	71.4456208727257	72.51518109007252	70.55041092007055	70.55154414007055	70.69636663	
66.04736663	1.5949999999999989	WheelMovementIntervals													1.2425756943773063
68.20836663	1.2000000000000028	WheelMovementIntervals													0.8851488981242785
69.98536663	0.15900000000000603	WheelMovementIntervals													0.013663236924704059
70.69636663	1.0820000000000078	WheelMovementIntervals													0.6802453529847354
73.4002259100734	2.4831865422141277	trials	1.0	1.0	1.5	1.0		0.5	74.32863306007432	74.3285201314607	75.38332758007539	73.93343925007393	73.93453914007394	73.65736663	
73.65736663	0.8790000000000049	WheelMovementIntervals													-0.332559300775634
76.15636663000001	0.6640000000000015	WheelMovementIntervals													0.26867338798007134
76.24360821007625	3.039921087970555	trials	1.0	1.0	1.5	0.125		0.5	77.71372785007772	77.7136169568411	78.78348753007879	77.31496773007731	77.31583431007732	77.46236663	
77.46236663	0.36700000000000443	WheelMovementIntervals													-0.31194776869683016
79.37036663	0.8709999999999951	WheelMovementIntervals													0.14798330949239658
79.70402880007971	3.6126043729471604	trials	-1.0	1.0	1.5		0.25	0.5	81.75782340008176	81.75773014905798	82.81661751008282	81.41502435008141	81.41579094008142	81.60436663	
81.60436663	0.5049999999999955	WheelMovementIntervals													0.8839725506615506
83.67753141008367	3.8557110809234842	trials	-1.0	-1.0	0.0	0.0625		0.5	84.95240391008495	84.95153441059993	87.03319581008704	84.36486267008436	84.36572925008437	84.12536663	
84.12536663	1.1280000000000001	WheelMovementIntervals													0.3617708107273989
87.25536663	0.4700000000000131	WheelMovementIntervals													0.21826507796156758
87.91074138008791	2.8389135844849562	trials	1.0	1.0	1.5	1.0		0.5	89.17044873008918	89.17034607634461	90.24957414009025	88.54811097008854	88.54904421008855	88.69536663000001	
88.69536663000001	0.9569999999999936	WheelMovementIntervals													-0.29982823445560935
91.12395336009112	2.4092927214269935	trials	-1.0	1.0	1.5		0.0	0.5	91.95083733009196	91.95075017596386	93.03316242009303	91.64813427009165	91.64900085009165	91.69636663	
91.69636663	0.5870000000000033	WheelMovementIntervals													0.7356812783166964
93.69936663	0.5480000000000018	WheelMovementIntervals													-0.20638342565327417
93.89714268009389	2.8527123415354083	trials	1.0	1.0	1.5	0.25		0.5	95.17374834009517	95.17364730762594	96.24977406009626	94.83131592009484	94.83231582009483	95.00436663	
95.00436663	0.4650000000000034	WheelMovementIntervals													-0.29352744808868714
97.11355434009711	3.052922775424946	trials	-1.0	1.0	1.5		1.0	0.5	98.57847450009858	98.5783643082659	99.66639903009967	98.18131422009819	98.18224746009818	98.32636663000001	
97.21936663000001	0.46399999999999864	WheelMovementIntervals													0.36473914479887704
98.32636663000001	0.6919999999999931	WheelMovementIntervals													0.9876370136040533
100.54627770010055	3.369596474760442	trials	-1.0	-1.0	0.0	0.0625		0.5	101.33089923010134	101.32997618246472	103.41582405010341	101.19791253010119	101.1988791001012	101.11736663	
101.11736663	0.33100000000000307	WheelMovementIntervals													0.44690308871070883
103.51436663	0.7600000000000051	WheelMovementIntervals													-0.5393083684608797
104.28497046010429	3.6477963559125612	trials	-1.0	1.0	1.5		0.0	0.5	106.35616332010636	106.35606668781465	107.43272232010743	105.93103917010593	105.93183909010594	106.04736663	
104.81536663	0.4590000000000032	WheelMovementIntervals													1.0585923149261518
106.04736663	0.5	WheelMovementIntervals													0.4766135702424199
108.31336663	0.6159999999999997	WheelMovementIntervals													-0.20903158184382242
108.35876304010836	3.107318108160513	trials	-1.0	1.0	1.5		0.0625	0.5	109.88147742010989	109.88137093322115	110.96600229011096	109.58117412010958	109.58214069010958	109.70736663000001	
109.70736663000001	0.44999999999998863	WheelMovementIntervals													0.6297874235455936
111.83488206011184	2.4629159533299543	trials	-1.0	1.0	1.5		1.0	0.5	112.72579296011273	112.7256874685413	113.7976857601138	112.36412913011236	112.36509570011236	112.53836663	
112.53836663	0.5130000000000052	WheelMovementIntervals													0.9081340947166314
114.66289923011466	2.468287068215787	trials	-1.0	1.0	1.5		0.125	0.5	115.57550796011557	115.57539407970833	116.63110239011664	115.1993122501152	115.2004121401152	115.14336663	
115.14336663	0.8380000000000081	WheelMovementIntervals													0.6097746796168
116.55336663	0.48100000000000875	WheelMovementIntervals													-0.3033861184371691
117.4993822201175	2.3331275462619345	trials	-1.0	1.0	1.5		0.125	0.5	118.27630452011827	118.2761903927255	119.33246556011933	117.98260056011799	117.98370045011798	118.13036663	
118.13036663	0.5490000000000066	WheelMovementIntervals													0.9632623151104909
120.2045116801202	2.328098691881209	trials	1.0	1.0	1.5	1.0		0.5	120.97250154012097	120.97241091881114	122.03259552012203	120.66403239012067	120.66499896012067	120.85936663000001	
120.85936663000001	0.5379999999999967	WheelMovementIntervals													-0.6015250911193366
122.90770800012291	3.706395580477448	trials	-1.0	-1.0	0.0	0.0625		0.5	124.05895953012406	124.05810569723822	126.11408733012611	123.43068903012343	123.43165560012343	123.59736663000001	
123.59736663000001	0.7269999999999897	WheelMovementIntervals													0.6132753714808992
126.83236663000001	0.3049999999999926	WheelMovementIntervals													-0.11952369335627999
126.98899983012699	6.791718460239608	trials	-1.0	-1.0	0.0	0.25		0.5	131.23490853013124	131.2341094934269	133.28067060013328	127.63243548012764	127.63326873012764	127.75036663	
127.75036663	0.7220000000000084	WheelMovementIntervals													-0.23147143762231792
131.02236663	0.4310000000000116	WheelMovementIntervals													0.7861532922745678
133.99436663	0.7270000000000039	WheelMovementIntervals													0.4624506275212461
134.15841615013417	3.2887256068412967	trials	-1.0	1.0	1.5		0.0625	0.5	135.8829436801359	135.88282852815965	136.94707059013695	135.1986787801352	135.1995120301352	135.35736663	
135.35736663	0.8300000000000125	WheelMovementIntervals													0.7024473790640577
137.88084387013788	2.3512976032711776	trials	-1.0	1.0	1.5		0.125	0.5	138.67393122013868	138.67384238729733	139.73202540013975	138.36549540013837	138.36649530013835	138.49436663	
138.49436663	0.4960000000000093	WheelMovementIntervals													0.788910125238095
140.60823777014062	2.438888447179636	trials	-1.0	1.0	1.5		0.0625	0.5	141.48035055014148	141.48023292449312	142.54711053014256	141.2139771901412	141.21477711014123	141.27136663000002	
141.27136663000002	0.5149999999999864	WheelMovementIntervals													0.8240295631475689
143.37136663	0.5449999999999875	WheelMovementIntervals													0.6758531321026311
143.42092314014343	4.24273842725151	trials	-1.0	-1.0	0.0	0.125		0.5	145.10842104014512	145.10753762105733	147.16354884014717	144.6817970401447	144.68273028014468	144.84636663	
144.84636663	0.7090000000000032	WheelMovementIntervals													1.0025508580713165
148.03436175014804	9.328996588053968	trials	1.0	1.0	1.5	0.25		0.5	155.7990518701558	155.7989572457438	156.86334543015687	148.61537031014862	148.61637021014863	148.66236663	
148.66236663	1.2369999999999948	WheelMovementIntervals													-0.21215189490165542
152.34636663	0.5209999999999866	WheelMovementIntervals													0.23304961455436768
154.84536663	1.3300000000000125	WheelMovementIntervals													-0.561823233983425
157.75645611015776	2.6072023318075708	trials	-1.0	1.0	1.5		0.0625	0.5	158.7963521101588	158.7962562424887	159.86364537015987	158.46508524015846	158.46591849015846	158.59136663	
158.59136663	0.48599999999999	WheelMovementIntervals													0.6972259870993263
159.94036663	0.12300000000001887	WheelMovementIntervals													-0.0035113984851165014
160.74235749016074	2.4876126047566345	trials	-1.0	1.0	1.5		1.0	0.5	161.66546517016167	161.66536179599208	162.72992538016274	161.36486190016137	161.36589513016136	161.50136663	
161.50136663	0.47999999999998977	WheelMovementIntervals													0.7624485458615418
163.45736663	0.5720000000000027	WheelMovementIntervals													-0.34746984883493326
163.6083708601636	2.7886123467454524	trials	-1.0	1.0	1.5		1.0	0.5	164.82798222016484	164.82787538495992	165.8968753201659	164.56484187016457	164.56590843016457	164.69136663	
164.69136663	0.4830000000000041	WheelMovementIntervals													0.8759213367506433
166.83178182016684	2.548209311314281	trials	-1.0	1.0	1.5		0.125	0.5	167.7996850201678	167.7995842171854	168.8799769801689	167.3813935201674	167.38249341016737	167.51036663	
167.51036663	0.4800000000000182	WheelMovementIntervals													0.5462690962921073
169.25136663	0.7930000000000064	WheelMovementIntervals													-0.3368016557726534
169.75898907016975	3.787417286746887	trials	-1.0	-1.0	0.0	0.0625		0.5	170.96510178017095	170.9642939350127	173.04636030017303	170.66496513017066	170.66579838017066	170.79436663	
170.79436663	0.44199999999997885	WheelMovementIntervals													0.579326208337438
173.92236663	0.4800000000000182	WheelMovementIntervals													0.4236101024477108
173.92380588017392	3.089291384890771	trials	-1.0	1.0	1.5		0.0625	0.5	175.44328725017544	175.44320065938393	176.51301360017652	175.0978884601751	175.0990550101751	175.24236663	
175.24236663	0.6140000000000043	WheelMovementIntervals													0.6044582390711923
177.37539402017737	3.6894265518900795	trials	-1.0	-1.0	0.0	0.0625		0.5	178.48468308017848	178.48380109582482	180.56477505018057	178.08142341017808	178.08235665017807	178.18636663	
178.18636663	0.6419999999999959	WheelMovementIntervals													0.45170932122463725
180.91336663	0.9129999999999825	WheelMovementIntervals													0.8871231102374821
181.44832002018146	3.8661093465159695	trials	-1.0	-1.0	0.0	0.0625		0.5	182.73465804018272	182.7338224629381	184.81431672018482	182.42985519018242	182.43065511018244	182.55536663	
182.55536663	0.39699999999999136	WheelMovementIntervals													0.5695595203180659
185.7004281001857	2.7956865070965478	trials	1.0	1.0	1.5	1.0		0.5	186.91270686018692	186.91262138255357	187.996098510188	186.31280019018632	186.31363344018632	186.48636663	
186.48636663	0.811000000000007	WheelMovementIntervals													-0.3321313515929276
188.86551156018888	3.6306006463294693	trials	-1.0	-1.0	0.0	0.0625		0.5	189.92357241018993	189.92261145721278	191.996065140192	189.5812399801896	189.58223988018958	189.70536663000001	
189.70536663000001	0.4379999999999882	WheelMovementIntervals													0.5113463974975083
191.98836663	0.8439999999999941	WheelMovementIntervals													-1.3461747565048547
192.86901117019286	2.5439321055031883	trials	-1.0	1.0	1.5		0.0625	0.5	193.83171489019384	193.83162256196715	194.91284010019493	193.56447495019356	193.56554151019355	193.68836663000002	
193.68836663000002	0.5409999999999968	WheelMovementIntervals													1.0288557938572787
195.84934644019586	2.581607662681108	trials	-1.0	1.0	1.5		1.0	0.5	196.87234413019686	196.8722486839021	197.93090493019793	196.5976716001966	196.5985048501966	196.50636663	
196.50636663	0.8950000000000102	WheelMovementIntervals													1.090881608145665
197.99536663	0.12899999999999068	WheelMovementIntervals													-0.021269987697753123
198.7944519001988	2.6514011567390696	trials	-1.0	1.0	1.5		0.125	0.5	199.8887424601999	199.88865113950865	200.94583674020095	199.52934507019953	199.53047829019954	199.67536663	
199.67536663	0.4359999999999786	WheelMovementIntervals													0.6123720989435917
201.81514980020182	2.4490887259252077	trials	-1.0	1.0	1.5		1.0	0.5	202.6980615002027	202.69794501544675	203.76415488020376	202.34746323020235	202.34842980020235	202.46136663000001	
202.46136663000001	0.5379999999999825	WheelMovementIntervals													0.6559535041940947
203.74036663	0.5310000000000059	WheelMovementIntervals													0.36688422069565263
204.63433452020465	8.128214800474922	trials	-1.0	-1.0	0.0	0.0		0.5	210.1983447302102	210.19734328094188	212.26250496021225	205.14585003020514	205.14674994020515	209.82836663	
205.29836663	0.1640000000000157	WheelMovementIntervals													0.03394949392746227
209.82836663	0.686000000000007	WheelMovementIntervals													0.8583954229354447
212.85536663000002	0.22199999999998	WheelMovementIntervals													-0.03664970444470583
213.15594894021316	2.4416170462226603	trials	-1.0	1.0	1.5		0.0625	0.5	214.03776075021403	214.03765473475312	215.0974547702151	213.71395980021373	213.71499303021372	213.85736663	
213.85736663	0.4650000000000034	WheelMovementIntervals													0.5780481514096927
215.98006650021597	2.5157110082310226	trials	-1.0	1.0	1.5		0.125	0.5	216.93817068021693	216.93806993062438	217.995731580218	216.66233160021667	216.66329817021668	216.59436663	
216.59436663	0.6170000000000186	WheelMovementIntervals													0.6560002590870582
218.87607687021887	3.587806395743513	trials	-1.0	-1.0	0.0	0.125		0.5	219.8965748102199	219.89567783523842	221.96376807022196	219.43055475021944	219.43158798021943	219.56636663	
219.56636663	0.6229999999999905	WheelMovementIntervals													0.6930340788875036
222.83818062022283	3.775912496490065	trials	1.0	1.0	1.5	0.125		0.5	225.04139361022504	225.0412861610742	226.11401967022613	224.1957448502242	224.1965447702242	224.31436663	
223.22036663	0.38400000000001455	WheelMovementIntervals													0.6025749056696945
224.31436663	1.2920000000000016	WheelMovementIntervals													-0.3102196589680588
227.06479125022707	3.3475964154292797	trials	1.0	1.0	1.5	0.125		0.5	228.83758062022883	228.8374882929554	229.9123064702299	228.21230982022823	228.2131764002282	228.39136663	
227.34236663000001	0.17799999999999727	WheelMovementIntervals													0.14018520444054872
228.39136663	0.7510000000000048	WheelMovementIntervals													-0.322456980827571
230.7932850302308	3.335526144573606	trials	-1.0	1.0	1.5		1.0	0.5	232.55790855023255	232.55779780285096	233.62873479023364	232.2968346602323	232.2978012302323	232.43136663	
231.17536663	0.47399999999998954	WheelMovementIntervals													0.11704383914109684
232.43136663	0.6599999999999966	WheelMovementIntervals													1.136831123748646
233.99236663000002	0.09499999999999886	WheelMovementIntervals													-0.011239795983954082
234.51361296023452	2.800185189721333	trials	1.0	1.0	1.5	0.25		0.5	235.73009130023573	235.73000609229075	236.81371626023682	235.2805029302353	235.2815028302353	235.40436663	
235.40436663	0.717000000000013	WheelMovementIntervals													-0.36337206105869413
237.7033939502377	9.075120343320748	trials	-1.0	-1.0	0.0	0.0625		0.5	244.1953113602442	244.19430707016303	246.27846969024628	238.1955780602382	238.1964446402382	238.29336663	
238.29336663	0.48599999999999	WheelMovementIntervals													-0.14447732682060277
241.08536663	0.51400000000001	WheelMovementIntervals													0.3782496522559171
243.06036663	0.27199999999999136	WheelMovementIntervals													-0.12772486926996507
244.09236663000001	1.7059999999999889	WheelMovementIntervals													0.5490295040744329
247.17761310024719	2.3509226494051347	trials	-1.0	1.0	1.5		0.125	0.5	247.95593526024797	247.9558199356521	249.02846133024903	247.66346451024768	247.66429776024768	247.80836663	
247.80836663	0.35300000000000864	WheelMovementIntervals													0.5686839875623804
249.92593824024993	2.5190086309792434	trials	1.0	1.0	1.5	0.25		0.5	250.86244458025087	250.86234107694946	251.94490299025196	250.54680948025054	250.54757607025056	250.69036663	
250.69036663	0.5400000000000205	WheelMovementIntervals													-0.37939846615386585
252.83744706025283	3.276101750276041	trials	1.0	1.0	1.5	0.125		0.5	254.54624283025456	254.54614745157065	255.61343610025563	254.01339612025401	254.01422937025401	254.23436663	
253.07236663	0.45599999999998886	WheelMovementIntervals													0.07497868162871413
254.23436663	0.5949999999999989	WheelMovementIntervals													-0.30605343237739646
256.5053469002565	3.0397886530296887	trials	1.0	1.0	1.5	0.0625		0.5	257.980132740258	257.98003994010907	259.04505957025907	257.04489294025706	257.04585951025706	257.18036663	
257.18036663	1.1159999999999854	WheelMovementIntervals													-0.3392133413626581
260.00343039026	3.476214683978867	trials	-1.0	1.0	1.5		0.25	0.5	261.9165390602619	261.9164373704216	262.979599410263	261.62990106026166	261.63080097026165	261.78136663	
260.58036662999996	0.41200000000003456	WheelMovementIntervals													0.08564015590786767
261.78136663	0.4060000000000059	WheelMovementIntervals													0.7083047268536014
262.97636663	0.05299999999999727	WheelMovementIntervals													0.007541952478639757
263.33036662999996	0.17500000000001137	WheelMovementIntervals													0.1059042685136049
263.8622444702639	2.382821582321185	trials	-1.0	1.0	1.5		0.125	0.5	264.6845622302647	264.68445122726024	265.74502284026573	264.34502952026435	264.3460960802644	264.48536663	
264.48536663	0.42399999999997817	WheelMovementIntervals													0.33195023286940284
266.6341672502666	2.9440035309323207	trials	1.0	1.0	1.5	0.125		0.5	268.02166182026804	268.02156750047544	269.0781228302691	267.17957937026716	267.18074592026716	267.13336662999995	
267.13336662999995	1.1940000000000168	WheelMovementIntervals													-0.3060164825176983
269.96116785027	3.5187108349693403	trials	1.0	1.0	1.5	0.25		0.5	271.9038735602719	271.9037721757875	272.97976596027297	271.66273101027167	271.6636975802717	271.73936663	
270.26936663	0.6490000000000009	WheelMovementIntervals													0.3767417068511989
271.73936663	0.4179999999999495	WheelMovementIntervals													-0.3111768101333823
273.86387754027385	2.6325010674181613	trials	1.0	1.0	1.5	0.25		0.5	274.91217270027494	274.91207716894183	275.996264280276	274.4946477902745	274.4957143502745	274.40536663	
274.40536663	0.7799999999999727	WheelMovementIntervals													-0.33005726297166404
275.70036662999996	0.15100000000001046	WheelMovementIntervals													0.012938336702433162
276.88427547027686	2.878507590609331	trials	1.0	1.0	1.5	1.0		0.5	278.18197902027816	278.1818779904678	279.26273760027925	277.92803775027795	277.92893766027794	277.88336662999995	
277.88336662999995	0.7690000000000055	WheelMovementIntervals													-0.45330992363479794
280.15378182028013	2.390920561358996	trials	-1.0	1.0	1.5		0.0625	0.5	280.974099780281	280.97398818776264	282.04465938028204	280.76138772028077	280.76225430028074	280.56136662999995	
280.56136662999995	1.3760000000000332	WheelMovementIntervals													0.5265995610718122
282.9374034302829	3.390487654845117	trials	1.0	1.0	1.5	0.25		0.5	284.75288853028474	284.7527952139227	285.82781436028586	284.47938255028447	284.48054910028446	284.59236662999996	
283.31536662999997	0.5930000000000177	WheelMovementIntervals													-0.08858482317117478
284.59236662999996	0.4460000000000264	WheelMovementIntervals													-0.3282075300515359
286.77748605028677	3.835312064935124	trials	1.0	1.0	1.5	0.0625		0.5	289.02899421028906	289.02889195860763	290.1127858202901	288.1628141702882	288.16384740028815	288.43436663	
287.11436663	0.43499999999994543	WheelMovementIntervals													0.39262372628729025
288.43436663	0.839999999999975	WheelMovementIntervals													-0.30175481765714807
290.999597130291	8.278032451931608	trials	-1.0	-1.0	0.0	0.0		0.5	296.7080595602967	296.70731812696266	298.7775859202988	291.72759099029173	291.7284575702917	291.85736663	
291.85736663	2.2199999999999704	WheelMovementIntervals													-0.22925633661694889
296.56936663	0.5039999999999623	WheelMovementIntervals													0.77451665292201
299.6794290602997	2.533108277619988	trials	-1.0	1.0	1.5		0.125	0.5	300.63353364030064	300.6334314245351	301.7124590703017	300.3291974103003	300.33003066030034	300.50136663	
300.50136663	0.6119999999999663	WheelMovementIntervals													0.9490565943964882
302.5968372903026	3.1809103376198777	trials	-1.0	1.0	1.5		0.0	0.5	304.20614301030423	304.2060415082565	305.2776358503053	303.84434586030386	303.84534576030387	304.01036662999996	
302.62036663	0.5230000000000246	WheelMovementIntervals													-0.152263057028442
304.01036662999996	0.3990000000000009	WheelMovementIntervals													0.3006673572326335
305.66236663	0.3159999999999741	WheelMovementIntervals													-0.19945251821287258
306.17924568030617	2.666497565472298	trials	1.0	1.0	1.5	0.25		0.5	307.26063753030724	307.26054347653786	308.3456623503084	306.94590234030693	306.94696890030696	307.08736662999996	
307.08736662999996	0.54200000000003	WheelMovementIntervals													-0.32467741807370487
308.04336663	0.3149999999999977	WheelMovementIntervals													0.04532290586070786
309.23114046030923	7.246104681432996	trials	-1.0	-1.0	0.0	0.0		0.5	313.92253794031393	313.9215421960002	315.97723245031597	309.76065417030975	309.76158741030974	313.80536663	
309.88736663	0.5910000000000082	WheelMovementIntervals													-0.032474243051538565
313.80536663	0.4460000000000264	WheelMovementIntervals													0.8828294116418505
315.87336662999996	0.46100000000001273	WheelMovementIntervals													-0.048501924937262686
316.8787422903169	2.883407373585669	trials	-1.0	1.0	1.5		0.25	0.5	318.1840450803182	318.18394427006234	319.26203727031924	317.9121389403179	317.9131721703179	318.05436663	
317.31136662999995	0.20200000000005502	WheelMovementIntervals													-0.014956009206429144
318.05436663	0.5360000000000014	WheelMovementIntervals													1.1008149245894643
319.87436663	0.7489999999999668	WheelMovementIntervals													-0.051227020567758075
320.1619472703202	4.831904568711934	trials	-1.0	-1.0	0.0	1.0		0.5	322.43845293032246	322.4374484800103	324.4937807103245	321.4603507503215	321.46145064032146	321.58236662999997	
321.58236662999997	1.1690000000000396	WheelMovementIntervals													0.7690695066781146
325.4665500903255	2.562206941985835	trials	-1.0	1.0	1.5		0.25	0.5	326.45985075032644	326.4597516183778	327.5286771903275	326.1788121903262	326.1797454303262	326.05636662999996	
326.05636662999996	0.7170000000000414	WheelMovementIntervals													0.7439711110689018
328.4109556203284	2.3676215527794398	trials	-1.0	1.0	1.5		0.25	0.5	329.2209746103292	329.22086265094555	330.2784688503303	328.94366901032896	328.9447022403289	329.03636663	
329.03636663	0.7119999999999891	WheelMovementIntervals													1.0241523183624537
331.1710795803312	8.87400507893335	trials	-1.0	-1.0	0.0	0.25		0.5	337.4859480303375	337.4850824825604	339.54500877033956	332.22704064033223	332.22800721033224	332.32236663	
331.52036662999996	0.41100000000000136	WheelMovementIntervals													0.20325694685431728
332.32236663	0.5319999999999823	WheelMovementIntervals													-0.26003022477136284
336.07936663	0.3790000000000191	WheelMovementIntervals													0.21740694831129304
337.32336662999995	0.5460000000000491	WheelMovementIntervals													0.814313819548552
340.35336663	0.2370000000000232	WheelMovementIntervals													-0.04633300505121696
340.4607838503405	10.382622357112666	trials	1.0	1.0	1.5	0.125		0.5	349.2902008203493	349.2901011619021	350.34336216035035	341.47711554034146	341.4782487603415	341.61736663	
341.61736663	0.3580000000000041	WheelMovementIntervals													-0.12432809997829253
343.43236663	0.22699999999997544	WheelMovementIntervals													-0.07738281122912127
348.37636663	1.2409999999999854	WheelMovementIntervals													0.3103052376982731
350.01836663	1.6399999999999864	WheelMovementIntervals													0.8934769850365996
351.2580040203513	2.852108529796908	trials	-1.0	1.0	1.5		0.0625	0.5	352.55320782035255	352.55310698544156	353.61003546035363	352.24487199035224	352.2457719003522	352.35136663	
352.35136663	0.6009999999999991	WheelMovementIntervals													0.7674068303482073
353.95836663	0.2740000000000009	WheelMovementIntervals													-0.01778893755868438
354.5164114803545	3.695123790081311	trials	-1.0	-1.0	0.0	0.0		0.5	355.65539757035566	355.6545178837461	357.71145861035774	355.04495862035503	355.046125170355	355.18136662999996	
355.18136662999996	0.5660000000000309	WheelMovementIntervals													0.32309731277067755
358.39536662999996	0.4430000000000405	WheelMovementIntervals													0.12481523165145347
358.6185345603586	5.509704067385087	trials	1.0	1.0	1.5	1.0		0.5	362.56254012036254	362.56243532440345	363.62813355036366	359.3265970803593	359.32769697035934	359.49736663	
359.49736663	0.4130000000000109	WheelMovementIntervals													-0.16104204393219135
361.98636662999996	1.045000000000016	WheelMovementIntervals													0.2311821246082033
364.6063357203646	8.420019390077186	trials	-1.0	-1.0	0.0	0.125		0.5	370.46324997037044	370.46234781493325	372.52627698037253	365.7598536903658	365.76095358036576	365.88736663	
364.81236663	0.39100000000001955	WheelMovementIntervals													0.13571981450791526
365.88736663	0.617999999999995	WheelMovementIntervals													-0.18236347571777145
369.40836663	1.2579999999999814	WheelMovementIntervals													0.7036437042846799
373.4233539303734	2.9212029761112603	trials	-1.0	1.0	1.5		0.125	0.5	374.7711524703748	374.7710543807035	375.84454512037587	374.44458513037443	374.44551837037443	374.59036663	
373.74136662999996	0.20400000000000773	WheelMovementIntervals													0.22394508753757236
374.59036663	0.5439999999999827	WheelMovementIntervals													0.8355981455725967
376.7452550403768	4.432516701731458	trials	-1.0	-1.0	0.0	0.125		0.5	378.6114684003786	378.61066122753925	380.6777284203807	378.1927102803782	378.1938101703782	378.32436663	
377.18436663	0.4409999999999741	WheelMovementIntervals													-0.24964380110831286
378.32436663	0.45400000000000773	WheelMovementIntervals													0.4303080210758097
381.57236663	0.19200000000000728	WheelMovementIntervals													0.02705299654171256
381.5842710903816	2.393590081656498	trials	-1.0	1.0	1.5		0.25	0.5	382.42455372038245	382.42446690681544	383.47778172038346	382.12625022038213	382.1271168003821	382.25936663	
382.25936663	0.6499999999999773	WheelMovementIntervals													0.6367636858185719
384.3798581703844	2.481310329556891	trials	-1.0	1.0	1.5		0.25	0.5	385.2962665203853	385.29616161562257	386.36109336038635	384.992930190385	384.993730110385	385.06736663	
385.06736663	0.5129999999999768	WheelMovementIntervals													0.8132397854845905
387.27086904038725	2.488613288652971	trials	-1.0	1.0	1.5		0.25	0.5	388.1952765903882	388.19517323314363	389.2594368303893	387.8926735203879	387.8937067503879	388.03136663	
388.03136663	0.7339999999999804	WheelMovementIntervals													0.79449609363337
390.14998110039016	2.4428145326941717	trials	-1.0	1.0	1.5		0.0	0.5	391.04089200039107	391.04078567060253	392.0927534703921	390.7110583203907	390.7120248903907	390.82736663	
390.82736663	0.7110000000000127	WheelMovementIntervals													0.6574494684120467
392.993796690393	3.682087023600843	trials	-1.0	1.0	1.5		0.0	0.5	395.12258379039514	395.1224886103428	396.17587845039617	394.81098162039484	394.81194819039484	394.91136663	
393.02736662999996	1.1480000000000246	WheelMovementIntervals													0.41214349379715287
394.91136663	0.6020000000000323	WheelMovementIntervals													0.7513560886897039
397.1615798703972	2.4975104170980558	trials	-1.0	1.0	1.5		1.0	0.5	398.10468555039813	398.10458304850215	399.1590134403992	397.6941599403977	397.6952598303977	397.81836662999996	
397.81836662999996	0.6560000000000059	WheelMovementIntervals													0.6704807596432474
398.87736663	0.3369999999999891	WheelMovementIntervals													0.023961653308141706
400.0634896504001	2.5292075591614207	trials	-1.0	1.0	1.5		0.25	0.5	401.028093180401	401.02799177036167	402.0926533804021	400.67756157040066	400.67856147040067	400.77936662999997	
400.77936662999997	0.47399999999998954	WheelMovementIntervals													0.4967640107352622
402.988897080403	2.5370069819437617	trials	-1.0	1.0	1.5		1.0	0.5	403.959699990404	403.95959936919706	405.025893360405	403.6607298904037	403.66186311040366	403.74936663	
403.74936663	0.6119999999999663	WheelMovementIntervals													0.7891907688651898
405.91950399040593	3.972928720883374	trials	-1.0	-1.0	0.0	0.0		0.5	407.3431616104073	407.3422139172833	409.3923233404094	406.92743652040696	406.9285030804069	407.04336663	
407.04336663	0.5249999999999773	WheelMovementIntervals													0.31992033829168065
409.69336662999996	0.3380000000000223	WheelMovementIntervals													0.35841094175770394
410.2907334904103	3.0515926852735333	trials	1.0	1.0	1.5	1.0		0.5	411.7662192604118	411.7661285034092	412.84227831041284	410.7939498304108	410.7947830804108	410.91836663	
410.91836663	1.2280000000000086	WheelMovementIntervals													-0.33293227135865777
413.74032183041373	2.6369979831649175	trials	-1.0	1.0	1.5		1.0	0.2	414.7981160404148	414.7980202192635	415.8772414504159	414.4770481504145	414.4780813804145	414.60536663	
414.60536663	0.5570000000000164	WheelMovementIntervals													0.6945937129253181
416.7864171904168	2.4224172446286047	trials	-1.0	1.0	1.5		0.0625	0.2	417.63973185041766	417.6396225597639	418.7088249304187	417.2920666204173	417.2930331904173	417.18736663	
417.18736663	1.016999999999996	WheelMovementIntervals													0.6850302319168762
419.6085349504196	2.301699321966396	trials	-1.0	1.0	1.5		0.0625	0.2	420.32732973042033	420.3272338019644	421.4101547704214	420.1770114304202	420.1780113304202	420.11136662999996	
420.11136662999996	0.5950000000000273	WheelMovementIntervals													0.769548314990594
422.3182306204223	3.157303293072289	trials	-1.0	1.0	1.5		0.0625	0.2	423.9091381804239	423.9090307680861	424.975531530425	423.52550988042356	423.5263098004235	423.61436663	
422.72236663	0.11199999999996635	WheelMovementIntervals													0.021382999218182874
423.61436663	0.8519999999999754	WheelMovementIntervals													0.691152841394306
424.61736663	0.18099999999998317	WheelMovementIntervals													0.014820367273550517
425.98113096042596	5.044422040247184	trials	-1.0	-1.0	0.0	0.125		0.2	428.45858319042844	428.4577407993873	430.52547648043054	427.960299690428	427.961266260428	427.88836663	
426.17836662999997	1.0339999999999918	WheelMovementIntervals													0.3559813062211461
427.88836663	1.0480000000000018	WheelMovementIntervals													0.62092318972946
431.43075261043145	2.9447002959336714	trials	-1.0	1.0	1.5		0.25	0.2	432.7997490304328	432.79965181826424	433.87540812043386	432.4769146504325	432.4778812204325	432.59336663	
431.65136663	0.29000000000002046	WheelMovementIntervals													0.21270224583879838
432.59336663	0.5559999999999832	WheelMovementIntervals													0.5136496812199525
434.7831506704348	2.726819861720628	trials	1.0	1.0	1.5	1.0		0.2	435.94696761043593	435.94685786640173	437.009927970437	435.31016463043534	435.3111645304353	435.51636663	
435.51636663	0.7479999999999905	WheelMovementIntervals													-0.3164457122543993
437.92207008043795	2.954598715177042	trials	-1.0	1.0	1.5		0.125	0.2	439.32566304043934	439.32556804505487	440.37655794044036	439.008494760439	439.009461330439	439.10536663	
437.96336663	0.35300000000000864	WheelMovementIntervals													0.11510065111658463
439.10536663	0.8410000000000082	WheelMovementIntervals													0.5994767013364282
441.2939661904413	2.4160170148095403	trials	-1.0	1.0	1.5		1.0	0.2	442.14388119044213	442.14377182346266	443.20994124044324	441.82521306044185	441.82611297044184	441.93136662999996	
441.93136662999996	0.5110000000000241	WheelMovementIntervals													0.5496083404043617
444.11658390044414	2.9085027611847067	trials	-1.0	1.0	1.5		1.0	0.2	445.45968291044545	445.459584251921	446.5250430304465	445.1252496904451	445.12608294044514	445.24336662999997	
444.22536663	0.4199999999999591	WheelMovementIntervals													0.35481025770049257
445.24336662999997	1.0710000000000264	WheelMovementIntervals													0.7141499150163071
447.44088477044744	2.5510050305359755	trials	-1.0	1.0	1.5		0.0	0.2	448.42868598044845	448.428585943814	449.4918463204495	447.90967122044793	447.9107044504479	448.03436662999997	
448.03436662999997	0.5889999999999986	WheelMovementIntervals													0.45537771418671014
450.3954892804504	2.6128007128650097	trials	-1.0	1.0	1.5		0.125	0.2	451.45498332045145	451.4548887585621	452.5082113204525	451.12661616045114	451.1276827204511	450.90836663	
450.90836663	0.9239999999999782	WheelMovementIntervals													0.8898502967798336
452.03736663	0.36099999999999	WheelMovementIntervals													0.10977765182907007
453.4200867904534	2.4900116137605437	trials	-1.0	1.0	1.5		1.0	0.2	454.35489330045436	454.3547900238961	455.41002111045543	453.976431150454	453.977297730454	454.11936663	
454.11936663	0.9209999999999923	WheelMovementIntervals													0.8992908323391973
456.3194968204563	2.3904093257975205	trials	-1.0	1.0	1.5		1.0	0.2	457.12701606045715	457.12689929487226	458.2098744304582	456.8582762704569	456.85927617045684	456.81736663	
456.81736663	0.7090000000000032	WheelMovementIntervals													1.0004274155782156
459.2203067104592	2.489510208582942	trials	-1.0	1.0	1.5		0.0625	0.2	460.13591514046016	460.13581009686385	461.20970775046123	459.72498957045974	459.72592281045974	459.83636663	
459.83636663	0.8550000000000182	WheelMovementIntervals													0.5800766122577841
462.11301741046213	3.7133905764825954	trials	-1.0	1.0	1.5		1.0	0.2	464.2534033504643	464.2533114026396	465.32639604046534	463.8080812204638	463.8088478104638	463.92036663	
462.65436662999997	0.36599999999998545	WheelMovementIntervals													0.2747793554221545
463.92036663	0.9590000000000032	WheelMovementIntervals													0.8118735837243065
466.23840483046627	3.619830583907685	trials	-1.0	-1.0	0.0	0.0625		0.2	467.2898330104673	467.28901283633104	469.35812616046934	466.75801953046675	466.75915275046674	466.88336662999995	
466.88336662999995	0.6040000000000418	WheelMovementIntervals													0.3738702369363267
469.90336663	0.37599999999997635	WheelMovementIntervals													0.24631712113449566
470.2645355104703	11.244801064174737	trials	-1.0	-1.0	0.0	0.0625		0.2	478.9420343404789	478.9411340167686	481.009260930481	470.8928726704709	470.8938392404709	478.39136663	
471.21836663	0.16199999999997772	WheelMovementIntervals													0.020238757127614804
476.42436663	0.09699999999997999	WheelMovementIntervals													-0.011959455180090117
478.39136663	0.7479999999999905	WheelMovementIntervals													0.3597592561881271
481.9401345004819	2.3011254709905984	trials	-1.0	1.0	1.5		0.125	0.2	482.6685616504827	482.6684422455667	483.74118771048376	482.5244760604825	482.52530931048256	482.47036663	
482.47036663	0.5639999999999645	WheelMovementIntervals													0.9022260685918155
484.6605624304847	3.4153881802591286	trials	-1.0	1.0	1.5		0.0625	0.2	486.5023449004865	486.5022544391827	487.57587087048756	485.1425475604851	485.14361412048515	485.23036663	
485.23036663	0.242999999999995	WheelMovementIntervals													0.14607765402692507
486.37336662999996	0.42900000000003047	WheelMovementIntervals													0.3494540125572456
488.4931458004885	2.34792240020505	trials	-1.0	1.0	1.5		1.0	0.2	489.2749676104893	489.27485259244156	490.3409610004903	488.974297680489	488.975264250489	489.08736662999996	
489.08736662999996	0.46399999999999864	WheelMovementIntervals													0.70135553345375
491.24387070049124	2.5470061803524118	trials	-1.0	1.0	1.5		0.125	0.2	492.2269723804922	492.22687231387295	493.2908326504933	491.8924391704919	491.8932057604919	491.92436663	
491.92436663	0.8139999999999645	WheelMovementIntervals													0.6384518629028548
494.20497456049424	2.502509253755875	trials	-1.0	1.0	1.5		0.0625	0.2	495.15697935049513	495.15687731967296	496.2074409604962	494.74255413049474	494.74352070049474	494.83536663	
494.83536663	0.5269999999999868	WheelMovementIntervals													0.37799850949745917
497.1201830104971	2.454105012576406	trials	-1.0	1.0	1.5		0.25	0.2	498.016193400498	498.0160837452125	499.0742209204991	497.7090907804977	497.7101573404977	497.80736663	
497.80736663	0.5179999999999723	WheelMovementIntervals													0.7159738292227757
500.0954854505001	3.0802180613214887	trials	-1.0	1.0	1.5		0.0625	0.2	501.6098006705016	501.6096933461034	502.67559408050266	501.2421707705013	501.24310401050127	501.33136663	
500.27736662999996	0.4070000000000391	WheelMovementIntervals													0.14082005145498044
501.33136663	0.46100000000001273	WheelMovementIntervals													0.39632508849186365
503.58010362050356	3.512408229536618	trials	1.0	1.0	1.5	0.25		0.2	505.5130769705055	505.51300704866225	506.5924356905066	504.2073742205042	504.20840745050424	504.31436663	
504.31436663	1.516999999999996	WheelMovementIntervals													-0.34701508445772333
507.51001059050753	2.5658050046848757	trials	-1.0	1.0	1.5		0.25	0.2	508.4966119205085	508.4965109767886	509.5757373305096	508.0907858405081	508.0917190805081	508.17236663	
508.17236663	0.6239999999999668	WheelMovementIntervals													0.7664907318810066
509.02436663	0.3149999999999977	WheelMovementIntervals													0.03201933919913813
510.4980117605105	3.4109877451494413	trials	-1.0	1.0	1.5		0.25	0.2	512.3324949605123	512.332404094406	513.4089539705134	511.990595820512	511.99166238051197	512.12136663	
510.78936662999996	0.5380000000000109	WheelMovementIntervals													0.03168403430174749
512.12136663	0.4959999999999809	WheelMovementIntervals													0.5308464576369829
514.3241957705143	2.7011208698455675	trials	-1.0	1.0	1.5		0.0625	0.2	515.4498165305155	515.4497032165506	516.5252756405165	514.9239691205149	514.9250023505149	515.0073666300001	
515.0073666300001	0.7759999999999536	WheelMovementIntervals													0.8686891067418543
517.4410173905175	4.000994136538566	trials	-1.0	1.0	1.5		0.0625	0.2	519.8664081605199	519.8663132300703	520.941967260521	519.4904124305195	519.4912456805195	519.58136663	
518.05236663	0.6689999999999827	WheelMovementIntervals													1.0032945304551077
519.58136663	0.5180000000000291	WheelMovementIntervals													0.44103948772377066
521.8597088105219	6.349023651967741	trials	-1.0	-1.0	0.0	0.125		0.2	525.6374976605257	525.6365210956557	527.7086905205277	522.3570590705224	522.3578923205224	522.33636663	
522.33636663	1.1000000000000227	WheelMovementIntervals													0.22539552359138781
525.41036663	0.6639999999999873	WheelMovementIntervals													1.4990100152777757
528.6385308605286	4.253600356424727	trials	1.0	1.0	1.5	0.125		0.2	531.3128300705313	531.312729827228	532.3920221405324	530.2401373505303	530.2411372505303	530.34336663	
528.66036663	0.49100000000009913	WheelMovementIntervals													0.12612836325440924
530.34336663	1.51400000000001	WheelMovementIntervals													-0.2796896932335926
533.3228290505333	4.250632107828096	trials	-1.0	1.0	1.5		0.0	0.2	536.008160490536	536.0080480703192	537.0733539605371	535.5901356305355	535.5910688705357	535.7433666300001	
533.5703666300001	0.9619999999999891	WheelMovementIntervals													0.7805836991713875
535.7433666300001	0.5579999999999927	WheelMovementIntervals													0.6318650894649096
537.991662120538	2.63339841102038	trials	-1.0	1.0	1.5		1.0	0.2	539.044956780539	539.0448602852271	540.1249821005401	538.7081904605387	538.7090237105388	538.8203666300001	
538.8203666300001	0.7869999999999209	WheelMovementIntervals													0.7791162693588518
541.044556800541	4.645514097990258	trials	-1.0	-1.0	0.0	1.0		0.2	543.1186493705432	543.1178621999065	545.1900422105452	542.3400939005423	542.3409938105424	542.47336663	
541.14536663	0.5869999999999891	WheelMovementIntervals													0.40531422101670955
542.47336663	0.8530000000000655	WheelMovementIntervals													0.5181787367755248
546.2283666300001	0.05899999999996908	WheelMovementIntervals													0.002200041782629114
546.2322713105463	2.3594932969529054	trials	-1.0	1.0	1.5		0.25	0.2	547.025958600547	547.0258683833446	548.0917186805481	546.7579854005468	546.7589519705467	546.8823666300001	
546.8823666300001	0.4939999999999145	WheelMovementIntervals													0.9216251423485033
549.0111600605491	9.678922699619648	trials	-1.0	-1.0	0.0	0.0625		0.2	556.1165161205561	556.1155745202433	558.1900420805582	549.4898455205495	549.4909120805495	549.50136663	
549.50136663	0.45100000000002183	WheelMovementIntervals													0.22011254846333372
555.4943666300001	0.1169999999999618	WheelMovementIntervals													-0.026966486930803057
556.03336663	3.0119999999999436	WheelMovementIntervals													8.281641183719614
559.1373806705592	2.603928115614167	trials	-1.0	1.0	1.5		0.125	0.2	560.1668777105601	560.1667905995056	561.2412369305613	559.6415302505596	559.6424634905596	559.80436663	
559.80436663	0.8020000000000209	WheelMovementIntervals													1.4322350473902503
560.84136663	6.018000000000029	WheelMovementIntervals													4.028969053111808
562.1772099905622	7.41241329385673	trials	-1.0	1.0	1.5		1.0	0.2	568.024191900568	568.0241188991523	569.0895186905691	567.5562387005675	567.5573719205676	567.75136663	
567.75136663	0.69500000000005	WheelMovementIntervals													0.9404116043487107
568.6093666300001	0.69399999999996	WheelMovementIntervals													0.11914676605221075
570.0465229805701	2.544603916084043	trials	-1.0	1.0	1.5		1.0	0.2	571.0215254705711	571.0214240977946	572.0910851705721	570.5911685105706	570.5920017605706	570.8593666300001	
570.8593666300001	0.5480000000000018	WheelMovementIntervals													0.9917548082989782
572.06836663	1.9420000000000073	WheelMovementIntervals													5.621350545457176
573.022125390573	9.334021654555045	trials	-1.0	-1.0	0.0	1.0		0.2	579.7799162105798	579.7789396183284	581.8561085705819	574.5394736405746	574.5403068905746	578.7913666300001	
578.7913666300001	1.52699999999993	WheelMovementIntervals													1.5544895310767544
582.8051469905828	2.850907106154068	trials	-1.0	1.0	1.5		0.125	0.2	584.0872521005841	584.0871497364128	585.1559785505851	583.5076434005836	583.5085433105835	583.7443666300001	
583.7443666300001	0.7599999999999909	WheelMovementIntervals													0.7952910416410361
585.09736663	0.17700000000002092	WheelMovementIntervals													0.01608448475414548
586.0780530005861	2.729489844414843	trials	-1.0	1.0	1.5		1.0	0.2	587.2377370205872	587.2376474115772	588.3074967005883	586.8409767005868	586.8418432805869	586.9793666300001	
586.9793666300001	1.0710000000000264	WheelMovementIntervals													1.3080344508229729
589.2296378105892	2.8097105116194143	trials	-1.0	1.0	1.5		0.0625	0.2	590.4597481205905	590.459641536711	591.5392734905915	590.00579352059	590.00679342059	590.1563666300001	
590.1563666300001	0.6779999999999973	WheelMovementIntervals													0.7602505967571744
591.3493666300001	0.5860000000000127	WheelMovementIntervals													0.2659480342362599
592.2533666300001	1.9230000000000018	WheelMovementIntervals													6.273628254315696
592.4646476105925	12.47454026365483	trials	-1.0	-1.0	0.0	0.25		0.2	602.3856554106023	602.3848772440705	604.4391167106045	594.6574949705947	594.6584615405947	602.10136663	
602.10136663	0.5710000000000264	WheelMovementIntervals													0.8110132567422426
605.4099862806054	2.596000463387213	trials	-1.0	1.0	1.5		0.125	0.2	606.4541818506065	606.4540852603918	607.5058766706076	606.0739532106061	606.0749531106061	606.1903666300001	
606.1903666300001	0.6089999999999236	WheelMovementIntervals													0.8927029402672559
608.4392833206084	2.3679906042035554	trials	-1.0	1.0	1.5		1.0	0.2	609.2553683706093	609.2552793936819	610.3072298406103	608.923901520609	608.9249347506089	609.0513666300001	
609.0513666300001	0.46699999999998454	WheelMovementIntervals													0.6575524974398519
610.05336663	0.9260000000000446	WheelMovementIntervals													0.3607005731910533
611.2299708906112	2.859034268640812	trials	-1.0	1.0	1.5		0.0625	0.2	612.5418063606126	612.5416861541512	613.5889349706136	611.955531660612	611.956564890612	612.1273666300001	
612.1273666300001	0.7729999999999109	WheelMovementIntervals													0.6452597669195654
614.5231082106145	12.032120040981454	trials	-1.0	-1.0	0.0	0.25		0.2	623.996760750624	623.9959224141684	626.0551882206261	615.0738864606151	615.074853030615	615.17236663	
615.17236663	0.5439999999999827	WheelMovementIntervals													-0.21340984412832142
623.2963666300001	0.9950000000000045	WheelMovementIntervals													0.8803323111696386
627.001426920627	13.50360650357129	trials	-1.0	1.0	1.5		0.0	0.2	638.9467322706389	638.9466300198635	640.00499310064	627.7568513706277	627.7577179506278	628.1233666300001	
628.1233666300001	0.20600000000001728	WheelMovementIntervals													0.16442239348133114
631.6993666300001	0.3789999999999054	WheelMovementIntervals													0.04500108106523726
638.8833666300001	1.9109999999999445	WheelMovementIntervals													0.5774381029673918
640.953831540641	3.4845088827680684	trials	-1.0	-1.0	0.0	0.25		0.2	641.8742394906419	641.8733336207681	643.9382664006439	641.4398496006414	641.4409161606415	641.5803666300001	
641.5803666300001	0.5499999999999545	WheelMovementIntervals													0.5916990414635563
644.85736663	0.33199999999999363	WheelMovementIntervals													0.14158583193751895
644.8747394106449	2.9302296833976698	trials	-1.0	1.0	1.5		1.0	0.8	646.2382697106463	646.2381518262163	647.3048963706473	645.8734395306459	645.8745394206459	645.99136663	
645.99136663	0.7150000000000318	WheelMovementIntervals													0.7814559696768129
648.2350700106482	2.803080624895074	trials	-1.0	1.0	1.5		0.125	0.8	649.4591475906494	649.4590606770142	650.5381396806505	648.972996210649	648.973829460649	649.05436663	
649.05436663	0.7910000000000537	WheelMovementIntervals													0.7815673689388092
651.4715463306514	3.701419253026984	trials	-1.0	-1.0	0.0	0.25		0.8	652.5958005606526	652.5947518695812	654.6729594906546	652.056321180652	652.057121100652	652.05936663	
652.05936663	0.7480000000000473	WheelMovementIntervals													0.5682384102276643
655.52936663	0.16499999999996362	WheelMovementIntervals													-0.01125427011281488
655.6103657406557	3.646124306493334	trials	-1.0	-1.0	0.0	0.125		0.8	656.7034230906567	656.7023724214042	658.7564511006588	656.2216379406563	656.2224378606562	656.48236663	
656.48236663	0.37200000000007094	WheelMovementIntervals													0.3767642474145987
659.6934907206597	6.596100110147745	trials	-1.0	-1.0	0.0	0.0625		0.8	663.7310202606637	663.7300889521644	665.7895143906658	660.8545746006608	660.8557078206609	663.50436663	
660.0023666300001	0.35799999999994725	WheelMovementIntervals													0.16863721291120726
662.57636663	0.19100000000003092	WheelMovementIntervals													0.018359124472169697
663.50436663	2.6480000000000246	WheelMovementIntervals													6.002562179062991
666.7235876406668	3.899219552176305	trials	-1.0	-1.0	0.0	0.25		0.8	668.0642868906681	668.0632936712983	670.1226810306702	667.4711462106675	667.4719794606675	667.8643666300001	
667.8643666300001	0.3089999999999691	WheelMovementIntervals													0.3444489391327892
671.1888077406712	2.9838951852043465	trials	-1.0	1.0	1.5		0.25	0.8	672.6130986306727	672.6130044880067	673.6726260006736	671.8045794906718	671.8056127206718	672.1043666300001	
672.1043666300001	1.0760000000000218	WheelMovementIntervals													1.033882347804365
673.71136663	0.8550000000000182	WheelMovementIntervals													0.4952273396422129
674.5996999506746	2.738114849369481	trials	-1.0	1.0	1.5		1.0	0.8	675.7802152206758	675.7801054900576	676.8377094606768	675.4545477906754	675.4555476906754	675.5853666300001	
675.5853666300001	0.7419999999999618	WheelMovementIntervals													1.1113230655461166
676.6233666300001	0.6959999999999127	WheelMovementIntervals													0.34796616036337014
677.7833148906778	2.48790914454662	trials	-1.0	1.0	1.5		0.125	0.8	678.7193212806787	678.7192172021349	679.7711827506798	678.4227509406784	678.4241841306784	678.5413666300001	
678.5413666300001	0.63900000000001	WheelMovementIntervals													1.2790591386233814
680.7107221206808	3.5771003353241895	trials	-1.0	-1.0	0.0	1.0		0.8	681.7418190006817	681.7410216412102	683.7877810506837	681.3060292506813	681.3071624706813	681.4163666300001	
681.4163666300001	0.40999999999996817	WheelMovementIntervals													0.3543330404232279
684.7290202506847	3.991921475762524	trials	1.0	1.0	1.5	0.25		0.8	687.1645433406871	687.1644321325575	688.2209043606882	686.2057059006862	686.2067724606862	686.37636663	
685.1853666300001	0.3269999999999982	WheelMovementIntervals													-0.1619092745652324
686.37636663	1.2530000000000427	WheelMovementIntervals													-0.3383331428528038
688.15836663	0.19799999999997908	WheelMovementIntervals													0.024760192057215136
689.1686429106892	3.602297441823225	trials	-1.0	-1.0	0.0	0.25		0.8	690.1977399906903	690.1968418950835	692.2708326606922	689.8059458406898	689.8070790606898	689.9173666300001	
689.9173666300001	0.5889999999999418	WheelMovementIntervals													0.5497137099730196
693.2182379106932	2.436012009687829	trials	1.0	1.0	1.5	1.0		0.8	694.0857511506941	694.0856414748952	695.1542442906951	693.7722825006938	693.7733823906938	693.90936663	
693.90936663	0.3509999999999991	WheelMovementIntervals													-0.38106381412575274
696.0899507106961	4.047619387110672	trials	1.0	1.0	1.5	0.25		0.8	698.5695360606986	698.5694613617782	699.6374292606996	697.5892007706976	697.5900006906976	697.70736663	
696.2443666300001	0.6019999999999754	WheelMovementIntervals													0.338601460605247
697.70736663	1.2830000000000155	WheelMovementIntervals													-0.317361982211537
700.5735689707005	9.297095208901624	trials	-1.0	1.0	1.5		0.0	0.8	708.3076621507083	708.3075624895038	709.3706558407093	701.3057290807013	701.3066289907014	705.50936663	
702.69636663	0.19700000000000273	WheelMovementIntervals													0.06236798234721164
705.50936663	0.19100000000003092	WheelMovementIntervals													0.1379698905154214
708.17436663	0.6090000000000373	WheelMovementIntervals													0.3000702284190595
710.3108618107103	11.5778312936269	trials	-1.0	-1.0	0.0	0.0625		0.8	719.3331261607193	719.3320854149222	721.3886205907214	710.8224439807108	710.8235438707109	711.01436663	
711.01436663	0.5449999999999591	WheelMovementIntervals													0.1486927760668948
719.22736663	0.6220000000000709	WheelMovementIntervals													0.4152121410324696
722.3382922807224	3.5652016971883995	trials	-1.0	-1.0	0.0	0.0		0.8	723.3437250607234	723.3423921954388	725.4034857307254	723.053654070723	723.054753960723	723.1663666300001	
723.1663666300001	0.8539999999999281	WheelMovementIntervals													0.5913560816840118
726.3412919407264	2.512307405906995	trials	-1.0	1.0	1.5		0.0625	0.8	727.2978962707273	727.2977936181713	728.3535906907283	726.888503880727	726.8893704607269	727.04036663	
727.04036663	0.6460000000000719	WheelMovementIntervals													0.3568278141791552
729.2892971107293	4.465826992614552	trials	1.0	1.0	1.5	0.125		0.8	732.1920068107322	732.19191335497	733.2550671607332	731.021623860731	731.022990390731	731.14536663	
729.4603666300001	0.86099999999999	WheelMovementIntervals													0.19888058392808716
731.14536663	1.4580000000000837	WheelMovementIntervals													-0.28998927923714746
734.3300263207343	26.64145598156756	trials	-1.0	-1.0	0.0	0.0		0.8	758.4074183407585	758.4063751048191	760.4714452507604	734.8701389707348	734.8709722207349	734.9413666300001	
734.9413666300001	0.3969999999999345	WheelMovementIntervals													0.12670021954491517
735.81236663	0.12999999999999545	WheelMovementIntervals													-0.01784192643572169
737.1673666300001	0.10599999999999454	WheelMovementIntervals													0.058749623499949166
740.32336663	0.21400000000005548	WheelMovementIntervals													0.04231555391905317
743.66536663	0.10099999999999909	WheelMovementIntervals													-0.025932051799998135
748.43736663	0.37000000000000455	WheelMovementIntervals													-0.06052938651333761
750.60536663	0.20899999999994634	WheelMovementIntervals													-0.07505955973874734
754.41936663	0.2820000000000391	WheelMovementIntervals													0.04389515671641675
758.11136663	0.9490000000000691	WheelMovementIntervals													1.4037630704505375
759.36036663	0.26700000000005275	WheelMovementIntervals													0.3040420334543228
761.4543802807615	5.548402416489694	trials	-1.0	-1.0	0.0	0.0625		0.8	764.4390151207645	764.4380805047323	766.5027420607665	762.086283750762	762.0873836407621	762.2193666300001	
762.2193666300001	1.2229999999999563	WheelMovementIntervals													-0.14735609651967252
764.13036663	0.36099999999999	WheelMovementIntervals													0.40336200939435685
767.4492807307674	2.955395097974133	trials	1.0	1.0	1.5	0.125		0.8	768.8535736207689	768.8534774514081	769.9045685107699	768.2212368607683	768.2223034207682	768.4063666300001	
768.4063666300001	0.9779999999999518	WheelMovementIntervals													-0.3023554892100151
770.8619727607709	4.009319682164346	trials	-1.0	-1.0	0.0	0.125		0.8	772.3095946507723	772.30867914113	774.3711884707744	771.9193670107719	771.920266920772	772.05236663	
771.18736663	0.22299999999995634	WheelMovementIntervals													0.01937190792830279
772.05236663	0.4210000000000491	WheelMovementIntervals													0.4857371662214973
775.3310924707754	2.506606124692098	trials	-1.0	1.0	1.5		1.0	0.8	776.2865969107763	776.286494042916	777.3376251307774	775.969428630776	775.970561850776	775.97236663	
775.97236663	0.7270000000000891	WheelMovementIntervals													1.1721979433222316
777.3923666300001	0.3509999999999991	WheelMovementIntervals													-0.030780858984940096
778.2723983107783	5.1651074066605815	trials	1.0	1.0	1.5	0.25		0.8	781.8763045507819	781.8762020831186	782.9374317607829	778.9526636107789	778.9535301907789	779.12436663	
779.12436663	0.7699999999999818	WheelMovementIntervals													-0.2375322936596831
780.24936663	0.22500000000002274	WheelMovementIntervals													0.02842858271006321
781.28036663	0.8310000000000173	WheelMovementIntervals													0.2997635167472765
783.8897031907838	3.7311173524635706	trials	-1.0	-1.0	0.0	0.125		0.8	785.046154200785	785.0452076356548	787.1207800507872	784.4691452407844	784.4701451407844	784.6523666300001	
784.6523666300001	0.7119999999999891	WheelMovementIntervals													0.8951019435344847
788.0621192407881	5.0903146052122565	trials	1.0	-1.0	0.0		0.0	0.8	790.5774343507906	790.576424973057	792.6523601707927	789.8525735107899	789.8534400907898	789.99536663	
788.5133666300001	0.3229999999999791	WheelMovementIntervals													-0.10810177180414371
789.99536663	0.8999999999999773	WheelMovementIntervals													-0.4790300217127026
793.6019318707936	3.252097215053027	trials	-1.0	-1.0	0.0	0.0		0.8	794.2763977507943	794.2756308795521	796.3539566407964	794.1206466607941	794.1217132207942	794.12436663	
794.12436663	0.3509999999999991	WheelMovementIntervals													0.6037110706167255
797.3128274107974	7.457809828536483	trials	1.0	1.0	1.5	0.125		0.8	803.1969389408032	803.1968335872966	804.2705649008043	797.8691717707978	797.8700383507979	797.8443666300001	
797.8443666300001	0.5559999999999263	WheelMovementIntervals													-0.2044057961802821
799.38636663	0.36200000000008004	WheelMovementIntervals													0.12382036163552357
803.04436663	0.6020000000000891	WheelMovementIntervals													-0.7947537712221617
803.9213666300001	5.829999999999927	WheelMovementIntervals													9.467126744515866
805.2388347308053	16.64655011078969	trials	-1.0	-1.0	0.0	0.0		0.8	819.3184599608194	819.3174754199881	821.3852865908214	810.2521666808102	810.2532999008102	819.17436663	
819.17436663	0.4600000000000364	WheelMovementIntervals													0.9352535036647396
822.4075843508224	3.1460071632455993	trials	1.0	1.0	1.5	0.25		0.8	824.004591300824	824.0044869716685	825.053486400825	822.8869697408229	822.888102960823	823.06436663	
823.06436663	1.5020000000000664	WheelMovementIntervals													-0.3064511382631565
826.014690270826	2.6705075034104766	trials	-1.0	1.0	1.5		0.0625	0.8	827.1334783808271	827.1333925762597	828.1851398708282	826.7351848808268	826.7360514608267	826.8113666300001	
826.8113666300001	0.7519999999999527	WheelMovementIntervals													0.7060986807406948
829.2803970008293	2.488206802396462	trials	1.0	1.0	1.5	1.0		0.8	830.2013049008302	830.201198407968	831.2685315008313	829.9200330308299	829.9210329308299	830.06836663	
830.06836663	0.6240000000000236	WheelMovementIntervals													-0.5493043602799901
832.2251025008322	2.79350979051128	trials	1.0	1.0	1.5	1.0		0.8	833.4503133008335	833.450205917388	834.5185398008346	832.9031346908329	832.904001270833	832.8773666300001	
832.8773666300001	0.9759999999999991	WheelMovementIntervals													-0.3286210480976024
835.4774105708354	7.190903673600019	trials	1.0	1.0	1.5	0.125		0.8	841.0945154708411	841.0944118781279	842.1682414208422	835.953396300836	835.954296210836	836.02836663	
836.02836663	1.1129999999999427	WheelMovementIntervals													-0.1423002078608704
840.17336663	1.3770000000000664	WheelMovementIntervals													0.24218079417843796
843.1255123508431	4.5276343265837795	trials	-1.0	-1.0	0.0	0.125		0.8	845.0865828908451	845.0855259121258	847.1530762208472	843.6697579208437	843.6708911408437	843.7143666300001	
843.7143666300001	0.36399999999991905	WheelMovementIntervals													0.20672948089870147
844.8883666300001	0.3009999999999309	WheelMovementIntervals													0.19102620038938767
848.1132468608481	9.106410654928709	trials	-1.0	-1.0	0.0	0.0625		0.8	854.6450936108547	854.6440530678669	856.7196528008567	849.2849963408493	849.2858295908493	852.4303666300001	
848.4493666300001	0.2339999999999236	WheelMovementIntervals													0.036627219164955704
849.6953666300001	0.08699999999998909	WheelMovementIntervals													-0.003227746027931744
852.4303666300001	1.009999999999991	WheelMovementIntervals													-0.18344059332062557
853.7623666300001	0.15599999999994907	WheelMovementIntervals													0.0115582315167444
854.4403666300001	0.4839999999999236	WheelMovementIntervals													0.843944632099749
857.6879559608577	2.6131962741173993	trials	1.0	1.0	1.5	0.125		0.8	858.7409506508587	858.74085365381	859.8011112908598	858.2847962708582	858.2857295108583	858.36536663	
858.36536663	0.7930000000000064	WheelMovementIntervals													-0.43512430270570235
860.7548492408607	3.498006453403832	trials	1.0	1.0	1.5	1.0		0.8	862.6904556608627	862.6903511516833	863.7527827508637	862.3529227508624	862.3540226408624	862.38936663	
861.15836663	0.5240000000000009	WheelMovementIntervals													0.21464998457653905
862.38936663	0.7759999999999536	WheelMovementIntervals													-0.43523416808568527
864.7153531508648	21.25365881388177	trials	-1.0	-1.0	0.0	0.0		0.8	883.4064838508834	883.4056031124106	885.4689775808855	866.4678445508665	866.4686444708665	866.57236663	
865.21736663	0.4660000000000082	WheelMovementIntervals													0.21284017197461935
866.57236663	1.2530000000000427	WheelMovementIntervals													-0.24697322760422935
873.8633666300001	0.4029999999999063	WheelMovementIntervals													0.3537903995419356
876.66536663	0.2880000000000109	WheelMovementIntervals													0.07816649119385488
879.56836663	0.19000000000005457	WheelMovementIntervals													0.016188082797015113
883.01936663	1.7870000000000346	WheelMovementIntervals													0.992168329607324
886.4651112908865	3.6873887822284814	trials	-1.0	-1.0	0.0	0.0625		0.8	887.5784332808876	887.5774070021155	889.6524591908897	887.0675843708871	887.0684176208871	887.14536663	
887.14536663	0.6829999999999927	WheelMovementIntervals													0.6191700165291252
890.6250952508906	27.3600796649514	trials	1.0	1.0	1.5	0.0625		0.8	916.4089499409164	916.408868441302	917.4850423209175	891.2007376808912	891.2017042508912	903.72636663	
895.6663666300001	0.22299999999995634	WheelMovementIntervals													-0.04564425151639284
901.76136663	0.2960000000000491	WheelMovementIntervals													-0.09418638393535161
903.72636663	0.3160000000000309	WheelMovementIntervals													0.277114948127803
904.71136663	0.2960000000000491	WheelMovementIntervals													-0.31019737039287065
911.4553666300001	0.21100000000001273	WheelMovementIntervals													0.02424858307065847
915.63136663	1.3350000000000364	WheelMovementIntervals													0.23407141331907155
918.4977743709185	2.6525925843112645	trials	1.0	1.0	1.5	0.125		0.8	919.5905650809196	919.5904700803319	920.6502591009206	919.000290780919	919.001424000919	919.17236663	
919.17236663	0.48299999999994725	WheelMovementIntervals													-0.28017656989894135
921.6200621109216	2.863402528272559	trials	1.0	1.0	1.5	0.25		0.8	922.8959678409229	922.8958619007417	923.983425750924	922.3688205609224	922.3697204709224	922.5313666300001	
922.5313666300001	0.44399999999996	WheelMovementIntervals													-0.2773045407001291
924.958561560925	2.6918165123264544	trials	1.0	1.0	1.5	0.125		0.8	926.0664840909261	926.0663675334131	927.1503090309271	925.6685572209257	925.6693571409256	925.8483666300001	
925.8483666300001	0.3789999999999054	WheelMovementIntervals													-0.3493992465695044
928.1210786109282	3.3806158215406867	trials	1.0	1.0	1.5	0.25		0.8	929.92399830093	929.923885981649	931.001623860931	928.6350938709287	928.6359937809286	928.7813666300001	
928.7813666300001	1.5579999999999927	WheelMovementIntervals													-0.2797831480063451
931.963594320932	2.4532079815829775	trials	1.0	1.0	1.5	1.0		0.8	932.8573049409329	932.8571964997752	933.9167656509339	932.5167056709325	932.5176055809326	932.6623666300001	
932.6623666300001	0.3590000000000373	WheelMovementIntervals													-0.37801180814804525
934.891901460935	2.443209935351888	trials	-1.0	1.0	1.5		0.0625	0.8	935.7666139809357	935.7665039436016	936.8350404609369	935.4015171609354	935.4025837209355	935.5413666300001	
935.5413666300001	0.5860000000000127	WheelMovementIntervals													0.5910761985557542
937.8088097409378	3.0247869248639745	trials	-1.0	1.0	1.5		0.0	0.8	939.2661973209392	939.2661024779845	940.3335239109404	938.899833960939	938.9008671909389	939.0033666300001	
937.87436663	0.51400000000001	WheelMovementIntervals													0.14242471471229123
939.0033666300001	0.70799999999997	WheelMovementIntervals													0.43721574767417337
941.3060933109413	2.5123314610831358	trials	-1.0	1.0	1.5		0.0625	0.8	942.2479991109423	942.2479047300538	943.3183920609433	941.8015437609419	941.8025103309418	941.90936663	
941.90936663	0.7140000000000555	WheelMovementIntervals													0.6819477552638773
944.2876284609443	3.913797879741878	trials	-1.0	-1.0	0.0	0.0625		0.8	945.6414597309456	945.6406270365725	947.7013537209477	945.1999705509452	945.2008038009452	945.28436663	
944.56236663	0.06500000000005457	WheelMovementIntervals													0.0362955700896066
945.28436663	0.9260000000000446	WheelMovementIntervals													0.8866792264495302
948.6666238509487	2.634694048528786	trials	-1.0	1.0	1.5		0.125	0.8	949.7392165809498	949.7391202071024	950.8012437009509	949.2666305109493	949.2677637309492	949.55436663	
949.55436663	0.24100000000009913	WheelMovementIntervals													0.34274515203054534
951.7718133009517	3.4961355645575622	trials	-1.0	-1.0	0.0	0.0625		0.8	952.7034534609527	952.7025219699851	954.7678803309548	952.2662971809523	952.2674637309523	952.3453666300001	
952.3453666300001	0.5570000000000164	WheelMovementIntervals													0.5219784028118966
955.7355502209557	3.9658922680578144	trials	1.0	1.0	1.5	0.0625		0.8	958.1299440909581	958.1298443455737	959.2013702709592	957.1162788009572	957.1173453609571	957.80836663	
956.0323666300001	0.37799999999992906	WheelMovementIntervals													0.22131620358686632
957.25636663	0.33400000000006	WheelMovementIntervals													-0.07291742457601913
957.80836663	0.7300000000000182	WheelMovementIntervals													-0.2308723493103173
960.1774393209602	2.43891000259714	trials	-1.0	1.0	1.5		0.0625	0.8	961.0549515609611	961.0548421999109	962.1162454209622	960.7495154409607	960.7503153609607	960.3873666300001	
960.3873666300001	1.0960000000000036	WheelMovementIntervals													1.0459189542006584
963.0818488509631	3.700918039338717	trials	-1.0	-1.0	0.0	0.0		0.8	964.2156021309643	964.214653454316	966.2827287309663	963.7678469109637	963.7689468009638	963.8453666300001	
963.8453666300001	0.8179999999999836	WheelMovementIntervals													0.5468185151136424
967.2455657709672	4.204100098588469	trials	-1.0	-1.0	0.0	0.125		0.8	968.8679035209689	968.8668650376933	970.949562000971	968.5344368709685	968.5352367909685	968.47736663	
967.44736663	0.2980000000000018	WheelMovementIntervals													0.11466073909522834
968.47736663	0.5970000000000937	WheelMovementIntervals													0.6334017476725364
971.9329636509719	3.0498133815355004	trials	1.0	1.0	1.5	1.0		0.8	973.4057830209734	973.4056691469311	974.4826753209745	972.7842451809728	972.7852117509728	972.95136663	
972.0363666300001	0.29099999999994	WheelMovementIntervals													-0.16196570792504872
972.95136663	1.09699999999998	WheelMovementIntervals													-0.28123969985534814
975.4673768409755	3.6004944124856593	trials	-1.0	-1.0	0.0	0.0625		0.8	976.4801755509765	976.4792747085489	978.5678334309786	976.1677401309762	976.1688400209762	976.2723666300001	
976.2723666300001	0.38400000000001455	WheelMovementIntervals													0.527176119388514
978.54836663	0.33600000000001273	WheelMovementIntervals													0.29650290402761925
979.5530682309795	3.6980304921344214	trials	1.0	1.0	1.5	0.25		0.8	981.6687899709817	981.6686845311219	982.7510484009828	980.04911862098	980.05011852098	980.2193666300001	
980.2193666300001	0.7300000000000182	WheelMovementIntervals													-0.2150996440814481
981.3353666300001	0.7599999999999909	WheelMovementIntervals													-0.14453579769644875
983.75636663	0.12600000000009004	WheelMovementIntervals													-0.027414780650957482
983.8855016109839	3.581898289415335	trials	-1.0	-1.0	0.0	0.0625		0.8	984.8834018109849	984.8825002998225	986.967326730987	984.5658002409846	984.5667668109846	984.54436663	
984.54436663	0.41700000000003	WheelMovementIntervals													0.35302970736930206
987.1663666300001	0.19700000000000273	WheelMovementIntervals													-0.06873891409770749
987.938396280988	4.17900165101571	trials	-1.0	-1.0	0.0	0.0		0.8	989.5593675009895	989.5582961457118	991.6172950209916	989.2658301909893	989.2667634309893	989.4013666300001	
989.4013666300001	0.4619999999999891	WheelMovementIntervals													0.5422297222047803
992.32236663	0.25900000000001455	WheelMovementIntervals													0.09047838273951925
992.6084958909926	2.7573100896781852	trials	-1.0	1.0	1.5		0.0625	0.8	993.8202080409939	993.8200994457189	994.8657368109949	993.5324701509935	993.5333367309936	993.6713666300001	
993.6713666300001	0.9489999999999554	WheelMovementIntervals													1.1826097789852383
995.8465053909958	2.6206213608957114	trials	1.0	1.0	1.5	0.25		0.8	996.9215312109969	996.9214133323111	997.967059980998	996.4006166409964	996.4016165409964	996.60536663	
996.60536663	0.7910000000000537	WheelMovementIntervals													-0.35309289138962185
998.9502283209989	3.231898625986105	trials	-1.0	1.0	1.5		0.0	0.8	1000.6385261410006	1000.6384260362119	1001.6820551110017	1000.3488884410003	1000.3499216710004	1000.4973666300001	
1000.4973666300001	0.4459999999999127	WheelMovementIntervals													0.7286531044487674
1002.6668232910026	2.881900349369971	trials	1.0	1.0	1.5	0.25		0.8	1004.003822911004	1004.0037225252836	1005.048685081005	1003.2172015810032	1003.2182348110032	1003.33836663	
1003.33836663	1.0810000000000173	WheelMovementIntervals													-0.3019037310459112
1006.019021371006	3.2312274950421624	trials	-1.0	1.0	1.5		0.25	0.2	1007.7059526610077	1007.7058346803061	1008.7501482310088	1007.3671865410074	1007.3681864410074	1007.4733666300001	
1006.34236663	0.30700000000001637	WheelMovementIntervals													0.08226714612706587
1007.4733666300001	0.5179999999999154	WheelMovementIntervals													0.9943598826334608
1009.7261506210098	2.391086277544332	trials	-1.0	1.0	1.5		1.0	0.2	1010.5675331410106	1010.5674447372809	1011.6171615010117	1010.2821283510103	1010.2831615810103	1010.4123666300001	
1010.4123666300001	0.6779999999999973	WheelMovementIntervals													1.4295885910922834
1012.5930305710126	3.4738366449678324	trials	-1.0	1.0	1.5		1.0	0.2	1014.4921406410145	1014.4920489634758	1015.5667998310156	1014.2152350010142	1014.2161015810142	1014.35136663	
1013.0163666300001	0.3009999999999309	WheelMovementIntervals													0.16651227727820128
1014.35136663	0.47500000000002274	WheelMovementIntervals													1.0114663758370739
1016.5433688310166	4.48870448269372	trials	-1.0	-1.0	0.0	0.25		0.2	1018.4614103410184	1018.4604698913614	1020.5319699310205	1018.1651399710182	1018.1660732110182	1018.29436663	
1016.86636663	0.20800000000008367	WheelMovementIntervals													0.17670677288191428
1018.29436663	0.38400000000001455	WheelMovementIntervals													0.6393480719291915
1021.5153715810216	2.983189529971696	trials	-1.0	1.0	1.5		1.0	0.2	1022.9388625510229	1022.9387656310931	1023.998523241024	1022.6668230910227	1022.6676896710227	1022.77036663	
1021.8153666300001	0.3170000000000073	WheelMovementIntervals													0.35397813171044845
1022.77036663	0.6130000000000564	WheelMovementIntervals													1.2626414546371905
1024.0213666299999	0.17000000000007276	WheelMovementIntervals													0.021913949872782723
1024.993757041025	14.872928752932921	trials	-1.0	-1.0	0.0	0.0625		0.2	1037.2918937710374	1037.2910791610416	1039.3666862710393	1025.5999630810256	1025.6010629710256	1036.88436663	
1028.80836663	0.15399999999999636	WheelMovementIntervals													-0.007955024495174712
1036.88436663	1.8450000000000273	WheelMovementIntervals													1.8057495379371176
1040.3820847210404	2.4996304715925817	trials	-1.0	1.0	1.5		0.125	0.2	1041.3085920610413	1041.3084952731535	1042.3815847510423	1040.964959761041	1040.965826341041	1041.12936663	
1041.12936663	0.59699999999998	WheelMovementIntervals													0.8767396379908234
1043.3653197010433	8.63412065110947	trials	-1.0	-1.0	0.0	0.0		0.2	1049.4520776310494	1049.4511335522504	1051.4994062110516	1043.899732921044	1043.9007994810438	1046.04636663	
1046.04636663	0.2599999999999909	WheelMovementIntervals													0.11891144653347396
1049.20936663	0.26900000000000546	WheelMovementIntervals													0.14646665715031304
1052.4998394910524	2.2665939276271274	trials	-1.0	1.0	1.5		0.125	0.2	1053.2153346010532	1053.2152369431965	1054.2663628210544	1052.9479613410529	1052.949061231053	1053.0613666299998	
1053.0613666299998	0.6420000000000528	WheelMovementIntervals													1.2486019651809386
1055.2543306810553	2.4619923857649155	trials	1.0	1.0	1.5	1.0		0.2	1056.1699391110562	1056.169827105984	1057.2163011310572	1055.8645363210558	1055.8657028710559	1056.01936663	
1056.01936663	0.6079999999999472	WheelMovementIntervals													-0.45363111904271136
1058.3759184910584	2.290121024016571	trials	-1.0	1.0	1.5		0.0	0.2	1059.1215439210591	1059.1214250095065	1060.1659728010602	1058.847904621059	1058.8490045110589	1058.9733666299999	
1058.9733666299999	0.61200000000008	WheelMovementIntervals													0.8509922720905934
1061.1436416910612	3.3890119160982977	trials	-1.0	-1.0	0.0	0.125		0.2	1061.964959551062	1061.964044091522	1064.032552771064	1061.6644562710617	1061.6653561810617	1061.7823666299998	
1061.7823666299998	0.39000000000010004	WheelMovementIntervals													0.6650913005931613
1064.1963666299998	0.8130000000001019	WheelMovementIntervals													0.9304698571785366
1065.0295530610651	2.5865948902567197	trials	-1.0	1.0	1.5		1.0	0.2	1066.057350271066	1066.0572502362459	1067.1161443810672	1065.7979762110658	1065.7989427810658	1065.90036663	
1065.90036663	0.5249999999998636	WheelMovementIntervals													1.0491092836483915
1066.88536663	0.38599999999996726	WheelMovementIntervals													0.03409515945119779
1068.103745611068	3.0273153749474204	trials	1.0	1.0	1.5	0.125		0.2	1069.5725653810696	1069.5724525850972	1070.6309928610706	1068.7311495310687	1068.7322494210687	1068.88436663	
1068.88436663	1.038000000000011	WheelMovementIntervals													-0.33566466934706796
1071.6038622310716	2.3272164280908783	trials	-1.0	1.0	1.5		0.25	0.2	1072.3692523510724	1072.369167304599	1073.4310461610735	1072.116011011072	1072.1168775910721	1071.9943666299998	
1071.9943666299998	2.094000000000051	WheelMovementIntervals													1.8151488069957225
1074.4170808810745	2.6322927999831336	trials	1.0	1.0	1.5	0.25		0.2	1075.4822743510756	1075.482177158501	1076.5493343010767	1075.0993459810752	1075.1001792310751	1075.25636663	
1075.25636663	0.21199999999998909	WheelMovementIntervals													-0.27113148993325353
1077.5357689810776	2.3952113567122524	trials	-1.0	1.0	1.5		0.25	0.2	1078.3610864410784	1078.3609722046715	1079.4309461110795	1078.064149471078	1078.0651493710782	1078.02636663	
1078.02636663	0.7739999999998872	WheelMovementIntervals													1.3927914357996372
1079.38536663	0.10300000000006548	WheelMovementIntervals													0.024616244241826735
1080.4130812210803	4.11780682619451	trials	1.0	1.0	1.5	1.0		0.2	1082.970992071083	1082.9708848400605	1084.0308527410841	1081.7661125710817	1081.7671124710819	1081.87336663	
1080.77036663	0.26500000000010004	WheelMovementIntervals													0.112235105857593
1081.87336663	1.4829999999999472	WheelMovementIntervals													-0.2937273420488964
1085.014187731085	2.7183129345905854	trials	-1.0	1.0	1.5		0.25	0.2	1086.1701054610862	1086.1699928055782	1087.2324325510872	1085.915864221086	1085.916730801086	1085.90836663	
1085.33236663	0.24099999999998545	WheelMovementIntervals													0.18216508984463076
1085.90836663	0.7419999999999618	WheelMovementIntervals													0.9121929219177503
1088.2166007910882	2.3142888446811867	trials	-1.0	1.0	1.5		0.25	0.2	1088.973191791089	1088.9730964908722	1090.03085268109	1088.6974193710887	1088.6983526110887	1088.77436663	
1088.77436663	0.8019999999999072	WheelMovementIntervals													0.8289353480006412
1091.0330857810911	4.382412270294253	trials	-1.0	1.0	1.5		0.0625	0.2	1093.844804581094	1093.84469301173	1094.915430841095	1093.4152808710935	1093.4163141010933	1093.51536663	
1091.44836663	0.7409999999999854	WheelMovementIntervals													0.2501183930179707
1093.51536663	0.7729999999999109	WheelMovementIntervals													0.5065649326438404
1095.916997341096	4.765008145299589	trials	-1.0	1.0	1.5		0.25	0.2	1099.1131110310992	1099.1130014628943	1100.1819708011003	1098.7473142810989	1098.7482475210988	1098.89536663	
1096.32236663	0.7719999999999345	WheelMovementIntervals													1.5913781846174118
1097.59436663	0.4600000000000364	WheelMovementIntervals													0.2772297517365985
1098.89536663	0.6000000000001364	WheelMovementIntervals													0.6334514367092083
1101.1819041311012	3.2651226124730783	trials	1.0	1.0	1.5	0.125		0.2	1102.8981324911028	1102.8980149647798	1103.946994261104	1101.6639225911017	1101.6648891611017	1101.69336663	
1101.69336663	0.22500000000013642	WheelMovementIntervals													0.1486662990934633
1102.22936663	1.2349999999999	WheelMovementIntervals													-0.44317337062256
1104.944027881105	2.371314018929752	trials	-1.0	1.0	1.5		1.0	0.2	1105.7638125611059	1105.7637316900727	1106.8152740711068	1105.4654090711056	1105.4661756611056	1105.46736663	
1105.46736663	0.7590000000000146	WheelMovementIntervals													1.011243956459822
1106.4653666299998	0.09000000000014552	WheelMovementIntervals													0.00853486703482531
1107.6673666299998	0.52800000000002	WheelMovementIntervals													0.586160710099989
1107.8105412011078	3.4384064965286143	trials	1.0	1.0	1.5	1.0		0.2	1109.6750214011097	1109.6749436392543	1110.7488140111107	1109.1971025311093	1109.1981357611091	1109.34236663	
1109.34236663	0.8139999999998508	WheelMovementIntervals													-0.3283379643859803
1111.65236663	1.6320000000000618	WheelMovementIntervals													1.2409906914251962
1111.7486473511117	2.716512325814392	trials	-1.0	1.0	1.5		1.0	0.2	1112.901732031113	1112.901652158275	1113.965092351114	1112.6302258511128	1112.6310924311126		
1114.11136663	0.09500000000002728	WheelMovementIntervals													0.009337060208082448
1114.957859731115	2.490704385999379	trials	-1.0	1.0	1.5		0.125	0.2	1115.8755346211158	1115.875460241731	1116.9484606511169	1115.4802408211156	1115.4810740711155	1115.6653666299999	
1115.6653666299999	0.6280000000001564	WheelMovementIntervals													0.4970277034730941
1117.940961391118	6.507402195306668	trials	-1.0	1.0	1.5		0.125	0.2	1122.879967441123	1122.8798615393493	1123.948360591124	1122.6300257711227	1122.6309923411227	1122.7533666299998	
1118.30336663	0.24900000000002365	WheelMovementIntervals													0.0865106871603416
1119.7153666299998	2.145000000000209	WheelMovementIntervals													-0.3602525025338821
1122.7533666299998	0.6929999999999836	WheelMovementIntervals													1.362414563565892
1124.9381616011249	3.2266978815857783	trials	-1.0	1.0	1.5		0.125	0.2	1126.6029617711265	1126.6028594763782	1127.6647889111277	1126.2302323811261	1126.2312989411262	1126.30536663	
1125.18936663	0.25499999999988177	WheelMovementIntervals													0.12782788698456216
1126.30536663	0.7619999999999436	WheelMovementIntervals													0.7340104876463727
1128.6518568611286	2.378211075782474	trials	-1.0	1.0	1.5		0.0625	0.2	1129.4628757511296	1129.462759955715	1130.5300023611305	1129.129875721129	1129.1309422811291	1129.2053666299998	
1129.2053666299998	0.6520000000000437	WheelMovementIntervals													0.7444944221509786
1131.5316688511316	3.8497306781673615	trials	1.0	1.0	1.5	0.125		0.2	1133.809474381134	1133.8093858187467	1134.8813005211348	1132.998122191133	1132.999222081133	1133.10536663	
1131.67036663	0.4880000000000564	WheelMovementIntervals													0.22569465273164724
1133.10536663	1.1200000000001182	WheelMovementIntervals													-0.31606324772741345
1135.883700271136	2.514402924585738	trials	-1.0	1.0	1.5		0.0625	0.2	1136.830272271137	1136.8302002427477	1137.8980321511378	1136.5132706411366	1136.5142038811366	1136.61536663	
1136.61536663	0.6289999999999054	WheelMovementIntervals													0.701529071364007
1138.884300181139	2.8635994623750776	trials	-1.0	1.0	1.5		0.0	0.2	1140.1744044911402	1140.1742990379855	1141.2478638011412	1139.91303063114	1139.9141638511398	1139.9253666299999	
1139.19836663	0.36199999999985266	WheelMovementIntervals													0.21657465776561935
1139.9253666299999	0.6480000000001382	WheelMovementIntervals													0.9871269583662468
1142.2470972011422	2.332816443753245	trials	-1.0	1.0	1.5		0.0625	0.2	1143.015587011143	1143.0155019587598	1144.0797805811442	1142.7297489311427	1142.7308154911427	1142.80436663	
1142.80436663	0.5539999999998599	WheelMovementIntervals													0.9936118764738922
1143.85036663	0.13099999999985812	WheelMovementIntervals													0.004683150257477564
1145.0719146911451	3.1412043913430807	trials	-1.0	1.0	1.5		1.0	0.2	1146.6562229111466	1146.6561158971695	1147.7130172211478	1146.3982820411463	1146.3990819611465	1146.50436663	
1145.3303666299998	0.18900000000007822	WheelMovementIntervals													-0.021399341263020233
1146.50436663	0.7189999999998236	WheelMovementIntervals													1.4720170062769
1147.48136663	2.36200000000008	WheelMovementIntervals													1.3879035958855468
1148.7105174611488	4.553796626388703	trials	-1.0	-1.0	0.0	0.0625		0.2	1150.7013850211506	1150.7006151127762	1152.7642453811527	1150.3809504011504	1150.3820502911503	1150.42736663	
1150.42736663	0.4989999999997963	WheelMovementIntervals													0.5826343982998878
1153.7697114911539	4.96161955260709	trials	1.0	-1.0	0.0		0.0	0.2	1156.1726711711563	1156.171719988684	1158.2312652911583	1154.879733811155	1154.880667051155	1155.20736663	
1153.90136663	0.44299999999998363	WheelMovementIntervals													0.4481766021712019
1155.20736663	1.038000000000011	WheelMovementIntervals													-0.29963795458525055
1159.0993666299998	0.34699999999998	WheelMovementIntervals													0.5256510170355568
1159.2422308511593	10.303819501382804	trials	-1.0	1.0	1.5		0.0625	0.2	1167.979757011168	1167.9796456919512	1169.0459837111691	1160.06281545116	1160.06361537116	1167.61536663	
1165.92836663	0.09199999999987085	WheelMovementIntervals													-0.023091410494799902
1167.61536663	2.2539999999999054	WheelMovementIntervals													1.869590093481122
1170.0574492211701	3.48860258538366	trials	-1.0	-1.0	0.0	0.125		0.2	1170.985523071171	1170.9845493767366	1173.045983671173	1170.6477568511707	1170.6488567411707	1170.76736663	
1170.76736663	0.3450000000000273	WheelMovementIntervals													0.4379634004788784
1173.85536663	0.30300000000011096	WheelMovementIntervals													0.31395232786772453
1174.0503498911742	2.7122115179786306	trials	-1.0	1.0	1.5		0.125	0.2	1175.1929689511753	1175.1928539005696	1176.2625619811763	1174.8642018311748	1174.8651350711748	1175.0513666299998	
1175.0513666299998	0.38400000000001455	WheelMovementIntervals													0.721850483304479
1175.6083666299999	0.13000000000010914	WheelMovementIntervals													0.006111160208234878
1177.2703611911772	3.3090196219154677	trials	-1.0	1.0	1.5		0.0625	0.2	1179.019186291179	1179.0190699753166	1180.07931360118	1178.7476467811787	1178.7484467011789	1178.86636663	
1177.38936663	0.48099999999999454	WheelMovementIntervals													0.24860925675793055
1178.86636663	0.4329999999999927	WheelMovementIntervals													0.8441215428682654
1181.078680321181	2.535398627835548	trials	-1.0	1.0	1.5		0.25	0.2	1182.0434838311821	1182.0433790380996	1183.114010101183	1181.7139834511818	1181.7150833411818	1181.7633666299998	
1181.7633666299998	0.7520000000001801	WheelMovementIntervals													1.2877401243862323
1184.1086772911842	3.287219579350449	trials	-1.0	1.0	1.5		0.0	0.2	1185.8275720511858	1185.827487005889	1186.895865211187	1185.5123035811855	1185.5133701411855	1185.54536663	
1184.25736663	0.6349999999999909	WheelMovementIntervals													0.15697581853817155
1185.54536663	0.571999999999889	WheelMovementIntervals													0.6288827503407504
1187.9037977411879	2.4435050098506963	trials	-1.0	1.0	1.5		1.0	0.2	1188.7809766811888	1188.7808988215797	1189.8472700411899	1188.5137700711884	1188.5146699811885	1188.5893666299999	
1188.5893666299999	0.6840000000001965	WheelMovementIntervals													0.8983959974645188
1189.59236663	0.06700000000000728	WheelMovementIntervals													0.0020502511470397167
1190.50136663	0.5080000000000382	WheelMovementIntervals													0.741341921980478
1190.8670013911908	2.6118921949994274	trials	-1.0	1.0	1.5		1.0	0.2	1191.920196061192	1191.9200974378855	1192.978856851193	1191.4123801811913	1191.4133134211913	1191.53336663	
1191.53336663	0.8729999999998199	WheelMovementIntervals													1.0965512386184457
1193.983689691194	3.246706628063066	trials	-1.0	1.0	1.5		1.0	0.2	1195.6662880811957	1195.6661915713216	1196.7303483311966	1195.4306116511955	1195.4319448511953	1195.54336663	
1194.27436663	0.5109999999999673	WheelMovementIntervals													0.26941545767979846
1195.54336663	0.5679999999999836	WheelMovementIntervals													1.2461039009134254
1197.9390941111978	3.10640639954363	trials	-1.0	1.0	1.5		0.25	0.2	1199.4822064511995	1199.482096296522	1200.5454334512006	1199.2288984511993	1199.2298983511992	1199.30436663	
1198.30736663	0.29899999999997817	WheelMovementIntervals													0.25789728943985324
1199.30436663	0.4939999999999145	WheelMovementIntervals													0.7989117932735894
1201.5541992312017	2.5079277269667273	trials	-1.0	1.0	1.5		0.0625	0.2	1202.4854061012024	1202.4853087827626	1203.5620650912035	1202.146906621202	1202.147839861202	1202.08536663	
1202.08536663	0.9139999999999873	WheelMovementIntervals													0.7631391276189845
1204.5771302412045	4.586392460159232	trials	1.0	1.0	1.5	0.125		0.2	1207.5819297312075	1207.581823991347	1208.6635215612087	1207.0468165812072	1207.047816481207	1207.21936663	
1205.14436663	0.7309999999999945	WheelMovementIntervals													1.1698317513666723
1207.21936663	0.7159999999998945	WheelMovementIntervals													-0.3561869529463877
1209.6828196212098	2.446005700046044	trials	1.0	1.0	1.5	1.0		0.8	1210.5407338212106	1210.5406209187963	1211.6287250112116	1210.2619283712102	1210.2627616212103	1210.18836663	
1210.18836663	0.6979999999998654	WheelMovementIntervals													-0.6460079115182111
1211.28036663	0.12400000000002365	WheelMovementIntervals													0.006315527243543784
1212.6378240912127	2.4926029341547746	trials	1.0	1.0	1.5	0.25		0.8	1213.5633315312136	1213.5632244380258	1214.6303248212146	1213.2802931712133	1213.2810930912133	1213.4263666299998	
1212.65836663	0.055999999999812644	WheelMovementIntervals													0.016438340565798626
1213.4263666299998	0.44000000000005457	WheelMovementIntervals													-0.40347483393023253
1215.6263252112155	4.4190358960565845	trials	1.0	1.0	1.5	0.25		0.8	1218.4897388412185	1218.489647174224	1219.5452666112196	1217.3786499612174	1217.3797165212175	1217.52436663	
1215.89436663	0.5319999999999254	WheelMovementIntervals													0.36460648364345616
1217.52436663	1.3479999999999563	WheelMovementIntervals													-0.29345813593269554
1220.5699641312206	3.0934069956995245	trials	1.0	1.0	1.5	0.25		0.8	1222.1021442312222	1222.1020671007711	1223.1633047712232	1221.1467731112211	1221.1476730212212	1221.1173666299999	
1221.1173666299999	1.3020000000001346	WheelMovementIntervals													-0.2904791154270754
1224.1763701212242	4.269991227129367	trials	-1.0	1.0	1.5		0.25	0.8	1226.880766321227	1226.88066266517	1227.946293091228	1226.5617648912266	1226.5625981412265	1226.72536663	
1224.44836663	0.45499999999992724	WheelMovementIntervals													0.26937055219522676
1225.13436663	0.12799999999992906	WheelMovementIntervals													0.00959141787302542
1226.72536663	0.44299999999998363	WheelMovementIntervals													0.7435554275023435
1228.974856891229	2.336715291073915	trials	1.0	1.0	1.5	1.0		0.8	1229.7535790112297	1229.7534609866705	1230.8115065412308	1229.4448765512295	1229.4459097812294	1229.29936663	
1229.29936663	0.7550000000001091	WheelMovementIntervals													-0.3717058062742069
1231.8151728312318	3.34801403875872	trials	1.0	1.0	1.5	0.25		0.8	1233.6068603112337	1233.6067798086012	1234.6631213412347	1232.5464996912326	1232.5475329212325	1232.40136663	
1232.40136663	1.6869999999998981	WheelMovementIntervals													-0.32465827027544947
1235.6744868612357	2.6702151624183443	trials	-1.0	1.0	1.5		0.0625	0.8	1236.7812761712369	1236.7811919021065	1237.8446698212379	1236.3780831612364	1236.3791830512364	1236.3093666299999	
1236.3093666299999	0.8350000000000364	WheelMovementIntervals													0.7018388512908018
1238.862301381239	3.8323009415760225	trials	1.0	1.0	1.5	1.0		0.8	1241.1252750612412	1241.12520075626	1242.1945347912422	1240.7628446412407	1240.7638112112409	1240.85036663	
1238.96236663	0.375	WheelMovementIntervals													0.27431067928714015
1239.88336663	0.19200000000000728	WheelMovementIntervals													0.018377453799502064
1240.85036663	0.7559999999998581	WheelMovementIntervals													-0.42628374545802217
1242.93036663	0.8640000000000327	WheelMovementIntervals													0.29298503752269767
1243.2072001812433	7.5220967641193965	trials	-1.0	-1.0	0.0	0.0625		0.8	1248.1717370112483	1248.1708967261798	1250.2292312412503	1244.5632312312446	1244.5640978112447	1244.49736663	
1244.49736663	0.41200000000003456	WheelMovementIntervals													0.22102462725274563
1248.03836663	0.3489999999999327	WheelMovementIntervals													0.2997899126641812
1250.8873666299999	0.11599999999998545	WheelMovementIntervals													-0.01508234275797804
1251.2523955812512	2.3937096324075355	trials	1.0	1.0	1.5	0.25		0.8	1252.072513561252	1252.0723981958515	1253.146039531253	1251.7446796812517	1251.7456795812518	1251.81336663	
1251.81336663	0.5979999999999563	WheelMovementIntervals													-0.36392842523488866
1254.1691038812542	3.875326007058675	trials	1.0	1.0	1.5	0.125		0.8	1256.4700071012564	1256.4699175407384	1257.5443663212575	1255.6443896712556	1255.6453229112556	1255.7133666299999	
1254.52436663	0.09999999999990905	WheelMovementIntervals													-0.03371185803098342
1255.7133666299999	1.143000000000029	WheelMovementIntervals													-0.2952149622898901
1258.5738300312587	4.605518685498282	trials	1.0	1.0	1.5	0.125		0.8	1261.6036270212617	1261.603541007707	1262.6792527812627	1259.99632110126	1259.99728767126	1260.02036663	
1259.06336663	0.3529999999998381	WheelMovementIntervals													0.26590259934812366
1260.02036663	2.0019999999999527	WheelMovementIntervals													-0.30786002010481184
1262.39936663	0.1369999999999436	WheelMovementIntervals													0.0074049130932110074
1263.7105496412637	2.3852816035105207	trials	-1.0	1.0	1.5		1.0	0.8	1264.5170356512645	1264.5169430838819	1265.5958277612656	1264.194501241264	1264.1955678012641	1264.30636663	
1264.30636663	0.6050000000000182	WheelMovementIntervals													1.187936978797893
1266.6238249512667	2.538824045847605	trials	-1.0	1.0	1.5		0.125	0.8	1267.5956277612677	1267.595533389085	1268.6625877212687	1267.3276212312674	1267.3285211412674	1267.44236663	
1267.44236663	0.49900000000002365	WheelMovementIntervals													0.8235120149305146
1269.6813525012697	2.98109761767887	trials	1.0	1.0	1.5	1.0		0.8	1271.0905449012712	1271.0904504298449	1272.1623377112721	1270.860767881271	1270.861834441271	1270.95936663	
1270.0403666299999	0.19700000000011642	WheelMovementIntervals													0.08068083220811673
1270.95936663	0.4680000000000746	WheelMovementIntervals													-0.544699979222969
1273.21236663	0.3079999999999927	WheelMovementIntervals													0.12904951903851725
1273.4023470312734	4.276720420491529	trials	-1.0	-1.0	0.0	0.0625		0.8	1275.1127759712751	1275.1117547936558	1277.1790359912773	1274.7273811812747	1274.7284477412747	1274.85436663	
1274.85436663	0.3969999999999345	WheelMovementIntervals													0.43126989688309436
1278.1942677912782	2.6164896584095914	trials	1.0	1.0	1.5	1.0		0.8	1279.2478624212793	1279.2477628220997	1280.3106894612804	1278.977422801279	1278.978422701279	1279.11136663	
1279.11136663	0.43899999999985084	WheelMovementIntervals													-0.5019630221956106
1281.3319539912814	3.1455311020622503	trials	1.0	1.0	1.5	0.0625		0.8	1282.9230615312829	1282.9229692169579	1283.977422751284	1282.5290009412824	1282.5300675012825	1282.62036663	
1281.39136663	0.3769999999999527	WheelMovementIntervals													0.02309133490476256
1282.62036663	0.5809999999999036	WheelMovementIntervals													-0.3627898098971798
1284.991388011285	3.0026866287469147	trials	1.0	1.0	1.5	0.25		0.8	1286.4345770112864	1286.4344801432555	1287.4940043912875	1286.145605911286	1286.1466724712861	1286.28736663	
1285.47136663	0.2880000000000109	WheelMovementIntervals													-0.03542726129910534
1286.28736663	0.4500000000000455	WheelMovementIntervals													-0.3949359254567355
1288.5165687912886	3.228823114808165	trials	1.0	1.0	1.5	0.125		0.8	1290.1855018812903	1290.185379704436	1291.2452958912913	1289.8454358912898	1289.8463024712898	1289.97736663	
1288.94336663	0.3289999999999509	WheelMovementIntervals													-0.11955437887121434
1289.97736663	0.6109999999998763	WheelMovementIntervals													-0.3045174575169938
1292.2706933412924	2.323213544065311	trials	1.0	1.0	1.5	1.0		0.8	1293.017785291293	1293.0176970531593	1294.093844341294	1292.7439126812928	1292.7449459112927	1292.89036663	
1292.89036663	0.41099999999983083	WheelMovementIntervals													-0.48117477467982894
1295.1284075412952	2.9490902260215535	trials	1.0	1.0	1.5	0.125		0.8	1296.5062030812965	1296.5061020409735	1297.5774292812976	1295.7122824812957	1295.7132490512956	1295.77636663	
1295.77636663	1.0519999999999072	WheelMovementIntervals													-0.31382058414874336
1298.42336663	0.8849999999999909	WheelMovementIntervals													0.6735375486235
1298.5999936812987	3.9436188311619844	trials	1.0	1.0	1.5	0.25		0.8	1300.963024021301	1300.9629037660773	1302.043549291302	1300.3286208013003	1300.3295873713002	1300.4743666299998	
1300.4743666299998	0.8420000000000982	WheelMovementIntervals													-0.3912918598503836
1303.075212781303	3.135402102660237	trials	1.0	1.0	1.5	0.0625		0.8	1304.6259243613047	1304.625812832073	1305.7105158913057	1304.028417451304	1304.029517341304	1304.11536663	
1303.34336663	0.17200000000002547	WheelMovementIntervals													0.28480483655167177
1304.11536663	0.8019999999999072	WheelMovementIntervals													-0.29347780578157767
1306.7403129013067	2.9049215244215247	trials	-1.0	1.0	1.5		1.0	0.8	1308.063613891308	1308.0635217947959	1309.1452057213091	1307.7451124113077	1307.7461456413077	1307.78636663	
1306.79436663	0.40200000000004366	WheelMovementIntervals													-0.0893953162248522
1307.78636663	0.6759999999999309	WheelMovementIntervals													1.3566457370572778
1310.1757359913101	3.3346131225230238	trials	-1.0	-1.0	0.0	0.0		0.8	1310.939426281311	1310.93853853562	1313.010252511313	1310.7435458713107	1310.7444457813108	1310.60036663	
1310.60036663	0.49299999999993815	WheelMovementIntervals													0.3339032006859384
1314.0462489013141	2.4824002660684528	trials	-1.0	1.0	1.5		1.0	0.8	1314.941426041315	1314.941348276096	1316.028550651316	1314.5284006813145	1314.5297338813145	1314.66136663	
1314.66136663	1.5209999999999582	WheelMovementIntervals													0.9844520250804294
1317.0670467913171	5.64301454304632	trials	1.0	1.0	1.5	0.25		0.8	1321.1374397113211	1321.1373558386224	1322.2099991113223	1319.6932841413197	1319.6943507013198	1319.87236663	
1317.66136663	0.5729999999998654	WheelMovementIntervals													0.7676520720088718
1318.38336663	0.15200000000004366	WheelMovementIntervals													0.009558715748653412
1319.87236663	1.8070000000000164	WheelMovementIntervals													-0.28267461938807514
1322.22236663	0.2820000000001528	WheelMovementIntervals													0.019968147393171876
1323.2620605613233	3.731307331684775	trials	1.0	1.0	1.5	0.0625		0.8	1325.4072460213254	1325.4071636264723	1326.4932707413266	1324.7783755813248	1324.7793088213248	1324.9733666299999	
1323.7133666299999	0.4130000000000109	WheelMovementIntervals													0.046229385603766104
1324.9733666299999	0.803000000000111	WheelMovementIntervals													-0.34380679008796733
1327.5240676513276	3.7025110888987456	trials	1.0	1.0	1.5	0.125		0.8	1329.6627537613297	1329.662673478772	1330.7265140413308	1329.1280405713292	1329.128907151329	1329.0123666299999	
1327.92336663	0.6030000000000655	WheelMovementIntervals													-0.11215225158900921
1329.0123666299999	1.0	WheelMovementIntervals													-0.29949920412215647
1331.7517781713318	2.5081993660003263	trials	1.0	1.0	1.5	1.0		0.8	1332.7035829813328	1332.7034767924652	1333.7598773413338	1332.4280772013324	1332.4292104213325	1332.55836663	
1332.55836663	0.5170000000000528	WheelMovementIntervals													-0.48165749287861104
1334.7233666299999	0.37400000000002365	WheelMovementIntervals													0.5382315860722429
1334.7955737613347	3.481000001068878	trials	-1.0	-1.0	0.0	0.0625		0.8	1335.7331799913356	1335.7323732233865	1337.7765089713378	1335.4780388413355	1335.4789054213354	1335.58136663	
1335.58136663	0.4079999999999018	WheelMovementIntervals													0.4700549497811153
1338.31336663	0.3550000000000182	WheelMovementIntervals													0.10066870337746536
1338.818271451339	2.525024625882452	trials	1.0	1.0	1.5	0.0625		0.8	1339.7966736013398	1339.7965802176293	1340.843202271341	1339.3944471613395	1339.3954803913393	1339.60736663	
1339.60736663	0.6749999999999545	WheelMovementIntervals													-0.413670185118832
1341.8771988613419	6.265918052621146	trials	1.0	1.0	1.5	0.25		0.8	1346.5874944513466	1346.5874101766872	1347.6430888813477	1345.1444387713452	1345.1454386713451	1345.34736663	
1341.95636663	2.5049999999998818	WheelMovementIntervals													1.5722237663781016
1345.34736663	1.7619999999999436	WheelMovementIntervals													-0.3135841851162411
1348.7123152813488	3.0638898584777507	trials	1.0	1.0	1.5	0.25		0.8	1350.2142984013503	1350.2142088394828	1351.2761588713513	1349.2278637213492	1349.2287303013493	1349.39436663	
1349.39436663	1.20900000000006	WheelMovementIntervals													-0.33664514058872896
1352.5428988513524	3.883323806826411	trials	-1.0	-1.0	0.0	0.0625		0.8	1353.861333661354	1353.8605062503843	1355.926193821356	1353.6442887013536	1353.6453552613536	1353.6563666299999	
1352.7423666299999	0.25	WheelMovementIntervals													0.08083713651967628
1353.6563666299999	0.7560000000000855	WheelMovementIntervals													0.9496008118192947
1356.9610236613569	2.5999919421872164	trials	1.0	1.0	1.5	0.25		0.8	1357.993020451358	1357.992919272686	1359.0609803113591	1357.4443753213575	1357.4453085613575	1357.61136663	
1357.61136663	0.6820000000000164	WheelMovementIntervals													-0.3512660539851993
1360.08351138136	2.544123715032356	trials	-1.0	1.0	1.5		0.0625	0.2	1361.057813941361	1361.0577196965867	1362.1276069513622	1360.6260571213606	1360.6269570313607	1360.86036663	
1360.86036663	0.696999999999889	WheelMovementIntervals													0.7555803507896997
1363.10536663	0.69399999999996	WheelMovementIntervals													0.11440744419431326
1363.163636671363	3.4640021533127765	trials	1.0	1.0	1.5	1.0		0.2	1365.0720458113651	1365.0719362049279	1366.1276402413662	1364.8258704313648	1364.8272369613649	1364.9553666299998	
1364.9553666299998	0.48500000000012733	WheelMovementIntervals													-0.5875000696821076
1367.1730356913672	4.386208102205956	trials	1.0	-1.0	0.0		0.0	0.2	1368.994186891369	1368.9933382238191	1371.059180371371	1367.6760187213677	1367.6768853013677	1367.8193666299999	
1367.8193666299999	1.4650000000001455	WheelMovementIntervals													-0.3105057806868672
1371.66336663	0.15300000000002	WheelMovementIntervals													0.0704339769820308
1372.103942551372	2.4070067072204893	trials	-1.0	1.0	1.5		1.0	0.2	1372.942958641373	1372.94284384343	1374.010885171374	1372.6940835313726	1372.6951834213728	1372.79836663	
1372.79836663	1.2490000000000236	WheelMovementIntervals													1.709373502365196
1375.058147101375	7.350910787946987	trials	1.0	-1.0	0.0		0.0625	0.2	1379.8430685613798	1379.8422528207298	1381.908995281382	1376.2591603213764	1376.2601268913763	1376.37636663	
1375.35136663	0.5029999999999291	WheelMovementIntervals													-0.06859772424297716
1376.37636663	0.1710000000000491	WheelMovementIntervals													0.12992626532266627
1378.94736663	1.1579999999999018	WheelMovementIntervals													-0.4438619448583836
1382.53536663	0.3609999999998763	WheelMovementIntervals													0.6853043619204868
1382.962856551383	2.7127078364524095	trials	-1.0	1.0	1.5		0.0625	0.2	1384.1299731613842	1384.1298590622155	1385.1755352613852	1383.6937501213838	1383.6947166913837	1383.65536663	
1383.65536663	1.030999999999949	WheelMovementIntervals													0.5537022887222633
1386.2256635713863	2.484927156084268	trials	1.0	1.0	1.5	0.25		0.2	1387.1687692513872	1387.1686731179145	1388.2104984013881	1386.7437784213867	1386.7446783313867	1386.92036663	
1386.92036663	0.6489999999998872	WheelMovementIntervals													-0.45218233572106215
1388.86936663	6.839999999999918	WheelMovementIntervals													4.618239287798048
1389.2522942113892	9.841522150813944	trials	-1.0	1.0	1.5		1.0	0.2	1397.5237003213974	1397.5236111471606	1398.5937933013986	1397.008751821397	1397.009551741397	1397.25136663	
1395.86336663	0.5539999999998599	WheelMovementIntervals													0.09845643590213626
1397.25136663	0.6330000000000382	WheelMovementIntervals													0.8799465120608829
1398.33736663	0.3400000000001455	WheelMovementIntervals													0.02999882009629573
1399.7039156113997	2.5731909063463263	trials	-1.0	1.0	1.5		0.25	0.2	1400.7095150414007	1400.7094112764626	1401.7770082814018	1400.2252968014002	1400.2261967114002	1400.41236663	
1400.41236663	0.5979999999999563	WheelMovementIntervals													0.7986324944355374
1401.7913666299999	2.1030000000000655	WheelMovementIntervals													1.2831422425163623
1402.8283031414028	15.680241138894871	trials	-1.0	-1.0	0.0	0.0625		0.2	1415.956723501416	1415.955636745265	1418.008518301418	1404.6085584314046	1404.6094916714046	1415.84736663	
1415.84736663	0.7319999999999709	WheelMovementIntervals													0.7356232608232176
1416.90536663	2.9570000000001073	WheelMovementIntervals													7.748928372041405
1419.0871437614192	9.987913940459748	trials	-1.0	1.0	1.5		0.0625	0.2	1427.5141676414275	1427.514053835713	1428.5750282114286	1420.4766048014205	1420.4776713614206	1427.39836663	
1423.46136663	0.14699999999993452	WheelMovementIntervals													0.09925356827676524
1427.39836663	0.7029999999999745	WheelMovementIntervals													0.7289447290955593
1429.6267563614297	2.7331053366979177	trials	-1.0	1.0	1.5		0.0	0.2	1430.8023721214308	1430.8022577965348	1431.859833031432	1430.2764580514304	1430.2775579414304	1430.49136663	
1430.49136663	0.8330000000000837	WheelMovementIntervals													0.9019071198887616
1431.8293666299999	1.2490000000000236	WheelMovementIntervals													1.38693011363614
1432.919560381433	2.9220193787737117	trials	-1.0	1.0	1.5		0.125	0.2	1434.2611595414344	1434.2610679009751	1435.3415181614353	1433.8416681614337	1433.8425347414338	1434.0703666299999	
1434.0703666299999	0.5600000000001728	WheelMovementIntervals													0.8863482447467277
1436.3912798414365	2.383408129614736	trials	-1.0	1.0	1.5		0.125	0.2	1437.2179638314371	1437.2178816204641	1438.2746248214382	1436.876098021437	1436.877164581437	1436.96236663	
1436.96236663	0.6580000000001291	WheelMovementIntervals													0.8299013291035635
1439.3277861614392	2.4302042786280253	trials	-1.0	1.0	1.5		0.25	0.2	1440.2048984414403	1440.2047866228643	1441.2578931314413	1439.8760646614398	1439.8771312214399	1440.00436663	
1440.00436663	0.5299999999999727	WheelMovementIntervals													0.9030605909353824
1442.3117877314423	2.4627998281191594	trials	-1.0	1.0	1.5		1.0	0.2	1443.2171971814432	1443.2170869330819	1444.2745581014442	1442.976021301443	1442.977087861443	1442.83136663	
1442.83136663	0.7749999999998636	WheelMovementIntervals													1.148345168236034
1444.2533666299998	0.9760000000001128	WheelMovementIntervals													0.5970154488354922
1445.3280860714453	4.464530150205746	trials	1.0	1.0	1.5	1.0		0.2	1448.2264962014483	1448.2264043462142	1449.2925895814494	1445.875931281446	1445.8767312014459	1446.00636663	
1446.00636663	2.566000000000031	WheelMovementIntervals													-0.3946282067295783
1450.3540167614503	4.103802824184413	trials	-1.0	1.0	1.5		0.25	0.2	1452.8956959014529	1452.895616652563	1453.957789681454	1452.5577630314526	1452.5586629414527	1452.69836663	
1450.91736663	0.9409999999998035	WheelMovementIntervals													1.732551141212383
1452.69836663	0.56899999999996	WheelMovementIntervals													0.9001959254828478
1455.022216561455	3.368917289027877	trials	-1.0	-1.0	0.0	0.0625		0.2	1455.8339687114558	1455.832819999573	1457.891029651458	1455.5093011814556	1455.5103010814555	1455.64336663	
1455.64336663	0.6110000000001037	WheelMovementIntervals													1.2465768888203002
1459.1788341914591	2.430503090607317	trials	-1.0	1.0	1.5		1.0	0.2	1460.05111362146	1460.05103458283	1461.1092744614612	1459.7426111414597	1459.7436110414599	1459.86236663	
1459.86236663	0.7559999999998581	WheelMovementIntervals													1.4435477200000548
1460.98836663	1.5509999999999309	WheelMovementIntervals													2.0470139880571594
1462.1651355314623	2.777401166699292	trials	-1.0	1.0	1.5		0.0625	0.2	1463.3748478814634	1463.3747351685472	1464.4424411114644	1462.924292941463	1462.925226181463	1463.13036663	
1463.13036663	0.7110000000000127	WheelMovementIntervals													0.9984741935454906
1465.4981355314656	2.6926097476059567	trials	-1.0	1.0	1.5		0.0625	0.2	1466.6334219914665	1466.6333387978532	1467.6906829214677	1466.1243395714662	1466.125206151466	1466.39036663	
1466.39036663	0.696999999999889	WheelMovementIntervals													0.7531952056343698
1468.7476438814688	2.376608239055713	trials	-1.0	1.0	1.5		1.0	0.2	1469.5662286814695	1469.566145685795	1470.6241895414707	1469.2427610314692	1469.2438609214691	1469.34636663	
1469.34636663	0.6140000000000327	WheelMovementIntervals													1.3705105948293692
1471.6826503514717	3.3600093045422454	trials	-1.0	-1.0	0.0	1.0		0.2	1472.4812038214725	1472.4803520856474	1474.5425976614745	1472.142304381472	1472.1434709314722	1472.21936663	
1472.21936663	0.8399999999999181	WheelMovementIntervals													0.3969497727046587
1475.5971588614757	2.5784175869061983	trials	-1.0	1.0	1.5		0.125	0.2	1476.6142571414766	1476.6141650094246	1477.6755176714778	1476.3406178414764	1476.3414510914763	1476.46636663	
1476.46636663	0.5509999999999309	WheelMovementIntervals													1.1366884908122756
1478.7401778614787	3.4670980649973444	trials	-1.0	1.0	1.5		0.125	0.2	1480.6395545714806	1480.63947570586	1481.7072477914817	1480.00725114148	1480.00808439148	1480.24536663	
1479.05636663	0.28899999999998727	WheelMovementIntervals													0.31655231040389253
1480.24536663	0.9119999999998072	WheelMovementIntervals													1.2796641162366313
1482.7755742814827	13.149925934678095	trials	-1.0	1.0	1.5		0.0625	0.2	1494.3595824314943	1494.3594962467293	1495.4254091714954	1483.2588259514832	1483.2597258614833	1494.13336663	
1494.13336663	0.5699999999999363	WheelMovementIntervals													1.1250466591134796
1496.5137003314965	2.6267147277926597	trials	-1.0	1.0	1.5		0.0	0.2	1497.5739942914977	1497.5739054687392	1498.6402876514987	1497.2236626614972	1497.2245959014972	1497.35536663	
1497.35536663	0.6150000000000091	WheelMovementIntervals													0.9858617124664306
1499.7022147814996	2.438102227730724	trials	1.0	1.0	1.5	1.0		0.2	1500.5856930915006	1500.5856145016826	1501.6402876215016	1500.2586591315003	1500.2595590415003	1500.41336663	
1500.41336663	0.52800000000002	WheelMovementIntervals													-0.30883704500752174
1501.31536663	3.477000000000089	WheelMovementIntervals													4.575997436245416
1502.7014148315027	5.222219723382295	trials	-1.0	1.0	1.5		0.0625	0.2	1506.3711144915064	1506.3710279882775	1507.4235092415074	1506.025182421506	1506.026148991506	1506.18036663	
1506.18036663	0.70900000000006	WheelMovementIntervals													0.7476045483933831
1508.5028346315084	10.937215227780598	trials	-1.0	-1.0	0.0	0.125		0.2	1516.8743973915168	1516.8735447552845	1518.939990811519	1509.091842391509	1509.092808961509	1516.5313666299999	
1516.5313666299999	0.9390000000000782	WheelMovementIntervals													1.0708086453673786
1520.02894857152	2.462401181847099	trials	-1.0	1.0	1.5		0.25	0.2	1520.925358921521	1520.9252482737172	1521.991252321522	1520.5414639815206	1520.5423638915206	1520.6763666299998	
1520.6763666299998	0.6630000000000109	WheelMovementIntervals													0.9791038403982952
1523.0386475715231	2.419303906684263	trials	-1.0	1.0	1.5		1.0	0.2	1523.9046609615239	1523.9045478960372	1524.957888961525	1523.5564624515237	1523.5573290315235	1523.69236663	
1523.69236663	0.5950000000000273	WheelMovementIntervals													1.0670475669051598
1526.027148691526	22.22915188087427	trials	-1.0	1.0	1.5		0.0	0.2	1546.6870824915468	1546.6869941215682	1547.7562089015478	1526.5733607315267	1526.5742939715267	1538.72036663	
1536.4633666299999	0.18900000000007822	WheelMovementIntervals													-0.06696200211956693
1538.72036663	0.22499999999990905	WheelMovementIntervals													0.11445230383810667
1546.37636663	1.086999999999989	WheelMovementIntervals													1.0766403254096986
1548.856198891549	2.3665074560078665	trials	-1.0	1.0	1.5		1.0	0.2	1549.6706174415497	1549.6705007689304	1550.7226788915507	1549.4076770715494	1549.4087436315494	1549.44036663	
1549.44036663	0.58400000000006	WheelMovementIntervals													0.8983264827858761
1550.34136663	0.2539999999999054	WheelMovementIntervals													0.053833100691576874
1551.7883056515518	3.5675190107006074	trials	-1.0	-1.0	0.0	0.0625		0.2	1552.8003711015529	1552.7994104727177	1554.8557655415548	1552.3577487015523	1552.3587152715525	1552.48836663	
1552.48836663	0.5699999999999363	WheelMovementIntervals													0.6637634914966384
1555.924025371556	2.4334012625506602	trials	-1.0	1.0	1.5		0.25	0.2	1556.8046039715568	1556.804524742879	1557.857398681558	1556.4410070015565	1556.4420069015564	1556.5993666299998	
1556.5993666299998	0.5820000000001073	WheelMovementIntervals													0.8746605535235403
1558.9352242215589	2.3722078305743253	trials	-1.0	1.0	1.5		0.0625	0.2	1559.7534090615598	1559.753326232346	1560.8073369915608	1559.4558388215594	1559.4569720415595	1559.36636663	
1559.36636663	0.7070000000001073	WheelMovementIntervals													1.1794486508001683
1560.53936663	0.5199999999999818	WheelMovementIntervals													0.06423645230267994
1561.872730441562	2.3514082857529957	trials	-1.0	1.0	1.5		0.0625	0.2	1562.6603183415627	1562.660232546702	1563.7240452915637	1562.3391504615624	1562.3402836815624	1562.44236663	
1562.44236663	0.5489999999999782	WheelMovementIntervals													0.8220306630067284
1564.7943382515648	3.1628969238770424	trials	1.0	1.0	1.5	0.0625		0.2	1566.3991444215665	1566.3990356761913	1567.4572052715675	1565.3725470915654	1565.3735803215654	1565.88936663	
1565.42336663	0.10300000000006548	WheelMovementIntervals													0.010317148538774745
1565.88936663	0.9329999999999927	WheelMovementIntervals													-0.3323128501243673
1568.5204322715686	3.487024886784866	trials	-1.0	1.0	1.5		0.25	0.2	1570.4483394615704	1570.4482443717425	1571.5073668815714	1570.10580705157	1570.10687361157	1570.21836663	
1568.74636663	0.6910000000000309	WheelMovementIntervals													0.8715064305795863
1570.21836663	0.5799999999999272	WheelMovementIntervals													1.0073726008791937
1572.5974578615726	2.476304499043408	trials	-1.0	1.0	1.5		0.25	0.2	1573.4962679715736	1573.496158768526	1574.5737268815747	1573.122405361573	1573.123505251573	1573.31836663	
1573.31836663	0.4940000000001419	WheelMovementIntervals													0.7085076348000143
1575.7143666299999	0.4660000000001219	WheelMovementIntervals													0.16216831492431538
1575.8971611915758	2.9585132667373273	trials	-1.0	1.0	1.5		0.25	0.2	1577.2838558415774	1577.2837664721058	1578.3556153215784	1576.939023661577	1576.940123551577	1577.06236663	
1577.06236663	0.5960000000000036	WheelMovementIntervals													1.143288017577106
1579.4289746415795	4.028307167520325	trials	-1.0	1.0	1.5		0.125	0.2	1581.884862361582	1581.8847777918886	1582.957155121583	1581.6072234615817	1581.6080900415816	1581.73936663	
1579.5133666299998	0.5460000000000491	WheelMovementIntervals													0.3329368292326649
1580.25036663	0.1269999999999527	WheelMovementIntervals													0.007971158296641079
1580.6373666299999	0.2640000000001237	WheelMovementIntervals													0.06608289324174166
1581.73936663	0.5750000000000455	WheelMovementIntervals													1.2085028602419925
1584.036080551584	2.4361015622482682	trials	-1.0	1.0	1.5		0.0625	0.2	1584.903660451585	1584.9035803957001	1585.972086931586	1584.5222985915846	1584.5233984815845	1584.68836663	
1584.68836663	0.668999999999869	WheelMovementIntervals													0.9859541458548051
1587.0411800115871	2.398905317353865	trials	1.0	1.0	1.5	0.25		0.2	1587.856298491588	1587.8561807988817	1588.939990111589	1587.5403634215875	1587.5413633215876	1587.44336663	
1587.44336663	0.75	WheelMovementIntervals													-0.5096382201081155
1590.01218288159	3.3932051686751947	trials	-1.0	-1.0	0.0	0.125		0.2	1590.8403333915908	1590.8392834102087	1592.9053935315928	1590.5721268815905	1590.5729934615906	1590.48836663	
1590.48836663	0.5850000000000364	WheelMovementIntervals													0.4000239374713601
1593.986385421594	2.520720483364812	trials	-1.0	1.0	1.5		0.125	0.2	1594.935690481595	1594.9355923817225	1596.007050001596	1594.6736166915946	1594.6746165915947	1594.79236663	
1594.79236663	0.5069999999998345	WheelMovementIntervals													0.9866371555407341
1597.091708191597	2.2819128536798416	trials	-1.0	1.0	1.5		0.125	0.2	1597.8026037615978	1597.802511572459	1598.8735633215988	1597.6386201615976	1597.6395867315975	1597.58736663	
1597.58736663	0.6710000000000491	WheelMovementIntervals													0.8747995519923961
1599.9552218116	2.5667909857006634	trials	-1.0	1.0	1.5		0.25	0.2	1600.951222201601	1600.9511171501433	1602.021915121602	1600.6886817916006	1600.6895483716007	1600.79536663	
1600.79536663	0.5709999999999127	WheelMovementIntervals													1.1974516542780407
1603.1022070816032	3.269814182165419	trials	1.0	1.0	1.5	1.0		0.2	1604.7986040916048	1604.7985134014377	1605.871963411606	1603.6402532716036	1603.6411865116036	1603.54336663	
1603.54336663	1.780999999999949	WheelMovementIntervals													-0.3158591585871591
1605.63436663	0.1449999999999818	WheelMovementIntervals													0.008153901786499773
1606.948522411607	3.2582154258370792	trials	-1.0	1.0	1.5		1.0	0.2	1608.6420197116086	1608.6419299092147	1609.7066465716098	1608.3900449116084	1608.3911448016083	1608.38936663	
1607.36236663	0.37999999999988177	WheelMovementIntervals													0.3267974167038119
1608.38936663	1.0289999999999964	WheelMovementIntervals													1.6359711024140324
1610.7881384116108	3.3019113292323254	trials	-1.0	-1.0	0.0	0.0		0.2	1611.5334638716115	1611.5324405145648	1613.5899915316136	1611.2383267216112	1611.2394599416114	1611.2343666299998	
1611.2343666299998	0.4670000000000982	WheelMovementIntervals													0.4950247905989045
1614.23836663	0.5769999999999982	WheelMovementIntervals													0.772647170532025
1614.6778494016146	3.6119854628384473	trials	1.0	-1.0	0.0		0.0625	0.2	1615.7364102016159	1615.735444266707	1617.7897381816178	1615.3383166816154	1615.3390832716154	1615.4843666299998	
1615.4843666299998	0.7540000000001328	WheelMovementIntervals													-0.3158595375179516
1618.5593666299999	0.4900000000000091	WheelMovementIntervals													0.6992304373993079
1618.881528991619	3.05673331773869	trials	-1.0	1.0	1.5		1.0	0.2	1620.3709467016204	1620.3708442503873	1621.4382066316214	1620.1381366516202	1620.13903656162	1620.21236663	
1619.4633666299999	0.2520000000001801	WheelMovementIntervals													0.032192039078154266
1620.21236663	0.6670000000001437	WheelMovementIntervals													1.555496711926196
1622.5094661616224	3.6455105417946925	trials	-1.0	1.0	1.5		0.25	0.2	1624.5868584016246	1624.5867710289547	1625.6549182516258	1624.2563581216243	1624.2573246916243	1624.39936663	
1623.08136663	0.41099999999983083	WheelMovementIntervals													0.24751560941177786
1624.39936663	0.5879999999999654	WheelMovementIntervals													1.2538908037222996
1626.7431760816269	2.328281155737386	trials	-1.0	1.0	1.5		0.25	0.2	1627.4969673616274	1627.4968693340825	1628.5714265716285	1627.2894881116274	1627.2909546316273	1627.30436663	
1627.30436663	0.5989999999999327	WheelMovementIntervals													0.966527204555689
1629.6607509616297	2.37903226596859	trials	-1.0	1.0	1.5		0.125	0.2	1630.4627707516304	1630.4626611635042	1631.5396963816315	1630.1895647416302	1630.1905979716303	1630.26636663	
1630.26636663	1.140999999999849	WheelMovementIntervals													0.937293801454075
1632.58736663	0.3650000000000091	WheelMovementIntervals													0.5746187714459552
1632.6264876916327	3.8798909347017343	trials	-1.0	-1.0	0.0	0.125		0.2	1633.928224171634	1633.9271839820974	1636.006316341636	1633.6878815416337	1633.6888814416336	1633.7723666299999	
1633.7723666299999	0.41800000000012005	WheelMovementIntervals													0.8020180799199466
1637.00436663	0.34399999999982356	WheelMovementIntervals													0.17726383339362428
1637.086574971637	2.5847143896141915	trials	-1.0	1.0	1.5		0.0625	0.2	1638.098473771638	1638.0983798216396	1639.1711998216392	1637.871096511638	1637.872196401638	1637.85436663	
1637.85436663	0.5630000000001019	WheelMovementIntervals													0.9525780258163081
1640.2575911716403	2.3649057286836523	trials	-1.0	1.0	1.5		0.0625	0.2	1641.050478541641	1641.0503927568654	1642.1224380016422	1640.7728729716407	1640.7738395416409	1640.88436663	
1640.88436663	0.3969999999999345	WheelMovementIntervals													0.6893271584164609
1643.20236663	0.9120000000000346	WheelMovementIntervals													0.4157867592654725
1643.2082960716432	3.9461129127689674	trials	1.0	1.0	1.5	0.25		0.8	1645.5796922416455	1645.5796026293676	1646.6543514316468	1645.2378597616453	1645.2387930016453	1645.40536663	
1644.42436663	0.20100000000002183	WheelMovementIntervals													0.03437792840634302
1645.40536663	0.6050000000000182	WheelMovementIntervals													-0.28406615046532124
1647.7392096016476	4.03180495249353	trials	1.0	1.0	1.5	0.125		0.8	1650.1912977016502	1650.1912120054155	1651.2709563916512	1648.3396162216484	1648.3407494416483	1648.53736663	
1648.53736663	2.1099999999999	WheelMovementIntervals													-0.30171916732780346
1652.3601141316524	3.6627090502765896	trials	1.0	1.0	1.5	1.0		0.8	1654.4467054516545	1654.4466187175856	1655.5227311716556	1653.889194541654	1653.890027791654	1653.8003666299999	
1652.90936663	0.375	WheelMovementIntervals													0.37873673374963346
1653.8003666299999	1.0670000000000073	WheelMovementIntervals													-0.28685478470060843
1656.6096224716566	3.312710364340319	trials	-1.0	-1.0	0.0	0.125		0.8	1657.3539813616574	1657.3532243491945	1659.4223078416594	1657.087641331657	1657.0886745616572	1657.17736663	
1657.17736663	0.5679999999999836	WheelMovementIntervals													0.8294528855993804
1659.9633666299999	2.2309999999999945	WheelMovementIntervals													-0.6010913728460423
1660.5107323216605	9.361611115500637	trials	-1.0	-1.0	0.0	0.0625		0.8	1667.3142185716674	1667.3132382186948	1669.3723127416695	1662.970719631663	1662.971586211663	1663.0793666299999	
1663.0793666299999	0.41399999999998727	WheelMovementIntervals													-0.21433727773097644
1663.94336663	0.5879999999999654	WheelMovementIntervals													0.28606430297560337
1667.18036663	0.21499999999991815	WheelMovementIntervals													0.23435772785222753
1669.26536663	0.3149999999998272	WheelMovementIntervals													0.01805455818845303
1670.4933666299999	0.22600000000011278	WheelMovementIntervals													-0.018155505390893723
1670.7542412016708	2.9348127762521017	trials	1.0	1.0	1.5	0.25		0.8	1672.1057393716721	1672.1056461638545	1673.1890310316733	1671.2707895416713	1671.2718561016713	1671.4343666299999	
1671.4343666299999	1.1210000000000946	WheelMovementIntervals													-0.28736703796209895
1672.96836663	0.7429999999999382	WheelMovementIntervals													-0.26301025635359565
1674.2810551516743	3.5062216189439823	trials	-1.0	-1.0	0.0	0.0		0.8	1675.2188280316752	1675.2177603929765	1677.2871878416772	1674.987384511675	1674.988484401675	1675.10036663	
1675.10036663	0.46699999999987085	WheelMovementIntervals													1.2711567802647323
1678.3843781116784	5.971009315861465	trials	-1.0	-1.0	0.0	0.0625		0.8	1681.7777387416818	1681.776682836162	1683.8553642916838	1678.955454331679	1678.956454231679	1679.05536663	
1679.05536663	0.4259999999999309	WheelMovementIntervals													0.24518969940766056
1681.82336663	2.7129999999999654	WheelMovementIntervals													3.0024576615508067
1684.968686281685	2.7352012120916243	trials	1.0	1.0	1.5	1.0		0.8	1686.1327698616863	1686.1326859463804	1687.2038627416873	1685.6537511016857	1685.6547176716856	1685.8103666299999	
1685.8103666299999	0.9290000000000873	WheelMovementIntervals													0.40253308896177487
1688.3012863216884	3.5877155719904295	trials	-1.0	-1.0	0.0	0.25		0.8	1689.3119852416894	1689.3111901420596	1691.3889441916915	1688.971819261689	1688.972685841689	1689.0603666299999	
1689.0603666299999	0.5260000000000673	WheelMovementIntervals													0.8656545178895385
1692.4859011516926	3.0028083905451695	trials	1.0	1.0	1.5	0.25		0.8	1693.9088921716939	1693.9088041798998	1694.988650851695	1693.0704426916932	1693.071309271693	1693.21236663	
1693.21236663	1.0979999999999563	WheelMovementIntervals													-0.30814588726696
1696.075808791696	3.0443026990963062	trials	-1.0	1.0	1.5		0.25	0.8	1697.5639932916977	1697.5639091334247	1698.6200876716987	1697.3034860116973	1697.3045859016972	1697.4163666299999	
1696.27436663	0.30399999999985994	WheelMovementIntervals													0.39319865622604766
1697.4163666299999	0.5010000000002037	WheelMovementIntervals													1.27451677246205
1698.3593666299998	1.7530000000001564	WheelMovementIntervals													1.5319631695684848
1699.7337096316996	3.819721821811754	trials	-1.0	-1.0	0.0	0.0		0.8	1701.000882901701	1700.9999162024683	1703.053344301703	1700.6883808217008	1700.6892140717007	1700.72636663	
1700.72636663	0.5289999999999964	WheelMovementIntervals													0.7373426755062837
1704.1697326517042	6.300310742947204	trials	-1.0	-1.0	0.0	0.125		0.8	1707.912125041708	1707.9112378437947	1709.97001923171	1704.8717291117048	1704.872829001705	1707.67436663	
1707.67436663	0.3849999999999909	WheelMovementIntervals													0.29597137332626744
1711.073242231711	2.613411016873897	trials	1.0	1.0	1.5	0.25		0.8	1712.1278367617122	1712.1277454664946	1713.1865975417131	1711.6048557317117	1711.6057556417115	1711.76636663	
1711.76636663	0.8070000000000164	WheelMovementIntervals													-0.3526949392173151
1714.3070521517143	2.9146869318219615	trials	1.0	1.0	1.5	0.125		0.8	1715.6420519717155	1715.641945250662	1716.7217106617168	1714.8548973617148	1714.8557306117148	1715.2713666299999	
1715.2713666299999	0.7570000000000618	WheelMovementIntervals													-0.3604410691211797
1717.821733981718	2.448023866163794	trials	-1.0	1.0	1.5		0.25	0.8	1718.7136447817188	1718.7135419474978	1719.7696725017197	1718.4031425017183	1718.4040424117184	1718.30536663	
1718.30536663	0.81899999999996	WheelMovementIntervals													1.2295813530842565
1720.8814613117208	2.356706047943362	trials	-1.0	1.0	1.5		1.0	0.8	1721.6798481317217	1721.6797623441687	1722.7381089617227	1721.3881106417214	1721.3890105517214	1721.47736663	
1721.47736663	0.6789999999998599	WheelMovementIntervals													1.5756113743903484
1722.50536663	0.12299999999981992	WheelMovementIntervals													0.007267587128183095
1723.842865141724	3.5620148925027024	trials	-1.0	-1.0	0.0	0.0		0.8	1724.847631321725	1724.8467687752939	1726.904792251727	1724.5196974517246	1724.5206306917246	1724.7043666299999	
1724.7043666299999	0.5320000000001528	WheelMovementIntervals													1.2068226199075411
1728.014781241728	2.4049014022039046	trials	-1.0	1.0	1.5		0.0625	0.8	1728.872162161729	1728.8720810286256	1729.9196574017299	1728.5528607617287	1728.5539273217287	1728.69636663	
1728.69636663	0.5629999999998745	WheelMovementIntervals													0.9658098175219152
1731.0319794917311	5.172820931389651	trials	-1.0	1.0	1.5		0.125	0.8	1734.6503842817347	1734.6502920344758	1735.7047121717358	1731.5213305517316	1731.5225637617316	1734.30736663	
1734.30736663	3.2490000000000236	WheelMovementIntervals													7.031899111930784
1736.8303995917368	10.255711960932786	trials	1.0	1.0	1.5	1.0		0.8	1745.5274964617456	1745.5274080387678	1746.5860905917466	1738.2528573317384	1738.2538572317383	1745.11136663	
1745.11136663	0.7669999999998254	WheelMovementIntervals													-0.5042214396202667
1747.7235101717476	2.479094724098104	trials	1.0	1.0	1.5	1.0		0.8	1748.6475177617488	1748.647407460199	1749.7025789117497	1748.2375920917482	1748.2384253417483	1748.2333666299999	
1748.2333666299999	0.7550000000001091	WheelMovementIntervals													-0.5092074661260995
1750.8139011017508	3.4556251406424963	trials	1.0	1.0	1.5	0.25		0.8	1752.7195105217527	1752.719413310617	1753.7694055217537	1752.104005411752	1752.1050386417521	1752.25536663	
1751.05636663	0.3320000000001073	WheelMovementIntervals													0.39393790175870436
1752.25536663	0.8999999999998636	WheelMovementIntervals													-0.30239558096633345
1754.885927191755	2.5517161452817163	trials	1.0	1.0	1.5	0.125		0.8	1755.8849272817558	1755.8848323376603	1756.937622001757	1755.5039320517556	1755.5049986117556	1755.67036663	
1755.67036663	0.5979999999999563	WheelMovementIntervals													-0.33646813889100713
1758.046144471758	3.3566050154472578	trials	1.0	1.0	1.5	0.125		0.8	1759.8292328117598	1759.8291460735393	1760.902692121761	1759.2858538217592	1759.2869870417594	1759.27436663	
1758.22236663	0.4490000000000691	WheelMovementIntervals													0.20421639923961266
1759.27436663	0.9739999999999327	WheelMovementIntervals													-0.32775506083936534
1762.020047041762	3.7339991711503444	trials	-1.0	1.0	1.5		0.125	0.8	1764.1765313717642	1764.1764454080908	1765.2539902817653	1763.853963631764	1763.8549302017639	1764.01636663	
1762.59336663	0.48499999999989996	WheelMovementIntervals													0.3158144271717447
1764.01636663	0.4959999999998672	WheelMovementIntervals													0.9081372940090091
1766.3759447417665	2.3764017071698618	trials	1.0	1.0	1.5	0.25		0.8	1767.1816308317673	1767.181544981497	1768.2522904217683	1766.9025254117669	1766.903591971767	1767.04636663	
1767.04636663	0.4049999999999727	WheelMovementIntervals													-0.4419780472390471
1769.3667456317694	3.8372196731470467	trials	1.0	1.0	1.5	0.125		0.8	1771.6386517517717	1771.6385566871338	1772.7038785517727	1770.1041052217702	1770.1052051117701	1770.22936663	
1770.22936663	1.9110000000000582	WheelMovementIntervals													-0.2928153551418404
1773.8259663317738	4.094600952268365	trials	1.0	1.0	1.5	0.125		0.8	1776.3694786217764	1776.3693656809655	1777.4204735117773	1775.7187770317757	1775.7198102617758	1775.90136663	
1774.10436663	0.3309999999999036	WheelMovementIntervals													0.17797032399607815
1775.0793666299999	0.07500000000004547	WheelMovementIntervals													0.032695937569201305
1775.90136663	0.79099999999994	WheelMovementIntervals													-0.323881362947418
1778.8282660517789	2.690504638020684	trials	1.0	1.0	1.5	0.125		0.8	1779.96798540178	1779.9678675927144	1781.018680321781	1779.6188536517795	1779.6197868917795	1779.8093666299999	
1779.00936663	0.11799999999993815	WheelMovementIntervals													0.08603488554552996
1779.8093666299999	0.4519999999999982	WheelMovementIntervals													-0.3152180006426306
1782.1266695117822	11.825421422660156	trials	1.0	1.0	1.5	0.0		0.8	1792.4035083917925	1792.403386390773	1793.4520368617934	1782.6869134817828	1782.6877800617826	1790.95236663	
1783.2823666299998	0.3890000000001237	WheelMovementIntervals													-0.023095435858124347
1786.69336663	0.27700000000004366	WheelMovementIntervals													0.07958186275925527
1790.95236663	1.9210000000000491	WheelMovementIntervals													-0.48813784951687467
1794.5775909617946	3.342404231618275	trials	1.0	1.0	1.5	0.125		0.8	1796.3567130317963	1796.35659268183	1797.4200066917974	1795.2032617217951	1795.2043282817951	1795.2913666299999	
1795.2913666299999	1.4630000000001928	WheelMovementIntervals													-0.3070806996309443
1798.5388947917986	4.41302913383106	trials	-1.0	-1.0	0.0	0.0625		0.8	1800.4062747018004	1800.4052062669505	1802.4518701218024	1799.9850168318	1799.9859500718	1800.13336663	
1798.96736663	0.36599999999998545	WheelMovementIntervals													-0.08723409034774932
1800.13336663	0.7319999999999709	WheelMovementIntervals													0.40657001788997604
1803.5628256818036	2.8222934371510746	trials	1.0	1.0	1.5	0.125		0.8	1804.825432741805	1804.8253218513855	1805.885060101806	1804.186629961804	1804.1876298618042	1804.27836663	
1804.27836663	1.0060000000000855	WheelMovementIntervals													-0.3011776202007468
1807.010414221807	2.409625572195864	trials	-1.0	1.0	1.5		0.0625	0.8	1807.842331021808	1807.8422223589816	1808.919956581809	1807.5033315918074	1807.5041981718075	1807.5983666299999	
1807.5983666299999	0.6770000000001346	WheelMovementIntervals													0.7143540595005788
1810.0464439218101	2.373301857675415	trials	1.0	1.0	1.5	0.25		0.8	1810.8514300818108	1810.851343873541	1811.9197232418119	1810.5684250518107	1810.5695249418106	1810.28636663	
1810.28636663	0.918999999999869	WheelMovementIntervals													-0.48971371711661504
1813.047943741813	3.0550017717278024	trials	-1.0	1.0	1.5		0.125	0.8	1814.5294289118146	1814.529343146212	1815.6028548918157	1814.2681217118143	1814.2691549418143	1814.4163666299999	
1813.2523666299999	0.5650000000000546	WheelMovementIntervals													0.312660105998134
1814.4163666299999	0.4570000000001073	WheelMovementIntervals													1.1503523783954392
1816.7290422618169	3.2060170117485995	trials	1.0	1.0	1.5	0.125		0.8	1818.3550463118183	1818.354949874913	1819.4349383118195	1817.4516033318175	1817.4524365818174	1817.5993666299998	
1817.5993666299998	1.2019999999999982	WheelMovementIntervals													-0.34868929280185057
1820.5497601518205	2.836691502227495	trials	1.0	1.0	1.5	0.0625		0.8	1821.8193665118217	1821.8192554537866	1822.8863931318228	1821.5029314918215	1821.5037647418214	1821.52836663	
1821.52836663	0.6330000000000382	WheelMovementIntervals													-0.3960031605816994
1824.000448381824	2.302307130226154	trials	1.0	1.0	1.5	1.0		0.8	1824.7263757818248	1824.7262503143768	1825.802701471826	1824.4846332918246	1824.4857331818246	1824.46536663	
1824.46536663	0.6109999999998763	WheelMovementIntervals													-0.7066478120643751
1826.9223561618269	2.480719834206411	trials	1.0	1.0	1.5	0.0625		0.8	1827.8331650718278	1827.8330630761272	1828.9030580718288	1827.5514932418275	1827.5523598218276	1827.4073666299998	
1827.4073666299998	0.8810000000000855	WheelMovementIntervals													-0.5144795840451479
1830.02947875183	5.505119925471945	trials	1.0	-1.0	0.0		0.0	0.8	1832.979317071833	1832.9783883539092	1835.034511531835	1831.968018211832	1831.968984781832	1832.0793666299999	
1830.19336663	0.7190000000000509	WheelMovementIntervals													-0.43872377594283307
1832.0793666299999	1.1820000000000164	WheelMovementIntervals													-0.31454562970901634
1835.91736663	0.1899999999998272	WheelMovementIntervals													0.17855194637314753
1836.162498721836	2.5401882245905654	trials	-1.0	1.0	1.5		1.0	0.8	1837.1448004818371	1837.1446933954064	1838.2025946918382	1836.902758021837	1836.903624601837	1836.97536663	
1836.97536663	2.1389999999998963	WheelMovementIntervals													2.4124276916909935
1839.3341815218394	3.8018225296623314	trials	-1.0	-1.0	0.0	0.25		0.8	1840.5815901018407	1840.580787925558	1842.6359846418427	1839.93425484184	1839.93525474184	1840.29636663	
1840.29636663	0.4859999999998763	WheelMovementIntervals													0.724844925161733
1843.7629052718437	4.004803435006124	trials	-1.0	-1.0	0.0	0.0		0.8	1845.2122269918452	1845.2112061524415	1847.2676547618473	1844.4511031118445	1844.4522363318445	1844.70236663	
1844.70236663	0.6639999999999873	WheelMovementIntervals													0.447263143840928
1847.50436663	0.2300000000000182	WheelMovementIntervals													0.03061988095862489
1848.4009080918484	2.6349083720883755	trials	1.0	1.0	1.5	0.25		0.8	1849.4881326918496	1849.4880107208255	1850.5357612518505	1848.885959581849	1848.886859491849	1849.03936663	
1849.03936663	0.8790000000001328	WheelMovementIntervals													-0.31764829964595265
1851.6552159618516	2.3792006199003026	trials	1.0	1.0	1.5	1.0		0.8	1852.4680346718526	1852.467915832015	1853.5343946918535	1852.1508330618522	1852.1518329618523	1852.28736663	
1852.28736663	0.6220000000000709	WheelMovementIntervals													-0.33202485828593353
1854.6597154818546	5.1077243007434845	trials	1.0	1.0	1.5	1.0		0.8	1858.2069273918582	1858.2068309688518	1859.2673213418593	1857.969084511858	1857.970117741858		
1854.73736663	0.8579999999999472	WheelMovementIntervals													-0.219948407389154
1856.23936663	3.1130000000000564	WheelMovementIntervals													-0.9029167571084713
1860.4177396218604	3.4162993661780092	trials	-1.0	-1.0	0.0	0.0625		0.8	1861.2597220818614	1861.258838727207	1863.3339479718634	1860.919056151861	1860.9200893818609	1861.03736663	
1861.03736663	0.4960000000000946	WheelMovementIntervals													0.46032253225956765
1864.0983666299999	0.3269999999999982	WheelMovementIntervals													0.3970489637104606
1864.4603353218645	9.208845289329247	trials	-1.0	-1.0	0.0	0.0		0.8	1871.1043375218712	1871.1035665506465	1873.1690976918733	1864.969017781865	1864.970051011865	1869.30536663	
1865.0803666299998	0.1330000000000382	WheelMovementIntervals													0.0502572383838924
1869.30536663	0.2419999999999618	WheelMovementIntervals													0.15264928924284504
1871.07236663	3.841999999999871	WheelMovementIntervals													9.75648360278393
1874.3287817118744	5.540113939764751	trials	-1.0	-1.0	0.0	0.0625		0.8	1877.2995846018773	1877.298688112462	1879.3687776618794	1876.6506495018766	1876.6515827418766	1876.60636663	
1875.0603666299999	0.7030000000002019	WheelMovementIntervals													0.10350264369975548
1876.60636663	0.7709999999999582	WheelMovementIntervals													0.28622203924021505
1880.5278950718805	2.4724938023166487	trials	-1.0	1.0	1.5		1.0	0.8	1881.4273717818814	1881.4272917261226	1882.5002978118825	1881.050209501881	1881.0512094018811	1881.20836663	
1881.20836663	1.0579999999999927	WheelMovementIntervals													1.5377326635000372
1883.6434834818835	3.508517409821934	trials	-1.0	-1.0	0.0	0.25		0.8	1884.6058539018845	1884.6049877049231	1886.6519159418867	1884.3019509618844	1884.3028508718844	1884.43836663	
1884.43836663	0.4939999999999145	WheelMovementIntervals													1.0758562167281411
1887.7941017118878	3.308105807816901	trials	-1.0	-1.0	0.0	0.0		0.8	1888.5441600318886	1888.5434025743755	1890.6021208818906	1888.2667877718882	1888.2678210018883	1888.33536663	
1888.33536663	0.4680000000000746	WheelMovementIntervals													0.8613174222027737
1891.7383072518917	5.130123785544356	trials	-1.0	-1.0	0.0	0.0		0.8	1894.3127497818944	1894.3119181809682	1896.3683775318964	1892.6335510518927	1892.6344509618928	1894.07236663	
1891.88136663	0.09199999999987085	WheelMovementIntervals													0.03134244878606296
1893.69736663	0.1169999999999618	WheelMovementIntervals													-0.0266247707814955
1894.07236663	0.5239999999998872	WheelMovementIntervals													0.9371384259420665
1897.5029307318975	3.113897390167267	trials	1.0	1.0	1.5	0.125		0.8	1899.0568086618991	1899.0567284316458	1900.1167693219002	1897.983416011898	1897.984382581898	1898.13336663	
1898.13336663	1.3009999999999309	WheelMovementIntervals													-0.3409070223162871
1901.5626247219016	2.438896865294737	trials	1.0	1.0	1.5	0.25		0.8	1902.4236386119023	1902.423522556433	1903.5014641519035	1902.0682741519022	1902.0693740419022	1902.22136663	
1902.22136663	0.5289999999999964	WheelMovementIntervals													-0.37332615037382766
1904.6397169819047	3.045227350409732	trials	1.0	1.0	1.5	0.125		0.8	1906.117235881906	1906.117128795664	1907.1848957719071	1905.3667109419055	1905.3676775119054	1905.5403666299999	
1905.5403666299999	0.8930000000000291	WheelMovementIntervals													-0.36850272776331394
1908.3339475219084	2.415997984420528	trials	1.0	1.0	1.5	0.125		0.8	1909.1862289519092	1909.186146105487	1910.2498559119103	1908.899890921909	1908.900957481909	1909.04736663	
1909.04736663	0.5860000000000127	WheelMovementIntervals													-0.47118842692856333
1911.3843424519114	4.048600593491983	trials	1.0	-1.0	0.0		0.125	0.8	1912.8639278119128	1912.8630423034394	1914.932954221915	1912.101304081912	1912.102270651912	1912.23136663	
1912.23136663	0.8379999999999654	WheelMovementIntervals													-0.2875299155697917
1915.95236663	0.19900000000006912	WheelMovementIntervals													0.14827592447079496
1916.065240981916	2.6698048389098403	trials	-1.0	1.0	1.5		0.125	0.8	1917.164864341917	1917.164741739231	1918.2349906519182	1916.851329031917	1916.8522289419168	1917.00136663	
1917.00136663	0.47199999999998	WheelMovementIntervals													0.7419176922059023
1917.92136663	0.9980000000000473	WheelMovementIntervals													0.19453069268212175
1919.3754432619194	2.6596327911061053	trials	-1.0	1.0	1.5		0.125	0.2	1920.4635677719205	1920.4634554489728	1921.5349939519215	1920.0832058119202	1920.08420571192	1920.20836663	
1920.20836663	0.640999999999849	WheelMovementIntervals													0.6334573890189859
1922.6634810919227	2.7045003916157384	trials	-1.0	1.0	1.5		0.0625	0.2	1923.8036670619238	1923.803580413898	1924.867893961925	1923.3829091419234	1923.3838423819234	1923.62236663	
1923.62236663	0.45900000000006	WheelMovementIntervals													0.6853353319636994
1926.026478091926	2.3564025374398625	trials	-1.0	1.0	1.5		1.0	0.2	1926.815065891927	1926.8149779371442	1927.8828591019278	1926.4997307619265	1926.5007973219265	1926.62936663	
1926.62936663	0.6309999999998581	WheelMovementIntervals													1.0986511585124958
1929.032077501929	2.4842193598321956	trials	-1.0	1.0	1.5		0.125	0.2	1929.95268543193	1929.9525839344676	1931.016179071931	1929.5844555919296	1929.5854221619295	1929.66436663	
1929.66436663	0.8930000000000291	WheelMovementIntervals													1.1215234600853137
1932.1473992719323	2.602309580207475	trials	-1.0	1.0	1.5		0.0625	0.2	1933.1858954119332	1933.18580189764	1934.2495890319342	1932.901057231933	1932.9020904619329	1933.00136663	
1933.00136663	0.47900000000004184	WheelMovementIntervals													0.7679833058553527
1935.3982074919354	7.769391428767449	trials	-1.0	1.0	1.5		0.0625	0.2	1941.6072198619415	1941.6070990439591	1942.6675471519427	1936.067840521936	1936.068707101936	1939.71536663	
1939.71536663	0.4230000000000018	WheelMovementIntervals													0.10353242887623537
1941.5213666299999	2.0779999999999745	WheelMovementIntervals													2.948409747420328
1943.8354970119437	3.113921856574507	trials	-1.0	1.0	1.5		1.0	0.2	1945.4039068219454	1945.4038075162487	1946.4493689319465	1945.082472301945	1945.0833055519452	1945.25436663	
1943.90436663	0.48900000000003274	WheelMovementIntervals													0.04278893704247366
1945.25436663	0.47699999999986176	WheelMovementIntervals													1.039543571192496
1945.9743666299998	0.9450000000001637	WheelMovementIntervals													0.27641103420825175
1947.5934211819476	2.4890177537827185	trials	-1.0	1.0	1.5		0.125	0.2	1948.5195285619486	1948.5194270429324	1949.5823889319497	1948.084338751948	1948.085271991948	1948.26536663	
1948.26536663	0.8849999999999909	WheelMovementIntervals													0.7787167987702333
1950.7280410219507	2.7878948870168188	trials	-1.0	1.0	1.5		0.0	0.2	1951.949418871952	1951.9493374678864	1953.0158455519531	1951.4842320619516	1951.4852319619515	1951.66336663	
1951.66336663	1.4100000000000819	WheelMovementIntervals													0.919281674778972
1954.1506320619542	2.6319063581154296	trials	1.0	1.0	1.5	0.125		0.2	1955.2065264619553	1955.2064342113886	1956.2825188519564	1954.6837787419547	1954.6848786319547	1954.85936663	
1954.85936663	0.6949999999999363	WheelMovementIntervals													-0.3543186153746092
1957.4269377319574	2.4071977509788667	trials	-1.0	1.0	1.5		0.0	0.2	1958.2659538219582	1958.2658362511909	1959.3341136619595	1957.917322021958	1957.918188601958	1957.98936663	
1957.98936663	0.5260000000000673	WheelMovementIntervals													0.6420706176195381
1960.4805323419605	4.253410389169176	trials	-1.0	1.0	1.5		0.0625	0.2	1963.1643639319632	1963.1642376351383	1964.2338569719643	1962.7988004919628	1962.799800391963	1962.94636663	
1960.86936663	1.3239999999998417	WheelMovementIntervals													1.2131012847200964
1962.94636663	1.2739999999998872	WheelMovementIntervals													0.6731136245824132
1965.3833420119654	2.665531344951205	trials	-1.0	1.0	1.5		1.0	0.2	1966.4753661319664	1966.4752536232268	1967.5488254419677	1966.0322437819661	1966.033110361966	1966.17136663	
1966.17136663	1.3740000000000236	WheelMovementIntervals													0.8759766050495159
1968.6972772519687	2.519788688891822	trials	-1.0	1.0	1.5		0.125	0.2	1969.6403496019695	1969.640272270476	1970.7169752619707	1969.3337136019693	1969.3347468319694	1969.47136663	
1969.47136663	0.6340000000000146	WheelMovementIntervals													1.075314810958389
1971.8642605219718	3.4362227457095287	trials	1.0	1.0	1.5	1.0		0.2	1973.7312738019737	1973.7311717931848	1974.8004002119749	1972.5486920719725	1972.5497253019726	1972.70236663	
1972.70236663	1.441000000000031	WheelMovementIntervals													-0.3072966018490888
1975.950485191976	2.333303149065614	trials	-1.0	1.0	1.5		0.0625	0.2	1976.7129756019767	1976.71288556743	1977.7837018519779	1976.4487686919765	1976.4496686019766	1976.52836663	
1976.52836663	0.46900000000005093	WheelMovementIntervals													0.7926648273212891
1978.935486661979	3.165118054552522	trials	-1.0	1.0	1.5		0.0625	0.2	1980.5366931919805	1980.53659427748	1981.6005201319815	1979.5153953319796	1979.5162952419796	1979.68736663	
1979.68736663	1.2359999999998763	WheelMovementIntervals													0.4530398943776959
1982.7535048219827	2.8952851335986907	trials	1.0	1.0	1.5	0.25		0.2	1984.0874047519842	1984.0872965913395	1985.1487319419853	1983.2651869819833	1983.2662868719833	1983.3483666299999	
1983.3483666299999	1.0690000000001874	WheelMovementIntervals													-0.34425118772423957
1986.3056829019863	2.6931285509440386	trials	-1.0	1.0	1.5		0.125	0.2	1987.4374030519875	1987.4372936380955	1988.4987635719885	1987.050075121987	1987.0509083719871	1986.88336663	
1986.88336663	1.0350000000000819	WheelMovementIntervals													0.8275146258595214
1988.12936663	0.09999999999990905	WheelMovementIntervals													0.00991791527485475
1988.47036663	0.2760000000000673	WheelMovementIntervals													0.031171699291007826
1989.6543146719896	2.510987941994699	trials	-1.0	1.0	1.5		0.25	0.2	1990.6008200119907	1990.6007093735088	1991.6652135619918	1990.2501884119902	1990.2511883119903	1990.41936663	
1990.41936663	0.5729999999998654	WheelMovementIntervals													0.9954999838385561
1991.46136663	0.1169999999999618	WheelMovementIntervals													0.012180949739729385
1992.8318968819929	2.599908483967738	trials	-1.0	1.0	1.5		0.0625	0.2	1993.8539280019938	1993.8537994305375	1994.9317202119948	1993.4835317119935	1993.4844982819934	1993.58036663	
1993.58036663	0.7189999999998236	WheelMovementIntervals													0.5267014203311078
1996.0838049919962	2.3646278274243286	trials	-1.0	1.0	1.5		1.0	0.2	1996.8772256419968	1996.8771136568353	1997.948418511998	1996.5832217119967	1996.5841216219967	1996.60436663	
1996.60436663	1.231999999999971	WheelMovementIntervals													1.0913321911483536
1999.04636663	0.63799999999992	WheelMovementIntervals													0.28864341170276475
1999.0886378119992	3.0279995586606674	trials	-1.0	1.0	1.5		1.0	0.2	2000.5416258320006	2000.5415366405925	2001.6165516620017	2000.2500549920003	2000.2510882220004	2000.3483666299999	
2000.3483666299999	0.6080000000001746	WheelMovementIntervals													0.9953833552880269
2001.35936663	1.9549999999999272	WheelMovementIntervals													3.359475987286771
2002.7847348320029	3.11359329905531	trials	-1.0	1.0	1.5		0.25	0.2	2004.3261473420043	2004.326030524848	2005.3983067820054	2003.981681792004	2003.982715022004	2004.10336663	
2004.10336663	1.1259999999999764	WheelMovementIntervals													1.0126723235032387
2006.46236663	0.7690000000000055	WheelMovementIntervals													1.106478550411964
2006.5564242920066	3.226512088390564	trials	-1.0	1.0	1.5		0.0625	0.2	2008.2203578820083	2008.2202289785864	2009.2828849520092	2007.899689952008	2007.9006898520079	2008.08236663	
2008.08236663	1.31899999999996	WheelMovementIntervals													1.0209206978144039
2010.4367362220105	2.496317817278168	trials	-1.0	1.0	1.5		0.0625	0.2	2011.3598439020113	2011.3597420704004	2012.4330032420125	2010.9647167520109	2010.965649992011	2011.10136663	
2011.10136663	0.724999999999909	WheelMovementIntervals													0.7323240055114297
2012.35036663	0.47199999999998	WheelMovementIntervals													0.07506994806692546
2013.5805551420135	2.4356952562561673	trials	-1.0	1.0	1.5		0.25	0.2	2014.4477684120145	2014.4476523852734	2015.5162282220156	2014.1813617220141	2014.182294962014	2014.1173666299999	
2014.1173666299999	0.5740000000000691	WheelMovementIntervals													0.6548662562316281
2016.6787452920166	2.537512678709845	trials	1.0	1.0	1.5	0.125		0.8	2017.6411490420176	2017.6410493417168	2018.7162415220187	2017.2645867020174	2017.2655866020173	2017.4263666299998	
2017.4263666299998	0.6600000000000819	WheelMovementIntervals													-0.30000101089467535
2018.48636663	0.25299999999992906	WheelMovementIntervals													0.05663502814650201
2019.8771587520198	6.105622633072244	trials	-1.0	-1.0	0.0	0.0625		0.8	2023.4205377120234	2023.4195707230908	2025.4826981420256	2020.4813316620205	2020.4822315720205	2023.12936663	
2023.12936663	1.2999999999999545	WheelMovementIntervals													0.9538991412998712
2026.6476816320267	2.8520157678608484	trials	-1.0	1.0	1.5		0.125	0.8	2027.9312865920278	2027.9311873780057	2028.999646412029	2027.3977732820274	2027.3988398420274	2027.65336663	
2027.65336663	0.66599999999994	WheelMovementIntervals													0.8787623353372851
2030.15689734203	2.8925109606486785	trials	1.0	1.0	1.5	1.0		0.8	2031.4724991020314	2031.4724009625045	2032.5493247420325	2030.6312165720306	2030.6321498120305	2030.83536663	
2030.83536663	0.9320000000000164	WheelMovementIntervals													-0.33345043658675877
2033.7250071620338	3.0061011800753477	trials	1.0	1.0	1.5	1.0		0.8	2035.170895892035	2035.1708067676868	2036.2310898620362	2034.4145382020345	2034.4154381120345	2034.56236663	
2034.56236663	1.1189999999999145	WheelMovementIntervals													-0.36862403088514384
2037.3913071620375	3.091594746269948	trials	1.0	1.0	1.5	0.125		0.8	2038.909422002039	2038.9093040914076	2039.98281465204	2037.949384682038	2037.950384582038	2037.84736663	
2037.84736663	1.47400000000016	WheelMovementIntervals													0.32458869715742367
2041.1434985720412	3.2209112723155613	trials	1.0	1.0	1.5	0.0625		0.8	2042.7841011620428	2042.784002785373	2043.8643931220438	2041.880824832042	2041.8816914120418	2042.07836663	
2042.07836663	1.22400000000016	WheelMovementIntervals													-0.3376587229052461
2045.0332095620452	3.5311138751185354	trials	-1.0	-1.0	0.0	0.0625		0.8	2045.987647442046	2045.9867127686719	2048.064239762048	2045.6492812820456	2045.6503145120457	2045.74936663	
2045.74936663	0.42699999999990723	WheelMovementIntervals													0.6633351118475161
2048.94936663	0.75	WheelMovementIntervals													0.18720326887080319
2049.2348226920494	3.614306501412102	trials	1.0	1.0	1.5	0.25		0.8	2051.264219732051	2051.26412521943	2052.349077902052	2050.4493678920503	2050.4502678020503	2050.65836663	
2050.65836663	1.1200000000003456	WheelMovementIntervals													-0.2811073269735971
2052.25836663	0.30999999999994543	WheelMovementIntervals													0.02566096382656724
2053.5144280220534	2.8347157661232814	trials	1.0	1.0	1.5	0.25		0.8	2054.787034082055	2054.786934201677	2055.849061202056	2054.1141013820543	2054.114901302054	2054.21436663	
2054.21436663	0.9320000000002437	WheelMovementIntervals													-0.38041109797563877
2057.010945002057	2.604607144122383	trials	-1.0	1.0	1.5		1.0	0.8	2058.040342052058	2058.040246639752	2059.115467862059	2057.730773012058	2057.7318729020576	2057.60736663	
2057.60736663	0.8299999999999272	WheelMovementIntervals													1.1796372428259474
2060.2917502220603	3.0390999961095986	trials	1.0	1.0	1.5	0.0625		0.8	2061.759970052062	2061.7598487709706	2062.8307629620626	2060.7640696520607	2060.765169542061	2060.97536663	
2060.97536663	1.1900000000000546	WheelMovementIntervals													-0.31765931704524064
2063.994646562064	4.6709300789002555	trials	-1.0	-1.0	0.0	0.25		0.8	2066.090103662066	2066.0892591536503	2068.165529432068	2065.798966112066	2065.8001326620656	2065.87536663	
2064.44436663	0.45299999999997453	WheelMovementIntervals													0.2977174716322111
2065.87536663	0.4499999999998181	WheelMovementIntervals													0.3754050058589655
2069.3394786920694	2.4244944814381597	trials	-1.0	1.0	1.5		0.0625	0.8	2070.2022590720703	2070.2021760167722	2071.2639195620714	2069.9138212520697	2069.9147544920697	2069.76136663	
2069.76136663	0.7559999999998581	WheelMovementIntervals													0.8177425579430633
2072.4351690920726	4.078524558480694	trials	-1.0	-1.0	0.0	0.125		0.8	2073.944051522074	2073.9429770621236	2076.013611212076	2073.5986860620737	2073.5997192920736	2073.67536663	
2072.76336663	0.43100000000004	WheelMovementIntervals													0.25914214447243467
2073.67536663	0.45499999999992724	WheelMovementIntervals													0.6420758405970446
2077.1836941920774	2.998102163641306	trials	1.0	1.0	1.5	0.125		0.8	2078.6118846920785	2078.6117942700257	2079.68174436208	2077.848894332078	2077.849994222078	2078.00936663	
2078.00936663	1.01299999999992	WheelMovementIntervals													-0.31012809877466907
2080.847994392081	2.9339065260742245	trials	1.0	1.0	1.5	0.0625		0.8	2082.223290182082	2082.2231965135757	2083.281850982083	2081.3469778220815	2081.3479777220814	2081.35636663	
2081.35636663	1.1769999999996799	WheelMovementIntervals													-0.34637342898901124
2084.4585999620845	3.088221216684815	trials	1.0	1.0	1.5	0.0625		0.8	2085.982214252086	2085.982109442235	2087.046707792087	2085.080237792085	2085.0812710220853	2085.17736663	
2085.17736663	1.1669999999999163	WheelMovementIntervals													-0.3010730042509522
2088.223923392088	2.974400561967741	trials	1.0	1.0	1.5	1.0		0.8	2089.63601550209	2089.6359222347123	2090.698275932091	2088.831662612089	2088.8325625220887	2088.96536663	
2088.96536663	1.0119999999997162	WheelMovementIntervals													-0.33942021506135234
2091.920520362092	3.742993768974884	trials	1.0	1.0	1.5	0.125		0.8	2094.095036222094	2094.0949155804915	2095.1634293720954	2093.4466344020934	2093.4475009820935	2093.55936663	
2092.46236663	0.24000000000023647	WheelMovementIntervals													0.20576523929298673
2093.55936663	0.9490000000000691	WheelMovementIntervals													-0.3025855713969463
2096.3406116420965	3.2229090661144255	trials	1.0	1.0	1.5	0.0625		0.8	2098.001845502098	2098.001715799414	2099.0634393320993	2097.064805882097	2097.065872442097	2097.22636663	
2097.22636663	1.1359999999999673	WheelMovementIntervals													-0.3029623852622194
2100.2523204321	3.2460084478079807	trials	1.0	1.0	1.5	0.0625		0.8	2101.925753072102	2101.925623755917	2102.998312472103	2100.814897502101	2100.815797412101	2100.75836663	
2100.75836663	0.20299999999997453	WheelMovementIntervals													0.2396803431902299
2101.45336663	0.7760000000002947	WheelMovementIntervals													-0.6514785908800604
2104.174028222104	3.3058304370097176	trials	1.0	1.0	1.5	0.125		0.8	2105.915054102106	2105.9149431975893	2106.979780952107	2105.6298492921055	2105.6307158721056	2105.77736663	
2104.35236663	0.5399999999999636	WheelMovementIntervals													0.5195281791284287
2105.77736663	0.4270000000001346	WheelMovementIntervals													-0.4285380174155762
2108.163762542108	2.949403981483556	trials	1.0	1.0	1.5	0.125		0.8	2109.5432579121098	2109.5431634688243	2110.6131175821106	2108.6312824521087	2108.6323823421085	2108.81736663	
2108.81736663	1.0889999999999418	WheelMovementIntervals													-0.3299820866394043
2111.795665982112	3.9176069190129965	trials	1.0	1.0	1.5	1.0		0.8	2114.159462912114	2114.1593695533716	2115.2131908621154	2113.864592402114	2113.8656589621137	2114.01136663	
2111.99336663	0.7690000000002328	WheelMovementIntervals													0.09734739193470432
2113.03636663	0.14399999999977808	WheelMovementIntervals													0.07071937376275628
2114.01136663	0.5070000000000618	WheelMovementIntervals													-0.4575372863906182
2116.4022719421164	3.4943150150120346	trials	-1.0	-1.0	0.0	0.0625		0.8	2117.3456109321173	2117.3447751828626	2119.3964724921193	2117.064405722117	2117.065272302117	2117.14136663	
2117.14136663	0.4899999999997817	WheelMovementIntervals													0.8916763926218891
2120.5814873121208	5.583106547281659	trials	1.0	1.0	1.5	1.0		0.8	2124.6100844121247	2124.609991314775	2125.664545622126	2123.814497312124	2123.8155638721237	2123.97836663	
2120.65036663	2.456000000000131	WheelMovementIntervals													-1.3185623103913144
2123.97836663	1.1100000000001273	WheelMovementIntervals													-0.31494267206551285
2126.861792552127	8.102517230273406	trials	1.0	1.0	1.5	0.0625		0.8	2133.4077045621334	2133.4076048562674	2134.4642655621346	2127.7626691221276	2127.7635023721277	2132.11536663	
2127.17636663	0.06199999999989814	WheelMovementIntervals													-0.016499111386337972
2127.95736663	0.11400000000003274	WheelMovementIntervals													-0.028648324771040734
2132.11536663	1.6899999999995998	WheelMovementIntervals													-0.3119455379851388
2136.012210752136	3.135416861673548	trials	1.0	1.0	1.5	0.125		0.8	2137.5863199921378	2137.58621821283	2138.6475138621386	2136.5291257221365	2136.5300922921365	2136.70236663	
2136.70236663	1.3449999999998	WheelMovementIntervals													-0.3303926046686456
2139.83082885214	3.7485938538429764	trials	-1.0	1.0	1.5		0.125	0.8	2142.014510462142	2142.014424689427	2143.079303972143	2141.645780672142	2141.646713912142	2141.54836663	
2140.37336663	0.487999999999829	WheelMovementIntervals													0.09258002010841437
2141.54836663	1.4179999999996653	WheelMovementIntervals													0.8548772223163041
2144.2581194121444	3.5045137987112867	trials	1.0	1.0	1.5	1.0		0.8	2146.196425562146	2146.19632593754	2147.2626189321472	2144.964182132145	2144.965015382145	2145.12536663	
2145.12536663	1.375	WheelMovementIntervals													-0.3220390866451339
2148.4402344921486	3.3721971422573915	trials	-1.0	-1.0	0.0	0.0625		0.8	2149.2436208121494	2149.2427335741017	2151.3124139121514	2149.014010442149	2149.014943682149	2148.95636663	
2148.95636663	0.5969999999997526	WheelMovementIntervals													0.7624100354545931
2152.47236663	0.4800000000000182	WheelMovementIntervals													-0.23061237584511218
2152.4962288521524	16.634158910078895	trials	-1.0	1.0	1.5		0.0	0.8	2167.5600889821676	2167.5599803894315	2168.630281952169	2159.1306320121594	2159.131531922159	2167.32336663	
2153.76936663	4.342999999999847	WheelMovementIntervals													8.386515577885348
2166.2383666299997	0.20800000000008367	WheelMovementIntervals													0.050935028557262285
2167.32336663	4.447000000000116	WheelMovementIntervals													3.891113681295053
2169.89908839217	19.630932367924288	trials	-1.0	-1.0	0.0	0.125		0.8	2186.966581472187	2186.965214792487	2189.029941782189	2172.5119270821724	2172.5127270021726	2186.56536663	
2186.56536663	1.9259999999999309	WheelMovementIntervals													1.0939320487668738
2190.24891987219	8.412923018204765	trials	1.0	1.0	1.5	0.0		0.8	2197.100534642197	2197.100436175092	2198.1617618421983	2190.795098582191	2190.795898502191	2196.61436663	
2191.02036663	0.19700000000011642	WheelMovementIntervals													0.017874831245933365
2196.61436663	1.58199999999988	WheelMovementIntervals													0.9084864220093891
2198.66136663	3.186999999999898	WheelMovementIntervals													7.50167369696436
2199.3644415621993	18.33012691147269	trials	-1.0	-1.0	0.0	0.25		0.8	2215.137664082215	2215.1368629976346	2217.1945250422173	2202.4466333122023	2202.4478331922023	2214.98336663	
2214.98336663	1.9329999999999927	WheelMovementIntervals													1.1852538721760766
2218.4366674822186	3.7096244353583643	trials	1.0	1.0	1.5	1.0		0.8	2220.5721872422205	2220.5720798212924	2221.6462464922215	2218.962948182219	2218.963948082219	2219.81036663	
2219.81036663	1.7940000000003238	WheelMovementIntervals													0.5904634052469078
2222.847992972223	5.396423794603379	trials	1.0	1.0	1.5	0.25		0.8	2226.6906086722265	2226.6905077789866	2227.744336622228	2223.3778399822236	2223.3789065422234	2225.82536663	
2225.82536663	1.281999999999698	WheelMovementIntervals													-0.3041008579982645
2228.936117432229	4.79328821556237	trials	-1.0	1.0	1.5		0.25	0.8	2232.165327812232	2232.1652081460775	2233.2293880622333	2229.6289814722295	2229.6298480522296	2231.9103666299998	
2231.9103666299998	1.0540000000000873	WheelMovementIntervals													1.055315469502034
2234.4268016422343	3.2191100941699915	trials	1.0	1.0	1.5	1.0		0.8	2236.071537152236	2236.071405777447	2237.145863042237	2235.044339882235	2235.045473102235	2235.5933666299998	
2235.22836663	0.06700000000000728	WheelMovementIntervals													-0.029938650309588866
2235.5933666299998	0.8710000000000946	WheelMovementIntervals													-0.263765596391238
2238.3283114522383	4.399020962930081	trials	1.0	1.0	1.5	1.0		0.8	2241.1647277822412	2241.1646243235373	2242.2272881822423	2238.7941315322387	2238.7950981022386	2238.95836663	
2238.95836663	2.6770000000001346	WheelMovementIntervals													-0.2679511391675078
2243.4296346022434	2.4161171970681607	trials	-1.0	1.0	1.5		1.0	0.8	2244.2834492122442	2244.283340325281	2245.3456763122454	2243.995677992244	2243.996744552244	2244.06936663	
2244.06936663	4.309999999999945	WheelMovementIntervals													8.713300348769224
2246.5532555422465	4.375694528574968	trials	-1.0	1.0	1.5		0.25	0.8	2249.3656409422492	2249.365551383007	2250.4289346022506	2249.010609782249	2249.011676342249	2249.21536663	
2249.21536663	0.5659999999998035	WheelMovementIntervals													1.2251790734563883
2250.34036663	0.5349999999998545	WheelMovementIntervals													0.24017735684259378
2251.637947022252	3.4410189400391573	trials	-1.0	-1.0	0.0	0.25		0.8	2252.5059935422523	2252.5050512909816	2254.5788862322547	2252.1273314122523	2252.128331312252	2252.27736663	
2252.27736663	0.5019999999999527	WheelMovementIntervals													0.7665913421397477
2255.767567352256	4.692996885342836	trials	-1.0	-1.0	0.0	0.125		0.8	2257.900620692258	2257.8996645742773	2259.96048135226	2257.310579702257	2257.3116129322575	2257.49836663	
2256.07236663	0.6529999999997926	WheelMovementIntervals													0.9566767325142109
2257.49836663	0.7390000000000327	WheelMovementIntervals													0.9553324106548189
2261.1707603122613	16.206140893741576	trials	-1.0	-1.0	0.0	0.0		0.8	2274.7954643722746	2274.794393008142	2276.876822882277	2261.812162832262	2261.8132293922617	2274.58336663	
2268.16136663	0.11299999999982901	WheelMovementIntervals													0.0018132424554551108
2270.25936663	0.16400000000021464	WheelMovementIntervals													0.09137264661285371
2274.58336663	2.5589999999997417	WheelMovementIntervals													3.8335048269588015
2278.096200932278	15.4487480719431	trials	-1.0	-1.0	0.0	0.25		0.8	2290.976612762291	2290.9758393425086	2293.044872582293	2278.6285810222785	2278.6294142722786	2290.80336663	
2290.80336663	0.3160000000002583	WheelMovementIntervals													0.3840996989219434
2294.2786491922943	3.8160139250098837	trials	1.0	1.0	1.5	1.0		0.8	2296.5364567222964	2296.536356247609	2297.5946175622976	2295.4931943922957	2295.4942609522955	2295.65736663	
2294.29936663	0.7319999999999709	WheelMovementIntervals													1.0352992186432743
2295.65736663	2.2170000000000982	WheelMovementIntervals													-0.30425109960810914
2298.8034633322986	3.4080932412703078	trials	-1.0	-1.0	0.0	0.0		0.8	2299.6522117822997	2299.6512611534754	2301.7115058323016	2299.3430427022995	2299.344209252299	2299.46136663	
2299.46136663	0.7599999999997635	WheelMovementIntervals													0.8261611235946589
2302.908552782303	2.469415574764298	trials	-1.0	1.0	1.5		1.0	0.8	2303.8133622923037	2303.813257389242	2304.877922492305	2303.5265576423035	2303.5275242123034	2303.66736663	
2303.66736663	5.907000000000153	WheelMovementIntervals													11.114738712932194
2306.080068932306	17.9144311087025	trials	-1.0	-1.0	0.0	0.25		0.8	2321.4170017523215	2321.4161938515845	2323.4944606523236	2310.30961260231	2310.3104458523103	2320.94436663	
2320.94436663	0.7310000000002219	WheelMovementIntervals													0.36741174348026107
2324.7646002923248	24.596065695104244	trials	-1.0	-1.0	0.0	0.0		0.8	2346.803429522347	2346.802657363092	2348.8606237823487	2325.5093258123256	2325.5102923823256	2346.64036663	
2333.29936663	0.07000000000016371	WheelMovementIntervals													0.006974007415749384
2340.38036663	0.11200000000008004	WheelMovementIntervals													0.049755425717307844
2346.64036663	0.32900000000017826	WheelMovementIntervals													0.34875087726175025
2350.11556494235	2.993199771592117	trials	1.0	1.0	1.5	1.0		0.8	2351.5495548623517	2351.549463874826	2352.6087489323527	2350.6922072723505	2350.6930738523506	2350.86036663	
2350.86036663	1.0900000000001455	WheelMovementIntervals													-0.28345514575272546
2352.50136663	0.2179999999998472	WheelMovementIntervals													0.08766231815525316
2353.809362192354	25.39925290511701	trials	-1.0	-1.0	0.0	0.0625		0.8	2376.6348460823765	2376.6339079372497	2378.7085720223786	2355.060437072355	2355.061370312355	2375.92836663	
2354.16336663	0.14699999999993452	WheelMovementIntervals													0.060890186251810974
2355.12436663	0.1449999999999818	WheelMovementIntervals													0.018370029422897005
2366.80036663	0.22199999999975262	WheelMovementIntervals													-0.02970176411565717
2375.92836663	1.2860000000000582	WheelMovementIntervals													0.7945752070403955
2379.94951458238	3.6937227244616224	trials	-1.0	-1.0	0.0	0.0625		0.8	2381.067136142381	2381.0661208473502	2383.1432285123833	2380.6101485123804	2380.6111484123808	2380.8723666299998	
2380.8723666299998	0.5480000000002292	WheelMovementIntervals													0.6376038971376374
2384.3678393723844	9.80731411712577	trials	-1.0	-1.0	0.0	0.0625		0.8	2391.6150145823917	2391.6141490642076	2393.675041892394	2384.875088642385	2384.876088542385	2391.15836663	
2391.15836663	0.6730000000002292	WheelMovementIntervals													0.5343610805190337
2394.89336663	1.1469999999999345	WheelMovementIntervals													1.1936076493727228
2394.902552462395	4.705822877479932	trials	-1.0	1.0	1.5		0.125	0.8	2398.047471272398	2398.0473664144265	2399.108265182399	2397.4099350323972	2397.4109682623975	2397.8053666299998	
2396.47636663	0.4699999999997999	WheelMovementIntervals													0.3297713913491407
2397.8053666299998	1.0360000000000582	WheelMovementIntervals													0.7189921332878839
2399.19336663	4.8969999999999345	WheelMovementIntervals													8.689106427583113
2400.3279765324005	8.429815885128392	trials	1.0	1.0	1.5	0.25		0.8	2407.1924900124072	2407.192387024778	2408.2577501424084	2406.3929699724063	2406.3939032124063	2406.58236663	
2404.90736663	0.32600000000002183	WheelMovementIntervals													0.12089249550172099
2406.58236663	0.9450000000001637	WheelMovementIntervals													-0.3045656332421913
2409.04036663	0.9639999999999418	WheelMovementIntervals													0.9391363629194416
2409.5198905824095	2.956401308146269	trials	-1.0	1.0	1.5		0.125	0.8	2410.904885402411	2410.9047902583166	2411.976244922412	2410.5261899424104	2410.5271565124103	2410.63836663	
2410.63836663	0.5509999999999309	WheelMovementIntervals													0.8066710095459939
2413.194789722413	2.896307063889253	trials	1.0	1.0	1.5	0.25		0.8	2414.5061919024147	2414.5060920150877	2415.5910834024157	2413.974478412414	2413.975444982414	2413.94036663	
2413.94036663	1.2109999999997854	WheelMovementIntervals													-0.3076197102174092
2416.7980960224168	5.043123590382947	trials	1.0	1.0	1.5	1.0		0.8	2420.2628161824205	2420.2627108549623	2421.3411750024216	2418.7093048824186	2418.710071472419	2418.85436663	
2417.19336663	0.2909999999997126	WheelMovementIntervals													0.25419083702217904
2418.85436663	1.78899999999976	WheelMovementIntervals													-0.318951155478544
2422.42436663	0.39800000000013824	WheelMovementIntervals													-0.06594294901282183
2422.5512206524227	3.890006829624326	trials	-1.0	-1.0	0.0	0.0625		0.8	2423.878354592424	2423.8773222988398	2425.941181622426	2423.5761181524235	2423.5770180624236	2423.70336663	
2423.70336663	0.40599999999994907	WheelMovementIntervals													0.6280414161020076
2427.150327362427	18.84204160682748	trials	-1.0	-1.0	0.0	0.0		0.8	2443.4215000824433	2443.420662426923	2445.4923596424455	2427.876088112428	2427.876988022428	2443.12336663	
2443.12336663	0.5210000000001855	WheelMovementIntervals													0.4728711162383661
2446.7362685724465	2.6394006462755897	trials	1.0	1.0	1.5	0.125		0.8	2447.824559732448	2447.824467602029	2448.875654612449	2447.2571831424475	2447.2581163824475	2447.6513666299998	
2447.6513666299998	0.6159999999999854	WheelMovementIntervals													-0.37739966347254494
2450.08916658245	4.036223593871455	trials	-1.0	-1.0	0.0	0.125		0.8	2451.5864168424514	2451.585574588261	2453.6253462624536	2451.2904131124515	2451.2914130124514	2451.38236663	
2450.30436663	0.43800000000010186	WheelMovementIntervals													0.21880896561782492
2451.38236663	0.5210000000001855	WheelMovementIntervals													0.3496630528701985
2454.844291022455	3.296101417112368	trials	1.0	1.0	1.5	0.25		0.8	2456.6000820924564	2456.5999901793152	2457.6403447224575	2455.5903497424556	2455.5913829724554	2455.81936663	
2455.81936663	1.19399999999996	WheelMovementIntervals													-0.30767930578554115
2458.863189092459	2.4939113867822016	trials	-1.0	1.0	1.5		0.25	0.8	2459.79249615246	2459.792392589869	2460.856989692461	2459.375604512459	2459.3766710724594	2459.42236663	
2459.42236663	0.7220000000002074	WheelMovementIntervals													1.3055688182939775
2460.47136663	0.22400000000016007	WheelMovementIntervals													0.02272134079305488
2462.075301182462	3.0483213332909145	trials	1.0	1.0	1.5	0.25		0.8	2463.5611192524634	2463.5610101178504	2464.6235463324647	2462.5752845124625	2462.5763177424624	2462.75036663	
2462.75036663	1.1640000000002146	WheelMovementIntervals													-0.34018615240302097
2465.848023872466	3.4590868259647323	trials	1.0	1.0	1.5	1.0		0.8	2467.739001422468	2467.7389155776586	2468.8070946024686	2467.025306132467	2467.026239372467	2467.18136663	
2466.13336663	0.2919999999999163	WheelMovementIntervals													0.1605856524897149
2467.18136663	1.1239999999997963	WheelMovementIntervals													-0.34076256371383806
2470.03110552247	3.3274253128538476	trials	-1.0	-1.0	0.0	0.0625		0.8	2470.7912295024707	2470.790310841671	2472.858422762473	2470.5918827724704	2470.5928826724708	2470.52236663	
2470.52236663	0.5230000000001382	WheelMovementIntervals													0.7071712655412625
2474.0803338924743	2.926504049711639	trials	1.0	1.0	1.5	0.0		0.8	2475.4518300624754	2475.451734852998	2476.5067245624764	2474.656742912475	2474.6581761024745	2474.82536663	
2474.82536663	1.0	WheelMovementIntervals													-0.3181636193297095
2477.721136442478	2.652299428009428	trials	-1.0	1.0	1.5		0.25	0.2	2478.819726572479	2478.8196349630725	2479.87342119248	2478.358439372478	2478.3594726024785	2478.56336663	
2478.56336663	0.7260000000001128	WheelMovementIntervals													1.2139127662541114
2481.0996318924813	2.5752055562188616	trials	-1.0	1.0	1.5		0.0625	0.2	2482.110030842482	2482.1099332876524	2483.174791022483	2481.7248027024816	2481.7257692724816	2481.83136663	
2481.83136663	0.6880000000001019	WheelMovementIntervals													1.2292998150122116
2484.3872364324843	2.9879242503370733	trials	1.0	1.0	1.5	1.0		0.2	2485.810760732486	2485.810647032273	2486.8750542924868	2484.956446172485	2484.957412742485	2485.10036663	
2485.10036663	1.1900000000000546	WheelMovementIntervals													-0.2981649104659141
2488.109664152488	3.331697245707346	trials	1.0	1.0	1.5	1.0		0.2	2489.8797537924897	2489.8796616267227	2490.941314292491	2489.1731911224892	2489.1740577024893	2489.33636663	
2488.15336663	0.5289999999999964	WheelMovementIntervals													0.978351764258889
2489.33636663	0.8799999999996544	WheelMovementIntervals													-0.4176299360107123
2492.167158362492	2.407816962443121	trials	-1.0	1.0	1.5		0.0625	0.2	2493.019973072493	2493.0198636612977	2494.074934232494	2492.6399777424926	2492.6410109724925	2492.67636663	
2492.67636663	0.7339999999999236	WheelMovementIntervals													0.8759712630999843
2495.3051778624954	2.8696065399090003	trials	1.0	1.0	1.5	0.25		0.2	2496.6184798524964	2496.6183799400687	2497.6747075524977	2495.856356072496	2495.857322642496	2496.04236663	
2496.04236663	1.0170000000002801	WheelMovementIntervals													-0.2956588591829359
2498.914383572499	2.3269984442604255	trials	-1.0	1.0	1.5		0.25	0.2	2499.6853731324995	2499.685282063253	2500.741300862501	2499.4065010224995	2499.407600912499	2499.44936663	
2499.44936663	0.5889999999999418	WheelMovementIntervals													1.0453502663471
2501.973977582502	3.667423195579886	trials	-1.0	1.0	1.5		1.0	0.2	2504.089699322504	2504.089589809514	2505.141327482505	2503.8563226625038	2503.857222572504	2503.83036663	
2502.11136663	0.7010000000000218	WheelMovementIntervals													0.23507972421612067
2503.83036663	0.6100000000001273	WheelMovementIntervals													0.9855702004650766
2505.86136663	0.5900000000001455	WheelMovementIntervals													0.32103248079539526
2506.3758040225066	2.765289001327801	trials	-1.0	1.0	1.5		0.25	0.2	2507.5986150625076	2507.5984982750415	2508.6410441425087	2507.2561159825073	2507.2575491725074	2507.42536663	
2507.42536663	0.5519999999996799	WheelMovementIntervals													1.0915070159890092
2508.2473666299998	0.32700000000022555	WheelMovementIntervals													0.06172605577080503
2508.74336663	0.24700000000029831	WheelMovementIntervals													0.039323199188913804
2509.24436663	1.1779999999998836	WheelMovementIntervals													0.8869056774390742
2509.8731875825097	3.0847161918409256	trials	-1.0	1.0	1.5		0.0625	0.2	2511.4012014325112	2511.401095107263	2512.4578290925124	2511.022772612511	2511.023872502511	2511.19136663	
2511.19136663	0.5869999999999891	WheelMovementIntervals													0.7264227947918016
2513.694605402514	2.6448253177281913	trials	-1.0	1.0	1.5		0.125	0.2	2514.7721976325147	2514.7721144948173	2515.839324242516	2514.3395409025143	2514.3404741425143	2514.46736663	
2514.46736663	0.5499999999997272	WheelMovementIntervals													0.4933314180048569
2517.075633932517	3.0154952851271446	trials	-1.0	1.0	1.5		0.125	0.2	2518.5303217825185	2518.5302306934364	2519.5911156925195	2518.124429042518	2518.1254289425183	2518.31236663	
2518.31236663	0.4470000000001164	WheelMovementIntervals													0.6445155160515128
2520.825425582521	3.680521475097521	trials	-1.0	1.0	1.5		0.25	0.2	2522.9476466725228	2522.947536811452	2524.005840842524	2522.6226458425226	2522.623745732523	2522.70536663	
2521.12436663	1.0199999999999818	WheelMovementIntervals													1.4303019560672396
2522.70536663	0.6720000000000255	WheelMovementIntervals													0.7690678588858191
2523.79936663	0.1230000000000473	WheelMovementIntervals													0.008579441672793564
2525.2571490325254	2.4003928310112315	trials	-1.0	1.0	1.5		0.0	0.2	2526.092832122526	2526.092745492617	2527.1574256525273	2525.7742306525256	2525.775030572526	2525.89636663	
2525.89636663	0.5919999999996435	WheelMovementIntervals													1.1207490149182604
2528.3895357625283	2.501409713167959	trials	-1.0	1.0	1.5		1.0	0.2	2529.3271419925295	2529.327038653345	2530.3908689425302	2529.022505792529	2529.023339042529	2529.13836663	
2529.13836663	0.4980000000000473	WheelMovementIntervals													0.8770516146936416
2531.6228457325315	2.332997104048445	trials	-1.0	1.0	1.5		1.0	0.2	2532.4004679625323	2532.400344100899	2533.4557957525335	2532.089165762532	2532.090298982532	2532.22436663	
2532.22436663	0.6929999999997563	WheelMovementIntervals													0.9838168163892647
2533.32036663	0.27700000000004366	WheelMovementIntervals													0.017786273371598327
2534.6868393025347	3.270528997476049	trials	1.0	1.0	1.5	0.125		0.2	2536.3945685125364	2536.3944533985027	2537.4572955625376	2535.2575822225353	2535.258615452535	2535.4683666299998	
2535.4683666299998	1.2950000000000728	WheelMovementIntervals													-0.3601761990981345
2537.16136663	0.32900000000017826	WheelMovementIntervals													0.03679595875138375
2538.6893723425387	6.834409197459081	trials	-1.0	1.0	1.5		0.0	0.2	2543.959278632544	2543.959177121211	2545.023738842545	2539.189222352539	2539.190222252539	2539.26636663	
2539.26636663	0.3809999999998581	WheelMovementIntervals													0.21009062242239906
2543.9103666299998	0.4960000000000946	WheelMovementIntervals													0.5556055076647226
2546.2764802225465	3.5290071678814456	trials	-1.0	-1.0	0.0	0.0		0.2	2547.2461499125475	2547.2450819154365	2549.3054772925493	2546.7558322825466	2546.756832182547	2547.00536663	
2547.00536663	0.5929999999998472	WheelMovementIntervals													0.7398245421427987
2550.5447866825507	3.1109073733446166	trials	1.0	1.0	1.5	1.0		0.2	2552.0863991725523	2552.086289345126	2553.155658902553	2551.223752112551	2551.224785342551	2551.36536663	
2550.56736663	0.10300000000006548	WheelMovementIntervals													-0.009771122490690232
2551.36536663	1.1909999999998035	WheelMovementIntervals													-0.3224869674141928
2553.02836663	0.0929999999998472	WheelMovementIntervals													0.019192910072945324
2554.7942950225547	2.5612044750064342	trials	-1.0	1.0	1.5		0.25	0.2	2555.7812963125557	2555.7811959762407	2556.855422222557	2555.3736704125554	2555.374736972555	2555.52136663	
2555.52136663	0.7010000000000218	WheelMovementIntervals													1.004389052983754
2556.64236663	0.10099999999965803	WheelMovementIntervals													0.010098802988807165
2558.095398212558	2.6449248710182474	trials	-1.0	1.0	1.5		0.25	0.2	2559.185222552559	2559.1851076354205	2560.2402170425603	2558.806860392559	2558.8076936425587	2558.93536663	
2558.93536663	0.6620000000002619	WheelMovementIntervals													0.8295235483538477
2561.4699273925617	7.770215952534272	trials	-1.0	-1.0	0.0	0.0		0.2	2566.6823061025666	2566.6813374210847	2568.740033642569	2562.1887888325623	2562.1896887425623	2566.29936663	
2566.29936663	0.5729999999998654	WheelMovementIntervals													0.35276019790802593
2567.12636663	0.053999999999632564	WheelMovementIntervals													0.003738483504150736
2569.98194277257	4.673191774348197	trials	-1.0	1.0	1.5		1.0	0.2	2573.098531082573	2573.098435953211	2574.1550587525744	2570.4716937925705	2570.4725937025705	2572.81536663	
2572.81536663	3.8099999999999454	WheelMovementIntervals													10.45641117484871
2575.4340308425753	21.47237093942522	trials	-1.0	1.0	1.5		0.0625	0.2	2595.3518721925952	2595.351794790763	2596.4063667325963	2577.156558572577	2577.157525142577	2595.06936663	
2595.06936663	5.083000000000084	WheelMovementIntervals													9.640132899367302
2597.7164023825976	5.5232045831612595	trials	-1.0	1.0	1.5		0.0625	0.2	2601.6625077326016	2601.6624035136724	2602.739533352603	2601.121261862601	2601.1222950926012	2601.32136663	
2601.32136663	0.6630000000000109	WheelMovementIntervals													0.9155420592814494
2602.75736663	1.8899999999998727	WheelMovementIntervals													2.628695834310122
2604.031004192604	3.7737132517340797	trials	-1.0	1.0	1.5		0.0625	0.2	2606.227217882606	2606.227110740533	2607.304643462607	2605.904683472606	2605.905583382606	2606.08536663	
2606.08536663	0.5419999999999163	WheelMovementIntervals													1.298343721630772
2608.5621177026087	2.4255133302644936	trials	-1.0	1.0	1.5		0.0	0.2	2609.4056333426092	2609.4055216423894	2610.4875918026105	2609.0560349726093	2609.056868222609	2609.17936663	
2609.17936663	0.5740000000000691	WheelMovementIntervals													0.8016251657982707
2611.736833532612	3.684292553496107	trials	-1.0	-1.0	0.0	0.0		0.2	2612.869186952613	2612.8684309383443	2614.921048412615	2612.3058766226122	2612.306843192612	2612.45036663	
2612.45036663	0.6219999999998436	WheelMovementIntervals													0.5880605267327041
2616.1816223426163	7.224134070640503	trials	-1.0	-1.0	0.0	0.0625		0.2	2620.8420895826207	2620.8413423838397	2622.905716532623	2616.672706562617	2616.6734731526167	2620.62436663	
2620.62436663	1.6709999999998217	WheelMovementIntervals													1.2741463836808862
2624.1705567026243	2.833708579892118	trials	-1.0	1.0	1.5		1.0	0.2	2625.4442626526256	2625.4441596599395	2626.5041566526265	2624.9208150026247	2624.921714912625	2625.20636663	
2625.20636663	0.5259999999998399	WheelMovementIntervals													0.941647961159731
2627.753665022628	2.4338873054134638	trials	-1.0	1.0	1.5		0.25	0.2	2628.6317438726287	2628.631659721738	2629.68747162263	2628.2725131326283	2628.2733797126284	2628.40036663	
2628.40036663	0.6059999999997672	WheelMovementIntervals													0.7662299998269759
2630.9354468126307	3.5371330081693486	trials	-1.0	-1.0	0.0	0.0		0.2	2631.916648682632	2631.9157554064764	2633.972543072634	2631.5555514626317	2631.5563180526315	2631.69736663	
2631.69736663	0.4940000000001419	WheelMovementIntervals													0.8741281758876767
2635.2347835026353	3.052591602335724	trials	-1.0	1.0	1.5		1.0	0.2	2636.736766622637	2636.7366778949126	2637.787294892638	2636.4206649026364	2636.4216314726364	2636.55836663	
2635.42436663	0.3079999999999927	WheelMovementIntervals													0.40214088350137445
2636.55836663	0.6630000000000109	WheelMovementIntervals													1.245569746452702
2639.043269282639	2.544303796596978	trials	-1.0	1.0	1.5		0.25	0.2	2640.02917068264	2640.0290699787374	2641.087464842641	2639.7057030326396	2639.7066029426396	2639.80336663	
2639.80336663	0.6170000000001892	WheelMovementIntervals													1.1067551747875086
2642.3429726126424	3.4793099657513267	trials	-1.0	-1.0	0.0	0.0625		0.2	2643.2555480126434	2643.2546749619864	2645.3222413226454	2642.888684702643	2642.889551282643	2643.00136663	
2643.00136663	0.5199999999999818	WheelMovementIntervals													0.6162003069737239
2646.5767825226467	2.5623285818514887	trials	-1.0	1.0	1.5		0.25	0.2	2647.5666835226475	2647.566592791037	2648.639009612649	2647.1871548126473	2647.188188042647	2647.32136663	
2647.32136663	0.6140000000000327	WheelMovementIntervals													0.5624139030167044
2649.89851698265	2.5388049746793513	trials	-1.0	1.0	1.5		0.125	0.2	2650.861820642651	2650.861718111218	2651.937246422652	2650.4369631326504	2650.4378297126505	2650.66436663	
2650.66436663	0.9059999999999491	WheelMovementIntervals													1.0002912564526696
2653.192920842653	2.412288932574029	trials	-1.0	1.0	1.5		1.0	0.2	2654.024504342654	2654.0244163384223	2655.105196262655	2653.7222345726536	2653.7231344826537	2653.86536663	
2653.86536663	0.68100000000004	WheelMovementIntervals													1.4719334384891454
2656.3644036626565	2.441011129371418	trials	-1.0	1.0	1.5		0.125	0.2	2657.235816512657	2657.2357069213267	2658.3053762126583	2656.9037830526568	2656.904782952657	2657.01036663	
2657.01036663	0.6340000000000146	WheelMovementIntervals													0.7483797732169251
2657.93536663	0.15399999999999636	WheelMovementIntervals													0.010572145599439864
2659.5676166426597	4.102814655505881	trials	-1.0	1.0	1.5		0.0	0.2	2662.0934307026623	2662.0933244334356	2663.1703563326632	2660.15345805266	2660.1544246226604	2661.92436663	
2661.92436663	0.45600000000013097	WheelMovementIntervals													0.86988724030914
2664.4175316026644	2.721116336806972	trials	-1.0	1.0	1.5		1.0	0.2	2665.5541512626655	2665.5540375905994	2666.6386094726668	2665.1550911726654	2665.1560244126654	2665.30836663	
2665.30836663	0.5360000000000582	WheelMovementIntervals													0.8677138644022762
2666.45336663	0.5149999999998727	WheelMovementIntervals													0.17731796180214587
2667.900349952668	3.569700506371646	trials	1.0	1.0	1.5	0.0625		0.2	2669.89545042267	2669.8953496767936	2670.970009622671	2669.020071302669	2669.021004542669	2668.94636663	
2668.22336663	0.2719999999999345	WheelMovementIntervals													0.3617465566944702
2668.94636663	1.6230000000000473	WheelMovementIntervals													-0.315895803264425
2671.72036663	0.6749999999997272	WheelMovementIntervals													0.18335844742284735
2672.2392493526722	2.532205737849381	trials	-1.0	1.0	1.5		1.0	0.2	2673.2082524426733	2673.208151165523	2674.2713794526744	2672.954811122673	2672.955644372673	2673.05336663	
2673.05336663	0.580000000000382	WheelMovementIntervals													1.2219261519487645
2674.10436663	0.058999999999741704	WheelMovementIntervals													0.004262310645572143
2675.5208544926754	2.483908038192112	trials	-1.0	1.0	1.5		0.25	0.2	2676.4494616226766	2676.449356749794	2677.5047560826774	2676.1199279126763	2676.120927812676	2676.22836663	
2676.22836663	0.5889999999999418	WheelMovementIntervals													0.8588095740860808
2678.774762402679	2.4801095890907163	trials	-1.0	1.0	1.5		0.0	0.2	2679.70066980268	2679.7005648623267	2680.7547643826806	2679.2866445426794	2679.2876444426793	2679.42236663	
2679.42236663	0.6970000000001164	WheelMovementIntervals													0.8552413788779631
2682.011772002682	2.474808725859475	trials	-1.0	1.0	1.5		0.25	0.2	2682.922680902683	2682.922574846027	2683.986507842684	2682.5865145226826	2682.5875810826824	2682.69736663	
2682.69736663	0.6599999999998545	WheelMovementIntervals													0.728756414697159
2685.2438820926855	2.577401262404237	trials	-1.0	1.0	1.5		0.25	0.2	2686.2600804626863	2686.259982196134	2687.3212076726873	2685.9047160026857	2685.905515922686	2686.01736663	
2686.01736663	0.6089999999999236	WheelMovementIntervals													0.5562563642344003
2688.5834814326886	2.354818310090195	trials	-1.0	1.0	1.5		0.0625	0.2	2689.3749022826896	2689.374786913478	2690.4382626026904	2689.103129462689	2689.104162692689	2689.15036663	
2689.15036663	0.6889999999998508	WheelMovementIntervals													0.6546352589277831
2690.3143666299998	0.16600000000016735	WheelMovementIntervals													0.012222111493997545
2691.7006030226917	2.3874915144106126	trials	-1.0	1.0	1.5		1.0	0.2	2692.5068890526927	2692.5067991442957	2693.588014262694	2692.286344442692	2692.2871443626923	2692.35336663	
2692.35336663	0.581000000000131	WheelMovementIntervals													0.8471457211497864
2694.851887862695	2.6512218596549246	trials	-1.0	1.0	1.5		0.0	0.2	2695.932913082696	2695.9327959595134	2697.0030393926972	2695.5698160626957	2695.5707826326957	2695.66536663	
2695.66536663	0.4940000000001419	WheelMovementIntervals													0.5960688311129161
2698.2534143426983	2.4009889953726997	trials	-1.0	1.0	1.5		0.0625	0.2	2699.074398902699	2699.0743102383276	2700.1543575627	2698.854620882699	2698.855754102699	2698.86036663	
2698.86036663	0.775000000000091	WheelMovementIntervals													0.9565196112647527
2701.4214975027016	3.364817558982395	trials	-1.0	1.0	1.5		0.125	0.2	2703.2109185427034	2703.2108057764985	2704.2862443327044	2702.886151022703	2702.887050932703	2702.91236663	
2701.60336663	0.8049999999998363	WheelMovementIntervals													0.6630325278789542
2702.91236663	0.737999999999829	WheelMovementIntervals													0.6802738766601806
2705.5629166527056	2.6067236705375763	trials	-1.0	1.0	1.5		0.25	0.2	2706.5924136927065	2706.592325210512	2707.669605962708	2706.2380491327062	2706.239015702706	2706.36636663	
2706.36636663	0.5509999999999309	WheelMovementIntervals													0.6009044663571785
2708.947844792709	2.556603499564517	trials	-1.0	1.0	1.5		1.0	0.2	2709.92834673271	2709.928244984281	2711.004372452711	2709.6044457927096	2709.6053123727097	2709.65836663	
2709.65836663	0.7100000000000364	WheelMovementIntervals													1.052074525558055
2710.85236663	0.08800000000019281	WheelMovementIntervals													0.007591561393496704
2712.2743454427123	2.7635046859950307	trials	-1.0	1.0	1.5		0.0625	0.2	2713.4650263627136	2713.4649465999196	2714.537752412715	2712.869485922713	2712.8702858427127	2712.83136663	
2712.83136663	1.2219999999997526	WheelMovementIntervals													0.6835280418227967
2716.235449292716	2.618998771457427	trials	-1.0	1.0	1.5		0.125	0.2	2717.273845442717	2717.273748012765	2718.3543707127183	2716.919347562717	2716.920247472717	2717.09436663	
2717.09436663	0.49299999999993815	WheelMovementIntervals													0.9638622756882569
2719.6100451327197	2.526006130459791	trials	1.0	1.0	1.5	1.0		0.2	2720.5617499527207	2720.561646312032	2721.6359758527215	2720.3192742027204	2720.3202407727204	2720.33636663	
2720.33636663	0.7739999999998872	WheelMovementIntervals													-0.5997332881938746
2722.88736663	1.2779999999997926	WheelMovementIntervals													0.2062863729441915
2722.902249212723	3.900427359396872	trials	-1.0	1.0	1.5		0.125	0.2	2725.2310496427253	2725.230964353323	2726.3026091427264	2724.954177332725	2724.955177232725	2725.08736663	
2725.08736663	0.4639999999999418	WheelMovementIntervals													0.9666399826624001
2727.5871806727278	2.400388725177436	trials	-1.0	1.0	1.5		1.0	0.2	2728.4214639027286	2728.421376406917	2729.4874572927297	2728.070865632728	2728.0718322027283	2728.22936663	
2728.22936663	0.7659999999996217	WheelMovementIntervals													0.8880592689952209
2730.759063452731	3.1781324195762863	trials	-1.0	1.0	1.5		1.0	0.2	2732.3829677127324	2732.382878995123	2733.4370956227335	2732.119027442732	2732.120127332732	2732.22936663	
2731.03836663	0.43400000000019645	WheelMovementIntervals													0.9540906920583438
2732.22936663	0.5489999999999782	WheelMovementIntervals													1.4169994640687946
2733.32736663	0.9909999999999854	WheelMovementIntervals													0.48705529595213193
2734.7135013027346	2.622298195948588	trials	-1.0	1.0	1.5		0.125	0.2	2735.7821944227358	2735.7820993450628	2736.835789052737	2735.4521940927357	2735.4530940027353	2735.60236663	
2735.60236663	0.4960000000000946	WheelMovementIntervals													0.8675744665711136
2736.62936663	0.1750000000001819	WheelMovementIntervals													0.08750241734287556
2738.108695082738	2.4785072166969258	trials	-1.0	1.0	1.5		0.0	0.2	2739.008005142739	2739.0078969753545	2740.0871638827402	2738.6038122327386	2738.6047121427387	2738.76936663	
2738.76936663	0.7149999999996908	WheelMovementIntervals													1.0564099698164
2741.3632029327414	2.605798300089191	trials	-1.0	1.0	1.5		0.0	0.2	2742.3999992427425	2742.3999018586005	2743.4689256727434	2742.1354590327423	2742.1364256027423	2742.12136663	
2742.12136663	0.7649999999998727	WheelMovementIntervals													0.5761392429266152
2744.7411984327446	2.4293119703388584	trials	-1.0	1.0	1.5		1.0	0.2	2745.5912134227456	2745.5911019209034	2746.6704388227467	2745.2703455127453	2745.271345412745	2745.4013666299998	
2745.4013666299998	0.44400000000041473	WheelMovementIntervals													0.7493433216980065
2746.42636663	0.1269999999999527	WheelMovementIntervals													0.012433347337264422
2747.942811572748	2.625922750331938	trials	-1.0	1.0	1.5		0.25	0.2	2748.994006442749	2748.993919878722	2750.0686656327503	2748.6520073127485	2748.6529738827485	2748.76136663	
2748.76136663	0.7049999999999272	WheelMovementIntervals													0.8356245471494503
2749.78436663	0.4110000000000582	WheelMovementIntervals													0.03935479997278435
2751.3406384227515	4.09638278960756	trials	-1.0	1.0	1.5		0.125	0.2	2753.869118882754	2753.869026565625	2754.936945422755	2751.903815432752	2751.904615352752	2753.64736663	
2751.92636663	0.08500000000003638	WheelMovementIntervals													0.015113043245946756
2753.64736663	0.6610000000000582	WheelMovementIntervals													1.1381049945634913
2754.60036663	5.066000000000258	WheelMovementIntervals													13.537775405402954
2756.225916512756	5.842828950562762	trials	-1.0	1.0	1.5		0.125	0.2	2760.4939563327607	2760.493836929369	2761.5686821827617	2760.1353588627603	2760.13619211276	2760.30436663	
2760.30436663	0.5239999999998872	WheelMovementIntervals													1.014994309669646
2761.17836663	0.13400000000001455	WheelMovementIntervals													0.007237386757196873
2762.915247512763	2.3866135535254216	trials	-1.0	1.0	1.5		0.25	0.2	2763.735965432764	2763.7358514852826	2764.8017921727646	2763.3869670027634	2763.3878335827635	2763.57936663	
2763.57936663	0.5340000000001055	WheelMovementIntervals													1.2507560480192979
2764.95636663	1.4090000000001055	WheelMovementIntervals													1.6630925038729174
2766.094362902766	3.025590330229079	trials	-1.0	1.0	1.5		1.0	0.2	2767.5469509627674	2767.546856820394	2768.6199436527686	2767.286477012767	2767.2874435827675	2767.35136663	
2767.35136663	0.5960000000000036	WheelMovementIntervals													1.6208829559345759
2768.31036663	1.9050000000002	WheelMovementIntervals													1.7652752116470083
2769.91044792277	2.9745215601537893	trials	-1.0	1.0	1.5		0.0625	0.2	2771.3076748527715	2771.307557110019	2772.3849337827724	2770.901715452771	2770.902748682771	2771.07836663	
2771.07836663	0.5590000000001965	WheelMovementIntervals													1.081885038705991
2773.6726716627736	3.662418471685214	trials	-1.0	-1.0	0.0	0.0625		0.2	2774.753363582775	2774.752476519184	2776.8350220627767	2774.3200402527746	2774.3210401527745	2774.50836663	
2774.50836663	0.625	WheelMovementIntervals													0.877657812521079
2778.128492702778	2.5566006334424856	trials	-1.0	1.0	1.5		0.0	0.2	2779.117193822779	2779.117092561036	2780.18505369278	2778.6698385627788	2778.670705142779	2778.89036663	
2778.89036663	0.7130000000001928	WheelMovementIntervals													0.7876550678159902
2781.4762912227816	2.4917078393705197	trials	-1.0	1.0	1.5		0.25	0.2	2782.4046983727826	2782.4045930257203	2783.4679253727836	2782.086696842782	2782.087630082782	2782.19236663	
2782.19236663	0.6469999999999345	WheelMovementIntervals													0.8881602075629189
2784.745797572785	2.8725018746995374	trials	-1.0	1.0	1.5		0.0625	0.2	2786.069198552786	2786.0690975150615	2787.118226972787	2785.252913522785	2785.2539467527854	2785.52236663	
2785.52236663	0.8130000000001019	WheelMovementIntervals													0.39961430890684824
2788.413697412788	2.4561097772407265	trials	-1.0	1.0	1.5		0.125	0.2	2789.3013086427895	2789.3012002230544	2790.36973512279	2788.953076802789	2788.953910052789	2789.13136663	
2789.13136663	0.41800000000012005	WheelMovementIntervals													0.7680721725581634
2791.6444076427915	3.3752152945116904	trials	1.0	1.0	1.5	0.0625		0.2	2793.4518268827933	2793.451714761527	2794.5195201027946	2792.134825262792	2792.135858492792	2792.69936663	
2792.69936663	1.1829999999999927	WheelMovementIntervals													-0.3230169836793948
2795.813124062796	2.6399957736612123	trials	-1.0	1.0	1.5		1.0	0.2	2796.869418422797	2796.869321171716	2797.953110042798	2796.5511502527966	2796.5521501527965	2796.66736663	
2796.66736663	0.6300000000001091	WheelMovementIntervals													1.0598543919697931
2799.2399146827993	2.5781257256899153	trials	-1.0	1.0	1.5		0.0	0.2	2800.2545132128002	2800.2544236255035	2801.3179735228014	2799.9179802027998	2799.9188134528	2800.04136663	
2800.04136663	0.45299999999997453	WheelMovementIntervals													0.6253689300134511
2802.6092443828024	3.4253110056297373	trials	-1.0	-1.0	0.0	0.125		0.2	2803.4837569228034	2803.4827466793645	2805.5344851628056	2803.1695216828034	2803.1704549228034	2803.23836663	
2803.23836663	0.40399999999999636	WheelMovementIntervals													0.5248669301269047
2806.831155482807	2.3199936567634722	trials	-1.0	1.0	1.5		0.0625	0.2	2807.587346522808	2807.5872527637052	2808.6510734728085	2807.2860433228075	2807.287143212807	2807.36336663	
2807.36336663	0.6219999999998436	WheelMovementIntervals													1.1756290483469911
2809.94274429281	2.4100127658111887	trials	-1.0	1.0	1.5		0.125	0.2	2810.799558602811	2810.7994477643283	2811.852686612812	2810.4859899628104	2810.4870565228107	2810.56636663	
2810.56636663	0.5789999999997235	WheelMovementIntervals													0.9521142966855223
2813.145957272813	6.423312232388071	trials	1.0	-1.0	0.0		0.0625	0.2	2817.013303832817	2817.0124628302387	2819.069164892819	2813.767761752814	2813.768661662814	2816.02036663	
2816.02036663	1.5019999999999527	WheelMovementIntervals													-0.2859376600622454
2820.3746676628202	2.409712888962531	trials	-1.0	1.0	1.5		1.0	0.2	2821.2224828728213	2821.222371493407	2822.2843433428225	2820.950776712821	2820.951609962821	2821.11336663	
2821.11336663	0.8569999999999709	WheelMovementIntervals													1.472537051235804
2823.5635820728235	3.538803032675787	trials	-1.0	-1.0	0.0	0.0625		0.2	2824.5502167328245	2824.5492820819254	2826.6023448328265	2824.2191165128243	2824.2202497328244	2824.29836663	
2824.29836663	0.38899999999966894	WheelMovementIntervals													0.46001803978344924
2827.59836663	0.25500000000010914	WheelMovementIntervals													0.1327202750462675
2827.896082112828	2.372714302679924	trials	1.0	1.0	1.5	0.25		0.2	2828.7061011028286	2828.705986312235	2829.7687281628296	2828.4005983228285	2828.4015315628285	2828.56136663	
2828.56136663	0.5360000000000582	WheelMovementIntervals													-0.39262905207829135
2831.064798542831	2.404111976402419	trials	-1.0	1.0	1.5		0.0625	0.2	2831.903681312832	2831.903602023634	2832.968841452833	2831.5341182728316	2831.5351515028315	2831.71436663	
2831.71436663	0.39900000000034197	WheelMovementIntervals													0.6697545574895685
2834.2650118228344	2.4539078648826944	trials	-1.0	1.0	1.5		0.0	0.2	2835.1460903728353	2835.1460139284445	2836.2188497528364	2834.983806602835	2834.984806502835	2834.90336663	
2834.90336663	0.8260000000000218	WheelMovementIntervals													0.6194402398413104
2837.5202196028376	3.3803138040534577	trials	1.0	1.0	1.5	0.125		0.2	2839.3490033728394	2839.348925988679	2840.4004648828404	2838.017369882838	2838.0184364428383	2838.14036663	
2838.14036663	1.625	WheelMovementIntervals													-0.3339047946842584
2840.21136663	0.3489999999997053	WheelMovementIntervals													0.07042790111449904
2841.706934222842	2.4449839291346507	trials	-1.0	1.0	1.5		1.0	0.2	2842.5896126128428	2842.589527699597	2843.651839712844	2842.3185730528426	2842.319439632842	2842.39736663	
2842.39736663	0.5090000000000146	WheelMovementIntervals													1.0483809134686908
2843.41836663	0.1799999999998363	WheelMovementIntervals													0.01426841640272869
2844.946010282845	3.4877333723684387	trials	1.0	1.0	1.5	1.0		0.2	2846.872717592847	2846.872627060479	2847.933711482848	2845.916979842846	2845.918013072846	2846.07636663	
2846.07636663	1.19399999999996	WheelMovementIntervals													-0.2888712241413032
2849.2384476628495	2.9132984443235728	trials	-1.0	1.0	1.5		0.25	0.2	2850.6029445328504	2850.6028459976033	2851.651672982852	2850.3019413028505	2850.3029745328504	2850.28636663	
2849.48836663	0.6639999999997599	WheelMovementIntervals													0.33872678646105214
2850.28636663	0.7480000000000473	WheelMovementIntervals													1.1466119733192954
2852.950043132853	2.685115806678823	trials	-1.0	1.0	1.5		0.25	0.2	2854.082629862854	2854.0825489561194	2855.1351246028553	2853.683603102854	2853.6846030028537	2853.89236663	
2853.89236663	0.613999999999578	WheelMovementIntervals													0.8012205879973635
2856.4370610628566	2.581598002271676	trials	-1.0	1.0	1.5		1.0	0.2	2857.4584589128576	2857.4583590857205	2858.5186528828585	2857.117059722857	2857.117892972857	2857.28236663	
2857.28236663	0.5259999999998399	WheelMovementIntervals													0.9496993309477375
2859.8256555028597	2.2261143207306304	trials	-1.0	1.0	1.5		0.0	0.2	2860.4967550528604	2860.4966592166206	2861.5516828828618	2860.3668347128605	2860.3678679428604	2860.25536663	
2860.25536663	0.5650000000000546	WheelMovementIntervals													0.8217183874863849
2863.309173782863	3.50940450427197	trials	1.0	1.0	1.5	0.0625		0.2	2865.262978382865	2865.2628751770026	2866.318472822866	2863.983439682864	2863.984506242864	2864.22536663	
2864.22536663	1.4590000000002874	WheelMovementIntervals													-0.32293126783281423
2866.07736663	0.11299999999982901	WheelMovementIntervals													0.009437966900350148
2867.6113768528676	2.357015519003653	trials	-1.0	1.0	1.5		0.25	0.2	2868.4082638228683	2868.408181423056	2869.4683244728694	2868.0834963028683	2868.0844628728682	2868.02136663	
2868.02136663	0.7590000000000146	WheelMovementIntervals													1.1431741644505564
2869.11336663	0.4329999999999927	WheelMovementIntervals													0.07527110800981518
2870.763594932871	2.4045862604266404	trials	-1.0	1.0	1.5		0.125	0.2	2871.6161763328714	2871.616088998217	2872.6681377928726	2871.2998079728713	2871.3007745428713	2871.4103666299998	
2871.4103666299998	0.5480000000002292	WheelMovementIntervals													0.616384660036374
2872.29636663	0.17299999999977445	WheelMovementIntervals													0.04208711727324044
2873.976973562874	5.539629393681935	trials	1.0	-1.0	0.0		0.0	0.2	2876.962374992877	2876.9613888596623	2879.016569552879	2874.4499595928746	2874.4507928428743	2875.46136663	
2875.46136663	1.7649999999998727	WheelMovementIntervals													-0.2872726326037309
2880.3275051128803	3.205600508209045	trials	1.0	1.0	1.5	0.125		0.8	2881.964108102882	2881.9640043513023	2883.033067862883	2880.968307692881	2880.969340922881	2881.10536663	
2881.10536663	1.3659999999999854	WheelMovementIntervals													-0.31162560717143606
2882.76036663	0.8350000000000364	WheelMovementIntervals													0.5025386712962927
2884.3458032428844	2.5556252306741953	trials	-1.0	1.0	1.5		0.0625	0.8	2885.329204892885	2885.329112181178	2886.4013310028863	2885.084796002885	2885.085629252885	2885.16836663	
2885.16836663	0.5079999999998108	WheelMovementIntervals													0.9672605354272719
2885.98636663	0.3500000000003638	WheelMovementIntervals													0.22590484288059542
2887.7066337928877	3.1279061307136544	trials	1.0	1.0	1.5	1.0		0.8	2889.258611912889	2889.25853584233	2890.33450431289	2888.2828428328885	2888.2839427228882	2888.66136663	
2888.66136663	0.9520000000002256	WheelMovementIntervals													-0.34145490424111813
2891.6442399928915	8.02211602188936	trials	-1.0	-1.0	0.0	0.125		0.8	2897.111493212897	2897.110350228508	2899.1662543828993	2892.2997077728924	2892.3005410228925	2892.41436663	
2892.41436663	1.9020000000000437	WheelMovementIntervals													-0.2334114460957153
2896.88736663	0.487999999999829	WheelMovementIntervals													1.0696565904711406
2900.4877555529006	3.578397751288776	trials	-1.0	-1.0	0.0	0.0		0.8	2901.5031206729013	2901.5023540647107	2903.5661143529037	2901.1678208729013	2901.168820772901	2901.30236663	
2901.30236663	0.3649999999997817	WheelMovementIntervals													0.503265533996796
2901.86136663	0.09200000000009823	WheelMovementIntervals													0.0033945214388495515
2904.885149102905	6.682114915222883	trials	-1.0	-1.0	0.0	0.0		0.8	2909.006103632909	2909.0051564495016	2911.067264162911	2908.5008874929085	2908.5021207029085	2908.65836663	
2905.2853666299998	2.575000000000273	WheelMovementIntervals													7.089153778326931
2908.65836663	0.5760000000000218	WheelMovementIntervals													0.7985389302563135
2912.4167625329123	12.515631956145626	trials	-1.0	-1.0	0.0	0.0625		0.8	2922.3759331829224	2922.374986367906	2924.4322941929245	2912.949375932913	2912.950375832913	2922.18236663	
2922.18236663	1.1489999999998872	WheelMovementIntervals													0.37532229560281394
2925.7528954529257	2.5980228402095236	trials	1.0	1.0	1.5	1.0		0.8	2926.7785928729268	2926.7785036799087	2927.8508523029277	2926.3673673329263	2926.3682339129264	2926.23536663	
2926.23536663	1.6100000000001273	WheelMovementIntervals													-0.3897439552945343
2929.156221752929	35.46046723397785	trials	-1.0	-1.0	0.0	0.25		0.8	2962.054564922962	2962.0536822719346	2964.116625362964	2929.73243079293	2929.7335306829295	2930.02436663	
2930.02436663	1.375	WheelMovementIntervals													-0.17526388036424123
2932.28036663	0.7770000000000437	WheelMovementIntervals													-0.10672017162301017
2941.05736663	0.4379999999996471	WheelMovementIntervals													0.17882707148885402
2943.97636663	0.3949999999999818	WheelMovementIntervals													0.21731665879588036
2961.98736663	0.21199999999998909	WheelMovementIntervals													0.12947249201135946
2965.4842885829653	2.465805496422945	trials	-1.0	1.0	1.5		1.0	0.8	2966.4065963429666	2966.4064898906136	2967.4500919829675	2965.981538852966	2965.982538752966	2966.20036663	
2966.20036663	2.168999999999869	WheelMovementIntervals													4.28368950588424
2968.7706932429687	8.677416141946651	trials	-1.0	-1.0	0.0	1.0		0.8	2974.879782272975	2974.8789031977735	2976.948042092977	2969.3315371529693	2969.3325037229692	2974.74136663	
2974.74136663	0.4819999999999709	WheelMovementIntervals													1.0042247492054912
2978.06636663	0.07799999999997453	WheelMovementIntervals													0.02748177693922571
2978.2814087429783	3.4500073528552093	trials	1.0	1.0	1.5	1.0		0.8	2980.1541214529802	2980.1540116484134	2981.231347052981	2978.866350242979	2978.867383472979	2979.29936663	
2979.29936663	1.47400000000016	WheelMovementIntervals													-0.2845477379252088
2981.07236663	0.2899999999999636	WheelMovementIntervals													0.04609817025379925
2982.5481153629826	3.4515083633996255	trials	-1.0	-1.0	0.0	0.0		0.8	2983.4250276629837	2983.4240167240714	2985.4996201829854	2983.132956872983	2983.134023432983	2983.26536663	
2983.26536663	0.6170000000001892	WheelMovementIntervals													1.0670731836165714
2986.814721992987	14.766339390604116	trials	1.0	1.0	1.5	0.25		0.8	3000.007969203	3000.0078553999956	3001.080995223001	2987.4147619829873	2987.4156285629874	2998.80636663	
2998.80636663	2.1039999999998145	WheelMovementIntervals													-0.3743399310418454
3002.4180615030023	3.212923971476812	trials	1.0	1.0	1.5	1.0		0.8	3004.062663693004	3004.062572748939	3005.130923523005	3002.965906713003	3002.966839953003	3003.59036663	
3003.13336663	0.10799999999971988	WheelMovementIntervals													-0.01752039878965661
3003.59036663	1.2390000000000327	WheelMovementIntervals													-0.3401091321244394
3005.39836663	0.38400000000001455	WheelMovementIntervals													0.02386781265704485
3006.4642901730067	3.266494023876021	trials	-1.0	-1.0	0.0	1.0		0.8	3007.1791186830073	3007.1780886485753	3009.230746833009	3006.949241673007	3006.950108253007	3006.98136663	
3006.98136663	0.44299999999975626	WheelMovementIntervals													0.7831460241973218
3010.5613804230106	3.6860151852702074	trials	1.0	1.0	1.5	1.0		0.8	3012.702199653013	3012.702087499784	3013.7473617930136	3011.065829973011	3011.066763213011	3011.23736663	
3011.23736663	1.9589999999998327	WheelMovementIntervals													-0.29561226435453136
3013.45836663	0.13499999999976353	WheelMovementIntervals													0.005846444778285331
3015.0685963230153	2.478803175705252	trials	-1.0	1.0	1.5		0.125	0.8	3015.991803993016	3015.991697133243	3017.047331763017	3015.6826015830156	3015.683701473016	3015.83236663	
3015.83236663	0.5150000000003274	WheelMovementIntervals													1.1114243273684679
3016.76636663	1.155999999999949	WheelMovementIntervals													0.9545677854197265
3018.3725992230184	6.658216318267023	trials	-1.0	-1.0	0.0	0.125		0.8	3022.4692895130224	3022.468408646068	3024.5307166830244	3019.0990265730193	3019.099993143019	3019.45036663	
3019.45036663	1.8039999999996326	WheelMovementIntervals													-0.24674267207740286
3022.14836663	0.7539999999999054	WheelMovementIntervals													1.0412467604033964
3025.8661164630257	14.264424506103751	trials	-1.0	-1.0	0.0	0.125		0.8	3037.5701459430375	3037.5692349279557	3039.6304398930397	3026.3824314930266	3026.3832647430263	3037.43836663	
3033.28236663	0.08500000000003638	WheelMovementIntervals													-0.00998417159530618
3037.43836663	2.438000000000102	WheelMovementIntervals													8.749550624616177
3040.969639293041	29.360175437174348	trials	-1.0	1.0	1.5		0.125	0.8	3068.7655260930687	3068.765407870524	3069.82975299307	3041.7320963730417	3041.7331296030416	3043.36936663	
3043.36936663	0.3449999999997999	WheelMovementIntervals													0.21947493104823934
3043.90736663	0.058999999999741704	WheelMovementIntervals													0.003055095315289691
3068.64136663	2.431999999999789	WheelMovementIntervals													3.1651459803948683
3071.2105149030713	13.920435344379257	trials	-1.0	-1.0	0.0	0.25		0.8	3082.5550470030826	3082.5540428897266	3087.146121183087	3071.948174463072	3071.949174363072	3082.26836663	
3082.26836663	2.1920000000000073	WheelMovementIntervals													1.293307678743986
3096.13836663	0.21700000000009823	WheelMovementIntervals													0.029058940636105035
3101.04736663	0.5419999999999163	WheelMovementIntervals													0.8786544753426142
3105.86836663	0.4940000000001419	WheelMovementIntervals													0.7124960761620969
3112.48336663	0.7029999999999745	WheelMovementIntervals													1.4221030561885755
3114.90736663	3.3469999999997526	WheelMovementIntervals													4.388611489422033
3134.03736663	0.20999999999958163	WheelMovementIntervals													-0.013145136847128924
3135.22836663	0.5929999999998472	WheelMovementIntervals													0.5342657985082724
3136.09136663	0.26900000000023283	WheelMovementIntervals													0.028043157512456673
3136.65736663	1.8679999999999382	WheelMovementIntervals													3.622809045929671
3147.73736663	0.4259999999999309	WheelMovementIntervals													0.03578762654103684
3150.48936663	1.6410000000000764	WheelMovementIntervals													2.453092366598298
3154.43436663	0.27899999999999636	WheelMovementIntervals													0.13875237698948695
3163.00336663	2.3109999999996944	WheelMovementIntervals													2.487172511466497
3166.1603666299998	0.7730000000001382	WheelMovementIntervals													-0.04479970543127365
3168.13536663	2.8469999999997526	WheelMovementIntervals													2.98550530138084
3185.75136663	4.105000000000018	WheelMovementIntervals													10.940750170787396
3192.50936663	1.1530000000002474	WheelMovementIntervals													1.1476130016850448
3200.70336663	2.7229999999999563	WheelMovementIntervals													3.590647186636261
3211.0933666299998	0.8570000000004256	WheelMovementIntervals													0.7054281449220525
3219.07836663	1.1520000000000437	WheelMovementIntervals													0.6727405566811058
3223.75336663	0.17799999999988358	WheelMovementIntervals													0.014972564350955508
3224.22436663	0.43800000000010186	WheelMovementIntervals													0.10076445832885383
3225.80236663	4.817999999999756	WheelMovementIntervals													3.247450869034651
3243.11536663	1.68100000000004	WheelMovementIntervals													1.5180088205728453
3251.43036663	1.0	WheelMovementIntervals													0.7388284202730802
3258.86436663	0.40200000000004366	WheelMovementIntervals													0.1396121582632759
3273.51636663	0.28099999999994907	WheelMovementIntervals													-0.09655152961977365
3274.31736663	3.1340000000000146	WheelMovementIntervals													3.0119317595703023
3277.68236663	1.7229999999999563	WheelMovementIntervals													1.7725206772141746
3280.5643666299998	1.2789999999999964	WheelMovementIntervals													2.3748617422681946
3303.15836663	0.7390000000000327	WheelMovementIntervals													0.9863352714014582
3334.93836663	0.14800000000013824	WheelMovementIntervals													0.03768152434668082
3335.38336663	0.058999999999741704	WheelMovementIntervals													0.014570014056062064
3345.69236663	1.9549999999999272	WheelMovementIntervals													1.3792355718908311
3348.16836663	1.9549999999999272	WheelMovementIntervals													3.915421012790489
3351.7473666299998	0.7550000000001091	WheelMovementIntervals													0.3214441901797045
3390.91736663	2.463000000000193	WheelMovementIntervals													4.060526022822728
3400.82336663	1.1960000000003674	WheelMovementIntervals													1.3058595847753622
3406.74236663	0.7919999999999163	WheelMovementIntervals													0.8793167657748882
3421.92236663	2.7080000000000837	WheelMovementIntervals													6.426818326138232
3434.18236663	3.5479999999997744	WheelMovementIntervals													8.663761751196944
3450.43836663	1.0760000000000218	WheelMovementIntervals													1.6204728446534773
3479.13536663	0.9669999999996435	WheelMovementIntervals													1.1050044960584273
3492.33736663	0.968000000000302	WheelMovementIntervals													0.7416413062636593
3493.56536663	0.487999999999829	WheelMovementIntervals													0.07426062098238617
3499.73236663	2.137000000000171	WheelMovementIntervals													5.448660132829559
3511.94436663	1.6520000000000437	WheelMovementIntervals													3.1737781195818116
3514.45136663	2.0100000000002183	WheelMovementIntervals													3.223051874984435
3516.65436663	2.2730000000001382	WheelMovementIntervals													4.664048817898902
3525.31836663	1.7570000000000618	WheelMovementIntervals													3.9989568439743834
3546.49036663	2.130999999999858	WheelMovementIntervals													5.5779126824884315
3555.99836663	2.8449999999998	WheelMovementIntervals													4.037314820042184
3567.61736663	2.3840000000000146	WheelMovementIntervals													5.039032186223267
3579.71536663	0.4580000000000837	WheelMovementIntervals													0.5524821518862382
3602.06936663	2.5	WheelMovementIntervals													6.078227157891433
3623.31736663	1.094000000000051	WheelMovementIntervals													0.79780309849275
3640.69336663	1.7169999999996435	WheelMovementIntervals													2.484277078679952
3652.45136663	2.4659999999998945	WheelMovementIntervals													5.481222377085487
3662.09536663	0.8099999999999454	WheelMovementIntervals													0.2916737614706335
3664.08736663	2.9720000000002074	WheelMovementIntervals													6.104170702857459
3684.79836663	0.15099999999983993	WheelMovementIntervals													0.12920504433657243
3695.25336663	1.7199999999998	WheelMovementIntervals													1.24893720884279
3697.35936663	2.662000000000262	WheelMovementIntervals													4.692655784181625
3706.96536663	0.45100000000002183	WheelMovementIntervals													0.10113997247401585
3729.33236663	1.218000000000302	WheelMovementIntervals													1.534976958053221
3741.51736663	0.6459999999997308	WheelMovementIntervals													0.11894331887333465
3750.08236663	0.6510000000002947	WheelMovementIntervals													0.361334201864679
3760.65936663	0.3429999999998472	WheelMovementIntervals													0.024588539690171274
3761.57336663	0.3670000000001892	WheelMovementIntervals													0.12231879088028563
3762.93936663	2.27599999999984	WheelMovementIntervals													2.3407573992532207
3765.76836663	0.8930000000000291	WheelMovementIntervals													1.160261447898847
3809.31736663	2.0210000000001855	WheelMovementIntervals													2.2339329689141323
3811.55236663	0.08199999999987995	WheelMovementIntervals													0.004020735508333928
3855.42036663	3.2339999999999236	WheelMovementIntervals													5.105088944081331
3870.26936663	0.40399999999999636	WheelMovementIntervals													0.1302112863762659
3870.97636663	2.6140000000000327	WheelMovementIntervals													-1.312046341718542
3874.01636663	4.878000000000156	WheelMovementIntervals													7.020176341689421
3932.28836663	1.45699999999988	WheelMovementIntervals													3.177502742538195
3934.25536663	0.08300000000008367	WheelMovementIntervals													0.018096787653121282
3934.60836663	0.10799999999971988	WheelMovementIntervals													0.00615613588809083
3949.08436663	0.31799999999975626	WheelMovementIntervals													0.5764248561356453
3949.65936663	3.1489999999998872	WheelMovementIntervals													7.937266653739016
3982.06436663	0.05599999999958527	WheelMovementIntervals													0.006441756927415554
3989.15436663	1.1089999999999236	WheelMovementIntervals													0.7037592068217009
3990.86936663	0.6579999999999018	WheelMovementIntervals													0.6198503728596734
3992.92436663	0.08100000000013097	WheelMovementIntervals													0.046343117092305874
3994.83036663	0.2300000000000182	WheelMovementIntervals													0.013568582538596274
3995.64936663	0.29000000000041837	WheelMovementIntervals													0.031022117001157312
3996.24736663	0.1069999999999709	WheelMovementIntervals													0.02971461691731747
3999.25136663	0.6900000000000546	WheelMovementIntervals													0.03893960664493079
4008.07336663	0.27100000000018554	WheelMovementIntervals													0.05151134028892557
4008.64236663	0.07399999999961437	WheelMovementIntervals													0.013999922381685792
4009.07636663	0.05099999999993088	WheelMovementIntervals													0.002840560084791832
4010.04536663	0.27100000000018554	WheelMovementIntervals													0.018431089051432537
4024.10936663	0.9280000000003383	WheelMovementIntervals													0.20887103388167816
4025.31436663	3.8789999999999054	WheelMovementIntervals													7.872851404830158
4043.40236663	0.40200000000004366	WheelMovementIntervals													0.8428510426822413
4044.14136663	2.6909999999998035	WheelMovementIntervals													4.3892871894061045
4060.66536663	0.29899999999997817	WheelMovementIntervals													0.02622960531323315
4073.54736663	1.7710000000001855	WheelMovementIntervals													4.294428700896901
4085.87836663	0.0909999999998945	WheelMovementIntervals													0.009952886307587505
4089.67536663	0.6839999999997417	WheelMovementIntervals													0.6370271462592427
4115.94136663	0.32700000000022555	WheelMovementIntervals													0.04052845070384592
4116.98936663	1.3109999999996944	WheelMovementIntervals													3.0513718114253834
4118.53336663	2.4899999999997817	WheelMovementIntervals													4.7940496033101
4139.29736663	2.4879999999993743	WheelMovementIntervals													2.413386607074699
4143.99836663	1.0869999999995343	WheelMovementIntervals													1.740002321038446
4183.20136663	3.707999999999629	WheelMovementIntervals													6.954362624830537
4211.08836663	2.2890000000006694	WheelMovementIntervals													4.5038424556246355
4216.86236663	0.5600000000004002	WheelMovementIntervals													0.41325673070741686
4254.27936663	2.245999999999185	WheelMovementIntervals													3.639405196765665
4260.50336663	1.8060000000004948	WheelMovementIntervals													2.6760579239152094
4300.64136663	0.15799999999944703	WheelMovementIntervals													0.013185989932935627
4307.59636663	3.7839999999996508	WheelMovementIntervals													7.365622112631627
4315.44636663	1.3230000000003201	WheelMovementIntervals													1.3754622991452834
4317.7083666300005	0.30599999999958527	WheelMovementIntervals													0.2228439237180737
4320.56736663	0.2849999999998545	WheelMovementIntervals													0.1649135744700061
4325.92836663	0.2899999999999636	WheelMovementIntervals													0.20935288549435427
4326.75936663	0.3820000000005166	WheelMovementIntervals													0.14191334723943783
4327.41736663	1.9769999999998618	WheelMovementIntervals													1.0526289035600485
4329.73836663	0.17199999999957072	WheelMovementIntervals													-0.040216301170517
4331.12436663	0.42000000000007276	WheelMovementIntervals													0.20583432530384016
4332.45136663	0.2070000000003347	WheelMovementIntervals													0.029941540834784064
4336.74136663	0.22599999999965803	WheelMovementIntervals													0.22770162204210465
4337.85536663	0.45199999999931606	WheelMovementIntervals													0.4636174519383758
4345.68136663	0.3279999999995198	WheelMovementIntervals													0.34097456274810156
4347.01236663	0.8070000000006985	WheelMovementIntervals													0.5487107383125931
4349.07236663	0.3469999999997526	WheelMovementIntervals													0.1719106471152827
4355.78136663	0.29100000000016735	WheelMovementIntervals													0.2970653864074393
4360.02236663	0.07400000000052387	WheelMovementIntervals													0.014864111311226225
4362.02836663	0.27999999999974534	WheelMovementIntervals													0.025147145089476908
4367.26136663	0.2039999999997235	WheelMovementIntervals													0.20775391801873866
4375.26736663	0.24099999999998545	WheelMovementIntervals													0.19788856301579472
4376.10636663	0.32000000000061846	WheelMovementIntervals													0.12092462445457386
4378.94236663	1.5640000000003056	WheelMovementIntervals													2.932778882492812
4386.78836663	0.3359999999993306	WheelMovementIntervals													0.07322683882887304
4390.09836663	0.3220000000001164	WheelMovementIntervals													0.16729934539307578
4397.60936663	0.21900000000005093	WheelMovementIntervals													0.11848029540385596
4398.97136663	0.4179999999996653	WheelMovementIntervals													0.2808097411138988
4418.47736663	0.261000000000422	WheelMovementIntervals													0.26597383875696323
4422.02836663	0.4039999999995416	WheelMovementIntervals													0.06599961063602677
4425.56836663	0.21699999999964348	WheelMovementIntervals													0.21215104906332272
4430.95536663	0.7030000000004293	WheelMovementIntervals													0.31023703179937456
4431.83236663	0.15099999999983993	WheelMovementIntervals													0.00868890768356323
4433.35136663	2.3710000000000946	WheelMovementIntervals													5.7475440542656315
4438.87336663	0.7849999999998545	WheelMovementIntervals													0.38800786505737506
4448.68236663	0.16899999999986903	WheelMovementIntervals													0.05610202304092127
4455.2083666300005	0.3469999999997526	WheelMovementIntervals													0.16388285825485127
4468.84836663	0.14400000000023283	WheelMovementIntervals													0.0468442078984026
4470.21636663	0.2969999999995707	WheelMovementIntervals													0.21803733071112674
4474.02636663	0.39800000000013824	WheelMovementIntervals													0.24371000160203948
4478.41336663	0.28699999999935244	WheelMovementIntervals													0.2556161460242947
4480.44836663	0.15499999999974534	WheelMovementIntervals													0.09105071227406825
4484.95736663	0.4830000000001746	WheelMovementIntervals													0.1329964426463448
4494.70736663	0.22999999999956344	WheelMovementIntervals													0.14026399276679058
4501.66436663	1.5090000000000146	WheelMovementIntervals													2.207937661930714
4503.94036663	1.3439999999991414	WheelMovementIntervals													1.7062441804627042
4512.44236663	0.668999999999869	WheelMovementIntervals													0.4362715830231991
4518.65836663	0.4179999999996653	WheelMovementIntervals													0.26133105309963867
4527.70036663	0.7160000000003492	WheelMovementIntervals													0.30795536653954514
4528.78036663	0.07400000000052387	WheelMovementIntervals													0.008701623938918601
4531.46936663	0.5180000000000291	WheelMovementIntervals													0.2739912456282809
4533.32136663	0.2860000000000582	WheelMovementIntervals													0.07621563951818189
4537.68536663	0.282999999999447	WheelMovementIntervals													0.2262150937054912
4544.86936663	0.13500000000021828	WheelMovementIntervals													0.05078594830831662
4547.97536663	0.4859999999998763	WheelMovementIntervals													0.16985442421741936
4556.59336663	0.7920000000003711	WheelMovementIntervals													0.5886085719369021
4558.31936663	0.2139999999999418	WheelMovementIntervals													0.12603747066748383
4558.88036663	0.8900000000003274	WheelMovementIntervals													0.5721179490282111
4562.40836663	0.21999999999934516	WheelMovementIntervals													0.13265980853998371
4567.20536663	0.4610000000002401	WheelMovementIntervals													0.3332384207744781
4575.59536663	2.1289999999999054	WheelMovementIntervals													5.21448546862257
4577.99436663	0.4760000000005675	WheelMovementIntervals													0.15716275954036973
4587.96836663	1.8820000000005166	WheelMovementIntervals													1.7552535521198251
4596.11536663	0.5020000000004075	WheelMovementIntervals													0.6596546915557155
4597.06236663	0.19700000000011642	WheelMovementIntervals													0.10840342734184105
4601.36336663	0.39099999999962165	WheelMovementIntervals													0.639152280911162
4602.21636663	0.5189999999993233	WheelMovementIntervals													0.11039615367485567
4603.31036663	0.9099999999998545	WheelMovementIntervals													0.987886251152645
4604.53936663	0.25900000000001455	WheelMovementIntervals													0.08215302653070466
4610.05736663	0.39200000000073487	WheelMovementIntervals													0.13223802799757323
4614.56336663	0.41600000000016735	WheelMovementIntervals													0.21105823172854343
4617.81636663	0.13000000000010914	WheelMovementIntervals													0.02642558613433721
4621.37936663	0.5879999999997381	WheelMovementIntervals													0.18466986223143067
4622.15836663	0.14699999999993452	WheelMovementIntervals													0.008357880760286207
4630.84236663	2.129000000000815	WheelMovementIntervals													2.019153752166062
4639.40836663	0.7699999999995271	WheelMovementIntervals													0.587563107015626
