onset	duration	nwb_table	choice	feedback_type	reward_volume	contrast_left	contrast_right	probability_left	feedback_time	response_time	stim_off_time	stim_on_time	go_cue_time	first_movement_time	peak_amplitude
0.0023332123759517895	1.02	WheelMovementIntervals													-0.47049081184851127
8.632333212375952	2.2379999999999995	WheelMovementIntervals													0.33378125829932037
11.606333212375953	0.09399999999999942	WheelMovementIntervals													-0.020403461438936787
12.866333212375952	1.0939999999999994	WheelMovementIntervals													-0.3475660206376957
18.64733321237595	1.1179999999999986	WheelMovementIntervals													0.26831374886205184
20.494333212375953	0.5689999999999991	WheelMovementIntervals													-0.18463366770668943
22.70833321237595	0.3180000000000014	WheelMovementIntervals													-0.037765213278183274
29.78933321237595	3.0460000000000065	WheelMovementIntervals													0.8651231028475561
34.053333212375954	0.3569999999999993	WheelMovementIntervals													0.043975884992029535
34.33888456120226	2.638249652119974	trials	1.0	1.0	1.5	1.0		0.5	35.40122151267005	35.40110374702724	36.47709056975375	35.04335398065519	35.04422056869956	35.08133321237595	
35.08133321237595	0.5730000000000004	WheelMovementIntervals													-0.508733280581201
36.211333212375955	1.100999999999999	WheelMovementIntervals													0.18219884036838652
37.40293990423346	2.5074647559610526	trials	-1.0	1.0	1.5		0.125	0.5	38.343954529489636	38.34386345334276	39.410324448394675	37.875663682436574	37.87653027048094	38.02033321237595	
38.02033321237595	0.6030000000000015	WheelMovementIntervals													0.5380756601397461
39.78933321237596	1.4989999999999952	WheelMovementIntervals													-0.5614447547591384
40.282611975670534	6.809496099778258	trials	1.0	1.0	1.5	0.25		0.5	45.535002112589	45.53488455632525	46.59207287517177	45.30902261486517	45.30988920290954	45.34733321237596	
41.59433321237596	2.157999999999994	WheelMovementIntervals													-0.5734075306183521
44.04233321237596	0.7239999999999966	WheelMovementIntervals													0.20062758566081818
45.34733321237596	0.6909999999999954	WheelMovementIntervals													-0.4791373272429591
46.366333212375956	0.0940000000000012	WheelMovementIntervals													0.027795404819857872
48.891330938738236	4.1340815258756365	trials	-1.0	1.0	1.5		1.0	0.5	51.45719814718565	51.45708029515826	52.52536790279822	51.22668572738358	51.22755231542795	51.33133321237595	
49.022333212375955	1.676000000000002	WheelMovementIntervals													-0.6487434403290038
51.33133321237595	0.3790000000000049	WheelMovementIntervals													0.5725197334497385
52.56333321237595	1.1240000000000023	WheelMovementIntervals													-0.39838964823142264
53.438318407540606	2.753742463573758	trials	1.0	1.0	1.5	0.0		0.5	54.62794381060239	54.627835886345856	55.69204726846831	54.22638024296571	54.22724683101008	54.373333212375954	
54.373333212375954	0.8239999999999981	WheelMovementIntervals													-0.37326358890918576
56.60026486927607	8.392062886877106	trials	1.0	-1.0	0.0		0.0	0.5	62.44156824296184	62.440676837650855	64.49221552872268	57.11011861214943	57.11125184266899	61.89633321237596	
61.89633321237596	0.982999999999997	WheelMovementIntervals													-0.3310546388411195
64.22233321237596	0.9279999999999973	WheelMovementIntervals													-0.6096287286846647
65.39633350147439	2.4626374774072417	trials	-1.0	1.0	1.5		1.0	0.5	66.28765263541696	66.28754634052241	67.35885544918483	65.9932793428068	65.99424592177937	66.10833321237595	
66.10833321237595	0.9579999999999984	WheelMovementIntervals													1.0678484457077553
67.58633321237596	0.9739999999999895	WheelMovementIntervals													-0.21904683830483707
68.2498746103428	2.6588462510902104	trials	-1.0	1.0	1.5		0.125	0.5	69.34557520151878	69.34549284468083	70.40864541979334	69.0767662562175	69.07759951395248	69.13433321237595	
69.13433321237595	0.534000000000006	WheelMovementIntervals													0.3465686182920287
70.08533321237596	0.14799999999999613	WheelMovementIntervals													0.09134279382636812
71.35442627929353	2.354344394265837	trials	1.0	1.0	1.5	1.0		0.5	72.15065404052135	72.15054061478449	73.20872471238609	71.84314860600807	71.84428183652763	72.00433321237595	
72.00433321237595	0.9009999999999962	WheelMovementIntervals													-0.42939204184937285
74.02233321237595	0.15800000000000125	WheelMovementIntervals													0.008396427676347407
74.11347596101638	2.9132603532221424	trials	-1.0	1.0	1.5		0.125	0.5	75.46368679476154	75.46360300434712	76.5266236917985	74.5934990769778	74.59459897718797	74.81033321237595	
74.81033321237595	1.0910000000000082	WheelMovementIntervals													0.7759489469222478
76.23933321237595	0.1560000000000059	WheelMovementIntervals													-0.03130980612055113
77.11033321237595	0.5120000000000005	WheelMovementIntervals													-0.2440772883973089
77.42404227236105	2.468036162511112	trials	-1.0	1.0	1.5		0.25	0.5	78.3247272232447	78.32465473862221	79.39203039081289	78.07531651801351	78.07628309698607	78.12533321237595	
78.12533321237595	0.5620000000000118	WheelMovementIntervals													0.5430733629081487
78.95733321237596	0.32200000000000273	WheelMovementIntervals													-0.09444200195957403
80.29298198417172	2.7824409318739356	trials	1.0	1.0	1.5	0.0		0.5	81.51420452054356	81.51409907002461	82.57534158087297	80.92689113862738	80.92795770852815	81.01333321237595	
81.01333321237595	1.1599999999999966	WheelMovementIntervals													-0.4612426201793436
82.40733321237596	0.1319999999999908	WheelMovementIntervals													0.008073995727350652
83.47612652268481	3.3841525164306034	trials	1.0	1.0	1.5	0.0		0.5	85.29506149750523	85.2949536729551	86.36016486465311	83.96038258793989	83.96128250629366	84.98433321237596	
84.98433321237596	0.6029999999999944	WheelMovementIntervals													-0.3119315153110993
86.18233321237595	0.14000000000000057	WheelMovementIntervals													-0.007194133142095216
87.2620830369845	3.080776952784106	trials	1.0	1.0	1.5	1.0		0.5	88.78201180618834	88.78192001337536	89.84281556342378	88.5256350662928	88.52663497557478	88.48733321237596	
87.42833321237596	0.5229999999999961	WheelMovementIntervals													-0.057234567023934646
88.48733321237596	1.7909999999999968	WheelMovementIntervals													-0.39884329746717756
90.73866761944458	4.338164931865734	trials	1.0	-1.0	0.0		0.0	0.5	92.51597303782592	92.51509338927809	94.57678606795339	91.89199631557108	91.89296289454364	92.07533321237595	
90.87033321237595	0.42799999999999727	WheelMovementIntervals													0.04178971541427062
92.07533321237595	0.9159999999999968	WheelMovementIntervals													-0.4173975830209474
95.49003654548036	2.6701431801432705	trials	1.0	1.0	1.5	0.125		0.5	96.59823600268089	96.59815363535812	97.6601063298171	96.0753167785232	96.07631668780517	96.14733321237595	
96.14733321237595	1.8539999999999992	WheelMovementIntervals													0.7283159275189812
98.57633321237596	0.7530000000000001	WheelMovementIntervals													-0.09634048659589474
98.63028497579721	3.1294425358378675	trials	1.0	1.0	1.5	0.25		0.5	100.20040919095564	100.20030531235525	101.25967975395874	99.94206596280557	99.94299921146875	99.86433321237595	
99.86433321237595	1.909000000000006	WheelMovementIntervals													-0.4838568097937823
102.16683078486572	3.9251680062234584	trials	1.0	-1.0	0.0		0.125	0.5	103.52634077493316	103.5252536283113	105.59198669992347	102.67528465474435	102.67631789433571	102.84533321237596	
102.84533321237596	1.0349999999999966	WheelMovementIntervals													-0.663781137145556
104.65033321237595	8.384	WheelMovementIntervals													-1.1797125682817842
106.506203756423	8.837051925352668	trials	1.0	1.0	1.5	1.0		0.5	113.77844397321783	113.7783271319187	114.84318070696234	113.54333197071874	113.5443318800007	113.59833321237596	
113.59833321237596	2.3349999999999937	WheelMovementIntervals													-0.5251827912182372
115.79196129430842	3.816777786152443	trials	1.0	-1.0	0.0		0.0625	0.5	117.0616794308555	117.06068648618654	119.10866038258249	116.5586250710995	116.55969164100027	116.61533321237596	
116.61533321237596	0.47400000000000375	WheelMovementIntervals													-0.2820499700772079
118.57233321237595	1.3149999999999977	WheelMovementIntervals													-1.3046301203310469
120.01204508852743	2.497933064637195	trials	-1.0	1.0	1.5		0.25	0.5	120.95185982264523	120.95175677491048	122.00989716420058	120.65991964262119	120.66101954283135	120.73533321237596	
120.73533321237596	1.0879999999999939	WheelMovementIntervals													0.896468985087084
122.92008125326286	3.1398713607240154	trials	-1.0	1.0	1.5		0.25	0.5	124.50313762846802	124.50301622078312	125.55987508795681	124.27535829403666	124.27635820331862	124.29133321237596	
124.29133321237596	0.8089999999999975	WheelMovementIntervals													1.117269833825708
126.30733321237595	0.6230000000000047	WheelMovementIntervals													-0.09479069397428508
126.46565957617845	2.7941333379495035	trials	-1.0	1.0	1.5		0.125	0.5	127.69128171339094	127.69117332108007	128.7597514417881	127.42513919284156	127.42603911119532	127.49233321237595	
127.49233321237595	0.3149999999999977	WheelMovementIntervals													0.450363095555925
129.7354962494378	5.290910503134711	trials	-1.0	1.0	1.5		0.0	0.5	133.4607916006317	133.46067264334312	134.52629493149237	132.6419658896315	132.64303245953226	132.71033321237596	
129.96033321237596	0.5730000000000075	WheelMovementIntervals													0.07252956052866107
131.24933321237594	0.65300000000002	WheelMovementIntervals													0.11503216940417015
132.71033321237596	0.8659999999999854	WheelMovementIntervals													0.40325455329363913
134.08033321237596	0.5109999999999957	WheelMovementIntervals													0.11374634425658942
134.92533321237596	0.12999999999999545	WheelMovementIntervals													0.008586578779750609
135.4292130131057	3.5126724002523417	trials	-1.0	-1.0	0.0	0.0625		0.5	136.38535959882896	136.38443215740986	138.44180635842517	136.02522560577498	136.02635883629452	136.19933321237596	
136.19933321237596	1.070999999999998	WheelMovementIntervals													-0.678396960367018
137.44833321237596	0.10200000000000387	WheelMovementIntervals													0.0058519080622864775
138.50133321237595	0.117999999999995	WheelMovementIntervals													0.010502804092484086
139.34129141817044	4.40056037650595	trials	1.0	1.0	1.5	0.25		0.5	142.1863332981422	142.18622915825597	143.2417708755644	141.84269780824062	141.84369771752256	141.82133321237595	
139.34633321237595	1.6640000000000157	WheelMovementIntervals													-1.0992744339637803
141.82133321237595	0.8410000000000082	WheelMovementIntervals													-0.3867363221042408
143.70633321237597	1.188999999999993	WheelMovementIntervals													-0.1935869942560819
144.1493552004936	3.342556564026637	trials	-1.0	1.0	1.5		0.0625	0.5	145.9324934230197	145.93238430673182	146.9918973072604	145.37647720162903	145.37737711998278	145.64533321237596	
145.64533321237596	0.5089999999999861	WheelMovementIntervals													0.3384818845160423
147.17033321237597	0.4609999999999843	WheelMovementIntervals													-0.15128716704320572
147.88591619626428	3.5569684243772883	trials	1.0	-1.0	0.0		0.0625	0.5	148.88972512442777	148.88873492333786	150.94277219246533	148.5929520495409	148.59405194975108	148.67233321237595	
148.67233321237595	0.7930000000000064	WheelMovementIntervals													-0.5034688676095058
151.84689016521705	3.579465716230942	trials	-1.0	1.0	1.5		1.0	0.5	153.86550702364565	153.86542609613852	154.92624412026228	153.59156521069696	153.59239846843192	153.72533321237594	
152.01733321237595	1.0420000000000016	WheelMovementIntervals													-0.8238992200252276
153.72533321237594	0.8540000000000134	WheelMovementIntervals													0.4842841180755072
154.72833321237596	0.15000000000000568	WheelMovementIntervals													-0.006897471630987417
155.67233321237595	0.9060000000000059	WheelMovementIntervals													-0.20517016798362886
155.83976124026447	3.2031372439736856	trials	1.0	1.0	1.5	0.25		0.5	157.48447868785738	157.4843793359227	158.5428160021973	157.17507342570838	157.17607333499032	157.24333321237594	
157.24333321237594	0.6640000000000157	WheelMovementIntervals													-0.3327986502023148
159.4441008986501	3.115473166670057	trials	-1.0	1.0	1.5		0.0625	0.5	161.00605918800582	161.00593657562064	162.05949694686413	160.64152559411122	160.6423921821556	160.60233321237595	
159.76633321237597	0.3859999999999957	WheelMovementIntervals													-0.32914585036282307
160.60233321237595	0.5570000000000164	WheelMovementIntervals													0.36349827615070707
161.53933321237596	0.14599999999998658	WheelMovementIntervals													-0.007825488517901213
162.96618135343954	6.576695491332202	trials	-1.0	1.0	1.5		0.0625	0.5	167.99895808172937	167.99885289562476	169.0427967114808	163.55862760300312	163.55972750321328	166.65633321237596	
163.45533321237596	0.6210000000000093	WheelMovementIntervals													0.0754979849720896
166.65633321237596	0.7860000000000014	WheelMovementIntervals													-0.21331449269209113
167.74633321237596	1.1550000000000011	WheelMovementIntervals													0.47775878928439064
169.95418069168144	2.32234664047715	trials	-1.0	1.0	1.5		1.0	0.5	170.74030936916142	170.74019580057558	171.77644869744177	170.45813496979125	170.4591015487638	170.42933321237595	
170.42933321237595	0.842000000000013	WheelMovementIntervals													0.5519648576155274
172.61833321237594	1.3400000000000034	WheelMovementIntervals													-0.21935247379745337
172.68273314030438	4.042289020135655	trials	-1.0	1.0	1.5		1.0	0.5	175.1624748292653	175.16238652089456	176.2249451019707	174.90836455040892	174.90943112030968	175.00133321237595	
175.00133321237595	0.6980000000000075	WheelMovementIntervals													0.48051670175929284
176.06933321237597	0.7510000000000048	WheelMovementIntervals													0.08581236307163959
177.1369290277405	2.539529467793585	trials	1.0	1.0	1.5	1.0		0.5	178.11833998798804	178.11823964168997	179.17637732954339	177.6763134247412	177.67741332495137	177.84533321237595	
177.84533321237595	0.943000000000012	WheelMovementIntervals													-0.3724432772919648
180.0913609831591	2.5670558620026043	trials	-1.0	1.0	1.5		0.25	0.5	181.0804712448777	181.08038173480656	182.15830679021593	180.6748747098038	180.67577462815754	180.82433321237596	
180.82433321237596	1.046999999999997	WheelMovementIntervals													0.5266354092500802
183.075323592705	2.867334436302542	trials	-1.0	1.0	1.5		0.125	0.5	184.3608402959071	184.36073813376947	185.44257548744497	183.55971297919766	183.5607795490984	183.51333321237595	
183.51333321237595	1.3859999999999957	WheelMovementIntervals													0.6058005210037425
186.16333321237596	0.5949999999999989	WheelMovementIntervals													-0.2243049353570462
186.34206054719024	4.916108463761532	trials	-1.0	-1.0	0.0	0.0		0.5	188.6834481218368	188.68251123223624	190.75812656067416	188.39164126305033	188.3927744935699	188.50233321237596	
187.21133321237596	0.24399999999999977	WheelMovementIntervals													0.03883592560821414
187.73033321237597	0.08499999999997954	WheelMovementIntervals													0.007965525921684313
188.50233321237596	0.9950000000000045	WheelMovementIntervals													0.39109244809392485
191.680976167308	3.527260746311555	trials	-1.0	-1.0	0.0	0.0625		0.5	192.64312220872299	192.6421921763017	194.70820151845354	192.39284491544745	192.3937781641106	192.47333321237596	
192.47333321237596	1.5889999999999986	WheelMovementIntervals													0.5989751055810069
195.43233321237597	1.0389999999999873	WheelMovementIntervals													-1.2318685909019884
195.71644337776706	3.2263309493268935	trials	1.0	1.0	1.5	0.25		0.5	197.36216073464195	197.36205814359255	198.44272936535089	197.0260912249739	197.02712446456528	197.13033321237594	
197.13033321237594	0.5980000000000132	WheelMovementIntervals													-0.30990761415014767
198.04333321237596	1.1550000000000011	WheelMovementIntervals													-0.26595198811503046
199.39417637744887	3.0308780304644074	trials	1.0	1.0	1.5	0.0625		0.5	200.84751118847393	200.84741283231162	201.92501343071817	200.15814039917865	200.15914030846062	200.28933321237596	
200.28933321237596	1.61099999999999	WheelMovementIntervals													-0.3637323272317997
202.84806301920838	3.7950478068756013	trials	-1.0	1.0	1.5		0.125	0.5	205.06469524577523	205.06458977306508	206.14306407606384	204.77612142700045	204.77715466659183	204.91233321237596	
203.20833321237595	0.9090000000000202	WheelMovementIntervals													-0.16901062600581784
204.91233321237596	0.3830000000000098	WheelMovementIntervals													0.5392271475696458
207.06351390042093	4.527877005257437	trials	1.0	1.0	1.5	0.0625		0.5	210.0178791952207	210.01776283819063	211.09138180033707	208.3250661111653	208.32616601137548	208.31033321237595	
207.11333321237595	0.4660000000000082	WheelMovementIntervals													-0.47065279916422587
208.31033321237595	2.8170000000000073	WheelMovementIntervals													-0.2957158426574095
211.86133321237597	0.242999999999995	WheelMovementIntervals													0.03831658847530495
212.0343962441572	4.725093536283936	trials	-1.0	-1.0	0.0	0.0		0.5	214.1831679607881	214.18203784907578	216.25944625447661	213.792603395253	213.79350331360678	213.84333321237597	
212.46633321237596	0.914999999999992	WheelMovementIntervals													-0.28995888278784093
213.84333321237597	1.072999999999979	WheelMovementIntervals													0.3130496117536449
217.18129595182847	4.326864700872505	trials	1.0	1.0	1.5	1.0		0.5	219.94424527975096	219.94413598831974	221.0080820951417	219.57474546975592	219.5758453699661	219.72233321237596	
217.38233321237595	1.546999999999997	WheelMovementIntervals													-0.639096032076851
219.72233321237596	1.1910000000000025	WheelMovementIntervals													-0.37386616009789425
221.30233321237597	0.8519999999999754	WheelMovementIntervals													0.11452325123159592
221.93336481436162	3.007869597046806	trials	1.0	1.0	1.5	1.0		0.5	223.3725009135828	223.37239715430633	224.44120395414575	223.0592626658529	223.06019591451607	223.18733321237596	
222.37533321237595	0.0630000000000166	WheelMovementIntervals													0.003065893584905083
223.18733321237596	1.0039999999999907	WheelMovementIntervals													-0.4267074925214085
225.46694422589366	2.5413293650485116	trials	1.0	1.0	1.5	0.25		0.5	226.4393560026035	226.4392546957381	227.50822569471345	226.1262510761112	226.1271843247744	226.29833321237595	
226.29833321237595	0.5020000000000095	WheelMovementIntervals													-0.3363526030479166
227.23233321237595	1.5080000000000098	WheelMovementIntervals													-0.14688336731202833
228.42277605430695	4.203173523672461	trials	1.0	-1.0	0.0		0.0	0.5	230.05586122391972	230.05480382585128	232.12590674975067	229.55940626542466	229.56053949594423	229.74433321237595	
229.74433321237595	0.9130000000000109	WheelMovementIntervals													-0.2823182868059511
232.03533321237595	0.15800000000001546	WheelMovementIntervals													-0.09032717357079378
233.06345502282934	2.6461495132566313	trials	-1.0	1.0	1.5		1.0	0.5	234.14249045930595	234.14237439549623	235.20949365408956	233.75825865255663	233.7591919012198	233.81233321237596	
233.81233321237596	1.507000000000005	WheelMovementIntervals													1.5655703504665672
235.73033321237597	0.14799999999999613	WheelMovementIntervals													0.007665693619762437
236.13051009370645	3.195566936776032	trials	1.0	1.0	1.5	0.0625		0.5	237.762828666203	237.76274326214315	238.82599887540576	236.72458952843056	236.72555610740312	237.49933321237597	
236.28933321237596	0.08699999999998909	WheelMovementIntervals													0.008596351520495205
236.85033321237597	0.2039999999999793	WheelMovementIntervals													0.01567287418099672
237.49933321237597	1.0239999999999725	WheelMovementIntervals													-0.44813080096984714
239.73258329105298	4.408958267497155	trials	1.0	1.0	1.5	0.125		0.5	242.56572625056933	242.56561944649928	243.64149531672484	240.45821745697415	240.45921736625613	240.99533321237595	
240.99533321237595	1.9020000000000152	WheelMovementIntervals													-0.31602078789963517
243.18033321237596	0.25900000000001455	WheelMovementIntervals													0.06952725022088313
244.12633321237595	0.18700000000001182	WheelMovementIntervals													-0.2334215767852582
244.56404495057407	2.745370205396938	trials	1.0	1.0	1.5	0.0625		0.5	245.73827175069363	245.73817412039094	246.80934124322388	245.05913336638378	245.06023326659394	244.99333321237597	
244.68033321237596	0.1490000000000009	WheelMovementIntervals													0.010931341441032472
244.99333321237597	1.664999999999992	WheelMovementIntervals													-0.34953331486670214
247.73672377193594	3.505940835622596	trials	1.0	1.0	1.5	0.125		0.5	249.6679485591209	249.66784516314164	250.74258439475685	249.15789483439116	249.15889474367313	249.34233321237596	
248.06333321237597	0.7059999999999889	WheelMovementIntervals													-0.6400582389215116
249.34233321237596	2.4499999999999886	WheelMovementIntervals													-1.1533301912718914
251.66586729541288	2.493251367714805	trials	-1.0	1.0	1.5		0.25	0.5	252.5944830455727	252.5943856805751	253.6590197974608	252.32464086068003	252.32557410934322	252.47233321237596	
252.47233321237596	0.3429999999999893	WheelMovementIntervals													0.6027214061886241
254.6817270110534	3.061146710837022	trials	1.0	1.0	1.5	0.125		0.5	256.1751581842852	256.1750488223792	257.2428279852568	255.2079126055322	255.20891251481416	255.43033321237596	
255.43033321237596	1.2199999999999704	WheelMovementIntervals													-0.28228210247686925
258.16277785497294	10.428377225650138	trials	1.0	-1.0	0.0		0.0625	0.5	266.0169319435613	266.016009811043	268.0911437580671	260.2077923184454	260.20859224587093	260.20533321237593	
258.4243332123759	1.1960000000000264	WheelMovementIntervals													-0.6475774742612819
260.20533321237593	0.7060000000000173	WheelMovementIntervals													-0.17361925348644802
262.0983332123759	0.27300000000002456	WheelMovementIntervals													0.05825189277569365
265.74133321237593	2.2930000000000064	WheelMovementIntervals													-1.36718051774891
268.81733321237596	0.13899999999995316	WheelMovementIntervals													0.01351220953485055
269.0125601613968	2.4134386586075607	trials	1.0	1.0	1.5	0.125		0.5	269.85998327786115	269.85987303154366	270.925919902744	269.55887726275245	269.5599438326532	269.43833321237594	
269.43833321237594	2.3039999999999736	WheelMovementIntervals													1.0851153345690128
271.84500318441576	2.6295511663979028	trials	1.0	1.0	1.5	0.25		0.5	272.90104070740716	272.9009229276217	273.97450998221416	272.39112030391505	272.39195356165	272.45933321237595	
272.45933321237595	2.742999999999995	WheelMovementIntervals													-0.45014386869375606
274.891260142228	3.401080268616454	trials	1.0	1.0	1.5	0.125		0.5	276.7249937744215	276.72490233959667	277.7922302813709	276.30909817374334	276.3099647617877	276.23433321237593	
275.47233321237593	0.13400000000001455	WheelMovementIntervals													-0.01428816033156377
276.23433321237593	0.8439999999999941	WheelMovementIntervals													-0.2989955965919421
278.701147818676	4.841284277704517	trials	1.0	-1.0	0.0		0.0625	0.5	280.98130761495696	280.9803865543752	283.04235395725027	280.20787778535794	280.20897768556813	280.4123332123759	
278.83533321237593	0.7029999999999745	WheelMovementIntervals													0.2120112180185837
280.4123332123759	0.8969999999999914	WheelMovementIntervals													-0.44990706360508936
283.9616372207784	2.596425256631221	trials	1.0	1.0	1.5	1.0		0.5	284.9963433457546	284.996246487953	286.057980360725	284.62437709286405	284.6253103415272	284.74833321237594	
284.74833321237594	2.334000000000003	WheelMovementIntervals													0.37378283508680776
286.97116417763317	2.538149822544142	trials	1.0	1.0	1.5	0.0625		0.5	287.94730894899567	287.94718256728146	289.0092126064413	287.6254381511315	287.6263047391759	287.7923332123759	
287.7923332123759	0.6730000000000018	WheelMovementIntervals													-0.39130577617999585
289.9773332123759	0.853999999999985	WheelMovementIntervals													-0.2235992423684663
290.0134214983176	4.578775292464684	trials	1.0	-1.0	0.0		0.0	0.5	292.0303385109668	292.0292537657485	294.09218478068567	291.2411101147128	291.24231000585115	291.25233321237596	
291.25233321237596	1.1829999999999927	WheelMovementIntervals													-0.3496681821526677
294.05133321237594	0.6510000000000105	WheelMovementIntervals													-0.14955500449619952
295.01030148338486	2.6474495084602268	trials	1.0	1.0	1.5	1.0		0.5	296.09743618504535	296.0973209899412	297.15770665733044	295.77446548697105	295.7753320750154	295.91833321237596	
295.91833321237596	1.0639999999999645	WheelMovementIntervals													-0.37692846472028907
298.07765652704654	3.165167592026137	trials	1.0	1.0	1.5	0.0625		0.5	299.6773780569511	299.67728967637476	300.74274806657417	298.5424476916128	298.54334760996653	298.97233321237593	
298.97233321237593	1.2560000000000286	WheelMovementIntervals													-0.47170368930348805
301.2683332123759	0.8360000000000127	WheelMovementIntervals													-0.13473269515501451
301.66673090372757	3.007651938103436	trials	1.0	1.0	1.5	0.0625		0.5	303.11826587804507	303.1181550027151	304.1743367313459	302.74146673029173	302.7423666486455	302.9463332123759	
302.9463332123759	0.6229999999999905	WheelMovementIntervals													0.42411135466645145
305.08298762617585	3.259660721829732	trials	-1.0	1.0	1.5		0.0625	0.5	306.77740056508236	306.7773181490422	307.8425372625397	306.2757460783211	306.27667932698427	306.5013332123759	
305.23833321237595	0.40699999999998226	WheelMovementIntervals													-0.18536893674688448
306.5013332123759	0.46800000000001774	WheelMovementIntervals													0.47802575336345376
307.4973332123759	1.2650000000000432	WheelMovementIntervals													-0.31700747224199266
308.7614538926644	2.4810327664865213	trials	-1.0	1.0	1.5		0.25	0.5	309.67637088566136	309.67626523694463	310.74240750147237	309.39096344627944	309.39203001618023	309.51533321237594	
309.51533321237594	0.5199999999999818	WheelMovementIntervals													0.6713004933107075
310.3553332123759	1.1400000000000432	WheelMovementIntervals													-0.9098341466998408
311.6704899666818	2.455135796178922	trials	-1.0	1.0	1.5		0.25	0.5	312.5675085835316	312.56740231313137	313.6256125857057	312.3077988126962	312.30876539166877	312.4293332123759	
312.4293332123759	0.3020000000000209	WheelMovementIntervals													0.5312156095689005
313.40633321237596	0.5399999999999636	WheelMovementIntervals													-0.2060547441126348
314.54152948798463	4.76758915981253	trials	1.0	1.0	1.5	0.125		0.5	317.7454054789438	317.7452880582572	318.8090423124781	315.10764479312314	315.1087446933333	316.0303332123759	
316.0303332123759	2.584000000000003	WheelMovementIntervals													-0.35788520512031874
319.739924523677	10.885490512516924	trials	1.0	-1.0	0.0		0.125	0.5	328.0680356119163	328.06726873478215	330.12538228986625	320.40789725433825	320.40869718176384	320.36133321237594	
320.36133321237594	1.1759999999999877	WheelMovementIntervals													-0.2845944592515046
324.52633321237596	0.2899999999999636	WheelMovementIntervals													-0.026779189868438413
325.91833321237596	0.3709999999999809	WheelMovementIntervals													-0.047219935604589924
327.85133321237595	0.32499999999998863	WheelMovementIntervals													-0.10087652583231654
330.6723332123759	0.93100000000004	WheelMovementIntervals													-0.4813502475017608
331.15502220781383	2.519158409228453	trials	-1.0	1.0	1.5		0.25	0.5	332.10883567187915	332.10874356363075	333.17413902088344	331.8743569452586	331.87572348794396	332.01933321237595	
332.01933321237595	2.459000000000003	WheelMovementIntervals													1.4906462164228433
334.10178819207067	2.7571399534179477	trials	-1.0	1.0	1.5		0.25	0.5	335.29807965701224	335.2980046585919	336.35885008393825	335.0422362020671	335.04306945980204	335.1413332123759	
335.1413332123759	0.4689999999999941	WheelMovementIntervals													0.8777445787062095
336.0093332123759	1.0030000000000427	WheelMovementIntervals													-0.3144278884911471
337.29183210462935	2.6826464803083354	trials	1.0	1.0	1.5	0.25		0.5	338.412663749092	338.4125506869914	339.4743674246812	338.0407974871296	338.04173073579284	338.16133321237595	
338.16133321237595	0.8530000000000086	WheelMovementIntervals													0.44157150334725376
339.2993332123759	0.5640000000000214	WheelMovementIntervals													-0.30444029353669017
340.3981836102876	2.8108359910250442	trials	-1.0	1.0	1.5		0.125	0.5	341.65210318017967	341.65199877248943	342.70897396090606	340.92566908683295	340.9267356567337	341.0043332123759	
341.0043332123759	1.233000000000004	WheelMovementIntervals													0.4297396487526035
342.80033321237596	0.14899999999994407	WheelMovementIntervals													0.01938509741038741
343.6401228145802	4.050885770815285	trials	1.0	1.0	1.5	0.25		0.5	346.13336327884764	346.1332743720297	347.19093399607135	345.4241609554601	345.4254275072172	345.64033321237594	
343.88933321237596	0.8999999999999773	WheelMovementIntervals													-0.5196293867309318
345.64033321237594	0.875	WheelMovementIntervals													-0.3379329581593674
347.9633332123759	0.8980000000000246	WheelMovementIntervals													-0.07127465118235238
348.1282156266749	3.2471614204989123	trials	-1.0	1.0	1.5		0.125	0.5	349.80563010778803	349.8055463205067	350.87533305763293	349.525222214816	349.52608880286033	349.65933321237594	
349.65933321237594	0.2559999999999718	WheelMovementIntervals													0.43809432219749334
350.9053332123759	0.9689999999999941	WheelMovementIntervals													-0.5775244023301651
351.7970827640566	2.395238292628335	trials	-1.0	1.0	1.5		1.0	0.5	352.6242743827159	352.62419529645797	353.6922108261627	352.40736072914854	352.4084272990493	352.49033321237596	
352.49033321237596	0.8459999999999468	WheelMovementIntervals													1.040156622695959
354.63052569635755	2.560255422527405	trials	1.0	1.0	1.5	0.125		0.5	355.62803519604466	355.6279465086329	356.69070545060646	355.1908748579701	355.1917414460145	355.39733321237594	
355.39733321237594	0.7740000000000009	WheelMovementIntervals													-0.4384225278120927
356.89533321237593	0.8620000000000232	WheelMovementIntervals													-0.2813794516921432
357.6175880246775	3.156829404248242	trials	-1.0	1.0	1.5		1.0	0.5	359.2105101714647	359.2104018517996	360.27431365654604	359.0088284692926	359.00976171795577	358.9823332123759	
357.9633332123759	0.7030000000000314	WheelMovementIntervals													0.18907753157407514
358.9823332123759	2.4560000000000173	WheelMovementIntervals													1.613817285884392
361.30612004460454	2.8026647937188045	trials	1.0	1.0	1.5	0.25		0.5	362.55077378848375	362.55064792825806	363.6087111391109	362.07538358552875	362.0764168251201	362.09433321237594	
362.09433321237594	2.825999999999965	WheelMovementIntervals													-0.3361412955910774
364.5471926608528	2.8280359570765086	trials	-1.0	1.0	1.5		0.0625	0.5	365.8102114052107	365.81010782505416	366.87518145112097	365.24079639944165	365.2417629784142	365.36833321237594	
365.36833321237594	1.872000000000014	WheelMovementIntervals													0.5348807575271084
367.7918316202066	2.483460139482702	trials	-1.0	1.0	1.5		1.0	0.5	368.7071485769163	368.7070530461597	369.7752183416007	368.49093485984633	368.49176811758133	368.55633321237593	
368.55633321237593	0.8039999999999736	WheelMovementIntervals													0.8402177341357233
370.7122999903478	2.8452339465575847	trials	-1.0	1.0	1.5		1.0	0.5	372.0002164758266	372.0001144500511	373.0574538899564	371.34087629529967	371.3417762136535	371.52933321237595	
371.52933321237595	1.5550000000000068	WheelMovementIntervals													0.7464308952118781
373.9817366998944	4.575604621679531	trials	1.0	1.0	1.5	0.125		0.5	376.99159695984315	376.9915042029725	378.057200281632	374.5417858887223	374.5427857980043	376.02733321237594	
374.87033321237595	0.339999999999975	WheelMovementIntervals													-0.06737925058122318
375.4993332123759	0.12000000000000455	WheelMovementIntervals													-0.07883023067578954
376.02733321237594	1.5579999999999927	WheelMovementIntervals													0.47565894299814104
377.8743332123759	1.0610000000000355	WheelMovementIntervals													-0.776126579092836
378.9896490173727	10.36907997184096	trials	-1.0	1.0	1.5		0.0625	0.5	387.81468168843855	387.81460048624587	388.85858697880883	379.5422322168953	379.5431321352491	384.7833332123759	
384.7833332123759	0.549000000000035	WheelMovementIntervals													-0.25902949542993836
387.66433321237594	0.5760000000000218	WheelMovementIntervals													1.0497125542760584
388.5573332123759	1.8430000000000177	WheelMovementIntervals													-0.2752587053716953
389.80313461686126	3.3387516710986915	trials	1.0	1.0	1.5	0.125		0.5	391.591339046416	391.5912612190832	392.6417770774284	390.85733897283575	390.8588055064493	390.93033321237596	
390.93033321237596	2.541999999999973	WheelMovementIntervals													-0.3385737935895152
393.5908909678685	2.4166367702028424	trials	1.0	1.0	1.5	1.0		0.5	394.43021481914894	394.4301030423244	395.5074170886086	394.07394714198523	394.0748137300296	394.27433321237595	
394.27433321237595	0.6599999999999682	WheelMovementIntervals													-0.4827990070207413
396.4449320313779	6.030406285158563	trials	-1.0	1.0	1.5		0.25	0.5	400.8973947427253	400.89730902732464	401.9753302789917	396.9583187870475	396.9591520447825	400.10833321237595	
397.2833332123759	0.12000000000000455	WheelMovementIntervals													-0.007286741419636478
400.10833321237595	1.245999999999981	WheelMovementIntervals													0.5964949934368278
402.92524409685734	4.04997506448251	trials	-1.0	-1.0	0.0	0.0625		0.5	404.4054764675672	404.40447078317777	406.4751220296854	404.0574747071344	404.0584746164164	404.21233321237594	
403.09133321237596	0.19499999999999318	WheelMovementIntervals													-0.04779831651965161
404.21233321237594	0.9239999999999782	WheelMovementIntervals													0.32808340782638723
407.5222270297579	2.7685371663727096	trials	1.0	1.0	1.5	0.25		0.2	408.7225514621367	408.7224422750713	409.7906878874399	408.1740345603607	408.1751677908803	408.26433321237596	
408.26433321237596	0.9590000000000032	WheelMovementIntervals													-0.31497591491734944
409.6103332123759	0.11100000000004684	WheelMovementIntervals													-0.01745320909916348
410.07533321237594	0.5609999999999786	WheelMovementIntervals													-0.14712807923422666
410.74506796676496	2.7301420803873953	trials	-1.0	1.0	1.5		0.0625	0.2	411.89709678082494	411.8969848777076	412.97509897771016	411.22499109179824	411.2258243495332	411.13733321237595	
411.13733321237595	0.9869999999999663	WheelMovementIntervals													0.46826566372192513
413.90741439221324	4.183974092340975	trials	1.0	-1.0	0.0		0.0	0.2	415.51050228336703	415.5094419960936	417.5913801597526	414.6408145202243	414.6418477598157	415.0113332123759	
415.0113332123759	1.0049999999999955	WheelMovementIntervals													-0.8904117115608514
418.5388941953415	2.3350432212720875	trials	-1.0	1.0	1.5		1.0	0.2	419.2980253222085	419.2979075944502	420.37392770960156	419.07401231273917	419.07484557047417	419.1673332123759	
419.1673332123759	0.4370000000000118	WheelMovementIntervals													0.6005961330474552
420.06533321237595	0.18999999999999773	WheelMovementIntervals													-0.09719521383970164
421.30694306060207	2.38363910935567	trials	-1.0	1.0	1.5		1.0	0.2	422.1175695154901	422.1174556789556	423.1905055053467	421.8751915055421	421.87619141482406	421.99533321237595	
421.99533321237595	0.3580000000000041	WheelMovementIntervals													0.5815807612815052
423.82033321237594	0.8039999999999736	WheelMovementIntervals													-0.5641999545512899
424.1292869998732	3.1611653628794443	trials	-1.0	1.0	1.5		0.0625	0.2	425.7217425223288	425.72161891681645	426.79041223258236	425.40873758676474	425.4098708172843	425.49133321237593	
425.49133321237593	0.5749999999999886	WheelMovementIntervals													0.758640548266821
427.7403593807574	3.6515563474496275	trials	-1.0	1.0	1.5		0.125	0.2	429.825503536746	429.8253904130374	430.8918401253417	429.00847766245334	429.00954423235413	429.1673332123759	
429.1673332123759	4.204999999999984	WheelMovementIntervals													0.6826029198739265
431.8435204496054	3.8815673499927357	trials	-1.0	1.0	1.5		1.0	0.2	434.1559773156938	434.1558593800989	435.22501365935074	433.9404968654306	433.9415967656408	433.95933321237595	
433.95933321237595	0.33499999999997954	WheelMovementIntervals													0.44919609714835484
434.53433321237594	1.1449999999999818	WheelMovementIntervals													-0.4216251647003828
436.18209349373717	2.3764401480078163	trials	-1.0	1.0	1.5		1.0	0.2	436.98572058365147	436.98560639219636	438.0585232522705	436.75717465210397	436.7582078916953	436.84633321237595	
436.84633321237595	0.4819999999999709	WheelMovementIntervals													0.8240972478800348
438.37033321237595	0.7999999999999545	WheelMovementIntervals													-0.1457194793719303
438.9916385941992	2.5666422884098097	trials	-1.0	1.0	1.5		0.25	0.2	439.99278109761076	439.9926543070749	441.0582177678526	439.7571024798519	439.7582357103714	439.6483332123759	
439.6483332123759	0.3930000000000291	WheelMovementIntervals													0.3121781874157321
441.4413332123759	0.18600000000003547	WheelMovementIntervals													-0.012550348921383403
442.12378775933206	6.799935214347215	trials	-1.0	1.0	1.5		0.0	0.2	447.3546798466883	447.3545902335344	448.42368286003585	442.7738954441556	442.77489535343756	445.85333321237596	
445.85333321237596	0.8669999999999618	WheelMovementIntervals													0.2757515778305759
447.18033321237596	0.4919999999999618	WheelMovementIntervals													0.36763393023917246
448.7033332123759	0.5320000000000391	WheelMovementIntervals													0.21697595695502692
449.37562982677485	2.532755104385444	trials	-1.0	1.0	1.5		1.0	0.2	450.3308431638349	450.33074985281763	451.40827874546034	450.09169819389854	450.09256478194294	450.09133321237596	
450.09133321237596	0.3879999999999768	WheelMovementIntervals													0.5358272106011288
451.41933321237593	0.36000000000001364	WheelMovementIntervals													-0.06319858416975244
452.35999240003355	2.71364135058775	trials	-1.0	1.0	1.5		0.125	0.2	453.4980891447648	453.4980089024421	454.57359156844507	453.04053065733814	453.04156389692946	453.03133321237596	
453.03133321237596	1.0199999999999818	WheelMovementIntervals													1.0775684485189636
455.5277383356044	4.013757542685482	trials	-1.0	1.0	1.5		0.125	0.2	457.9633840252307	457.96327203870703	459.04145288273475	456.25850536917295	456.25957193907374	457.03833321237596	
457.03833321237596	0.48599999999999	WheelMovementIntervals													0.1429522415885156
457.8193332123759	0.27000000000003865	WheelMovementIntervals													0.3631237642337073
459.9907000944124	16.482990939186323	trials	1.0	-1.0	0.0		0.0	0.2	473.89893825188847	473.8979438819457	475.9736500210352	460.50691992638093	460.5079198356629	460.4123332123759	
460.4123332123759	0.8870000000000005	WheelMovementIntervals													-0.3065021647629784
463.6863332123759	1.011000000000024	WheelMovementIntervals													0.3957802947565874
466.33233321237594	0.5090000000000146	WheelMovementIntervals													-0.2557471028486802
468.85633321237594	0.36000000000001364	WheelMovementIntervals													-0.059408889961833466
470.58933321237595	0.742999999999995	WheelMovementIntervals													-0.23277649767211628
473.57533321237594	1.113999999999976	WheelMovementIntervals													-0.5762786314777859
475.16433321237594	0.7090000000000032	WheelMovementIntervals													0.6098552552185641
476.9258969605588	4.715791186440981	trials	-1.0	1.0	1.5		0.25	0.2	480.07424465605953	480.0741565013766	481.14161448424653	479.84153243583717	479.84229903295335	479.95933321237595	
477.54333321237596	1.1829999999999927	WheelMovementIntervals													-0.7003783989420356
479.95933321237595	0.29199999999997317	WheelMovementIntervals													0.5492981790276623
480.86533321237596	2.4489999999999554	WheelMovementIntervals													-0.5368353073779932
482.09439470872053	4.797184887305832	trials	-1.0	-1.0	0.0	0.0625		0.2	484.31829294273626	484.31733311736645	486.3915048479601	484.04035149265974	484.0412847413229	484.17333321237595	
484.17333321237595	1.0769999999999982	WheelMovementIntervals													0.43379880209745103
487.3410853627318	2.315814570735313	trials	-1.0	1.0	1.5		1.0	0.2	488.0871843386238	488.08708941220084	489.15685395815933	487.87353705537754	487.8746369555877	487.9823332123759	
487.9823332123759	1.2110000000000127	WheelMovementIntervals													1.7553830330421736
489.96033321237593	0.27800000000002	WheelMovementIntervals													0.045180189908357704
490.1144004168773	4.710689893723895	trials	-1.0	1.0	1.5		0.0625	0.2	493.2585818237032	493.25845907983967	494.32501840322703	493.05796669143183	493.0589999310232	493.05833321237594	
490.75233321237596	1.7779999999999632	WheelMovementIntervals													-0.8986951006460053
493.05833321237594	3.0090000000000146	WheelMovementIntervals													0.5029959079810933
495.29489707642256	3.213460307982132	trials	1.0	1.0	1.5	1.0		0.2	496.9335484077049	496.9334268074145	498.00825090395966	496.6735053337755	496.6743385915105	496.73333321237595	
496.73333321237595	0.8580000000000041	WheelMovementIntervals													0.4692250654033572
497.96233321237594	8.937000000000012	WheelMovementIntervals													-1.2726020845593613
498.9689637420705	10.971385977219029	trials	-1.0	1.0	1.5		0.25	0.2	508.3713107022329	508.3712214068561	509.4402470549616	507.8569906979001	507.85802393749145	507.98833321237595	
507.98833321237595	2.8549999999999613	WheelMovementIntervals													-0.7121605139802512
510.4423561373458	2.832260877155875	trials	-1.0	1.0	1.5		0.125	0.2	511.69957540786834	511.6994822705357	512.7745112162888	511.4244670340907	511.42536695244445	511.46733321237593	
511.46733321237593	0.39100000000001955	WheelMovementIntervals													0.5942449429037833
513.7304244898463	2.9097564930092403	trials	-1.0	1.0	1.5		1.0	0.2	515.0719361128384	515.0718496116364	516.1401391987604	514.2235797477109	514.224679647921	514.3253332123759	
514.3253332123759	0.9880000000000564	WheelMovementIntervals													1.0116713046443842
515.628333212376	1.0159999999999627	WheelMovementIntervals													-0.13603792116754398
517.0803872269004	3.3613492643029304	trials	-1.0	1.0	1.5		0.25	0.2	518.872591293583	518.8725124261706	519.9416609675493	517.6913317981803	517.6923650377717	517.864333212376	
517.864333212376	1.1899999999999409	WheelMovementIntervals													0.4221719873972578
519.729333212376	1.446999999999889	WheelMovementIntervals													-0.7606703202844525
520.8976409017255	3.2925557761104756	trials	-1.0	1.0	1.5		0.25	0.2	522.6220844494004	522.6219690645473	523.6901542140847	521.4069613596486	521.4080279295492	521.567333212376	
521.567333212376	1.4779999999999518	WheelMovementIntervals													0.8702473853294936
524.6339019247116	3.6563556394180523	trials	1.0	-1.0	0.0		0.0	0.2	525.7220365356541	525.7212178758391	527.79014890354	525.1246240699901	525.1256906398909	525.494333212376	
525.494333212376	3.298999999999978	WheelMovementIntervals													-0.6802376813635611
528.7453622406	2.529454628734925	trials	-1.0	1.0	1.5		1.0	0.2	529.7052751512853	529.7051822109565	530.7747781192737	529.4911945740167	529.4920278317518	529.5793332123759	
529.5793332123759	2.3330000000000837	WheelMovementIntervals													1.059011651977471
531.7340244237711	14.05744411083856	trials	1.0	-1.0	0.0		0.25	0.2	543.2267150681882	543.2258207115758	545.2913610838966	532.6067452450691	532.6077118240416	532.7703332123759	
532.7703332123759	0.8440000000000509	WheelMovementIntervals													0.18041595002931743
543.027333212376	0.8549999999999045	WheelMovementIntervals													-0.5078137266603999
546.2661726428831	2.3073438483414748	trials	-1.0	1.0	1.5		0.0625	0.2	547.0023725168837	547.0022859937857	548.0734753397235	546.7566614759959	546.7577280458966	546.822333212376	
546.822333212376	1.8669999999999618	WheelMovementIntervals													0.5847866674578697
548.8683332123759	0.7560000000000855	WheelMovementIntervals													-0.17948159917451534
549.0219226239756	2.9860481916959998	trials	-1.0	1.0	1.5		0.125	0.2	550.4488264996473	550.448744695733	551.507897080794	550.1078574344976	550.108724022542	550.0603332123759	
550.0603332123759	1.25	WheelMovementIntervals													0.6934033993082718
551.6983332123759	1.5170000000000528	WheelMovementIntervals													-0.196920013273445
552.4746760352155	3.698770408111045	trials	1.0	1.0	1.5	0.0		0.2	554.6023163356875	554.6022153836833	555.6733858282178	553.9067127785347	553.9077460181261	554.104333212376	
554.104333212376	0.9649999999999181	WheelMovementIntervals													-0.307594184598047
555.3573332123759	0.5879999999999654	WheelMovementIntervals													-0.18523691445362012
556.2123332123759	0.3650000000000091	WheelMovementIntervals													0.17507886498623826
556.7473550576658	7.9093342582525565	trials	1.0	-1.0	0.0		0.0	0.2	562.0957364856528	562.0947444756064	564.156616176399	558.4246028872319	558.4257361177515	561.931333212376	
557.2613332123759	0.6259999999999764	WheelMovementIntervals													-0.35118414287284594
561.931333212376	1.7479999999999336	WheelMovementIntervals													-0.8442782378125528
565.1234951217486	2.349939535208023	trials	-1.0	1.0	1.5		1.0	0.2	565.9047909043658	565.9047075999306	566.9733606236912	565.6908103180256	565.6917435666887	565.7703332123759	
565.7703332123759	3.5120000000000573	WheelMovementIntervals													1.6662210284546326
567.9351400317028	4.104778946338115	trials	1.0	1.0	1.5	0.0625		0.8	570.4837754701911	570.4836878056319	571.5398129931824	570.0412822826127	570.0424155131323	570.177333212376	
570.177333212376	0.5989999999999327	WheelMovementIntervals													-0.34685128226892203
571.581333212376	0.15499999999997272	WheelMovementIntervals													0.028305955414554163
572.5025256498573	2.954151616914146	trials	1.0	1.0	1.5	0.25		0.8	573.9023319839878	573.9022491591318	574.9565696702717	573.2409919848969	573.2420918851071	573.341333212376	
573.341333212376	1.544999999999959	WheelMovementIntervals													0.3331217899749408
575.9126829256855	5.66187306050881	trials	1.0	1.0	1.5	0.0		0.8	580.0075447474933	580.0074343177098	581.0744479513487	576.5743895581797	576.5754227977711	579.7853332123759	
579.7853332123759	1.2730000000000246	WheelMovementIntervals													1.0790101404328105
582.045059891351	3.8780677241371677	trials	1.0	1.0	1.5	0.125		0.8	584.3632162403466	584.3630991766711	585.4230867489188	583.5066272887975	583.5074605465325	583.6023332123759	
582.0783332123759	0.33600000000001273	WheelMovementIntervals													-0.14286571216385724
582.7603332123759	0.3289999999999509	WheelMovementIntervals													0.07799367055095985
583.6023332123759	2.8490000000000464	WheelMovementIntervals													0.7815718383495209
586.3791333437139	15.060684206160545	trials	-1.0	1.0	1.5		0.0	0.8	599.9011732061861	599.9010867172321	600.9396789864337	586.9743460089575	586.9751126060737	593.1893332123759	
587.0783332123759	0.19100000000003092	WheelMovementIntervals													0.031753726782220326
593.1893332123759	1.2930000000000064	WheelMovementIntervals													0.15738282591615516
594.7563332123759	0.15600000000006276	WheelMovementIntervals													-0.02176581282293455
596.2513332123759	0.8550000000000182	WheelMovementIntervals													0.08772974726298699
599.4453332123759	1.8630000000000564	WheelMovementIntervals													2.006437026952561
601.9093243474634	6.0972985791052	trials	1.0	1.0	1.5	0.0625		0.8	606.4628778872174	606.4627964728904	607.5065498654219	605.2244569111958	605.2254901507871	605.3283332123759	
602.326333212376	1.7830000000000155	WheelMovementIntervals													-0.3860231272344272
605.3283332123759	2.8029999999999973	WheelMovementIntervals													-0.3177692991705001
608.4780283934685	2.811633359032726	trials	1.0	1.0	1.5	0.0625		0.8	609.7526460854972	609.7525426085272	610.7896520018219	608.9243545666278	608.9254877971473	609.404333212376	
609.404333212376	1.4109999999999445	WheelMovementIntervals													-0.3162514363727027
611.7498648852918	2.4912557811096576	trials	1.0	1.0	1.5	0.25		0.8	612.6880797645584	612.6879851373865	613.7410175687758	612.3077809343182	612.308847504219	612.505333212376	
612.505333212376	0.6209999999999809	WheelMovementIntervals													-0.28489049864488436
614.681333212376	0.7549999999999955	WheelMovementIntervals													-0.16073317917873453
614.7177289553981	4.123476937482337	trials	1.0	1.0	1.5	1.0		0.8	617.2727638132909	617.2726753873914	618.3411335507599	616.6229227709426	616.6238560196058	616.687333212376	
615.668333212376	0.26099999999996726	WheelMovementIntervals													-0.03756758454487752
616.687333212376	1.8589999999999236	WheelMovementIntervals													-0.3374088204207446
618.9723332123759	1.0370000000000346	WheelMovementIntervals													-0.3699519372776443
619.3091123963196	3.0818576736950263	trials	1.0	1.0	1.5	1.0		0.8	620.832840820795	620.8327399206192	621.8909114926597	620.5730977196501	620.5741642895509	620.710333212376	
620.710333212376	0.8849999999999909	WheelMovementIntervals													-0.3129773920354282
622.985878817029	2.553724258222587	trials	1.0	1.0	1.5	1.0		0.8	623.9860880717773	623.9859875339616	625.0395258306356	623.723045270002	623.7238451974276	623.859333212376	
623.859333212376	0.3170000000000073	WheelMovementIntervals													-0.44184588375927447
624.475333212376	0.38900000000001	WheelMovementIntervals													0.21043219733104124
625.4293332123759	0.2839999999999918	WheelMovementIntervals													-0.06722800525004047
626.0027051116421	5.353697560440651	trials	1.0	1.0	1.5	0.125		0.8	629.8058933959009	629.8057729942295	630.8563314269132	626.8575608871023	626.8585274660749	627.101333212376	
626.0063332123759	0.2400000000000091	WheelMovementIntervals													0.021799612916208133
627.101333212376	1.3529999999999518	WheelMovementIntervals													-0.2160530723147147
629.7283332123759	0.9110000000000582	WheelMovementIntervals													0.9227732282577001
631.3203332123759	1.1000000000000227	WheelMovementIntervals													-0.39549686922001115
631.8358092292157	3.971888286656508	trials	1.0	-1.0	0.0		0.0625	0.8	633.2435481769832	633.2427397938553	635.3076275774317	632.8408180485176	632.8418846184182	632.797333212376	
632.797333212376	2.0879999999999654	WheelMovementIntervals													-0.5046843918089472
636.2822058242525	2.6755430029892295	trials	1.0	1.0	1.5	0.25		0.8	637.3968047008576	637.3967224877852	638.4576751187118	636.822823442701	636.8238900126017	637.023333212376	
637.023333212376	1.1929999999999836	WheelMovementIntervals													0.41180275692521207
638.586333212376	0.7019999999999982	WheelMovementIntervals													-0.3881860929481711
639.4364529845168	2.653143691293508	trials	1.0	1.0	1.5	1.0		0.8	640.5400528590203	640.5399703251024	641.5894909807507	640.0562634180968	640.05719666676	640.2033332123759	
640.2033332123759	2.9149999999999636	WheelMovementIntervals													-0.2964503321026619
642.5681021950088	3.6549550856033193	trials	1.0	1.0	1.5	0.125		0.8	644.6697448541498	644.6696327182335	645.7229826311517	644.1739231715333	644.1748897505058	644.3523332123759	
644.3523332123759	2.8010000000000446	WheelMovementIntervals													0.5592782889824655
646.6852619938043	4.655892446860776	trials	1.0	1.0	1.5	0.25		0.8	649.7832142614941	649.7831221738302	650.8410516211931	648.1409965871061	648.1418965054598	648.3233332123759	
648.3233332123759	2.4540000000000646	WheelMovementIntervals													-0.3541542866085443
651.6903332123759	0.9820000000000846	WheelMovementIntervals													-0.6230806251345271
651.8205627538048	3.5526611160445327	trials	1.0	1.0	1.5	0.25		0.8	653.816581662461	653.8164965278237	654.8731191400934	653.2894294890096	653.2902294164353	653.452333212376	
653.452333212376	1.6119999999999663	WheelMovementIntervals													-0.4215046406982772
655.8553300277665	2.7852338908272714	trials	1.0	1.0	1.5	1.0		0.8	657.0827520016866	657.0826440804681	658.1404893704573	656.7241845331743	656.725251103075	656.850333212376	
656.850333212376	0.8279999999999745	WheelMovementIntervals													-0.3264359341960734
658.5793332123759	0.18900000000007822	WheelMovementIntervals													0.04608776546895399
659.1176673814111	3.3229805860011083	trials	1.0	1.0	1.5	0.25		0.8	660.8764078174573	660.8763089719671	661.9406112662515	659.6728836753763	659.6739169149677	659.7853332123759	
659.7853332123759	1.4740000000000464	WheelMovementIntervals													-0.37209555090367985
661.941333212376	0.69399999999996	WheelMovementIntervals													-0.19497399905984025
662.9063569810816	2.400934170679079	trials	-1.0	1.0	1.5		0.125	0.8	663.7494471573241	663.7493682767872	664.8071845260948	663.4395086102246	663.4405751801254	663.6413332123759	
663.6413332123759	0.38400000000001455	WheelMovementIntervals													0.39816378133917496
664.668333212376	1.2699999999999818	WheelMovementIntervals													-0.19198283984788134
665.7874955861322	5.568579827770691	trials	1.0	1.0	1.5	0.0		0.8	669.7978650736139	669.7977516344063	670.8560690667163	667.0728456377873	667.0739122076881	667.8193332123759	
667.8193332123759	0.37400000000002365	WheelMovementIntervals													-0.19195740619519697
669.5603332123759	1.2670000000000528	WheelMovementIntervals													1.250040280125301
671.830333212376	0.6999999999999318	WheelMovementIntervals													-0.29320511856324316
671.8363801267536	3.0709560113168664	trials	-1.0	1.0	1.5		0.25	0.8	673.3580087417367	673.3579068870405	674.4073135422296	673.1072314938202	673.108298063721	673.220333212376	
673.220333212376	0.625	WheelMovementIntervals													0.670347292390904
674.768333212376	1.044999999999959	WheelMovementIntervals													-0.16374749361664698
675.5293450778306	3.0611701586916524	trials	1.0	1.0	1.5	0.25		0.8	677.0358750626561	677.0357786194287	678.0904127217246	676.4727261550541	676.4735927430985	676.5693332123759	
676.5693332123759	1.3880000000000337	WheelMovementIntervals													-0.33288062739562463
678.2383332123759	0.1510000000000673	WheelMovementIntervals													-0.010785752675658955
679.0694238996955	3.5711599725982524	trials	1.0	1.0	1.5	0.125		0.8	681.0887406946214	681.0886566790085	682.1404786077004	680.4560647616136	680.4569313496579	680.5643332123759	
679.5983332123759	0.10300000000006548	WheelMovementIntervals													-0.019927716235986992
680.5643332123759	1.1940000000000737	WheelMovementIntervals													-0.34260790975841005
682.1793332123759	0.5589999999999691	WheelMovementIntervals													-0.16940654521268783
683.1207896677378	2.435231278251308	trials	1.0	1.0	1.5	0.125		0.8	684.0054094094911	684.005300302015	685.0559807617411	683.5892804966472	683.5902804059292	683.7123332123759	
683.7123332123759	0.6589999999999918	WheelMovementIntervals													-0.30064691300676216
685.498333212376	0.9349999999999454	WheelMovementIntervals													-0.8723058808178656
686.0405247710722	3.348776148504612	trials	1.0	1.0	1.5	0.0625		0.8	687.82966244929	687.8295643839356	688.8892329850778	687.0906294989906	687.0916294082725	687.1993332123759	
687.1993332123759	1.594000000000051	WheelMovementIntervals													-0.3564640928166476
689.7723332123759	0.6490000000000009	WheelMovementIntervals													-0.3099119363415248
689.8798097804099	3.627355372106763	trials	1.0	1.0	1.5	0.0625		0.8	691.9611209508176	691.9610404031782	693.0070927203707	691.1073650755676	691.1082983242308	691.1613332123759	
691.1613332123759	1.8380000000000791	WheelMovementIntervals													-0.3125201790548111
693.325333212376	0.8239999999999554	WheelMovementIntervals													-0.29992816072091344
693.9895702505189	2.6841393711445107	trials	1.0	1.0	1.5	1.0		0.8	695.1224008063651	695.1222860212666	696.1736387648032	694.6560097869478	694.656943035611	694.803333212376	
694.803333212376	1.43100000000004	WheelMovementIntervals													-0.32551581865028467
696.5703332123759	0.6170000000000755	WheelMovementIntervals													-0.17650189235849467
697.1748145985241	2.532451958426236	trials	1.0	1.0	1.5	0.125		0.8	698.1452265566701	698.1451337402958	699.2071968747344	697.8058573463716	697.8069572465816	697.952333212376	
697.952333212376	0.6509999999999536	WheelMovementIntervals													-0.30569875694478554
699.998333212376	0.6769999999999072	WheelMovementIntervals													-0.24004386786880616
700.1926741327286	3.530162436042815	trials	1.0	1.0	1.5	1.0		0.8	702.1736944021553	702.1736080461275	703.2227325601731	701.7060035006715	701.7070367402629	701.8523332123759	
701.8523332123759	1.3659999999999854	WheelMovementIntervals													-0.3016838079713047
703.6023332123759	0.5570000000000164	WheelMovementIntervals													-0.03064556969997767
704.2107429216815	3.696450753336535	trials	1.0	1.0	1.5	0.0625		0.8	706.3592813261466	706.3591712577954	707.407119593026	705.8236965844173	705.8246298330805	705.9643332123759	
704.7953332123759	0.14999999999997726	WheelMovementIntervals													0.011516903306066695
705.9643332123759	1.0130000000000337	WheelMovementIntervals													-0.3075292888738659
707.9143332123759	0.2540000000000191	WheelMovementIntervals													-0.17257671249824114
708.3807979214929	2.775262714327141	trials	1.0	1.0	1.5	0.25		0.8	709.5983207935215	709.5982245550936	710.6560248319828	709.0224730380385	709.0233062957735	709.172333212376	
709.172333212376	0.7619999999999436	WheelMovementIntervals													-0.342147375817774
710.4013332123759	0.08199999999999363	WheelMovementIntervals													-0.013241468106894416
710.803333212376	1.427000000000021	WheelMovementIntervals													-0.6210702433298891
711.637069158827	2.95234921240683	trials	1.0	1.0	1.5	1.0		0.8	713.0381753750241	713.0380915632361	714.0893466728432	712.6569432961207	712.657976535712	712.6513332123759	
712.6513332123759	1.2380000000000564	WheelMovementIntervals													-0.38591269694990515
714.2523332123759	0.46500000000003183	WheelMovementIntervals													0.18735285392232726
715.0729241032017	2.4509307103403444	trials	1.0	1.0	1.5	0.125		0.8	715.9722425114	715.9721346366044	717.0237804426225	715.6067756688423	715.6076422568866	715.792333212376	
715.792333212376	0.5289999999999964	WheelMovementIntervals													-0.33293644367844166
717.114333212376	0.5399999999999636	WheelMovementIntervals													-0.25042624405584846
718.0014584082174	3.672480441303378	trials	1.0	-1.0	0.0		0.0625	0.8	719.1253231108354	719.1242823908575	721.1738705871041	718.522777777524	718.5236776958777	718.681333212376	
718.681333212376	1.4809999999999945	WheelMovementIntervals													-0.46553421936593153
720.5413332123759	0.9440000000000737	WheelMovementIntervals													-0.3995252920225134
722.1649473370773	2.6088330445129486	trials	1.0	1.0	1.5	0.125		0.8	723.2128522645754	723.2127598058046	724.2737226824296	722.7724922167985	722.7733254745335	722.8963332123759	
722.8963332123759	1.0120000000000573	WheelMovementIntervals													0.4268515158432997
724.277333212376	1.0279999999999063	WheelMovementIntervals													-0.28198110012321465
725.4129859879898	2.4761564141583676	trials	1.0	1.0	1.5	1.0		0.8	726.3435015657853	726.3434064342125	727.3891067019349	725.8890761274422	725.8900093761054	726.0263332123759	
726.0263332123759	1.23700000000008	WheelMovementIntervals													-0.31971261147601027
727.6553332123759	0.48599999999999	WheelMovementIntervals													-0.09691777321238604
728.3706509834201	3.801870785191568	trials	-1.0	1.0	1.5		0.125	0.8	730.6240798715631	730.6239917518957	731.6724514233929	728.9903947563813	728.9913613353539	729.0553332123759	
729.0553332123759	2.410000000000082	WheelMovementIntervals													0.6698164195307044
732.6591285725253	2.6812404539083445	trials	1.0	1.0	1.5	0.125		0.8	733.7935256529133	733.7934448407023	734.8402640195825	733.140251588697	733.1413514889072	733.379333212376	
733.379333212376	0.7619999999999436	WheelMovementIntervals													-0.44704187499885606
735.8316740726497	3.3073496617854516	trials	1.0	1.0	1.5	0.0		0.8	737.5842150711477	737.5840993266218	738.6390193726913	737.1392554406738	737.140355340884	737.2623332123759	
736.1663332123759	0.3140000000000782	WheelMovementIntervals													-0.23938682715059656
737.2623332123759	1.0890000000000555	WheelMovementIntervals													-0.3356627982623017
738.8283332123759	0.4230000000000018	WheelMovementIntervals													-0.08914790371249381
739.6362288995939	2.336238177997757	trials	1.0	1.0	1.5	0.125		0.8	740.4170580578794	740.4169409893716	741.4724289746829	740.1236513442418	740.1246845838332	740.255333212376	
740.255333212376	0.5359999999999445	WheelMovementIntervals													-0.31921815536377807
741.6563332123759	0.5190000000000055	WheelMovementIntervals													-0.20267172348379958
742.4607726392853	2.6450701412486524	trials	1.0	1.0	1.5	0.25		0.8	743.5468074407356	743.5467006145315	744.6057447006448	743.0401200772552	743.0410533259184	743.1893332123759	
743.1893332123759	0.97199999999998	WheelMovementIntervals													-0.33911267457603955
744.748333212376	0.946999999999889	WheelMovementIntervals													-0.28961444469531017
745.6084537285981	2.6807399327892654	trials	1.0	1.0	1.5	0.125		0.8	746.7309518885307	746.7308696109164	747.7891225513237	746.3237221682963	746.3247220775783	746.3813332123759	
746.3813332123759	1.1580000000000155	WheelMovementIntervals													-0.307198497841366
747.9683332123759	0.48099999999999454	WheelMovementIntervals													-0.3838747142440688
748.7867987025578	2.485753636021059	trials	-1.0	1.0	1.5		0.125	0.8	749.7167143347841	749.7166180174927	750.7724852153004	749.273321228852	749.2743877987527	749.431333212376	
749.431333212376	0.48499999999989996	WheelMovementIntervals													0.5799373544257733
750.547333212376	0.10599999999999454	WheelMovementIntervals													-0.029447763720721554
751.1133332123759	0.8420000000000982	WheelMovementIntervals													-0.3151810050881849
751.7763608040827	2.7639332924921973	trials	1.0	1.0	1.5	0.25		0.8	752.9976500010733	752.9975746303296	754.0402220790676	752.57372179583	752.574721705112	752.6893332123759	
752.6893332123759	0.8509999999999991	WheelMovementIntervals													-0.29902947213200193
754.442333212376	0.5660000000000309	WheelMovementIntervals													-0.16118395408297204
755.0427977857834	2.930949344249825	trials	1.0	1.0	1.5	0.0		0.8	756.4219393280868	756.4218200614242	757.4736772411657	756.1556968166092	756.1567300562004	756.2713332123759	
756.2713332123759	1.45900000000006	WheelMovementIntervals													-0.33905254401330254
758.3913332123759	0.16700000000003	WheelMovementIntervals													-0.013215615093848498
758.4734532018919	3.0500696683471915	trials	1.0	1.0	1.5	0.0		0.8	759.980783114143	759.9806866411266	761.0234218527561	759.3725382979244	759.3734715465876	759.346333212376	
759.346333212376	1.1709999999999354	WheelMovementIntervals													-0.32249420421317154
762.0160317969616	3.5247625802379616	trials	1.0	-1.0	0.0		0.125	0.8	762.9840773031402	762.9831484188343	765.0407240445928	762.5223191967293	762.5234524272489	762.7033332123759	
762.7033332123759	0.7749999999999773	WheelMovementIntervals													-0.3836457265272166
766.0316008127096	5.6585858462216265	trials	1.0	1.0	1.5	0.0625		0.8	770.1472607475822	770.147161795126	771.1900994680517	769.9725765960231	769.9734098537581	769.9103332123759	
766.282333212376	1.9629999999999654	WheelMovementIntervals													-0.7788114209694417
768.561333212376	0.46899999999993724	WheelMovementIntervals													-0.11867581444664665
769.9103332123759	2.3500000000000227	WheelMovementIntervals													1.0323008695734046
772.3480944074939	2.341938257461493	trials	-1.0	1.0	1.5		0.125	0.8	773.135722948897	773.1356065996142	774.1899939654902	772.8223180496201	772.8234179498302	772.9683332123759	
772.9683332123759	0.27300000000002456	WheelMovementIntervals													0.3968639028489953
775.0403332123759	0.7509999999999764	WheelMovementIntervals													-0.11949524804314038
775.1727381381137	3.0662681809134256	trials	1.0	1.0	1.5	0.125		0.8	776.6983663902247	776.6982710645104	777.7388719890363	776.2224429023192	776.2234428116012	776.2433332123759	
776.2433332123759	1.0510000000000446	WheelMovementIntervals													0.3774344492248787
778.2803332123759	0.7590000000000146	WheelMovementIntervals													-0.3833904677651958
778.7343150095406	2.639542958239076	trials	1.0	1.0	1.5	1.0		0.8	779.8283157549373	779.8282319840372	780.8737542395398	779.5567737242653	779.5577736335473	779.6803332123759	
779.6803332123759	1.69500000000005	WheelMovementIntervals													0.8799544275886504
781.871763693868	3.8838624883607054	trials	1.0	-1.0	0.0		0.0	0.8	783.2014430570235	783.2005843892932	785.2555900252712	782.4889743633149	782.4901075938344	782.556333212376	
782.556333212376	1.0960000000000036	WheelMovementIntervals													-0.3706941509529891
785.811333212376	0.23099999999999454	WheelMovementIntervals													0.07041747325079228
786.2618320660208	2.493952897858435	trials	-1.0	1.0	1.5		1.0	0.8	787.2134457296659	787.2133514851129	788.2557178348756	786.9563023926542	786.9571023200797	787.037333212376	
787.037333212376	0.8899999999999864	WheelMovementIntervals													0.5149702315472346
788.196333212376	1.4879999999999427	WheelMovementIntervals													-0.19070153031139014
789.261193278509	3.911259440498725	trials	1.0	1.0	1.5	1.0		0.8	791.633211407493	791.6331281125879	792.6723837939286	790.340095393748	790.3411619636487	790.4643332123759	
790.4643332123759	2.2460000000000946	WheelMovementIntervals													1.3211629254051225
793.1693332123759	1.0310000000000628	WheelMovementIntervals													-0.2896474273131986
793.6882582940945	2.9008501830276145	trials	1.0	1.0	1.5	1.0		0.8	795.0393690461934	795.0392807345335	796.0890071497803	794.7733265165723	794.7741597743072	794.9193332123759	
794.9193332123759	1.884999999999991	WheelMovementIntervals													0.8466123672828836
797.1043150346864	3.884762201611238	trials	-1.0	-1.0	0.0	0.0		0.8	798.4407937809592	798.4397357295123	800.489007954134	798.1068240807833	798.1077906597559	798.229333212376	
797.4113332123759	0.07300000000009277	WheelMovementIntervals													0.009873709062549807
798.229333212376	2.147999999999911	WheelMovementIntervals													0.7196985745516287
801.4975831165415	2.692438236268117	trials	1.0	1.0	1.5	0.0625		0.8	802.6488120031759	802.6486986088671	803.6899508778661	802.1735551214584	802.1744883701216	802.379333212376	
802.379333212376	1.0620000000000118	WheelMovementIntervals													0.3782142593538893
803.965333212376	0.9149999999999636	WheelMovementIntervals													-0.20209206007754688
804.6970261763506	2.8585532074431512	trials	1.0	1.0	1.5	0.0625		0.8	806.0081738874804	806.0080496617139	807.0555455300281	805.5389497917641	805.5398163798085	805.7043332123759	
805.7043332123759	0.9519999999999982	WheelMovementIntervals													0.5074417906738695
807.514333212376	1.0509999999999309	WheelMovementIntervals													-0.3283399734290384
808.072086636382	2.968074063551967	trials	1.0	1.0	1.5	0.0625		0.8	809.4871249219078	809.4870209903748	810.5400627261251	809.1899518833081	809.1908184713525	809.3473332123759	
809.3473332123759	0.7549999999999955	WheelMovementIntervals													0.44316375339075265
810.5733332123759	0.7939999999999827	WheelMovementIntervals													-0.46769678074696586
811.550171082765	2.405330978027905	trials	-1.0	1.0	1.5		1.0	0.8	812.3984607872737	812.3983813015082	813.455398228619	812.1721479864559	812.1731478957379	812.2523332123759	
812.2523332123759	0.50100000000009	WheelMovementIntervals													0.7495659186472388
814.469206249602	3.2363524822342242	trials	1.0	1.0	1.5	1.0		0.8	816.1663189435699	816.1662327206642	817.2054913300055	815.7400242863592	815.7411575168788	815.897333212376	
814.620333212376	0.37800000000004275	WheelMovementIntervals													-0.051936640327372885
815.897333212376	2.04099999999994	WheelMovementIntervals													-0.3285504073498977
818.2312649320628	2.774256173937374	trials	1.0	1.0	1.5	0.0625		0.8	819.4578869785572	819.4577888828544	820.505425272652	818.9070036248139	818.907836882549	819.062333212376	
819.062333212376	0.81899999999996	WheelMovementIntervals													-0.41756279271963237
820.173333212376	1.3260000000000218	WheelMovementIntervals													-0.23802533687972627
821.5569298735652	2.5986301606264988	trials	1.0	1.0	1.5	0.0625		0.8	822.6166337305904	822.6165413562778	823.6554728139321	822.0065557473549	822.0075223263275	822.201333212376	
822.201333212376	0.8859999999999673	WheelMovementIntervals													-0.2789744014611344
824.0353332123759	1.11099999999999	WheelMovementIntervals													-0.3113972392780049
824.8389654400645	2.8513546558179996	trials	1.0	1.0	1.5	0.25		0.8	826.1266152830681	826.1264892166992	827.190218786293	825.8731716103997	825.8741715196816	826.0163332123759	
826.0163332123759	0.6920000000000073	WheelMovementIntervals													-0.45178981673415564
827.253333212376	1.3949999999999818	WheelMovementIntervals													-0.25893158008506134
828.1969274513742	2.726461373551615	trials	1.0	1.0	1.5	1.0		0.8	829.3626550225971	829.3625528349427	830.4232587979761	829.105311703729	829.1061782917734	829.2333332123759	
829.2333332123759	0.9150000000000773	WheelMovementIntervals													0.42253965791179837
830.562333212376	0.7559999999999718	WheelMovementIntervals													-1.0468285394523527
831.456098425626	2.316136584554556	trials	-1.0	1.0	1.5		1.0	0.8	832.2069969660714	832.2069096367401	833.2721669938381	831.9721182757381	831.9731848456389	832.056333212376	
832.056333212376	0.9069999999999254	WheelMovementIntervals													0.4786050213058708
833.225333212376	0.09799999999995634	WheelMovementIntervals													-0.0030899701342868013
833.6183332123759	0.6910000000000309	WheelMovementIntervals													-0.3145707057291247
834.2954408226905	5.711195327960581	trials	1.0	1.0	1.5	0.25		0.8	838.4511971197699	838.4511087314186	839.5065347062639	837.8898813791848	837.8908812884666	838.0443332123759	
834.615333212376	0.19899999999995543	WheelMovementIntervals													-0.08739124694258393
835.2183332123759	2.1299999999999955	WheelMovementIntervals													-0.9553847974188052
838.0443332123759	0.9790000000000418	WheelMovementIntervals													0.3698502730534159
839.3663332123759	0.9180000000000064	WheelMovementIntervals													-0.21587687528366217
840.5220425730263	2.3165367975752815	trials	1.0	1.0	1.5	1.0		0.8	841.2837734640264	841.2836540134798	842.3385444352607	841.0385623777795	841.0395289567521	841.0633332123759	
841.0633332123759	1.004000000000019	WheelMovementIntervals													-0.37489951188810977
842.773333212376	0.6349999999999909	WheelMovementIntervals													-0.25744728110301196
843.3589851878141	3.5475569575172585	trials	1.0	-1.0	0.0		0.0	0.8	844.3455623460185	844.3445004550736	846.4064420367647	843.9899946053521	843.990894523706	843.8083332123759	
843.8083332123759	0.7480000000000473	WheelMovementIntervals													-0.3545233711559277
845.792333212376	0.5009999999999764	WheelMovementIntervals													0.13947999198755312
847.4386483885361	2.366761863783836	trials	-1.0	1.0	1.5		1.0	0.8	848.2498747889933	848.2497689046446	849.3053456967249	848.0386939486425	848.0395605366868	848.0733332123759	
848.0733332123759	0.6699999999999591	WheelMovementIntervals													0.826307367732003
849.389333212376	0.20199999999999818	WheelMovementIntervals													-0.05054149674495889
850.091333212376	0.1069999999999709	WheelMovementIntervals													-0.010208117102813219
850.3117210587121	6.977011996025112	trials	1.0	1.0	1.5	0.125		0.8	855.7315960003596	855.7315065042949	856.7887000932517	855.1564148510646	855.1572481087995	855.205333212376	
850.4673332123759	0.8559999999999945	WheelMovementIntervals													-0.452811149759178
852.6553332123759	1.6870000000000118	WheelMovementIntervals													0.7258866478639696
855.205333212376	1.2009999999999081	WheelMovementIntervals													0.4883111977027177
856.7573332123759	1.0860000000000127	WheelMovementIntervals													-0.37628341241787666
857.8240394941065	2.5160500873915908	trials	1.0	1.0	1.5	0.25		0.8	858.7857522414993	858.7856578728024	859.8399899277832	858.5065442396656	858.507577479257	858.671333212376	
858.671333212376	0.7329999999999472	WheelMovementIntervals													-0.4084724677870888
860.8587974951762	2.8145561605733747	trials	1.0	1.0	1.5	1.0		0.8	862.1118171467144	862.1117216052255	863.1732541798284	861.6887555295156	861.6895887872505	861.8283332123759	
861.8283332123759	1.6470000000000482	WheelMovementIntervals													-0.3456394092523176
864.1930616565033	2.6953369302279953	trials	1.0	1.0	1.5	0.25		0.8	865.3312583921628	865.3311764059054	866.3883291547456	865.0550834484844	865.0559167062194	865.1883332123759	
864.4153332123759	0.1510000000000673	WheelMovementIntervals													-0.0143597369877142
865.1883332123759	0.8619999999999663	WheelMovementIntervals													-0.38643197242536687
866.317333212376	0.9959999999999809	WheelMovementIntervals													-0.16606686040686824
867.4079033192547	2.4141290609137513	trials	1.0	1.0	1.5	0.0625		0.8	868.2604259730571	868.2603128742458	869.3219296667899	867.9729853848019	867.973918633465	868.1263332123759	
868.1263332123759	0.6200000000000045	WheelMovementIntervals													0.4949057332158624
869.825333212376	0.4319999999999027	WheelMovementIntervals													0.07064544521386651
870.3509363088589	2.3890592239788475	trials	1.0	1.0	1.5	0.0625		0.8	871.1755614936944	871.1754560581812	872.239964924345	870.8398252871204	870.8405918842366	871.0013332123759	
871.0013332123759	0.5639999999999645	WheelMovementIntervals													-0.32373187391194946
873.257605930909	2.332235848223604	trials	1.0	1.0	1.5	0.125		0.8	874.0354020310392	874.0353172179945	875.0897397082514	873.8052895749499	873.8062894842319	873.748333212376	
873.748333212376	1.224999999999909	WheelMovementIntervals													-0.5399135488060551
875.1943332123759	0.46900000000005093	WheelMovementIntervals													-0.446611581109714
875.9723332123759	0.2440000000000282	WheelMovementIntervals													-0.09284250451303677
876.1082473028597	2.6817499711961545	trials	1.0	1.0	1.5	1.0		0.8	877.2360783122962	877.2359674755403	878.2899493651767	876.9550371434455	876.9559370617992	877.0883332123759	
877.0883332123759	0.6639999999999873	WheelMovementIntervals													-0.2793518229052445
878.130333212376	0.8400000000000318	WheelMovementIntervals													-0.27001798465628113
879.293333212376	0.21100000000001273	WheelMovementIntervals													-0.06577042602136629
879.4841076903166	2.8045567284443678	trials	1.0	1.0	1.5	0.125		0.8	880.7291280675992	880.7290319839133	881.7886319427681	880.2052755947783	880.2062755040603	880.3763332123759	
880.3763332123759	0.7680000000000291	WheelMovementIntervals													-0.33330372237544026
882.3083332123759	0.7870000000000346	WheelMovementIntervals													-0.12311639593049861
882.8101725955318	3.1282324443615153	trials	1.0	1.0	1.5	0.125		0.8	884.3866962300947	884.3865879374092	885.4383008219361	883.7063579546466	883.7073245336192	883.860333212376	
883.860333212376	1.4940000000000282	WheelMovementIntervals													-0.3334338734593949
886.442333212376	0.2459999999999809	WheelMovementIntervals													-0.18372021781788916
886.460108117175	2.6965646921887583	trials	1.0	1.0	1.5	0.25		0.8	887.6009379472769	887.6008346378228	888.6565755065556	887.3060313697164	887.3069646183795	887.4483332123759	
887.4483332123759	0.4189999999999827	WheelMovementIntervals													-0.31838279361212685
888.162333212376	0.26900000000000546	WheelMovementIntervals													0.03239409836012186
889.038333212376	0.52699999999993	WheelMovementIntervals													-0.06760647929674946
889.677182910656	2.711335641621531	trials	1.0	1.0	1.5	1.0		0.8	890.8354111622641	890.8352972802695	891.8884156271002	890.4050835376163	890.40598345597	890.527333212376	
890.527333212376	0.9420000000000073	WheelMovementIntervals													-0.347465369485807
892.8633332123759	0.7490000000000236	WheelMovementIntervals													-0.14262386996925613
892.9092230130572	2.9459726138245514	trials	1.0	1.0	1.5	1.0		0.8	894.29726374797	894.2971562812809	895.3550677773595	894.0729840960255	894.0739840053075	894.1753332123759	
894.1753332123759	1.4940000000000282	WheelMovementIntervals													-0.3668481691118295
895.841333212376	1.1309999999999718	WheelMovementIntervals													-0.19845126033237293
896.3967066066906	2.9428464860585564	trials	1.0	1.0	1.5	0.0625		0.8	897.7895135758475	897.7894276600043	898.8394516522189	897.5392362825719	897.5403361827821	897.474333212376	
897.474333212376	0.7919999999999163	WheelMovementIntervals													-0.42973531189585756
899.0393332123759	0.4900000000000091	WheelMovementIntervals													-0.09189993774442584
899.8609589746732	2.5286481400963794	trials	-1.0	1.0	1.5		0.25	0.2	900.8362704883007	900.8361767694158	901.8895082653027	900.5216990281949	900.5226656071675	900.7423332123759	
900.7423332123759	0.30100000000004457	WheelMovementIntervals													0.4555316044165174
902.773333212376	0.7669999999999391	WheelMovementIntervals													-0.2850994395286932
902.9198147894382	3.052038160845882	trials	-1.0	1.0	1.5		0.25	0.2	904.4186121424832	904.4185325463924	905.4717499285568	904.1217724069775	904.1226723253312	904.230333212376	
904.230333212376	0.5499999999999545	WheelMovementIntervals													0.5205087385205971
906.2373332123759	0.45100000000002183	WheelMovementIntervals													-0.275994453365481
906.4944571421495	2.5439480391855795	trials	-1.0	1.0	1.5		0.0625	0.2	907.4917666599803	907.4916751893368	908.5383383751024	907.2228577237507	907.2236909814857	907.1883332123759	
907.1883332123759	0.5579999999999927	WheelMovementIntervals													0.4397948677942267
908.1423332123759	0.10600000000010823	WheelMovementIntervals													0.03579361320295149
909.5575125758987	9.581172659226581	trials	1.0	-1.0	0.0		0.0	0.2	916.5843750548996	916.5833377194409	918.6386220140755	916.1063517575021	916.1073516667841	916.283333212376	
909.5583332123759	0.6140000000000327	WheelMovementIntervals													-0.45232809053231904
910.638333212376	2.0249999999999773	WheelMovementIntervals													-0.6390861977649642
913.263333212376	2.26400000000001	WheelMovementIntervals													1.09218349551994
916.283333212376	1.8980000000000246	WheelMovementIntervals													-0.31364928960765326
918.6933332123759	0.051000000000044565	WheelMovementIntervals													-0.004187875017294118
919.6921930941714	2.479424496381398	trials	-1.0	1.0	1.5		0.125	0.2	920.6206088624749	920.6205015169245	921.6715468481283	920.3227358873778	920.3237024663504	920.4733332123759	
920.4733332123759	0.68100000000004	WheelMovementIntervals													1.4127552377924246
922.537333212376	1.9909999999999854	WheelMovementIntervals													-0.7772411586260048
922.6982203685393	4.25688969435646	trials	-1.0	1.0	1.5		0.25	0.2	925.4022750397542	925.4021760715694	926.4549795318057	925.1561973654628	925.1570306231978	925.2863332123759	
925.2863332123759	0.7259999999999991	WheelMovementIntervals													1.375899728733856
927.4889190596657	3.550957121157012	trials	1.0	-1.0	0.0		0.125	0.2	928.4903948661713	928.4894345905695	930.539775600175	927.9728084915174	927.9737084098712	928.072333212376	
928.072333212376	0.6879999999999882	WheelMovementIntervals													-0.4879230065857989
931.022333212376	0.0989999999999327	WheelMovementIntervals													0.03984449585535188
931.5673823692492	3.4387656007198757	trials	1.0	-1.0	0.0		0.0625	0.2	932.4557351056553	932.4546987803598	934.5060824186315	932.104933599233	932.1060668297525	932.037333212376	
932.037333212376	0.5029999999999291	WheelMovementIntervals													-0.5302089094964195
932.864333212376	0.9089999999999918	WheelMovementIntervals													0.0828649030091384
933.9343332123759	0.09500000000002728	WheelMovementIntervals													-0.002836936194590578
935.344333212376	0.8289999999999509	WheelMovementIntervals													-0.32814198677917616
935.5348557485347	3.1714558472563112	trials	1.0	1.0	1.5	0.125		0.2	937.1494759267406	937.1493831611413	938.2062800468482	936.6547208140248	936.6557207233068	936.734333212376	
936.734333212376	1.1599999999999682	WheelMovementIntervals													0.7458153441158828
939.0303332123759	0.5600000000000591	WheelMovementIntervals													0.11481109081223195
939.2394196472826	2.933446658723142	trials	-1.0	1.0	1.5		1.0	0.2	940.6109285487336	940.6108409932809	941.6728322061792	940.4049139063396	940.4057471640747	940.4483332123759	
940.4483332123759	0.9650000000000318	WheelMovementIntervals													1.415593884347345
942.6984724869989	11.690696689174047	trials	1.0	-1.0	0.0		0.0	0.2	951.83810994848	951.8371246761022	953.8891238676442	943.2213917111566	943.222424950748	943.4243332123759	
943.4243332123759	0.8179999999999836	WheelMovementIntervals													0.19827147250979849
945.456333212376	2.1709999999999354	WheelMovementIntervals													-0.26479896156493155
948.1033332123759	0.9390000000000782	WheelMovementIntervals													0.10375202980214482
950.2133332123759	0.7870000000000346	WheelMovementIntervals													0.08403884900335967
951.9253332123759	0.30900000000008276	WheelMovementIntervals													0.04982216001512185
953.4493332123759	0.24300000000005184	WheelMovementIntervals													0.03963198091732423
954.740333212376	0.26699999999993906	WheelMovementIntervals													-0.026431912636855515
955.1154792716635	3.274048901667811	trials	1.0	1.0	1.5	0.0625		0.2	956.840722746764	956.8406039845584	957.8894942623064	955.8548788553663	955.8557787737201	955.971333212376	
955.971333212376	3.197999999999979	WheelMovementIntervals													2.2408987374200073
958.9231338173818	3.099361454652808	trials	-1.0	1.0	1.5		0.0625	0.2	960.4652605726452	960.4651633979372	961.5224313261563	959.6714659240035	959.6724325029761	959.745333212376	
959.745333212376	0.8199999999999363	WheelMovementIntervals													0.3127959699517646
961.3483332123759	0.68100000000004	WheelMovementIntervals													-0.2712563174290068
962.5625036309456	2.4757505773615094	trials	-1.0	1.0	1.5		0.125	0.2	963.480220369932	963.4801216357728	964.5381910508686	963.1382847258097	963.1391179835448	963.307333212376	
963.307333212376	0.33299999999997	WheelMovementIntervals													0.4659157708012991
965.167333212376	0.20899999999994634	WheelMovementIntervals													-0.07060437481758797
965.5832629020678	2.7881563160291307	trials	-1.0	1.0	1.5		0.0625	0.2	966.8121847399108	966.8120868407675	967.8713553119857	966.556041312181	966.5574745154852	966.647333212376	
965.7463332123759	0.23599999999999	WheelMovementIntervals													0.05895126015084173
966.647333212376	0.31999999999993634	WheelMovementIntervals													0.49187960590646895
968.9103277165649	3.2122522879592452	trials	1.0	1.0	1.5	0.125		0.2	970.5664441299722	970.5663536417279	971.6224816529636	969.9726646680326	969.9737978985522	969.994333212376	
969.274333212376	0.15599999999994907	WheelMovementIntervals													-0.03508795582538937
969.994333212376	1.2690000000000055	WheelMovementIntervals													-0.29296160509278124
971.787333212376	0.07999999999992724	WheelMovementIntervals													-0.004091819733730517
972.1993332123759	0.7440000000000282	WheelMovementIntervals													-0.1522821083356618
972.6703865804617	3.135657232052381	trials	-1.0	1.0	1.5		0.125	0.2	974.2569093078444	974.2568145240999	975.3059807961714	973.8047503305403	973.8058169004411	973.9873332123759	
973.104333212376	0.3689999999999145	WheelMovementIntervals													0.04633145077631795
973.9873332123759	0.3250000000000455	WheelMovementIntervals													0.34279916876975136
974.8283332123759	1.76400000000001	WheelMovementIntervals													0.435213154207446
976.362451613185	3.9436542391908915	trials	1.0	-1.0	0.0		0.125	0.2	977.7594915316355	977.7585701067183	979.8060058590308	977.1379145916574	977.1388145100111	977.210333212376	
977.210333212376	1.7149999999999181	WheelMovementIntervals													-0.5063974371871716
979.3523332123759	0.051000000000044565	WheelMovementIntervals													-0.004668724056948292
980.8508110677549	2.3372611176056353	trials	-1.0	1.0	1.5		0.125	0.2	981.6459389287726	981.6458311766271	982.6879777218164	981.3545320336989	981.3554986126715	981.436333212376	
981.436333212376	1.7719999999999345	WheelMovementIntervals													0.4302850867291923
983.723883737931	2.2644393785027432	trials	-1.0	1.0	1.5		0.125	0.2	984.4379856168001	984.437895523935	985.4881903356468	984.1888415540442	984.1898414633262	984.278333212376	
984.278333212376	0.37000000000000455	WheelMovementIntervals													0.634815907789676
986.5215299179376	2.6512384088221097	trials	1.0	1.0	1.5	1.0		0.2	987.6306292934919	987.6305451477782	988.6726680865359	987.2222996730472	987.2231662610917	987.412333212376	
987.412333212376	0.9879999999999427	WheelMovementIntervals													0.5405966695413973
989.101333212376	0.7269999999999754	WheelMovementIntervals													-0.4090903606148011
989.7125737397782	2.526546162470595	trials	-1.0	1.0	1.5		0.25	0.2	990.6882852171185	990.6881907929634	991.739056551225	990.4381412450806	990.439174484672	990.532333212376	
990.532333212376	3.020999999999958	WheelMovementIntervals													0.5708837286903403
992.7931275859619	3.0126403091978773	trials	-1.0	1.0	1.5		0.25	0.2	994.2606611087907	994.2605462458833	995.3056996296806	993.971587335375	993.9725205840382	994.0553332123759	
994.0553332123759	1.4470000000000027	WheelMovementIntervals													0.9267241472504395
996.3377726602142	2.683663406718665	trials	-1.0	1.0	1.5		0.125	0.2	997.4809022816647	997.4807988145693	998.5214078804763	996.9880803268942	996.9891802271043	997.173333212376	
997.173333212376	0.46900000000005093	WheelMovementIntervals													0.405008657393811
997.7863332123759	0.3320000000001073	WheelMovementIntervals													-0.05406236704021694
998.4433332123759	0.7960000000000491	WheelMovementIntervals													-0.11474105590334815
999.5652465102278	2.5061477473889227	trials	-1.0	1.0	1.5		0.25	0.2	1000.5250594299848	1000.5249640289757	1001.5713311723224	1000.2726156665984	1000.2735489152616	1000.397333212376	
1000.397333212376	0.23599999999999	WheelMovementIntervals													0.44755109163799034
1000.884333212376	0.5779999999999745	WheelMovementIntervals													0.040956034234280736
1001.966333212376	0.6839999999999691	WheelMovementIntervals													-0.1532062338738207
1002.6239023431364	3.047436652897318	trials	1.0	1.0	1.5	0.25		0.8	1004.1163002767768	1004.1162193125151	1005.171237899558	1003.72250267123	1003.7235359108214	1003.8773332123759	
1003.8773332123759	1.5470000000000255	WheelMovementIntervals													-0.32418928183295037
1006.2152431808565	2.874049512290412	trials	-1.0	1.0	1.5		0.0625	0.8	1007.5389564186296	1007.5388650622845	1008.5892611284045	1007.0721321051901	1007.0731986750909	1007.2333332123759	
1006.3523332123759	0.06600000000003092	WheelMovementIntervals													-0.006698336420967621
1007.2333332123759	1.0190000000000055	WheelMovementIntervals													0.45218540530129303
1009.6337996946532	5.304204857171499	trials	-1.0	-1.0	0.0	0.0		0.8	1012.3898829788396	1012.3890531235048	1014.4379305004674	1012.1546043247935	1012.155570903766	1012.2373332123759	
1010.0933332123759	0.5660000000000309	WheelMovementIntervals													-0.45466838274450794
1010.985333212376	0.19499999999993634	WheelMovementIntervals													0.057028000295542114
1012.2373332123759	1.1760000000000446	WheelMovementIntervals													0.7604069908648192
1015.6879170938504	3.43456550413066	trials	1.0	-1.0	0.0		0.125	0.8	1016.5802361370748	1016.5794335777343	1018.6223841939391	1016.155674655953	1016.1565745743068	1016.3343332123759	
1016.3343332123759	1.600999999999999	WheelMovementIntervals													-0.3497690692855393
1019.6555904549923	5.215671678757644	trials	1.0	-1.0	0.0		0.0625	0.8	1022.3242483376256	1022.3234260959384	1024.3711626287338	1021.4378287591646	1021.4389286593748	1021.5443332123759	
1020.115333212376	0.6129999999999427	WheelMovementIntervals													0.2075653667944195
1021.5443332123759	2.048999999999978	WheelMovementIntervals													-0.31904973291201344
1025.4200674655137	2.417754514953458	trials	1.0	1.0	1.5	0.0625		0.8	1026.2706902916805	1026.2705859392413	1027.3377268167735	1025.9722173710143	1025.9732506106056	1026.1303332123762	
1026.1303332123762	1.4579999999998563	WheelMovementIntervals													2.210453465236199
1028.3844318531333	2.3867294501110337	trials	1.0	1.0	1.5	1.0		0.8	1029.2233224103916	1029.223241500401	1030.2710606863425	1028.9557133562284	1028.9566132745824	1029.077333212376	
1029.077333212376	1.7080000000000837	WheelMovementIntervals													0.6019498906035601
1031.3190656047689	4.385277451706088	trials	1.0	1.0	1.5	0.25		0.8	1034.1560082195567	1034.1559144146981	1035.2042464501487	1033.089238336939	1033.0902715765303	1033.1693332123762	
1031.6303332123762	0.9529999999999745	WheelMovementIntervals													-0.3454139994583443
1033.1693332123762	2.84699999999998	WheelMovementIntervals													0.31485811271065955
1036.260450624687	2.4274530419379516	trials	-1.0	1.0	1.5		0.125	0.8	1037.1373710649696	1037.137269061506	1038.1878757566008	1036.7892026529896	1036.7903025531998	1036.964333212376	
1036.964333212376	0.7110000000000127	WheelMovementIntervals													1.0427038963805515
1038.715333212376	0.5940000000000509	WheelMovementIntervals													-0.19280919937233065
1039.2432133430948	2.995940096835511	trials	1.0	1.0	1.5	0.0		0.8	1040.6812162117963	1040.681131627885	1041.7390535714953	1039.9223850577139	1039.9232849760679	1039.9963332123762	
1039.9963332123762	1.0519999999999072	WheelMovementIntervals													0.295364830947797
1042.7878584173473	4.717781262730114	trials	1.0	1.0	1.5	0.0625		0.8	1045.9496048972262	1045.9495115358036	1047.0055424292896	1043.3044115524096	1043.3053114707634	1043.197333212376	
1043.197333212376	0.650000000000091	WheelMovementIntervals													-0.2626187599238996
1045.653333212376	1.018000000000029	WheelMovementIntervals													0.542223299657131
1048.0578469576283	4.529896521241426	trials	1.0	1.0	1.5	0.0		0.8	1051.021811381535	1051.0217088018446	1052.0876480154895	1050.471228000576	1050.4723279007862	1050.531333212376	
1048.6023332123762	0.515999999999849	WheelMovementIntervals													-0.5385413401975221
1049.5823332123762	0.12399999999979627	WheelMovementIntervals													0.014315141324374281
1050.531333212376	2.086999999999989	WheelMovementIntervals													0.4601714158800121
1053.1358529157721	2.4855220522995296	trials	1.0	1.0	1.5	0.25		0.8	1054.0663684935678	1054.0662604219658	1055.121306116349	1053.6055769661293	1053.6066768663395	1053.6903332123761	
1053.6903332123761	1.0019999999999527	WheelMovementIntervals													-0.3216545213984574
1054.951333212376	1.5049999999998818	WheelMovementIntervals													-0.24508582116822097
1056.1724774141683	3.0331651487340423	trials	1.0	1.0	1.5	0.0625		0.8	1057.650110020745	1057.6500081754994	1058.7055809284766	1057.1057594076437	1057.1067259866163	1057.1783332123762	
1057.1783332123762	1.0059999999998581	WheelMovementIntervals													0.36680914826133915
1059.049333212376	0.6490000000001146	WheelMovementIntervals													-0.4366258122129807
1059.758452072075	2.6627364905693867	trials	1.0	1.0	1.5	0.25		0.8	1060.867684768867	1060.8675664384932	1061.9211558580346	1060.370996498206	1060.3720297377974	1060.558333212376	
1060.558333212376	2.5190000000000055	WheelMovementIntervals													-0.3069150472529252
1062.973493716683	2.4155542748958396	trials	1.0	1.0	1.5	1.0		0.8	1063.8232166244957	1063.8231121032343	1064.888953267522	1063.5390090762521	1063.5400423158435	1063.664333212376	
1063.664333212376	0.5050000000001091	WheelMovementIntervals													-0.3179246115062142
1064.531333212376	0.6459999999999582	WheelMovementIntervals													-0.0921649074373434
1065.9399579137944	4.647986720009612	trials	1.0	-1.0	0.0		0.0625	0.8	1068.0330346834198	1068.032296051362	1070.0878482578555	1067.5042159944985	1067.5050492522337	1067.6323332123761	
1066.068333212376	0.8120000000001255	WheelMovementIntervals													-0.4028656493194269
1067.6323332123761	0.8650000000000091	WheelMovementIntervals													-0.4003412895265619
1071.14095271362	3.58005239394447	trials	1.0	1.0	1.5	0.125		0.8	1073.1601695176178	1073.1600811355074	1074.2209066142343	1072.7387410855792	1072.7397076645518	1072.809333212376	
1071.617333212376	0.5060000000000855	WheelMovementIntervals													0.0881005896362268
1072.809333212376	2.9570000000001073	WheelMovementIntervals													0.7638051355401423
1075.275710915778	4.878698307009017	trials	1.0	-1.0	0.0		0.0625	0.8	1077.5884010940322	1077.5873565483757	1079.654346991807	1076.4555372078764	1076.4564037959208	1076.5253332123762	
1076.5253332123762	1.3329999999998563	WheelMovementIntervals													-0.3268056053701365
1079.512333212376	0.553000000000111	WheelMovementIntervals													0.06363221280085796
1080.7072181354056	2.3485304923233343	trials	1.0	1.0	1.5	0.0625		0.8	1081.49531330114	1081.4952276955214	1082.5556504340439	1081.2218714428323	1081.2227380308768	1081.368333212376	
1081.368333212376	2.036000000000058	WheelMovementIntervals													0.7131220606228048
1083.623853519966	2.9306533289793606	trials	1.0	1.0	1.5	0.25		0.8	1084.9933959331624	1084.9932775047664	1086.0543996722542	1084.2376311675448	1084.2384977555892	1084.328333212376	
1084.328333212376	2.0150000000001	WheelMovementIntervals													-0.37302468391722954
1086.857333212376	0.40599999999994907	WheelMovementIntervals													0.029293903921018938
1087.3193182442478	2.5696432992297105	trials	-1.0	1.0	1.5		0.25	0.8	1088.3250270000472	1088.3249344064805	1089.3889304760567	1087.9718923719668	1087.9727589600113	1088.1023332123762	
1088.1023332123762	0.7319999999999709	WheelMovementIntervals													0.47523550253544755
1089.904333212376	1.0650000000000546	WheelMovementIntervals													-0.5167537180046935
1090.4404684072792	3.031564672822924	trials	1.0	1.0	1.5	0.125		0.8	1091.9096017849592	1091.9094987771675	1092.9719054061177	1091.4709082526524	1091.4717748406968	1091.681333212376	
1091.681333212376	1.5070000000000618	WheelMovementIntervals													-0.35882438416695095
1093.511333212376	0.7350000000001273	WheelMovementIntervals													-0.5513193644740859
1094.0311426388114	3.023937862620187	trials	1.0	1.0	1.5	0.25		0.8	1095.496043067198	1095.495960010924	1096.5550136574163	1094.8709997750423	1094.8717997024678	1094.906333212376	
1094.906333212376	2.1440000000000055	WheelMovementIntervals													-0.3804210485974373
1097.60538502781	2.6823611742929643	trials	1.0	1.0	1.5	0.25		0.8	1098.731616182395	1098.731509870714	1099.787687035696	1098.1873988905318	1098.1884654604323	1098.251333212376	
1098.251333212376	2.2309999999999945	WheelMovementIntervals													0.5103120203619298
1100.8563567459496	3.3490412894375368	trials	1.0	-1.0	0.0		0.125	0.8	1101.6398189986776	1101.6387659248203	1103.705298272121	1101.3722099445147	1101.3731431931778	1101.510333212376	
1101.510333212376	1.0910000000001219	WheelMovementIntervals													-0.704095369317443
1104.760402546449	2.4271515885088775	trials	1.0	1.0	1.5	1.0		0.8	1105.6216244110046	1105.621520139721	1106.6874610449593	1105.254257740811	1105.255157659165	1105.377333212376	
1105.377333212376	1.3220000000001164	WheelMovementIntervals													-0.3687884069515448
1107.225333212376	0.5869999999999891	WheelMovementIntervals													0.17026932235719983
1107.759163813368	2.444950815121274	trials	1.0	1.0	1.5	0.125		0.8	1108.6485831196749	1108.6484815692074	1109.7039873667877	1108.3055142450332	1108.3065141543152	1108.5053332123762	
1108.5053332123762	0.5279999999997926	WheelMovementIntervals													-0.33875094473024703
1109.283333212376	0.609000000000151	WheelMovementIntervals													-0.28055518945501845
1110.764333212376	0.5170000000000528	WheelMovementIntervals													-0.04937386061514104
1110.77052393724	2.950142338126625	trials	1.0	1.0	1.5	0.25		0.8	1112.1670305707398	1112.1669430308714	1113.2206016508358	1111.6716088518363	1111.67250877019	1111.8343332123761	
1111.8343332123761	0.8529999999998381	WheelMovementIntervals													-0.32643319083798517
1113.024333212376	0.05100000000015825	WheelMovementIntervals													-0.005758638270638272
1114.0553332123761	0.7279999999998381	WheelMovementIntervals													-0.1415362536139959
1114.2826719598283	3.054961825094324	trials	1.0	1.0	1.5	0.125		0.8	1115.7834024708186	1115.783301346544	1116.837606826793	1115.3387428131293	1115.3398760436487	1115.4693332123761	
1115.4693332123761	0.8599999999999	WheelMovementIntervals													-0.34667307221262433
1116.604333212376	0.2849999999998545	WheelMovementIntervals													-0.07713004058757278
1117.9088429708704	4.896466084460826	trials	1.0	-1.0	0.0		0.0	0.8	1120.2451976687976	1120.2442735367533	1122.3052107714996	1119.6716830349726	1119.672549623017	1119.840333212376	
1118.098333212376	1.0860000000000127	WheelMovementIntervals													-0.3430065812092593
1119.840333212376	0.7920000000001437	WheelMovementIntervals													-0.4578266540964897
1122.0743332123761	0.7239999999999327	WheelMovementIntervals													0.08082699442568497
1123.3673144108016	2.3045612242981406	trials	1.0	1.0	1.5	1.0		0.8	1124.1178463178435	1124.1177336956246	1125.1718173616523	1123.8875005495886	1123.8885671194894	1124.0253332123762	
1124.0253332123762	1.76299999999992	WheelMovementIntervals													-0.552198039613824
1126.230387988158	2.4738220867382097	trials	1.0	1.0	1.5	0.25		0.8	1127.1453049811548	1127.1451954161366	1128.2042089107547	1126.80406927353	1126.804902531265	1126.9763332123762	
1126.9763332123762	1.2269999999998618	WheelMovementIntervals													0.3037607614972764
1129.265412631703	3.4052643167706265	trials	1.0	1.0	1.5	0.0		0.8	1131.1077454837211	1131.1076463448146	1132.1706490504487	1129.7386030342375	1129.73956961321	1130.793333212376	
1130.793333212376	0.9270000000001346	WheelMovementIntervals													-0.3816527794037121
1133.2399853668903	2.8308505488666924	trials	1.0	1.0	1.5	0.125		0.8	1134.5178027686213	1134.517707279722	1135.570773903148	1133.788735580832	1133.789568838567	1134.088333212376	
1134.088333212376	0.8489999999999327	WheelMovementIntervals													-0.3395118224790252
1135.7273332123762	0.7239999999999327	WheelMovementIntervals													-0.48891769194819545
1136.6389436587606	2.4995470049639152	trials	-1.0	1.0	1.5		0.125	0.8	1137.5861577215649	1137.5860607118382	1138.6384622499038	1137.1049347144651	1137.105934623747	1137.2863332123761	
1137.2863332123761	0.9909999999999854	WheelMovementIntervals													0.5835809342840079
1139.182333212376	0.5090000000000146	WheelMovementIntervals													-0.10903508350607538
1139.7045988566429	7.016134821609057	trials	1.0	1.0	1.5	0.0625		0.8	1145.178602220754	1145.1785024824578	1146.2206076834884	1140.3374747715072	1140.3382746989328	1140.393333212376	
1140.393333212376	2.2490000000000236	WheelMovementIntervals													0.24228333901248433
1144.062333212376	0.4050000000002001	WheelMovementIntervals													-0.18188035004072844
1144.875333212376	2.008000000000038	WheelMovementIntervals													1.0118598251079725
1147.3040427208057	3.6011495322823066	trials	1.0	-1.0	0.0		0.0625	0.8	1148.3432817678602	1148.3423564257128	1150.4050947072697	1147.8716245595579	1147.8726244688398	1147.946333212376	
1147.946333212376	0.7490000000000236	WheelMovementIntervals													-0.34924153301549055
1151.4736977569044	2.5137468689445086	trials	1.0	1.0	1.5	1.0		0.8	1152.4429098239118	1152.4428150550941	1153.487381729542	1152.1705345355049	1152.171634435715	1152.293333212376	
1152.293333212376	1.2550000000001091	WheelMovementIntervals													0.8528964118761522
1154.5437525556274	3.978077077123089	trials	1.0	1.0	1.5	0.25		0.8	1156.9593000686862	1156.9591981416486	1158.0217370110822	1156.438347332783	1156.4393139117556	1156.6123332123761	
1155.091333212376	0.7110000000000127	WheelMovementIntervals													-0.5221448969429971
1156.6123332123761	1.22199999999998	WheelMovementIntervals													1.098171004015743
1158.921333212376	0.4049999999999727	WheelMovementIntervals													-0.09322540333405982
1159.1058386545874	2.8826556818221434	trials	1.0	1.0	1.5	1.0		0.8	1160.4266521554428	1160.426562791412	1161.488422491651	1159.9705935319391	1159.97166010184	1160.037333212376	
1160.037333212376	0.9020000000000437	WheelMovementIntervals													-0.3333187451805486
1161.2363332123762	1.2419999999999618	WheelMovementIntervals													-0.23526186755292144
1162.675333212376	0.2519999999999527	WheelMovementIntervals													0.015907558084698792
1162.7755057193947	2.296133984051039	trials	1.0	1.0	1.5	1.0		0.8	1163.513505430103	1163.513415998133	1164.5715761019676	1163.2373304864243	1163.2383303957063	1163.220333212376	
1163.220333212376	2.0809999999999036	WheelMovementIntervals													-0.3310030193451219
1165.6420456489286	2.579841004927175	trials	-1.0	1.0	1.5		0.125	0.8	1166.659053379614	1166.6589610237947	1167.7217569644852	1166.2038280138454	1166.2047279321991	1166.350333212376	
1166.350333212376	1.4519999999999982	WheelMovementIntervals													0.5532516026095493
1168.791293262783	3.2636459221143923	trials	1.0	1.0	1.5	0.25		0.8	1170.4980384161672	1170.497916230498	1171.554875866584	1170.0038499187112	1170.0046831764462	1170.206333212376	
1169.120333212376	0.05300000000011096	WheelMovementIntervals													0.004897671739009013
1170.206333212376	0.9960000000000946	WheelMovementIntervals													0.885668183194916
1172.3333332123761	0.9849999999999	WheelMovementIntervals													-0.1724112225488028
1172.6306449327396	3.124656507361806	trials	1.0	1.0	1.5	0.25		0.8	1174.1964028773668	1174.19627224397	1175.255240146348	1173.804005144815	1173.8050383844063	1173.806333212376	
1173.806333212376	2.1119999999998527	WheelMovementIntervals													-0.6757385509752041
1176.3285094392984	2.8599473621682137	trials	1.0	1.0	1.5	1.0		0.8	1177.6311579215314	1177.631030098826	1178.6883620053518	1177.0873072630714	1177.0883738329721	1177.240333212376	
1177.240333212376	2.7439999999999145	WheelMovementIntervals													0.347634568179366
1179.7685640026573	5.968728852596314	trials	1.0	1.0	1.5	0.0625		0.8	1184.1911627567836	1184.1910579933308	1185.2371678566458	1180.5205624433129	1180.521395701048	1180.610333212376	
1180.610333212376	1.8730000000000473	WheelMovementIntervals													-0.2807994549485784
1184.014333212376	1.8240000000000691	WheelMovementIntervals													1.8586125555322681
1186.3174031842607	3.0031372199853195	trials	1.0	1.0	1.5	1.0		0.8	1187.7655051367103	1187.7654201662144	1188.8204427594915	1186.9551119939879	1186.9560785729605	1187.029333212376	
1187.029333212376	2.7490000000000236	WheelMovementIntervals													0.7258399836930636
1189.8962451559564	3.6575724042963884	trials	1.0	1.0	1.5	0.125		0.8	1192.0081868807015	1192.008085806595	1193.0537920168513	1191.5052658421832	1191.5060657696088	1191.6013332123762	
1190.2943332123762	0.959999999999809	WheelMovementIntervals													-0.32047453647925295
1191.6013332123762	2.298999999999978	WheelMovementIntervals													-0.33579595336381374
1194.1396268364451	2.46434780337313	trials	1.0	1.0	1.5	1.0		0.8	1195.0456446368325	1195.0455436741847	1196.1038819602443	1194.7717028238837	1194.7727360634751	1194.8053332123761	
1194.8053332123761	0.6499999999998636	WheelMovementIntervals													-0.2778613733372097
1196.096333212376	0.47199999999998	WheelMovementIntervals													0.019601760738211738
1196.9773332123762	0.9939999999999145	WheelMovementIntervals													-0.3469691579127101
1197.1889835130314	3.3481392351650356	trials	1.0	1.0	1.5	1.0		0.8	1198.9865204292178	1198.986403502412	1200.0371251117772	1198.4216050152177	1198.4227715760467	1198.580333212376	
1198.580333212376	2.4420000000000073	WheelMovementIntervals													-0.349471385781591
1201.116427190729	2.4707479046164735	trials	1.0	1.0	1.5	0.125		0.8	1202.02834445588	1202.028244131594	1203.0870817339328	1201.6384131662235	1201.6394464058149	1201.8143332123761	
1201.8143332123761	0.9059999999999491	WheelMovementIntervals													-0.33550864750881715
1204.1659838491717	3.2723730576876733	trials	1.0	1.0	1.5	0.25		0.8	1205.8880276145699	1205.887921240046	1206.9382323334164	1205.4213699526774	1205.4224365225782	1205.619333212376	
1204.321333212376	0.484000000000151	WheelMovementIntervals													-0.14104687459017384
1205.619333212376	1.7699999999999818	WheelMovementIntervals													0.9014794859777595
1208.0198675340262	2.800450909924848	trials	1.0	1.0	1.5	1.0		0.8	1209.274687022272	1209.2745894477666	1210.3202254978028	1208.6870070069524	1208.688140237472	1208.830333212376	
1208.830333212376	2.157000000000153	WheelMovementIntervals													-0.3317673421448859
1211.4089267240051	2.6283365544443313	trials	1.0	1.0	1.5	0.0625		0.8	1212.4947282132896	1212.4946409977683	1213.5372003003556	1211.9215468825585	1211.9224801312216	1212.1213332123762	
1212.1213332123762	1.1179999999999382	WheelMovementIntervals													0.5141837073357323
1213.657333212376	0.9800000000000182	WheelMovementIntervals													-0.1348235308029544
1214.617968912921	4.11926652460329	trials	-1.0	-1.0	0.0	0.0625		0.8	1216.1821603330063	1216.1810933978595	1218.237140558989	1215.1885504795189	1215.189483728182	1215.242333212376	
1215.242333212376	2.367999999999938	WheelMovementIntervals													0.6836068468829666
1219.3176425290792	2.519244320303642	trials	1.0	1.0	1.5	0.125		0.8	1220.288454450938	1220.2883588359568	1221.3367926724582	1219.8217301284267	1219.8232299923495	1219.6423332123761	
1219.6423332123761	2.594000000000051	WheelMovementIntervals													1.2640023760514225
1222.4176946062612	2.5705398916154536	trials	1.0	1.0	1.5	0.25		0.8	1223.435735576538	1223.435609611064	1224.488140095805	1223.1546610773778	1223.155494335113	1223.3133332123762	
1223.3133332123762	0.5249999999998636	WheelMovementIntervals													0.553747904354239
1224.2663332123761	0.5729999999998654	WheelMovementIntervals													-0.08754126971138021
1225.5343332123762	2.75	WheelMovementIntervals													-0.9662230486945944
1225.578241195002	7.559850373725567	trials	-1.0	-1.0	0.0	0.0625		0.8	1230.5851869335077	1230.5844394493654	1232.63796735907	1230.053501837978	1230.0545350775694	1230.2093332123761	
1228.711333212376	0.7989999999999782	WheelMovementIntervals													0.44883312631033334
1230.2093332123761	0.6920000000000073	WheelMovementIntervals													0.3180646705650929
1232.975333212376	0.1670000000001437	WheelMovementIntervals													0.024159068418299512
1233.7339012624118	2.2542354758595593	trials	-1.0	1.0	1.5		1.0	0.8	1234.4473032047836	1234.4472118552203	1235.4880754460703	1234.220090485612	1234.2208570827281	1234.319333212376	
1234.319333212376	3.050999999999931	WheelMovementIntervals													1.2901024474484473
1236.5754434598966	4.478174439503391	trials	-1.0	-1.0	0.0	0.125		0.8	1238.500868773246	1238.5000745929678	1240.5535492078802	1237.9869820629356	1237.9878819812893	1238.067333212376	
1238.067333212376	1.7590000000000146	WheelMovementIntervals													0.47523134598914396
1240.4683332123761	0.2799999999999727	WheelMovementIntervals													-0.059732248459788195
1241.8762292060621	2.4287515671967412	trials	-1.0	1.0	1.5		0.125	0.8	1242.7567493197594	1242.7566471740795	1243.8049208897328	1242.471541862234	1242.472541771516	1242.6403332123762	
1242.6403332123762	0.6269999999999527	WheelMovementIntervals													1.012173606033734
1244.244333212376	2.7150000000001455	WheelMovementIntervals													-0.7722477797882732
1244.8755904185502	5.2958910226677745	trials	1.0	1.0	1.5	0.125		0.8	1248.6299497995399	1248.6298535268197	1249.6713553167053	1248.0535020984878	1248.0545686683886	1248.210333212376	
1248.210333212376	2.2590000000000146	WheelMovementIntervals													-0.3005618755453341
1250.7650894196267	2.5564396411243706	trials	1.0	1.0	1.5	1.0		0.8	1251.7812972228865	1251.781204380946	1252.821469518604	1251.4534269693306	1251.4542602270656	1251.625333212376	
1250.769333212376	0.16699999999991633	WheelMovementIntervals													-0.07900060938835196
1251.625333212376	1.8009999999999309	WheelMovementIntervals													-0.4249441498813127
1253.9261359630084	7.877222898754553	trials	1.0	1.0	1.5	0.125		0.8	1260.2352302291063	1260.235132792801	1261.3033333241	1254.5702775224495	1254.571244101422	1254.985333212376	
1254.985333212376	0.70900000000006	WheelMovementIntervals													0.2304376749088206
1259.475333212376	1.3179999999999836	WheelMovementIntervals													-0.6726630773829498
1261.772333212376	0.928000000000111	WheelMovementIntervals													0.27748640944913205
1262.4107661841842	2.776152447863069	trials	-1.0	1.0	1.5		0.25	0.8	1263.6234894916595	1263.6233882197862	1264.686893013028	1263.3713123707482	1263.3722789497208	1263.504333212376	
1263.504333212376	2.352000000000089	WheelMovementIntervals													0.5354191560414279
1265.77782736996	2.492445873157749	trials	-1.0	1.0	1.5		0.25	0.8	1266.6996437370024	1266.6995435944252	1267.7701799445824	1266.437934147603	1266.4389673871945	1266.575333212376	
1266.575333212376	0.9449999999999363	WheelMovementIntervals													0.622512086352522
1267.816333212376	0.5769999999999982	WheelMovementIntervals													-0.05263690650922115
1268.8548815336567	2.815448906111669	trials	1.0	1.0	1.5	1.0		0.8	1270.1071012577695	1270.1070023943162	1271.1702714669723	1269.5212210791574	1269.5222876490582	1269.667333212376	
1269.667333212376	2.032000000000153	WheelMovementIntervals													-0.3195957949987829
1272.2693384193974	2.402250608696022	trials	1.0	1.0	1.5	0.0		0.8	1273.1083622978933	1273.1082553945873	1274.1715658374055	1272.8213883339697	1272.8223215826329	1272.973333212376	
1272.973333212376	0.5920000000000982	WheelMovementIntervals													-0.35483454173694184
1273.9003332123762	1.6319999999998345	WheelMovementIntervals													-0.30861239192573464
1275.2733992055107	3.813259239805575	trials	1.0	-1.0	0.0		0.0	0.8	1276.5189861980532	1276.518117889647	1278.586598611298	1276.0533284454427	1276.0543283547245	1276.223333212376	
1276.223333212376	1.44600000000014	WheelMovementIntervals													-0.5726440690671382
1277.989333212376	0.2919999999999163	WheelMovementIntervals													-0.024770113675977257
1279.6868654548616	2.667960588447386	trials	1.0	1.0	1.5	0.0625		0.8	1280.7890987866797	1280.7889896575227	1281.8547687690875	1280.221283635762	1280.2223168753533	1280.443333212376	
1280.443333212376	1.4080000000001291	WheelMovementIntervals													-0.5360526638114536
1282.940736909919	2.447121790273968	trials	1.0	1.0	1.5	1.0		0.8	1283.8305561799386	1283.8304441051266	1284.8878269243778	1283.4201934106206	1283.4209933380462	1283.549333212376	
1283.549333212376	1.3050000000000637	WheelMovementIntervals													-0.3375551904741627
1285.639333212376	1.0900000000001455	WheelMovementIntervals													-0.11794917523427983
1285.9767614627458	3.2778720331402837	trials	1.0	1.0	1.5	0.25		0.8	1287.6940056635906	1287.6938981501069	1288.7545427783507	1287.3034410980554	1287.3043410164091	1287.4383332123762	
1287.4383332123762	0.6199999999998909	WheelMovementIntervals													-0.3134231548172508
1288.331333212376	0.8110000000001492	WheelMovementIntervals													0.08575218005093177
1289.8426440589838	2.5451419682160576	trials	1.0	1.0	1.5	1.0		0.8	1290.8187555000368	1290.8186593860626	1291.8876918527656	1290.5700114009937	1290.5710113102757	1290.693333212376	
1290.693333212376	1.1300000000001091	WheelMovementIntervals													-0.41001692270444323
1292.146333212376	0.3170000000000073	WheelMovementIntervals													0.012094296315453335
1292.9745932422604	3.413159701607583	trials	1.0	-1.0	0.0		0.125	0.8	1293.8213497525367	1293.8206075446633	1295.887662283715	1293.5366089193428	1293.5376754892436	1293.510333212376	
1293.510333212376	2.11200000000008	WheelMovementIntervals													-0.6777777577116737
1297.0006613054688	2.469447086250966	trials	1.0	1.0	1.5	1.0		0.8	1297.903979350795	1297.9038777960611	1298.970015966606	1297.6364702875603	1297.637370205914	1297.771333212376	
1297.771333212376	1.3910000000000764	WheelMovementIntervals													1.6477277304556281
1299.4673332123762	0.15099999999983993	WheelMovementIntervals													0.015161922025249908
1300.0592171474493	2.678732026951593	trials	-1.0	1.0	1.5		0.25	0.8	1301.1772490459225	1301.1771296785666	1302.237886151611	1300.5878025242048	1300.5887024425585	1300.652333212376	
1300.652333212376	1.0850000000000364	WheelMovementIntervals													0.9668293293199213
1303.329253802565	2.3586533028317263	trials	1.0	1.0	1.5	0.125		0.8	1304.125981518434	1304.1258711297087	1305.1878185152607	1303.786578977826	1303.7877122083455	1303.9573332123762	
1303.9573332123762	0.918999999999869	WheelMovementIntervals													0.4999338052175659
1305.307333212376	0.5489999999999782	WheelMovementIntervals													-0.22944109850512717
1306.1503332123762	0.09600000000000364	WheelMovementIntervals													0.025182426801563906
1306.2928182627588	2.461946074985917	trials	-1.0	1.0	1.5		0.25	0.8	1307.199635990572	1307.1995344952447	1308.2546736042814	1306.9364931978685	1306.9373931162222	1306.979333212376	
1306.979333212376	0.5059999999998581	WheelMovementIntervals													0.6486365431998138
1309.361373197559	3.1098544307030807	trials	-1.0	1.0	1.5		0.0625	0.8	1310.9046998439608	1310.9045992156339	1311.971103093175	1310.2698241105325	1310.2707240288862	1310.7853332123761	
1309.3713332123762	0.2799999999999727	WheelMovementIntervals													0.06763620742103882
1310.7853332123761	0.44299999999998363	WheelMovementIntervals													0.5152936727018727
1311.5363332123761	0.6759999999999309	WheelMovementIntervals													-0.30307355087870747
1313.0793358806852	3.3407668109546194	trials	-1.0	-1.0	0.0	1.0		0.8	1313.8687642587956	1313.8679511798407	1315.920044820435	1313.6533171388417	1313.6544170390519	1313.7283332123761	
1313.7283332123761	1.3540000000000418	WheelMovementIntervals													-0.5185295366883125
1317.0142122173786	2.6222392805068466	trials	1.0	1.0	1.5	0.25		0.8	1318.072416210481	1318.072327260653	1319.1364196774186	1317.754411728507	1317.7554449680983	1317.9383332123762	
1317.9383332123762	1.5559999999998126	WheelMovementIntervals													-0.39657812447786966
1320.5081618910356	2.4617474025424144	trials	1.0	1.0	1.5	0.0625		0.8	1321.4078802629465	1321.4077784828598	1322.4698505810109	1321.0878426320994	1321.0887758807626	1321.2273332123762	
1321.2273332123762	1.4089999999998781	WheelMovementIntervals													0.448893259895776
1323.5615182047497	4.241554366727314	trials	1.0	1.0	1.5	0.0625		0.8	1326.2445414507338	1326.2444513285566	1327.3030120863114	1324.0878704507754	1324.0887703691292	1324.580333212376	
1324.580333212376	0.5850000000000364	WheelMovementIntervals													-0.26580420832083007
1325.961333212376	1.06899999999996	WheelMovementIntervals													0.8349787773017212
1328.412478095269	2.557467412027563	trials	1.0	1.0	1.5	0.0		0.8	1329.4134206168242	1329.4133036932617	1330.4698581035284	1329.1378456187151	1329.1388121976877	1329.292333212376	
1329.292333212376	1.1860000000001492	WheelMovementIntervals													2.190559958045334
1331.5651587309917	3.1214536087748	trials	1.0	1.0	1.5	0.125		0.8	1333.1343830277963	1333.1342846742468	1334.1864875742785	1332.188002222727	1332.1888021501525	1332.4683332123761	
1332.4683332123761	0.9969999999998436	WheelMovementIntervals													-0.2798516929067105
1334.570333212376	1.183999999999969	WheelMovementIntervals													-0.47362838498106896
1335.294420389004	2.926640140740801	trials	1.0	1.0	1.5	0.0625		0.8	1336.654230351856	1336.6541381092013	1337.7210335647833	1336.1045802195606	1336.1054801379144	1336.278333212376	
1336.278333212376	0.9690000000000509	WheelMovementIntervals													0.3494754017812056
1337.671333212376	0.18599999999992178	WheelMovementIntervals													0.026918357257471826
1338.1493332123762	0.7279999999998381	WheelMovementIntervals													-0.2239558176050025
1338.8282664430112	3.124854764995007	trials	1.0	1.0	1.5	0.25		0.8	1340.3892914837038	1340.3891928001628	1341.453094968785	1340.0532553043452	1340.054155222699	1340.222333212376	
1339.302333212376	0.11300000000005639	WheelMovementIntervals													-0.032393377479358776
1340.222333212376	0.803000000000111	WheelMovementIntervals													0.9529717925574914
1341.6693332123762	0.2439999999999145	WheelMovementIntervals													-0.14111217876748583
1342.5453292077837	3.27426976695574	trials	-1.0	-1.0	0.0	0.0		0.8	1343.2691635369972	1343.2683441718907	1345.319544180283	1343.0043875591332	1343.0055207896528	1343.087333212376	
1343.087333212376	0.6130000000000564	WheelMovementIntervals													0.4461849407027785
1346.224333212376	0.3430000000000746	WheelMovementIntervals													0.10069961123367932
1346.4344096993632	2.5689379952564195	trials	1.0	1.0	1.5	1.0		0.8	1347.4395185095932	1347.4394237813456	1348.5032220037463	1347.0543201238713	1347.0551867119157	1347.138333212376	
1347.138333212376	2.0450000000000728	WheelMovementIntervals													-0.34366535399720277
1349.6169542923071	2.5860366696022083	trials	1.0	1.0	1.5	0.25		0.8	1350.643961115812	1350.6438680595875	1351.7028983757211	1350.371152533383	1350.3721857729743	1350.498333212376	
1350.498333212376	0.8019999999999072	WheelMovementIntervals													0.7737075268951159
1352.106333212376	0.1330000000000382	WheelMovementIntervals													0.0075023763872295035
1352.503333212376	0.14200000000005275	WheelMovementIntervals													0.007911259228372103
1352.8179972069672	2.853143785029033	trials	1.0	1.0	1.5	0.0625		0.8	1354.1067136198717	1354.1066160791243	1355.1710503899035	1353.404010706817	1353.4048772948613	1353.542333212376	
1353.542333212376	3.040000000000191	WheelMovementIntervals													-0.31105400168837605
1356.2977481688204	4.306277223813595	trials	-1.0	-1.0	0.0	0.0		0.8	1358.0442230510077	1358.0433786622084	1360.104002841544	1357.0697781254246	1357.0709113559442	1356.9863332123762	
1356.9863332123762	4.923999999999978	WheelMovementIntervals													0.7504109997814012
1361.227134277355	21.025758138744777	trials	-1.0	-1.0	0.0	0.125		0.8	1379.7065910385663	1379.7056472703218	1381.7528387234865	1362.8200564241422	1362.8208896818771	1366.2173332123762	
1366.2173332123762	0.8659999999999854	WheelMovementIntervals													0.17791452150169818
1369.136333212376	3.018000000000029	WheelMovementIntervals													-0.27589152212603807
1372.691333212376	0.6720000000000255	WheelMovementIntervals													-0.16468025224088478
1374.453333212376	0.1089999999999236	WheelMovementIntervals													-0.011432153971682624
1375.462333212376	0.36000000000012733	WheelMovementIntervals													0.146895058141304
1376.443333212376	0.29899999999997817	WheelMovementIntervals													0.07189674856334705
1376.973333212376	0.29700000000002547	WheelMovementIntervals													-0.013606701584642167
1377.684333212376	2.6800000000000637	WheelMovementIntervals													0.32746144025870905
1380.7853332123761	2.606999999999971	WheelMovementIntervals													0.4217108536421392
1382.8994013668053	2.970364137159777	trials	1.0	1.0	1.5	1.0		0.8	1384.316439470895	1384.31633100761	1385.3697105782062	1384.053763302523	1384.0546632208768	1383.877333212376	
1383.877333212376	1.2440000000001419	WheelMovementIntervals													-0.35440447068653924
1386.1503332123762	3.3460000000000036	WheelMovementIntervals													-0.8248422748270343
1386.4821763150098	6.970703157614253	trials	-1.0	-1.0	0.0	1.0		0.8	1390.8963091705486	1390.89554036097	1392.952855921073	1390.387122033863	1390.3879886219077	1390.538333212376	
1390.538333212376	1.6700000000000728	WheelMovementIntervals													0.5410333698603651
1393.108333212376	0.07000000000016371	WheelMovementIntervals													-0.03958111597651737
1393.5553332123761	0.06500000000005457	WheelMovementIntervals													-0.03896615238763701
1394.0839866311399	3.820085201464508	trials	-1.0	1.0	1.5		0.125	0.2	1396.347947897053	1396.347835937783	1397.4039854200444	1396.0541412197026	1396.055007807747	1396.221333212376	
1394.414333212376	0.9960000000000946	WheelMovementIntervals													0.4157243435689537
1395.839333212376	0.08500000000003638	WheelMovementIntervals													0.009288836251059251
1396.221333212376	1.0160000000000764	WheelMovementIntervals													0.68766302969469
1397.608333212376	0.23900000000003274	WheelMovementIntervals													-0.10793143376449876
1398.106333212376	0.8130000000001019	WheelMovementIntervals													-0.5580880420947594
1398.5281834257564	20.9260343647818	trials	-1.0	1.0	1.5		0.0	0.2	1417.904792125055	1417.9046911796604	1418.9541969164761	1399.3193449799555	1399.3203448892375	1401.599333212376	
1399.383333212376	0.5489999999999782	WheelMovementIntervals													-0.07916828864596681
1400.306333212376	0.6309999999998581	WheelMovementIntervals													-0.08703636079125232
1401.599333212376	0.8830000000000382	WheelMovementIntervals													0.1044045483173619
1403.4953332123762	0.07599999999979445	WheelMovementIntervals													-0.015574014455324914
1404.010333212376	0.0809999999999036	WheelMovementIntervals													0.017314828588922637
1405.917333212376	0.46400000000016917	WheelMovementIntervals													0.04217143557544034
1407.307333212376	0.4639999999999418	WheelMovementIntervals													0.08434217429929447
1408.7473332123761	0.34600000000000364	WheelMovementIntervals													0.14248000163794217
1410.713333212376	0.2899999999999636	WheelMovementIntervals													-0.05488006091646014
1411.423333212376	0.06899999999995998	WheelMovementIntervals													-0.008147578146910917
1413.004333212376	0.7260000000001128	WheelMovementIntervals													0.15331901433581407
1417.1993332123761	2.0239999999998872	WheelMovementIntervals													1.161972038094575
1419.4693332123761	1.0399999999999636	WheelMovementIntervals													0.3321842931180967
1420.1023260843365	2.7682505243783453	trials	-1.0	1.0	1.5		0.25	0.2	1421.3181491105856	1421.3180473945902	1422.3705202995432	1421.0028443836732	1421.003744302027	1420.970333212376	
1420.970333212376	1.5779999999999745	WheelMovementIntervals													0.814971980399136
1423.4893854557513	2.9800624106160285	trials	-1.0	1.0	1.5		0.0625	0.2	1424.9256218180549	1424.9255145683778	1425.9693937871875	1424.0528010058285	1424.0537342544917	1424.194333212376	
1424.194333212376	1.6290000000001328	WheelMovementIntervals													0.8667429399879509
1426.230333212376	1.0579999999999927	WheelMovementIntervals													0.1239814424371346
1427.093058507949	3.6773669527135553	trials	-1.0	1.0	1.5		0.125	0.2	1429.2142993890166	1429.2141959732432	1430.2703702423173	1428.9204927116662	1428.9214259603293	1429.009333212376	
1427.733333212376	0.055000000000063665	WheelMovementIntervals													0.006650987173962619
1428.2273332123762	0.09199999999987085	WheelMovementIntervals													0.008632937624021508
1429.009333212376	1.0830000000000837	WheelMovementIntervals													2.146498050301851
1430.706333212376	3.050000000000182	WheelMovementIntervals													0.7164074935745077
1431.3985345548479	5.7209834532259265	trials	-1.0	1.0	1.5		0.25	0.2	1435.568089600018	1435.5679939180532	1436.6194608796939	1435.2694833581145	1435.270449937087	1435.341333212376	
1434.1973332123762	0.46899999999982356	WheelMovementIntervals													0.06896054151042108
1435.341333212376	0.8780000000001564	WheelMovementIntervals													1.2012829399441785
1436.807333212376	0.2929999999998927	WheelMovementIntervals													0.03747383739207777
1437.7499249835728	2.554264336157985	trials	-1.0	1.0	1.5		1.0	0.2	1438.7480677591384	1438.747949340098	1439.8040719518203	1438.3705353445782	1438.3714685932414	1438.513333212376	
1438.513333212376	1.3050000000000637	WheelMovementIntervals													1.172125415292328
1440.9347027072463	2.984639024770331	trials	-1.0	1.0	1.5		1.0	0.2	1442.367706029538	1442.3676204827466	1443.4193106213795	1442.1362270307634	1442.1371269491171	1442.225333212376	
1441.250333212376	0.25900000000001455	WheelMovementIntervals													-0.19409712375200172
1442.225333212376	1.8840000000000146	WheelMovementIntervals													1.0039308571714116
1444.8132508210558	3.705966685063686	trials	-1.0	1.0	1.5		0.0625	0.2	1446.9674887084282	1446.9673884200251	1448.0191599608884	1446.5371610837803	1446.5381609930623	1446.691333212376	
1445.3323332123762	0.5199999999999818	WheelMovementIntervals													-0.11498823030292726
1446.691333212376	1.481999999999971	WheelMovementIntervals													0.7297725399246175
1449.1270261149948	2.5101424632243834	trials	-1.0	1.0	1.5		0.125	0.2	1450.08693902568	1450.0868415871164	1451.1371437445268	1449.803931368575	1449.8048312869287	1449.897333212376	
1449.897333212376	0.8740000000000236	WheelMovementIntervals													0.5503446610072231
1451.358333212376	0.46400000000016917	WheelMovementIntervals													0.08846342366188509
1452.2467764050314	3.4056589023587094	trials	-1.0	-1.0	0.0	0.125		0.2	1453.0991657375962	1453.0983906339543	1455.1523461268714	1452.8026593051845	1452.8034925629195	1452.873333212376	
1452.873333212376	1.3139999999998508	WheelMovementIntervals													0.7041877912493888
1455.096333212376	0.33799999999996544	WheelMovementIntervals													0.04111815783580397
1456.2802437969267	2.3905494831699343	trials	-1.0	1.0	1.5		0.25	0.2	1457.1182677661404	1457.1181604403548	1458.1707389460262	1456.8537584307517	1456.8548583309619	1456.941333212376	
1456.941333212376	0.5640000000000782	WheelMovementIntervals													1.1274485314674934
1457.884333212376	0.26900000000000546	WheelMovementIntervals													0.022786793554836038
1459.2944036667877	2.508240861365266	trials	1.0	1.0	1.5	0.125		0.2	1460.2500169675607	1460.2499184710318	1461.3025881383746	1459.9524106349388	1459.953510535149	1459.9383332123762	
1459.9383332123762	0.7319999999999709	WheelMovementIntervals													-0.359587553926346
1461.1013332123762	0.2159999999998945	WheelMovementIntervals													0.032450419379138395
1461.653333212376	0.6459999999999582	WheelMovementIntervals													-0.10637153616372075
1462.4325522876125	2.486842155773502	trials	-1.0	1.0	1.5		0.0625	0.2	1463.3743668402942	1463.3742674937655	1464.4193387005653	1463.1538201830024	1463.1548867529032	1463.2183332123761	
1463.2183332123761	0.4979999999998199	WheelMovementIntervals													0.87866643325723
1464.8903332123762	0.2849999999998545	WheelMovementIntervals													-0.14867072442642382
1465.5515026502235	2.2187339228066776	trials	-1.0	1.0	1.5		1.0	0.2	1466.2183088200559	1466.2182122427398	1467.2702133846817	1466.0203601125363	1466.0211933702712	1466.021333212376	
1466.021333212376	0.5350000000000819	WheelMovementIntervals													0.8370479125848505
1467.636333212376	0.47700000000008913	WheelMovementIntervals													-0.11714493539977155
1468.4055437137329	2.9303665929094223	trials	-1.0	1.0	1.5		0.0	0.2	1469.7785858094162	1469.7784739766905	1470.835823223546	1469.58600328171	1469.5868698697543	1469.514333212376	
1469.514333212376	0.4420000000000073	WheelMovementIntervals													0.4852200327528209
1470.759333212376	0.37799999999992906	WheelMovementIntervals													-0.14983869349382672
1471.9526219005716	2.3178287303569505	trials	-1.0	1.0	1.5		0.125	0.2	1472.7026205226632	1472.7025305488921	1473.7703569842536	1472.4373112598487	1472.4382111782024	1472.494333212376	
1472.494333212376	0.3890000000001237	WheelMovementIntervals													0.5469445724876323
1474.056333212376	0.06700000000000728	WheelMovementIntervals													0.03613814169732166
1474.8863557338534	2.5508656428553422	trials	-1.0	1.0	1.5		0.0	0.2	1475.8746993984557	1475.8745803895772	1476.9371363408518	1475.6359877225416	1475.6368876408953	1475.725333212376	
1475.725333212376	0.36000000000012733	WheelMovementIntervals													0.5674236238407246
1478.0561348182976	4.497962979429758	trials	-1.0	-1.0	0.0	0.125		0.2	1479.984226556399	1479.983360945936	1482.0540054397547	1479.0524777571557	1479.0535776573658	1479.1403332123762	
1478.3343332123761	0.08500000000003638	WheelMovementIntervals													0.021261270393623022
1479.1403332123762	1.1869999999998981	WheelMovementIntervals													0.3140799069580922
1483.1704041530675	2.5654363767366704	trials	1.0	1.0	1.5	0.0625		0.2	1484.1713133443131	1484.171217563924	1485.2357501052732	1483.685790727301	1483.6865906547266	1483.662333212376	
1483.662333212376	1.6209999999998672	WheelMovementIntervals													-0.4556258294467028
1486.371647049584	2.3157534020219828	trials	-1.0	1.0	1.5		0.125	0.2	1487.1275784667487	1487.127463826202	1488.1873156540835	1486.903765439136	1486.9049319999647	1486.970333212376	
1486.970333212376	1.8579999999999472	WheelMovementIntervals													1.4456439088699042
1489.323512571179	2.2957294799407464	trials	-1.0	1.0	1.5		0.125	0.2	1490.058412563113	1490.058321366859	1491.1191496597296	1489.835599444782	1489.8366326843734	1489.7563332123761	
1489.7563332123761	0.9549999999999272	WheelMovementIntervals													1.4043884202329622
1492.2447475384363	3.1075533432094744	trials	-1.0	1.0	1.5		1.0	0.2	1493.7891740850482	1493.7890730538884	1494.8522776336322	1493.5870257585445	1493.5879590072077	1493.609333212376	
1492.452333212376	0.5779999999999745	WheelMovementIntervals													-0.047079157483132406
1493.609333212376	0.3650000000000091	WheelMovementIntervals													0.5186183799799622
1495.346333212376	0.5440000000000964	WheelMovementIntervals													-0.12681300335994194
1495.9744091601615	2.2779563562583007	trials	-1.0	1.0	1.5		0.125	0.2	1496.6940438703907	1496.6939263291738	1497.7523145241119	1496.520292967495	1496.521292876777	1496.443333212376	
1496.443333212376	0.5209999999999582	WheelMovementIntervals													0.6959144189952582
1498.88337857356	4.020068845639344	trials	1.0	-1.0	0.0		0.0	0.2	1500.3453126044099	1500.3445028691112	1502.4033592188573	1499.4371949945305	1499.4382948947405	1499.4873332123761	
1499.4873332123761	0.9349999999999454	WheelMovementIntervals													-0.38751510553276347
1503.5408560180194	2.3448261432679374	trials	-1.0	1.0	1.5		0.25	0.2	1504.3164523177293	1504.3163640029597	1505.3856553129333	1504.0358111125915	1504.0366443703265	1504.143333212376	
1504.143333212376	1.8830000000000382	WheelMovementIntervals													0.5784263249655766
1506.5104865945239	2.3931489129129204	trials	-1.0	1.0	1.5		1.0	0.2	1507.3440109719688	1507.3439029319893	1508.403614838066	1507.1033661381095	1507.1042993867727	1507.202333212376	
1507.202333212376	0.45299999999997453	WheelMovementIntervals													0.5393714727658434
1509.531745820287	3.3207656624856554	trials	-1.0	1.0	1.5		0.25	0.2	1511.282287000221	1511.2821793778944	1512.3524232440882	1510.018934952769	1510.0200015226699	1510.754333212376	
1510.239333212376	0.09500000000002728	WheelMovementIntervals													0.0485394905064922
1510.754333212376	0.9090000000001055	WheelMovementIntervals													0.5897847009920838
1511.936333212376	0.06500000000005457	WheelMovementIntervals													-0.009447206326008484
1512.914333212376	0.8220000000001164	WheelMovementIntervals													-0.3590003583845629
1513.4748214130925	2.779049651666128	trials	-1.0	1.0	1.5		0.125	0.2	1514.6834450925116	1514.6833421352937	1515.7538146485447	1514.4700644517407	1514.4709977004038	1514.500333212376	
1514.500333212376	0.9139999999999873	WheelMovementIntervals													0.5102474648376614
1515.635333212376	0.6259999999999764	WheelMovementIntervals													-0.12624846375654641
1516.873879695891	2.6784561616498195	trials	1.0	1.0	1.5	0.25		0.2	1517.9946780100443	1517.99460235827	1519.0522820575775	1517.6189787625012	1517.6200120020924	1517.681333212376	
1517.681333212376	0.8329999999998563	WheelMovementIntervals													-0.41460167162248496
1518.9863332123762	0.5139999999998963	WheelMovementIntervals													-0.17613676520318933
1519.867333212376	0.06200000000012551	WheelMovementIntervals													0.004070750277875845
1520.1787465243285	4.82486358321853	trials	-1.0	-1.0	0.0	0.0625		0.2	1522.4390081258985	1522.4379753604976	1524.503587480988	1522.1866976837496	1522.1876975930315	1522.254333212376	
1520.433333212376	1.252999999999929	WheelMovementIntervals													0.518231251533372
1522.254333212376	0.4760000000001128	WheelMovementIntervals													0.36881270262870913
1525.070333212376	0.3949999999999818	WheelMovementIntervals													-0.1437988705045825
1525.6543164129814	2.6324610591868804	trials	1.0	1.0	1.5	1.0		0.2	1526.7322519492477	1526.7321405939354	1527.786689617388	1526.2189318541969	1526.2196984513132	1526.296333212376	
1526.296333212376	2.1549999999999727	WheelMovementIntervals													-0.3638510515840281
1528.683333212376	0.6159999999999854	WheelMovementIntervals													0.08397004611526171
1529.1890957156518	3.047956126065401	trials	-1.0	1.0	1.5		1.0	0.2	1530.669694719765	1530.6696220070612	1531.7369312267144	1530.3689220077504	1530.3700552382697	1530.441333212376	
1529.6593332123762	0.1069999999999709	WheelMovementIntervals													-0.014639942642432402
1530.441333212376	1.650000000000091	WheelMovementIntervals													0.9986872243363294
1532.864333212376	0.06099999999992178	WheelMovementIntervals													-0.008600262766698563
1532.8762611928935	2.7760223309387584	trials	1.0	1.0	1.5	0.25		0.2	1534.094950625751	1534.0948701177003	1535.15222137019	1533.6522907866256	1533.6533906868358	1533.658333212376	
1533.658333212376	1.393000000000029	WheelMovementIntervals													-0.29815817997376826
1536.2758860909516	6.0597151184022096	trials	1.0	-1.0	0.0		0.0625	0.2	1539.777401744842	1539.7763514351202	1541.8355150199081	1539.2368507870124	1539.2377173750567	1539.3723332123761	
1536.396333212376	0.6300000000001091	WheelMovementIntervals													-0.3778751821563162
1537.281333212376	0.7480000000000473	WheelMovementIntervals													-0.28461615311494626
1539.3723332123761	1.191000000000031	WheelMovementIntervals													-0.30339333416276304
1542.0653332123761	0.1959999999999127	WheelMovementIntervals													-0.014423896124093005
1542.979511229403	3.174046813681116	trials	1.0	1.0	1.5	0.125		0.2	1544.590131770481	1544.5900339680256	1545.6535352918495	1544.2868926155709	1544.2881258370185	1544.395333212376	
1543.301333212376	0.4670000000000982	WheelMovementIntervals													-0.2479352206317884
1544.395333212376	0.9570000000001073	WheelMovementIntervals													0.8581370753363515
1545.6403332123762	0.16399999999998727	WheelMovementIntervals													-0.09588901780988834
1546.292333212376	0.8480000000001837	WheelMovementIntervals													0.2613588130084281
1546.794665094736	2.590858572661773	trials	-1.0	1.0	1.5		1.0	0.2	1547.8182055660636	1547.8180874416628	1548.8854754033225	1547.6020585096126	1547.603091749204	1547.700333212376	
1547.700333212376	8.990000000000009	WheelMovementIntervals													1.3730491167178869
1550.0521362232084	14.134342930613684	trials	1.0	1.0	1.5	0.25		0.2	1562.6265620591637	1562.6264505619495	1563.686432567736	1561.7033791494357	1561.7044457193365	1561.764333212376	
1556.975333212376	4.220000000000027	WheelMovementIntervals													0.8580877004500707
1561.764333212376	2.161000000000058	WheelMovementIntervals													-0.39391955987910876
1564.8982892871666	3.587173133142869	trials	-1.0	1.0	1.5		0.0	0.2	1566.9255053654201	1566.925429485074	1567.985342543683	1565.4024435471329	1565.4034434564148	1565.491333212376	
1565.491333212376	2.5399999999999636	WheelMovementIntervals													0.9216512530601335
1569.1193729906677	5.182864942385095	trials	-1.0	1.0	1.5		0.0625	0.2	1572.7443107802617	1572.7442170119439	1573.8021481399608	1572.4534371701384	1572.4544704097298	1572.4093332123762	
1569.628333212376	0.9740000000001601	WheelMovementIntervals													0.6048586905941065
1570.790333212376	0.7640000000001237	WheelMovementIntervals													-0.20068068671527328
1572.4093332123762	0.7669999999998254	WheelMovementIntervals													0.7872630386488524
1573.463333212376	0.4290000000000873	WheelMovementIntervals													-0.2492087264354126
1574.951943823291	2.2334588623571108	trials	-1.0	1.0	1.5		1.0	0.2	1575.6285824343959	1575.6284610469636	1576.685353224194	1575.436466531021	1575.437466440303	1575.502333212376	
1575.502333212376	1.0750000000000455	WheelMovementIntervals													0.783430884756811
1577.820916865411	4.814565635937015	trials	1.0	-1.0	0.0		0.0625	0.2	1580.0734791655098	1580.0725466260542	1582.135458756466	1578.303339763649	1578.3048062972628	1578.4403332123761	
1578.4403332123761	2.0109999999999673	WheelMovementIntervals													-0.32560199048451466
1582.7673332123761	0.81899999999996	WheelMovementIntervals													-0.09069447204964831
1583.2725889222247	3.946273193625757	trials	-1.0	-1.0	0.0	0.0625		0.2	1584.664495973028	1584.6636140173248	1586.718742932204	1584.4533817932959	1584.454148390412	1584.529333212376	
1584.529333212376	1.1189999999999145	WheelMovementIntervals													-0.7531165155913371
1587.8695718551253	4.965780527395054	trials	1.0	-1.0	0.0		0.0	0.2	1590.2788532700172	1590.2778099382951	1592.3353000296136	1588.3364628291838	1588.337496068775	1588.6033332123761	
1588.6033332123761	1.1330000000000382	WheelMovementIntervals													-0.18005231083376572
1590.162333212376	0.22000000000002728	WheelMovementIntervals													-0.1831196138100637
1592.771333212376	0.5789999999999509	WheelMovementIntervals													0.15847471739283492
1593.5012609130022	3.5686737594735405	trials	1.0	-1.0	0.0		0.125	0.2	1594.5145023187256	1594.513581268905	1596.5698491781116	1593.9865168875392	1593.9875167968212	1594.0933332123761	
1594.0933332123761	1.0739999999998417	WheelMovementIntervals													-0.2787431071576947
1597.7117455781142	3.990068383580592	trials	-1.0	1.0	1.5		0.25	0.2	1600.1512909139403	1600.1511861635843	1601.2017289449527	1599.9688074699818	1599.9698740398826	1600.028333212376	
1598.235333212376	0.7530000000001564	WheelMovementIntervals													0.1466954727494496
1600.028333212376	1.3530000000000655	WheelMovementIntervals													1.5268707458921043
1601.6613332123761	1.2519999999999527	WheelMovementIntervals													0.35282229725685
1602.368823058861	3.550945763224945	trials	1.0	1.0	1.5	0.0625		0.2	1604.3575426297587	1604.357447567436	1605.41967959937	1603.5197186424014	1603.5205519001363	1603.6323332123761	
1603.6323332123761	2.127999999999929	WheelMovementIntervals													-0.30844818163750176
1606.0453332123761	0.5509999999999309	WheelMovementIntervals													0.040467156281252414
1606.573874883541	3.0281573049578583	trials	1.0	1.0	1.5	0.125		0.2	1608.039408587806	1608.039301647463	1609.1019788514395	1607.3852346052358	1607.3862011842084	1607.451333212376	
1607.451333212376	1.1369999999999436	WheelMovementIntervals													-0.3674032055097314
1608.9573332123762	0.12199999999984357	WheelMovementIntervals													0.003101591833285511
1610.243941912061	3.2746642774454813	trials	-1.0	1.0	1.5		1.0	0.2	1611.9681854778796	1611.9680747015552	1613.0185901785826	1611.6530807328234	1611.654213963343	1611.743333212376	
1610.3813332123761	0.7519999999999527	WheelMovementIntervals													-0.05680409296043365
1611.743333212376	0.5740000000000691	WheelMovementIntervals													0.43854528753185207
1613.089333212376	0.8140000000000782	WheelMovementIntervals													-0.23639421724723775
1614.1925170059176	3.777555410130617	trials	1.0	-1.0	0.0		0.0	0.2	1615.4122396783664	1615.4114342399544	1617.470052980648	1615.069870740222	1615.0709039798132	1615.1323332123761	
1615.1323332123761	1.8269999999999982	WheelMovementIntervals													-0.4010025550186498
1618.6426799259164	3.610669453569244	trials	1.0	-1.0	0.0		0.0	0.2	1619.7012505524222	1619.7003996859564	1621.7532977111778	1619.2354261482647	1619.236559378784	1619.321333212376	
1619.321333212376	1.5880000000001928	WheelMovementIntervals													-0.6240747144321972
1622.9080596106082	2.528136850766259	trials	1.0	1.0	1.5	0.0625		0.2	1623.8787715415388	1623.8786729906674	1624.9361089465967	1623.4018148140422	1623.4029147142523	1623.539333212376	
1623.539333212376	1.9230000000000018	WheelMovementIntervals													-0.37128599976458077
1626.0975035775978	2.620957179488414	trials	-1.0	1.0	1.5		1.0	0.2	1627.164640093619	1627.1645260418159	1628.218377825262	1626.8520684520772	1626.8529350401216	1626.9583332123761	
1626.9583332123761	0.5069999999998345	WheelMovementIntervals													0.929345522677238
1628.368333212376	0.6050000000000182	WheelMovementIntervals													0.4727408215693032
1629.377772637699	2.408546103128174	trials	-1.0	1.0	1.5		0.25	0.2	1630.2327950647064	1630.232688292145	1631.286266153874	1629.8860265257213	1629.886926444075	1629.964333212376	
1629.964333212376	1.808999999999969	WheelMovementIntervals													0.6224594312564591
1632.4348286157565	3.4003563401477095	trials	1.0	-1.0	0.0		0.0625	0.2	1633.274919064153	1633.2741420285904	1635.335098818402	1632.9185180657516	1632.9196179659618	1633.0823332123762	
1633.0823332123762	0.4639999999999418	WheelMovementIntervals													-0.46596835733876674
1636.0643332123761	0.3450000000000273	WheelMovementIntervals													0.03264410547799912
1636.4957935129055	3.3906559358601953	trials	1.0	-1.0	0.0		0.0625	0.2	1637.3302844693233	1637.329306771772	1639.3864312561348	1636.9530520275478	1636.9539519459015	1637.1213332123762	
1637.1213332123762	1.4519999999999982	WheelMovementIntervals													-0.4209859021989928
1640.119333212376	0.1490000000001146	WheelMovementIntervals													-0.058722243841543786
1640.5595581560442	2.31005151059162	trials	-1.0	1.0	1.5		0.25	0.2	1641.3203891286905	1641.3202744602322	1642.369493947327	1641.0853104565008	1641.0862770354734	1641.196333212376	
1641.196333212376	2.150000000000091	WheelMovementIntervals													0.9266870490005772
1643.654333212376	0.21299999999996544	WheelMovementIntervals													0.029208251776111638
1643.8287282231156	3.1066500995109436	trials	1.0	1.0	1.5	0.0625		0.2	1645.3879534271007	1645.387852362657	1646.435291739339	1644.6353550408758	1644.636288289539	1644.779333212376	
1644.779333212376	2.4939999999999145	WheelMovementIntervals													2.2130905665375735
1647.5948865336325	2.3401495683590383	trials	-1.0	1.0	1.5		0.25	0.2	1648.3881812276331	1648.3881026573836	1649.4349529246117	1648.1363040795065	1648.1373039887885	1648.261333212376	
1648.261333212376	0.5800000000001546	WheelMovementIntervals													0.48746282283785547
1649.287333212376	0.6920000000000073	WheelMovementIntervals													0.2190391204199642
1650.596447546541	2.3721225503566075	trials	-1.0	1.0	1.5		0.125	0.2	1651.4205394464261	1651.4204546851438	1652.4685443648525	1651.0864364250126	1651.087303013057	1650.992333212376	
1650.992333212376	0.66800000000012	WheelMovementIntervals													0.4281499458007261
1653.5153332123762	0.7229999999999563	WheelMovementIntervals													-0.6503850225126797
1653.6148736960051	3.3711575017591713	trials	1.0	1.0	1.5	0.25		0.2	1655.4342086345384	1655.4341036472792	1656.486013208236	1654.9359538393358	1654.9369870789271	1654.9863332123762	
1654.9863332123762	3.380999999999858	WheelMovementIntervals													0.4199607166002295
1657.6575402532944	3.1122758474216425	trials	-1.0	1.0	1.5		0.25	0.2	1659.2162655026384	1659.2161772363024	1660.2697365918061	1658.9851531372672	1658.986053055621	1659.085333212376	
1659.085333212376	0.4639999999999418	WheelMovementIntervals													0.582123737066027
1659.837333212376	0.15399999999999636	WheelMovementIntervals													0.021394792387226857
1661.0643332123761	0.2179999999998472	WheelMovementIntervals													0.019589614552401713
1661.4436300888317	3.675063009690575	trials	1.0	-1.0	0.0		0.0625	0.2	1662.570027894964	1662.5691487735583	1664.6185753712327	1662.0182779531763	1662.019344523077	1662.1013332123762	
1662.1013332123762	1.4519999999999982	WheelMovementIntervals													-0.7122434204530634
1665.791702271142	2.8275417499100968	trials	1.0	1.0	1.5	0.125		0.2	1667.072619391647	1667.0725202770302	1668.1191577764598	1666.5361680618735	1666.5370013196084	1666.672333212376	
1666.672333212376	1.4359999999999218	WheelMovementIntervals													0.36759537374598494
1668.394333212376	1.4259999999999309	WheelMovementIntervals													-0.1772552865617314
1669.2909514639932	2.7452475036268424	trials	1.0	1.0	1.5	0.25		0.8	1670.4898760233773	1670.4897713349344	1671.5361144354056	1670.2350658080236	1670.2360323869962	1670.388333212376	
1670.388333212376	1.7290000000000418	WheelMovementIntervals													-0.4801400276656409
1672.7081081047954	8.578151428903311	trials	1.0	-1.0	0.0		0.0	0.8	1678.7330281529592	1678.7321130412095	1680.7861752119247	1678.4182567109967	1678.419356611207	1678.556333212376	
1672.858333212376	0.22900000000004184	WheelMovementIntervals													0.01710339306897879
1673.644333212376	0.76299999999992	WheelMovementIntervals													-0.2671628461563955
1675.004333212376	0.14400000000000546	WheelMovementIntervals													0.01367806473417943
1675.4493332123761	0.6949999999999363	WheelMovementIntervals													0.08565766538004027
1676.546333212376	1.1479999999999109	WheelMovementIntervals													-0.6737206140950462
1678.556333212376	0.8609999999998763	WheelMovementIntervals													-0.4690776558500289
1681.9548691806842	2.330123529146931	trials	1.0	1.0	1.5	1.0		0.8	1682.7342651356655	1682.7341763810832	1683.7849031485343	1682.51835139138	1682.5193846309714	1682.634333212376	
1682.634333212376	1.5239999999998872	WheelMovementIntervals													0.4908015802001273
1684.9558969086422	2.612356093306289	trials	1.0	1.0	1.5	0.125		0.8	1686.0169339780434	1686.0168188768482	1687.0682052667908	1685.5863397109204	1685.5873729505117	1685.6503332123762	
1685.6503332123762	1.875	WheelMovementIntervals													0.4928679145074142
1688.2463650434195	2.4885385417733232	trials	1.0	1.0	1.5	0.0625		0.8	1689.1893794872394	1689.1892788891942	1690.234884632461	1688.8193463922942	1688.8203796318855	1688.974333212376	
1688.974333212376	0.8940000000000055	WheelMovementIntervals													-0.2894418770220568
1690.5053332123762	0.26499999999987267	WheelMovementIntervals													-0.09679377191400818
1691.4086114779395	2.6277554366363347	trials	1.0	1.0	1.5	0.25		0.8	1692.4842472228574	1692.48413334918	1693.536285108721	1692.1529772777428	1692.154077177953	1692.1423332123761	
1692.1423332123761	1.8070000000000164	WheelMovementIntervals													-0.3374300082196271
1694.7100786148183	2.275026912230942	trials	1.0	1.0	1.5	1.0		0.8	1695.4236805390465	1695.4235864279442	1696.4850509115417	1695.2014673662848	1695.202400614948	1695.321333212376	
1695.321333212376	1.5010000000002037	WheelMovementIntervals													-0.4132004055115175
1697.6606109240372	2.62435549113502	trials	1.0	1.0	1.5	0.125		0.8	1698.7147486193928	1698.7146324077141	1699.7849181935694	1698.386045108102	1698.3870783476934	1698.538333212376	
1698.538333212376	0.8859999999999673	WheelMovementIntervals													-0.2825613819916839
1699.916333212376	0.4329999999999927	WheelMovementIntervals													-0.02654055688431356
1700.9606781879213	2.9086626833714035	trials	1.0	1.0	1.5	0.0625		0.8	1702.300489965134	1702.300406138639	1703.369292996625	1701.6528153928966	1701.6537486415598	1701.8223332123762	
1701.8223332123762	1.0899999999999181	WheelMovementIntervals													0.44449889617312976
1704.5452529728334	3.424353292279193	trials	1.0	1.0	1.5	0.0625		0.8	1706.4087839016295	1706.4086808845166	1707.469520998246	1706.084813294273	1706.0857465429362	1706.220333212376	
1704.840333212376	0.6639999999999873	WheelMovementIntervals													-0.2603755585318055
1706.220333212376	0.7739999999998872	WheelMovementIntervals													0.4218344466612223
1708.637333212376	0.9930000000001655	WheelMovementIntervals													-0.33251832273604975
1708.6447143773382	3.590168904908296	trials	1.0	1.0	1.5	0.0		0.8	1710.6653310543306	1710.6652520312455	1711.7348340223193	1710.3349276972606	1710.3360942580894	1710.413333212376	
1710.413333212376	0.8489999999999327	WheelMovementIntervals													0.5101868919202985
1711.558333212376	0.07999999999992724	WheelMovementIntervals													-0.01718969234066492
1712.560333212376	0.11400000000003274	WheelMovementIntervals													-0.007654434134011012
1712.9118938987376	2.4895381835785884	trials	1.0	1.0	1.5	0.0		0.8	1713.8455091953074	1713.8454074666604	1714.9013800667517	1713.3862508621014	1713.3871174501458	1713.539333212376	
1713.539333212376	1.11200000000008	WheelMovementIntervals													0.7659996557421636
1716.0786399250267	2.339547879257907	trials	1.0	1.0	1.5	0.0		0.8	1716.8499366148242	1716.8498550487939	1717.9180730401272	1716.5525302640588	1716.5534301824125	1716.701333212376	
1716.701333212376	0.7789999999999964	WheelMovementIntervals													0.564469973468718
1719.0996991689333	3.003056072544723	trials	1.0	1.0	1.5	1.0		0.8	1720.5385019650605	1720.5384250744005	1721.6027054138547	1720.2525945710377	1720.253794462176	1720.384333212376	
1719.163333212376	0.5170000000000528	WheelMovementIntervals													-0.5361370846558486
1720.384333212376	1.627999999999929	WheelMovementIntervals													-0.301703679954926
1722.7784654082066	2.591230675103361	trials	1.0	1.0	1.5	0.25		0.8	1723.7977729302404	1723.7976766870127	1724.8695756895775	1723.534963440631	1723.53613000146	1723.6603332123761	
1723.6603332123761	1.4089999999998781	WheelMovementIntervals													-0.29221765328591687
1726.0531016460193	2.3816443931343656	trials	-1.0	1.0	1.5		0.25	0.8	1726.8667278287533	1726.8666161265305	1727.9346309418906	1726.5512897806032	1726.552123038338	1726.7573332123761	
1726.7573332123761	0.5370000000000346	WheelMovementIntervals													0.7974370874088805
1727.789333212376	1.5289999999999964	WheelMovementIntervals													-0.6439415753997508
1729.124556317737	3.261264803762515	trials	1.0	1.0	1.5	1.0		0.8	1730.8162695015822	1730.8161888943282	1731.8857391392614	1730.20269183586	1730.2037917360701	1730.3443332123761	
1730.3443332123761	1.0450000000000728	WheelMovementIntervals													-0.3242655186650012
1731.721333212376	0.2519999999999527	WheelMovementIntervals													-0.020055577885770504
1733.0645321917686	3.8715474250489024	trials	1.0	1.0	1.5	0.0625		0.8	1735.3729560904196	1735.3728592754794	1736.4359596480754	1733.7182728803166	1733.719139468361	1733.9393332123761	
1733.9393332123761	2.086999999999989	WheelMovementIntervals													-0.3501637980475323
1737.6191856317328	3.4504753344569963	trials	1.0	1.0	1.5	0.125		0.8	1739.5099474233075	1739.509825814333	1740.5696179500233	1738.234929767566	1738.2357963556103	1738.384333212376	
1738.384333212376	4.2349999999999	WheelMovementIntervals													-1.076054139996458
1742.084280530342	3.16694392613158	trials	1.0	1.0	1.5	0.0625		0.8	1743.6873017608773	1743.6872017508904	1744.7512052368868	1743.2346428289322	1743.2354760866672	1743.317333212376	
1743.317333212376	1.9120000000000346	WheelMovementIntervals													-0.48115850986270914
1745.9317314654827	2.420842616906384	trials	1.0	1.0	1.5	1.0		0.8	1746.7886537201257	1746.7885458411174	1747.8525238658258	1746.5190781777083	1746.5202114082279	1746.6603332123761	
1746.6603332123761	1.8959999999999582	WheelMovementIntervals													0.33646608959953994
1749.0323834882338	2.5867575476686397	trials	1.0	1.0	1.5	0.0		0.8	1750.0493245583004	1750.0492053233233	1751.1190941687641	1749.71782130102	1749.718821210302	1749.7863332123761	
1749.7863332123761	0.83400000000006	WheelMovementIntervals													0.43660490658375295
1750.952333212376	0.16499999999996362	WheelMovementIntervals													0.0180592769089003
1752.3003536641668	4.100958926875137	trials	1.0	1.0	1.5	0.25		0.8	1754.8376901277688	1754.8375888844348	1755.9012269703749	1752.934729442954	1752.9358293431642	1753.127333212376	
1753.127333212376	0.7300000000000182	WheelMovementIntervals													-0.27123618251160053
1754.348333212376	1.3500000000001364	WheelMovementIntervals													0.28011555975076874
1757.0801200138103	2.4556402376933875	trials	1.0	1.0	1.5	0.125		0.8	1757.9788384764395	1757.9787340064652	1759.0357425874752	1757.6358695927258	1757.6368361716984	1757.628333212376	
1757.628333212376	1.0730000000000928	WheelMovementIntervals													1.041176667077366
1760.2159688432864	2.3868433187872142	trials	1.0	1.0	1.5	0.0		0.8	1761.046193520101	1761.0460832134459	1762.102764328043	1760.7678521063117	1760.7688186852843	1760.9003332123762	
1760.9003332123762	0.6899999999998272	WheelMovementIntervals													0.6555915894340814
1763.3013222540235	3.967866682972499	trials	1.0	1.0	1.5	0.0625		0.8	1765.705970755909	1765.7058614521004	1766.7691409651118	1764.901277096094	1764.9021770144477	1764.946333212376	
1763.470333212376	0.7129999999999654	WheelMovementIntervals													-0.5817281774816934
1764.946333212376	1.711999999999989	WheelMovementIntervals													-0.3667575127840621
1767.972998410287	2.561656911957243	trials	1.0	1.0	1.5	0.0		0.8	1768.9686414126477	1768.9685197503911	1770.03461136784	1768.5013504748765	1768.5021837326115	1768.6613332123761	
1768.6613332123761	1.0899999999999181	WheelMovementIntervals													-0.2920361547401029
1769.956333212376	0.49700000000007094	WheelMovementIntervals													-0.04964534466863313
1770.657333212376	0.2920000000001437	WheelMovementIntervals													0.026948773387644565
1771.24206848643	3.6926599042969883	trials	-1.0	1.0	1.5		0.25	0.8	1773.3675089864817	1773.3674018136076	1774.4346788328123	1772.3355692771856	1772.3365025258488	1772.4483332123762	
1771.614333212376	0.06799999999998363	WheelMovementIntervals													-0.00595752022100271
1772.4483332123762	3.566000000000031	WheelMovementIntervals													0.4543691856381997
1775.6277372577422	6.175300071988886	trials	1.0	1.0	1.5	0.25		0.8	1780.2485180315534	1780.248410640189	1781.3029890300031	1776.7522352362387	1776.7532018152112	1776.831333212376	
1776.831333212376	2.425000000000182	WheelMovementIntervals													-0.19100269514886747
1779.6323332123761	2.655999999999949	WheelMovementIntervals													0.8807026739158772
1782.5065465023936	2.644553107398224	trials	1.0	1.0	1.5	1.0		0.8	1783.5929812675568	1783.5928674961256	1784.6510519394214	1783.1011925523776	1783.1021924616596	1783.157333212376	
1783.157333212376	2.0900000000001455	WheelMovementIntervals													0.960744199058496
1785.498333212376	0.3430000000000746	WheelMovementIntervals													-0.15133955001370225
1785.838310890516	4.614175645879413	trials	1.0	1.0	1.5	0.25		0.8	1788.8876675671024	1788.8875595589275	1789.9524043008469	1786.4690203352693	1786.4698869233137	1788.6303332123762	
1788.6303332123762	1.877999999999929	WheelMovementIntervals													0.44452037451726767
1790.6423332123761	0.1610000000000582	WheelMovementIntervals													0.0087577602991189
1791.1497956659985	3.051149584725181	trials	1.0	1.0	1.5	0.25		0.8	1792.6366274379693	1792.6365188524442	1793.7008975473823	1791.8510653757492	1791.851898633484	1791.9873332123761	
1791.9873332123761	1.6579999999999018	WheelMovementIntervals													0.3370329895367803
1793.944333212376	1.2660000000000764	WheelMovementIntervals													-0.6045860520142128
1794.9119543393874	2.7894688349724674	trials	1.0	1.0	1.5	0.125		0.8	1796.1502753244808	1796.1501840070591	1797.2013133010626	1795.7859083821334	1795.7869082914153	1795.923333212376	
1795.923333212376	2.5809999999999036	WheelMovementIntervals													0.4981606439882711
1798.3997379058055	2.5348338404241986	trials	1.0	1.0	1.5	1.0		0.8	1799.3832486755452	1799.3831502585942	1800.4344866339832	1799.102340827932	1799.103240746286	1799.260333212376	
1799.260333212376	2.11200000000008	WheelMovementIntervals													-0.5875152003935113
1801.6269784436533	2.4586377099508354	trials	-1.0	1.0	1.5		0.25	0.8	1802.5215972782264	1802.5214914358137	1803.5855674148547	1802.2524883601404	1802.2535549300412	1802.384333212376	
1802.384333212376	1.1929999999999836	WheelMovementIntervals													1.3790012079855387
1804.206333212376	0.30700000000001637	WheelMovementIntervals													0.05843239513608012
1804.7940244427268	14.42474986180946	trials	1.0	1.0	1.5	0.0		0.8	1817.654457663633	1817.6543454228104	1818.7187277730459	1805.251049645203	1805.2519162332474	1806.215333212376	
1806.215333212376	1.7730000000001382	WheelMovementIntervals													-0.21318541883937314
1810.196333212376	0.5740000000000691	WheelMovementIntervals													0.3052308455957302
1811.273333212376	0.581000000000131	WheelMovementIntervals													0.26360700129947645
1813.3723332123761	0.7469999999998436	WheelMovementIntervals													-0.30798353985909444
1815.580333212376	0.18299999999999272	WheelMovementIntervals													-0.04944535063472699
1817.510333212376	2.54099999999994	WheelMovementIntervals													1.3895958204765861
1819.930184528764	3.639063510926235	trials	1.0	1.0	1.5	0.125		0.8	1822.0103291383425	1822.010219687504	1823.069199737633	1820.601156987271	1820.6022568874812	1820.7353332123762	
1820.7353332123762	3.252999999999929	WheelMovementIntervals													1.106283067413699
1824.2660578178343	2.5016358639854843	trials	1.0	1.0	1.5	1.0		0.8	1825.2057725610239	1825.205670537124	1826.2676762184694	1824.7342820042684	1824.735248583241	1824.8823332123761	
1824.8823332123761	0.9049999999999727	WheelMovementIntervals													-0.45089492408772003
1826.1903332123761	0.9359999999999218	WheelMovementIntervals													0.10026007716467689
1827.4631010953665	2.571256176936231	trials	1.0	1.0	1.5	0.125		0.8	1828.4832418751355	1828.4831225874448	1829.5342798517172	1828.1187749418598	1828.1195748692853	1828.3043332123762	
1828.3043332123762	1.0470000000000255	WheelMovementIntervals													0.4565604218594359
1830.614333212376	1.2490000000000236	WheelMovementIntervals													-0.34576206241402474
1830.7428702008267	3.92596959187631	trials	1.0	1.0	1.5	0.0625		0.8	1833.1071223677209	1833.1070109033085	1834.168726052382	1832.50177728842	1832.5025772158456	1832.635333212376	
1832.635333212376	1.8070000000000164	WheelMovementIntervals													-0.2992620339700096
1834.5913332123762	1.056999999999789	WheelMovementIntervals													0.05153291098106649
1835.3749499495243	2.74394262675969	trials	1.0	1.0	1.5	0.125		0.8	1836.5574759966842	1836.5573674563743	1837.6187797085606	1836.3010325961698	1836.3019325145235	1836.446333212376	
1836.446333212376	0.6660000000001673	WheelMovementIntervals													-0.4709516476829947
1838.1423332123761	1.377999999999929	WheelMovementIntervals													-0.6447493987009665
1838.849401392183	3.002852148707916	trials	1.0	1.0	1.5	0.125		0.8	1840.2947369289523	1840.2946255279444	1841.3521743249385	1840.0341605700723	1840.035293800592	1840.1703332123761	
1840.1703332123761	1.0229999999999109	WheelMovementIntervals													1.433654545806533
1842.5635644200374	2.47203674102866	trials	1.0	1.0	1.5	0.25		0.8	1843.4815811318085	1843.4814776913468	1844.5355521756173	1843.067652019385	1843.0686185983575	1843.147333212376	
1843.147333212376	1.387000000000171	WheelMovementIntervals													0.9417785993711902
1845.7421093758537	3.6600895624931127	trials	1.0	-1.0	0.0		0.25	0.2	1846.8529419274967	1846.8519359268923	1848.902122679644	1846.4674768992995	1846.4686101298191	1846.5943332123761	
1846.5943332123761	1.1929999999999836	WheelMovementIntervals													-0.4047556668842702
1850.1032137091388	3.5489408563289544	trials	1.0	-1.0	0.0		0.0625	0.2	1851.099623308616	1851.0987246087002	1853.1520704310842	1850.6675625078792	1850.66862907778	1850.789333212376	
1850.789333212376	1.384999999999991	WheelMovementIntervals													-0.48693654799426156
1854.364333212376	0.7319999999999709	WheelMovementIntervals													-0.12150922188396862
1854.3651603719627	3.0856747318871385	trials	-1.0	1.0	1.5		1.0	0.2	1855.8991878620423	1855.8990965280975	1856.9507257932648	1855.6842406967294	1855.6853072666302	1855.7363332123762	
1855.7363332123762	0.43699999999989814	WheelMovementIntervals													0.7564736878090201
1857.395333212376	0.08100000000013097	WheelMovementIntervals													-0.01210247445926882
1858.1564497357663	4.6456708338812405	trials	-1.0	1.0	1.5		1.0	0.2	1861.253902048815	1861.253795628458	1862.3020069581696	1860.2183959964134	1860.2192959147671	1860.3993332123762	
1858.840333212376	0.13200000000006185	WheelMovementIntervals													-0.03851306742284066
1860.3993332123762	1.3479999999999563	WheelMovementIntervals													0.7250466636394464
1862.021333212376	0.44399999999996	WheelMovementIntervals													-0.26565298392108616
1863.8413339674435	2.460537655808139	trials	-1.0	1.0	1.5		0.125	0.2	1864.7456519220516	1864.745547070453	1865.8017894359712	1864.4843756266744	1864.4853088753375	1864.5823332123762	
1864.5823332123762	0.35599999999999454	WheelMovementIntervals													0.4506403786504336
1865.146333212376	1.4320000000000164	WheelMovementIntervals													-0.45737407332082114
1867.009379875799	3.0423504911113923	trials	-1.0	1.0	1.5		1.0	0.2	1868.489212282796	1868.4891034606692	1869.551649225192	1868.2508005796665	1868.252000470805	1868.356333212376	
1868.356333212376	1.1949999999999363	WheelMovementIntervals													0.6126668055335642
1869.9293332123762	0.2980000000000018	WheelMovementIntervals													0.08072131803182003
1870.7594396468762	2.6913475257374557	trials	-1.0	1.0	1.5		0.125	0.2	1871.899769522337	1871.899658934361	1872.9507408383	1871.3841163056284	1871.3850162239821	1871.542333212376	
1871.542333212376	2.622000000000071	WheelMovementIntervals													0.7422991310527749
1874.165797267433	2.8857604012287084	trials	1.0	1.0	1.5	0.25		0.2	1875.4973431279147	1875.4972242124868	1876.5514808232706	1874.8849320230213	1874.885998592922	1875.0923332123762	
1875.0923332123762	1.324999999999818	WheelMovementIntervals													0.5916989191670439
1876.7863332123761	0.3350000000000364	WheelMovementIntervals													-0.1288900419271357
1877.770570219841	2.547031426910735	trials	-1.0	1.0	1.5		1.0	0.2	1878.7630801731182	1878.7629816855824	1879.8175511715679	1878.5007373078402	1878.5020371899068	1878.615333212376	
1877.810333212376	0.1570000000001528	WheelMovementIntervals													0.01306832601491692
1878.615333212376	1.1959999999999127	WheelMovementIntervals													0.574607126341192
1881.029607872855	2.472362802850057	trials	-1.0	1.0	1.5		0.25	0.2	1881.9549239223843	1881.95483062687	1883.0019289315287	1881.7183120559623	1881.7193452955537	1881.770333212376	
1881.770333212376	0.6539999999999964	WheelMovementIntervals													0.7221462742356692
1884.2091860682624	2.8094396397245873	trials	1.0	1.0	1.5	0.0625		0.2	1885.466505329713	1885.4664029119401	1886.5185432155768	1884.7506702747553	1884.7517035143467	1884.857333212376	
1884.857333212376	1.734000000000151	WheelMovementIntervals													2.226492761370494
1887.7306332471733	2.9548560539819846	trials	-1.0	1.0	1.5		0.25	0.2	1889.1352724761666	1889.1351589405422	1890.185443864704	1888.4675330576713	1888.4683663154062	1888.566333212376	
1888.566333212376	1.0470000000000255	WheelMovementIntervals													1.1909486690440048
1889.885333212376	1.2239999999999327	WheelMovementIntervals													-0.34536815965499557
1891.3997003664115	3.9009713452046526	trials	1.0	-1.0	0.0		0.0625	0.2	1892.750044521394	1892.7488243489713	1894.8005584859175	1891.8840564225948	1891.8850563318765	1891.975333212376	
1891.975333212376	1.9110000000000582	WheelMovementIntervals													-0.9983214201001687
1896.00788228327	2.8270388095145336	trials	1.0	1.0	1.5	0.25		0.2	1897.283099920868	1897.282998885951	1898.3348711642561	1896.518635944497	1896.519802505326	1896.6033332123761	
1896.6033332123761	1.9389999999998508	WheelMovementIntervals													0.9571670325396582
1899.54212830099	3.6086641740048435	trials	1.0	-1.0	0.0		0.0625	0.2	1900.5893999526095	1900.5886463315449	1902.6506796070685	1900.2172337178624	1900.2184002786914	1900.3713332123762	
1900.3713332123762	0.4359999999999218	WheelMovementIntervals													-0.3397060414128106
1902.491333212376	0.6720000000000255	WheelMovementIntervals													0.4119850001589498
1903.8649027784666	2.603653456622169	trials	1.0	1.0	1.5	0.0625		0.2	1904.9134076515338	1904.9133234986543	1905.9684785955528	1904.38528889911	1904.3860888265356	1904.561333212376	
1904.561333212376	0.8810000000000855	WheelMovementIntervals													0.6096513979812812
1905.7473332123761	0.5090000000000146	WheelMovementIntervals													-0.23745775192226404
1907.183468364067	2.700446481498375	trials	-1.0	1.0	1.5		1.0	0.2	1908.332997404922	1908.3328872971867	1909.3838687299567	1907.8507744885403	1907.8517410675129	1907.8413332123762	
1907.8413332123762	1.2339999999999236	WheelMovementIntervals													0.7605058918624081
1909.4283332123762	1.2789999999999964	WheelMovementIntervals													-0.46044955333474036
1910.6039247054996	2.5812537030585645	trials	-1.0	1.0	1.5		1.0	0.2	1911.6390307941886	1911.6389454371842	1912.685135884979	1911.4180508428744	1911.4190840824658	1911.4873332123761	
1911.4873332123761	0.38599999999996726	WheelMovementIntervals													0.6672583852267167
1912.816333212376	0.34600000000000364	WheelMovementIntervals													-0.05725960929133578
1913.9144910168443	2.387440894736528	trials	-1.0	1.0	1.5		0.0625	0.2	1914.7299836969046	1914.729904301062	1915.8018531168605	1914.433910558515	1914.4347771465593	1914.5163332123761	
1914.5163332123761	0.25299999999992906	WheelMovementIntervals													0.2938035484953474
1917.029241760471	2.6557224802290875	trials	-1.0	1.0	1.5		0.25	0.2	1918.1171430592476	1918.1170501493616	1919.1849461814568	1917.5506277903962	1917.5517943512252	1917.627333212376	
1917.627333212376	0.6970000000001164	WheelMovementIntervals													0.6028027442501696
1919.013333212376	0.4270000000001346	WheelMovementIntervals													-0.18435289767668905
1920.297333212376	0.2580000000000382	WheelMovementIntervals													0.07558677326996133
1920.4154678741509	2.5528568459842518	trials	-1.0	1.0	1.5		1.0	0.2	1921.4070112484558	1921.4068891740046	1922.4682149694038	1921.166999690475	1921.1681329209946	1921.2853332123761	
1921.2853332123761	0.7480000000000473	WheelMovementIntervals													1.1367560111878845
1923.6831380772994	2.818738751093406	trials	-1.0	1.0	1.5		0.125	0.2	1924.9248587539514	1924.9247542656576	1926.001794380936	1924.3173472045396	1924.3185137653686	1924.321333212376	
1924.321333212376	1.3269999999999982	WheelMovementIntervals													0.6003429259413053
1927.2167841494502	3.0505745309860686	trials	-1.0	1.0	1.5		0.0	0.2	1928.7003162207905	1928.700219419863	1929.7672527549553	1927.9672493958735	1927.9681493142273	1928.031333212376	
1928.031333212376	1.08400000000006	WheelMovementIntervals													0.6964319915595354
1929.811333212376	1.0040000000001328	WheelMovementIntervals													-0.5365160748672224
1931.0012741301364	2.9005329679318947	trials	-1.0	1.0	1.5		0.25	0.2	1932.3321867147397	1932.332088338754	1933.4016896827281	1932.0680773430636	1932.0691439129644	1932.027333212376	
1932.027333212376	0.73700000000008	WheelMovementIntervals													0.8078202144647548
1933.453333212376	0.609000000000151	WheelMovementIntervals													0.24465263540520255
1934.4083332123762	0.14399999999977808	WheelMovementIntervals													0.02229064683484694
1934.6172127361929	2.416739443690176	trials	-1.0	1.0	1.5		0.25	0.2	1935.4761348093998	1935.4760260421947	1936.5338721781704	1935.2502886329135	1935.2511552209578	1935.3153332123761	
1935.3153332123761	1.9809999999999945	WheelMovementIntervals													0.4793825702467984
1937.7553613570176	2.5298584609165573	trials	-1.0	1.0	1.5		1.0	0.2	1938.719807189781	1938.7196828785684	1939.7851771994042	1938.4848951691383	1938.4858284178015	1938.607333212376	
1938.607333212376	0.5779999999999745	WheelMovementIntervals													0.6140118901674327
1940.0053332123762	0.5399999999999636	WheelMovementIntervals													-0.05038339646658585
1940.9989337464706	3.419448751958271	trials	-1.0	1.0	1.5		0.25	0.2	1942.8447662809758	1942.8446589819034	1943.9183022164016	1942.6672157228086	1942.6681823017811	1942.724333212376	
1941.280333212376	0.08300000000008367	WheelMovementIntervals													0.004697395416656036
1942.724333212376	0.7019999999999982	WheelMovementIntervals													0.4344817358848161
1943.828333212376	0.11599999999998545	WheelMovementIntervals													0.004590196411740521
1945.14969049714	3.017551241339106	trials	-1.0	1.0	1.5		1.0	0.2	1946.6089247729287	1946.608814307576	1947.6671954266499	1945.733970820901	1945.7348707392548	1945.921333212376	
1945.921333212376	1.3299999999999272	WheelMovementIntervals													0.4727818260769112
1947.6893332123761	0.90300000000002	WheelMovementIntervals													-0.4160742569459188
1948.8864514747672	2.4483629693681905	trials	-1.0	1.0	1.5		1.0	0.2	1949.7633719150494	1949.763273309468	1950.8347747106736	1949.5348926441206	1949.5358592230932	1949.617333212376	
1949.617333212376	0.5370000000000346	WheelMovementIntervals													0.599339534236421
1951.145333212376	0.45100000000002183	WheelMovementIntervals													-0.07313018657919201
1952.057530441278	3.327456694084958	trials	-1.0	-1.0	0.0	0.0625		0.2	1952.8122619673043	1952.8114428334898	1954.8849405875776	1952.5335872504209	1952.5345538293934	1952.590333212376	
1952.590333212376	0.77800000000002	WheelMovementIntervals													0.3310973395083039
1953.731333212376	0.23700000000008004	WheelMovementIntervals													-0.019938732800213188
1956.101196907849	3.3659507075328747	trials	1.0	1.0	1.5	0.0625		0.8	1957.9059331708656	1957.9058219496844	1958.967070231195	1956.7504713349376	1956.7515379048384	1956.873333212376	
1956.873333212376	2.8489999999999327	WheelMovementIntervals													-0.32406246812044515
1960.2438543933347	3.4231476440802453	trials	-1.0	-1.0	0.0	0.125		0.8	1961.111575668223	1961.1106659513569	1963.1669558579183	1960.8848962340016	1960.8858961432836	1960.9373332123762	
1960.9373332123762	1.2469999999998436	WheelMovementIntervals													0.3133765982649237
1964.4081099193106	2.376866524894467	trials	1.0	1.0	1.5	0.125		0.8	1965.226535666598	1965.2264321343378	1966.2849396415568	1964.9346954775024	1964.9355620655467	1965.0843332123761	
1965.0843332123761	0.6009999999998854	WheelMovementIntervals													0.5126550283568179
1967.5187943651908	2.7149414551349764	trials	1.0	1.0	1.5	0.0625		0.8	1968.6730896402898	1968.6730111389518	1969.7336267550502	1968.1002749429622	1968.1012415219348	1968.171333212376	
1968.171333212376	1.0570000000000164	WheelMovementIntervals													0.5794442149850028
1971.3189495912943	2.5480302524890703	trials	1.0	1.0	1.5	1.0		0.8	1972.3143592814895	1972.3142606272756	1973.366897121994	1971.9181952239753	1971.919261793876	1972.0453332123761	
1972.0453332123761	1.5609999999999218	WheelMovementIntervals													-0.4675190420616673
1973.924333212376	0.3869999999999436	WheelMovementIntervals													0.10082632295099359
1974.5928858926097	2.6242503765938636	trials	1.0	1.0	1.5	0.0625		0.8	1975.6468236061091	1975.6467053191836	1976.7170598409043	1975.1512685659677	1975.1522684752497	1975.338333212376	
1975.338333212376	0.859000000000151	WheelMovementIntervals													-0.3899419028178812
1976.379333212376	0.3410000000001219	WheelMovementIntervals													-0.024927991287626128
1977.9518478132015	2.5483552348077865	trials	1.0	1.0	1.5	0.0625		0.8	1978.93375872809	1978.9336683233037	1980.0000953166857	1978.501064651475	1978.5019979001381	1978.3803332123762	
1978.3803332123762	1.3819999999998345	WheelMovementIntervals													0.31739564359173755
1981.236916437856	2.7136444543173184	trials	1.0	1.0	1.5	1.0		0.8	1982.3841456873627	1982.3840343842414	1983.4504822759584	1981.8678925250847	1981.8689590949855	1982.010333212376	
1982.010333212376	0.8920000000000528	WheelMovementIntervals													-0.36815859624518055
1983.2063332123762	0.4939999999999145	WheelMovementIntervals													-0.16469454948735063
1984.009333212376	0.05700000000001637	WheelMovementIntervals													0.004019320060379528
1984.683970366189	3.666458367038331	trials	1.0	1.0	1.5	0.125		0.8	1986.7874128620374	1986.7873027021935	1987.8503830893837	1985.93462356576	1985.935623475042	1986.1593332123762	
1986.1593332123762	1.5739999999998417	WheelMovementIntervals													0.4978383239167954
1988.027333212376	0.3489999999999327	WheelMovementIntervals													0.029831281651723884
1989.082337985382	2.7358424320661925	trials	1.0	1.0	1.5	0.125		0.8	1990.2533650757994	1990.253255289963	1991.3181018095438	1989.651486348676	1989.6523196064109	1989.810333212376	
1989.810333212376	1.9500000000000455	WheelMovementIntervals													-0.3841348480845852
1992.5576893463945	2.5106581374373036	trials	-1.0	1.0	1.5		1.0	0.8	1993.5055033547678	1993.5054105371087	1994.5682402699485	1993.1337037534242	1993.1346703323968	1993.223333212376	
1993.223333212376	0.5450000000000728	WheelMovementIntervals													0.5486812914574415
1994.200333212376	0.4959999999998672	WheelMovementIntervals													0.03099047150291767
1995.800061844709	3.2350614240081086	trials	1.0	1.0	1.5	0.125		0.8	1997.4789761897453	1997.478892682719	1998.5350137127366	1996.9334256855057	1996.9343256038594	1997.027333212376	
1997.027333212376	1.0930000000000746	WheelMovementIntervals													0.9050250665055302
1999.7721348066916	2.5629281894471205	trials	1.0	1.0	1.5	0.0625		0.8	2000.769244342666	2000.7691449947047	2001.834947655383	2000.2500247828516	2000.2509913618242	2000.4113332123761	
2000.4113332123761	1.1189999999999145	WheelMovementIntervals													0.47935727659800875
2003.0742685497585	2.909256652444583	trials	1.0	1.0	1.5	0.0625		0.8	2004.4151135665627	2004.4149937362297	2005.4834499737221	2003.8167011916166	2003.8176677705892	2004.018333212376	
2004.018333212376	1.2110000000000127	WheelMovementIntervals													1.500694344270812
2006.7268371658442	2.756740688561422	trials	-1.0	1.0	1.5		1.0	0.8	2007.9293613986433	2007.9292540407644	2008.9835657546178	2007.484535089407	2007.4857349805454	2007.568333212376	
2007.568333212376	0.5540000000000873	WheelMovementIntervals													0.43396713671786813
2008.724333212376	0.5310000000001764	WheelMovementIntervals													-0.6610518563888519
2010.226886286121	2.8064638796149666	trials	1.0	1.0	1.5	0.125		0.8	2011.469006926486	2011.4689136715353	2012.5332437055895	2010.8181326445463	2010.8190325629	2010.902333212376	
2010.902333212376	1.6469999999999345	WheelMovementIntervals													0.3752712561473288
2013.7737644911033	2.393138512323958	trials	1.0	1.0	1.5	0.0		0.8	2014.6092886871122	2014.6091772370687	2015.6667927437172	2014.284818125115	2014.2857180434687	2014.444333212376	
2014.444333212376	1.1590000000001055	WheelMovementIntervals													0.9833659003885629
2016.9189124769016	2.649346798528768	trials	1.0	1.0	1.5	0.125		0.8	2018.0135464981768	2018.013430984414	2019.068150817864	2017.401002072046	2017.4020353116373	2017.571333212376	
2017.571333212376	0.8070000000000164	WheelMovementIntervals													-0.30622355833662596
2018.6993332123761	0.5750000000000455	WheelMovementIntervals													0.0403036946404427
2020.3254700793148	2.691243854961158	trials	1.0	1.0	1.5	1.0		0.8	2021.457200734951	2021.4570876785415	2022.5166712798105	2021.0335058418734	2021.0344057602272	2021.0533332123762	
2021.0533332123762	0.8029999999998836	WheelMovementIntervals													-0.3449391599385194
2022.355333212376	1.6869999999998981	WheelMovementIntervals													-0.23680312625261024
2023.7755237354936	2.5914509133788215	trials	-1.0	1.0	1.5		1.0	0.8	2024.8176625194656	2024.8175434035113	2025.8669339896492	2024.5678518505217	2024.568718438566	2024.6993332123761	
2024.6993332123761	0.16499999999996362	WheelMovementIntervals													0.3478276701315508
2025.675333212376	0.7840000000001055	WheelMovementIntervals													-0.20198647343401888
2027.1209868807787	3.4634711796782085	trials	1.0	1.0	1.5	0.25		0.8	2029.03301340975	2029.0329250700006	2030.0843513591162	2027.6846690733312	2027.685735643232	2027.825333212376	
2027.825333212376	2.5709999999999127	WheelMovementIntervals													-0.3573771401503336
2031.3365710832288	3.2312331543259916	trials	-1.0	-1.0	0.0	0.0		0.8	2032.0070769174044	2032.0060775383565	2034.0677899566037	2031.8166941901186	2031.8177607600194	2031.873333212376	
2031.873333212376	0.9329999999999927	WheelMovementIntervals													0.6423718043224085
2032.974333212376	2.3070000000000164	WheelMovementIntervals													0.3991831999899773
2035.321909508352	2.3462422140471517	trials	1.0	1.0	1.5	0.0		0.8	2036.108438149545	2036.1083229872966	2037.1681420065702	2035.8000661269873	2035.8010993665787	2035.8633332123761	
2035.8633332123761	1.7619999999999436	WheelMovementIntervals													-0.3985697489316635
2038.4121624745708	7.254728494707933	trials	1.0	-1.0	0.0		0.125	0.8	2043.1141025517682	2043.1133444451973	2045.1668163167117	2038.9333151923304	2038.93444842285	2042.796333212376	
2042.796333212376	0.5119999999999436	WheelMovementIntervals													-0.3921402852132019
2046.4248021843505	2.592950721014404	trials	1.0	1.0	1.5	1.0		0.8	2047.465041140687	2047.4649217279843	2048.517712302429	2047.0012498854026	2047.002116473447	2047.1213332123762	
2047.1213332123762	2.6659999999997126	WheelMovementIntervals													-0.3607742598017438
2049.772865093769	2.3939391552689813	trials	1.0	1.0	1.5	0.25		0.8	2050.61268889969	2050.612578126583	2051.6667599344273	2050.3332142553813	2050.334114173735	2050.4563332123757	
2050.4563332123757	1.30600000000004	WheelMovementIntervals													0.3639251946139268
2052.910213787168	3.689755319746382	trials	-1.0	-1.0	0.0	0.0625		0.8	2054.0371448782507	2054.036130057507	2056.0998577360137	2053.4344662237017	2053.4354661329835	2053.463333212376	
2053.463333212376	1.5349999999998545	WheelMovementIntervals													0.29834777352756703
2057.347177904645	10.886097964224973	trials	1.0	-1.0	0.0		0.0625	0.8	2065.674855698862	2065.6738277954046	2067.7332356164034	2057.934324635014	2057.935157892749	2057.9943332123758	
2057.9943332123758	1.3330000000000837	WheelMovementIntervals													-0.28334835116778834
2062.9223332123756	0.3910000000000764	WheelMovementIntervals													0.1275120038770865
2065.625333212376	0.22499999999990905	WheelMovementIntervals													-0.09034836898615595
2067.839333212376	0.22299999999995634	WheelMovementIntervals													0.04741286627464092
2068.997087618496	2.6194485032524426	trials	1.0	1.0	1.5	0.25		0.8	2070.0663239440096	2070.06620659864	2071.116428671928	2069.550870709157	2069.5518372881297	2069.6283332123758	
2069.6283332123758	2.8409999999998945	WheelMovementIntervals													0.43609807564882885
2072.3771476249376	2.3905379662114683	trials	-1.0	1.0	1.5		1.0	0.8	2073.209372120316	2073.2092601442682	2074.2676094437275	2073.017389538179	2073.0185227686984	2073.089333212376	
2073.089333212376	0.737999999999829	WheelMovementIntervals													1.4737503421591782
2074.4563332123757	1.3589999999999236	WheelMovementIntervals													0.29123670336888097
2075.528595039212	3.271357777209232	trials	1.0	1.0	1.5	0.25		0.8	2077.246339194698	2077.246224325085	2078.299910274794	2076.5001068975685	2076.5008734946846	2076.5703332123758	
2076.5703332123758	1.356000000000222	WheelMovementIntervals													-0.3452499909398199
2078.571333212376	0.14199999999982538	WheelMovementIntervals													0.008248752401371462
2079.0233332123757	0.8820000000000618	WheelMovementIntervals													-0.27785098253973217
2079.5492635922983	2.3851380371447704	trials	1.0	1.0	1.5	1.0		0.8	2080.3736887952773	2080.373576046868	2081.434325900966	2080.117478706929	2080.1185452768295	2080.2483332123757	
2080.2483332123757	2.117000000000189	WheelMovementIntervals													0.4014290832365077
2082.6988111789374	10.317683364352888	trials	-1.0	-1.0	0.0	0.125		0.8	2090.458973795021	2090.4580475708813	2092.5164537942087	2083.233162699219	2083.2342292691196	2090.1033332123757	
2085.968333212376	0.3429999999998472	WheelMovementIntervals													-0.07211235920614456
2090.1033332123757	1.3590000000003783	WheelMovementIntervals													0.7429322495728599
2093.4023332123757	0.16700000000037107	WheelMovementIntervals													0.02602373163364291
2093.7787059414504	3.4042486297721553	trials	-1.0	-1.0	0.0	0.25		0.8	2094.630928622468	2094.629917600941	2096.682909120605	2094.4343797879437	2094.435246375988	2094.533333212376	
2094.533333212376	1.0419999999999163	WheelMovementIntervals													0.4570166146975936
2097.928462782838	2.689262640434208	trials	1.0	1.0	1.5	0.25		0.8	2099.0602934294025	2099.060188302222	2100.11766416477	2098.5508063199322	2098.551939550452	2098.7373332123757	
2098.7373332123757	1.4720000000002074	WheelMovementIntervals													2.2159031099651116
2101.2243332123758	0.9619999999999891	WheelMovementIntervals													-0.1009008262832225
2101.7539490440845	4.412584779165172	trials	-1.0	-1.0	0.0	0.0		0.8	2103.590282440411	2103.5892834745737	2105.6664607431717	2103.3497042671706	2103.3506041855244	2103.439333212376	
2103.439333212376	0.7669999999998254	WheelMovementIntervals													0.512800220456711
2106.0613332123758	0.3409999999998945	WheelMovementIntervals													-0.16064462399603485
2106.9296461390763	2.753539535387972	trials	1.0	1.0	1.5	0.125		0.8	2108.1311371322845	2108.131062516408	2109.183108357529	2107.5010609634096	2107.5019608817634	2107.655333212376	
2107.655333212376	1.1159999999999854	WheelMovementIntervals													0.4915934466418861
2110.164333212376	1.2719999999999345	WheelMovementIntervals													-0.17345524363791753
2110.44319403466	5.723200353160337	trials	1.0	1.0	1.5	0.0		0.8	2114.620748354086	2114.620665824485	2115.6663534902355	2112.0006860625563	2112.001619311219	2114.4203332123757	
2114.4203332123757	0.9460000000003674	WheelMovementIntervals													1.197203727911841
2115.9583332123757	0.3170000000000073	WheelMovementIntervals													0.03689964008809454
2116.462333212376	1.0789999999997235	WheelMovementIntervals													0.3037062128135375
2116.9300055104723	5.387695918260306	trials	1.0	1.0	1.5	0.25		0.8	2120.741959666103	2120.741871958889	2121.8176287413303	2120.0339572338535	2120.034990473445	2120.087333212376	
2117.953333212376	0.8409999999998945	WheelMovementIntervals													0.15470827727939707
2119.321333212376	0.10500000000001819	WheelMovementIntervals													0.028632785711266706
2120.087333212376	2.8339999999998327	WheelMovementIntervals													-0.2936272440898904
2123.093812957901	2.789237680145561	trials	1.0	1.0	1.5	0.0		0.8	2124.31463553056	2124.31452857339	2125.382971937719	2123.6661610308965	2123.666994288632	2123.7533332123758	
2123.7533332123758	2.423000000000229	WheelMovementIntervals													0.7407796130443387
2126.63585826802	2.732041986646891	trials	1.0	1.0	1.5	0.0		0.8	2127.798186147684	2127.798075278433	2128.8678557672197	2127.2339373398718	2127.235003909773	2127.406333212376	
2127.406333212376	0.794999999999618	WheelMovementIntervals													-0.2842638508942201
2128.5183332123756	0.5740000000000691	WheelMovementIntervals													0.03312968521173332
2129.238333212376	0.16499999999996362	WheelMovementIntervals													0.012423251332762675
2130.1159092026573	3.501366685580251	trials	1.0	1.0	1.5	0.0625		0.8	2132.0547666306948	2132.0546450196007	2133.1172369034	2131.649603389643	2131.650669959544	2131.787333212376	
2130.1483332123757	0.9480000000003201	WheelMovementIntervals													-0.7884756829801489
2131.787333212376	2.443000000000211	WheelMovementIntervals													0.5766431171173991
2134.3893881525332	5.2618066690452	trials	1.0	-1.0	0.0		0.0625	0.8	2137.085676861658	2137.0848417711045	2139.151122804792	2135.1161888792835	2135.1170221370185	2136.2573332123757	
2136.2573332123757	2.156000000000404	WheelMovementIntervals													-0.3554088359573768
2140.4161080374047	2.551426768336114	trials	1.0	1.0	1.5	1.0		0.8	2141.399918779929	2141.3998175869046	2142.467455259663	2140.916262660243	2140.917362560453	2140.953333212376	
2140.953333212376	2.2219999999997526	WheelMovementIntervals													-0.6427169165470445
2143.7350402564084	2.5644513139750416	trials	1.0	1.0	1.5	1.0		0.8	2144.7357827961073	2144.7356594981507	2145.7994196296418	2144.3328860160946	2144.3337192738295	2144.370333212376	
2144.370333212376	0.7609999999999673	WheelMovementIntervals													-0.30636107821399605
2145.625333212376	1.044999999999618	WheelMovementIntervals													-0.2742727144094488
2147.0697043814484	2.6133466529195175	trials	1.0	1.0	1.5	1.0		0.8	2148.1195424668917	2148.1194223174425	2149.18297931857	2147.6007562010996	2147.601722780072	2147.749333212376	
2147.749333212376	1.9140000000002146	WheelMovementIntervals													0.9719836272285534
2150.039333212376	0.08199999999987995	WheelMovementIntervals													-0.010581285922270922
2150.4706624918826	2.912154771803216	trials	1.0	1.0	1.5	1.0		0.8	2151.8141739334387	2151.814086836374	2152.8827769830737	2151.000414429467	2151.001414338749	2151.0763332123756	
2151.0763332123756	2.3720000000002983	WheelMovementIntervals													-0.3051527342968825
2154.1455290849563	3.2884544568601086	trials	1.0	1.0	1.5	1.0		0.8	2155.874172251615	2155.874056658131	2156.9339094389497	2154.817301470889	2154.8181013983144	2154.953333212376	
2154.953333212376	1.5509999999999309	WheelMovementIntervals													0.6123757659193956
2157.4023332123757	0.43000000000029104	WheelMovementIntervals													-0.11590091093263766
2158.2075938823155	2.4096357235152936	trials	-1.0	1.0	1.5		0.25	0.8	2159.0541170804263	2159.054005728082	2160.1171872987006	2158.7661098769113	2158.767109786193	2158.832333212376	
2158.832333212376	0.7260000000001128	WheelMovementIntervals													1.141487347790985
2161.3906384299003	2.5602525205313214	trials	-1.0	1.0	1.5		0.125	0.8	2162.379882012857	2162.3797575614913	2163.4508181841493	2162.1163392564404	2162.1171058535565	2162.1703332123757	
2162.1703332123757	1.4720000000002074	WheelMovementIntervals													2.0432288569549826
2164.622333212376	0.0909999999998945	WheelMovementIntervals													0.008128799171686296
2164.7219028633817	2.8619572293100646	trials	-1.0	1.0	1.5		1.0	0.8	2166.025317942731	2166.0252280146133	2167.083821908618	2165.8327020847155	2165.8338019849257	2165.779333212376	
2165.779333212376	1.0899999999996908	WheelMovementIntervals													1.064221407116932
2167.308333212376	0.46299999999973807	WheelMovementIntervals													0.11070463054487334
2168.357473021674	2.460232643796644	trials	-1.0	1.0	1.5		1.0	0.2	2169.258191302867	2169.2580842393722	2170.3176618477264	2169.0494769054117	2169.050476814694	2169.096333212376	
2169.096333212376	1.1199999999998909	WheelMovementIntervals													0.3584799540626875
2171.0743332123757	0.5140000000001237	WheelMovementIntervals													0.10428688200059355
2171.5880132601524	2.494655784157203	trials	-1.0	1.0	1.5		0.25	0.2	2172.516129055671	2172.5160332680325	2173.5825989655045	2172.149295670428	2172.1501955887816	2172.222333212376	
2172.222333212376	0.3330000000000837	WheelMovementIntervals													0.3028800981368107
2173.468333212376	0.6489999999998872	WheelMovementIntervals													-0.10395773817465681
2174.8534836628805	2.6640444614049557	trials	1.0	1.0	1.5	1.0		0.2	2175.9553836916043	2175.95530122442	2177.0174873309065	2175.4339976616793	2175.4351642225083	2175.526333212376	
2175.526333212376	0.7350000000001273	WheelMovementIntervals													-0.3347038588667459
2178.2910384530346	2.7930349399671286	trials	-1.0	1.0	1.5		0.125	0.2	2179.519760309021	2179.519652942836	2180.584030418434	2178.7659953619673	2178.766828619702	2178.932333212376	
2178.932333212376	2.0579999999999927	WheelMovementIntervals													0.5685005358878783
2181.8675806333813	2.6498697574725156	trials	-1.0	1.0	1.5		0.25	0.2	2182.9474159972838	2182.9473082421396	2184.0174189199133	2182.3829338773057	2182.3838671259687	2182.472333212376	
2182.472333212376	0.7809999999999491	WheelMovementIntervals													0.8598171146860523
2184.142333212376	1.2779999999997926	WheelMovementIntervals													-0.2897759490053886
2185.307068581481	2.9266264390362267	trials	1.0	1.0	1.5	0.25		0.2	2186.6663785896917	2186.6662799316878	2187.73368175726	2186.0161375836306	2186.0172041535316	2186.234333212376	
2186.234333212376	0.9049999999997453	WheelMovementIntervals													0.3098906646948194
2187.557333212376	0.7350000000001273	WheelMovementIntervals													0.11202221958841108
2189.0078994855758	2.392657790422618	trials	-1.0	1.0	1.5		0.0625	0.2	2189.8305248518477	2189.830418664538	2190.9004944441676	2189.4826897429616	2189.483556331006	2189.564333212376	
2189.564333212376	0.27899999999999636	WheelMovementIntervals													0.286473188684198
2191.596333212376	0.169999999999618	WheelMovementIntervals													-0.04159756984617502
2192.21427524974	2.4363335918387747	trials	-1.0	1.0	1.5		0.25	0.2	2193.0892958623867	2193.089186953794	2194.150532913644	2192.8157206828414	2192.8165539405763	2192.9473332123757	
2192.9473332123757	0.24200000000018917	WheelMovementIntervals													0.4063320453583401
2193.6973332123757	0.44800000000032014	WheelMovementIntervals													-0.12555227996028862
2195.234333212376	0.47699999999986176	WheelMovementIntervals													-0.24965872680097334
2195.4258172118607	2.8570572298813204	trials	-1.0	1.0	1.5		0.125	0.2	2196.718333280037	2196.718242195777	2197.7828367016155	2196.2826394755757	2196.2835727242386	2196.486333212376	
2196.486333212376	0.3949999999999818	WheelMovementIntervals													0.4983197607605234
2197.211333212376	0.5949999999997999	WheelMovementIntervals													0.10904172150529234
2199.060287469943	2.5567511237591134	trials	1.0	1.0	1.5	1.0		0.2	2200.054097305287	2200.054006562618	2201.116934211396	2199.5339778271186	2199.534944406091	2199.704333212376	
2199.704333212376	0.9960000000000946	WheelMovementIntervals													-0.31995761202681194
2202.395451549624	3.787245399407766	trials	1.0	-1.0	0.0		0.0625	0.2	2203.624940002727	2203.6240656287546	2205.6825866534614	2203.099321023508	2203.100254272171	2203.236333212376	
2203.236333212376	1.5279999999997926	WheelMovementIntervals													-0.441453295876272
2206.962303882828	2.271644034563451	trials	-1.0	1.0	1.5		0.125	0.2	2207.6757391555093	2207.675617081995	2208.733876487993	2207.4337944395834	2207.434594367009	2207.493333212376	
2207.493333212376	1.7199999999998	WheelMovementIntervals													0.5181664187777102
2210.0139603507628	2.4531578563382936	trials	-1.0	1.0	1.5		0.25	0.2	2210.912178858751	2210.912080800209	2211.9670164906042	2210.5826754200343	2210.5836086686977	2210.747333212376	
2210.747333212376	0.5949999999997999	WheelMovementIntervals													0.7588909996109265
2213.2446339104786	2.8227323749347306	trials	-1.0	1.0	1.5		1.0	0.2	2214.4991534259398	2214.499047409005	2215.567256520934	2213.9490366693126	2213.9502698907604	2214.336333212376	
2214.336333212376	0.4989999999997963	WheelMovementIntervals													0.9514842692632897
2216.2283332123757	0.29700000000002547	WheelMovementIntervals													-0.08036368833316487
2216.857572788689	20.025063358611078	trials	1.0	-1.0	0.0		0.0	0.2	2234.3289876724434	2234.3279880478667	2236.3825013648125	2217.4159887923565	2217.416955371329	2227.867333212376	
2217.477333212376	0.07200000000011642	WheelMovementIntervals													0.006358582557950854
2220.080333212376	0.07600000000002183	WheelMovementIntervals													-0.010005564993633698
2223.4023332123757	0.2230000000004111	WheelMovementIntervals													-0.07302329702889665
2227.867333212376	0.24099999999998545	WheelMovementIntervals													-0.1772727414445825
2228.3983332123757	0.0840000000002874	WheelMovementIntervals													0.02932758566942084
2231.642333212376	0.1610000000000582	WheelMovementIntervals													-0.0868920024810933
2232.0433332123757	0.06500000000005457	WheelMovementIntervals													0.002301506546658061
2234.225333212376	1.2210000000000036	WheelMovementIntervals													0.510581965629342
2236.015333212376	0.1619999999998072	WheelMovementIntervals													-0.030190150380406067
2237.696348831004	2.5362267205823628	trials	-1.0	1.0	1.5		0.25	0.2	2238.681259473738	2238.6811584299357	2239.732497432176	2238.450347090223	2238.4513136691958	2238.5563332123756	
2238.5563332123756	0.5130000000003747	WheelMovementIntervals													0.6161822215957926
2239.8023332123757	0.28900000000021464	WheelMovementIntervals													0.048684220368656383
2241.013981167941	2.469448072362866	trials	-1.0	1.0	1.5		0.125	0.2	2241.916699267698	2241.9165980080156	2242.983402489697	2241.6835870837626	2241.6846536536636	2241.778333212376	
2241.778333212376	0.5030000000001564	WheelMovementIntervals													0.8017250991710796
2243.0033332123758	0.08100000000013097	WheelMovementIntervals													0.036153554346412875
2243.319333212376	1.3539999999998145	WheelMovementIntervals													0.2918939026324807
2244.670849393939	2.6116474291834493	trials	1.0	1.0	1.5	0.25		0.2	2245.727686844356	2245.7275677753837	2246.782424485281	2245.3655863630474	2245.3666862632576	2245.3313332123757	
2245.3313332123757	0.8350000000000364	WheelMovementIntervals													-0.3080108452317205
2246.839333212376	1.0059999999998581	WheelMovementIntervals													-0.41257220704973463
2248.0621083843384	2.771661813526862	trials	1.0	1.0	1.5	1.0		0.2	2249.268032308696	2249.2679344065273	2250.3337022911037	2248.766811115957	2248.7676777040015	2248.9203332123757	
2248.9203332123757	0.6910000000002583	WheelMovementIntervals													-0.41021730674768264
2249.914333212376	1.0340000000001055	WheelMovementIntervals													0.20856486602053792
2251.234333212376	0.057999999999992724	WheelMovementIntervals													0.021489913696797203
2251.6237852466934	2.3268397397005174	trials	1.0	1.0	1.5	0.0		0.2	2252.388682517086	2252.3885976514116	2253.450586174532	2252.115673952801	2252.1166738620827	2252.209333212376	
2252.209333212376	0.46299999999973807	WheelMovementIntervals													-0.308007572783211
2253.376333212376	0.9230000000002292	WheelMovementIntervals													-0.1472345259781349
2254.7406357998125	2.359437767811869	trials	-1.0	1.0	1.5		0.25	0.2	2255.5397299676483	2255.539647912408	2256.5999337793146	2255.2658548153186	2255.2666880730535	2255.401333212376	
2255.401333212376	0.5219999999999345	WheelMovementIntervals													0.510096864277088
2256.404333212376	1.2269999999998618	WheelMovementIntervals													-0.232382907750889
2257.8886835225285	2.4271339563988477	trials	-1.0	1.0	1.5		1.0	0.2	2258.757704679483	2258.7575949628863	2259.815775351348	2258.499161469477	2258.5000280575214	2258.631333212376	
2258.631333212376	1.0349999999998545	WheelMovementIntervals													1.0323965728835134
2259.9603332123756	0.374000000000251	WheelMovementIntervals													0.06775748233734191
2261.0971257658753	2.8030596968728787	trials	1.0	1.0	1.5	0.125		0.2	2262.3440459707936	2262.343951429953	2263.400083493785	2261.8504240885973	2261.8513573372607	2261.9313332123756	
2261.9313332123756	0.9190000000003238	WheelMovementIntervals													-0.2851776406484987
2264.6906997343253	3.4095445225457297	trials	1.0	1.0	1.5	0.0		0.2	2266.5472312981474	2266.547122886931	2267.600169102365	2265.165589982639	2265.166389910065	2265.904333212376	
2265.904333212376	1.6409999999996217	WheelMovementIntervals													-0.2899965524277661
2268.8897521033136	4.542602275227637	trials	-1.0	1.0	1.5		0.125	0.2	2271.866315384173	2271.8662178070135	2272.9323186696747	2269.582155950764	2269.5830558691177	2269.7443332123758	
2269.7443332123758	2.8630000000002838	WheelMovementIntervals													1.3424676690694497
2272.7683332123756	0.13500000000021828	WheelMovementIntervals													0.007132605823869653
2274.2088695196485	3.8910643640710987	trials	1.0	-1.0	0.0		0.0625	0.2	2275.5510477488283	2275.550291019294	2277.599895197882	2274.733555250204	2274.734388507939	2274.885333212376	
2274.885333212376	3.4160000000001673	WheelMovementIntervals													-0.7757256313250025
2278.892544587295	2.4910278131092127	trials	-1.0	1.0	1.5		0.25	0.2	2279.8218602739526	2279.821754216168	2280.8835306192323	2279.515754712434	2279.5167212914066	2279.644333212376	
2279.644333212376	0.3449999999997999	WheelMovementIntervals													0.5328207595254071
2280.5473332123756	1.2530000000001564	WheelMovementIntervals													-0.21933579663406988
2282.1899787567368	2.8091588077604683	trials	-1.0	1.0	1.5		0.125	0.2	2283.433799242881	2283.4337039077677	2284.4990359312665	2282.6489704474675	2282.6500703476777	2283.274333212376	
2283.274333212376	0.33599999999978536	WheelMovementIntervals													0.5050450676977505
2284.586333212376	0.6959999999999127	WheelMovementIntervals													-0.13027243678467926
2285.7952516637856	2.3381382812913216	trials	-1.0	1.0	1.5		0.125	0.2	2286.5719478637056	2286.571863714608	2287.6332849058913	2286.3164377118546	2286.317404290827	2286.4293332123757	
2286.4293332123757	0.9610000000002401	WheelMovementIntervals													2.0754687313844897
2288.932700348113	2.749561970749255	trials	-1.0	1.0	1.5		0.25	0.2	2290.124025596954	2290.1239263299663	2291.1821629294377	2289.4823504804085	2289.483417050309	2289.560333212376	
2289.560333212376	1.1679999999996653	WheelMovementIntervals													1.1891187536137835
2291.0943332123757	0.48500000000012733	WheelMovementIntervals													-0.38495308742773204
2292.48707787271	2.378535523219398	trials	-1.0	1.0	1.5		0.0	0.2	2293.3112697635233	2293.3111894877875	2294.3655741104258	2293.0332949831372	2293.0344282136566	2293.1573332123758	
2293.1573332123758	0.6060000000002219	WheelMovementIntervals													0.822391324071404
2294.9073332123758	0.08800000000019281	WheelMovementIntervals													0.012933497984747078
2295.6671226924486	2.3985340778613136	trials	-1.0	1.0	1.5		0.0625	0.2	2296.5140458542724	2296.513934017656	2297.5656171158043	2296.2499031522866	2296.2511030434252	2296.345333212376	
2296.345333212376	0.6430000000000291	WheelMovementIntervals													0.8954412948219925
2298.1033332123757	0.6739999999999782	WheelMovementIntervals													-0.3041065638606284
2298.869165516391	2.481253370198374	trials	-1.0	1.0	1.5		0.0	0.2	2299.790681910649	2299.790584592831	2300.850385767674	2299.4834097883013	2299.4844430278927	2299.540333212376	
2299.540333212376	0.8709999999996398	WheelMovementIntervals													1.1899523446239186
2301.5233332123757	0.4970000000002983	WheelMovementIntervals													-0.11054696402624131
2302.1597336420964	2.9057512588915415	trials	-1.0	1.0	1.5		0.25	0.2	2303.514744040395	2303.5146566110284	2304.565415383573	2303.28216514141	2303.2830983900735	2303.300333212376	
2302.2753332123757	0.3010000000003856	WheelMovementIntervals													0.019790539100654314
2303.300333212376	1.3670000000001892	WheelMovementIntervals													2.9772092739384135
2305.8744966155205	3.274353844531106	trials	-1.0	1.0	1.5		0.125	0.2	2307.5852080757227	2307.58512317832	2308.648811578948	2306.9170686935145	2306.918101933106	2307.060333212376	
2306.024333212376	0.06399999999985084	WheelMovementIntervals													0.00392872186615989
2307.060333212376	0.8799999999996544	WheelMovementIntervals													0.7114577098568731
2308.745333212376	0.6079999999997199	WheelMovementIntervals													-0.18332569832226397
2309.952759943247	2.9626475361415032	trials	1.0	1.0	1.5	1.0		0.8	2311.3569658782185	2311.356881524714	2312.4153698531773	2310.7999164172365	2310.800783005281	2310.955333212376	
2310.955333212376	0.9600000000000364	WheelMovementIntervals													-0.3198570876407558
2312.4383332123757	0.6950000000001637	WheelMovementIntervals													-0.31617817281534144
2313.722917890892	4.043979236516861	trials	-1.0	-1.0	0.0	0.125		0.8	2315.2137826303	2315.212846347241	2317.266863028647	2314.9334080676376	2314.934474637538	2315.031333212376	
2313.852333212376	0.35599999999976717	WheelMovementIntervals													0.0967985896615744
2315.031333212376	1.2359999999998763	WheelMovementIntervals													0.39566611872902513
2316.434333212376	0.1430000000000291	WheelMovementIntervals													-0.011859092630345458
2318.579110639987	3.3209485616471284	trials	-1.0	-1.0	0.0	0.25		0.8	2319.3484741718394	2319.347621414959	2321.3999880456445	2319.148792288231	2319.1498255278225	2319.209333212376	
2319.209333212376	1.2579999999998108	WheelMovementIntervals													0.3376001108711648
2322.7160686425655	3.3003503321783683	trials	-1.0	-1.0	0.0	0.0		0.8	2323.469133653122	2323.468379659829	2325.5163479170146	2323.18205969827	2323.18315959848	2323.336333212376	
2323.336333212376	1.0639999999998508	WheelMovementIntervals													0.5123199763275039
2326.8285288677357	2.638043271555034	trials	1.0	1.0	1.5	1.0		0.8	2327.913063805263	2327.9129458331795	2328.966468233812	2327.5318983869784	2327.5328316356417	2327.605333212376	
2327.605333212376	1.043999999999869	WheelMovementIntervals													-0.3042019278293111
2329.1773332123757	0.7220000000002074	WheelMovementIntervals													0.06483181606941457
2330.2755827960686	8.906571403413182	trials	-1.0	-1.0	0.0	0.0625		0.8	2336.617507416924	2336.616703404485	2338.682086772014	2330.882127766508	2330.8831610060993	2334.423333212376	
2334.423333212376	0.25900000000001455	WheelMovementIntervals													-0.12816619305472443
2335.8133332123757	1.4340000000001965	WheelMovementIntervals													0.5388487395213843
2337.8733332123757	11.228000000000065	WheelMovementIntervals													1.8313425919384656
2339.9949676592323	11.455203266768422	trials	1.0	1.0	1.5	1.0		0.8	2349.874737971223	2349.874641244103	2350.9500737433564	2349.5497674545845	2349.5508673547947	2349.537333212376	
2349.537333212376	6.293999999999869	WheelMovementIntervals													-0.6010456857059836
2352.3068839783623	8.226434816202072	trials	-1.0	-1.0	0.0	0.25		0.8	2357.9698701967645	2357.9686753882684	2360.0332496607157	2357.515244776565	2357.5162113555375	2357.687333212376	
2356.6813332123756	0.2600000000002183	WheelMovementIntervals													-0.04028198980988407
2357.687333212376	0.849999999999909	WheelMovementIntervals													0.989379781632266
2361.352030012698	18.114603229176737	trials	-1.0	1.0	1.5		0.0	0.8	2377.9036950085924	2377.9036052501583	2378.9665652450108	2361.9820061906444	2361.982872778689	2362.073333212376	
2362.073333212376	1.1759999999999309	WheelMovementIntervals													0.2795108017933927
2363.979333212376	0.3789999999999054	WheelMovementIntervals													0.14643743810472643
2370.4003332123757	0.08100000000013097	WheelMovementIntervals													-0.014946359942626941
2377.7173332123757	0.8230000000003201	WheelMovementIntervals													0.5346334162166215
2378.9893332123756	0.6340000000000146	WheelMovementIntervals													0.0463532315078794
2380.292244971038	6.70640522901158	trials	-1.0	-1.0	0.0	0.0625		0.8	2384.432236031772	2384.43120868045	2386.4985485629504	2383.865254138589	2383.8662207175616	2384.017333212376	
2380.405333212376	0.8730000000000473	WheelMovementIntervals													0.1352344297673369
2381.645333212376	1.1969999999996617	WheelMovementIntervals													1.1245746447985
2383.1813332123756	0.0500000000001819	WheelMovementIntervals													0.008251452743451182
2384.017333212376	2.673999999999978	WheelMovementIntervals													0.9507758410448162
2387.0033332123758	0.24400000000014188	WheelMovementIntervals													-0.13734885592560886
2387.8309610114766	2.6689666778624996	trials	-1.0	1.0	1.5		0.25	0.8	2388.9266949329617	2388.9265875621204	2389.999864234984	2388.632688273755	2388.6335548617994	2388.7733332123757	
2387.9583332123757	0.1410000000000764	WheelMovementIntervals													0.043897889923840694
2388.7733332123757	0.28700000000026193	WheelMovementIntervals													0.5221838172110154
2389.721333212376	0.8529999999996107	WheelMovementIntervals													0.06339733990770924
2391.3104453308542	3.4714382691181527	trials	-1.0	-1.0	0.0	0.25		0.8	2392.2208960623916	2392.219954833287	2394.2818424137567	2391.9148904918015	2391.9158904010833	2391.988333212376	
2391.988333212376	0.9499999999998181	WheelMovementIntervals													0.29958565851285357
2395.5934900795273	3.339574448741132	trials	-1.0	-1.0	0.0	1.0		0.8	2396.3732526679123	2396.3724069773534	2398.4329657978296	2396.1996017559445	2396.200568334917	2396.260333212376	
2396.260333212376	0.8299999999999272	WheelMovementIntervals													1.1025431008347653
2398.2063332123757	0.2680000000000291	WheelMovementIntervals													0.05058151102744546
2399.744580133291	15.155238862634633	trials	1.0	1.0	1.5	0.0		0.8	2413.3389134368495	2413.3387925984994	2414.399750524394	2400.231835926392	2400.232902496293	2400.4653332123758	
2400.4653332123758	0.5640000000003056	WheelMovementIntervals													0.2512000616831358
2413.104333212376	3.1080000000001746	WheelMovementIntervals													1.8152798188324653
2415.728729951052	3.7874699348135437	trials	-1.0	-1.0	0.0	1.0		0.8	2416.9442530045167	2416.943451739185	2419.016131697365	2416.7316722911714	2416.7326055398344	2416.819333212376	
2416.819333212376	0.6059999999997672	WheelMovementIntervals													1.1247484768527158
2417.781333212376	0.13200000000006185	WheelMovementIntervals													-0.008289235662829242
2418.267333212376	0.057999999999992724	WheelMovementIntervals													0.006599164404718749
2420.3301124847935	3.918160546803847	trials	1.0	1.0	1.5	1.0		0.8	2422.691064951057	2422.6909477613876	2423.7482023742587	2420.9317245694415	2420.932591157486	2421.0053332123757	
2421.0053332123757	3.911000000000058	WheelMovementIntervals													-0.3532438484130864
2425.061883188903	2.821171062782014	trials	1.0	1.0	1.5	0.25		0.8	2426.3175359348834	2426.3174139245243	2427.382939274816	2425.5827359338778	2425.583602521922	2425.635333212376	
2425.635333212376	2.492000000000189	WheelMovementIntervals													0.41539941777250533
2429.112582350757	4.019153301381721	trials	-1.0	-1.0	0.0	0.0		0.8	2430.5702834323133	2430.5695009471956	2432.6316297473913	2429.7982868060185	2429.7992867153002	2429.8693332123758	
2429.8693332123758	1.025000000000091	WheelMovementIntervals													0.3224058268903889
2433.94394401935	2.3044391709863703	trials	-1.0	1.0	1.5		0.125	0.8	2434.692976062469	2434.6928560994265	2435.7482803186535	2434.4661633070104	2434.46729653753	2434.539333212376	
2434.539333212376	1.2420000000001892	WheelMovementIntervals													1.5541894657556554
2436.059333212376	0.5590000000001965	WheelMovementIntervals													0.9040878506675654
2437.063394336602	18.651719174207756	trials	1.0	1.0	1.5	0.125		0.8	2454.1477776676174	2454.1476848565403	2455.2150808351857	2437.7330669130424	2437.733966831396	2437.837333212376	
2437.837333212376	2.049999999999727	WheelMovementIntervals													-0.22320876414366353
2443.512333212376	2.048999999999978	WheelMovementIntervals													-0.2397456810212475
2450.030333212376	0.1570000000001528	WheelMovementIntervals													-0.03934262345086381
2453.5323332123758	2.380000000000109	WheelMovementIntervals													0.829792317343589
2456.3243332123757	0.06100000000014916	WheelMovementIntervals													-0.0031189034240526325
2456.5563258157026	3.2420533000172327	trials	-1.0	-1.0	0.0	0.25		0.8	2457.236330788057	2457.2355365630656	2459.2982770487038	2457.0323826248455	2457.0333158735084	2457.113333212376	
2457.113333212376	1.0059999999998581	WheelMovementIntervals													0.6169305836148169
2458.399333212376	0.11000000000012733	WheelMovementIntervals													-0.014883549053763545
2460.6232901685435	2.426057111504633	trials	-1.0	1.0	1.5		0.125	0.8	2461.4864118607347	2461.4863097733205	2462.5492820971526	2461.1326772870852	2461.133677196367	2461.337333212376	
2461.337333212376	0.9699999999997999	WheelMovementIntervals													2.389619929253371
2462.586333212376	0.32799999999997453	WheelMovementIntervals													0.09249765678589483
2463.6863332123758	1.08600000000024	WheelMovementIntervals													1.3158623160883849
2463.855463592182	3.9760549258007813	trials	-1.0	1.0	1.5		0.125	0.8	2466.275610687938	2466.2754958055557	2467.331414898764	2466.014867677511	2466.015667604937	2466.080333212376	
2465.182333212376	0.16600000000016735	WheelMovementIntervals													0.020721546552437076
2466.080333212376	3.355999999999767	WheelMovementIntervals													2.8809267205128037
2468.661427565013	20.921476687525228	trials	1.0	1.0	1.5	0.125		0.8	2488.0154716448487	2488.0153741792824	2489.082774812417	2469.9827076902	2469.9836742691728	2470.042333212376	
2470.042333212376	1.2049999999999272	WheelMovementIntervals													-0.18335303272641568
2475.9563332123757	0.6890000000003056	WheelMovementIntervals													0.07127950701607233
2481.290333212376	0.6879999999996471	WheelMovementIntervals													0.138070297902658
2487.075333212376	3.862999999999829	WheelMovementIntervals													2.110863052276386
2490.4468177245626	20.434525128525365	trials	1.0	-1.0	0.0		0.0	0.8	2508.3283953957784	2508.3276004710874	2510.3813091425786	2491.848157252926	2491.8490571712796	2493.5453332123757	
2491.0923332123757	0.23300000000017462	WheelMovementIntervals													0.033714633823137774
2492.387333212376	0.1730000000002292	WheelMovementIntervals													0.012085290150736228
2493.028333212376	0.15000000000009095	WheelMovementIntervals													0.019114534643620118
2493.5453332123757	0.8730000000000473	WheelMovementIntervals													0.17020676523952716
2499.995333212376	1.231999999999971	WheelMovementIntervals													0.2477010251280376
2507.991333212376	1.418999999999869	WheelMovementIntervals													0.4235182664738488
2510.0343332123757	0.34400000000005093	WheelMovementIntervals													-0.07255767408912561
2511.7222541503106	3.0758642302921544	trials	1.0	1.0	1.5	0.125		0.8	2513.2468824931398	2513.246784994325	2514.298053790959	2512.2823033391387	2512.283403239349	2512.395333212376	
2512.395333212376	2.74599999999964	WheelMovementIntervals													0.5460696406849195
2515.627633163186	7.8716325797759055	trials	1.0	-1.0	0.0		0.0625	0.8	2520.9440841547694	2520.943321343289	2522.9991643716803	2516.1323207081027	2516.133420608313	2520.366333212376	
2516.204333212376	0.2840000000001055	WheelMovementIntervals													0.08231533773130195
2520.366333212376	1.643999999999778	WheelMovementIntervals													-0.38911121317377706
2524.324777437089	2.3578346577291995	trials	1.0	1.0	1.5	1.0		0.8	2525.13190420949	2525.1317886147817	2526.1825755526684	2524.831064836857	2524.832098076448	2525.000333212376	
2525.000333212376	1.1099999999996726	WheelMovementIntervals													-0.370660929895422
2527.5122215855145	2.7688585903633793	trials	1.0	1.0	1.5	0.0625		0.8	2528.7330441581735	2528.732946534881	2529.7810157462904	2528.1310987704314	2528.132098679713	2528.232333212376	
2528.232333212376	2.0279999999997926	WheelMovementIntervals													-0.3498282261516579
2531.1104951275897	10.171957787224073	trials	1.0	1.0	1.5	0.25		0.8	2539.7012490538914	2539.7011266962286	2540.78238429986	2531.665644760936	2531.6667779914555	2539.116333212376	
2539.116333212376	1.3919999999998254	WheelMovementIntervals													0.4835950256698993
2540.856333212376	0.3989999999998872	WheelMovementIntervals													0.046050260589794334
2541.595333212376	0.08399999999983265	WheelMovementIntervals													0.02030088130624108
2542.1124636267286	2.2687400649292613	trials	-1.0	1.0	1.5		1.0	0.8	2542.8279987089018	2542.8278756299137	2543.881169825285	2542.6143847559647	2542.6154513258657	2542.698333212376	
2542.698333212376	1.163000000000011	WheelMovementIntervals													2.065454939396517
2545.2131156494797	3.4180672280385807	trials	-1.0	-1.0	0.0	0.125		0.8	2546.0768039569307	2546.0759321148744	2548.1311509070347	2545.765765509621	2545.7667987492123	2545.867333212376	
2545.867333212376	1.2130000000001928	WheelMovementIntervals													0.5393740796897646
2549.4628967493727	3.752670296596989	trials	-1.0	-1.0	0.0	0.0625		0.8	2550.658154974723	2550.657318487211	2552.7155349829823	2550.015679930752	2550.0164798581773	2550.243333212376	
2550.243333212376	1.0650000000000546	WheelMovementIntervals													0.9272429180022925
2554.053180290084	2.3957325848041364	trials	1.0	1.0	1.5	1.0		0.8	2554.8773055202787	2554.877190809706	2555.9488416371405	2554.564467236262	2554.5654671455436	2554.729333212376	
2554.729333212376	1.4079999999999018	WheelMovementIntervals													-0.36128734637560456
2556.983333212376	0.2880000000000109	WheelMovementIntervals													0.21471391784234584
2557.2740214085275	5.523808456172901	trials	1.0	1.0	1.5	1.0		0.8	2561.2184968743277	2561.2183974254963	2562.29776562297	2559.764362135877	2559.765162063303	2559.9403332123757	
2557.452333212376	0.30700000000024374	WheelMovementIntervals													0.09279631551805778
2558.154333212376	1.0059999999998581	WheelMovementIntervals													-0.10915302042721464
2559.9403332123757	2.598000000000411	WheelMovementIntervals													-0.3342987311665411
2562.8493332123758	0.6739999999999782	WheelMovementIntervals													0.06287592739792558
2563.63774405173	3.277949827862358	trials	1.0	1.0	1.5	0.125		0.8	2565.346855657081	2565.3467689877457	2566.4156586885724	2564.382209842461	2564.3831764214337	2564.5053332123757	
2563.760333212376	0.09000000000014552	WheelMovementIntervals													-0.01108544311657056
2564.5053332123757	2.4270000000001346	WheelMovementIntervals													-0.3310623349049706
2567.752304086392	5.6965918441787835	trials	1.0	-1.0	0.0		0.0625	0.8	2570.877187244076	2570.8762533559666	2572.948799294449	2569.947604914944	2569.9485048332976	2570.028333212376	
2567.9203332123757	1.3510000000001128	WheelMovementIntervals													-0.5119953086597775
2570.028333212376	2.007999999999811	WheelMovementIntervals													-0.3528356321129422
2574.1683332123757	0.41600000000016735	WheelMovementIntervals													0.06785533198163307
2574.3252077513816	4.657484375113654	trials	-1.0	-1.0	0.0	0.125		0.8	2576.4075188310712	2576.406544563176	2578.4825972336216	2575.530831702955	2575.5318316122366	2575.609333212376	
2575.609333212376	1.1790000000000873	WheelMovementIntervals													0.3946513920174368
2579.8596056361234	3.4379604960868164	trials	1.0	1.0	1.5	0.0625		0.8	2581.7354354490876	2581.7353375512594	2582.7975390883894	2580.4308204786	2580.431853718191	2580.499333212376	
2580.499333212376	2.755000000000109	WheelMovementIntervals													0.5713194873324312
2584.190979333425	2.4743462929995985	trials	1.0	1.0	1.5	0.25		0.8	2585.0914976327613	2585.091395451674	2586.1653002106623	2584.66523630586	2584.6662028848327	2584.8113332123758	
2584.8113332123758	1.155999999999949	WheelMovementIntervals													-0.3912703881863422
2587.566439757169	2.5491420223702335	trials	1.0	1.0	1.5	0.25		0.8	2588.5530502456827	2588.5529552457874	2589.6155538486973	2588.0976248980573	2588.098858119505	2588.234333212376	
2588.234333212376	0.73700000000008	WheelMovementIntervals													-0.31555916971944953
2589.329333212376	0.06500000000005457	WheelMovementIntervals													0.030711104057132843
2591.011693848794	2.770255938259197	trials	1.0	1.0	1.5	1.0		0.8	2592.214518054378	2592.214417266416	2593.2819212128743	2591.647669482433	2591.648536070477	2591.7263332123757	
2591.7263332123757	1.2420000000001892	WheelMovementIntervals													-0.28522489100268444
2593.201333212376	1.044999999999618	WheelMovementIntervals													-0.2461873048165728
2594.641564524179	2.4905494665213155	trials	1.0	1.0	1.5	1.0		0.8	2595.5550816441814	2595.5549819326857	2596.6319839408566	2595.18094892118	2595.181882169843	2595.207333212376	
2595.207333212376	1.8299999999999272	WheelMovementIntervals													-0.3512766128260978
2597.5703332123758	0.07400000000006912	WheelMovementIntervals													-0.012964029024914225
2597.9814281774857	2.4827253234020645	trials	-1.0	1.0	1.5		1.0	0.8	2598.8902457238623	2598.890136714143	2599.964081632073	2598.680998041457	2598.6818979598106	2598.7753332123757	
2598.7753332123757	0.955000000000382	WheelMovementIntervals													2.66886720224079
2600.2733332123757	0.5820000000003347	WheelMovementIntervals													-0.09520038133427988
2601.3007603602023	6.163312273708016	trials	1.0	1.0	1.5	0.25		0.8	2605.8970433566055	2605.8969433406355	2606.96397989077	2601.9153379352065	2601.9162378535602	2605.549333212376	
2605.549333212376	2.0459999999998217	WheelMovementIntervals													0.5577213810767887
2608.357786769209	2.7077613421879505	trials	1.0	1.0	1.5	0.0625		0.8	2609.499716499521	2609.499611792978	2610.565419812238	2608.915669487926	2608.91656940628	2609.026333212376	
2609.026333212376	3.3659999999999854	WheelMovementIntervals													1.297311546616612
2611.908864593175	4.073047064754974	trials	-1.0	-1.0	0.0	0.0625		0.8	2613.410561683138	2613.409681198417	2615.4818071001073	2613.164084045134	2613.1652506059627	2613.2263332123757	
2613.2263332123757	0.9639999999999418	WheelMovementIntervals													0.5806870423932367
2616.8209189408226	4.24408998938452	trials	1.0	1.0	1.5	1.0		0.8	2619.4913766601635	2619.491274303203	2620.564945925899	2618.447438039484	2618.448271297219	2618.6103332123757	
2617.317333212376	0.36899999999968713	WheelMovementIntervals													0.16729816896540228
2618.6103332123757	1.844000000000051	WheelMovementIntervals													-0.3590828336877223
2620.7463332123757	0.17200000000002547	WheelMovementIntervals													0.01831019090417385
2621.9050243455868	2.6265411999720527	trials	1.0	1.0	1.5	0.0		0.8	2622.9761271684265	2622.9760403300293	2624.0314647549203	2622.4474418007426	2622.4486083615716	2622.396333212376	
2622.396333212376	1.8949999999999818	WheelMovementIntervals													-0.3971988010870007
2625.3755761420457	2.8883497381229972	trials	1.0	1.0	1.5	1.0		0.8	2626.7027890623053	2626.702698076477	2627.763859462016	2626.130674301475	2626.1316075501386	2626.2283332123757	
2626.2283332123757	2.325000000000273	WheelMovementIntervals													0.3526225067177222
2629.1050377819142	2.5101483384564744	trials	-1.0	1.0	1.5		0.25	0.8	2630.043752615822	2630.043655109208	2631.1151220811366	2629.7817763839475	2629.7826096416825	2629.883333212376	
2629.883333212376	1.0279999999997926	WheelMovementIntervals													1.3066942787114044
2632.4631997750803	7.335113129970978	trials	-1.0	-1.0	0.0	0.25		0.8	2637.237933248005	2637.2368720981726	2639.298212993182	2633.6973544714992	2633.698287720162	2633.888333212376	
2632.829333212376	0.3569999999999709	WheelMovementIntervals													-0.22243996385057585
2633.888333212376	1.1829999999999927	WheelMovementIntervals													-0.2547403938782793
2637.0813332123757	0.875	WheelMovementIntervals													1.062029917855341
2640.6488237906397	3.866587546394385	trials	-1.0	-1.0	0.0	0.0625		0.8	2641.9496057755464	2641.94875255094	2644.0153183611556	2641.1472452373896	2641.148278476981	2641.355333212376	
2641.355333212376	1.013999999999669	WheelMovementIntervals													0.7004453204499441
2645.374828351223	3.423939561249881	trials	1.0	1.0	1.5	0.25		0.8	2647.234259651963	2647.234148748312	2648.298696412923	2646.6473129034503	2646.648279482423	2646.8693332123758	
2645.5833332123757	0.07300000000032014	WheelMovementIntervals													-0.01284629926246339
2646.8693332123758	1.9710000000000036	WheelMovementIntervals													0.33056020673981834
2649.6358750956933	12.112609742213408	trials	1.0	1.0	1.5	0.125		0.8	2660.187451123926	2660.1873560631357	2661.248388202399	2650.2138559909777	2650.214955891188	2650.252333212376	
2650.252333212376	0.4719999999997526	WheelMovementIntervals													0.15136834887366035
2659.192333212376	2.9049999999997453	WheelMovementIntervals													0.5094801566777392
2662.613597675374	3.1836543135032116	trials	1.0	1.0	1.5	0.25		0.8	2664.227751229248	2664.2276241969034	2665.297220866927	2663.13051744384	2663.131650674359	2663.212333212376	
2663.212333212376	2.9029999999997926	WheelMovementIntervals													-0.3704391173472743
2666.657464123801	3.8231648218788905	trials	1.0	-1.0	0.0		0.0625	0.8	3990.275210560507	2667.9140847724716	3990.491290956339	2667.1651180662543	2667.165984654299	2667.229333212376	
2667.229333212376	0.6630000000000109	WheelMovementIntervals													-0.2776582365345348
2670.4783332123757	1.1200000000003456	WheelMovementIntervals													0.5693113792096085
2672.564333212376	0.6900000000000546	WheelMovementIntervals													-0.12270760112207313
2684.323333212376	0.3089999999997417	WheelMovementIntervals													0.06141318439776455
2694.5053332123757	0.8090000000001965	WheelMovementIntervals													0.5361888225944256
2700.922333212376	0.38899999999966894	WheelMovementIntervals													0.1985721000956744
2703.667333212376	0.31199999999989814	WheelMovementIntervals													0.43518312006588644
2704.575333212376	0.10199999999986176	WheelMovementIntervals													0.011136966173921792
2716.448333212376	0.5979999999999563	WheelMovementIntervals													0.16512151276552345
2720.211333212376	4.3960000000001855	WheelMovementIntervals													1.0194393796324732
2725.075333212376	1.1669999999999163	WheelMovementIntervals													0.15357163892019798
2726.8533332123757	1.3830000000002656	WheelMovementIntervals													0.1289849255165052
2728.883333212376	0.5850000000000364	WheelMovementIntervals													0.041536505856782924
2730.723333212376	0.6340000000000146	WheelMovementIntervals													0.05853016018838275
2732.107333212376	0.6839999999997417	WheelMovementIntervals													0.07400020062928547
2733.230333212376	0.569999999999709	WheelMovementIntervals													0.1331092963320657
2734.587333212376	1.3170000000000073	WheelMovementIntervals													0.44583040323635714
2736.4943332123758	2.407000000000153	WheelMovementIntervals													-0.34317913763433694
2739.4383332123757	0.21500000000014552	WheelMovementIntervals													0.05034485716072368
2740.3243332123757	0.48700000000008004	WheelMovementIntervals													0.10281838277057886
2741.740333212376	0.45499999999992724	WheelMovementIntervals													0.14553480297047372
2742.589333212376	0.07999999999992724	WheelMovementIntervals													0.006007256955825824
2743.520333212376	1.3989999999998872	WheelMovementIntervals													0.18903097774980893
2745.6123332123757	0.32600000000002183	WheelMovementIntervals													0.05993621211121081
2747.416333212376	0.21700000000009823	WheelMovementIntervals													0.02816639205275351
2748.596333212376	0.3029999999998836	WheelMovementIntervals													0.10176729138296992
2749.7533332123758	0.6310000000003129	WheelMovementIntervals													-0.05037363829862329
2751.837333212376	0.48900000000003274	WheelMovementIntervals													-0.03309163131066839
2753.875333212376	0.8109999999996944	WheelMovementIntervals													0.731895171575502
2755.426333212376	0.9690000000000509	WheelMovementIntervals													0.2770260379920728
2756.745333212376	0.6990000000000691	WheelMovementIntervals													0.06923753874943372
2758.461333212376	0.5169999999998254	WheelMovementIntervals													-0.23127351475847036
2762.350333212376	1.3089999999997417	WheelMovementIntervals													-0.23138585094827135
2764.8693332123758	0.2829999999999018	WheelMovementIntervals													-0.0668229763501813
2765.991333212376	0.21099999999978536	WheelMovementIntervals													-0.06993836816511134
2768.888333212376	0.7199999999997999	WheelMovementIntervals													0.1355554035656894
2774.2263332123757	0.0840000000002874	WheelMovementIntervals													-0.01170066794273339
2785.0363332123757	0.24400000000014188	WheelMovementIntervals													0.05506608938600266
2787.392333212376	1.206000000000131	WheelMovementIntervals													0.5183071158323003
2789.5743332123757	0.2250000000003638	WheelMovementIntervals													-0.036666912726957435
2792.021333212376	0.3240000000000691	WheelMovementIntervals													0.014431210051014887
2794.000333212376	0.1639999999997599	WheelMovementIntervals													-0.007704501996016688
2797.1523332123757	0.08000000000038199	WheelMovementIntervals													0.015791069626175158
2800.8603332123757	0.09700000000020736	WheelMovementIntervals													0.05735999013589321
2808.0543332123757	0.08500000000003638	WheelMovementIntervals													0.026976706107689097
2813.0543332123757	1.675000000000182	WheelMovementIntervals													0.855326461172865
2815.4493332123757	0.3830000000002656	WheelMovementIntervals													-0.09652894754088948
2827.037333212376	0.5610000000001492	WheelMovementIntervals													-0.0765855098589725
2830.879333212376	0.46099999999978536	WheelMovementIntervals													0.47343444517403555
2831.655333212376	0.2849999999998545	WheelMovementIntervals													-0.11715503939169025
2832.954333212376	0.5380000000000109	WheelMovementIntervals													0.30628825652601677
2841.356333212376	0.30900000000019645	WheelMovementIntervals													0.10478112512950588
2843.028333212376	0.887000000000171	WheelMovementIntervals													0.39479210692442734
2852.9113332123757	0.06900000000041473	WheelMovementIntervals													-0.028421766770719614
2858.981333212376	0.19900000000006912	WheelMovementIntervals													0.14077965183605556
2860.422333212376	0.5779999999999745	WheelMovementIntervals													0.051853228498089265
2865.0163332123757	0.7510000000002037	WheelMovementIntervals													1.182116603067243
2876.805333212376	0.7289999999998145	WheelMovementIntervals													1.2266914914142433
2877.9023332123757	0.3330000000000837	WheelMovementIntervals													0.30855842450429805
2878.640333212376	0.20100000000002183	WheelMovementIntervals													0.12901140914763687
2883.694333212376	0.09600000000000364	WheelMovementIntervals													0.039268240006748556
2891.2153332123758	0.6469999999999345	WheelMovementIntervals													0.9258695119957849
2894.511333212376	0.4780000000000655	WheelMovementIntervals													0.23269032173061532
2895.798333212376	1.6990000000000691	WheelMovementIntervals													0.9701315432173487
2902.207333212376	0.49299999999993815	WheelMovementIntervals													0.6437463675825938
2903.9963332123757	0.4250000000001819	WheelMovementIntervals													0.4274616960260573
2905.989333212376	0.1999999999998181	WheelMovementIntervals													0.04548803805874968
2907.607333212376	2.913000000000011	WheelMovementIntervals													0.5568089923854131
2911.2373332123757	0.07100000000036744	WheelMovementIntervals													0.009940645839463969
2912.042333212376	0.05600000000004002	WheelMovementIntervals													-0.013252027856566428
2914.088333212376	0.6399999999998727	WheelMovementIntervals													1.0277780010155766
2915.350333212376	2.1390000000001237	WheelMovementIntervals													0.7767700442224736
2917.8153332123757	0.07500000000027285	WheelMovementIntervals													0.00410637617426346
2919.0273332123757	2.1410000000000764	WheelMovementIntervals													0.9833033546642866
2921.960333212376	3.8159999999998035	WheelMovementIntervals													0.8942601500665432
2926.812333212376	1.2550000000001091	WheelMovementIntervals													0.24626004983414873
2928.7373332123757	0.20000000000027285	WheelMovementIntervals													-0.0163414965822426
2930.919333212376	0.4670000000000982	WheelMovementIntervals													0.3394554298184005
2935.0053332123757	1.5210000000001855	WheelMovementIntervals													1.4420278668300455
2936.991333212376	0.6459999999997308	WheelMovementIntervals													-0.11354497721904977
2938.198333212376	2.592999999999847	WheelMovementIntervals													1.2290410779026217
2950.6773332123757	0.49299999999993815	WheelMovementIntervals													0.7151054329400495
2951.4743332123758	0.7899999999999636	WheelMovementIntervals													-0.10750688441476086
2955.392333212376	0.8339999999998327	WheelMovementIntervals													1.2324512137206227
2957.131333212376	0.3829999999998108	WheelMovementIntervals													0.3340839958681556
2960.375333212376	0.4679999999998472	WheelMovementIntervals													0.22471078764439767
2967.327333212376	0.2680000000000291	WheelMovementIntervals													0.4776604264438902
2967.9203332123757	0.16300000000001091	WheelMovementIntervals													0.012125393443369603
2968.535333212376	0.48500000000012733	WheelMovementIntervals													-0.15904517704390742
2969.432333212376	0.5749999999998181	WheelMovementIntervals													0.8743564589284745
2973.024333212376	0.81899999999996	WheelMovementIntervals													0.4757675646415578
2975.093333212376	1.5369999999998072	WheelMovementIntervals													0.5161684666493045
2976.8823332123757	0.22800000000006548	WheelMovementIntervals													-0.06768866895339443
2977.7243332123758	0.1230000000000473	WheelMovementIntervals													0.0331970560760908
2979.359333212376	0.47499999999990905	WheelMovementIntervals													0.09776067559258195
2982.136333212376	0.8079999999999927	WheelMovementIntervals													0.36472510273873127
2987.769333212376	0.1979999999998654	WheelMovementIntervals													0.1339205416841196
2991.8713332123757	0.30999999999994543	WheelMovementIntervals													0.5082159206190227
2999.461333212376	0.8229999999998654	WheelMovementIntervals													0.6159894827551682
3002.316333212376	0.43499999999994543	WheelMovementIntervals													0.6559162044626419
3006.9763332123757	0.06100000000014916	WheelMovementIntervals													0.009975764370551587
3009.625333212376	0.37199999999984357	WheelMovementIntervals													0.5394386637143498
3011.178333212376	0.3429999999998472	WheelMovementIntervals													0.1018776865807638
3016.892333212376	0.11499999999978172	WheelMovementIntervals													0.09915663233360306
3021.040333212376	0.33999999999969077	WheelMovementIntervals													0.4535651136268086
3024.356333212376	0.22600000000011278	WheelMovementIntervals													0.1404829877227769
3030.1953332123758	1.0010000000002037	WheelMovementIntervals													0.6497209786758447
3031.540333212376	0.5109999999999673	WheelMovementIntervals													0.05487665229890126
3034.703333212376	0.3669999999997344	WheelMovementIntervals													0.5456779062194528
3038.059333212376	0.66800000000012	WheelMovementIntervals													0.11750164172102018
3040.0053332123757	0.09900000000016007	WheelMovementIntervals													0.0143608151294643
3041.5453332123757	0.7240000000001601	WheelMovementIntervals													0.5565332383656312
3043.134333212376	0.15699999999969805	WheelMovementIntervals													0.010384883022652502
3044.4763332123757	0.4050000000002001	WheelMovementIntervals													0.2570900268732146
3046.6123332123757	0.9250000000001819	WheelMovementIntervals													0.9999182155236213
3047.896333212376	0.45499999999992724	WheelMovementIntervals													0.28908874960484354
3053.579333212376	0.3910000000000764	WheelMovementIntervals													0.5019550942132298
3054.354333212376	0.706000000000131	WheelMovementIntervals													0.1334380762359615
3055.714333212376	1.2519999999999527	WheelMovementIntervals													0.7796126691837912
3057.665333212376	0.7339999999999236	WheelMovementIntervals													-0.13610660847550093
3060.490333212376	0.68100000000004	WheelMovementIntervals													0.13076967487143065
3065.952333212376	0.2800000000002001	WheelMovementIntervals													0.10927690186375116
3069.6483332123757	0.5570000000002437	WheelMovementIntervals													0.2773342968478403
3079.6503332123757	0.7190000000000509	WheelMovementIntervals													0.5389486189160095
3082.0363332123757	0.14500000000043656	WheelMovementIntervals													0.010474029641159177
3084.761333212376	0.33799999999973807	WheelMovementIntervals													0.2261313911151035
3092.118333212376	0.5470000000000255	WheelMovementIntervals													0.7343339902558625
3095.703333212376	0.053999999999632564	WheelMovementIntervals													0.0067227795859139405
3098.4563332123757	0.30600000000004	WheelMovementIntervals													0.09116322173196068
3103.201333212376	0.3939999999997781	WheelMovementIntervals													0.6572293465354448
3104.556333212376	0.3029999999998836	WheelMovementIntervals													0.12694280542137903
3110.845333212376	0.7310000000002219	WheelMovementIntervals													-0.3904116986344377
3113.579333212376	0.9470000000001164	WheelMovementIntervals													0.6260541675350453
3115.774333212376	0.1269999999999527	WheelMovementIntervals													0.012530929535671476
3124.506333212376	0.3989999999998872	WheelMovementIntervals													0.13697687945142434
3129.386333212376	1.70699999999988	WheelMovementIntervals													1.1072110655683787
3131.629333212376	0.7280000000000655	WheelMovementIntervals													-0.24011482868812095
3132.914333212376	0.7710000000001855	WheelMovementIntervals													-0.09219913019836667
3139.363333212376	0.7449999999998909	WheelMovementIntervals													0.9061902925594723
3141.117333212376	0.1890000000003056	WheelMovementIntervals													0.046084466212192865
3141.7263332123757	0.06300000000010186	WheelMovementIntervals													0.005746829562610856
3145.530333212376	0.4259999999999309	WheelMovementIntervals													0.8459835905301532
3150.0323332123758	1.4790000000002692	WheelMovementIntervals													0.8152814590349635
3151.8113332123758	0.5150000000003274	WheelMovementIntervals													-0.17434203113640478
3153.434333212376	0.3530000000000655	WheelMovementIntervals													0.030810238764331643
3155.1393332123757	0.7110000000002401	WheelMovementIntervals													0.6425509005889012
3157.451333212376	2.1779999999998836	WheelMovementIntervals													0.6947414278550355
3167.807333212376	0.6509999999998399	WheelMovementIntervals													0.5624032397078338
3170.291333212376	0.58199999999988	WheelMovementIntervals													0.14866843603311963
3174.649333212376	0.24699999999984357	WheelMovementIntervals													0.1364921610082206
3176.611333212376	0.11900000000014188	WheelMovementIntervals													0.05788602624858186
3179.867333212376	0.45600000000013097	WheelMovementIntervals													0.5880894355508701
3184.7533332123758	1.9720000000002074	WheelMovementIntervals													0.6086517275690824
3187.024333212376	0.11400000000003274	WheelMovementIntervals													-0.009865440468445286
3188.834333212376	0.31300000000010186	WheelMovementIntervals													-0.14147097559836652
3190.462333212376	0.4179999999996653	WheelMovementIntervals													0.3856845095245376
3194.3713332123757	6.150000000000091	WheelMovementIntervals													1.0535677565410708
3203.0143332123757	0.1550000000002001	WheelMovementIntervals													-0.0384172389344144
3208.8713332123757	0.42000000000007276	WheelMovementIntervals													0.8451150210917433
3212.105333212376	0.8019999999996799	WheelMovementIntervals													-0.5539769309187648
3214.9743332123758	0.05500000000029104	WheelMovementIntervals													0.02224605924064349
3219.605333212376	0.7219999999997526	WheelMovementIntervals													0.38296374408449196
3221.3443332123757	1.2590000000000146	WheelMovementIntervals													-0.6505314669391851
3224.549333212376	0.13999999999987267	WheelMovementIntervals													0.07940495054222652
3228.4743332123758	0.32500000000027285	WheelMovementIntervals													0.06255649271963648
3230.573333212376	2.2399999999997817	WheelMovementIntervals													-0.6684017609695161
3235.285333212376	1.9699999999998	WheelMovementIntervals													1.344777160268876
3238.383333212376	0.36999999999989086	WheelMovementIntervals													0.34536157952800295
3240.579333212376	0.193000000000211	WheelMovementIntervals													0.08792848746153936
3245.4963332123757	0.6790000000000873	WheelMovementIntervals													0.9379988059676805
3247.684333212376	0.1410000000000764	WheelMovementIntervals													0.032766576749196474
3251.830333212376	0.3649999999997817	WheelMovementIntervals													0.28334551024548205
3254.107333212376	0.27599999999983993	WheelMovementIntervals													0.20966929247839516
3256.452333212376	1.4710000000000036	WheelMovementIntervals													0.48463787028188676
3260.608333212376	0.2359999999998763	WheelMovementIntervals													-0.14921960767577502
3281.419333212376	0.9130000000000109	WheelMovementIntervals													-0.2007468430861934
3282.848333212376	0.17099999999982174	WheelMovementIntervals													-0.012177669775155664
3284.1593332123757	2.72400000000016	WheelMovementIntervals													-0.6118311188453731
3290.0453332123757	0.3690000000001419	WheelMovementIntervals													0.10376807862945725
3293.774333212376	0.3229999999998654	WheelMovementIntervals													0.1426754526484899
3295.049333212376	0.2880000000000109	WheelMovementIntervals													-0.05264638499269836
3297.973333212376	0.34999999999990905	WheelMovementIntervals													0.026729775515974552
3301.280333212376	0.47200000000020736	WheelMovementIntervals													0.40623423818789206
3307.108333212376	0.11000000000012733	WheelMovementIntervals													0.03683560805149
3309.883333212376	0.23700000000008004	WheelMovementIntervals													0.0966063879128285
3310.453333212376	1.3719999999998436	WheelMovementIntervals													-0.5513496873442421
3323.252333212376	0.7599999999997635	WheelMovementIntervals													-0.3171173738412847
3324.435333212376	0.1999999999998181	WheelMovementIntervals													0.020615216641203915
3325.510333212376	0.11799999999993815	WheelMovementIntervals													0.01774662783705594
3330.763333212376	0.3269999999997708	WheelMovementIntervals													0.22667577265229966
3333.542333212376	0.09899999999970532	WheelMovementIntervals													0.04231654933815321
3337.9873332123757	0.8000000000001819	WheelMovementIntervals													-0.2264717420669342
3339.723333212376	0.6340000000000146	WheelMovementIntervals													0.5450812431461998
3341.838333212376	0.21900000000005093	WheelMovementIntervals													-0.018718075967143477
3348.093333212376	0.6619999999998072	WheelMovementIntervals													-0.2149423355717488
3349.205333212376	7.1469999999999345	WheelMovementIntervals													-2.1400475456398453
3359.2533332123758	1.18100000000004	WheelMovementIntervals													1.2428653600123596
3361.2373332123757	0.6090000000003783	WheelMovementIntervals													-0.14256764460503746
3363.571333212376	0.4159999999997126	WheelMovementIntervals													0.3449118364269168
3366.105333212376	0.13599999999996726	WheelMovementIntervals													0.04736930505072223
3367.483333212376	0.20699999999987995	WheelMovementIntervals													0.09165193014524675
3376.499333212376	0.40200000000004366	WheelMovementIntervals													0.13741730340754543
3377.747333212376	0.3229999999998654	WheelMovementIntervals													-0.047067119074739594
3378.970333212376	0.193000000000211	WheelMovementIntervals													0.050405012573918384
3382.515333212376	0.6219999999998436	WheelMovementIntervals													0.49151304473403457
3384.751333212376	0.18699999999989814	WheelMovementIntervals													-0.06725165597282512
3387.8133332123757	0.1550000000002001	WheelMovementIntervals													0.015220769914037646
3393.189333212376	0.1069999999999709	WheelMovementIntervals													0.05474093879092834
3394.8043332123757	0.3040000000000873	WheelMovementIntervals													-0.2751731702810787
3395.388333212376	0.7489999999997963	WheelMovementIntervals													-0.383073895307092
3396.464333212376	0.29599999999982174	WheelMovementIntervals													0.22904702284242262
3397.388333212376	5.105000000000018	WheelMovementIntervals													-0.8852673420150268
3405.118333212376	0.4980000000000473	WheelMovementIntervals													-0.1461607681900432
3409.812333212376	0.29300000000012005	WheelMovementIntervals													0.2663716672251155
3413.339333212376	1.1179999999999382	WheelMovementIntervals													0.3067574580728376
3415.473333212376	1.1469999999999345	WheelMovementIntervals													-0.3414609930063932
3416.867333212376	2.0419999999999163	WheelMovementIntervals													0.33854484890045455
3419.451333212376	1.143999999999778	WheelMovementIntervals													0.6143848736675466
3421.645333212376	0.6309999999998581	WheelMovementIntervals													-0.2869710342782241
3423.0363332123757	0.3220000000001164	WheelMovementIntervals													0.06881418411794016
3424.2823332123758	0.09900000000016007	WheelMovementIntervals													0.0416881774370097
3425.743333212376	2.10799999999972	WheelMovementIntervals													-0.5536923385328407
3431.9493332123757	3.4460000000003674	WheelMovementIntervals													-0.7271973327671333
3436.473333212376	0.3569999999999709	WheelMovementIntervals													-0.08167983444565152
3438.370333212376	0.4539999999997235	WheelMovementIntervals													0.0519528742923967
3442.806333212376	8.335999999999785	WheelMovementIntervals													-7.011026638395947
3455.584333212376	1.4400000000000546	WheelMovementIntervals													0.23253873336400943
3465.7663332123757	0.7160000000003492	WheelMovementIntervals													0.26959411982147685
3470.665333212376	0.07199999999966167	WheelMovementIntervals													0.017277860834838066
3474.2643332123757	0.7400000000002365	WheelMovementIntervals													0.30729685851454747
3477.839333212376	0.2919999999999163	WheelMovementIntervals													0.18903066244683941
3482.745333212376	0.7089999999998327	WheelMovementIntervals													0.15706095771437845
3485.0033332123758	0.3160000000002583	WheelMovementIntervals													0.030965721646424527
3486.185333212376	0.06099999999969441	WheelMovementIntervals													-0.007196899828329606
3489.306333212376	0.17399999999997817	WheelMovementIntervals													0.04512652463088784
3499.421333212376	0.26099999999996726	WheelMovementIntervals													0.2879342832390819
3501.352333212376	0.057999999999992724	WheelMovementIntervals													0.02337798741405095
3503.4453332123758	0.5520000000001346	WheelMovementIntervals													0.32189666024521557
3505.000333212376	0.19899999999961437	WheelMovementIntervals													-0.02976793260936006
3506.6013332123757	0.46900000000005093	WheelMovementIntervals													1.1145746974532074
3507.258333212376	0.7669999999998254	WheelMovementIntervals													-0.18090511392784947
3515.5073332123757	1.0210000000001855	WheelMovementIntervals													0.6576823718295657
3517.212333212376	0.25900000000001455	WheelMovementIntervals													0.07249807727615121
3520.0073332123757	1.11200000000008	WheelMovementIntervals													-0.3675731581921582
3522.864333212376	1.5239999999998872	WheelMovementIntervals													0.5268132637809231
3524.923333212376	0.19900000000006912	WheelMovementIntervals													-0.0183230655155171
3525.531333212376	0.26299999999991996	WheelMovementIntervals													-0.06132185833249082
3529.446333212376	0.7759999999998399	WheelMovementIntervals													0.16843307485834202
3532.742333212376	0.3530000000000655	WheelMovementIntervals													-0.057021432630961044
3538.654333212376	0.6340000000000146	WheelMovementIntervals													1.6499005958004602
3544.904333212376	0.34799999999995634	WheelMovementIntervals													0.0781735339668046
3546.966333212376	0.5489999999999782	WheelMovementIntervals													-0.18374820745626153
3548.539333212376	0.8910000000000764	WheelMovementIntervals													0.25945710479550144
3553.000333212376	1.4379999999996471	WheelMovementIntervals													0.5303919163266642
3555.3313332123757	0.44600000000036744	WheelMovementIntervals													0.38153581657388713
3556.908333212376	0.06500000000005457	WheelMovementIntervals													0.029080077260715598
3560.413333212376	0.33999999999969077	WheelMovementIntervals													0.32595881398219717
3563.249333212376	2.838999999999942	WheelMovementIntervals													1.1898095015386332
3566.634333212376	0.38599999999996726	WheelMovementIntervals													-0.13345600832133186
3578.567333212376	0.44499999999970896	WheelMovementIntervals													0.7193020600224429
3579.676333212376	1.0070000000000618	WheelMovementIntervals													-0.329332158466201
3582.013333212376	1.1410000000000764	WheelMovementIntervals													-0.3965366959324115
3583.943333212376	0.07000000000016371	WheelMovementIntervals													-0.030476563142855184
3587.669333212376	8.83199999999988	WheelMovementIntervals													-2.0840549432952287
3602.1033332123757	0.6030000000000655	WheelMovementIntervals													0.27533483473033016
3603.649333212376	0.27700000000004366	WheelMovementIntervals													-0.10888582468112418
3611.446333212376	1.4729999999999563	WheelMovementIntervals													0.356568476337884
3614.5163332123757	0.29500000000007276	WheelMovementIntervals													0.15643382955974516
3615.263333212376	0.7860000000000582	WheelMovementIntervals													0.4357094042111953
3616.964333212376	0.4499999999998181	WheelMovementIntervals													-0.11917456430450102
3620.381333212376	0.5869999999999891	WheelMovementIntervals													0.7229485368803239
3623.723333212376	0.9379999999996471	WheelMovementIntervals													0.6973886491100814
3626.111333212376	0.76299999999992	WheelMovementIntervals													0.1386993355121433
3630.993333212376	0.3049999999998363	WheelMovementIntervals													0.044160248608051234
3633.029333212376	0.32999999999992724	WheelMovementIntervals													0.1449527282192662
3636.330333212376	0.11599999999998545	WheelMovementIntervals													0.03261366244166197
3638.4113332123757	0.2450000000003456	WheelMovementIntervals													0.273920830274875
3644.8113332123758	0.20499999999992724	WheelMovementIntervals													0.1834833381695944
3650.1863332123758	0.2270000000003165	WheelMovementIntervals													0.12982640807669554
3657.1593332123757	0.7580000000002656	WheelMovementIntervals													0.27371536774171545
3658.914333212376	0.2300000000000182	WheelMovementIntervals													0.19511864707425275
3660.087333212376	1.0719999999996617	WheelMovementIntervals													-0.43759745740211997
3667.537333212376	0.36400000000003274	WheelMovementIntervals													0.26673773525109823
3669.951333212376	1.6279999999997017	WheelMovementIntervals													-0.31330723289798357
3673.394333212376	1.793999999999869	WheelMovementIntervals													0.5024411409209506
3675.812333212376	0.11499999999978172	WheelMovementIntervals													0.012668714794074276
3676.2823332123758	1.7300000000000182	WheelMovementIntervals													0.7589936164058599
3678.3153332123757	1.7260000000001128	WheelMovementIntervals													0.46837631686079817
3680.676333212376	0.46099999999978536	WheelMovementIntervals													0.28200481156198975
3681.762333212376	1.0700000000001637	WheelMovementIntervals													-0.6675824939364361
3684.9113332123757	0.6530000000002474	WheelMovementIntervals													0.8912214807706391
3686.614333212376	0.3769999999999527	WheelMovementIntervals													-0.4991406935236853
3688.5993332123758	0.0820000000003347	WheelMovementIntervals													0.021883016970406288
3690.733333212376	0.724999999999909	WheelMovementIntervals													0.7615265527045665
3691.780333212376	1.6109999999998763	WheelMovementIntervals													1.2426113154664051
3693.859333212376	0.2529999999997017	WheelMovementIntervals													-0.21851424713116785
3697.156333212376	0.4699999999997999	WheelMovementIntervals													0.4449661608712461
3698.8533332123757	1.223000000000411	WheelMovementIntervals													0.24583987585600653
3701.691333212376	0.9140000000002146	WheelMovementIntervals													0.11400097753571004
3702.9293332123757	0.2660000000000764	WheelMovementIntervals													-0.2365743035696255
3706.794333212376	0.9989999999997963	WheelMovementIntervals													1.068571838864358
3708.584333212376	0.4670000000000982	WheelMovementIntervals													-0.47005625902917814
3710.3113332123758	0.18400000000019645	WheelMovementIntervals													0.13470656762962108
3712.1863332123758	0.22000000000025466	WheelMovementIntervals													0.30354767345212963
3713.845333212376	6.755999999999858	WheelMovementIntervals													-2.154712185199031
3723.785333212376	0.6140000000000327	WheelMovementIntervals													0.09487078573707208
3731.0033332123758	0.6690000000003238	WheelMovementIntervals													0.09146983400290765
3733.913333212376	0.5529999999998836	WheelMovementIntervals													0.052893647351965
3736.136333212376	0.6099999999996726	WheelMovementIntervals													0.9326005101054022
3742.417333212376	0.6069999999999709	WheelMovementIntervals													0.45252245936589475
3744.629333212376	0.6480000000001382	WheelMovementIntervals													0.3626973440415213
3747.618333212376	0.24299999999993815	WheelMovementIntervals													-0.17860688370009825
3751.616333212376	0.1679999999996653	WheelMovementIntervals													0.08514575336772623
3752.4293332123757	0.6610000000000582	WheelMovementIntervals													0.26131887284603295
3760.0993332123758	0.34900000000016007	WheelMovementIntervals													0.3616510003748772
3761.1303332123757	0.0820000000003347	WheelMovementIntervals													0.0369082471344484
3765.1413332123757	1.125	WheelMovementIntervals													0.43072044052473757
3766.858333212376	0.22200000000020736	WheelMovementIntervals													0.2032388202044899
3769.492333212376	0.11099999999987631	WheelMovementIntervals													-0.01420948381368703
3771.258333212376	0.3029999999998836	WheelMovementIntervals													0.044240315803222074
3772.393333212376	0.11299999999982901	WheelMovementIntervals													-0.03557774226177912
3774.405333212376	4.7840000000001055	WheelMovementIntervals													-1.0740892776585156
3780.558333212376	0.9420000000000073	WheelMovementIntervals													0.3043810722127773
3782.207333212376	0.06100000000014916	WheelMovementIntervals													0.02736608783243355
3783.229333212376	0.5480000000002292	WheelMovementIntervals													-0.3206420746928984
3784.001333212376	0.8569999999999709	WheelMovementIntervals													0.6619324051813464
3785.537333212376	0.0860000000002401	WheelMovementIntervals													0.016580689314679375
3786.620333212376	0.17499999999972715	WheelMovementIntervals													0.021098140121836195
3788.509333212376	0.47299999999995634	WheelMovementIntervals													0.15408244634741664
3789.841333212376	0.2579999999998108	WheelMovementIntervals													0.08888634366877568
3792.9873332123757	0.5750000000002728	WheelMovementIntervals													0.17349311384117527
3794.492333212376	0.625	WheelMovementIntervals													0.1894099294574687
3799.497333212376	0.1230000000000473	WheelMovementIntervals													0.014657675237174317
3803.733333212376	0.7950000000000728	WheelMovementIntervals													0.6468157729153461
3806.7263332123757	0.09100000000034925	WheelMovementIntervals													-0.007176537867763955
3810.719333212376	0.2139999999999418	WheelMovementIntervals													0.02089611399563296
3816.294333212376	0.19900000000006912	WheelMovementIntervals													0.03439418216873946
3819.787333212376	0.2300000000000182	WheelMovementIntervals													0.07983746083419874
3823.426333212376	0.24899999999979627	WheelMovementIntervals													0.05785773635838609
3824.417333212376	1.2329999999997199	WheelMovementIntervals													1.105618556244906
3826.086333212376	0.9099999999998545	WheelMovementIntervals													-0.07238570913412445
3827.307333212376	0.20699999999987995	WheelMovementIntervals													0.048753112922042874
3830.3133332123757	0.4630000000001928	WheelMovementIntervals													-0.045441229100788405
3831.165333212376	0.36799999999993815	WheelMovementIntervals													0.20015259848838696
3833.341333212376	0.7240000000001601	WheelMovementIntervals													0.323491921692721
3834.8133332123757	0.16200000000026193	WheelMovementIntervals													0.012193816725840634
3838.841333212376	0.12599999999974898	WheelMovementIntervals													0.011800006447174383
3841.0833332123757	0.19700000000011642	WheelMovementIntervals													0.02447851582275007
3843.175333212376	0.7860000000000582	WheelMovementIntervals													0.40956708603332004
3844.7953332123757	0.16600000000016735	WheelMovementIntervals													0.012129460278799797
3846.259333212376	0.5259999999998399	WheelMovementIntervals													0.6101411929048197
3854.8893332123757	0.24400000000014188	WheelMovementIntervals													0.12497447148348328
3855.9673332123757	0.27899999999999636	WheelMovementIntervals													0.05886356527872749
3858.306333212376	0.49599999999963984	WheelMovementIntervals													0.07150329464721494
3861.276333212376	1.5639999999998508	WheelMovementIntervals													0.7992953852079268
3864.0343332123757	0.3500000000003638	WheelMovementIntervals													-0.057904667415755284
3864.922333212376	0.8339999999998327	WheelMovementIntervals													0.5260378035846713
3873.010333212376	0.22499999999990905	WheelMovementIntervals													0.0233088123623304
3876.210333212376	0.7059999999996762	WheelMovementIntervals													0.3095885689820932
3880.992333212376	0.4960000000000946	WheelMovementIntervals													0.487722684808233
3882.4183332123757	1.6310000000003129	WheelMovementIntervals													0.5605501181138948
3885.858333212376	0.07600000000002183	WheelMovementIntervals													0.023985451940660596
3886.852333212376	0.7359999999998763	WheelMovementIntervals													-0.19309334243692433
3888.281333212376	0.2739999999998872	WheelMovementIntervals													0.05755845174169849
3889.276333212376	0.2579999999998108	WheelMovementIntervals													-0.04695789080187751
3890.4453332123758	0.680000000000291	WheelMovementIntervals													-0.6222635506013887
3895.147333212376	1.4800000000000182	WheelMovementIntervals													0.7635374363376286
3902.613333212376	0.44399999999996	WheelMovementIntervals													0.22877877069583974
3903.681333212376	0.5339999999996508	WheelMovementIntervals													0.1673417599755851
3904.547333212376	0.12399999999979627	WheelMovementIntervals													0.019885396495340046
3907.517333212376	0.6959999999999127	WheelMovementIntervals													-0.45461153561006995
3909.316333212376	0.08500000000003638	WheelMovementIntervals													-0.03244333328959215
3910.800333212376	2.9980000000000473	WheelMovementIntervals													-0.842855184641337
3915.539333212376	1.5230000000001382	WheelMovementIntervals													0.7920088337645552
3917.942333212376	14.559999999999945	WheelMovementIntervals													2.5071095625179396
3933.957333212376	0.1430000000000291	WheelMovementIntervals													-0.035152795748075505
3934.4093332123757	0.7830000000003565	WheelMovementIntervals													-0.20090807768065133
3935.533333212376	1.7359999999998763	WheelMovementIntervals													0.9182650126896874
3937.559333212376	5.968000000000302	WheelMovementIntervals													-1.9244698730416019
3943.856333212376	2.39200000000028	WheelMovementIntervals													-1.6287331540904972
3946.8713332123757	0.14900000000034197	WheelMovementIntervals													0.012241910256307165
3947.385333212376	0.9490000000000691	WheelMovementIntervals													0.30518594116625763
3950.9273332123757	0.2070000000003347	WheelMovementIntervals													0.09083778133862097
3951.762333212376	0.30300000000033833	WheelMovementIntervals													0.06756443489072694
3955.895333212376	0.12199999999984357	WheelMovementIntervals													0.03835464149827317
3958.234333212376	1.268999999999778	WheelMovementIntervals													0.2310933641175268
3964.279333212376	2.5589999999997417	WheelMovementIntervals													0.7347465295304119
3967.386333212376	0.2300000000000182	WheelMovementIntervals													0.08421711948759025
3974.736333212376	1.2519999999999527	WheelMovementIntervals													0.6890748458396558
3976.977333212376	0.4760000000001128	WheelMovementIntervals													-0.08177858025538853
3977.872333212376	1.0140000000001237	WheelMovementIntervals													0.3634065174871637
3979.5253332123757	2.8100000000004	WheelMovementIntervals													-0.5121707718145387
3990.3023332123757	0.5950000000002547	WheelMovementIntervals													0.26682495595011346
3999.0613332123758	0.637000000000171	WheelMovementIntervals													0.1675449161322149
4000.125333212376	0.057999999999992724	WheelMovementIntervals													-0.012692563647561883
4000.455333212376	0.36799999999993815	WheelMovementIntervals													-0.035579677255668685
4002.165333212376	0.47100000000000364	WheelMovementIntervals													-0.12090905686196152
4002.864333212376	0.5380000000000109	WheelMovementIntervals													-0.05145027579922612
4005.7573332123757	0.4910000000004402	WheelMovementIntervals													0.37359776403528144
4011.181333212376	0.19200000000000728	WheelMovementIntervals													0.11498034790093925
4018.6393332123757	0.6150000000002365	WheelMovementIntervals													0.45688162411545363
4022.8823332123757	0.8550000000000182	WheelMovementIntervals													-0.2324708035080505
4026.960333212376	0.7739999999998872	WheelMovementIntervals													0.3550540635767163
4031.7553332123757	0.30900000000019645	WheelMovementIntervals													0.06271398978068987
4033.663333212376	0.05499999999983629	WheelMovementIntervals													0.014324880816502628
4035.430333212376	0.10600000000022192	WheelMovementIntervals													0.05216815618260284
4035.942333212376	0.5270000000000437	WheelMovementIntervals													0.4587576648057734
4037.942333212376	0.5139999999996689	WheelMovementIntervals													0.32418753077496376
4039.041333212376	0.4259999999999309	WheelMovementIntervals													0.2454009582980916
