onset	duration	nwb_table	choice	feedback_type	reward_volume	contrast_left	contrast_right	probability_left	feedback_time	response_time	stim_off_time	stim_on_time	go_cue_time	first_movement_time	peak_amplitude
4.055095550004048	1.7150000000005727	WheelMovementIntervals													-1.1030973816525145
8.690095550005596	0.26000000000008683	WheelMovementIntervals													0.02161232432287785
123.9860955500441	1.1790000000004	WheelMovementIntervals													1.7155353685334296
125.4500955500446	1.511000000000493	WheelMovementIntervals													0.31718370606301527
140.13709555004948	0.1580000000000723	WheelMovementIntervals													0.021888548118698004
231.11309555007986	0.9880000000003406	WheelMovementIntervals													1.4684817024755779
232.3640955500803	0.5250000000001762	WheelMovementIntervals													0.03791808231751492
285.1270955500979	0.4690000000001646	WheelMovementIntervals													-0.09390376318947435
286.2960955500983	0.05900000000002592	WheelMovementIntervals													-0.008083787387223484
287.5270955500987	0.36400000000014643	WheelMovementIntervals													-0.23682573105742577
299.58809555010276	1.735000000000582	WheelMovementIntervals													0.43178094730718697
301.79909555010346	0.11400000000003274	WheelMovementIntervals													-0.044001905006359365
312.215095550107	1.1480000000003656	WheelMovementIntervals													-0.666668520102512
327.17509555011196	0.9050000000003138	WheelMovementIntervals													-0.708267081373471
328.4000955501124	0.10000000000002274	WheelMovementIntervals													-0.0630289320426749
335.6090955501148	0.26400000000006685	WheelMovementIntervals													0.023866403051125973
336.19809555011494	0.12400000000008049	WheelMovementIntervals													0.02145724357655454
423.061095550144	0.5580000000001633	WheelMovementIntervals													-0.7083944164761584
500.3700955501698	0.21200000000004593	WheelMovementIntervals													-0.017123019220543934
500.97809555017	0.8670000000003029	WheelMovementIntervals													-0.4494322273071338
502.9870955501707	2.91500000000093	WheelMovementIntervals													0.7413251651339725
517.9660955501756	1.261000000000422	WheelMovementIntervals													0.4102090355538595
528.8930955501793	0.8160000000002583	WheelMovementIntervals													0.436636942495513
550.0250955501864	0.5150000000001	WheelMovementIntervals													-0.13360751586945552
585.8660955501983	0.09199999999998454	WheelMovementIntervals													-0.01459090825478171
600.6240955502033	0.4870000000001937	WheelMovementIntervals													-0.28129066358218013
602.3140955502039	1.7010000000004766	WheelMovementIntervals													0.3380927052384528
621.6530955502103	0.3240000000000691	WheelMovementIntervals													-0.03950049833797631
622.4580955502106	0.776000000000181	WheelMovementIntervals													0.17222375958608005
647.4109857606475	31.494056055944952	trials	1.0	1.0	1.5	1.0		0.5	677.3375261406774	677.3374271709739	678.4049860506784	653.0271907506531	653.028290640653	677.1950955502289	
677.1950955502289	5.169000000001688	WheelMovementIntervals													-1.38615149832623
679.4869445106795	38.3724945762043	trials	-1.0	-1.0	0.0	0.125		0.5	715.2846977107152	715.2839174494754	717.3593568907173	683.043888780683	683.0449886706831	715.0030955502415	
715.0030955502415	0.4190000000000964	WheelMovementIntervals													0.294265638687929
716.3740955502419	2.410000000000764	WheelMovementIntervals													0.8808236675111849
718.5078420307185	63.481400047107286	trials	0.0	-1.0	0.0	1.0		0.5	779.4900432007795	779.4892204637572	782.1533768407821	719.4876440407195	719.4886439407195		
779.5610955502631	0.2760000000000673	WheelMovementIntervals													-0.03163389040383713
782.7913463707828	63.11363834698443	trials	0.0	-1.0	0.0		0.0625	0.5	843.4057509908434	843.4049605118844	844.5859329608446	782.8421746207829	783.4043517307834		
830.56509555028	0.1490000000001146	WheelMovementIntervals													0.019836911920475764
846.6975884408467	15.960221352656959	trials	1.0	1.0	1.5	0.25		0.5	861.079483440861	861.0793959899154	862.1577422708622	846.7582157108468	847.4200495208474	860.8370955502902	
860.8370955502902	0.582000000000221	WheelMovementIntervals													-0.8052101414762571
862.3030955502907	0.14800000000002456	WheelMovementIntervals													0.010325986307768265
863.1335113508632	4.124246297526952	trials	1.0	1.0	1.5	0.0		0.5	865.6810232408657	865.6809380944837	866.7577155608668	865.3856194508654	865.3865860208654	865.5210955502918	
863.4880955502911	1.2320000000004256	WheelMovementIntervals													0.2857602748869694
865.5210955502918	2.316000000000713	WheelMovementIntervals													-0.7339491686327675
867.6580588508676	7.827241927737532	trials	-1.0	-1.0	0.0	0.125		0.5	872.9151664208729	872.9142856635364	874.985226060875	868.3855860908684	868.3865526608683	868.5250955502927	
868.5250955502927	1.3180000000004384	WheelMovementIntervals													-0.2619557827350829
872.5940955502941	0.8340000000002874	WheelMovementIntervals													0.2021510112531586
874.4290955502947	1.1330000000003793	WheelMovementIntervals													-0.6708741808091034
875.9033009108759	3.798941857723662	trials	1.0	-1.0	0.0		0.125	0.5	877.1307781508772	877.1299134573621	879.2021709908793	876.4577454608765	876.4588120208765	876.6320955502955	
876.6320955502955	0.930000000000291	WheelMovementIntervals													-0.43749380402363514
880.1365442108802	4.037724211765635	trials	1.0	1.0	1.5	0.0625		0.5	882.6001644908827	882.60005715269	883.6742570708836	882.2743970708823	882.2753969708823	882.4380955502974	
880.5000955502967	1.0170000000003938	WheelMovementIntervals													-0.6452450824442676
882.4380955502974	5.55300000000193	WheelMovementIntervals													-1.4601576001323346
884.5698675008846	6.0878498648345385	trials	1.0	1.0	1.5	0.125		0.5	889.0767167708891	889.0766029344368	890.1577086608902	888.4689108908884	888.4700107808885	888.6620955502995	
888.6620955502995	0.40000000000009095	WheelMovementIntervals													-0.27528228536013233
890.6330955503001	2.2620000000007394	WheelMovementIntervals													-1.9599296584437047
891.0590185208911	4.265263192762404	trials	1.0	1.0	1.5	1.0		0.5	893.7456498308937	893.7455570640494	894.8241753008948	893.4352808708934	893.4366474008934	893.5910955503011	
893.5910955503011	0.6770000000002483	WheelMovementIntervals													-0.48403383177969417
895.4850955503017	0.9610000000003538	WheelMovementIntervals													0.5652075062273112
895.7227854308958	3.601832034533004	trials	1.0	1.0	1.5	0.0625		0.5	897.7430833808977	897.7430022768422	898.8245418908988	897.4687108208975	897.4696107308974	897.6060955503025	
897.6060955503025	0.3490000000000464	WheelMovementIntervals													-0.4015766206141316
898.4640955503028	1.428000000000452	WheelMovementIntervals													0.07794919806183342
899.7222187808998	4.0349237629935715	trials	-1.0	1.0	1.5		0.25	0.5	902.1850391409022	902.1849320639298	903.2570652609032	901.5352374609015	901.5362373609015	901.7460955503038	
900.2310955503033	0.5630000000002156	WheelMovementIntervals													-0.041921458467592654
901.7460955503038	1.4340000000005375	WheelMovementIntervals													0.286902032843106
904.1496426609042	7.657758393422341	trials	-1.0	1.0	1.5		0.25	0.5	910.2419000409102	910.241787524803	911.3072934909113	904.7018207709048	904.7028873309047	904.9050955503048	
904.9050955503048	1.1900000000003956	WheelMovementIntervals													0.24112408616318737
909.7710955503065	0.8220000000002301	WheelMovementIntervals													0.27435808021836383
911.118095550307	0.9050000000003138	WheelMovementIntervals													0.05192681780322017
912.2211021009123	2.8692390467274436	trials	-1.0	1.0	1.5		0.25	0.5	913.5250050309136	913.5249184809744	914.5902984909146	912.968094060913	912.969127290913	913.1810955503076	
913.1810955503076	1.2920000000004848	WheelMovementIntervals													0.36090658136342846
915.2290955503083	1.0630000000003292	WheelMovementIntervals													0.07658703221229146
915.4782430209154	4.945631916690104	trials	1.0	1.0	1.5	0.0		0.5	918.8537721009188	918.8536634392176	919.9238317509199	916.8014440209168	916.8024439209169	918.3170955503093	
918.3170955503093	1.1860000000004902	WheelMovementIntervals													-0.7137958202509513
920.7350955503102	1.219000000000392	WheelMovementIntervals													0.2234450539472781
920.8211753409208	3.7970459219043278	trials	1.0	1.0	1.5	0.25		0.5	923.0485859109231	923.0485011052626	924.1181122809242	922.5513023109226	922.5524022009225	922.7650955503109	
922.7650955503109	2.390000000000782	WheelMovementIntervals													-0.40202223426690553
925.003623720925	5.237336056274785	trials	1.0	1.0	1.5	0.0		0.5	928.6652241909287	928.6651475303312	929.7409166109297	925.7405500209258	925.7413499409257	928.4130955503127	
928.4130955503127	0.5900000000002592	WheelMovementIntervals													-0.3609133216208851
930.3800955503134	1.676000000000613	WheelMovementIntervals													0.18222373537313707
930.6367603509307	4.36462451981572	trials	-1.0	1.0	1.5		1.0	0.5	933.4324807509335	933.4323747752463	934.5013405209345	932.5681005309326	932.5689671109326	932.7520955503142	
932.7520955503142	1.8380000000006476	WheelMovementIntervals													0.36500892904846305
935.3909848809354	5.610157734642485	trials	-1.0	1.0	1.5		0.125	0.5	939.4330139709394	939.4329250359721	940.5011071509405	936.057018270936	936.057951510936	939.2390955503164	
939.2390955503164	1.7530000000004975	WheelMovementIntervals													0.3701141157559902
941.4546451209414	2.8134147298428616	trials	1.0	1.0	1.5	0.125		0.5	942.7049534109427	942.7048503333656	943.7680137609437	942.1738731909422	942.1748730909421	942.3520955503174	
942.3520955503174	0.6720000000002528	WheelMovementIntervals													-0.5887104678758797
944.0450955503179	1.1940000000004147	WheelMovementIntervals													0.5117971113402842
944.6542584609447	3.119146604445291	trials	-1.0	1.0	1.5		1.0	0.5	946.2033702009462	946.2032806122836	947.2733298609472	945.8904015009459	945.8915013909459	946.0580955503186	
946.0580955503186	0.498000000000161	WheelMovementIntervals													0.4230734536656424
946.8200955503189	1.0020000000002938	WheelMovementIntervals													0.12230417776288949
948.1535085009482	6.953031459716499	trials	-1.0	-1.0	0.0	0.25		0.5	952.5427695309526	952.5420270949262	954.6065298009546	948.6846220509487	948.6854886309487	952.3940955503208	
952.3940955503208	1.233000000000402	WheelMovementIntervals													0.48167583072910425
955.5078396609555	5.081849516854618	trials	1.0	1.0	1.5	0.25		0.5	959.017488660959	959.0173724761657	960.0896481009601	958.7342503209587	958.7350502409588	958.8860955503229	
956.061095550322	1.9670000000006667	WheelMovementIntervals													-0.7112587530022294
958.8860955503229	0.7860000000002856	WheelMovementIntervals													-0.3939789869372561
959.8920955503232	0.9180000000003474	WheelMovementIntervals													0.1013340103226601
960.994290960961	2.528938800150513	trials	1.0	1.0	1.5	1.0		0.5	961.950195360962	961.9501048695996	963.023154720963	961.5842986209616	961.5853651809616	961.8010955503239	
961.8010955503239	0.9620000000003301	WheelMovementIntervals													-0.2851508805437106
963.9039333009639	3.5139345463069276	trials	-1.0	1.0	1.5		0.25	0.5	965.8459390809659	965.8458512871438	966.9177318909669	965.4843419109654	965.4853084809655	965.6840955503252	
964.2000955503247	0.7540000000002465	WheelMovementIntervals													0.25688784227039774
965.6840955503252	0.8030000000002246	WheelMovementIntervals													0.34574994402439474
967.8695700309679	2.487215185522814	trials	-1.0	1.0	1.5		0.25	0.5	968.7817788009688	968.7816744996081	969.8566713009699	968.4570446109685	968.4579445209685	968.6700955503262	
968.6700955503262	1.0850000000003774	WheelMovementIntervals													0.4678701809515977
970.7291840409707	8.455176775299833	trials	1.0	-1.0	0.0		0.0625	0.5	976.6105291809766	976.6096353506085	978.6842551209787	972.050918520972	972.051918420972	976.4820955503288	
970.7520955503269	0.7640000000002374	WheelMovementIntervals													0.13831976829758297
976.4820955503288	1.4740000000005011	WheelMovementIntervals													-0.7862560857677372
979.6192616109796	4.704023365765465	trials	1.0	1.0	1.5	1.0		0.5	982.7489819409827	982.7488751604394	983.8232411709838	982.4896745409825	982.4908077609825	982.6380955503308	
980.0080955503299	1.3660000000005539	WheelMovementIntervals													-0.6785774468340966
982.6380955503308	0.7300000000002456	WheelMovementIntervals													-0.6024746734860269
983.6320955503312	1.261000000000422	WheelMovementIntervals													0.10571775104444292
984.7307837409847	6.708554404571601	trials	1.0	1.0	1.5	0.0625		0.5	989.8681366209898	989.8680231052908	990.9392961609909	985.3674200709854	985.3684533009854	989.7390955503332	
989.7390955503332	0.6850000000002865	WheelMovementIntervals													-0.3231362889575484
991.6270955503338	0.9050000000003138	WheelMovementIntervals													0.9535952878657179
991.8511383009918	3.121743648645861	trials	1.0	1.0	1.5	1.0		0.5	993.3968503809934	993.3967589218413	994.4728427709945	993.017188350993	993.018054930993	993.0610955503344	
993.0610955503344	1.9690000000006194	WheelMovementIntervals													-0.5000000608760331
995.3799853809954	6.903757840830849	trials	1.0	-1.0	0.0		0.125	0.5	999.7206512709997	999.7198204836169	1001.7837116110018	996.0839483109961	996.0850148709961	999.5570955503365	
999.5570955503365	1.0270000000003847	WheelMovementIntervals													0.46388605967698293
1002.7806452410028	3.5532370464188716	trials	1.0	-1.0	0.0		0.0625	0.5	1003.7696130010038	1003.768654985977	1005.8338398910058	1003.4896410010035	1003.4906075710035	1003.6460955503379	
1003.6460955503379	1.3090000000004238	WheelMovementIntervals													-0.5708049508292454
1006.7245841410067	2.5313088912603234	trials	-1.0	1.0	1.5		0.125	0.5	1007.6837882110077	1007.6836867520772	1008.7558809910088	1007.2896609610073	1007.2905942010073	1007.5830955503392	
1007.5830955503392	2.2440000000007103	WheelMovementIntervals													-0.9085462118756276
1009.6447920910097	5.044954203000998	trials	-1.0	-1.0	0.0	1.0		0.5	1012.1198778910122	1012.1191172037989	1014.1896375610143	1010.4838081810105	1010.4848747410105	1010.5370955503402	
1010.5370955503402	2.8820000000009713	WheelMovementIntervals													0.6789662283614897
1015.0914473710151	3.058821989037938	trials	-1.0	1.0	1.5		1.0	0.5	1016.5805651110165	1016.5804566147217	1017.6502248010177	1015.6500581710156	1015.6511580610156	1015.839095550342	
1015.839095550342	1.7150000000004866	WheelMovementIntervals													0.3937441755174138
1018.5434688010185	2.5959325651185736	trials	1.0	1.0	1.5	1.0		0.5	1019.5605670810196	1019.5604807755559	1020.6392925310206	1019.2887276010193	1019.2897941610192	1019.4760955503432	
1019.4760955503432	1.0850000000003774	WheelMovementIntervals													-0.4789290085480271
1021.5254039110215	8.113745738437842	trials	-1.0	1.0	1.5		0.0625	0.5	1028.065349851028	1028.0652391650442	1029.139075801029	1022.5001397610225	1022.5011063310225	1027.8850955503458	
1021.937095550344	0.8530000000002929	WheelMovementIntervals													0.03234876162404099
1027.8850955503458	1.385000000000673	WheelMovementIntervals													0.3353706266380554
1030.06424994103	2.490842088205227	trials	-1.0	1.0	1.5		0.125	0.5	1030.981758181031	1030.9816643378008	1032.055050841032	1030.6500913510306	1030.6510245910306	1030.7740955503468	
1030.7740955503468	2.486000000000786	WheelMovementIntervals													0.36840110252326586
1032.945195151033	2.9430033536229985	trials	-1.0	1.0	1.5		0.25	0.5	1034.3213908510343	1034.3212953163813	1035.3881841610355	1033.8498380110339	1033.8506712610338	1034.059095550348	
1034.059095550348	1.9120000000007167	WheelMovementIntervals													0.39114383165028865
1036.2741955510362	2.398620825587386	trials	-1.0	1.0	1.5		1.0	0.5	1037.1024127210371	1037.1023020504342	1038.1727723410381	1036.7664129910368	1036.7673129010368	1036.9440955503492	
1036.9440955503492	1.861000000000331	WheelMovementIntervals													0.439835783011318
1039.0556173810392	2.799742917243293	trials	-1.0	1.0	1.5		1.0	0.5	1040.2927269910404	1040.2926354596168	1041.3552873910414	1039.7167845910396	1039.7176178410398	1039.89909555035	
1039.89909555035	2.627000000000862	WheelMovementIntervals													0.31269351516749655
1042.2544641310424	8.434376461098736	trials	1.0	1.0	1.5	0.25		0.5	1049.1112117210491	1049.1111246636115	1050.1888039510502	1043.1831379210432	1043.1842711410432	1048.2300955503529	
1043.2330955503512	0.41600000000016735	WheelMovementIntervals													0.04438491920644472
1048.2300955503529	1.829000000000633	WheelMovementIntervals													-0.3176494976766979
1051.1361425410512	3.7860150897840867	trials	-1.0	-1.0	0.0	0.125		0.5	1052.3461548610524	1052.345146721067	1054.4221139110543	1051.6333261510517	1051.6341594010516	1051.921095550354	
1051.921095550354	0.7690000000002328	WheelMovementIntervals													0.28044618396158016
1055.3242570210552	3.914034190028815	trials	-1.0	-1.0	0.0	0.125		0.5	1056.6711223210566	1056.6701680901758	1058.7382489210588	1055.933062801056	1055.934129361056	1056.3900955503555	
1056.3900955503555	0.7110000000002401	WheelMovementIntervals													0.7587003990827279
1059.6358924810597	9.635788291812105	trials	-1.0	1.0	1.5		0.25	0.5	1067.6954531110678	1067.6953638199989	1068.7716454810688	1060.1495411110602	1060.15040769106	1060.3740955503567	
1060.3740955503567	0.7270000000003165	WheelMovementIntervals													0.2573183647445476
1067.6070955503592	0.8140000000003056	WheelMovementIntervals													-0.8303746999487509
1068.7210955503597	0.18699999999989814	WheelMovementIntervals													0.006098933643579052
1069.7312828410697	4.440438449529438	trials	1.0	1.0	1.5	0.25		0.5	1072.6086950710726	1072.6086064597039	1073.6716887610737	1072.099279351072	1072.100312581072	1072.2120955503606	
1070.1340955503601	1.4710000000004584	WheelMovementIntervals													0.47770699121555804
1072.2120955503606	0.7880000000004657	WheelMovementIntervals													-0.5034349135829896
1073.3310955503612	0.37800000000015643	WheelMovementIntervals													-0.01552689551486175
1074.6688223710746	6.680555383946739	trials	1.0	-1.0	0.0		0.0	0.5	1078.7792446210788	1078.778454595754	1080.849337591081	1075.2328659610753	1075.2339325210753	1078.4410955503627	
1078.4410955503627	1.485000000000582	WheelMovementIntervals													-0.5741709394345831
1081.7773781110818	2.544308034115602	trials	1.0	1.0	1.5	0.0625		0.5	1082.7275830810827	1082.727479990934	1083.8216070010837	1082.4545103910825	1082.4555436210824	1082.6180955503642	
1082.6180955503642	1.298000000000684	WheelMovementIntervals													-0.3707319670272442
1084.7188839310847	2.397119191687125	trials	1.0	1.0	1.5	0.25		0.5	1085.5450013110856	1085.5448895104585	1086.6159608710866	1085.2325325610852	1085.2334991310852	1085.435095550365	
1085.435095550365	0.6420000000002801	WheelMovementIntervals													-0.4862116981803828
1086.4600955503656	2.4140000000006694	WheelMovementIntervals													0.3041890835644887
1087.5288029110875	9.220496720764231	trials	1.0	1.0	1.5	0.0		0.5	1095.1906699810952	1095.190581619378	1096.2492307810962	1089.6882202810898	1089.6891535210898	1095.0470955503683	
1095.0470955503683	0.8610000000003311	WheelMovementIntervals													-0.5164703381381344
1096.7860955503688	0.9310000000004948	WheelMovementIntervals													-0.17385824023952612
1097.2009022710972	9.481473472800417	trials	1.0	-1.0	0.0		0.125	0.5	1104.102978661104	1104.1020535651771	1106.1823040411061	1098.2874602710983	1098.2883601810984	1103.9010955503713	
1099.01009555037	0.08500000000003638	WheelMovementIntervals													-0.0292649558824154
1103.9010955503713	1.6960000000003674	WheelMovementIntervals													-3.1303891309526177
1107.1286760611072	2.5588359175894766	trials	1.0	1.0	1.5	0.0625		0.5	1108.094179501108	1108.0940884804459	1109.187470161109	1107.8047417811079	1107.8056083611077	1107.9940955503725	
1107.9940955503725	1.1410000000005311	WheelMovementIntervals													-0.4444865976897141
1110.08181405111	2.8058146433575075	trials	-1.0	1.0	1.5		0.25	0.5	1111.3035252011114	1111.3034191204345	1112.3875834511125	1110.8490706511109	1110.8499039011108	1111.0860955503736	
1111.0860955503736	0.5520000000005894	WheelMovementIntervals													0.3394962838279483
1111.9260955503742	0.4639999999999418	WheelMovementIntervals													0.1063014121807182
1113.2820273311133	3.7390394710032524	trials	1.0	-1.0	0.0		0.125	0.5	1114.4431778711144	1114.4421386469671	1116.5210034011166	1113.932062321114	1113.933195541114	1114.1160955503747	
1114.1160955503747	0.8880000000003747	WheelMovementIntervals													-0.43135930963649827
1117.0610955503757	0.8390000000003965	WheelMovementIntervals													-0.4367214326944371
1117.5335688011176	3.1210139406287	trials	1.0	1.0	1.5	0.25		0.5	1119.075281281119	1119.0751746991186	1120.1545400111202	1118.4823072511185	1118.4835404611185	1118.6920955503765	
1118.6920955503765	0.8209999999999127	WheelMovementIntervals													-0.782024123145705
1120.9080955503769	1.4060000000008586	WheelMovementIntervals													-0.16631385505057317
1121.064782311121	9.550596125442553	trials	1.0	1.0	1.5	1.0		0.5	1129.0401513611291	1129.0400600760336	1130.11534383113	1122.982223881123	1122.983090461123	1128.8420955503798	
1128.8420955503798	0.8880000000003747	WheelMovementIntervals													-0.778788378038108
1130.5160955503802	1.6720000000004802	WheelMovementIntervals													-0.17635813255477828
1131.086580031131	3.4841099840327843	trials	-1.0	1.0	1.5		1.0	0.5	1132.999088761133	1132.9989844135125	1134.070648261134	1132.6874199311328	1132.6883531711328	1132.631095550381	
1132.631095550381	1.5630000000005566	WheelMovementIntervals													0.36031676950270786
1134.996588991135	7.318586700485639	trials	-1.0	-1.0	0.0	0.125		0.5	1139.7552797411397	1139.7543440542477	1141.815140401142	1135.7318487911357	1135.7329820111358	1139.1650955503833	
1139.1650955503833	0.8340000000002874	WheelMovementIntervals													0.31241847171569503
1142.7635788811428	3.07361804546872	trials	-1.0	1.0	1.5		1.0	0.5	1144.2772941611443	1144.2771867827585	1145.3371548311454	1143.4376448011435	1143.4385780411435	1143.5390955503844	
1143.5390955503844	2.721000000000913	WheelMovementIntervals													0.31912708514042265
1146.2479970711463	8.022752750325708	trials	-1.0	1.0	1.5		0.0625	0.5	1152.7025515511527	1152.7024379006452	1153.7706447311539	1147.065048691147	1147.065848611147	1152.4040955503874	
1152.4040955503874	1.5140000000005784	WheelMovementIntervals													0.3961251580303262
1154.7117506111547	3.553435598709484	trials	1.0	-1.0	0.0		0.0	0.5	1155.6987852311556	1155.6979599360347	1157.7650785811577	1155.3483536111553	1155.3494535011553	1155.4650955503885	
1155.4650955503885	0.7540000000003602	WheelMovementIntervals													-0.5037000586035703
1158.6703880411587	5.899963788857576	trials	-1.0	-1.0	0.0	0.0625		0.5	1161.999721741162	1161.9987223338505	1164.0702480011641	1159.3875163211594	1159.3884162311595	1159.5960955503901	
1159.5960955503901	0.55600000000004	WheelMovementIntervals													0.13242675068076615
1161.7100955503906	0.5820000000003347	WheelMovementIntervals													0.5275207397638031
1165.015953421165	2.6991144819548936	trials	-1.0	1.0	1.5		0.25	0.5	1166.1595390511661	1166.1594582856017	1167.2150001611672	1165.7649118511658	1165.7660117411658	1165.994095550392	
1165.994095550392	1.9260000000008404	WheelMovementIntervals													-0.5219124208039361
1168.2129670211682	2.8577382124090036	trials	-1.0	1.0	1.5		0.125	0.5	1169.4963720011694	1169.4962828338978	1170.5706645611706	1168.7040845711688	1168.7049844811688	1169.150095550393	
1169.150095550393	1.117000000000644	WheelMovementIntervals													0.44391571251844475
1170.5500955503935	1.2260000000005675	WheelMovementIntervals													0.020608958535232702
1171.4771072411716	7.670953894155218	trials	-1.0	1.0	1.5		0.0	0.5	1177.5912624311777	1177.5911486027826	1178.6480234111787	1172.2813601411724	1172.2822933811724	1177.415095550396	
1172.0250955503939	0.6400000000003274	WheelMovementIntervals													0.043520332694695796
1177.415095550396	2.3130000000005566	WheelMovementIntervals													0.37710937153835644
1179.5938621511796	6.959759893071805	trials	-1.0	-1.0	0.0	0.0625		0.5	1183.993522141184	1183.9925987410013	1186.053549451186	1180.1869361711802	1180.1878694111801	1183.864095550398	
1183.864095550398	0.9950000000003456	WheelMovementIntervals													0.687320731853454
1186.978823581187	9.035482091503127	trials	-1.0	1.0	1.5		0.125	0.5	1194.4568757011946	1194.4567898666994	1195.5142366211956	1187.4980716511875	1187.4991382111875	1187.6680955503994	
1187.6680955503994	1.6470000000003893	WheelMovementIntervals													0.18283381834757328
1194.2750955504016	1.917000000000371	WheelMovementIntervals													-0.7542802228651624
1196.4699077111966	3.877836044675405	trials	-1.0	1.0	1.5		0.125	0.5	1198.7949085211987	1198.794828122364	1199.8476699011999	1198.1034443411982	1198.1043775811982	1198.2630955504028	
1196.5370955504022	0.9480000000003201	WheelMovementIntervals													-0.13589769231647075
1198.2630955504028	1.5120000000006257	WheelMovementIntervals													0.32841678365360316
1200.7595453712008	6.1047468734686845	trials	1.0	1.0	1.5	0.25		0.5	1205.3100569412054	1205.3099780741566	1206.3642515112065	1201.3862826912014	1201.3873492512014	1204.4980955504047	
1204.4980955504047	1.4150000000008731	WheelMovementIntervals													-0.3777582639746857
1207.0370955504059	0.9010000000002947	WheelMovementIntervals													0.89132803889561
1207.2895923012072	8.014051619413067	trials	1.0	-1.0	0.0		0.0625	0.5	1212.7425469512127	1212.7416260577547	1214.8035741612148	1208.4198459312083	1208.4209458212085	1212.5570955504077	
1212.5570955504077	0.8200000000001637	WheelMovementIntervals													-0.3994666403104503
1215.7640447712158	3.4891409776819273	trials	1.0	-1.0	0.0		0.0625	0.5	1216.6851859812166	1216.6842550510137	1218.7531458312187	1216.4808064212166	1216.4818396512164	1216.4400955504088	
1216.4400955504088	0.7570000000005166	WheelMovementIntervals													-0.5920136987130924
1219.6615883112197	2.885634020470434	trials	-1.0	1.0	1.5		0.0625	0.5	1220.990888701221	1220.9908030608663	1222.047116401222	1220.2973580612204	1220.2981246512204	1220.6670955504105	
1220.6670955504105	3.267000000000735	WheelMovementIntervals													0.356999000645013
1222.961724931223	9.385649106888422	trials	-1.0	-1.0	0.0	0.0		0.5	1229.7810429312299	1229.7800591526716	1231.8473029512318	1224.8360041512249	1224.8371040412248	1229.4600955504134	
1229.4600955504134	0.8790000000003602	WheelMovementIntervals													0.340317254964118
1232.800274311233	2.363820653318953	trials	1.0	1.0	1.5	1.0		0.5	1233.5961947112337	1233.5960805910784	1234.6640212512348	1233.3524190912333	1233.3533523312333	1233.4310955504147	
1233.4310955504147	0.7040000000001783	WheelMovementIntervals													-2.038606488973718
1234.5780955504151	0.7820000000001528	WheelMovementIntervals													-0.21074015275692481
1235.5805962512356	2.755345655647943	trials	-1.0	1.0	1.5		0.0625	0.5	1236.771810451237	1236.7717146910015	1237.8358373712379	1236.136607311236	1236.1376405412361	1236.3910955504157	
1236.3910955504157	1.2530000000001564	WheelMovementIntervals													0.2957528706375214
1238.4500955504163	1.786000000000513	WheelMovementIntervals													-0.11238803450896206
1238.7554454012388	9.358483051178837	trials	1.0	-1.0	0.0		0.0	0.5	1245.5571984912456	1245.556404302423	1247.6138594712477	1240.880599531241	1240.8815994312408	1245.3640955504184	
1241.114095550417	0.21400000000039654	WheelMovementIntervals													-0.01980916000572286
1245.3640955504184	1.4210000000007312	WheelMovementIntervals													-0.7706123267556553
1248.5710304112486	2.376120602971241	trials	-1.0	1.0	1.5		0.25	0.5	1249.3944147312493	1249.3943365105322	1250.4471094512505	1249.0525489212491	1249.053515491249	1249.2530955504199	
1249.2530955504199	1.049000000000433	WheelMovementIntervals													0.2863599402298469
1251.1470955504205	0.9380000000001019	WheelMovementIntervals													0.8543001896903526
1251.3638511012514	8.29975600260309	trials	1.0	1.0	1.5	0.0625		0.5	1258.102910461258	1258.102794136435	1259.1636043812591	1252.6527888612527	1252.6538220912528	1253.0230955504212	
1253.0230955504212	0.7480000000000473	WheelMovementIntervals													0.2630635606086038
1257.9230955504227	0.6000000000003638	WheelMovementIntervals													-0.827774813035596
1259.5320955504235	1.0630000000001019	WheelMovementIntervals													0.3303064210589248
1260.1361071212602	2.8992337236834373	trials	-1.0	1.0	1.5		1.0	0.5	1261.4758064712614	1261.4757213173846	1262.5352338512625	1261.1019438612611	1261.103043751261	1261.271095550424	
1261.271095550424	0.5460000000002765	WheelMovementIntervals													0.31123841639793604
1262.1030955504243	1.0140000000001237	WheelMovementIntervals													0.29037550415063507
1263.4511422512635	6.645655676383058	trials	-1.0	-1.0	0.0	0.0625		0.5	1267.5436662912675	1267.5428752998355	1269.5967609612696	1264.063347691264	1264.064347591264	1267.2350955504257	
1267.2350955504257	0.9380000000005566	WheelMovementIntervals													0.32920118570837786
1270.5441995412705	3.3691196033619235	trials	1.0	-1.0	0.0		0.0	0.5	1271.3499522912714	1271.3492037473486	1273.4133126012734	1271.052548701271	1271.053615261271	1271.2300955504274	
1271.2300955504274	0.5619999999998981	WheelMovementIntervals													-0.6143398851449042
1274.3452194012743	4.0514483752810975	trials	1.0	1.0	1.5	0.125		0.5	1276.8325373112768	1276.8324478715667	1277.8965642312778	1276.5521986812766	1276.5532319112765	1276.7190955504288	
1274.5410955504285	1.3640000000004875	WheelMovementIntervals													0.5823275454474786
1276.7190955504288	0.49600000000054933	WheelMovementIntervals													-1.1030173712511804
1277.5770955504295	0.41400000000021464	WheelMovementIntervals													0.10339638214537494
1278.4320955504295	0.8890000000005784	WheelMovementIntervals													0.07258659496446285
1278.831270751279	10.098573970559755	trials	1.0	1.0	1.5	0.25		0.5	1287.3694168512873	1287.369331600367	1288.4297774712884	1279.86903363128	1279.8702335112798	1287.1090955504324	
1287.1090955504324	0.6810000000004948	WheelMovementIntervals													-1.2065355098728467
1288.780095550433	1.9580000000005384	WheelMovementIntervals													0.1674443947559876
1289.4096461412894	7.73677740546691	trials	1.0	1.0	1.5	0.125		0.5	1295.5953941712955	1295.5953064290006	1296.6463890612968	1290.5355668712905	1290.5364334512906	1295.2230955504351	
1295.2230955504351	0.4920000000001892	WheelMovementIntervals													-0.41681635707104014
1296.4170955504355	0.7410000000004402	WheelMovementIntervals													-0.4740821460066975
1297.6096260612976	2.8252099835335684	trials	1.0	1.0	1.5	0.125		0.5	1298.8611342312988	1298.8610291545954	1299.9347935213	1298.2184651712982	1298.2193650812983	1298.5900955504362	
1298.5900955504362	3.021000000001095	WheelMovementIntervals													-1.2188497172121693
1300.8622341013008	11.489601125945	trials	-1.0	1.0	1.5		1.0	0.5	1310.7816087313108	1310.7815188160941	1311.851768371312	1302.0630140113021	1302.063980581302	1302.2300955504375	
1302.2300955504375	1.6280000000006112	WheelMovementIntervals													0.2391346446800533
1304.4460955504383	0.8820000000005166	WheelMovementIntervals													0.11348228166967189
1310.36809555044	1.716000000000804	WheelMovementIntervals													0.28883405888325697
1312.8382363813128	2.874734219196853	trials	-1.0	1.0	1.5		0.0625	0.5	1314.1554379813142	1314.1553511431573	1315.2128988913153	1313.5459656013136	1313.5468655113136	1313.7850955504414	
1313.7850955504414	1.7360000000007858	WheelMovementIntervals													0.3718622774769358
1316.135073331316	2.55010382370574	trials	-1.0	1.0	1.5		1.0	0.5	1317.116375191317	1317.1162740330215	1318.1851349713181	1316.6517216613167	1316.6528215513167	1316.8090955504426	
1316.8090955504426	1.6000000000003638	WheelMovementIntervals													0.30484851116233713
1319.1134754613192	7.365783512735334	trials	-1.0	-1.0	0.0	0.0625		0.5	1323.9204280513238	1323.9194279934609	1325.979188821326	1319.7793088713197	1319.7804754213198	1323.682095550445	
1323.682095550445	0.9819999999999709	WheelMovementIntervals													0.41037471939024783
1326.925460851327	2.3870191053283634	trials	-1.0	1.0	1.5		1.0	0.8	1327.7367463813277	1327.7366663245678	1328.812405471329	1327.4681732413276	1327.4690398213274	1327.633095550446	
1327.633095550446	0.8130000000005566	WheelMovementIntervals													0.5084918425220799
1329.3550955504465	0.8130000000005566	WheelMovementIntervals													-0.10291794180599823
1329.7355798113297	5.949326600950371	trials	1.0	1.0	1.5	0.0625		0.8	1334.1140085913341	1334.1138979160319	1335.1849014913353	1330.7016498613307	1330.7026830913308	1333.8830955504482	
1333.8830955504482	1.7510000000006585	WheelMovementIntervals													-0.5500028098398175
1336.1369062813362	2.6314271804626514	trials	1.0	1.0	1.5	0.25		0.8	1337.1851347813372	1337.1850159125265	1338.2682931213383	1336.8789987313369	1336.8799653013368	1337.0780955504492	
1337.0780955504492	1.1400000000003274	WheelMovementIntervals													-0.5506042587636486
1338.5120955504499	0.9710000000000036	WheelMovementIntervals													0.15509170074068024
1339.1894343313393	10.995115542593112	trials	1.0	1.0	1.5	0.0		0.8	1348.6072257913486	1348.6071315845024	1349.6844513913497	1341.995787001342	1341.996986881342	1348.2960955504532	
1339.75609555045	1.8500000000008185	WheelMovementIntervals													0.03927364333745942
1348.2960955504532	0.42200000000002547	WheelMovementIntervals													-0.3366347089050592
1349.4380955504535	0.6840000000001965	WheelMovementIntervals													0.14147351146920784
1350.6694528813507	2.7927129172351215	trials	1.0	1.0	1.5	0.0625		0.8	1351.881864961352	1351.8817571863785	1352.962123591353	1351.3791152413514	1351.3801484713515	1351.697095550454	
1351.697095550454	0.7720000000003893	WheelMovementIntervals													-0.6333727454392601
1353.8390955504547	0.7460000000005493	WheelMovementIntervals													0.1490808898695164
1353.8881643113539	8.290556386467642	trials	1.0	1.0	1.5	0.25		0.8	1360.6035260413605	1360.603407553701	1361.6786851813617	1355.0846446513551	1355.085444571355	1360.2200955504568	
1360.2200955504568	0.4190000000003238	WheelMovementIntervals													-0.30109148463183644
1361.8030955504573	1.136000000000422	WheelMovementIntervals													0.6290890116438312
1362.6560207713626	7.1454693356317875	trials	1.0	-1.0	0.0		0.0625	0.8	1367.2173312613672	1367.2162637450047	1369.3014561613693	1363.6343895913637	1363.6353561613637	1367.026095550459	
1367.026095550459	0.7380000000002838	WheelMovementIntervals													-0.6083708958947724
1370.2709925313702	2.512837581276699	trials	1.0	1.0	1.5	0.25		0.8	1371.2002995913713	1371.2002053190508	1372.2837912313723	1370.8953634213708	1370.896363321371	1371.0830955504607	
1371.0830955504607	0.4470000000001164	WheelMovementIntervals													-1.0364523542171256
1373.2008328513732	3.932829627842011	trials	1.0	1.0	1.5	1.0		0.8	1375.5538308613757	1375.5537487821607	1376.6335562113766	1374.8619333913748	1374.862933291375	1374.9250955504617	
1373.288095550461	1.2940000000007785	WheelMovementIntervals													-0.14068773569502468
1374.9250955504617	0.7750000000005457	WheelMovementIntervals													-0.37315993310624407
1376.6240955504622	1.411000000000513	WheelMovementIntervals													0.3869737076778641
1377.5711624413775	8.15736984268301	trials	1.0	1.0	1.5	0.0625		0.8	1384.154704021384	1384.1546163871633	1385.2284633013853	1378.8785650213788	1378.879564921379	1383.983095550465	
1383.983095550465	0.3389999999999418	WheelMovementIntervals													-0.40253871659220763
1384.930095550465	0.5160000000005311	WheelMovementIntervals													0.06596412794064577
1386.1968331213861	2.43701283583664	trials	1.0	1.0	1.5	1.0		0.8	1387.060546741387	1387.0604369612797	1388.1337394113882	1386.8005394113868	1386.8014726513868	1386.962095550466	
1386.962095550466	0.51299999999992	WheelMovementIntervals													-0.8969843541150198
1388.3340955504664	1.3720000000002983	WheelMovementIntervals													0.14328032854524153
1389.0688458913892	10.831800125758264	trials	1.0	1.0	1.5	1.0		0.8	1398.3158211013983	1398.3157288056327	1399.4005792813994	1390.2449949313902	1390.2461281513902	1391.4400955504675	
1391.4400955504675	0.19499999999970896	WheelMovementIntervals													-0.10507734868844665
1398.1770955504694	0.23700000000008004	WheelMovementIntervals													-0.23995683080738317
1400.3862473714005	13.441904600360203	trials	1.0	1.0	1.5	0.25		0.8	1412.2533272114122	1412.2532370677986	1413.3281197214133	1400.944858171401	1400.9459913914009	1407.2100955504725	
1406.1190955504721	0.0660000000002583	WheelMovementIntervals													-0.011565715637637197
1407.2100955504725	0.843000000000302	WheelMovementIntervals													-0.21171554922299762
1412.1090955504742	0.3680000000003929	WheelMovementIntervals													-0.2683350045735331
1413.4520955504745	0.8440000000005057	WheelMovementIntervals													0.07383512509263923
1414.3308527714144	2.663821993768579	trials	1.0	1.0	1.5	0.125		0.8	1415.4147443714155	1415.4146609061206	1416.4945697114165	1414.933525831415	1414.9345257314149	1415.2210955504752	
1415.2210955504752	0.3880000000003747	WheelMovementIntervals													-0.4924570477262833
1416.2440955504758	1.5030000000001564	WheelMovementIntervals													0.44941146510278784
1417.4311760414175	6.135440710284001	trials	1.0	1.0	1.5	0.125		0.8	1421.979921121422	1421.979804740042	1423.0665791114232	1418.2838907614182	1418.2848240014182	1421.6160955504774	
1421.6160955504774	1.7950000000005275	WheelMovementIntervals													-0.627782967330841
1424.015117581424	3.301623581515514	trials	-1.0	1.0	1.5		0.0625	0.8	1425.7367454014257	1425.7366288343185	1426.816704061427	1424.6946496214248	1424.6957828414247	1425.3130955504785	
1425.3130955504785	0.7240000000006148	WheelMovementIntervals													0.43648974961918796
1426.592095550479	0.8070000000002437	WheelMovementIntervals													0.15011672033052292
1427.7693421214278	6.613959669996348	trials	1.0	1.0	1.5	0.0625		0.8	1432.8151041614328	1432.814985353712	1433.8832973314338	1428.6612195914286	1428.6620528414287	1432.6710955504814	
1427.8230955504796	0.10300000000006548	WheelMovementIntervals													-0.010609649856718306
1432.6710955504814	0.38000000000010914	WheelMovementIntervals													-0.6127409166615436
1433.5510955504815	1.055000000000291	WheelMovementIntervals													1.094815660910129
1434.8303026214348	3.686252772845137	trials	-1.0	-1.0	0.0	0.0625		0.8	1435.934058901436	1435.933217513309	1438.016483971438	1435.3276195514354	1435.3286527814353	1435.7870955504823	
1435.7870955504823	0.8930000000000291	WheelMovementIntervals													1.0354132331493915
1436.9470955504826	0.15999999999985448	WheelMovementIntervals													0.014425499854407775
1438.941458131439	2.375120394763826	trials	1.0	1.0	1.5	0.25		0.8	1439.7483441014397	1439.7482640402757	1440.816537271441	1439.4440412014394	1439.4449744414394	1439.6450955504833	
1439.6450955504833	3.0730000000012296	WheelMovementIntervals													-1.006676589369878
1441.7364786014418	3.6912194322903815	trials	1.0	1.0	1.5	0.25		0.8	1443.8504005214438	1443.8502885841997	1444.927659451445	1443.2443611314432	1443.2452610414432	1443.4800955504847	
1443.4800955504847	0.4630000000001928	WheelMovementIntervals													-0.3388663119808051
1444.729095550485	0.9450000000006185	WheelMovementIntervals													1.0522909140731258
1445.8739981414458	3.9370296562790372	trials	-1.0	-1.0	0.0	0.125		0.8	1447.2472274714473	1447.246407433559	1449.3109210814494	1446.4331755514465	1446.4342087814464	1447.0900955504858	
1447.0900955504858	0.5860000000002401	WheelMovementIntervals													0.7174900908375292
1450.2443277314503	2.4497422324277522	trials	1.0	1.0	1.5	0.25		0.8	1451.115140641451	1451.1150416758653	1452.1939660814521	1450.865732251451	1450.866498841451	1451.0190955504872	
1451.0190955504872	0.68100000000004	WheelMovementIntervals													-0.8004539435603313
1451.9690955504875	0.25500000000010914	WheelMovementIntervals													0.15686305029433
1452.8920955504877	1.2370000000005348	WheelMovementIntervals													0.40312373020763204
1453.1172737414531	3.6328244896683373	trials	1.0	1.0	1.5	0.25		0.8	1455.1729681514553	1455.1728864671018	1456.2500271014562	1454.8329688214549	1454.8338020714548	1455.0330955504887	
1455.0330955504887	0.6390000000001237	WheelMovementIntervals													-0.4660944136552416
1456.081095550489	0.6420000000002801	WheelMovementIntervals													0.9398300637410735
1457.1975990014573	2.669023598474496	trials	-1.0	1.0	1.5		1.0	0.8	1458.2868900614583	1458.2868074075395	1459.3665154214593	1457.7772743614578	1457.7781076114577	1457.9860955504896	
1457.9860955504896	2.3820000000009713	WheelMovementIntervals													1.0224735563191132
1460.2918228814603	11.557792857055802	trials	1.0	1.0	1.5	0.0625		0.8	1470.2736912614703	1470.27360048565	1471.3495836614713	1460.9439909914609	1460.945090881461	1463.3020955504912	
1463.3020955504912	0.9430000000006658	WheelMovementIntervals													0.20849696594541456
1470.0870955504938	0.637000000000171	WheelMovementIntervals													-1.1754506276833006
1471.4220955504943	0.6640000000002146	WheelMovementIntervals													0.7852799375150887
1472.3529166514725	8.890955927131927	trials	1.0	1.0	1.5	0.25		0.8	1479.6653853314797	1479.6652610037065	1480.7437774814807	1479.3270191714794	1479.3279190814794	1479.4960955504966	
1472.4580955504944	2.7320000000008804	WheelMovementIntervals													6.060469332475524
1475.6160955504956	3.248000000000957	WheelMovementIntervals													-3.0436422915230015
1479.4960955504966	0.5650000000005093	WheelMovementIntervals													-0.5184997653614616
1480.4160955504972	0.4810000000002219	WheelMovementIntervals													0.14071670034857675
1481.7801738314818	3.3862471540871866	trials	1.0	1.0	1.5	0.125		0.8	1483.5838934414835	1483.5837978819995	1484.6663518514847	1482.4324419314823	1482.4335751514825	1482.750095550498	
1482.750095550498	0.41000000000030923	WheelMovementIntervals													-0.21884197772239844
1483.4750955504983	0.3730000000000473	WheelMovementIntervals													-0.4217531458933905
1484.3710955504985	0.4610000000002401	WheelMovementIntervals													0.09291769876699263
1485.6033248114857	6.629355080376399	trials	1.0	1.0	1.5	0.125		0.8	1490.6493534914907	1490.6492652136683	1491.7326451514919	1486.1102741114862	1486.1112073514862	1490.4810955505004	
1490.4810955505004	0.43600000000014916	WheelMovementIntervals													-0.5489714868423974
1491.803095550501	0.8270000000002256	WheelMovementIntervals													0.8917151020248895
1492.7009816414927	2.431828230451856	trials	-1.0	1.0	1.5		0.25	0.8	1493.5606956614936	1493.560590560018	1494.6327217814946	1493.2271290214933	1493.2281289214932	1493.4660955505014	
1493.4660955505014	2.922000000000935	WheelMovementIntervals													0.5513918612322257
1495.7207129714957	8.889360885732003	trials	1.0	1.0	1.5	0.0625		0.8	1503.0407475615032	1503.040660637524	1504.1100406215041	1496.7100806914966	1496.7110805914967	1502.6420955505046	
1502.6420955505046	0.5270000000000437	WheelMovementIntervals													-0.38140912290491613
1504.4620955505052	1.0610000000001492	WheelMovementIntervals													-0.12016596383050171
1505.099075041505	8.500067586262048	trials	1.0	-1.0	0.0		0.0625	0.8	1511.025282361511	1511.0242214568245	1513.099041631513	1505.6325216915056	1505.6333216115056	1510.8830955505073	
1510.8830955505073	2.660000000000764	WheelMovementIntervals													-4.139591752714374
1514.071944331514	3.488039857767262	trials	1.0	-1.0	0.0		0.0625	0.8	1514.994918691515	1514.993854073242	1517.059878841517	1514.6931155415148	1514.6939154615147	1514.8840955505084	
1514.8840955505084	0.749000000000251	WheelMovementIntervals													-1.0135380937873286
1517.990785741518	2.6191260674263503	trials	1.0	1.0	1.5	0.0		0.8	1519.0588789215192	1519.0587955555732	1520.1098738115202	1518.5658282315185	1518.5668614615186	1518.89609555051	
1518.89609555051	1.3030000000003383	WheelMovementIntervals													-1.2089389395376529
1521.043313791521	2.5220071707215084	trials	-1.0	1.0	1.5		0.25	0.2	1522.012316881522	1522.0122153938237	1523.0652782415232	1521.6823498815218	1521.6831831315217	1521.850095550511	
1521.850095550511	1.6870000000003529	WheelMovementIntervals													1.000726381062485
1523.994218671524	5.24905882492294	trials	1.0	1.0	1.5	0.125		0.2	1527.6932487315278	1527.693158715271	1528.7431770615287	1524.5430637815246	1524.5441303415246	1527.5510955505129	
1527.5510955505129	0.7260000000001128	WheelMovementIntervals													-1.0577354627834197
1529.3000955505136	0.7710000000001855	WheelMovementIntervals													0.130058647954705
1529.7083805315297	4.907029356113753	trials	-1.0	1.0	1.5		0.125	0.2	1533.058312171533	1533.0581992063762	1534.115373121534	1530.6991147815306	1530.7000813515308	1530.912095550514	
1530.912095550514	0.680000000000291	WheelMovementIntervals													0.28565563422067086
1532.6600955505146	1.554000000000542	WheelMovementIntervals													-0.19907448162664565
1535.0753104515352	2.6009269928847516	trials	-1.0	1.0	1.5		0.0	0.2	1536.130738231536	1536.1306205922447	1537.1761670115372	1535.776307011536	1535.7773735715357	1535.9450955505158	
1535.9450955505158	2.0750000000007276	WheelMovementIntervals													-0.811885882517764
1538.1161396715381	3.07684345525513	trials	1.0	1.0	1.5	1.0		0.2	1539.6328546515397	1539.6327601054302	1540.6929486315407	1539.2152297515393	1539.2159963415393	1539.437095550517	
1538.3150955505166	0.4130000000000109	WheelMovementIntervals													-0.06700367420506126
1539.437095550517	1.3350000000004911	WheelMovementIntervals													-0.5987456918114553
1541.0830955505176	0.9630000000001928	WheelMovementIntervals													0.4921168358269057
1541.6408871615417	3.085214359790143	trials	-1.0	1.0	1.5		0.25	0.2	1543.172600641543	1543.1724928009291	1544.2260619515444	1542.7151463915427	1542.7159463115427	1542.918095550518	
1542.918095550518	1.8010000000003856	WheelMovementIntervals													-0.3360767586679607
1545.1770001815453	2.815736172523202	trials	-1.0	1.0	1.5		0.0	0.2	1546.4322079815465	1546.4321154139575	1547.4926685915475	1545.6988479915458	1545.6999145515458	1545.9170955505188	
1545.9170955505188	0.8100000000004002	WheelMovementIntervals													0.36146924694098814
1547.3160955505195	0.0929999999998472	WheelMovementIntervals													0.016895555817630026
1548.4465398615484	10.802169719781887	trials	1.0	-1.0	0.0		0.0625	0.2	1556.6704840515567	1556.669690651977	1558.7486428815587	1548.931658011549	1548.932557921549	1556.5260955505223	
1556.5260955505223	1.0030000000006112	WheelMovementIntervals													-0.7877773702231892
1559.7474096615597	2.7119177111007957	trials	-1.0	1.0	1.5		0.0625	0.2	1560.882329491561	1560.8822158174426	1561.959221791562	1560.4760034615606	1560.4767700515604	1560.688095550524	
1560.688095550524	2.7580000000007203	WheelMovementIntervals													0.5070696354470172
1562.9089268115629	4.4225435008404475	trials	-1.0	-1.0	0.0	0.0625		0.2	1564.7534090115648	1564.7524436941517	1566.8313678615668	1564.2151628415643	1564.2160627515643	1564.6300955505253	
1564.6300955505253	0.5700000000001637	WheelMovementIntervals													0.5193808702822018
1567.7943715515678	8.764671813608402	trials	1.0	-1.0	0.0		0.25	0.2	1573.996984561574	1573.996020949826	1576.058978341576	1568.4425400615685	1568.4434399715685	1568.6360955505265	
1568.6360955505265	0.8350000000004911	WheelMovementIntervals													0.25581707240900187
1573.8320955505283	0.5540000000000873	WheelMovementIntervals													-0.7307944929362975
1577.055745321577	3.3921450713028207	trials	1.0	-1.0	0.0		0.0	0.2	1577.8679307615778	1577.8669553826633	1579.94782275158	1577.5807594815776	1577.5815927315775	1577.7590955505298	
1577.7590955505298	0.7150000000001455	WheelMovementIntervals													-1.0073593285276594
1580.910593131581	10.415072104881347	trials	1.0	-1.0	0.0		0.0625	0.2	1588.7581416315888	1588.757344442034	1590.8255682015908	1581.5087666415816	1581.5095665615816	1581.736095550531	
1581.736095550531	1.1510000000002947	WheelMovementIntervals													0.255241910473309
1588.137095550533	1.249000000000251	WheelMovementIntervals													-0.5159506712284561
1591.8601647315918	3.687543458687287	trials	-1.0	1.0	1.5		0.125	0.2	1593.968987161594	1593.9688884397644	1595.0476126215951	1592.4481725915925	1592.4491058315925	1593.7170955505349	
1593.7170955505349	0.6740000000004329	WheelMovementIntervals													0.30520365109365244
1594.7520955505352	1.6750000000006366	WheelMovementIntervals													0.4445583998547846
1596.054811891596	2.85393136060452	trials	1.0	1.0	1.5	1.0		0.2	1597.3338173115974	1597.3337250487673	1598.4087098115983	1597.058578171597	1597.0594114215971	1597.2590955505361	
1597.2590955505361	0.7210000000000036	WheelMovementIntervals													-1.9669291405667657
1598.5580955505366	1.1500000000005457	WheelMovementIntervals													1.2716519774683768
1599.3791460915993	2.8352052549955715	trials	1.0	1.0	1.5	1.0		0.2	1600.6471526116006	1600.6470471000312	1601.7142792216018	1600.3137859516003	1600.3146858616003	1600.491095550537	
1600.491095550537	2.4940000000010514	WheelMovementIntervals													-0.5433414496219271
1602.6858487216027	9.911385528291248	trials	1.0	1.0	1.5	0.0		0.2	1611.0293476216111	1611.0292190354317	1612.0971741616122	1603.1587014316033	1603.1597346616031	1610.9030955505405	
1610.9030955505405	0.3820000000005166	WheelMovementIntervals													-0.6616313486758756
1612.2170955505412	0.9130000000000109	WheelMovementIntervals													0.16316686229358623
1613.1373368016132	8.909190653353562	trials	1.0	-1.0	0.0		0.125	0.2	1619.4778360216194	1619.4768991735978	1621.5464291416215	1613.7084796816137	1613.7095462416137	1618.9610955505432	
1618.9610955505432	0.9740000000006148	WheelMovementIntervals													-0.324183280187313
1622.5442293516226	3.3643188267333244	trials	1.0	-1.0	0.0		0.0	0.2	1623.3377833216234	1623.3370330812018	1625.4084429016254	1623.008482921623	1623.009449491623	1623.2410955505447	
1623.2410955505447	1.1390000000005784	WheelMovementIntervals													0.6596497615111225
1626.3641473216264	2.6276227003627355	trials	-1.0	1.0	1.5		0.25	0.2	1627.4216748916274	1627.4215556518695	1628.4916678816285	1627.063777351627	1627.064743921627	1627.270095550546	
1627.270095550546	1.1020000000003165	WheelMovementIntervals													0.3718396079652386
1628.7050955505465	1.3950000000004366	WheelMovementIntervals													-0.1269654208088653
1629.4537716616294	3.2104309006194853	trials	-1.0	1.0	1.5		0.125	0.2	1631.086808341631	1631.086685852658	1632.164100601632	1630.2302940016302	1630.2313938916302	1630.9500955505473	
1630.5280955505473	0.10500000000001819	WheelMovementIntervals													-0.01688986170623963
1630.9500955505473	2.367000000000644	WheelMovementIntervals													-0.5267797784294679
1633.133603641633	3.2140317120904456	trials	-1.0	1.0	1.5		0.25	0.2	1634.7815388316349	1634.781418362149	1635.847532221636	1634.4580711816345	1634.4590044216345	1634.6400955505487	
1633.496095550548	0.2250000000003638	WheelMovementIntervals													-0.019761005087389094
1634.6400955505487	1.717000000000553	WheelMovementIntervals													0.4758086447952401
1636.805236441637	2.4697380361033083	trials	-1.0	1.0	1.5		1.0	0.2	1637.7117457816378	1637.7116489331436	1638.7748394616387	1637.3245845016374	1637.3256510616372	1637.4690955505494	
1637.4690955505494	1.6190000000005966	WheelMovementIntervals													-0.2924993137397678
1639.38109555055	0.07200000000011642	WheelMovementIntervals													-0.014230585765016457
1639.7345768116397	4.796039684165862	trials	1.0	-1.0	0.0		0.0625	0.2	1641.960954151642	1641.9595938304508	1644.030547171644	1641.130570531641	1641.1316037616411	1641.712095550551	
1639.9290955505503	0.125	WheelMovementIntervals													0.04883299763367788
1641.712095550551	0.7090000000002874	WheelMovementIntervals													-0.8291857429105356
1644.998117071645	2.6600194510035635	trials	-1.0	1.0	1.5		0.25	0.2	1646.0941074616462	1646.094024261322	1647.158034391647	1645.6747827316458	1645.6755493216458	1645.9210955505523	
1645.9210955505523	1.7360000000007858	WheelMovementIntervals													0.36126163867238503
1648.0770955505532	0.6359999999999673	WheelMovementIntervals													0.06682836081802535
1648.1259375916482	13.48200928222218	trials	-1.0	-1.0	0.0	0.0		0.2	1659.033746701659	1659.0329243832944	1661.107872601661	1649.3466488416493	1649.3475154216494	1658.7610955505565	
1658.7610955505565	0.7640000000005784	WheelMovementIntervals													0.4810735703128586
1662.3277506016623	2.630323887051645	trials	-1.0	1.0	1.5		0.25	0.2	1663.3975436116634	1663.397459096075	1664.4579708916644	1662.863263711663	1662.864396931663	1663.099095550558	
1663.099095550558	0.7220000000002074	WheelMovementIntervals													0.33858056377003365
1664.6720955505584	1.2500000000004547	WheelMovementIntervals													0.09362127449802671
1665.4155751216654	4.192433726832633	trials	1.0	-1.0	0.0		0.125	0.2	1667.036013061667	1667.0350869912554	1669.107939181669	1666.4630703616665	1666.4640036016665	1666.6180955505592	
1666.6180955505592	0.6130000000002838	WheelMovementIntervals													-0.3894291496071318
1670.07370926167	2.3232197034469664	trials	-1.0	1.0	1.5		0.25	0.2	1670.832100081671	1670.8320150401273	1671.8968935916719	1670.5466286316705	1670.5479951616705	1670.6950955505608	
1670.6950955505608	0.8279999999999745	WheelMovementIntervals													0.3725675105031456
1672.305095550561	1.3990000000007967	WheelMovementIntervals													0.4667797524649657
1672.861030501673	3.0523161836592863	trials	-1.0	1.0	1.5		1.0	0.2	1674.3425490016743	1674.3424369002096	1675.4132419216755	1674.007515841674	1674.008282431674	1674.1510955505619	
1674.1510955505619	2.433000000000902	WheelMovementIntervals													-0.6546930538186722
1676.3755456816764	2.7547423050684756	trials	-1.0	1.0	1.5		1.0	0.2	1677.5570608516775	1677.5569625383057	1678.6301535316786	1677.1244041216771	1677.1252707016772	1677.290095550563	
1677.290095550563	0.6880000000001019	WheelMovementIntervals													0.3102014494126131
1679.5840914616797	9.262756330378807	trials	-1.0	1.0	1.5		0.125	0.2	1687.2784552816872	1687.2783357613405	1688.3468151016884	1680.2408591116803	1680.2418923416803	1680.469095550564	
1680.469095550564	0.8240000000000691	WheelMovementIntervals													0.26378657488030655
1687.0030955505663	1.4910000000004402	WheelMovementIntervals													-0.9821831218011745
1689.3539477116894	2.4090422436959216	trials	1.0	1.0	1.5	0.25		0.2	1690.1951635816902	1690.1950614135706	1691.2629234616913	1689.8741623516898	1689.8751289216898	1690.073095550567	
1690.073095550567	0.6670000000003711	WheelMovementIntervals													-0.3674044927097988
1691.4940955505676	0.831000000000131	WheelMovementIntervals													0.822135102454034
1692.2200944016922	2.74271336365382	trials	-1.0	1.0	1.5		1.0	0.2	1693.3943103016934	1693.3941992662621	1694.4627701116945	1693.0738756816932	1693.0747755916932	1693.2230955505684	
1693.2230955505684	0.44399999999996	WheelMovementIntervals													0.36038499801198753
1693.9700955505682	0.4410000000002583	WheelMovementIntervals													0.037388983319594615
1695.4205076616954	6.292253822858811	trials	-1.0	1.0	1.5		0.0625	0.2	1700.1345362117002	1700.1344457364164	1701.2126617217011	1695.8907939616959	1695.8917272016959	1696.0330955505692	
1696.0330955505692	0.7899999999999636	WheelMovementIntervals													0.2418187349072447
1700.0520955505704	2.1870000000008076	WheelMovementIntervals													-0.2534360815464396
1702.2051624617022	5.1572354746676865	trials	-1.0	1.0	1.5		0.0625	0.2	1705.7866042817059	1705.786485012982	1706.862363361707	1702.8072022517028	1702.8083354717028	1705.6210955505721	
1705.6210955505721	2.558000000000902	WheelMovementIntervals													0.4305322737167714
1707.849198001708	2.897028493974858	trials	1.0	1.0	1.5	0.25		0.2	1709.1683327417093	1709.1682100643688	1710.2461249517103	1708.7571405317087	1708.7583070817088	1709.0280955505737	
1709.0280955505737	0.4960000000000946	WheelMovementIntervals													-0.7022623715699581
1710.2250955505738	1.2020000000006803	WheelMovementIntervals													0.10537206945401323
1711.2083287217113	9.75470276362762	trials	1.0	-1.0	0.0		0.125	0.2	1718.3852109617185	1718.384202846687	1720.4630031617205	1712.3735788517124	1712.3745787517123	1718.2520955505765	
1718.2520955505765	1.2630000000003747	WheelMovementIntervals													-1.438421542639876
1721.4796348217214	2.394113159837161	trials	1.0	1.0	1.5	0.25		0.2	1722.3068187617223	1722.306738677155	1723.3737120617234	1721.990183761722	1721.991183661722	1722.2150955505776	
1722.2150955505776	0.6630000000004657	WheelMovementIntervals													-1.6057129637784975
1723.2630955505783	0.7350000000001273	WheelMovementIntervals													1.068196254155172
1724.3457481817243	7.300353769568119	trials	1.0	-1.0	0.0		0.0625	0.2	1729.0801080317292	1729.079081099207	1731.146068081731	1724.845364881725	1724.8464647717249	1728.65709555058	
1728.65709555058	1.1980000000003201	WheelMovementIntervals													0.77257006540421
1732.1365023617323	2.503834418020915	trials	-1.0	1.0	1.5		0.25	0.2	1733.072508751733	1733.0724141055177	1734.1402353017343	1732.7566070117327	1732.7577402317327	1732.9700955505814	
1732.9700955505814	0.5540000000000873	WheelMovementIntervals													0.5043423988561209
1733.841095550582	0.10799999999971988	WheelMovementIntervals													0.013834666793055561
1735.097939521735	2.558800332560395	trials	-1.0	1.0	1.5		0.0625	0.2	1736.090840221736	1736.0907384867846	1737.156666961737	1735.6621830917356	1735.6630496717357	1735.8170955505825	
1735.8170955505825	1.0140000000001237	WheelMovementIntervals													0.37055488939812165
1737.7600955505832	0.8209999999999127	WheelMovementIntervals													0.27422632363231614
1738.129236361738	18.599976794996564	trials	-1.0	1.0	1.5		0.125	0.2	1755.1399017917552	1755.1397962200424	1756.2291261917562	1739.3793113417394	1739.3803445717394	1739.7450955505838	
1739.7450955505838	0.79300000000012	WheelMovementIntervals													0.23956525472236123
1743.039095550585	0.9470000000001164	WheelMovementIntervals													-0.416206878729227
1750.1550955505872	1.1210000000000946	WheelMovementIntervals													0.37672073304656095
1755.027095550589	0.6170000000001892	WheelMovementIntervals													0.3643171572587818
1756.4420955505893	2.3270000000006803	WheelMovementIntervals													0.9249112259325187
1757.3235167417574	9.599554073854051	trials	1.0	-1.0	0.0		0.0625	0.2	1764.3337489817643	1764.3329547652374	1766.4230400317665	1759.4398384217595	1759.4407716617595	1759.7250955505901	
1759.7250955505901	0.5580000000004475	WheelMovementIntervals													0.2657243316126028
1764.174095550592	1.2580000000002656	WheelMovementIntervals													-1.1666913977412001
1767.4403716217676	2.7491409380847927	trials	-1.0	1.0	1.5		0.0625	0.2	1768.6153874417687	1768.6152878355856	1769.6894800217697	1768.029179401768	1768.030412611768	1768.3480955505934	
1768.3480955505934	3.096000000000913	WheelMovementIntervals													0.5656287235254567
1770.6621160817706	3.394314366971912	trials	-1.0	1.0	1.5		1.0	0.2	1772.4697353017725	1772.4696221347956	1773.5563266317736	1772.094906121772	1772.095972681772	1772.2630955505947	
1772.2630955505947	1.1400000000003274	WheelMovementIntervals													0.3560676559205369
1774.5321290417746	9.107099673964512	trials	-1.0	-1.0	0.0	0.0		0.2	1781.065575631781	1781.0644991016734	1783.139168251783	1775.2114277717753	1775.2122943517752	1775.3790955505956	
1775.3790955505956	0.5970000000002074	WheelMovementIntervals													0.2252853405426869
1780.7950955505976	0.5779999999999745	WheelMovementIntervals													0.3911536436615002
1784.164732351784	3.5807260638580374	trials	1.0	-1.0	0.0		1.0	0.2	1785.1538667617851	1785.152838716288	1787.2453575917873	1784.7453409517848	1784.7462075317849	1784.8970955505988	
1784.8970955505988	0.6980000000003201	WheelMovementIntervals													-0.39722662920344476
1788.2354585717883	2.570426978963951	trials	-1.0	1.0	1.5		0.0625	0.2	1789.2289592117893	1789.2288678390912	1790.3057515217904	1788.8392981817888	1788.8401647617889	1789.0280955506	
1789.0280955506	2.035000000000764	WheelMovementIntervals													-0.4251402049435242
1791.2840870117914	10.438566926991143	trials	-1.0	1.0	1.5		0.25	0.2	1800.1475672418	1800.1474421411	1801.2225930618013	1791.8112342917918	1791.8121342017919	1791.9940955506013	
1791.9940955506013	1.086999999999989	WheelMovementIntervals													0.22506122742108303
1799.4330955506034	1.311000000000604	WheelMovementIntervals													-0.5526712477135298
1801.3800955506044	2.0900000000006003	WheelMovementIntervals													-0.0931906710686512
1802.2665553218023	9.49449483841613	trials	1.0	-1.0	0.0		0.125	0.2	1809.1712981118092	1809.1703228277468	1811.2610224518112	1804.010980861804	1804.012014091804	1808.8270955506068	
1808.8270955506068	1.9760000000005675	WheelMovementIntervals													-1.1122596196299348
1812.2858532918124	20.119558303984604	trials	1.0	-1.0	0.0		0.0625	0.2	1829.82239946183	1829.8215895227077	1831.905357811832	1812.989116291813	1812.989916211813	1825.062095550612	
1818.82909555061	0.6590000000005602	WheelMovementIntervals													-0.08933441255934937
1825.062095550612	0.718000000000302	WheelMovementIntervals													0.2215043253158484
1829.2560955506137	1.4470000000001164	WheelMovementIntervals													-0.8582670111900512
1833.0073142718331	42.38084707513758	trials	1.0	-1.0	0.0		0.0625	0.2	1872.831998071873	1872.8310385262562	1874.888125771875	1833.5446605318336	1833.5456937618335	1848.18909555062	
1833.8170955506152	0.1859999999996944	WheelMovementIntervals													0.025516990597797218
1840.7040955506172	0.5230000000001382	WheelMovementIntervals													-0.09117425662588374
1848.18909555062	0.5720000000001164	WheelMovementIntervals													0.15984431664393384
1857.9460955506233	0.4270000000001346	WheelMovementIntervals													0.09220634903136826
1864.7970955506253	0.2660000000000764	WheelMovementIntervals													0.04364148322321526
1872.3900955506278	1.191000000000713	WheelMovementIntervals													-0.9671140025600167
1876.1563656018761	2.8206344428019747	trials	-1.0	1.0	1.5		1.0	0.2	1877.4039741618774	1877.4038799507262	1878.4769001918785	1876.8767602218768	1876.8776268018769	1877.0880955506295	
1877.0880955506295	0.9840000000003783	WheelMovementIntervals													0.3553653982293383
1879.4445034218795	2.826703766531409	trials	-1.0	1.0	1.5		0.0	0.2	1880.7076104318808	1880.7075042111842	1881.7711707318817	1879.9212224118799	1879.92225564188	1880.2730955506308	
1880.2730955506308	0.7950000000000728	WheelMovementIntervals													0.30283182690939014
1881.7730955506313	0.612999999999829	WheelMovementIntervals													0.08050053277771596
1882.7568054918827	3.20373109807565	trials	-1.0	1.0	1.5		0.0625	0.2	1884.3914420118845	1884.391319827264	1885.4604684318854	1883.9271551118838	1883.9282216718839	1884.0790955506318	
1882.9130955506316	0.05499999999983629	WheelMovementIntervals													0.016703432390293926
1884.0790955506318	1.854000000000724	WheelMovementIntervals													0.2975658021435521
1886.4339377418864	4.637550735421655	trials	-1.0	-1.0	0.0	0.0625		0.2	1888.5024975318886	1888.5017590264667	1890.5714239518907	1887.6879456618876	1887.6888455718877	1887.8250955506333	
1887.8250955506333	1.2590000000004693	WheelMovementIntervals													0.3237332108706177
1891.5712906218916	3.066511769725821	trials	-1.0	1.0	1.5		0.0625	0.2	1893.0676076418931	1893.067495388712	1894.1377339518942	1892.1771966918923	1892.1781632618922	1892.3960955506345	
1892.3960955506345	0.9590000000002874	WheelMovementIntervals													0.38878877955441027
1893.702095550635	0.49000000000023647	WheelMovementIntervals													-0.07578015236722635
1894.5380955506353	1.285000000000764	WheelMovementIntervals													0.22436033799723987
1895.124401941895	8.863390747218546	trials	-1.0	-1.0	0.0	0.125		0.2	1901.4214055119014	1901.4204649830156	1903.4877321919034	1896.3600117018964	1896.3607782918964	1900.7630955506374	
1900.7630955506374	0.999000000000251	WheelMovementIntervals													0.29996679114660907
1904.5163959819045	9.92118442853348	trials	-1.0	1.0	1.5		0.0625	0.2	1912.8781597219129	1912.8780654534637	1913.9375204419139	1906.4770665619064	1906.4780331319064	1912.7020955506414	
1904.6440955506387	1.1150000000006912	WheelMovementIntervals													0.42439628630448567
1912.7020955506414	1.2580000000002656	WheelMovementIntervals													0.40653075872399214
1914.979382911915	8.663678327648995	trials	-1.0	1.0	1.5		0.0	0.2	1922.075439901922	1922.0753454278715	1923.1429998019232	1917.043309831917	1917.044243071917	1917.192095550643	
1915.078095550642	1.1990000000005239	WheelMovementIntervals													-0.08525528178294906
1917.192095550643	0.5760000000000218	WheelMovementIntervals													0.2274949449883792
1921.6690955506447	2.410000000000764	WheelMovementIntervals													-0.3730820521181002
1924.1688638719243	7.790866208832995	trials	-1.0	-1.0	0.0	0.125		0.2	1929.3981408919294	1929.3974069632368	1931.4596680519314	1924.8871587019248	1924.888191931925	1929.114095550647	
1929.114095550647	0.7339999999999236	WheelMovementIntervals													0.3644726942934504
1932.4828323919326	11.343577108187674	trials	-1.0	-1.0	0.0	0.0		0.2	1941.2683537519413	1941.2675897832162	1943.3263479319432	1933.053975271933	1933.055175151933	1933.1730955506482	
1933.1730955506482	1.6280000000006112	WheelMovementIntervals													0.25697856999039814
1940.662095550651	1.1230000000000473	WheelMovementIntervals													-0.32930666135790787
1944.3716100619445	2.482033720636764	trials	-1.0	1.0	1.5		0.25	0.2	1945.2926179519452	1945.2925214602526	1946.3535451819464	1944.903890161945	1944.9049900519449	1945.1560955506525	
1945.1560955506525	2.385000000000673	WheelMovementIntervals													-0.6475432376925596
1947.3375467719472	9.337877912388421	trials	-1.0	1.0	1.5		0.0	0.2	1955.1035034319552	1955.1034090729645	1956.1753629019563	1948.1920279819483	1948.1929612219483	1954.6030955506553	
1954.6030955506553	1.2240000000006148	WheelMovementIntervals													0.32152503356955364
1956.7770955506562	1.4510000000004766	WheelMovementIntervals													-0.14589920085830954
1957.2111259819571	3.542628456610146	trials	-1.0	1.0	1.5		1.0	0.2	1959.1919278819591	1959.1918407740811	1960.2536550319603	1958.6701467319588	1958.6711799619586	1958.805095550657	
1958.805095550657	0.6420000000002801	WheelMovementIntervals													0.3397063235072544
1959.812095550657	0.7920000000003711	WheelMovementIntervals													-0.04106861206967238
1961.2429560919613	2.694015611391251	trials	-1.0	1.0	1.5		0.125	0.2	1962.3744762619624	1962.3743618083372	1963.4369033419634	1961.7759027919617	1961.7768360319617	1962.0390955506577	
1962.0390955506577	0.5500000000001819	WheelMovementIntervals													0.2891260703851408
1962.9770955506583	0.6110000000003311	WheelMovementIntervals													0.11569643481218961
1964.4156721219645	2.421310987909237	trials	-1.0	1.0	1.5		1.0	0.2	1965.2700866719654	1965.269974940311	1966.3369133119663	1964.9595843919649	1964.960484301965	1965.081095550659	
1965.081095550659	1.4370000000003529	WheelMovementIntervals													0.280314257234096
1967.3195817019673	3.788734590988952	trials	-1.0	-1.0	0.0	0.0625		0.2	1968.5380931719685	1968.537192175947	1970.6083194619707	1967.909056081968	1967.910122641968	1968.08809555066	
1968.08809555066	0.7920000000003711	WheelMovementIntervals													0.2742547759319507
1971.6162186619717	9.276183276794427	trials	-1.0	1.0	1.5		0.0625	0.2	1979.3244810919794	1979.3243853690317	1980.3923742919803	1972.2200249419723	1972.2210581719723	1972.4320955506614	
1972.4320955506614	1.0470000000004802	WheelMovementIntervals													0.2602735021948206
1979.2050955506638	2.1130000000007385	WheelMovementIntervals													0.35059535673158493
1981.4324036119815	2.643017372342456	trials	-1.0	1.0	1.5		1.0	0.8	1982.5027299019825	1982.5026098365252	1983.5753559619836	1982.1366331819822	1982.1376330819821	1982.2670955506646	
1982.2670955506646	0.6670000000003711	WheelMovementIntervals													0.33240369073428155
1984.5822219319846	9.293580718905105	trials	1.0	1.0	1.5	0.0625		0.8	1992.2871846919923	1992.2870863650214	1993.3757758219933	1986.4031398219863	1986.4042730419865	1992.1310955506679	
1984.7630955506656	1.0610000000001492	WheelMovementIntervals													-0.17148240337568765
1992.1310955506679	0.830000000000382	WheelMovementIntervals													-0.5913867725247464
1993.2900955506684	1.0730000000003201	WheelMovementIntervals													0.46402855877828486
1994.4248042419945	2.550523813506288	trials	1.0	1.0	1.5	1.0		0.8	1995.3904410019954	1995.390312499561	1996.4752991719965	1994.9698164019949	1994.970849631995	1995.2490955506692	
1995.2490955506692	0.47299999999995634	WheelMovementIntervals													-0.8081267910920005
1996.7170955506695	0.9920000000001892	WheelMovementIntervals													-0.06141940985543215
1997.4952305019974	8.457666487531924	trials	1.0	1.0	1.5	0.0		0.8	2004.3747091520045	2004.3745821418981	2005.4528679920054	1998.1364997019982	1998.1374996019981	2004.2190955506721	
2004.2190955506721	0.43600000000014916	WheelMovementIntervals													-0.6637595788414004
2005.4030955506723	1.093000000000302	WheelMovementIntervals													-0.11962696002434825
2006.4860979920065	9.249986089875165	trials	1.0	1.0	1.5	0.0		0.8	2014.1677630820143	2014.1676669932572	2015.2360562420154	2007.6590140220076	2007.6600805820076	2007.826095550673	
2006.8050955506728	0.40000000000009095	WheelMovementIntervals													0.07789040319924823
2007.826095550673	0.5510000000003856	WheelMovementIntervals													0.2705445131337214
2014.0540955506754	0.4630000000001928	WheelMovementIntervals													-0.7863367335957179
2016.042095550676	2.530000000000655	WheelMovementIntervals													0.5202987042335749
2016.2726859020163	9.580083741318504	trials	1.0	-1.0	0.0		0.125	0.8	2023.2782519420232	2023.2772456678772	2025.3526778120254	2019.2420222720193	2019.2429555120193	2023.1620955506783	
2023.1620955506783	0.6710000000002765	WheelMovementIntervals													-0.8461688010676198
2026.4069723720265	3.7011230581422296	trials	1.0	-1.0	0.0		0.0625	0.8	2027.5332264020276	2027.5322787746404	2029.6080522320296	2027.041275602027	2027.042542142027	2027.3180955506796	
2027.3180955506796	0.7990000000004329	WheelMovementIntervals													-1.6390630347636304
2030.8219974920307	2.480631947435313	trials	1.0	1.0	1.5	0.25		0.8	2031.7348062020317	2031.7347081427977	2032.8025994120328	2031.3026494220314	2031.3035160020313	2031.521095550681	
2031.521095550681	0.7260000000005675	WheelMovementIntervals													-0.7222613079657947
2033.3060955506817	1.3800000000005639	WheelMovementIntervals													-0.14621723765362304
2033.806732322034	3.312617847032925	trials	-1.0	1.0	1.5		0.25	0.8	2035.5458583920356	2035.545740641171	2036.6192843720366	2035.0919704520352	2035.092803702035	2035.4380955506826	
2035.4380955506826	0.8330000000000837	WheelMovementIntervals													0.3442671653091196
2037.6237505820377	2.7510371618498084	trials	1.0	1.0	1.5	0.125		0.8	2038.7877675020388	2038.7876654583908	2039.8747254620398	2038.3249137920384	2038.3257803720383	2038.5490955506834	
2038.5490955506834	0.9020000000004984	WheelMovementIntervals													-0.5368721841373869
2040.632095550684	0.5220000000003893	WheelMovementIntervals													0.33833968399028436
2040.8745921320408	7.477762676921657	trials	1.0	1.0	1.5	0.0		0.8	2046.7814347220467	2046.781340061254	2047.8522942920479	2041.919154332042	2041.920087572042	2046.6840955506864	
2046.6840955506864	0.612999999999829	WheelMovementIntervals													-1.7633910001043702
2048.271095550687	1.541000000000622	WheelMovementIntervals													-0.303750741785926
2048.8900571720487	3.7454384560837752	trials	-1.0	1.0	1.5		1.0	0.8	2051.066472842051	2051.066378355189	2052.135365942052	2050.5079953620507	2050.5089952620506	2050.6930955506878	
2050.6930955506878	1.4960000000000946	WheelMovementIntervals													0.4116698080353416
2052.481095550688	0.56899999999996	WheelMovementIntervals													-0.21859830896942611
2053.142398562053	10.076368158313926	trials	1.0	1.0	1.5	0.25		0.8	2061.640648652062	2061.6405543583132	2062.718707502063	2053.857760352054	2053.858626932054	2061.492095550691	
2061.492095550691	0.4920000000001892	WheelMovementIntervals													-0.8215148435943647
2063.7764683820637	10.614880515570349	trials	1.0	-1.0	0.0		0.125	0.8	2071.802799002072	2071.802027745084	2073.891290132074	2065.6579468820655	2065.6588467920656	2071.6230955506944	
2063.863095550692	1.0850000000000364	WheelMovementIntervals													-0.07733927850370748
2071.6230955506944	1.5440000000003238	WheelMovementIntervals													0.8164586642184659
2074.948951022075	2.6029205742311206	trials	-1.0	1.0	1.5		0.0625	0.8	2075.978181422076	2075.978058365702	2077.051807382077	2075.4353690420753	2075.4364356020756	2075.8410955506956	
2075.8410955506956	1.073000000000775	WheelMovementIntervals													0.38050463460143646
2077.5130955506966	0.9120000000002619	WheelMovementIntervals													-0.18488869403936548
2078.059973222078	8.59758215362217	trials	1.0	1.0	1.5	1.0		0.8	2085.0825375620852	2085.082438691187	2086.1574633920864	2078.924286782079	2078.9253866720787	2084.9430955506987	
2084.9430955506987	0.5810000000005857	WheelMovementIntervals													-0.7422604457397028
2086.5130955506993	0.8810000000003129	WheelMovementIntervals													-0.17912664189865524
2087.206358492087	9.728670023853283	trials	-1.0	-1.0	0.0	0.125		0.8	2094.3679755920944	2094.366908559384	2096.4349688720963	2088.001645622088	2088.002645522088	2088.2260955507	
2088.2260955507	1.1960000000003674	WheelMovementIntervals													0.23300954977528932
2094.032095550702	0.7070000000003347	WheelMovementIntervals													-0.27506660011331974
2097.4865303720976	2.498529548442093	trials	1.0	1.0	1.5	0.125		0.8	2098.4181705320984	2098.4180406428013	2099.4850305020996	2098.0903699820983	2098.091203232098	2098.2970955507035	
2098.2970955507035	0.5450000000000728	WheelMovementIntervals													-0.9488085721676214
2099.6910955507037	1.497000000000753	WheelMovementIntervals													1.2469730441044007
2100.4885634721004	3.1019351866552825	trials	1.0	1.0	1.5	0.25		0.8	2102.010077972102	2102.0099792587894	2103.0904699221032	2101.7069749521015	2101.7078415321016	2101.8580955507045	
2101.8580955507045	0.5399999999999636	WheelMovementIntervals													-0.6105179359794874
2103.086095550705	1.038000000000011	WheelMovementIntervals													-0.21522437814636675
2104.112201072104	8.361074045051282	trials	1.0	-1.0	0.0		0.125	0.8	2109.89075649211	2109.8897508556447	2111.973214892112	2104.685043782105	2104.6861436721047	2109.7420955507073	
2109.7420955507073	1.3750000000004547	WheelMovementIntervals													-0.8936641169660646
2113.011177752113	2.4736307871730787	trials	1.0	1.0	1.5	0.25		0.8	2113.909887872114	2113.909787846519	2114.984747042115	2113.5681220521137	2113.5690552921137	2113.8020955507086	
2113.8020955507086	0.5050000000001091	WheelMovementIntervals													-0.47751342805158714
2115.265095550709	1.0150000000003274	WheelMovementIntervals													0.755403643819335
2116.007611412116	2.832801694360114	trials	-1.0	1.0	1.5		0.25	0.2	2117.2578197121175	2117.2577112772387	2118.3403781121183	2116.923853112117	2116.924686362117	2117.1310955507097	
2117.1310955507097	1.8390000000003965	WheelMovementIntervals													1.4641207602029382
2119.3442110521196	9.790394846419076	trials	1.0	-1.0	0.0		0.125	0.2	2126.5635890421268	2126.562579506934	2128.634515262129	2119.85099370212	2119.85199360212	2126.3330955507126	
2126.3330955507126	1.2250000000003638	WheelMovementIntervals													-0.8460916176197557
2129.69490921213	3.6615166714391307	trials	1.0	-1.0	0.0		0.0625	0.2	2130.7732347021306	2130.772313234961	2132.856326372133	2130.4734313521303	2130.4745312421305	2130.664095550714	
2130.664095550714	0.7350000000001273	WheelMovementIntervals													-0.8538964940997573
2133.862225772134	6.205158291043517	trials	1.0	-1.0	0.0		0.0625	0.2	2137.4951291121374	2137.494258720677	2139.5673552021394	2134.3507769121343	2134.3518101421346	2137.3580955507164	
2137.3580955507164	0.6270000000004075	WheelMovementIntervals													-0.4719031053438485
2140.5941858421406	8.090067084612201	trials	1.0	-1.0	0.0		0.0	0.2	2146.122699602146	2146.1219296295794	2148.1841934321483	2141.306881232141	2141.3077478121413	2145.843095550719	
2145.843095550719	2.8010000000008404	WheelMovementIntervals													1.04241289311571
2149.241654342149	17.84835160855164	trials	-1.0	-1.0	0.0	0.0		0.2	2164.5088274721647	2164.5077814506403	2166.589986002167	2149.7898328521496	2149.7906661021498	2155.5030955507223	
2155.5030955507223	1.0320000000006075	WheelMovementIntervals													-0.17064932289606816
2163.9290955507254	0.8790000000003602	WheelMovementIntervals													0.3112426684047307
2167.7027080521675	2.603620974299247	trials	1.0	1.0	1.5	0.125		0.2	2168.724105902169	2168.724015495107	2169.80626434217	2168.3838732621684	2168.3847731721685	2168.602095550727	
2168.602095550727	0.5199999999999818	WheelMovementIntervals													-0.8246154669434702
2170.2760955507274	2.677000000001044	WheelMovementIntervals													0.2133955863150092
2170.809330692171	8.974477164791097	trials	-1.0	1.0	1.5		0.125	0.2	2178.205091042178	2178.204992633761	2179.2837165021792	2173.3504098921735	2173.3514097921734	2177.4550955507298	
2177.4550955507298	1.3520000000003165	WheelMovementIntervals													0.34617441975263574
2179.6140955507303	1.4950000000008004	WheelMovementIntervals													-0.11180280712124357
2180.3432105421803	4.496231397076372	trials	-1.0	-1.0	0.0	0.0625		0.2	2182.2836498121824	2182.282722791656	2184.3393775521845	2181.5553893121814	2181.5563225521814	2181.732095550731	
2181.732095550731	1.0380000000004657	WheelMovementIntervals													0.2666554620927002
2185.3592422221855	2.7412378370195256	trials	-1.0	1.0	1.5		1.0	0.2	2186.5251589521868	2186.525057037942	2187.600418082188	2186.116966442186	2186.1179330121863	2186.2810955507325	
2186.2810955507325	0.6140000000004875	WheelMovementIntervals													0.3289094036922151
2187.236095550733	1.3400000000006003	WheelMovementIntervals													0.04473291545853897
2188.6121835621884	4.076439232527264	trials	-1.0	1.0	1.5		0.125	0.2	2191.119799442191	2191.119705849745	2192.188559222192	2189.1730941321894	2189.174227352189	2190.9400955507344	
2189.2040955507337	0.3220000000001164	WheelMovementIntervals													0.06442287557524651
2190.9400955507344	0.5079999999998108	WheelMovementIntervals													0.35431807409435834
2191.7580955507347	2.166000000000622	WheelMovementIntervals													0.8945456085010477
2193.203624372193	9.99667485640839	trials	-1.0	1.0	1.5		0.0625	0.2	2201.6465799922016	2201.6464859043103	2202.7002079522026	2194.4836963521943	2194.4845296021945	2201.408095550738	
2201.408095550738	0.9570000000003347	WheelMovementIntervals													0.30256003905454065
2203.1270955507384	1.0820000000003347	WheelMovementIntervals													-0.08697071681082491
2203.766101352204	9.617281353788712	trials	-1.0	-1.0	0.0	0.0		0.2	2210.810030222211	2210.8089587316795	2212.883322872213	2204.872257392205	2204.8730906422047	2205.021095550739	
2205.021095550739	1.0670000000000073	WheelMovementIntervals													0.22136212817918022
2210.579095550741	0.6600000000003092	WheelMovementIntervals													0.343004798203701
2212.9010955507415	0.9170000000003711	WheelMovementIntervals													0.35906108585634655
2213.936484212214	2.413334921756359	trials	1.0	1.0	1.5	1.0		0.2	2214.7552023322146	2214.7550953793825	2215.849792862216	2214.4890289522145	2214.4899955222145	2214.650095550742	
2214.650095550742	0.718000000000302	WheelMovementIntervals													-1.0833048566648529
2216.046095550743	1.0419999999999163	WheelMovementIntervals													-0.12254941345496206
2216.869424222217	10.263579558960828	trials	1.0	1.0	1.5	0.0625		0.2	2225.5467897322255	2225.5466897938527	2226.6328811122266	2217.4883623222177	2217.4892955622176	2225.440095550746	
2225.440095550746	1.0030000000001564	WheelMovementIntervals													-1.0135140208833633
2226.810095550746	2.1490000000007967	WheelMovementIntervals													0.2069013814842222
2227.7154061822275	3.6230206796058155	trials	-1.0	1.0	1.5		0.25	0.2	2229.74210349223	2229.7420160716724	2230.8383938522306	2229.4054371622296	2229.4065370522294	2229.603095550747	
2229.603095550747	1.1590000000005602	WheelMovementIntervals													0.3544566324402467
2231.8467263422317	2.836228371676043	trials	1.0	1.0	1.5	1.0		0.2	2233.0983345022332	2233.0982379789743	2234.1829260322343	2232.5162927122324	2232.5171926222324	2232.742095550748	
2232.742095550748	0.6130000000002838	WheelMovementIntervals													-0.5488446152124595
2234.753095550749	0.5419999999999163	WheelMovementIntervals													0.3754727827958959
2235.2011575322354	2.7984316928159387	trials	-1.0	1.0	1.5		0.25	0.2	2236.4179691722366	2236.417870442192	2237.4995276722375	2236.088802092236	2236.089801992236	2236.267095550749	
2236.267095550749	0.43300000000044747	WheelMovementIntervals													0.4156135085345909
2237.1060955507496	2.278000000000702	WheelMovementIntervals													1.2453984961669633
2238.5157927022387	3.433733803481573	trials	1.0	1.0	1.5	1.0		0.2	2240.3594083222406	2240.359309777022	2241.4494993022413	2239.95484878224	2239.95574869224	2240.130095550751	
2240.130095550751	0.3919999999998254	WheelMovementIntervals													-0.43565733280098584
2241.450095550751	0.6130000000002838	WheelMovementIntervals													0.9601967069981399
2242.4814294322423	2.8515270067964593	trials	-1.0	1.0	1.5		0.25	0.2	2243.7514357522437	2243.751340568875	2244.8329275922447	2243.2053570322432	2243.206723562243	2243.410095550752	
2243.410095550752	2.2950000000005275	WheelMovementIntervals													0.3412254666700463
2245.8521589922457	11.002773632606477	trials	1.0	1.0	1.5	1.0		0.2	2255.2837157422555	2255.2836203949596	2256.354908612256	2246.5551553522464	2246.5553553322466	2255.0790955507555	
2255.0790955507555	0.6300000000005639	WheelMovementIntervals													-0.6575533888766074
2256.4180955507563	0.91800000000012	WheelMovementIntervals													-0.1255823479714664
2257.4305343722576	7.441265059462239	trials	1.0	-1.0	0.0		0.0	0.2	2262.303180392262	2262.3022756568216	2264.3717401822646	2258.015709182258	2258.016575762258	2262.161095550758	
2262.161095550758	0.8640000000000327	WheelMovementIntervals													-0.5561803008272221
2265.4194020722653	2.7691326065737485	trials	-1.0	1.0	1.5		0.25	0.2	2266.6159157422667	2266.61581529594	2267.6884751422676	2265.998944112266	2265.9998106922662	2266.2480955507594	
2266.2480955507594	2.180000000000746	WheelMovementIntervals													0.38048904756151813
2268.720838562269	7.883954410274782	trials	1.0	-1.0	0.0		0.0625	0.2	2274.023074952274	2274.022073130953	2276.104700102276	2269.249085732269	2269.2501189622694	2273.886095550762	
2273.886095550762	0.79300000000012	WheelMovementIntervals													-0.7557603207950194
2277.1690936522773	5.946447667670782	trials	1.0	-1.0	0.0		0.0625	0.2	2280.5430228922805	2280.5420195557545	2282.6154489622827	2277.832160672278	2277.833027252278	2280.3810955507643	
2280.3810955507643	0.8710000000000946	WheelMovementIntervals													0.6925103510193367
2283.669243572284	9.401567706710011	trials	-1.0	1.0	1.5		0.0625	0.2	2291.4983272522913	2291.498197455409	2292.5707533322925	2284.2045233722843	2284.2053232922844	2291.2520955507675	
2291.2520955507675	0.6790000000005421	WheelMovementIntervals													0.36452591464315276
2292.9480955507684	1.5680000000006658	WheelMovementIntervals													0.15274874625128376
2293.6481122522937	6.283879141972648	trials	1.0	-1.0	0.0		0.0625	0.2	2297.3558747722973	2297.355057169468	2299.4319671422995	2297.065337162297	2297.066170412297	2297.25709555077	
2294.777095550769	0.2359999999998763	WheelMovementIntervals													-0.025269095246677864
2295.3300955507693	1.0900000000001455	WheelMovementIntervals													0.3484917045013205
2297.25709555077	0.8720000000002983	WheelMovementIntervals													-0.6380412562498492
2300.4855951023005	8.86285490987666	trials	-1.0	1.0	1.5		0.25	0.2	2307.777632492308	2307.777538634078	2308.8484254023087	2301.037306592301	2301.038139842301	2301.272095550771	
2301.272095550771	1.3210000000003674	WheelMovementIntervals													0.25722614957702916
2307.690095550773	0.5570000000002437	WheelMovementIntervals													-0.7509706619369538
2309.156095550774	1.3230000000003201	WheelMovementIntervals													0.5951229264937297
2309.92135143231	3.233425528026146	trials	-1.0	1.0	1.5		0.25	0.2	2311.5807854723116	2311.5806635062972	2312.6547780623127	2311.2041231423113	2311.2050563823113	2311.4110955507745	
2311.4110955507745	2.0760000000009313	WheelMovementIntervals													0.5280685668269314
2313.960380822314	7.093664005496066	trials	-1.0	1.0	1.5		0.25	0.2	2319.4759292123194	2319.475829032675	2320.5539214023206	2314.4485653323145	2314.4493319223143	2318.744095550777	
2318.744095550777	2.7240000000010696	WheelMovementIntervals													0.350383769204079
2321.6231478023215	2.6480154700998355	trials	1.0	1.0	1.5	1.0		0.8	2322.697873652323	2322.697752862878	2323.7710996523238	2322.2484519323225	2322.249585152322	2322.4630955507782	
2322.4630955507782	0.43400000000019645	WheelMovementIntervals													-0.40709806323978626
2323.6410955507786	0.9060000000004038	WheelMovementIntervals													0.7179926969472774
2324.806262792325	2.547425120634216	trials	1.0	1.0	1.5	1.0		0.8	2325.7829984423256	2325.782871272731	2326.853658032327	2325.3982369223254	2325.3992368223253	2325.5910955507793	
2325.5910955507793	1.7280000000005202	WheelMovementIntervals													-0.7470102148671813
2327.872989422328	8.191688416163288	trials	1.0	1.0	1.5	0.25		0.8	2334.5001599723346	2334.5000585239327	2335.5646535123356	2328.3815718923283	2328.3825384623283	2334.397095550782	
2334.397095550782	0.4450000000001637	WheelMovementIntervals													-0.6589760419145065
2335.617095550783	0.9950000000003456	WheelMovementIntervals													-0.10780253967949704
2336.6260806923365	4.3939359795135715	trials	-1.0	-1.0	0.0	0.25		0.8	2338.4477651723387	2338.446994773965	2340.5198912723404	2337.6200812823377	2337.6211145123375	2338.2030955507835	
2338.2030955507835	0.5039999999999054	WheelMovementIntervals													0.38526117970715035
2341.5761189723416	2.4722290209415405	trials	1.0	1.0	1.5	1.0		0.8	2342.4758289923425	2342.4757288048872	2343.5482550723436	2342.2313867723424	2342.2323866723423	2342.388095550785	
2342.388095550785	3.0680000000011205	WheelMovementIntervals													-0.9466210382866933
2344.5807518123447	3.4395050328575962	trials	1.0	1.0	1.5	1.0		0.8	2346.4498648823464	2346.449752916984	2347.5202578323474	2346.119764562346	2346.120697802346	2346.3130955507863	
2346.3130955507863	2.1620000000007167	WheelMovementIntervals													-0.7065712031619427
2348.5568541623484	2.6079475184733383	trials	1.0	1.0	1.5	1.0		0.8	2349.6015830123497	2349.601471994299	2350.664710022351	2349.264450062349	2349.2653166423493	2349.4560955507873	
2349.4560955507873	2.4000000000005457	WheelMovementIntervals													-0.526373424646188
2351.688607622352	9.531554589752886	trials	1.0	1.0	1.5	1.0		0.8	2359.6461451223595	2359.646051527048	2360.7201377123606	2352.4530645023524	2352.4539644123524	2359.4870955507904	
2359.4870955507904	0.5850000000004911	WheelMovementIntervals													-0.4611222356665863
2360.675095550791	0.9860000000003311	WheelMovementIntervals													-0.15795270124991845
2361.796563392362	4.6343462731797445	trials	-1.0	-1.0	0.0	0.125		0.8	2363.861856842364	2363.860883113374	2365.930883252366	2362.3477082723625	2362.3486081823626	2363.628095550792	
2363.628095550792	0.705000000000382	WheelMovementIntervals													0.5843574810486487
2366.968612802367	2.512227086225721	trials	1.0	1.0	1.5	0.25		0.8	2367.912018452368	2367.9119218464357	2368.980778232369	2367.636712652368	2367.6374792423676	2367.7990955507935	
2367.7990955507935	0.6750000000001819	WheelMovementIntervals													-0.9546589727930126
2369.116095550794	0.7710000000001855	WheelMovementIntervals													-0.17184417161195142
2370.01004196237	8.070966651369417	trials	1.0	-1.0	0.0		0.0	0.8	2375.5073921723756	2375.506385309071	2377.5808848023776	2370.5203575923706	2370.5214574823704	2375.365095550796	
2375.365095550796	0.9259999999999309	WheelMovementIntervals													0.771986934254322
2378.660310182379	2.437330360087799	trials	1.0	1.0	1.5	1.0		0.8	2379.5301231923795	2379.53002030208	2380.5975831023807	2379.2698492223794	2379.270682472379	2379.4410955507974	
2379.4410955507974	3.0500000000006366	WheelMovementIntervals													-1.32977760137301
2381.6459449223817	10.768192141879354	trials	-1.0	1.0	1.5		0.25	0.8	2390.8405920323908	2390.840521891332	2391.914018012392	2382.936782492383	2382.937649072383	2383.1440955507983	
2383.1440955507983	0.8650000000002365	WheelMovementIntervals													0.24726335357912888
2390.677095550801	0.8780000000001564	WheelMovementIntervals													-0.262786640151063
2391.924095550801	1.3920000000007349	WheelMovementIntervals													-0.16988061551622025
2393.025540182393	9.071764964946851	trials	1.0	1.0	1.5	0.0625		0.8	2400.5358890724006	2400.5357923092533	2401.5972162624016	2393.5534873823935	2393.554553942394	2400.068095550804	
2400.068095550804	1.029000000000451	WheelMovementIntervals													-0.8014721002106242
2401.8720955508047	0.5950000000002547	WheelMovementIntervals													-0.125499107698559
2402.6873072424028	2.7324075506739973	trials	1.0	1.0	1.5	0.125		0.8	2403.843724922404	2403.84360916816	2404.919683982405	2403.2859807024033	2403.2867806224035	2403.501095550805	
2403.501095550805	0.38000000000010914	WheelMovementIntervals													-0.314488072778218
2404.902095550806	1.1250000000004547	WheelMovementIntervals													-0.12543305334459376
2405.965712702406	2.603245622972736	trials	1.0	1.0	1.5	1.0		0.8	2407.002242372407	2407.0021300698054	2408.068869032408	2406.713904542407	2406.7147377924066	2406.850095550806	
2406.850095550806	2.0490000000008877	WheelMovementIntervals													-0.3625947387447397
2409.105865322409	6.374538954974469	trials	1.0	1.0	1.5	0.125		0.8	2413.930482812414	2413.9303932915386	2414.980277822415	2409.5806511724095	2409.58168440241	2413.8020955508086	
2409.5460955508074	0.34900000000016007	WheelMovementIntervals													-0.04551904146533303
2413.8020955508086	0.39700000000038926	WheelMovementIntervals													-0.5899522436199618
2414.751095550809	0.5860000000002401	WheelMovementIntervals													-0.08681848602631703
2416.036705502416	2.576920512991819	trials	1.0	1.0	1.5	0.0625		0.8	2417.069602202417	2417.0695129222627	2418.113597792418	2416.6351456524167	2416.636278872417	2416.8340955508097	
2416.8340955508097	0.512000000000171	WheelMovementIntervals													-0.38152358302295397
2417.98309555081	0.9950000000003456	WheelMovementIntervals													-0.1764863680372386
2419.1463278424194	2.3675384055791255	trials	1.0	1.0	1.5	1.0		0.8	2419.97054541242	2419.970440166686	2421.0138077424212	2419.6197138324196	2419.6205804124197	2419.8030955508107	
2419.8030955508107	0.5630000000001019	WheelMovementIntervals													-0.4219362997903602
2420.672095550811	0.9950000000003456	WheelMovementIntervals													0.22306610067544597
2422.045771202422	2.6395143779795944	trials	1.0	1.0	1.5	0.25		0.8	2423.1275630124233	2423.1274762750686	2424.185257232424	2422.8025955124226	2422.803562082423	2422.9840955508116	
2422.9840955508116	0.443000000000211	WheelMovementIntervals													-0.5552598768359971
2423.9000955508122	1.0720000000001164	WheelMovementIntervals													0.5536500439758143
2425.2294861324253	2.81752701806181	trials	-1.0	1.0	1.5		1.0	0.8	2426.4947929224263	2426.4946973667925	2427.5469543624276	2425.963512722426	2425.964512622426	2426.1700955508127	
2426.1700955508127	1.804000000000542	WheelMovementIntervals													0.7927239639688111
2428.5968160324287	8.71676754945247	trials	1.0	-1.0	0.0		0.125	0.2	2434.758766442435	2434.7577616554954	2436.8134942824367	2429.2356854724294	2429.236485392429	2434.5630955508154	
2434.5630955508154	1.0740000000005239	WheelMovementIntervals													-0.7887790332107656
2437.9064849724377	3.5458230962021844	trials	1.0	-1.0	0.0		0.0625	0.2	2438.8727216724387	2438.871890443941	2440.952313692441	2438.5192236924386	2438.5200569424387	2438.698095550817	
2438.698095550817	0.9330000000004475	WheelMovementIntervals													-0.749061560677859
2442.007008212442	2.545024720676338	trials	-1.0	1.0	1.5		0.25	0.2	2442.981310772443	2442.9812165268854	2444.052003692444	2442.5130909324425	2442.5140241724425	2442.8190955508185	
2442.8190955508185	1.0000000000004547	WheelMovementIntervals													0.4519052340807903
2444.1930955508187	1.1200000000003456	WheelMovementIntervals													0.43692278282505015
2445.385037042445	2.833826821711682	trials	-1.0	1.0	1.5		0.25	0.2	2446.6519436724466	2446.6518476915076	2447.7188036424477	2445.996442562446	2445.997309142446	2446.1500955508195	
2446.1500955508195	2.9820000000008804	WheelMovementIntervals													0.3833495684077164
2448.767065472449	8.168486134613886	trials	-1.0	1.0	1.5		0.0625	0.2	2455.356639782455	2455.356533343328	2456.4354318924566	2449.72993584245	2449.7309357424497	2454.9500955508224	
2454.9500955508224	2.3990000000007967	WheelMovementIntervals													0.5042497220795639
2457.5302557324576	3.2719173905347816	trials	1.0	1.0	1.5	0.125		0.2	2459.2322521824594	2459.2321632177805	2460.3020451924604	2458.1297291124583	2458.130529032458	2458.4520955508237	
2458.4520955508237	2.7840000000005602	WheelMovementIntervals													-0.8445616070977877
2461.361372582461	2.8517248208854653	trials	-1.0	1.0	1.5		1.0	0.2	2462.6399780424626	2462.639882365388	2463.713037392464	2462.0796007524623	2462.080467332462	2462.272095550825	
2462.272095550825	2.2310000000006767	WheelMovementIntervals													0.6919448696759503
2464.7670986424646	2.779131250320006	trials	-1.0	1.0	1.5		1.0	0.2	2465.976411032466	2465.976310934304	2467.0462040424673	2465.2688817924654	2465.2697817024655	2465.411095550826	
2465.411095550826	2.6760000000008404	WheelMovementIntervals													0.3744401002300961
2468.0951324724683	2.8570239520267933	trials	-1.0	1.0	1.5		0.125	0.2	2469.3784374624693	2469.3783418829034	2470.4520634224705	2468.5849834824685	2468.5860833724687	2468.801095550827	
2468.801095550827	1.8740000000007058	WheelMovementIntervals													0.30861777340776086
2471.5109575224715	2.468527755652758	trials	-1.0	1.0	1.5		1.0	0.2	2472.4075678524723	2472.4074668762996	2473.4794606524733	2472.029605652472	2472.030705542472	2472.165095550828	
2472.165095550828	0.5860000000002401	WheelMovementIntervals													0.3200744176741708
2474.5290890124747	7.200450939706116	trials	-1.0	1.0	1.5		0.0625	0.2	2480.1588259824803	2480.1587272757506	2481.2295189024812	2475.2849134224753	2475.2860133124755	2475.7010955508295	
2475.7010955508295	0.8170000000000073	WheelMovementIntervals													0.2668918865432417
2480.047095550831	2.349000000000615	WheelMovementIntervals													1.008584321932787
2482.3313420424824	2.6708089219901012	trials	-1.0	1.0	1.5		1.0	0.2	2483.4230661924835	2483.422944871612	2484.5020582824845	2483.1181966824834	2483.119263242483	2483.271095550832	
2483.271095550832	2.3740000000007058	WheelMovementIntervals													0.4512759055139526
2485.5801504624856	2.4882262389028256	trials	-1.0	1.0	1.5		0.0625	0.2	2486.4922592424864	2486.4921589802307	2487.5683516224876	2486.079300542486	2486.080233782486	2486.198095550833	
2486.198095550833	0.5660000000002583	WheelMovementIntervals													0.4038347001816618
2487.061095550833	1.2930000000005748	WheelMovementIntervals													1.64493869658817
2488.6284789324886	7.3839646240148795	trials	-1.0	1.0	1.5		0.0625	0.2	2494.4439306624945	2494.4438282529472	2495.5123904724956	2489.1793571724893	2489.1801904224894	2494.1930955508356	
2494.1930955508356	2.428000000000793	WheelMovementIntervals													-0.40851923947818847
2496.6168466824965	2.496026302799237	trials	-1.0	1.0	1.5		1.0	0.2	2497.5481535424974	2497.5480553762227	2498.6127804024986	2497.151993162497	2497.1531263824972	2497.2780955508365	
2497.2780955508365	2.198000000000775	WheelMovementIntervals													0.4113944405431553
2499.6652751424995	6.863853529433072	trials	-1.0	1.0	1.5		0.0	0.2	2504.957712512505	2504.9576141029593	2506.029072032506	2500.1676249025004	2500.1687581225	2504.560095550839	
2504.560095550839	2.904000000000906	WheelMovementIntervals													0.335251513357278
2507.1160299925073	2.652540356409645	trials	-1.0	1.0	1.5		1.0	0.2	2508.197655152508	2508.1975452237652	2509.2684480625094	2507.9183830825077	2507.919349652508	2508.0780955508403	
2508.0780955508403	1.3160000000002583	WheelMovementIntervals													0.43559385769783887
2510.3297752525104	6.8491541324920036	trials	-1.0	1.0	1.5		0.0625	0.2	2515.6134135025154	2515.613314696876	2516.678873612517	2510.995608662511	2510.996641892511	2511.198095550841	
2511.198095550841	0.9080000000003565	WheelMovementIntervals													0.2771532159900332
2515.570095550843	0.7870000000002619	WheelMovementIntervals													-0.38096082044922497
2517.0460955508433	1.1820000000002437	WheelMovementIntervals													0.21034681909177522
2517.773330822518	2.772229782569866	trials	-1.0	1.0	1.5		0.125	0.2	2518.985942882519	2518.9858425366187	2520.04553691252	2518.5841164025187	2518.5848829925185	2518.7770955508436	
2518.7770955508436	0.9890000000004875	WheelMovementIntervals													0.294831071065893
2520.164095550844	0.9640000000003965	WheelMovementIntervals													-0.06943285247499631
2521.116663122521	7.4623593338546925	trials	-1.0	1.0	1.5		0.125	0.2	2527.011306932527	2527.0112084107454	2528.078933492528	2521.867488032522	2521.868521262522	2526.401095550846	
2526.401095550846	2.6870000000012624	WheelMovementIntervals													0.30476475125727376
2529.1642249525294	2.5478210789374316	trials	-1.0	1.0	1.5		0.25	0.2	2530.1497263925303	2530.14963233159	2531.2120201525313	2529.7010379325297	2529.7021044925295	2529.8330955508472	
2529.8330955508472	0.5210000000001855	WheelMovementIntervals													0.28030696526404597
2530.921095550848	0.5320000000001528	WheelMovementIntervals													0.014877302600119435
2532.2650481725323	7.130056937628979	trials	-1.0	1.0	1.5		0.25	0.2	2537.829591662538	2537.8294910469863	2538.895085102539	2532.917582912533	2532.918416162533	2533.0890955508485	
2532.411095550848	0.09700000000020736	WheelMovementIntervals													-0.010898779242999979
2533.0890955508485	0.6630000000004657	WheelMovementIntervals													0.2720381469931681
2537.71509555085	0.8670000000001892	WheelMovementIntervals													0.25705199293880554
2538.9600955508504	0.8010000000003856	WheelMovementIntervals													0.42810667099757893
2540.00150778254	2.432830908076994	trials	-1.0	1.0	1.5		0.25	0.2	2540.8719207325407	2540.87181776625	2541.934281152542	2540.5670512225406	2540.5679844625406	2540.698095550851	
2540.698095550851	2.148000000000593	WheelMovementIntervals													1.179603277027688
2542.991542082543	6.792755695082633	trials	-1.0	1.0	1.5		0.125	0.2	2548.226585192548	2548.2264834634825	2549.284212752549	2543.662108352544	2543.662974932544	2547.9710955508535	
2547.9710955508535	0.5210000000001855	WheelMovementIntervals													0.3292450966870035
2548.825095550854	1.2520000000004075	WheelMovementIntervals													1.9898524782839715
2550.4048006825506	3.6956080420250146	trials	1.0	-1.0	0.0		0.25	0.2	2551.5275550625515	2551.5268025169344	2553.6003810925536	2550.878586632551	2550.879553202551	2550.9920955508546	
2550.9920955508546	1.3060000000004948	WheelMovementIntervals													-0.34537234246803195
2554.6680076525545	4.177253630905398	trials	-1.0	-1.0	0.0	0.125		0.2	2556.2828461525564	2556.281827213049	2558.3452065625584	2555.3951016025553	2555.3961681625556	2555.635095550856	
2555.635095550856	0.8000000000001819	WheelMovementIntervals													0.31397948603355275
2559.4243653025596	6.9594414094995045	trials	-1.0	1.0	1.5		0.125	0.2	2564.813193032565	2564.8130958175334	2565.883752632566	2559.90028437256	2559.90111762256	2560.3400955508578	
2560.3400955508578	0.6109999999998763	WheelMovementIntervals													0.19745583447154758
2564.589095550859	2.609000000000833	WheelMovementIntervals													0.18184389068633067
2566.994908172567	2.766628592401048	trials	-1.0	1.0	1.5		1.0	0.2	2568.1938216025683	2568.193719695356	2569.261514822569	2567.761464842568	2567.762431412568	2567.9170955508603	
2567.9170955508603	1.9270000000005894	WheelMovementIntervals													0.6903891137379503
2570.3397403225704	6.5441512501051875	trials	-1.0	1.0	1.5		0.0625	0.2	2575.3145761225755	2575.3144770013632	2576.3838358525763	2571.066534302571	2571.0674008825713	2571.352095550861	
2571.352095550861	0.6180000000003929	WheelMovementIntervals													0.23202321199939746
2575.0920955508627	1.024000000000342	WheelMovementIntervals													-0.20142675112902708
2576.388095550863	0.8150000000000546	WheelMovementIntervals													-0.17895848992540664
2577.4792929625773	2.4321306373517473	trials	-1.0	1.0	1.5		1.0	0.2	2578.3417067125783	2578.341602761376	2579.4113664025795	2578.061234762578	2578.062267992578	2578.1230955508636	
2578.1230955508636	0.43800000000010186	WheelMovementIntervals													0.33101851773381696
2579.066095550864	0.5360000000000582	WheelMovementIntervals													-0.048064478646814734
2580.4722269725803	2.805724993081185	trials	-1.0	1.0	1.5		1.0	0.2	2581.7249350225816	2581.724837237795	2582.7778630525827	2581.0505024725812	2581.051569032581	2581.2100955508645	
2581.2100955508645	2.6680000000010295	WheelMovementIntervals													0.31401363636071267
2583.860854742584	6.43386116715692	trials	1.0	1.0	1.5	1.0		0.2	2588.7311010025887	2588.7309987725102	2589.7946946325897	2584.4167324825844	2584.4175324025846	2588.0980955508667	
2588.0980955508667	0.9160000000006221	WheelMovementIntervals													-0.4930366534165742
2589.7210955508676	1.54300000000012	WheelMovementIntervals													1.0391116462747974
2590.891218302591	13.641300579962717	trials	1.0	-1.0	0.0		0.0625	0.2	2601.968743772602	2601.9676983476706	2604.032504042604	2591.7504657025916	2591.751465602592	2601.7250955508716	
2601.7250955508716	0.956000000000131	WheelMovementIntervals													-0.9580635870682173
2605.1898216326053	3.542750532259106	trials	-1.0	1.0	1.5		1.0	0.2	2607.1619577326073	2607.161848090825	2608.232484002608	2606.811192812607	2606.812292702607	2606.9740955508732	
2605.4330955508726	0.8100000000004002	WheelMovementIntervals													0.4185205699392043
2606.9740955508732	1.3260000000004766	WheelMovementIntervals													0.4610999253924817
2609.3040768326096	3.8291262214584094	trials	-1.0	-1.0	0.0	0.0625		0.8	2610.5742498026107	2610.5732845296275	2612.6331772226126	2609.89448445261	2609.89561767261	2610.231095550874	
2610.231095550874	0.7210000000004584	WheelMovementIntervals													0.44301045866230027
2613.7035035126137	2.590516087101605	trials	1.0	1.0	1.5	0.25		0.8	2614.724101442615	2614.724009062074	2615.7939611126158	2614.3775694326146	2614.3785693326145	2614.619095550876	
2614.619095550876	0.6959999999999127	WheelMovementIntervals													-0.978903034616458
2615.8040955508764	1.6440000000002328	WheelMovementIntervals													-0.10912490325496549
2616.864620702617	3.351738115117314	trials	1.0	1.0	1.5	1.0		0.8	2618.6568414626186	2618.6567394780873	2619.7163355026196	2618.382502232618	2618.3835021326186	2618.547095550877	
2618.547095550877	0.5070000000000618	WheelMovementIntervals													-0.8266420299483528
2619.4870955508773	1.411000000000513	WheelMovementIntervals													-0.20272554025787315
2620.7866617926206	2.579716692540387	trials	1.0	1.0	1.5	0.25		0.8	2621.793861062622	2621.7937675284993	2622.866320472623	2621.4439627226216	2621.4448293026217	2621.6550955508783	
2621.6550955508783	2.1930000000006658	WheelMovementIntervals													-0.7009806713992788
2623.940079752624	2.4432277422260995	trials	1.0	1.0	1.5	1.0		0.8	2624.827491002625	2624.827389101453	2625.883252082626	2624.4771927026245	2624.4781259426245	2624.6600955508793	
2624.6600955508793	1.5170000000002801	WheelMovementIntervals													-0.4830528189408412
2626.955411522627	3.3053106847751224	trials	1.0	1.0	1.5	0.0625		0.8	2628.7170353426286	2628.7169161510183	2629.7606309726298	2627.6439093326276	2627.6450758826277	2627.7650955508802	
2627.7650955508802	2.585000000000946	WheelMovementIntervals													-0.49443347147153816
2630.852621762631	2.5414211266243	trials	1.0	1.0	1.5	0.125		0.8	2631.855254822632	2631.8551289129887	2632.894017602633	2631.4825254326315	2631.4833920126316	2631.6950955508814	
2631.6950955508814	0.5840000000002874	WheelMovementIntervals													-0.4951414921346071
2632.7070955508816	0.8910000000005311	WheelMovementIntervals													-0.2808339893534111
2633.963743952634	10.879911538244414	trials	1.0	-1.0	0.0		0.0625	0.8	2642.292944282642	2642.2919270347775	2644.3435392026445	2634.4830253526343	2634.4840252526346	2642.051095550885	
2642.051095550885	1.8200000000006185	WheelMovementIntervals													-2.6208760164935327
2645.4803588426457	2.452727999781928	trials	1.0	1.0	1.5	0.25		0.8	2646.3786690026463	2646.3785679977714	2647.4329968926477	2645.949411932646	2645.950211852646	2646.1740955508862	
2646.1740955508862	1.8000000000006366	WheelMovementIntervals													-0.5550997389472201
2648.5050896726484	9.477453964876986	trials	1.0	1.0	1.5	0.0		0.8	2656.4362298126566	2656.4361331585574	2657.4824585126576	2648.993507492649	2648.994540722649	2656.31909555089	
2656.31909555089	0.5790000000001783	WheelMovementIntervals													-1.1665601956753164
2657.39509555089	1.635000000000673	WheelMovementIntervals													-0.20167863179786139
2658.6163451126586	3.544047418630271	trials	1.0	-1.0	0.0		0.125	0.8	2659.61707836266	2659.6160576423617	2661.6603073526617	2659.260214052659	2659.2610806326593	2659.391095550891	
2659.391095550891	0.9140000000002146	WheelMovementIntervals													-0.35157101415006764
2662.7628970826627	2.352508382698943	trials	1.0	1.0	1.5	0.25		0.8	2663.5664833826636	2663.5663989211293	2664.6153784826647	2663.2660800926633	2663.2670466626632	2663.4490955508923	
2663.4490955508923	0.8699999999998909	WheelMovementIntervals													-0.7633153078357466
2664.6680955508923	0.06500000000005457	WheelMovementIntervals													-0.005985653397218016
2665.695503792666	3.7707292686377514	trials	1.0	1.0	1.5	1.0		0.8	2667.905049482668	2667.904919184472	2668.966176692669	2666.193420662666	2666.194320572666	2666.390095550893	
2666.390095550893	0.2290000000002692	WheelMovementIntervals													-0.16990438831039967
2667.0880955508933	2.8320000000007894	WheelMovementIntervals													-0.9509262617274672
2670.05783418267	10.057492679885854	trials	1.0	1.0	1.5	0.0625		0.8	2678.5491183026784	2678.549010740411	2679.6152783426796	2670.7267672826706	2670.7276338626707	2678.338095550897	
2678.338095550897	0.8000000000001819	WheelMovementIntervals													-0.3399548677238684
2679.5200955508976	0.8420000000000982	WheelMovementIntervals													0.10921416082301505
2680.6230955508977	1.5130000000008295	WheelMovementIntervals													-0.20536892451487887
2680.758630662681	4.69033550258564	trials	-1.0	1.0	1.5		1.0	0.8	2683.8907507526837	2683.89065236663	2684.948878262685	2682.7764288626827	2682.777495422683	2682.9810955508988	
2682.9810955508988	2.940000000000964	WheelMovementIntervals													0.8688792514015375
2686.057567382686	2.391331181856458	trials	1.0	1.0	1.5	1.0		0.8	2686.880485082687	2686.880377423589	2687.948778242688	2686.5931804826864	2686.5941137226864	2686.7670955508997	
2686.7670955508997	0.4110000000000582	WheelMovementIntervals													-0.6517487755133402
2687.3420955509	1.4650000000006003	WheelMovementIntervals													0.49769713922601966
2689.028103632689	10.287171692693391	trials	1.0	1.0	1.5	0.125		0.8	2697.756564032698	2697.7564627648667	2698.815224822699	2689.75989711269	2689.7610636626896	2697.6040955509034	
2697.6040955509034	0.47200000000020736	WheelMovementIntervals													-0.6745981734384046
2698.457095550904	2.3520000000007713	WheelMovementIntervals													1.3405204132348416
2699.9628767127	3.4633523720594894	trials	1.0	1.0	1.5	0.0625		0.8	2701.867819532702	2701.867704417098	2702.926180352703	2701.5262203627017	2701.5272869227015	2701.678095550905	
2701.678095550905	1.979000000000724	WheelMovementIntervals													-0.425487472488733
2704.036635962704	10.072860946276705	trials	1.0	1.0	1.5	0.0		0.8	2712.5546840727125	2712.554585809657	2713.6094119227137	2704.7319997527047	2704.7329329927047	2704.922095550906	
2704.922095550906	0.23800000000028376	WheelMovementIntervals													-0.12024932312431247
2712.0420955509085	0.9369999999998981	WheelMovementIntervals													-0.8047153252677433
2713.6170955509087	1.7070000000007894	WheelMovementIntervals													-0.13940774475900497
2714.7423986127146	3.005936467599895	trials	1.0	1.0	1.5	0.25		0.8	2716.185520952716	2716.185414679017	2717.2482813327174	2715.832122962716	2715.8331228627158	2716.04409555091	
2716.04409555091	1.6640000000002146	WheelMovementIntervals													-0.5578609067511664
2718.3413386827183	2.634611432103611	trials	-1.0	1.0	1.5		1.0	0.8	2719.4091318927194	2719.409042505177	2720.4758918727207	2719.026103532719	2719.027103432719	2719.221095550911	
2719.221095550911	1.299000000000433	WheelMovementIntervals													0.277330777024666
2721.5591502027214	9.272172102520472	trials	1.0	1.0	1.5	0.125		0.8	2729.2676126127294	2729.267508481983	2730.3312729027302	2722.264612982722	2722.2657462027223	2728.993095550914	
2728.993095550914	2.304000000000542	WheelMovementIntervals													-1.1774825684280543
2731.4751251727316	2.517247973996291	trials	-1.0	1.0	1.5		0.25	0.8	2732.4400620027322	2732.4399427937697	2733.4923234327334	2732.009271752732	2732.010304982732	2732.194095550915	
2732.194095550915	0.8270000000002256	WheelMovementIntervals													0.3345227349276527
2733.4050955509156	0.25999999999976353	WheelMovementIntervals													0.027667504750162664
2734.5752817927346	3.20621867235468	trials	1.0	1.0	1.5	0.0625		0.8	2736.2112848427364	2736.211190299468	2737.2814111527373	2735.0982294927353	2735.099262722735	2735.258095550916	
2735.258095550916	2.940000000000964	WheelMovementIntervals													-0.5234325606336796
2738.3772015627383	2.4819239287962773	trials	1.0	1.0	1.5	1.0		0.8	2739.306308642739	2739.306209396587	2740.3590366927406	2738.958910052739	2738.959909952739	2739.1570955509173	
2739.1570955509173	2.1940000000008695	WheelMovementIntervals													-0.49068812453584343
2741.4510274827417	9.796886743635241	trials	1.0	-1.0	0.0		0.0625	0.8	2748.683137532749	2748.6820892937453	2750.747864372751	2741.997372842742	2741.998206092742	2748.5900955509205	
2748.5900955509205	1.2670000000002801	WheelMovementIntervals													-0.6176793960403657
2751.890916722752	2.323709710885396	trials	1.0	1.0	1.5	1.0		0.8	2752.6539070827525	2752.6538189260177	2753.7146010027536	2752.375534922752	2752.3764348327522	2752.530095550922	
2752.530095550922	0.4600000000000364	WheelMovementIntervals													-0.848056406782554
2753.580095550922	1.7780000000007021	WheelMovementIntervals													0.2377459366549317
2754.806425142755	6.40796114762361	trials	1.0	1.0	1.5	0.0625		0.8	2759.65407366276	2759.6539698872134	2760.7143342927607	2755.6752715827556	2755.6764048027558	2759.538095550924	
2759.538095550924	0.4710000000004584	WheelMovementIntervals													-0.8400620195008841
2760.5670955509245	0.8930000000004839	WheelMovementIntervals													-0.16262672642361053
2761.824589922762	2.8563207934471393	trials	1.0	1.0	1.5	0.125		0.8	2763.1152941727632	2763.115197962603	2764.180854272764	2762.791926512763	2762.792993072763		
2762.313095550925	2.061000000000604	WheelMovementIntervals													-0.9209868150046461
2764.960095550926	0.1570000000001528	WheelMovementIntervals													-0.017256405019864474
2765.275911422765	2.5827168294977128	trials	1.0	1.0	1.5	0.25		0.8	2766.2996090427664	2766.2995169037954	2767.3586031327673	2765.842088132766	2765.8429547127657	2766.0560955509263	
2766.0560955509263	0.5180000000000291	WheelMovementIntervals													-0.6054385599100982
2767.434095550927	0.22699999999986176	WheelMovementIntervals													-0.0999309923716396
2768.4395283627687	2.374530520200551	trials	1.0	1.0	1.5	1.0		0.8	2769.2540469027695	2769.2539381445467	2770.3139742327703	2768.964175892769	2768.965275782769	2769.1290955509276	
2769.1290955509276	0.4159999999997126	WheelMovementIntervals													-0.8298141954567058
2769.7620955509274	1.8450000000007094	WheelMovementIntervals													1.1225976617419562
2771.4151641027715	3.1323245138955826	trials	-1.0	1.0	1.5		0.25	0.8	2772.991773092773	2772.9916754341043	2774.047467512774	2772.191686442772	2772.1925530227722	2772.6870955509285	
2772.6870955509285	1.7060000000005857	WheelMovementIntervals													0.5395796501884718
2775.146590922775	8.700763239761727	trials	1.0	1.0	1.5	0.125		0.8	2782.286943482782	2782.286841178967	2783.3472707727833	2775.7916597427757	2775.7925263227758	2782.1070955509317	
2782.1070955509317	0.5280000000002474	WheelMovementIntervals													-0.7349687580056354
2783.267095550932	0.6560000000004038	WheelMovementIntervals													0.07126484355626417
2784.2960955509325	0.07400000000006912	WheelMovementIntervals													-0.011152936486645615
2784.4881566727845	3.120327121291666	trials	1.0	1.0	1.5	0.0		0.8	2786.044767662786	2786.044668705203	2787.1083946227873	2785.741731302786	2785.7427645327857	2785.912095550933	
2785.912095550933	0.5170000000002801	WheelMovementIntervals													-0.7009079113102672
2786.8290955509333	1.3490000000006148	WheelMovementIntervals													1.0647822112916856
2788.2007853727882	2.7130330504128324	trials	1.0	1.0	1.5	0.125		0.8	2789.346804092789	2789.34669806528	2790.4137973827906	2789.031069002789	2789.032068902789	2789.217095550934	
2788.4540955509337	0.08199999999987995	WheelMovementIntervals													-0.00920685854502068
2789.217095550934	1.067000000000462	WheelMovementIntervals													-0.7822268520842783
2791.5015219327915	3.7127323481749954	trials	1.0	1.0	1.5	0.25		0.8	2793.6526401327937	2793.6525395153835	2794.714233962795	2792.2582795827925	2792.2593461427923	2792.479095550935	
2792.479095550935	2.7830000000008113	WheelMovementIntervals													-1.3233883318552557
2795.815157192796	7.832453373865064	trials	1.0	1.0	1.5	0.25		0.8	2802.089896322802	2802.0897975476983	2803.1475572128033	2796.5084211927965	2796.5093211027965	2801.9880955509384	
2801.9880955509384	1.2530000000001564	WheelMovementIntervals													-0.9259856904869821
2804.2705115728045	2.7874251014295623	trials	1.0	1.0	1.5	1.0		0.8	2805.5074545328057	2805.507321823155	2806.5578828128064	2804.941511132805	2804.942910992805	2805.177095550939	
2805.177095550939	0.6220000000002983	WheelMovementIntervals													-0.27722183793019184
2806.20309555094	0.6610000000000582	WheelMovementIntervals													0.137543048145794
2807.6562396328077	2.4241263730932587	trials	1.0	1.0	1.5	1.0		0.8	2808.5132539228084	2808.513148248495	2809.5802805428098	2808.1971855328084	2808.1981854328083	2808.3740955509406	
2808.3740955509406	0.5720000000001164	WheelMovementIntervals													-0.8754577071429566
2809.261095550941	1.4710000000004584	WheelMovementIntervals													0.21728653998784608
2810.6847700828107	2.712131257562305	trials	1.0	1.0	1.5	0.25		0.8	2811.842587622812	2811.842482571825	2812.896848852813	2811.4745577628114	2811.4754910028114	2811.6400955509416	
2811.6400955509416	1.5760000000004766	WheelMovementIntervals													0.5145619799181205
2813.994105782814	8.153381516644004	trials	1.0	1.0	1.5	0.25		0.8	2820.5894461828207	2820.589370103769	2821.6473737128217	2814.5247193828145	2814.5257859428148	2820.4700955509443	
2820.4700955509443	0.8190000000004147	WheelMovementIntervals													-0.8508429874363301
2821.475095550945	1.2070000000003347	WheelMovementIntervals													0.37814920236206007
2822.800991672823	3.5400185303724356	trials	1.0	-1.0	0.0		0.0	0.8	2823.792359192824	2823.7914960182525	2825.840920982826	2823.4913226328235	2823.4926891628234	2823.5970955509456	
2823.5970955509456	0.9710000000004584	WheelMovementIntervals													1.058568513528705
2826.951809882827	2.539216777146976	trials	1.0	1.0	1.5	1.0		0.8	2827.931311922828	2827.9312155825464	2828.991005942829	2827.6137770128275	2827.6146769228276	2827.813095550947	
2827.813095550947	2.4700000000007094	WheelMovementIntervals													-0.8424886206158746
2830.10152821283	10.95630069521576	trials	1.0	1.0	1.5	0.0		0.8	2839.5004215628396	2839.500312019969	2840.5577824828406	2830.912880402831	2830.913946962831	2831.099095550948	
2831.099095550948	0.22000000000025466	WheelMovementIntervals													-0.17930992857495198
2831.8270955509483	0.17200000000002547	WheelMovementIntervals													0.21950579914179258
2839.349095550951	2.9390000000007603	WheelMovementIntervals													-0.7850723977176557
2841.7301319028415	2.927613376589761	trials	1.0	1.0	1.5	1.0		0.8	2843.092329002843	2843.0922367306657	2844.1576557928443	2842.7796602728426	2842.780493522843	2842.951095550952	
2842.951095550952	0.5810000000005857	WheelMovementIntervals													-0.535376733809926
2844.2350955509523	1.1810000000004948	WheelMovementIntervals													0.32073136107088374
2845.2709444528455	9.336495559216473	trials	1.0	1.0	1.5	0.0625		0.8	2853.054632672853	2853.0545224505754	2854.107327392854	2845.896681872846	2845.897815092846	2852.9020955509554	
2852.9020955509554	1.9190000000003238	WheelMovementIntervals													-0.5241930707675166
2855.268144632855	2.4286257229427974	trials	1.0	1.0	1.5	0.125		0.8	2856.1335580828563	2856.133453085233	2857.1967184228574	2855.829255182856	2855.830355072856	2855.997095550956	
2855.997095550956	2.2310000000011314	WheelMovementIntervals													-0.46094300262232935
2858.3045742928584	3.058502559953922	trials	1.0	1.0	1.5	0.125		0.8	2859.80535753286	2859.805274567608	2860.863018422861	2859.3238056928594	2859.3246722728595	2859.5270955509577	
2858.613095550957	0.09600000000000364	WheelMovementIntervals													-0.016592566753303117
2859.5270955509577	1.9790000000002692	WheelMovementIntervals													-0.374029573390267
2861.964174962862	2.7820237366941	trials	1.0	1.0	1.5	0.125		0.8	2863.180186682863	2863.180084463088	2864.2461467428643	2862.690435662863	2862.6913022428625	2862.8620955509587	
2862.8620955509587	0.5320000000001528	WheelMovementIntervals													-0.3682587224159093
2863.961095550959	0.330000000000382	WheelMovementIntervals													-0.06895610197720003
2865.3648015328654	7.397561621729437	trials	1.0	1.0	1.5	0.25		0.8	2871.2077505128714	2871.207647834305	2872.2623450428723	2865.957175622866	2865.958242182866	2870.986095550961	
2870.986095550961	0.4770000000003165	WheelMovementIntervals													-0.367789451966928
2872.0660955509616	0.9760000000005675	WheelMovementIntervals													-0.14578748299578592
2873.3943651628733	2.4019276571139017	trials	1.0	1.0	1.5	1.0		0.8	2874.2374808428744	2874.2373738168226	2875.2962082928752	2873.957075552874	2873.958175442874	2874.1230955509623	
2874.1230955509623	0.4510000000004766	WheelMovementIntervals													-0.6641373349024846
2875.099095550963	1.3930000000004839	WheelMovementIntervals													-0.12281507983561823
2876.4170961928767	8.47908233775388	trials	1.0	1.0	1.5	0.125		0.8	2883.3300714928832	2883.3299616910126	2884.396098212884	2877.007103852877	2877.008137082877	2883.2160955509653	
2883.2160955509653	3.3740000000011605	WheelMovementIntervals													-1.1743410416036397
2885.5507827328856	3.5561154404695117	trials	-1.0	1.0	1.5		1.0	0.8	2887.553482442888	2887.5533903018145	2888.6068437628887	2887.190385422887	2887.191385322887	2887.380095550967	
2887.380095550967	0.47100000000000364	WheelMovementIntervals													0.3532676310151288
2888.376095550967	0.11400000000003274	WheelMovementIntervals													0.01225924321524019
2889.1150955509675	0.052000000000134605	WheelMovementIntervals													-0.007630714372403702
2889.7258985128897	8.169882016268275	trials	1.0	1.0	1.5	0.125		0.8	2896.3421701528964	2896.342062502136	2897.3956981228976	2890.2458465128902	2890.2466797628904	2896.2020955509697	
2896.2020955509697	2.2570000000009713	WheelMovementIntervals													-0.6974043056615287
2898.5392837528984	4.150621623592542	trials	1.0	1.0	1.5	0.125		0.8	2901.1206922529013	2901.1205959570025	2902.1898853229022	2899.056831992899	2899.057898552899	2901.0100955509715	
2899.197095550971	0.13400000000001455	WheelMovementIntervals													-0.02121175596898439
2901.0100955509715	0.3029999999998836	WheelMovementIntervals													-0.609777587266386
2901.824095550972	1.0489999999999782	WheelMovementIntervals													-0.13160442827522445
2903.3131063229034	2.527043755289469	trials	1.0	1.0	1.5	0.25		0.8	2904.2616447929045	2904.2615219939307	2905.3400369429055	2903.945643062904	2903.946542972904	2904.1080955509724	
2904.1080955509724	1.8680000000008476	WheelMovementIntervals													-0.4930494301935866
2906.4595583129067	2.4520186906015624	trials	1.0	1.0	1.5	0.125		0.8	2907.3376704929074	2907.3375639313126	2908.4114964329083	2906.995671362907	2906.996504612907	2907.1710955509734	
2907.1710955509734	0.2940000000003238	WheelMovementIntervals													-0.34950080277518225
2907.7500955509736	0.3420000000000982	WheelMovementIntervals													0.10439794799939506
2908.4000955509737	0.6640000000002146	WheelMovementIntervals													0.4176365841080738
2909.90538036291	3.468023201222877	trials	1.0	-1.0	0.0		0.0625	0.2	2910.8007908129107	2910.799785572817	2912.8733168729127	2910.4232619029103	2910.4241284829104	2910.6490955509744	
2910.6490955509744	0.692000000000462	WheelMovementIntervals													-0.44286134434472046
2913.999804212914	10.145581037297688	trials	-1.0	1.0	1.5		0.25	0.2	2922.5788795529224	2922.5787702001967	2923.6453728929237	2914.612609592915	2914.6137428129146	2914.841095550976	
2914.841095550976	1.2280000000000655	WheelMovementIntervals													-0.26627641831191795
2922.4540955509788	2.604000000000724	WheelMovementIntervals													0.3629939276702956
2924.8321875329248	8.057258397373971	trials	1.0	-1.0	0.0		0.0	0.2	2930.3215718729302	2930.320825951054	2932.3893984029323	2925.7562951129257	2925.7573283429256	2925.9580955509796	
2925.9580955509796	0.8710000000005493	WheelMovementIntervals													0.2602129928763972
2930.184095550981	1.1290000000003602	WheelMovementIntervals													-0.9859912430756381
2933.5541485829335	3.773854398579715	trials	-1.0	-1.0	0.0	0.0625		0.2	2934.7505289329347	2934.749464862724	2936.827887842937	2934.128724452934	2934.129557702934	2934.4610955509825	
2934.4610955509825	0.7130000000001928	WheelMovementIntervals													0.3259227246960421
2937.954408512938	2.4074258993432522	trials	-1.0	1.0	1.5		1.0	0.2	2938.7908915229386	2938.7908168162503	2939.86175109294	2938.4395599929385	2938.4404932329385	2938.610095550984	
2938.610095550984	1.5190000000002328	WheelMovementIntervals													1.0857008261949943
2940.986438612941	2.7588978742064683	trials	-1.0	1.0	1.5		0.0625	0.2	2942.1685203929424	2942.1684368453216	2943.2453127029435	2941.5396832829415	2941.5404832029417	2941.780095550985	
2941.780095550985	1.7250000000003638	WheelMovementIntervals													0.3051636128059414
2944.3700335529443	2.95273568877019	trials	-1.0	1.0	1.5		0.25	0.2	2945.7558616229458	2945.7557493630493	2946.822721592947	2945.139589922945	2945.140456502945	2945.3550955509863	
2945.3550955509863	3.473000000000866	WheelMovementIntervals													0.43512335609850794
2947.960074512948	3.801121986850376	trials	-1.0	1.0	1.5		1.0	0.2	2950.18148568295	2950.1813861929268	2951.261144372951	2949.4620909629493	2949.4630575329493	2949.6350955509874	
2949.6350955509874	1.0470000000004802	WheelMovementIntervals													0.30768912848679264
2950.9960955509882	1.2950000000000728	WheelMovementIntervals													0.05839413370439672
2952.3931978229525	2.651535002203218	trials	1.0	1.0	1.5	0.125		0.2	2953.4648239829535	2953.464710351261	2954.5446826529546	2953.089394862953	2953.090361432953	2953.249095550989	
2953.249095550989	2.941000000001168	WheelMovementIntervals													0.6321902732236282
2955.6757362029557	3.980134842911866	trials	-1.0	-1.0	0.0	0.0625		0.2	2957.089328162957	2957.088347859415	2959.155821492959	2956.755961502957	2956.7569947329566	2956.87109555099	
2956.87109555099	0.7630000000003747	WheelMovementIntervals													0.4843035669487321
2960.2941743129604	6.0341608807871125	trials	-1.0	1.0	1.5		0.125	0.2	2964.7551281729648	2964.7550171021894	2965.8282875129657	2960.811955862961	2960.812955762961	2964.400095550993	
2964.400095550993	0.6709999999998217	WheelMovementIntervals													0.2968248579164623
2965.358095550993	1.7620000000006257	WheelMovementIntervals													0.2740404466604076
2966.985038492967	7.437552687121752	trials	-1.0	1.0	1.5		0.0625	0.2	2972.848785392973	2972.848678453831	2973.922544672974	2967.7226647229677	2967.7235646329677	2967.9270955509937	
2967.9270955509937	0.3910000000000764	WheelMovementIntervals													-0.20266741648991626
2972.059095550995	3.7730000000010477	WheelMovementIntervals													-1.0710547883116135
2975.097993782975	6.880344076619622	trials	-1.0	-1.0	0.0	0.0625		0.2	2979.3967638629792	2979.3959200668655	2981.4782890229817	2976.3610674629763	2976.3621340229765	2979.2070955509976	
2979.2070955509976	0.5860000000002401	WheelMovementIntervals													0.49594368709408343
2982.636239882983	2.9194383263261443	trials	-1.0	1.0	1.5		0.25	0.2	2983.9855716029842	2983.9854566711742	2985.055631252985	2983.3722662729833	2983.3733994929835	2983.5900955509987	
2983.5900955509987	2.7290000000011787	WheelMovementIntervals													2.5229361407815816
2986.193284142986	2.745424973025365	trials	-1.0	1.0	1.5		0.125	0.2	2987.3623005629875	2987.3621939241293	2988.4386595829883	2986.944075722987	2986.945042292987	2987.0750955510002	
2987.0750955510002	2.6020000000007713	WheelMovementIntervals													1.1012153890445902
2989.5765124529894	3.118023611601984	trials	1.0	1.0	1.5	0.25		0.2	2991.118324922991	2991.118222644419	2992.1944506329924	2990.3941640129906	2990.3950639229906	2990.6290955510012	
2990.6290955510012	2.9640000000008513	WheelMovementIntervals													-0.5403096239920941
2993.328137252993	10.916100892881332	trials	-1.0	1.0	1.5		0.125	0.2	3002.6772022530026	3002.677121948806	3003.7441622130036	2994.222181172994	2994.2232810629944	3002.467095551005	
3002.467095551005	0.43300000000044747	WheelMovementIntervals													0.284869942257977
3003.2460955510055	2.2080000000005384	WheelMovementIntervals													1.3589356182706354
3004.941542463005	2.947010627675354	trials	-1.0	1.0	1.5		0.25	0.2	3006.3153384030065	3006.315246018529	3007.3885310730075	3006.038566083006	3006.039499323006	3006.0610955510065	
3006.0610955510065	2.2680000000009386	WheelMovementIntervals													1.2102216632947744
3008.5153517130084	2.762424259868112	trials	-1.0	1.0	1.5		0.125	0.2	3009.7027662930095	3009.7026608506476	3010.777758783011	3009.1778854530094	3009.1788186930094	3009.4840955510076	
3009.4840955510076	2.673000000000684	WheelMovementIntervals													1.5368607562333025
3011.919677913012	11.6521948035288	trials	1.0	-1.0	0.0		0.0625	0.2	3021.011035353021	3021.0101503137857	3023.0717625930233	3012.7219976730125	3012.7230975630127	3020.6500955510114	
3020.6500955510114	0.8580000000001746	WheelMovementIntervals													-0.7061953579824873
3024.2682762630243	3.4868480626396376	trials	-1.0	1.0	1.5		0.0625	0.2	3026.201216283026	3026.201101796413	3027.255044223027	3024.926877063025	3024.927643653025	3025.902095551013	
3025.902095551013	3.320000000001073	WheelMovementIntervals													0.38224727445030027
3028.3900307130284	4.464920357514529	trials	-1.0	1.0	1.5		0.0625	0.2	3031.3033393530313	3031.3032426906957	3032.354900853032	3029.6269070130297	3029.6279402430296	3030.8160955510148	
3029.8080955510145	0.6330000000002656	WheelMovementIntervals													0.09503550106794734
3030.8160955510148	2.4650000000006003	WheelMovementIntervals													-0.5560683825176511
3033.5122517730338	7.265069469771333	trials	-1.0	1.0	1.5		0.125	0.2	3039.2266136130393	3039.2265048405716	3040.27724187304	3034.010501943034	3034.011568503034	3038.9950955510176	
3038.9950955510176	2.8990000000007967	WheelMovementIntervals													1.5840484756787774
3041.4417254130417	3.185117130326944	trials	-1.0	1.0	1.5		1.0	0.2	3043.062629973043	3043.062532603526	3044.126790213044	3042.6714357630426	3042.672468993043	3042.814095551019	
3042.814095551019	3.4110000000009677	WheelMovementIntervals													2.145703745242365
3045.2714424030455	3.855245973677029	trials	-1.0	1.0	1.5		0.25	0.2	3047.5696792230474	3047.5695680198046	3048.6266735130484	3046.837885743047	3046.8387856530467	3047.0040955510203	
3047.0040955510203	2.153000000000702	WheelMovementIntervals													0.5949746575979944
3049.76959254305	2.6185364683178705	trials	-1.0	1.0	1.5		1.0	0.2	3050.830219803051	3050.8301060977988	3051.8880806730517	3050.4713890230505	3050.4724222530504	3050.6260955510215	
3050.6260955510215	1.9340000000006512	WheelMovementIntervals													0.3984140915399479
3053.020434093053	6.117451469444404	trials	-1.0	1.0	1.5		0.125	0.2	3057.5910436530576	3057.5909710532032	3058.6378389630586	3053.660236773054	3053.6613699930535	3057.0730955510235	
3057.0730955510235	3.120000000001255	WheelMovementIntervals													0.46891442137929573
3059.8044889530597	4.316834558401297	trials	-1.0	1.0	1.5		0.25	0.2	3062.5766117130624	3062.576509218031	3063.6212405730635	3060.743695023061	3060.744628263061	3062.456095551025	
3062.456095551025	0.6120000000005348	WheelMovementIntervals													0.448838393667927
3063.522095551026	0.8009999999999309	WheelMovementIntervals													0.34757747974930453
3064.774025283065	2.6524047498555774	trials	-1.0	1.0	1.5		0.0625	0.2	3065.867615913066	3065.867526416742	3066.926376693067	3065.4099616830654	3065.4109282530653	3065.747095551026	
3065.747095551026	0.34100000000034925	WheelMovementIntervals													0.4003586424433365
3066.5930955510266	0.649000000000342	WheelMovementIntervals													-0.1801822638353343
3068.072828703068	12.654224439526843	trials	-1.0	1.0	1.5		1.0	0.2	3079.174118463079	3079.174036115939	3080.2269465030804	3068.587577223069	3068.5885771230687	3079.058095551031	
3079.058095551031	1.9510000000004766	WheelMovementIntervals													-0.9839187574713222
3081.2830955510317	0.10100000000011278	WheelMovementIntervals													-0.03095099360509579
3081.4443580830816	2.415523928927996	trials	-1.0	1.0	1.5		1.0	0.2	3082.3071717930825	3082.30706591503	3083.3598331830835	3081.970805433082	3081.971772003082	3082.162095551032	
3082.162095551032	1.0330000000003565	WheelMovementIntervals													0.7029749372929857
3084.4999858230844	22.208865238312228	trials	1.0	-1.0	0.0		0.0625	0.2	3104.150220603104	3104.1494293645274	3106.208848053106	3085.054097073085	3085.0550636430853	3104.049095551039	
3104.049095551039	1.8220000000005712	WheelMovementIntervals													-1.5929919309678198
3107.4852537331076	11.606788580001194	trials	1.0	-1.0	0.0		0.0625	0.2	3116.531082393117	3116.530021201897	3118.5919762831186	3107.953773543108	3107.954840103108	3116.3850955510434	
3116.3850955510434	0.8730000000000473	WheelMovementIntervals													-0.5254984407082475
3120.2020485931203	14.151339830222696	trials	1.0	1.0	1.5	0.25		0.2	3132.784056933133	3132.783971137643	3133.8532833331337	3120.836951763121	3120.837718353121	3132.3900955510485	
3132.3900955510485	0.8130000000005566	WheelMovementIntervals													-1.278746078695434
3134.2180955510494	2.253000000000611	WheelMovementIntervals													0.24898321701680715
3135.0843935431353	4.368828447051328	trials	-1.0	1.0	1.5		1.0	0.2	3137.886313323138	3137.886210504158	3138.953173293139	3137.042364393137	3137.043197643137	3137.1560955510504	
3137.1560955510504	2.6920000000009168	WheelMovementIntervals													1.471847073921225
3140.11282398314	11.629795208381893	trials	-1.0	1.0	1.5		0.125	0.2	3150.17681748315	3150.176703775953	3151.2425109031515	3140.5918094131407	3140.5928426431406	3149.9630955510547	
3149.9630955510547	1.2030000000004293	WheelMovementIntervals													0.27844642024351884
3151.456095551055	3.070000000001073	WheelMovementIntervals													0.3581168853409977
3152.4655219231527	10.854172076346458	trials	-1.0	1.0	1.5		0.125	0.2	3161.753093073162	3161.7529818845446	3162.819586413163	3155.2531098031554	3155.2540430431554	3155.477095551056	
3155.477095551056	0.968000000000302	WheelMovementIntervals													0.169200454995881
3161.270095551058	2.853000000000975	WheelMovementIntervals													-0.561754607616578
3164.049796713164	3.5362437448102355	trials	-1.0	-1.0	0.0	0.0625		0.2	3165.017599923165	3165.0166078528196	3167.0859597331673	3164.6252391631647	3164.6262723931645	3164.7690955510593	
3164.7690955510593	0.6870000000003529	WheelMovementIntervals													0.49503384367003633
3168.233944923168	6.091554148244086	trials	-1.0	1.0	1.5		0.0625	0.2	3172.7501932531727	3172.750082843298	3173.825419053174	3168.725495763169	3168.7265623231688	3172.595095551062	
3172.595095551062	1.0140000000005784	WheelMovementIntervals													0.39014949873514837
3174.0570955510625	0.21500000000014552	WheelMovementIntervals													0.03072034555095371
3174.700095551063	0.11499999999978172	WheelMovementIntervals													0.031149577909829418
3174.998601723175	3.593038176788923	trials	1.0	-1.0	0.0		0.0625	0.2	3176.021166123176	3176.0203117259844	3178.091625723178	3175.5195162931755	3175.520849493176	3175.665095551063	
3175.665095551063	0.7430000000003929	WheelMovementIntervals													-0.278000190051813
3179.2487433331794	13.72061574078316	trials	1.0	-1.0	0.0		0.0625	0.2	3190.3986948931906	3190.3978357566193	3192.4692544831923	3179.88594627318	3179.88714615318	3189.929095551068	
3189.929095551068	1.3330000000005384	WheelMovementIntervals													-1.1191532637131374
3193.7147632531937	21.03774889855913	trials	1.0	-1.0	0.0		0.25	0.2	3212.179849893212	3212.1787913027824	3214.2524426132145	3194.4240256531943	3194.4249922231943	3211.938095551075	
3211.938095551075	1.2590000000004693	WheelMovementIntervals													-0.4394078775486747
3215.5328145632157	27.50832326051068	trials	1.0	-1.0	0.0		0.25	0.2	3240.4675875032403	3240.466815117413	3242.5410801332428	3216.1912820432162	3216.1921486232163	3239.8370955510845	
3239.8370955510845	1.5220000000003893	WheelMovementIntervals													-0.67515635791937
3241.610095551085	0.36400000000003274	WheelMovementIntervals													-0.2686148486254325
3243.913842843244	34.25417961689982	trials	1.0	-1.0	0.0		0.0625	0.2	3275.6069398832756	3275.605999695938	3277.6680004232776	3244.4349240632446	3244.4358906332445	3275.2390955510964	
3275.2390955510964	1.885000000000673	WheelMovementIntervals													-0.8519071852900382
3279.0617277032793	31.32257619610209	trials	1.0	-1.0	0.0		0.25	0.2	3307.824317823308	3307.8233794811904	3309.88421181331	3279.62357151328	3279.6245714132797	3307.593095551107	
3307.593095551107	0.43200000000024374	WheelMovementIntervals													-0.48069843366241116
3311.2415094033113	15.58162895863552	trials	1.0	1.0	1.5	1.0		0.2	3325.250108403325	3325.250023544256	3326.3230677633264	3311.922707943312	3311.923641183312	3325.076095551113	
3325.076095551113	2.423000000000684	WheelMovementIntervals													-0.8446980310533121
3327.5756424933275	3.2806075404578223	trials	1.0	1.0	1.5	1.0		0.2	3329.2881378933293	3329.2880448633427	3330.3561977433305	3328.9340066433288	3328.934806563329	3329.1150955511143	
3327.878095551114	0.511000000000422	WheelMovementIntervals													0.07707851993117742
3329.1150955511143	1.248000000000502	WheelMovementIntervals													-0.8529727145869401
3330.719095551115	2.8880000000008295	WheelMovementIntervals													0.5163894881533082
3331.5206479533317	6.019257771893081	trials	1.0	-1.0	0.0		0.0	0.2	3334.969069743335	3334.9681798967026	3337.039862643337	3334.2005466033343	3334.2014131833344	3334.5240955511163	
3334.5240955511163	1.1860000000001492	WheelMovementIntervals													-1.3346485021712695
3338.2315101333384	2.585735288565047	trials	-1.0	1.0	1.5		1.0	0.2	3339.249008373339	3339.248922837963	3340.31716821334	3338.8005532233387	3338.801386473339	3339.0190955511175	
3339.0190955511175	0.43100000000049477	WheelMovementIntervals													0.326233628525479
3339.7120955511177	2.1360000000008768	WheelMovementIntervals													0.3091335298057274
3341.4908508333415	3.442920905405572	trials	-1.0	1.0	1.5		1.0	0.2	3343.3749624033435	3343.3748606314057	3344.4337231833447	3342.4061926233426	3342.4069925433423	3342.510095551119	
3342.510095551119	1.5210000000006403	WheelMovementIntervals													0.3025352665685048
3344.3300955511195	0.16699999999991633	WheelMovementIntervals													-0.020233776755198107
3345.6095722533455	2.7632219760321277	trials	-1.0	1.0	1.5		0.125	0.2	3346.7885876733467	3346.7884803493284	3347.872745913348	3346.3056693033463	3346.3066358733463	3346.62309555112	
3346.62309555112	1.0260000000002947	WheelMovementIntervals													0.3097040693091131
3347.8760955511207	1.412000000000262	WheelMovementIntervals													0.1566277511305998
3349.040295813349	2.3988243413314194	trials	-1.0	1.0	1.5		1.0	0.2	3349.87731210335	3349.8772032589623	3350.939105913351	3349.6002398133496	3349.6012730433495	3349.7520955511213	
3349.7520955511213	0.38400000000001455	WheelMovementIntervals													0.28654474249991324
3350.685095551122	0.08999999999969077	WheelMovementIntervals													0.03239030763131723
3352.101023043352	2.799218605315673	trials	-1.0	1.0	1.5		0.25	0.2	3353.320734393353	3353.320629842517	3354.4001931033545	3352.7669897733526	3352.7678896833527	3352.9350955511222	
3352.9350955511222	1.1370000000006257	WheelMovementIntervals													0.2789952004629299
3354.382095551123	3.376000000001113	WheelMovementIntervals													1.354201238853264
3355.5737424033555	11.1596045459155	trials	-1.0	1.0	1.5		0.25	0.2	3365.1614168733654	3365.161330503968	3366.2333096733664	3358.206212463358	3358.2071790333584	3358.343095551124	
3358.343095551124	0.8810000000003129	WheelMovementIntervals													0.2242940311862327
3364.9090955511265	0.7559999999998581	WheelMovementIntervals													-0.29213796730840613
3365.953095551127	2.0390000000006694	WheelMovementIntervals													0.2973763510693175
3367.4694527133674	11.135376595029356	trials	1.0	-1.0	0.0		0.0625	0.2	3376.018997673376	3376.0181107478716	3378.104822403378	3368.4725523933685	3368.4734189733686	3368.6250955511277	
3368.6250955511277	1.0599999999999454	WheelMovementIntervals													0.21491497492012712
3375.6550955511298	1.2080000000005384	WheelMovementIntervals													-0.9029088999261816
3379.3391322933794	2.527438765659099	trials	-1.0	1.0	1.5		1.0	0.2	3380.2846377333804	3380.284546045942	3381.3664628733814	3379.88321121338	3379.88431110338	3380.0590955511316	
3380.0590955511316	2.604000000000724	WheelMovementIntervals													0.3095058147414633
3382.5398788533826	4.082422252598917	trials	1.0	-1.0	0.0		1.0	0.2	3384.0399288333842	3384.038886289849	3386.122187253386	3383.6722322733835	3383.673265503384	3383.8100955511327	
3383.8100955511327	1.2120000000004438	WheelMovementIntervals													-0.9172943019585276
3387.303102483387	2.980028957979812	trials	-1.0	1.0	1.5		1.0	0.2	3388.6986295833885	3388.6985151065883	3389.7830877933898	3388.033196133388	3388.034229363388	3388.207095551134	
3388.207095551134	2.8190000000008695	WheelMovementIntervals													0.6085245141124673
3390.970935663391	2.8455152566571087	trials	-1.0	1.0	1.5		0.125	0.2	3392.254240653392	3392.2541411906186	3393.3163677633934	3391.6556005233915	3391.6565004333916	3391.8900955511353	
3391.8900955511353	3.058000000000902	WheelMovementIntervals													0.5055699858475933
3394.4858508033944	2.9638328892856407	trials	-1.0	1.0	1.5		0.125	0.2	3395.887477293396	3395.8873649372063	3396.949671063397	3395.4045589233956	3395.4054921633956	3395.5100955511366	
3395.5100955511366	2.267000000000735	WheelMovementIntervals													0.41992873036154776
3398.1190874433983	3.0027266738470644	trials	-1.0	1.0	1.5		0.0	0.2	3399.5635096533997	3399.5633993115216	3400.621703823401	3398.772255453399	3398.773122033399	3398.9120955511376	
3398.9120955511376	3.0930000000012114	WheelMovementIntervals													0.33411422891735043
3401.815017813402	10.823605805233456	trials	-1.0	-1.0	0.0	0.25		0.2	3410.07165873341	3410.070696990593	3412.138585353412	3402.4327227034023	3402.4337559334026	3409.749095551141	
3409.749095551141	0.7310000000002219	WheelMovementIntervals													0.30318194352707906
3413.3721286534133	2.5607108960248297	trials	-1.0	1.0	1.5		1.0	0.2	3414.3700288534146	3414.3699317301675	3415.4327559034155	3413.899442583414	3413.900309163414	3414.079095551143	
3414.079095551143	1.262000000000171	WheelMovementIntervals													-0.8749954366923589
3415.7940955511435	0.17299999999977445	WheelMovementIntervals													0.036062392186266834
3416.605438623417	17.965653545044916	trials	1.0	-1.0	0.0		0.0	0.2	3432.0044652334323	3432.0034685098763	3434.071058553434	3417.2378753734174	3417.238941933417	3431.818095551149	
3431.818095551149	0.8479999999999563	WheelMovementIntervals													-1.1160419243731354
3435.3552967834353	2.9604317563480436	trials	-1.0	1.0	1.5		0.0	0.2	3436.761189513437	3436.761110913771	3437.815684053438	3435.932505723436	3435.933438963436	3436.24809555115	
3436.24809555115	1.2060000000005857	WheelMovementIntervals													0.3149391861433557
3438.494095551151	0.7359999999998763	WheelMovementIntervals													-0.11389604367193584
3438.989633313439	9.36507513777724	trials	1.0	-1.0	0.0		0.0	0.2	3445.787686773446	3445.786786396693	3447.8546800534477	3439.78788681344	3439.78905336344	3445.6140955511532	
3445.6140955511532	1.1210000000005493	WheelMovementIntervals													-0.6129750217165366
3449.5010154034494	2.4311197507568068	trials	1.0	1.0	1.5	1.0		0.2	3450.3705284434504	3450.370421751397	3451.4320889434516	3450.06555894345	3450.0666255034503	3450.238095551155	
3450.238095551155	0.5830000000000837	WheelMovementIntervals													-1.438040580471359
3451.563095551155	1.6990000000005239	WheelMovementIntervals													0.31442727128195
3452.6072380834526	3.958133979505874	trials	1.0	-1.0	0.0		0.125	0.2	3454.004265033454	3454.0034490113103	3456.065292243456	3453.737758353454	3453.7385916034536	3453.886095551156	
3453.886095551156	0.7820000000001528	WheelMovementIntervals													-0.6416393022552569
3457.2438743734574	4.405021224150914	trials	1.0	1.0	1.5	0.0625		0.8	3460.08629010346	3460.0861867777203	3461.1488171734613	3459.7541899834596	3459.75522321346	3459.9400955511583	
3457.383095551157	1.9630000000006476	WheelMovementIntervals													-2.05493912657721
3459.9400955511583	0.6950000000001637	WheelMovementIntervals													-1.0021101909060022
3461.0740955511583	0.8490000000006148	WheelMovementIntervals													0.6034339580854606
3462.3536966734623	8.044986348888415	trials	1.0	1.0	1.5	0.125		0.8	3468.8307489034687	3468.83066377712	3469.89864210347	3463.037361633463	3463.038194883463	3468.680095551161	
3468.680095551161	0.5230000000001382	WheelMovementIntervals													-0.9672189102626518
3469.5980955511614	1.4260000000003856	WheelMovementIntervals													0.41095524897371405
3471.1120874134713	2.4424202860041078	trials	1.0	1.0	1.5	0.125		0.8	3471.981600453472	3471.981493566613	3473.0544598234733	3471.7210265134718	3471.722126403472	3471.869095551162	
3471.869095551162	2.698000000000775	WheelMovementIntervals													-1.4224217432405553
3474.2248094434744	2.957032260313099	trials	-1.0	1.0	1.5		1.0	0.8	3475.622502993476	3475.622423745735	3476.6817303934768	3475.3150670734753	3475.316100303475	3475.482095551163	
3475.482095551163	3.003000000001066	WheelMovementIntervals													0.619830499001992
3477.8531465734777	3.1672145309821644	trials	1.0	1.0	1.5	0.25		0.8	3479.4618523534796	3479.461752429982	3480.5203131634808	3479.1208531234793	3479.1217197034794	3479.3210955511645	
3479.3210955511645	1.8050000000007458	WheelMovementIntervals													-0.7320508127260084
3481.7122606234816	3.9747308165451614	trials	1.0	1.0	1.5	0.25		0.8	3484.121086383484	3484.120977480518	3485.1868797934853	3482.248307013482	3482.2493735734824	3483.0720955511656	
3483.0720955511656	2.7990000000008877	WheelMovementIntervals													-0.7291032854490922
3486.3847933234865	9.996589143059282	trials	1.0	1.0	1.5	0.0625		0.8	3494.824282623495	3494.8241660476306	3495.881276913496	3486.915006963487	3486.916306833487	3494.6590955511697	
3494.6590955511697	0.5180000000000291	WheelMovementIntervals													-0.8215341397134708
3496.25309555117	0.8530000000000655	WheelMovementIntervals													-0.20208355793693045
3497.124885873497	5.689954756005136	trials	1.0	1.0	1.5	0.0		0.8	3501.2487067835013	3501.248624107888	3502.3147335035023	3497.787119643498	3497.788219533498	3498.230095551171	
3498.230095551171	0.45699999999987995	WheelMovementIntervals													0.11384950108489278
3501.105095551172	0.8510000000001128	WheelMovementIntervals													-0.925932245020455
3502.2190955511724	1.7090000000002874	WheelMovementIntervals													0.1761108897456296
3503.5303452635035	2.9011101595160653	trials	1.0	1.0	1.5	0.25		0.8	3504.877743843505	3504.8776485884514	3505.931338473506	3504.5540762135047	3504.5551427735045	3504.763095551173	
3504.763095551173	0.5660000000002583	WheelMovementIntervals													-0.7759351164680126
3505.665095551173	1.0310000000004038	WheelMovementIntervals													0.7870868901530557
3507.108354093507	2.7563481177239737	trials	1.0	1.0	1.5	0.25		0.8	3508.3038678635085	3508.303773660923	3509.3646617735094	3507.787252863508	3507.7881194435076	3507.975095551174	
3507.975095551174	0.6260000000002037	WheelMovementIntervals													-0.3893547820086809
3509.3550955511746	0.7240000000001601	WheelMovementIntervals													-0.24991368044258166
3510.5454103535108	4.374425021933348	trials	1.0	1.0	1.5	0.0625		0.8	3513.3579290735133	3513.3578245118965	3514.4197562135146	3511.3036345235114	3511.3047677435115	3513.172095551176	
3513.172095551176	0.7240000000001601	WheelMovementIntervals													-0.4656279690204457
3514.4660955511763	1.4010000000002947	WheelMovementIntervals													-0.2344091146748113
3515.6226359135158	2.825215429351374	trials	1.0	1.0	1.5	0.0		0.8	3516.889642533517	3516.8895414871845	3517.947836703518	3516.297968373516	3516.2990349335164	3516.472095551177	
3516.472095551177	0.7770000000000437	WheelMovementIntervals													-0.504571108625008
3517.6450955511773	1.2270000000003165	WheelMovementIntervals													-0.16169698627579976
3519.134451363519	9.302891179685048	trials	1.0	-1.0	0.0		0.125	0.8	3525.869977743526	3525.868915197749	3527.937237663528	3519.70352778352	3519.70436103352	3525.74809555118	
3525.74809555118	1.1710000000002765	WheelMovementIntervals													-2.731783323563306
3529.1811465935293	2.522311900220302	trials	1.0	1.0	1.5	0.25		0.8	3530.14635006353	3530.1462499989893	3531.2034443435314	3529.79755161353	3529.7985848435296	3530.0150955511813	
3530.0150955511813	0.5420000000003711	WheelMovementIntervals													-0.8682371562737714
3531.118095551182	1.1440000000002328	WheelMovementIntervals													0.1517662899885721
3532.4005579535324	2.4195193571813434	trials	1.0	1.0	1.5	0.0		0.8	3533.260371963533	3533.260264120904	3534.3199993235344	3533.014329903533	3533.015229813533	3533.1340955511823	
3533.1340955511823	2.0440000000007785	WheelMovementIntervals													-0.7897781727942998
3535.5104802635356	4.726150589347526	trials	1.0	1.0	1.5	0.0625		0.8	3538.6715307935388	3538.6714127609443	3539.73655761354	3536.180679903536	3536.1815464835363	3538.5620955511845	
3538.5620955511845	0.5470000000000255	WheelMovementIntervals													-1.267952631539842
3539.5820955511845	1.1260000000006585	WheelMovementIntervals													0.49750254687986484
3540.950636193541	2.4635171215963965	trials	1.0	1.0	1.5	0.0		0.8	3541.8528459635418	3541.85274136467	3542.914106493543	3541.5142798235415	3541.5151797335416	3541.7160955511854	
3541.7160955511854	1.6970000000005712	WheelMovementIntervals													-0.6133644984603848
3544.1029542635442	2.5497371185233533	trials	1.0	1.0	1.5	1.0		0.8	3545.092888593545	3545.092767508426	3546.152582613546	3544.7029609235447	3544.703794173545	3544.9090955511865	
3544.9090955511865	1.973000000000411	WheelMovementIntervals													-0.5052275852047003
3547.3365975335473	2.4941150081526757	trials	-1.0	1.0	1.5		1.0	0.8	3548.2702041635484	3548.2701020279933	3549.3305981135495	3547.8306814535476	3547.831781343548	3548.0350955511876	
3548.0350955511876	1.050000000000182	WheelMovementIntervals													0.3645638145359058
3549.347095551188	0.7450000000003456	WheelMovementIntervals													0.4394039946296999
3550.5165128435506	6.153244438665752	trials	1.0	1.0	1.5	0.0625		0.8	3555.0989545535554	3555.098844447697	3556.1696808035563	3551.168814273551	3551.169747513551	3554.9400955511896	
3554.9400955511896	0.5830000000005384	WheelMovementIntervals													-0.7097452414875391
3555.98409555119	0.8400000000006003	WheelMovementIntervals													0.18372178516472815
3557.3760601535573	2.377123221281181	trials	1.0	1.0	1.5	0.0625		0.8	3558.181979553558	3558.1818670082494	3559.253172423559	3557.864011353558	3557.865011253558	3558.0570955511907	
3558.0570955511907	0.455000000000382	WheelMovementIntervals													-0.5764891943626651
3559.2560955511913	0.6030000000000655	WheelMovementIntervals													-0.11444747414707734
3560.4477862835606	3.671626946515971	trials	1.0	-1.0	0.0		0.0	0.8	3561.5513425835616	3561.5504934754663	3563.6194024235638	3561.1805796635613	3561.181679553561	3561.359095551192	
3561.359095551192	1.1340000000004693	WheelMovementIntervals													-0.3859983919135175
3564.8283148535647	2.624429540365327	trials	1.0	1.0	1.5	0.125		0.8	3565.892341773566	3565.892226018087	3566.952669063567	3565.5637746335656	3565.5646412135657	3565.7620955511934	
3565.7620955511934	0.5990000000001601	WheelMovementIntervals													-0.8462029990754161
3566.7770955511937	1.0740000000005239	WheelMovementIntervals													0.11774738956161457
3568.146449673568	2.6231298817797324	trials	1.0	1.0	1.5	0.0625		0.8	3569.2084767935694	3569.2083605560088	3570.2694706835705	3568.830481263569	3568.831614483569	3569.0300955511943	
3569.0300955511943	1.791000000000622	WheelMovementIntervals													-0.4004753876946623
3571.4719837535713	9.330487309187902	trials	1.0	1.0	1.5	0.25		0.8	3579.2368405235793	3579.236754747324	3580.3024006235805	3572.146949583572	3572.147916153572	3579.0910955511977	
3579.0910955511977	0.41000000000030923	WheelMovementIntervals													-0.765459941950354
3580.1250955511982	0.5140000000001237	WheelMovementIntervals													-0.41070577894670635
3581.5495758935817	2.4528160602535536	trials	1.0	1.0	1.5	1.0		0.8	3582.4278880535826	3582.427780927708	3583.5023139335835	3582.0800561735823	3582.080822763582	3582.2860955511987	
3582.2860955511987	0.555000000000291	WheelMovementIntervals													-0.6959709678320465
3583.4370955511995	1.068000000000211	WheelMovementIntervals													0.23215333616067113
3584.7018939635846	2.5508085626620414	trials	1.0	1.0	1.5	1.0		0.8	3585.6773964035856	3585.6772964730776	3586.7526222035867	3585.3302311235852	3585.3311310335853	3585.5280955512	
3585.5280955512	0.6580000000003565	WheelMovementIntervals													-0.5125553258814222
3586.4820955512005	1.4150000000004184	WheelMovementIntervals													0.22536638925554087
3587.951302323588	2.5287367931887275	trials	1.0	1.0	1.5	0.125		0.8	3588.910839693589	3588.910715144859	3589.97999943359	3588.5802060935885	3588.5811060035885	3588.732095551201	
3588.732095551201	0.6350000000002183	WheelMovementIntervals													-0.47830931580552516
3589.6890955512013	0.8670000000001892	WheelMovementIntervals													0.2097285124439381
3591.1854455435914	2.544808651697167	trials	1.0	1.0	1.5	1.0		0.8	3592.164947583592	3592.1648481035836	3593.2301743835933	3591.819415473592	3591.820415373592	3591.966095551202	
3591.966095551202	0.44000000000005457	WheelMovementIntervals													-0.39146933071027235
3592.8920955512026	1.1600000000003092	WheelMovementIntervals													0.45557554325731076
3594.4335540335946	9.18550010703484	trials	1.0	1.0	1.5	0.25		0.8	3602.041626483602	3602.041535291716	3603.118918743603	3594.985698813595	3594.986698713595	3601.9010955512053	
3601.9010955512053	0.45600000000013097	WheelMovementIntervals													-0.7463369795278538
3602.879095551206	1.6880000000005566	WheelMovementIntervals													0.3608665124447157
3604.3711601736045	3.714421407534246	trials	1.0	1.0	1.5	1.0		0.8	3606.5057800236063	3606.505671326243	3607.5855387036077	3606.1301842536063	3606.131317473606	3606.347095551207	
3604.9500955512067	0.5059999999998581	WheelMovementIntervals													-0.06565824084719196
3606.347095551207	1.787000000000262	WheelMovementIntervals													-0.6675167508059374
3608.805683343609	2.3743226006663463	trials	1.0	1.0	1.5	0.25		0.8	3609.6178021236096	3609.617690388939	3610.679962563611	3609.2798692536094	3609.280902483609	3609.469095551208	
3609.469095551208	1.6270000000008622	WheelMovementIntervals													-0.3235936955339582
3611.872609953612	8.573863487601102	trials	1.0	1.0	1.5	0.0		0.8	3618.879175893619	3618.8790602004838	3619.94643582362	3612.5857386336124	3612.5869051836125	3618.621095551211	
3618.621095551211	0.44800000000032014	WheelMovementIntervals													-0.5113055046297177
3619.6740955512114	0.8350000000004911	WheelMovementIntervals													0.10725344987905316
3621.2025768636213	2.343823420321769	trials	1.0	1.0	1.5	1.0		0.8	3621.971100003622	3621.970983886132	3623.046292473623	3621.7018935936217	3621.7027935036217	3621.8550955512123	
3621.8550955512123	1.9260000000003856	WheelMovementIntervals													-0.8187451499097307
3624.2565047736243	10.229196719264564	trials	1.0	-1.0	0.0		0.0625	0.8	3631.900040343632	3631.8991755424418	3633.985631763634	3624.935303553625	3624.936436773625	3631.7170955512156	
3631.7170955512156	1.0289999999999964	WheelMovementIntervals													-0.6238064181171694
3635.238506463635	2.4632159601346757	trials	1.0	1.0	1.5	0.25		0.8	3636.129817323636	3636.129711152681	3637.201643463637	3635.912839023636	3635.913705603636	3636.034095551217	
3636.034095551217	0.8540000000002692	WheelMovementIntervals													-1.4195311411528735
3637.5650955512174	0.7570000000000618	WheelMovementIntervals													-0.10860437196217987
3638.4049231236386	3.4970403331085436	trials	1.0	-1.0	0.0		0.125	0.8	3639.3246644736396	3639.3236329314445	3641.4019233936415	3639.046192323639	3639.046992243639	3639.170095551218	
3639.170095551218	0.7100000000004911	WheelMovementIntervals													-0.8089828031160451
3642.6210681336424	3.3083277149662536	trials	1.0	-1.0	0.0		0.25	0.2	3643.3639605036433	3643.362973900327	3645.4293539436453	3643.0961539536434	3643.097287173643	3643.2580955512194	
3643.2580955512194	1.0210000000001855	WheelMovementIntervals													-2.075150315618515
3646.6414993836465	12.021198695169005	trials	1.0	-1.0	0.0		0.0625	0.2	3656.0984869236563	3656.0976754464887	3658.1626471536583	3647.3351300136474	3647.3362299036476	3655.9860955512236	
3655.9860955512236	0.6690000000003238	WheelMovementIntervals													-0.8001537388881417
3659.90650608366	3.0117247595790104	trials	-1.0	1.0	1.5		0.25	0.2	3661.3386961836613	3661.3386164305944	3662.4181548936626	3660.3841583136605	3660.3851248836604	3660.8760955512253	
3660.8760955512253	1.3380000000001928	WheelMovementIntervals													0.2787086407880537
3662.671095551226	1.498000000000502	WheelMovementIntervals													-0.14262116680227166
3663.6366330336637	3.264832825806934	trials	1.0	1.0	1.5	0.25		0.2	3665.325530793665	3665.325448461799	3666.4013898636663	3664.962567093665	3664.963400343665	3665.1730955512267	
3665.1730955512267	2.097000000000662	WheelMovementIntervals													-0.5764767230161425
3667.6068693036677	2.511212192569019	trials	-1.0	1.0	1.5		0.25	0.2	3668.5455754236687	3668.545472739529	3669.61800150367	3668.129117073668	3668.130050313668	3668.3580955512275	
3668.3580955512275	2.448000000000775	WheelMovementIntervals													0.6430303628088865
3670.822181073671	2.5234353754167387	trials	-1.0	1.0	1.5		0.25	0.2	3671.7820850736716	3671.7819933879646	3672.845512053673	3671.2956337236715	3671.2967002836713	3671.4490955512288	
3671.4490955512288	2.0880000000006476	WheelMovementIntervals													0.8005702494542817
3674.071622763674	8.6239590878954	trials	1.0	1.0	1.5	0.125		0.2	3681.132283293681	3681.132168683553	3682.195543623682	3674.5510748136744	3674.5520080536744	3679.1270955512314	
3679.1270955512314	4.006000000001222	WheelMovementIntervals													-1.1645192206623562
3683.4600838236834	2.6521246773395433	trials	-1.0	1.0	1.5		0.125	0.2	3684.5386092936847	3684.5384930447626	3685.6121019336856	3684.034759683684	3684.0355929336843	3684.183095551233	
3684.183095551233	1.173000000000684	WheelMovementIntervals													0.3672977878572823
3685.6420955512335	0.5950000000002547	WheelMovementIntervals													0.035904857288485914
3686.837612703687	2.847237083541586	trials	-1.0	1.0	1.5		0.0	0.2	3688.112618523688	3688.112527965369	3689.184744633689	3687.3843913536875	3687.385224603687	3687.565095551234	
3687.565095551234	2.480000000000473	WheelMovementIntervals													0.8789614412190474
3690.4096554636903	3.2191062238616723	trials	1.0	1.0	1.5	0.25		0.2	3692.0638566936923	3692.063757634075	3693.128683533693	3690.8953402236907	3690.896173473691	3691.0530955512354	
3691.0530955512354	2.7960000000007312	WheelMovementIntervals													-0.9786677023342634
3694.3574606436946	2.8546352441953786	trials	-1.0	1.0	1.5		0.125	0.2	3695.6437986636956	3695.643675622555	3696.7119918336966	3695.084187963695	3695.085154533695	3695.2600955512366	
3695.2600955512366	2.4650000000006003	WheelMovementIntervals													0.8365273439642635
3697.939902363698	3.9719285364176358	trials	-1.0	-1.0	0.0	0.125		0.2	3699.344461893699	3699.3435117411996	3701.4118218037015	3698.633766303699	3698.6347995336987	3698.782095551238	
3698.782095551238	0.9730000000004111	WheelMovementIntervals													0.39477220764014476
3702.6263336737024	2.7245211681120054	trials	-1.0	1.0	1.5		0.25	0.2	3703.7777518537036	3703.777641351047	3704.8508445337047	3703.2341395537032	3703.2350727937032	3703.5690955512396	
3703.5690955512396	2.115000000000691	WheelMovementIntervals													0.39530766663807526
3706.063456593706	2.4206410857541414	trials	-1.0	1.0	1.5		1.0	0.2	3706.910071923707	3706.9099702622448	3707.984031183708	3706.5454083937066	3706.5463749637065	3706.6730955512403	
3706.6730955512403	2.0700000000006185	WheelMovementIntervals													0.30551162897677386
3709.2201075637095	2.5467069461892606	trials	-1.0	1.0	1.5		0.25	0.2	3710.19271029371	3710.192609452493	3711.2667695437112	3709.6950933937096	3709.6960266337096	3709.8640955512415	
3709.8640955512415	2.410000000000764	WheelMovementIntervals													1.4574840371124154
3712.4896139137127	2.5390340212024967	trials	1.0	1.0	1.5	1.0		0.2	3713.4571171537136	3713.4570261142985	3714.5285766637144	3713.111851683713	3713.1129849037134	3713.306095551243	
3713.306095551243	2.4690000000005057	WheelMovementIntervals													-0.6676612421986334
3715.7453549737156	12.149600175342584	trials	1.0	-1.0	0.0		0.125	0.2	3725.3331960937253	3725.33233244168	3727.3948565737273	3716.5506744337167	3716.5516076737167	3725.176095551247	
3725.176095551247	0.8780000000001564	WheelMovementIntervals													-0.5729903836531776
3728.6974596337286	6.803140850885939	trials	1.0	1.0	1.5	0.25		0.2	3733.916704323734	3733.9165886715896	3735.000562593735	3729.216841023729	3729.2178409237295	3733.4740955512493	
3733.4740955512493	2.834000000001197	WheelMovementIntervals													-0.8321639401044365
3736.275101793736	2.802939202485504	trials	-1.0	1.0	1.5		0.25	0.2	3737.5024123837375	3737.502317644334	3738.5780048137385	3736.894706493737	3736.895773053737	3737.1200955512504	
3737.1200955512504	0.6760000000003856	WheelMovementIntervals													0.32579674312579243
3738.069095551251	2.1060000000006767	WheelMovementIntervals													0.28095068718215543
3739.81724754374	7.94915856271291	trials	-1.0	1.0	1.5		0.0625	0.2	3746.183577513746	3746.183492042263	3747.2663692237475	3740.950700853741	3740.951734083741	3741.123095551252	
3741.123095551252	0.9840000000003783	WheelMovementIntervals													0.17828953794210634
3745.9580955512533	2.460000000000946	WheelMovementIntervals													-0.4663205713014804
3748.5400085137485	3.9773268736039427	trials	1.0	-1.0	0.0		0.0625	0.2	3749.93433573375	3749.9332168763763	3752.017294083752	3749.1778447237493	3749.178977943749	3749.5310955512546	
3749.5310955512546	1.0580000000004475	WheelMovementIntervals													-0.38108608786698994
3753.256436823753	2.6879215678054607	trials	-1.0	1.0	1.5		0.0625	0.2	3754.371358653754	3754.3712445246965	3755.4443180137555	3753.877841343754	3753.8786079337538	3754.1800955512563	
3754.1800955512563	2.7950000000009823	WheelMovementIntervals													0.49321232243772783
3756.685860513757	3.2086331922623685	trials	-1.0	1.0	1.5		1.0	0.2	3758.3223968437583	3758.3222764219363	3759.3944562937595	3757.5833040937578	3757.5842373337578	3757.7410955512573	
3757.7410955512573	2.5180000000009386	WheelMovementIntervals													0.9279325312203355
3760.6348989037606	2.7593176465402394	trials	-1.0	1.0	1.5		0.0	0.2	3761.822413473762	3761.822305206548	3762.894106293763	3761.2666690537612	3761.2675356337613	3761.3930955512587	
3761.3930955512587	0.6700000000000728	WheelMovementIntervals													0.3158007739434936
3762.4780955512592	0.20499999999992724	WheelMovementIntervals													-0.020406354806013383
3764.116417383764	2.4505405630761743	trials	-1.0	1.0	1.5		1.0	0.2	3764.995629453765	3764.9955308592425	3766.066855653766	3764.6504639737645	3764.651497203765	3764.81609555126	
3764.81609555126	2.247000000000753	WheelMovementIntervals													-0.3942270100252472
3767.2954661137674	10.420574201451018	trials	-1.0	1.0	1.5		0.25	0.2	3776.164045833776	3776.1639275610323	3777.2160072937772	3767.844144573768	3767.845111143768	3768.020095551261	
3768.020095551261	0.8250000000002728	WheelMovementIntervals													0.2609202568720477
3775.6670955512636	2.561000000000604	WheelMovementIntervals													-0.784864086309824
3778.5168438637784	10.39357657551136	trials	1.0	1.0	1.5	0.25		0.2	3787.3523268937874	3787.3522072588707	3788.4103544137884	3779.043924483779	3779.045024373779	3786.9170955512673	
3786.9170955512673	0.9410000000002583	WheelMovementIntervals													-0.7781641275408617
3788.549095551268	1.3760000000006585	WheelMovementIntervals													0.9451980882178006
3789.71242419379	6.298155084009068	trials	1.0	1.0	1.5	0.0625		0.2	3794.4542832937946	3794.454164159552	3795.5105443237953	3790.582670493791	3790.5835704037904	3793.9580955512697	
3793.9580955512697	0.7970000000000255	WheelMovementIntervals													-0.6393562482031854
3795.62709555127	1.0060000000003129	WheelMovementIntervals													0.15569282942065854
3796.782483783797	3.4114457844702883	trials	1.0	-1.0	0.0		0.0	0.2	3797.6371983037975	3797.636394493074	3799.6938259537997	3797.3326954237973	3797.3335286737974	3797.497095551271	
3797.497095551271	0.7310000000002219	WheelMovementIntervals													-0.9729007696300442
3800.928735783801	12.304286799276724	trials	1.0	-1.0	0.0		0.0625	0.2	3810.6753943538106	3810.6745021580805	3812.7329552438127	3801.5994020438015	3801.600468603802	3810.118095551275	
3810.118095551275	1.4410000000002583	WheelMovementIntervals													-0.4405082446617712
3814.034825043814	2.71411914940154	trials	-1.0	1.0	1.5		1.0	0.2	3815.1683450138153	3815.1682317877485	3816.2488369538164	3814.6602291638146	3814.661029083815	3814.8590955512764	
3814.8590955512764	2.553000000001248	WheelMovementIntervals													-0.5710657317462307
3817.4952456338174	2.581429321410724	trials	-1.0	1.0	1.5		1.0	0.2	3818.5138770938183	3818.513756413563	3819.5766374738196	3817.993562463818	3817.994329053818	3818.1530955512776	
3818.1530955512776	2.4870000000009895	WheelMovementIntervals													0.39735888158780597
3820.810680723821	2.6663223853643103	trials	-1.0	1.0	1.5		1.0	0.2	3821.910404073822	3821.9102891308758	3822.976964073823	3821.5324752038214	3821.5333084538215	3821.662095551279	
3821.662095551279	2.337000000000444	WheelMovementIntervals													0.4386811748435093
3824.216606763824	2.782839663078448	trials	-1.0	1.0	1.5		1.0	0.2	3825.4210196438253	3825.4209226303246	3826.4994117938263	3824.815713513825	3824.816613423825	3824.96509555128	
3824.96509555128	2.259000000000924	WheelMovementIntervals													0.28590740165113004
3827.750653323828	21.598249921161823	trials	1.0	-1.0	0.0		0.0	0.2	3846.780050193847	3846.7790836449194	3848.848809963849	3828.2435040338282	3828.2445705938285	3846.259095551287	
3846.259095551287	1.3590000000003783	WheelMovementIntervals													-0.6630639966577121
3850.2102071438503	12.73280709205983	trials	1.0	1.0	1.5	0.0625		0.8	3861.3708243038614	3861.37069838206	3862.4429170838625	3850.926502173851	3850.927368753851	3861.078095551292	
3861.078095551292	0.7630000000003747	WheelMovementIntervals													-0.7203618175951476
3862.913095551293	1.731000000000222	WheelMovementIntervals													0.21869695745816387
3863.767217973864	15.09223447860586	trials	-1.0	-1.0	0.0	0.0625		0.8	3876.2964649238766	3876.295627947393	3878.3594252738785	3865.4321847938654	3865.4332180238653	3876.093095551297	
3876.093095551297	1.7410000000004402	WheelMovementIntervals													-0.4735075788546794
3879.70035783388	4.075544901358626	trials	1.0	-1.0	0.0		1.0	0.8	3881.2107401138815	3881.2097737227964	3883.2758335838835	3880.28216631388	3880.28309955388	3880.4890955512983	
3880.4890955512983	1.7370000000009895	WheelMovementIntervals													-0.5372609655344576
3884.5253086238845	36.20007606084346	trials	-1.0	-1.0	0.0	0.125		0.8	3918.1554119439184	3918.154563221744	3920.22530493392	3885.1315813238853	3885.132714543885	3918.012095551311	
3918.012095551311	0.5	WheelMovementIntervals													0.3075741901982383
3921.706690113922	9.8016993048318	trials	1.0	1.0	1.5	0.0		0.8	3929.94466623393	3929.9445718942	3931.008293193931	3922.4314509639225	3922.4327175039225	3924.5110955513132	
3924.5110955513132	0.8690000000001419	WheelMovementIntervals													0.15976967378655615
3929.2480955513147	0.0660000000002583	WheelMovementIntervals													-0.02493242304137766
3929.834095551315	0.4730000000004111	WheelMovementIntervals													-0.28034422032087036
3931.2690955513153	0.17800000000033833	WheelMovementIntervals													-0.1026663065098603
3931.9490955513156	1.8960000000006403	WheelMovementIntervals													-1.6987759148910015
3932.3187954639325	13.495294170900252	trials	1.0	1.0	1.5	0.125		0.8	3944.2491689739445	3944.2490769460233	3945.3140624739453	3934.4145525339345	3934.4156190939343	3943.9570955513195	
3934.8720955513168	0.07400000000006912	WheelMovementIntervals													0.017618350986595033
3943.9570955513195	3.558000000001357	WheelMovementIntervals													-2.109858654003631
3946.6704934839468	13.18782451254583	trials	1.0	1.0	1.5	0.0625		0.8	3958.297897293958	3958.2978006178932	3959.3582245839593	3947.941466373948	3947.942499603948	3958.0750955513245	
3958.0750955513245	0.8560000000002219	WheelMovementIntervals													-0.8966962942764809
3959.349095551325	1.6070000000004256	WheelMovementIntervals													-0.38795183301202485
3960.708922833961	3.80520983162387	trials	1.0	-1.0	0.0		0.0	0.8	3961.943666013962	3961.942425372672	3964.014092283964	3961.5638040039616	3961.5646705839617	3961.8010955513255	
3961.8010955513255	1.3390000000003965	WheelMovementIntervals													-0.9067779968501526
3965.2810322439655	2.577234814106305	trials	1.0	1.0	1.5	1.0		0.8	3966.2868649839666	3966.28674465876	3967.3582245039674	3965.974529553966	3965.975296143966	3966.170095551327	
3966.170095551327	0.6130000000002838	WheelMovementIntervals													-1.334541905224512
3967.4160955513275	1.6880000000005566	WheelMovementIntervals													-1.6842230879096292
3969.137879853969	2.3534200726821837	trials	1.0	1.0	1.5	0.0		0.8	3969.93310032397	3969.932985959849	3970.991261163971	3969.6308305539696	3969.63193044397	3969.8170955513283	
3969.8170955513283	0.6590000000001055	WheelMovementIntervals													-0.7151670455006496
3970.8470955513285	0.4090000000001055	WheelMovementIntervals													0.08789123707430235
3971.713095551329	0.21199999999998909	WheelMovementIntervals													-0.03920013134914768
3972.2332036239723	2.6640225194150844	trials	1.0	1.0	1.5	1.0		0.8	3973.3306272039736	3973.3305120759005	3974.3971205439743	3972.9970605639733	3972.997893813973	3973.1800955513295	
3973.1800955513295	0.48500000000012733	WheelMovementIntervals													-0.6950320065518696
3974.2500955513297	1.3610000000007858	WheelMovementIntervals													0.20621695487697878
3975.6373298439757	12.62041580892219	trials	1.0	-1.0	0.0		0.0	0.8	3985.701789963986	3985.7010205967545	3987.757651023988	3976.1578777839763	3976.1588776839762	3985.5540955513334	
3985.5540955513334	1.073000000000775	WheelMovementIntervals													-1.3964443013038021
3989.0895511539893	2.8737049136884707	trials	1.0	1.0	1.5	0.0625		0.8	3990.3969537339904	3990.39685247948	3991.4632137639915	3989.77961547399	3989.7804487239896	3990.247095551335	
3990.247095551335	0.5510000000003856	WheelMovementIntervals													-0.9403520621668662
3991.5170955513354	1.0900000000006003	WheelMovementIntervals													-0.32928549812903896
3992.7190548339927	2.505433121625174	trials	1.0	1.0	1.5	1.0		0.8	3993.657261003994	3993.6571664868916	3994.7244209439946	3993.3409259739933	3993.3420258639935	3993.518095551336	
3993.518095551336	0.3920000000002801	WheelMovementIntervals													-0.6595249713394509
3994.4200955513365	1.0630000000005566	WheelMovementIntervals													-0.13847715559585083
3995.980295343996	8.777371727653644	trials	1.0	1.0	1.5	0.25		0.8	4003.2002399440034	4003.200152698718	4004.2575675340045	3996.5630703939964	3996.5640036339964	4003.0110955513396	
4003.0110955513396	0.7300000000000182	WheelMovementIntervals													-0.6095580948642549
4004.31109555134	2.5870000000008986	WheelMovementIntervals													0.1254275974988417
4005.5522713840055	3.8051379344410634	trials	1.0	1.0	1.5	0.25		0.8	4007.800879834008	4007.8007926182827	4008.857340844009	4007.4802452340077	4007.4812451340076	4007.669095551341	
4007.669095551341	0.3690000000001419	WheelMovementIntervals													-0.5307639251508789
4008.7010955513415	1.718000000000302	WheelMovementIntervals													0.19868775417964457
4010.1204145240104	2.8703315039347217	trials	1.0	1.0	1.5	1.0		0.8	4011.4275171340114	4011.427427958709	4012.4906108140126	4011.029956894011	4011.030856804011	4011.027095551342	
4011.027095551342	0.5390000000002146	WheelMovementIntervals													-0.3859672589661898
4012.6170955513426	0.637000000000171	WheelMovementIntervals													0.5897142081008866
4013.747251804014	10.526762967935156	trials	1.0	1.0	1.5	0.0		0.8	4022.7151215940225	4022.715002890708	4023.7739490340236	4014.2630335540143	4014.2641667740145	4022.567095551346	
4022.567095551346	0.41200000000026193	WheelMovementIntervals													-0.8197899278708007
4023.7250955513464	2.5800000000008367	WheelMovementIntervals													-0.6613849340802744
4025.099416474025	6.891059768617652	trials	1.0	1.0	1.5	0.0625		0.8	4030.4300833540306	4030.4299611606493	4031.4904106440317	4027.179675094027	4027.1810416240273	4030.3270955513485	
4030.3270955513485	2.134000000000924	WheelMovementIntervals													-0.9229028334507632
4032.787480924033	2.386316023695599	trials	1.0	1.0	1.5	1.0		0.8	4033.6151981440335	4033.6150857876296	4034.6737256140345	4033.3626900640334	4033.3636566340333	4033.5000955513497	
4033.5000955513497	0.36200000000008004	WheelMovementIntervals													-0.8003872003326933
4034.77309555135	0.718000000000302	WheelMovementIntervals													-0.18929694905280314
4035.935499424036	7.410372867741444	trials	1.0	1.0	1.5	0.0		0.8	4041.7542508240417	4041.7541550696824	4042.845808324043	4036.5460383640366	4036.5469382740366	4041.5920955513525	
4041.5920955513525	0.5889999999999418	WheelMovementIntervals													-0.5868163006493319
4043.331095551353	1.094000000000051	WheelMovementIntervals													-0.09863803352337186
4044.149177974044	2.7967364264200114	trials	1.0	1.0	1.5	1.0		0.8	4045.3789883140453	4045.3788926715174	4046.4458149540465	4045.073818834045	4045.074885394045	4045.2520955513537	
4045.2520955513537	0.47299999999995634	WheelMovementIntervals													-0.8319733150578514
4046.792095551354	1.0360000000000582	WheelMovementIntervals													0.7691016233321193
4047.7218206740476	10.873390442426626	trials	1.0	1.0	1.5	0.0625		0.8	4057.002492514057	4057.0023961607712	4058.095116574058	4048.3070621440484	4048.3082286940485	4056.8430955513572	
4056.8430955513572	0.4390000000003056	WheelMovementIntervals													-0.6849443037352785
4057.8740955513576	2.079000000000633	WheelMovementIntervals													0.36641642938134567
4059.4346159440593	2.7555130942528194	trials	1.0	1.0	1.5	0.25		0.8	4060.6040323240604	4060.6039206519163	4061.6900570440616	4060.2566670640604	4060.25773362406	4060.4260955513587	
4060.4260955513587	0.5100000000002183	WheelMovementIntervals													-0.5998538747350892
4062.117095551359	0.6070000000004256	WheelMovementIntervals													0.6407939157363245
4062.959030134063	10.536293170668614	trials	1.0	1.0	1.5	1.0		0.8	4071.904902124072	4071.904806692929	4072.995226414073	4063.4457481240634	4063.4466813640634	4071.751095551362	
4071.751095551362	0.41600000000016735	WheelMovementIntervals													-0.7218912880460806
4073.0620955513627	0.8980000000001382	WheelMovementIntervals													-0.10312170327647152
4074.3190273540745	2.5098336150367686	trials	1.0	1.0	1.5	1.0		0.8	4075.238035444075	4075.237938562985	4076.3287263640764	4074.939931924075	4074.940931824075	4075.1060955513635	
4075.1060955513635	0.4070000000001528	WheelMovementIntervals													-0.670097145566217
4076.1270955513637	1.311000000000604	WheelMovementIntervals													0.2648682901912309
4077.5867672140776	2.586601687397888	trials	1.0	1.0	1.5	1.0		0.8	4078.5891669640787	4078.5890667054487	4079.6732918740795	4078.223170234078	4078.224536764078	4078.3930955513647	
4078.3930955513647	0.581000000000131	WheelMovementIntervals													-0.42916005284173764
4079.282095551365	1.0530000000003383	WheelMovementIntervals													-0.29488001861886914
4080.936765514081	10.975013559997478	trials	1.0	1.0	1.5	0.125		0.8	4090.3275596740905	4090.327460969632	4091.4116845840913	4081.5620696440815	4081.5632028640816	4090.1150955513685	
4090.1150955513685	0.705000000000382	WheelMovementIntervals													-0.5576348547490255
4091.383095551369	1.0100000000002183	WheelMovementIntervals													0.09703988742717229
4092.7361854540927	3.725914753194502	trials	1.0	-1.0	0.0		0.125	0.8	4093.872738454094	4093.8715893403937	4095.961996174096	4093.5062084440938	4093.5070750240934	4093.66809555137	
4093.66809555137	0.6730000000002292	WheelMovementIntervals													-0.3034403856212009
4097.238301864098	2.4735333414637353	trials	1.0	1.0	1.5	0.0		0.8	4098.122413444098	4098.122313422554	4099.211771164099	4097.756083414098	4097.757016654098	4097.997095551372	
4097.997095551372	0.5039999999999054	WheelMovementIntervals													-1.0057212798291602
4098.790095551371	0.1999999999998181	WheelMovementIntervals													0.061324790248662
4099.462095551372	1.1310000000003129	WheelMovementIntervals													0.14294996396057513
4100.4895433741	2.6224251875974005	trials	1.0	1.0	1.5	1.0		0.8	4101.534338884102	4101.534252213086	4102.611931114103	4101.2393350541015	4101.240334954101	4101.405095551373	
4101.405095551373	0.3760000000002037	WheelMovementIntervals													-0.5106083921384368
4102.799095551373	0.4539999999997235	WheelMovementIntervals													-0.08678106548774167
4103.869871974104	8.658451714043622	trials	1.0	1.0	1.5	0.0		0.8	4110.950530504111	4110.950411810525	4112.028289384112	4104.639495004105	4104.640628224105	4110.723095551376	
4110.723095551376	0.41600000000016735	WheelMovementIntervals													-0.4770966887992927
4111.805095551376	1.4000000000005457	WheelMovementIntervals													0.2289066969389495
4113.336325234113	2.625522305962477	trials	-1.0	1.0	1.5		0.25	0.8	4114.382453944115	4114.382333324009	4115.461845994116	4113.939364924114	4113.940198174114	4114.207095551377	
4114.207095551377	2.6400000000003274	WheelMovementIntervals													0.32552821089231543
4116.739451554116	8.138968123236737	trials	1.0	1.0	1.5	1.0		0.8	4123.2885299141235	4123.288403954982	4124.3783875841245	4117.372588234118	4117.373521474117	4123.16409555138	
4123.16409555138	0.5709999999999127	WheelMovementIntervals													-0.9288854670745081
4124.433095551381	1.0349999999998545	WheelMovementIntervals													-0.2237677750619298
4125.689123164126	2.6061256362399945	trials	1.0	1.0	1.5	0.25		0.8	4126.7190534941265	4126.718932108822	4127.795212534128	4126.305828154126	4126.306761394127	4126.542095551381	
4126.542095551381	0.38700000000062573	WheelMovementIntervals													-0.5916944837284035
4127.851095551381	0.8550000000004729	WheelMovementIntervals													0.8004149866317363
4129.062452464129	3.4154417349063806	trials	-1.0	-1.0	0.0	0.0		0.8	4129.89173619413	4129.8906618569445	4131.977860894132	4129.555603144129	4129.556736364129	4129.492095551382	
4129.492095551382	0.8680000000003929	WheelMovementIntervals													0.36383653959397577
4133.253399994133	3.108237762963654	trials	-1.0	1.0	1.5		0.25	0.8	4134.780313954135	4134.78021756149	4135.861539154136	4133.922266434134	4133.923366324134	4134.2020955513835	
4134.2020955513835	2.7490000000007058	WheelMovementIntervals													0.27556287167979576
4137.139244704137	2.5831017735899877	trials	1.0	1.0	1.5	1.0		0.8	4138.137444874138	4138.137344230257	4139.22233637414	4137.855706384138	4137.856639624138	4138.021095551385	
4138.021095551385	0.4360000000006039	WheelMovementIntervals													-0.8778740230470987
4138.838095551385	0.524000000000342	WheelMovementIntervals													0.12110839761929526
4140.48814311414	2.6840431780246945	trials	1.0	1.0	1.5	0.125		0.8	4141.591566094142	4141.591460040996	4142.6720580341425	4141.261399114142	4141.262332354141	4141.440095551386	
4141.440095551386	0.4320000000006985	WheelMovementIntervals													-0.6207333861446926
4142.198095551386	1.2670000000007349	WheelMovementIntervals													0.4510968187847624
4143.955796314144	2.672318220136731	trials	1.0	1.0	1.5	1.0		0.8	4145.065385344145	4145.065303048504	4146.128012404146	4144.660759144144	4144.6615923941445	4144.867095551387	
4144.867095551387	0.47400000000016007	WheelMovementIntervals													-0.4566487438155207
4145.827095551387	1.2490000000007058	WheelMovementIntervals													0.3643306038846532
4147.412317294147	13.192790140909892	trials	1.0	1.0	1.5	0.25		0.8	4159.049220154159	4159.049095039353	4160.10501456416	4148.055286324148	4148.056219564148	4158.901095551392	
4158.901095551392	0.5529999999998836	WheelMovementIntervals													-0.6451566706528524
4160.051095551392	1.3310000000010405	WheelMovementIntervals													0.33251853260414066
4161.471611224161	2.5061307149608183	trials	1.0	1.0	1.5	1.0		0.8	4162.405351174162	4162.405221921366	4163.4776772641635	4162.0939823141625	4162.095082204162	4162.260095551393	
4162.260095551393	0.6900000000005093	WheelMovementIntervals													-0.6688291185493398
4163.544095551393	0.9630000000006476	WheelMovementIntervals													0.17944171530938036
4164.761048914164	2.32752067153433	trials	1.0	1.0	1.5	1.0		0.8	4165.5275722541655	4165.5274547330455	4166.588499484166	4165.221802834165	4165.222702744165	4165.307095551394	
4165.307095551394	0.7620000000006257	WheelMovementIntervals													-0.3547533639018212
4166.351095551395	1.069999999999709	WheelMovementIntervals													0.2706463031567239
4167.858872434168	2.60222275324395	trials	1.0	1.0	1.5	1.0		0.8	4168.889469364169	4168.889380652676	4169.96106219417	4168.560635584168	4168.561668814169	4168.737095551395	
4168.737095551395	1.9420000000009168	WheelMovementIntervals													-0.5520157618435206
4171.254399514171	10.900687412855405	trials	1.0	-1.0	0.0		1.0	0.8	4179.6008981141795	4179.600164907813	4181.655026014182	4171.8385077641715	4171.839640984172	4172.070095551397	
4172.070095551397	0.8270000000002256	WheelMovementIntervals													0.26748711661200275
4179.4450955513985	0.9240000000008877	WheelMovementIntervals													-1.6092434186424924
4182.999591544183	29.421653111486194	trials	1.0	-1.0	0.0		0.25	0.8	4209.85730550421	4209.856520765953	4211.921199094212	4183.710720424184	4183.7118869741835	4209.692095551409	
4209.692095551409	1.1480000000001382	WheelMovementIntervals													-0.730609946518527
4213.401751024214	62.976505713896586	trials	0.0	-1.0	0.0		0.0	0.8	4273.879002694274	4273.878234741831	4276.2535318842765	4213.876803514214	4213.877603434214		
4273.915095551431	0.5529999999998836	WheelMovementIntervals													0.2048781091074403
4277.594264464277	3.059413599292384	trials	1.0	1.0	1.5	0.25		0.8	4279.071183424279	4279.071070063357	4280.15357517428	4277.676056284277	4278.304293454278	4278.928095551432	
4278.928095551432	0.5460000000002765	WheelMovementIntervals													-0.9490364853149913
4280.249095551432	1.8020000000005894	WheelMovementIntervals													-0.38896504234180895
4281.447779074281	3.161533348321427	trials	1.0	1.0	1.5	1.0		0.8	4283.027287774283	4283.027194235468	4284.109279564284	4282.659357904283	4282.660257814283	4282.857095551433	
4282.857095551433	0.3640000000004875	WheelMovementIntervals													-0.5439556347814545
4284.235095551434	1.9460000000008222	WheelMovementIntervals													0.26323571941605906
4285.401217024286	4.124536364195592	trials	1.0	1.0	1.5	0.25		0.8	4287.954428344288	4287.954337676987	4289.025721204289	4286.770046794287	4286.770880044287	4286.701095551434	
4286.701095551434	0.5990000000001601	WheelMovementIntervals													-0.2712395737771942
4287.7470955514345	0.7990000000008877	WheelMovementIntervals													-0.2423530810705472
4288.995095551435	0.5910000000003492	WheelMovementIntervals													0.43717898008284806
4290.33495693429	5.739842344334647	trials	1.0	1.0	1.5	1.0		0.8	4294.491907864294	4294.491785427695	4295.574766234296	4290.8202084042905	4290.82117497429	4294.320095551438	
4294.320095551438	1.9420000000000073	WheelMovementIntervals													-0.6578056958081504
4296.885301834297	2.4846334100520835	trials	1.0	1.0	1.5	0.0625		0.8	4297.797910564298	4297.79781300275	4298.8698700242985	4297.503473344297	4297.5044732442975	4297.667095551438	
4297.667095551438	0.47699999999986176	WheelMovementIntervals													-0.7777319972509247
4299.073095551439	1.0280000000002474	WheelMovementIntervals													-0.2651255991729613
4300.1518418143005	9.340382951439096	trials	1.0	1.0	1.5	0.125		0.8	4307.911299124308	4307.911209063358	4308.992191024309	4300.6588577743005	4300.6597576843005	4307.787095551442	
4307.787095551442	0.40899999999965075	WheelMovementIntervals													-0.6405731731945394
4309.444095551442	0.6810000000004948	WheelMovementIntervals													0.06346366253217184
4310.8870348543105	5.516031233378271	trials	1.0	1.0	1.5	0.0625		0.8	4314.833740144315	4314.833655770266	4315.902999874316	4311.469909894312	4311.471009784312	4314.697095551444	
4314.697095551444	0.43399999999928696	WheelMovementIntervals													-0.7063984375309929
4316.025095551445	1.1109999999998763	WheelMovementIntervals													-0.26352187177509734
4317.217568404317	2.535527740483303	trials	-1.0	1.0	1.5		0.25	0.2	4318.1808720643185	4318.180778182748	4319.25303150432	4317.775379284318	4317.776279194318	4317.9570955514455	
4317.9570955514455	0.931999999999789	WheelMovementIntervals													0.35391835383111925
4319.389095551445	0.6330000000007203	WheelMovementIntervals													-0.22720998037286222
4320.2340955514455	0.24400000000059663	WheelMovementIntervals													-0.036423175464278756
4320.546002194321	3.662819951493475	trials	1.0	-1.0	0.0		0.0	0.2	4321.627893994321	4321.627007197201	4323.708719224323	4321.075615894321	4321.076582464321	4321.234095551446	
4321.234095551446	1.006999999999607	WheelMovementIntervals													-0.4520138026581151
4325.005822834325	3.647048310755963	trials	1.0	-1.0	0.0		0.25	0.2	4326.084848254326	4326.083936228755	4328.152841434328	4325.769546454326	4325.770513024326	4325.975095551447	
4325.975095551447	1.1240000000007058	WheelMovementIntervals													-1.599612155962916
4329.452878084329	3.7333133605070543	trials	1.0	-1.0	0.0		0.125	0.2	4330.615161844331	4330.614281618491	4332.686121394333	4330.19193750433	4330.19280408433	4330.460095551449	
4330.460095551449	0.623000000000502	WheelMovementIntervals													-0.36441609575923906
4333.981291864334	2.6215467775682555	trials	1.0	1.0	1.5	0.0625		0.2	4335.032720044335	4335.032609821466	4336.102779694336	4334.591830804335	4334.592764044334	4334.882095551451	
4334.882095551451	0.7860000000000582	WheelMovementIntervals													-0.83841465567113
4336.312095551451	1.2309999999997672	WheelMovementIntervals													0.2344539385747879
4337.397450214337	16.410630081402815	trials	1.0	1.0	1.5	0.25		0.2	4352.229066904352	4352.228965067314	4353.3079590043535	4337.992124074338	4337.993090644338	4352.072095551456	
4352.072095551456	0.4140000000006694	WheelMovementIntervals													-0.675839031763843
4353.130095551457	0.15399999999954161	WheelMovementIntervals													-0.08249266253237408
4353.772095551457	0.5340000000005602	WheelMovementIntervals													0.4252192240632837
4354.720884364355	7.515060758651998	trials	1.0	1.0	1.5	0.25		0.2	4360.670522674361	4360.6704308825865	4361.735849464362	4355.402382874356	4355.403249454355	4360.421095551459	
4360.421095551459	1.5840000000007421	WheelMovementIntervals													-0.792291650931773
4362.2220955514595	0.853000000000975	WheelMovementIntervals													0.03201570191701819
4363.067449624363	2.824406438691767	trials	1.0	1.0	1.5	0.25		0.2	4364.319957694364	4364.319851149151	4365.391817164365	4363.758213874364	4363.759147114364	4363.97909555146	
4363.97909555146	0.7300000000004729	WheelMovementIntervals													-0.4936052714916599
4365.277095551461	0.6500000000005457	WheelMovementIntervals													0.2102816673793768
4366.689654034367	9.412600816540362	trials	1.0	-1.0	0.0		0.0	0.2	4373.526736924374	4373.525825076432	4375.602162694376	4367.7023194243675	4367.703119344368	4373.330095551463	
4366.820095551461	0.38100000000031287	WheelMovementIntervals													-0.0935884673566818
4373.330095551463	1.1660000000010768	WheelMovementIntervals													-0.6956136939514579
4376.955160714377	7.8138629226450576	trials	1.0	1.0	1.5	0.125		0.2	4383.188803954383	4383.188709315724	4384.268962594384	4377.458077084378	4377.459043654378	4383.046095551466	
4383.046095551466	0.8740000000007058	WheelMovementIntervals													-0.9633036289515502
4384.367095551467	1.4160000000001673	WheelMovementIntervals													0.3838277640346348
4385.612628214386	49.42209787171578	trials	-1.0	1.0	1.5		0.125	0.2	4433.4724084244335	4433.472311571139	4434.534668854434	4386.3244236943865	4386.325290274386	4386.699095551468	
4386.699095551468	0.8890000000001237	WheelMovementIntervals													0.24244898483932786
4417.202095551478	1.0780000000004293	WheelMovementIntervals													-0.26843364109399204
4433.199095551484	0.8090000000001965	WheelMovementIntervals													-1.068150046325286
4434.311095551484	1.1890000000003056	WheelMovementIntervals													-0.49849484792308374
4436.070095551485	0.2209999999995489	WheelMovementIntervals													0.04580824981856324
4436.220533584436	14.064200848979453	trials	1.0	-1.0	0.0		0.25	0.2	4447.718383684448	4447.7175143899385	4449.7846770344495	4436.774044894437	4436.775144784437	4447.456095551488	
4447.456095551488	0.8870000000006257	WheelMovementIntervals													-0.8015561853004272
4451.168438644451	24.182513321681654	trials	1.0	-1.0	0.0		0.125	0.2	4472.774477824473	4472.773427442138	4474.850836834475	4451.790309784452	4451.791343014452	4472.072095551496	
4471.496095551496	0.20899999999983265	WheelMovementIntervals													-0.030592761046065675
4472.072095551496	2.2450000000008004	WheelMovementIntervals													-2.114175130766313
4476.302858284476	13.903123494048486	trials	1.0	-1.0	0.0		0.25	0.2	6097.821890166098	4487.614557133062	6098.031635856099	4476.789476284477	4476.790442854477	4487.430095551502	
4487.430095551502	1.2340000000003783	WheelMovementIntervals													-1.1771151888081306
4489.446095551502	0.08399999999983265	WheelMovementIntervals													-0.026296339624849452
4505.075095551508	0.6149999999997817	WheelMovementIntervals													-0.4546863001568511
4513.94509555151	0.4030000000002474	WheelMovementIntervals													-0.28929063301453084
4515.710095551511	0.6590000000005602	WheelMovementIntervals													-1.089554154217879
4516.873095551511	0.8090000000001965	WheelMovementIntervals													0.6378962086414219
4522.5050955515135	0.5690000000004147	WheelMovementIntervals													0.2861365261118891
4524.475095551514	0.5060000000003129	WheelMovementIntervals													-0.2666043665134481
4525.533095551515	1.0219999999999345	WheelMovementIntervals													1.2616806576853037
4528.1130955515155	1.373000000000502	WheelMovementIntervals													1.1599201150211513
4529.7070955515155	0.8520000000007713	WheelMovementIntervals													-0.3691469935764786
4531.628095551517	2.225000000000364	WheelMovementIntervals													-0.9456693934821061
4536.716095551518	1.2269999999998618	WheelMovementIntervals													0.8352386614236735
4538.885095551519	0.6840000000001965	WheelMovementIntervals													-0.2798425259182409
4545.797095551521	2.8960000000006403	WheelMovementIntervals													-1.3851409573767626
4549.446095551522	0.24899999999979627	WheelMovementIntervals													0.07513719692367715
4550.297095551523	0.3040000000000873	WheelMovementIntervals													0.10773679767642363
4553.698095551524	0.831000000000131	WheelMovementIntervals													0.33999864049181383
4591.833095551537	3.3740000000007058	WheelMovementIntervals													-3.0308424501323117
4617.123095551545	3.9460000000017317	WheelMovementIntervals													-0.7795241736232157
4683.199095551567	3.533000000001266	WheelMovementIntervals													1.6407087660384576
4687.256095551568	0.73700000000008	WheelMovementIntervals													-0.19051113587958923
4690.081095551569	0.535000000000764	WheelMovementIntervals													0.2284012919590026
4697.958095551572	2.08600000000024	WheelMovementIntervals													-2.2429834188404527
4707.6130955515755	1.9420000000000073	WheelMovementIntervals													-1.8786390030190745
4777.029095551598	1.8630000000002838	WheelMovementIntervals													-2.4935312384235715
4797.541095551605	0.7349999999996726	WheelMovementIntervals													-0.629873639491322
4799.123095551606	0.06599999999980355	WheelMovementIntervals													-0.01908981063135684
4859.407095551626	1.3019999999996799	WheelMovementIntervals													0.33526424825623735
4881.013095551633	1.717000000000553	WheelMovementIntervals													-0.4540684967144131
4891.844095551637	0.058999999999286956	WheelMovementIntervals													0.016174246885483967
4947.2960955516555	0.12100000000009459	WheelMovementIntervals													0.02235064761455874
4960.051095551659	2.4670000000014625	WheelMovementIntervals													-1.937880281195092
4962.808095551661	0.8270000000002256	WheelMovementIntervals													0.13534728628789594
5004.3000955516745	0.943000000000211	WheelMovementIntervals													-0.4194889417950236
5008.346095551676	0.5119999999997162	WheelMovementIntervals													-0.41643712716762593
5009.192095551676	0.1750000000001819	WheelMovementIntervals													0.01721590367048975
5019.22209555168	0.5149999999994179	WheelMovementIntervals													0.05040098049249764
5020.180095551679	3.231000000001586	WheelMovementIntervals													-2.242697721239054
5079.452095551699	3.5660000000016225	WheelMovementIntervals													-3.7789274448676906
5111.52009555171	1.0399999999999636	WheelMovementIntervals													-0.45165679683368865
5144.574095551721	0.9359999999996944	WheelMovementIntervals													-0.7892967984616206
5204.749095551741	0.22000000000025466	WheelMovementIntervals													0.018651901242350277
5210.147095551743	1.0979999999999563	WheelMovementIntervals													-1.249055596313255
5216.237095551745	0.4250000000001819	WheelMovementIntervals													-0.49916905106144327
5217.861095551745	2.929000000000997	WheelMovementIntervals													-5.120187496185963
5227.6630955517485	3.0450000000009823	WheelMovementIntervals													-4.042275952416048
5244.6790955517545	0.886000000000422	WheelMovementIntervals													-1.1595240209732367
5254.885095551758	0.3220000000001164	WheelMovementIntervals													-0.1347556154103131
5268.222095551762	1.0630000000001019	WheelMovementIntervals													1.1688342455141196
5276.879095551765	2.0450000000009823	WheelMovementIntervals													-0.853260370302678
5279.262095551766	0.17700000000058935	WheelMovementIntervals													0.03164817958997901
5279.8630955517665	0.8429999999998472	WheelMovementIntervals													0.08768575478089247
5282.086095551767	4.098000000000866	WheelMovementIntervals													1.0905817958347939
5290.86109555177	1.8330000000005384	WheelMovementIntervals													0.3675429514314885
5293.149095551771	0.7069999999994252	WheelMovementIntervals													0.577891312810948
5305.806095551775	0.4220000000004802	WheelMovementIntervals													0.06682240527186423
5306.953095551776	0.181999999999789	WheelMovementIntervals													0.013620246375438683
5307.754095551775	1.0850000000009459	WheelMovementIntervals													0.9622052502517704
5329.671095551783	0.39900000000034197	WheelMovementIntervals													0.5381952547335516
5331.206095551784	0.3720000000002983	WheelMovementIntervals													0.16688218045672443
5436.305095551818	1.1120000000009895	WheelMovementIntervals													-0.9844961907451477
5441.36709555182	0.1390000000001237	WheelMovementIntervals													-0.17197901765700863
5447.509095551823	0.8329999999996289	WheelMovementIntervals													-0.4687605935573629
5459.294095551826	0.17600000000038563	WheelMovementIntervals													-0.16949564126156247
5465.965095551828	0.2790000000004511	WheelMovementIntervals													-0.031362712448299135
5477.866095551833	0.17399999999997817	WheelMovementIntervals													0.011894706883907702
5482.602095551834	0.181999999999789	WheelMovementIntervals													0.02698914596143709
5484.332095551835	0.5020000000004075	WheelMovementIntervals													0.10198401262971402
5489.364095551836	0.9400000000005093	WheelMovementIntervals													0.2596249212991495
5504.292095551841	0.17600000000038563	WheelMovementIntervals													0.01096546238090923
5540.8750955518535	0.22299999999995634	WheelMovementIntervals													-0.025586056776688793
5541.502095551854	1.5540000000000873	WheelMovementIntervals													-0.5156010778717075
5546.661095551855	0.068000000000211	WheelMovementIntervals													-0.014795771892323728
5559.64709555186	0.05099999999947613	WheelMovementIntervals													-0.015263758201285782
5560.04509555186	0.47000000000025466	WheelMovementIntervals													-0.08977181702744019
5568.541095551863	0.1430000000000291	WheelMovementIntervals													-0.016043064297377896
5570.254095551863	1.9830000000001746	WheelMovementIntervals													-0.1030782357767066
5576.694095551866	2.1190000000005966	WheelMovementIntervals													-1.5476057575325513
5579.149095551867	0.4149999999999636	WheelMovementIntervals													-0.060187918208100655
5580.512095551867	0.7390000000004875	WheelMovementIntervals													0.12715964053964512
5584.237095551868	0.16299999999955617	WheelMovementIntervals													-0.01318454898509458
5584.728095551868	2.9200000000009823	WheelMovementIntervals													-1.3515765638109087
5596.205095551872	0.0500000000001819	WheelMovementIntervals													-0.011646499806545307
5609.981095551877	2.793000000000575	WheelMovementIntervals													-1.1603892826866513
5759.438095551926	0.7229999999999563	WheelMovementIntervals													-0.3190892573796589
5760.357095551927	0.3139999999993961	WheelMovementIntervals													-0.10534774897789134
5764.4930955519285	1.5380000000004657	WheelMovementIntervals													-1.7198907011549522
5766.464095551929	0.9200000000000728	WheelMovementIntervals													0.34335313119470356
5769.09009555193	3.0930000000007567	WheelMovementIntervals													-2.3724405889259117
5781.810095551934	0.6909999999998035	WheelMovementIntervals													-0.21798055138987138
5782.829095551934	0.7550000000001091	WheelMovementIntervals													-1.6467404703086004
5784.0360955519345	0.11099999999987631	WheelMovementIntervals													-0.008043183529792941
5787.700095551936	1.399000000000342	WheelMovementIntervals													-1.4065997482611863
5789.391095551937	0.7139999999999418	WheelMovementIntervals													-0.31062989530767027
5793.358095551937	2.096000000001368	WheelMovementIntervals													-1.9055170684746088
5801.285095551941	0.052999999999883585	WheelMovementIntervals													-0.005208021648201111
5804.269095551941	1.241000000000895	WheelMovementIntervals													-1.5005913607582215
5813.974095551945	0.49800000000050204	WheelMovementIntervals													-0.5771351516055176
5821.713095551947	0.4210000000002765	WheelMovementIntervals													-0.382948566885176
5826.557095551949	0.7680000000000291	WheelMovementIntervals													-0.16951927807696165
5863.462095551961	0.21600000000034925	WheelMovementIntervals													-0.12167253270862943
5872.017095551964	1.7520000000004075	WheelMovementIntervals													-1.2937369287750755
5877.310095551966	0.1639999999997599	WheelMovementIntervals													-0.09145073448630114
5885.759095551969	0.9809999999997672	WheelMovementIntervals													-0.5299521836662393
5933.5850955519845	0.12100000000009459	WheelMovementIntervals													-0.01686407361211195
5934.3440955519845	0.13000000000010914	WheelMovementIntervals													-0.00953545389586452
5934.731095551985	1.21100000000024	WheelMovementIntervals													-0.4918584220325499
5942.507095551988	0.5839999999998327	WheelMovementIntervals													-0.5639724799020769
5943.440095551988	0.23100000000067666	WheelMovementIntervals													0.15095686853263146
5946.762095551989	0.38400000000001455	WheelMovementIntervals													0.04771883129669163
5947.417095551989	0.18699999999989814	WheelMovementIntervals													0.020817760216488068
5947.912095551989	0.48000000000047294	WheelMovementIntervals													0.22167938477511484
5948.78509555199	0.363999999999578	WheelMovementIntervals													-0.045028475907145094
5949.47209555199	0.5930000000007567	WheelMovementIntervals													0.40334341206101954
5952.366095551991	0.3040000000000873	WheelMovementIntervals													0.10478026553849418
5953.533095551991	0.4470000000001164	WheelMovementIntervals													0.5247604421048777
5954.600095551991	0.09400000000005093	WheelMovementIntervals													0.011019440101222244
5957.799095551993	0.2669999999998254	WheelMovementIntervals													0.2509586056995943
5961.396095551994	0.22400000000016007	WheelMovementIntervals													-0.06758673463477294
5970.486095551997	0.2290000000002692	WheelMovementIntervals													0.07745811107807299
6084.573095552035	0.5560000000004948	WheelMovementIntervals													0.12287842994146558
6095.230095552039	0.3350000000000364	WheelMovementIntervals													-0.017845205790649743
6108.683095552043	0.1710000000002765	WheelMovementIntervals													-0.16221937500085915
6109.608095552044	0.5599999999994907	WheelMovementIntervals													0.17939758443839082
6112.161095552045	0.6899999999995998	WheelMovementIntervals													0.2724570014064511
6114.556095552045	0.5399999999999636	WheelMovementIntervals													0.12878452533385598
6121.012095552047	0.680000000000291	WheelMovementIntervals													-0.10639679099148225
6122.552095552048	2.2520000000004075	WheelMovementIntervals													0.35485879681502297
