onset	duration	nwb_table	choice	feedback_type	reward_volume	contrast_left	contrast_right	probability_left	feedback_time	response_time	stim_off_time	stim_on_time	go_cue_time	first_movement_time	peak_amplitude
3.7626249000037495	2.6529999999997083	WheelMovementIntervals													-0.2570866842599691
9.027624900003168	1.3709999999998495	WheelMovementIntervals													-0.199994408349854
11.082624900002944	1.1869999999998697	WheelMovementIntervals													0.18633368726936295
12.951624900002738	0.2649999999999686	WheelMovementIntervals													0.03666181943137828
21.51462490000179	0.05299999999999727	WheelMovementIntervals													0.017498741096009518
22.695624900001665	3.6119999999996004	WheelMovementIntervals													-0.2781687982774616
27.53362490000113	0.16699999999998383	WheelMovementIntervals													0.014707002189929541
31.06762490000074	3.5979999999996046	WheelMovementIntervals													0.45491775324722783
36.08062490000019	0.4289999999999523	WheelMovementIntervals													-0.07150220267584573
38.37362489999994	0.5919999999999348	WheelMovementIntervals													0.12222521230887329
39.50062489999981	0.18099999999997607	WheelMovementIntervals													-0.036680489108459
41.555624899999586	1.7089999999998113	WheelMovementIntervals													-0.1207084805039591
44.89562489999922	0.36499999999995936	WheelMovementIntervals													-0.06239371395352111
47.39962489999894	0.3329999999999629	WheelMovementIntervals													0.18825086487082965
53.17062489999831	0.2909999999999684	WheelMovementIntervals													0.1436117538143166
57.758624899997805	0.1349999999999838	WheelMovementIntervals													0.06339603949904475
58.15762489999776	1.2879999999998617	WheelMovementIntervals													-0.22155697615948067
62.64662489999726	0.2559999999999718	WheelMovementIntervals													0.05295515693073782
63.755624899997144	0.4579999999999558	WheelMovementIntervals													-0.10684478159620336
65.56862489999695	0.12599999999999056	WheelMovementIntervals													0.05105377268357607
69.78862489999648	0.18599999999999284	WheelMovementIntervals													0.023049013864625524
76.68662489999572	0.28899999999997306	WheelMovementIntervals													0.06168401660047904
86.8766248999946	0.6429999999999296	WheelMovementIntervals													-0.11913936999953048
87.93362489999448	0.2779999999999774	WheelMovementIntervals													-0.02112100721343453
94.81378434009481	5.346505742206759	trials	1.0	1.0	1.5	0.25		0.5	98.57147520009858	98.5713869701726	99.66026631009966	97.94367132009795	97.84771425009785	98.28362489999334	
97.04262489999348	0.33799999999996544	WheelMovementIntervals													0.18234674953238528
98.28362489999334	4.680999999999486	WheelMovementIntervals													-0.7538398582204111
100.77148851010077	4.622307428308972	trials	1.0	1.0	1.5	0.125		0.5	103.81838379010382	103.81829208818195	104.8937762401049	103.54911072010356	103.54997730010355	103.63962489999275	
103.63962489999275	3.000999999999678	WheelMovementIntervals													-0.7253681974433647
106.04239470010604	3.6071861515614927	trials	1.0	1.0	1.5	0.125		0.5	108.05929299010806	108.05918583918536	109.14951729010915	107.83278231010783	107.83388220010784	107.86662489999229	
106.7806248999924	0.2949999999999733	WheelMovementIntervals													0.016823525412484663
107.86662489999229	3.1389999999996547	WheelMovementIntervals													-0.4777179329218296
110.22577632011023	2.9401856387043352	trials	-1.0	1.0	1.5		0.25	0.5	111.58447377011159	111.58436875993026	112.66589895011266	111.27663789011127	111.27750447011128	111.47662489999189	
111.47662489999189	2.1519999999997594	WheelMovementIntervals													0.9932012703519348
113.75515668011376	2.471599109192269	trials	1.0	1.0	1.5	0.0625		0.5	114.63886830011464	114.63875564664733	115.72672617011573	114.29333619011429	114.2941361101143	114.43262489999157	
114.43262489999157	2.449999999999733	WheelMovementIntervals													-0.3585879540096557
116.79035313011678	2.9585119678892084	trials	-1.0	1.0	1.5		1.0	0.5	118.16498232011817	118.16485776113062	119.24884059011924	117.8991089101179	117.9000754801179	118.06862489999116	
118.06862489999116	1.8459999999998047	WheelMovementIntervals													1.3008835540880601
120.32462489999092	0.6019999999999328	WheelMovementIntervals													-0.042985221596358036
120.33716508012034	4.462291830062242	trials	1.0	-1.0	0.0		0.125	0.5	122.21531058012222	122.21436080183368	124.2993688201243	122.04309447012204	122.04399438012204	121.95362489999074	
121.15662489999083	0.10599999999998033	WheelMovementIntervals													-0.0031958976351625368
121.95362489999074	0.788999999999902	WheelMovementIntervals													-0.42333107525578495
123.44362489999058	1.3119999999998555	WheelMovementIntervals													-0.5397903441569503
125.25562489999038	0.40399999999995373	WheelMovementIntervals													0.11734049377844163
125.45325342012545	4.779097455242109	trials	-1.0	1.0	1.5		0.125	0.5	128.64526752012864	128.64515038474084	129.73229214012974	128.35969608012837	128.36056266012835	128.53762489999	
126.01962489999029	1.8319999999997947	WheelMovementIntervals													0.6781481016831157
128.53762489999	1.1799999999998931	WheelMovementIntervals													1.2477538559555506
129.98962489998985	1.0989999999998759	WheelMovementIntervals													-0.03454091313225505
130.83724830013085	3.528693233095481	trials	1.0	-1.0	0.0		0.0625	0.5	131.77682100013178	131.77584596822055	133.86587874013387	131.3762943901314	131.37716097013137	131.38362489998968	
131.38362489998968	0.6249999999999432	WheelMovementIntervals													-0.33434071037725077
134.25762489998937	1.73399999999981	WheelMovementIntervals													-0.5656022565200987
134.93873811013495	4.9707109394097415	trials	1.0	-1.0	0.0		0.0625	0.5	137.32706592013733	137.32624240386264	139.4093576701394	136.64293434013663	136.64406756013665	136.7306248999891	
136.7306248999891	1.3499999999998522	WheelMovementIntervals													-0.41622154477218365
139.4536248999888	0.17499999999998295	WheelMovementIntervals													0.05474635177025351
140.44762489998868	2.1919999999997515	WheelMovementIntervals													-0.8983988447422463
140.5047481201405	4.977579846411913	trials	1.0	1.0	1.5	0.125		0.5	143.90054184014392	143.9004330070521	144.982300320145	143.1984453901432	143.1993119701432	143.1146248999884	
143.1146248999884	2.2799999999997453	WheelMovementIntervals													-0.3679436252159267
145.7186248999881	0.4399999999999693	WheelMovementIntervals													-0.07724917992536207
146.0859232801461	2.7399990077754808	trials	-1.0	1.0	1.5		0.0625	0.5	147.25144005014727	147.25132200746876	148.32586593014832	146.84268093014686	146.84358084014684	146.96862489998796	
146.96862489998796	1.6019999999998333	WheelMovementIntervals													0.5065070373707412
149.08762489998773	0.6959999999999411	WheelMovementIntervals													-0.06300823305185621
149.45571960014945	2.6096153751351494	trials	1.0	1.0	1.5	0.125		0.5	150.4854166201505	150.48532448266957	151.56527529015156	150.1984453201502	150.1995118801502	150.35462489998758	
150.35462489998758	1.3769999999998674	WheelMovementIntervals													-0.32548534715438393
152.1806248999874	0.24999999999997158	WheelMovementIntervals													0.023135512847013207
152.63783469015263	3.887989141511639	trials	1.0	-1.0	0.0		0.0625	0.5	153.94777035015395	153.9467303613289	156.02572920015604	153.62580255015362	153.62680245015363	153.74762489998722	
152.72962489998733	0.27499999999997726	WheelMovementIntervals													-0.027969970903518382
153.74762489998722	0.45899999999994634	WheelMovementIntervals													-0.3326183640083594
156.00662489998697	0.23499999999998522	WheelMovementIntervals													-0.15291587923595906
157.11891987015713	2.9233886889800544	trials	-1.0	1.0	1.5		0.125	0.5	158.46491859015848	158.46481374191964	159.54227751015955	158.2155102001582	158.2163767801582	158.33362489998672	
157.32362489998684	0.311999999999955	WheelMovementIntervals													-0.05643112894445812
158.33362489998672	2.5189999999997212	WheelMovementIntervals													1.183785860020869
160.61090397016062	2.671009150431587	trials	1.0	1.0	1.5	0.25		0.5	161.7028281001617	161.70270689297433	162.7818201901628	161.38156023016137	161.38266012016138	161.58562489998636	
161.58562489998636	1.5459999999998217	WheelMovementIntervals													-0.3928114434022174
163.85701266016386	3.2077923429076804	trials	-1.0	1.0	1.5		1.0	0.5	165.47441757016549	165.47430779127998	166.56474186016658	165.25887246016526	165.25993902016526	165.36162489998594	
163.9076248999861	0.17199999999996862	WheelMovementIntervals													-0.07205787944729514
164.30462489998607	0.23299999999997567	WheelMovementIntervals													0.020871127591765237
165.36162489998594	1.4969999999998436	WheelMovementIntervals													1.2593880949954217
167.5476248999857	0.44599999999996953	WheelMovementIntervals													-0.06519718681347758
167.63710128016763	2.7882993320090748	trials	-1.0	1.0	1.5		0.125	0.5	168.83981433016885	168.83970012945804	169.92537243016992	168.55867578016856	168.55954236016856	168.54262489998558	
168.54262489998558	1.5649999999998272	WheelMovementIntervals													0.9768701204587997
170.67262489998535	0.48999999999995225	WheelMovementIntervals													-0.07679692250389447
171.002298060171	2.4290019352398247	trials	-1.0	1.0	1.5		0.125	0.5	171.83771451017185	171.83759803790088	172.93123848017294	171.6155367301716	171.61650330017162	171.32462489998528	
171.32462489998528	1.470999999999833	WheelMovementIntervals													0.9587273059051384
173.73662489998503	0.7439999999999145	WheelMovementIntervals													0.2012772146595445
174.002797980174	2.9789838691370676	trials	1.0	1.0	1.5	1.0		0.5	175.3972918501754	175.39718949354818	176.48178339017647	175.04199405017505	175.04342724017505	175.15762489998485	
175.15762489998485	2.4579999999997426	WheelMovementIntervals													-0.3721106680690811
177.55177638017756	2.5569182789860747	trials	-1.0	1.0	1.5		0.25	0.5	178.53427812017853	178.53418263480754	179.6085706801796	178.1918457001782	178.1927122801782	178.3366248999845	
178.3366248999845	1.3079999999998506	WheelMovementIntervals													0.3364686633408154
180.3926248999843	1.0499999999998693	WheelMovementIntervals													-0.10315074240924571
180.68529633018068	3.256487837235653	trials	1.0	1.0	1.5	0.125		0.5	182.35719579018235	182.35708905940072	183.44172066018345	182.04789339018205	182.04899328018206	182.0466248999841	
182.0466248999841	1.7749999999998067	WheelMovementIntervals													-0.2942974283916495
184.46462489998385	0.07699999999999818	WheelMovementIntervals													-0.0234125029840071
184.51827966018453	3.5401864702034516	trials	1.0	1.0	1.5	1.0		0.5	186.4742840401865	186.47417108024217	187.55840895018756	186.26493831018627	186.26590488018627	186.36962489998362	
186.36962489998362	1.3489999999998474	WheelMovementIntervals													-0.7418989217825996
188.50462489998338	0.7809999999999206	WheelMovementIntervals													-0.08891031978963015
188.7013613101887	2.7802998397252736	trials	1.0	1.0	1.5	0.25		0.5	189.8953752301899	189.89526038253695	190.981666590191	189.66479829018968	189.66586485018968	189.68462489998328	
189.68462489998328	1.1679999999998643	WheelMovementIntervals													-0.4952455958677737
191.75162489998303	0.37299999999996203	WheelMovementIntervals													0.05018799718041217
192.06045870019207	4.014407132039622	trials	1.0	-1.0	0.0		0.25	0.5	193.4984482201935	193.49746053726292	195.57484056019558	193.27493724019328	193.2758038201933	193.34462489998288	
193.34462489998288	0.5569999999999311	WheelMovementIntervals													-0.43112807148588517
196.66776459019667	6.129895494804003	trials	1.0	-1.0	0.0		0.0625	0.5	200.21800953020022	200.2172608233839	202.2975682202023	199.96440156019997	199.96533480019997	199.95562489998213	
196.93062489998246	2.2669999999997685	WheelMovementIntervals													-0.38281700662524015
199.95562489998213	0.7449999999999193	WheelMovementIntervals													-0.34376241376248684
203.21162489998179	1.2369999999998527	WheelMovementIntervals													-0.1863652343036064
203.4052574402034	3.342508622110131	trials	-1.0	1.0	1.5		0.25	0.5	205.16354826020518	205.1634609235204	206.24767317020624	204.94133715020493	204.94227039020495	204.8926248999816	
204.8926248999816	2.196999999999747	WheelMovementIntervals													1.4007384877293467
207.32716521020734	6.753390671439092	trials	-1.0	1.0	1.5		0.0	0.5	212.48784909021248	212.4877565535079	213.5805064802136	212.15771544021217	212.15881533021215	212.35062489998077	
207.6046248999813	0.5629999999999313	WheelMovementIntervals													0.05843810842093093
208.83362489998115	2.2369999999997674	WheelMovementIntervals													0.9110486764879531
212.35062489998077	2.7629999999996926	WheelMovementIntervals													0.5802496636479434
214.7848527002148	4.555988771760241	trials	-1.0	-1.0	0.0	0.0		0.5	216.76472136021675	216.76394695394663	218.84081373021885	216.57437373021656	216.57540696021658	216.6546248999803	
216.6546248999803	0.5939999999999372	WheelMovementIntervals													1.1203626297914229
219.62862489997997	0.055999999999983174	WheelMovementIntervals													-0.00943654460413157
219.93383775021994	2.4239017981586244	trials	-1.0	1.0	1.5		0.125	0.5	220.78295283022078	220.78283767952263	221.85767868022185	220.53097803022052	220.53201126022054	220.62062489997984	
220.62062489997984	3.2459999999996683	WheelMovementIntervals													1.0692224621108686
222.93603750022294	3.277584964914155	trials	-1.0	1.0	1.5		1.0	0.5	224.63373438022464	224.6336286770767	225.7135597202257	224.4137563802244	224.41462296022442	224.52362489997944	
224.52362489997944	1.9099999999997692	WheelMovementIntervals													1.2929509069422944
226.8033174002268	2.704206085049293	trials	-1.0	1.0	1.5		0.25	0.5	227.92853820022793	227.92841909983687	229.00749696022902	227.7074936402277	227.7085602002277	227.78662489997907	
226.88762489997916	0.3079999999999643	WheelMovementIntervals													-0.05029013344623312
227.78662489997907	1.7839999999997929	WheelMovementIntervals													0.8142736028400215
230.08672236023008	7.793288110463607	trials	-1.0	-1.0	0.0	0.25		0.5	235.2961013702353	235.29521307743178	237.3799929602374	235.03036128023504	235.03142784023504	234.93962489997827	
230.1826248999788	0.5309999999999491	WheelMovementIntervals													-0.07435324450780634
231.0526248999787	0.1419999999999959	WheelMovementIntervals													0.010981752985799176
231.9326248999786	2.1049999999997624	WheelMovementIntervals													0.2864077276309551
234.93962489997827	0.6859999999999218	WheelMovementIntervals													0.38902021976542756
237.56462489997799	0.36499999999995225	WheelMovementIntervals													0.03775008475871733
238.3466248999779	0.3839999999999577	WheelMovementIntervals													-0.021445984197284496
238.57040724023858	3.5535188719434245	trials	-1.0	-1.0	0.0	0.0625		0.5	239.54637630023956	239.5452118685659	241.62386853024162	239.2904685602393	239.2913684702393	239.3596248999778	
239.3596248999778	0.9109999999998877	WheelMovementIntervals													0.5685117580619403
242.44262489997746	0.43099999999995475	WheelMovementIntervals													0.05924670015904354
242.70692688024272	3.600185968526006	trials	-1.0	-1.0	0.0	0.0625		0.5	243.72695820024373	243.72612234180897	245.80705017024582	243.37982625024338	243.3809594702434	243.34562489997737	
243.34562489997737	5.892999999999347	WheelMovementIntervals													0.6638066959483453
246.8929082402469	11.036497768396913	trials	1.0	1.0	1.5	0.125		0.5	256.34979579025634	256.3497046143313	257.4293211602574	255.92870457025595	255.92977113025594	255.741624899976	
249.54262489997666	5.712999999999397	WheelMovementIntervals													-0.8577597179012528
255.741624899976	2.2359999999997626	WheelMovementIntervals													-0.5297410814729897
258.6033037502586	4.270079290474939	trials	1.0	1.0	1.5	0.25		0.5	261.2884018802613	261.2882894707227	262.3733267102624	261.05672505026104	261.0576582902611	261.0566248999754	
258.7516248999757	1.230999999999824	WheelMovementIntervals													0.0703587240157546
260.2026248999755	0.060000000000002274	WheelMovementIntervals													-0.004270925225123179
261.0566248999754	1.2639999999998395	WheelMovementIntervals													-0.44444455315164433
263.5315775402635	3.191793418159534	trials	1.0	1.0	1.5	0.0625		0.5	265.14738261026514	265.14727319610944	266.2232750102662	264.8794760702649	264.8806092902649	264.89062489997497	
263.6076248999751	0.5929999999999609	WheelMovementIntervals													0.10247165528051294
264.89062489997497	1.619999999999834	WheelMovementIntervals													-0.6278431921761123
267.29916741026733	3.6241125441916893	trials	1.0	1.0	1.5	0.125		0.5	269.34146316026937	269.34137335197323	270.4231883102704	268.94576940026894	268.94653599026896	269.03162489997453	
267.3076248999747	0.9189999999999259	WheelMovementIntervals													-0.06765536102568515
269.03162489997453	2.0369999999997503	WheelMovementIntervals													-0.5359250830636895
271.5095796602715	2.636184545135052	trials	1.0	1.0	1.5	0.0625		0.5	272.56717389027256	272.5670726583348	273.64573269027363	272.16281433027217	272.1638142302722	272.0946248999742	
272.0946248999742	1.7039999999998372	WheelMovementIntervals													-0.341867477479568
274.7219583902747	3.2676145383379662	trials	-1.0	1.0	1.5		0.25	0.5	276.4061566202764	276.4060648524494	277.4895149402775	276.022928280276	276.02376153027603	276.2106248999737	
274.7476248999739	0.6089999999999236	WheelMovementIntervals													-0.04142690594282117
276.2106248999737	1.231999999999914	WheelMovementIntervals													0.8353910212589835
278.57377317027857	2.8824859674994627	trials	-1.0	1.0	1.5		1.0	0.5	279.8825756102799	279.8824658912781	280.95620157028094	279.66209766027964	279.6630309002797	279.7826248999733	
278.57462489997346	0.37199999999995725	WheelMovementIntervals													-0.057925879218391874
279.7826248999733	1.5309999999998354	WheelMovementIntervals													1.2259713777526215
282.10305354028213	6.243214195039002	trials	1.0	1.0	1.5	0.0		0.5	286.7553549302868	286.75526262756784	287.8461458402879	286.1948109902862	286.1959108802862	286.3026248999726	
282.29562489997306	0.25699999999994816	WheelMovementIntervals													-0.04223320126168861
283.004624899973	0.07899999999995089	WheelMovementIntervals													-0.006968048797777904
283.9926248999729	1.699999999999818	WheelMovementIntervals													-0.6248851973459457
286.3026248999726	1.5719999999998322	WheelMovementIntervals													-0.42242082256269065
288.968266950289	2.9877822822680855	trials	1.0	1.0	1.5	0.125		0.5	290.37465963029035	290.374557669538	291.45595149029145	290.12265150029015	290.1235180802901		
288.99462489997234	2.5049999999997112	WheelMovementIntervals													-0.5792188763734178
292.18862489997196	0.07900000000000773	WheelMovementIntervals													0.01798389055527938
292.53674340029255	5.502591915713481	trials	1.0	1.0	1.5	0.0		0.5	296.45325171029646	296.4531362229427	297.53930976029756	296.06152422029606	296.06242413029605	296.2046248999715	
292.7886248999719	0.22599999999994225	WheelMovementIntervals													-0.030803324632235007
293.24362489997185	0.11200000000002319	WheelMovementIntervals													-0.003980916249822997
293.53762489997183	0.13299999999998136	WheelMovementIntervals													-0.008263407150428836
294.17962489997177	1.4399999999998272	WheelMovementIntervals													-0.9092148086390117
296.2046248999715	1.2519999999998959	WheelMovementIntervals													-0.3248065683126993
298.6481322002987	4.313510086447138	trials	1.0	-1.0	0.0		0.125	0.5	300.3823587603004	300.38153544987347	302.4615508203025	300.06192414030005	300.0630240303001	300.0706248999711	
298.88462489997124	0.6459999999999013	WheelMovementIntervals													-0.045451424237275884
300.0706248999711	0.6889999999999077	WheelMovementIntervals													-0.35311070933602373
303.03462489997077	0.52699999999993	WheelMovementIntervals													0.05631602253775836
303.55564140030356	5.472588529368409	trials	-1.0	1.0	1.5		0.25	0.5	307.44561903030745	307.44553182544144	308.5282107603085	307.2223413603072	307.2232412703072	307.3566248999703	
303.8906248999707	0.2039999999999509	WheelMovementIntervals													0.023559776933582466
304.3586248999706	0.09399999999999409	WheelMovementIntervals													-0.009350056127325423
304.96162489997056	1.5459999999998217	WheelMovementIntervals													0.10937602564953885
307.3566248999703	1.4899999999998386	WheelMovementIntervals													1.4617368399623707
309.7064262603097	2.5722905143638286	trials	1.0	1.0	1.5	1.0		0.5	310.6864282503107	310.6863222658802	311.7786856803118	310.47214968031045	310.47318291031047	310.5966248999699	
310.5966248999699	0.9349999999999454	WheelMovementIntervals													-0.38216376460448753
312.6076248999697	0.08899999999999864	WheelMovementIntervals													-0.015927389501195766
312.84401247031286	3.16769596547789	trials	-1.0	1.0	1.5		0.125	0.5	314.43462006031444	314.43450944038534	315.5116456803155	314.1886446603142	314.1897778803142	314.1306248999696	
313.2946248999697	0.15699999999998226	WheelMovementIntervals													-0.012098839971773412
314.1306248999696	1.7949999999997885	WheelMovementIntervals													1.361600592964725
316.5815053503166	3.4072035145435393	trials	-1.0	1.0	1.5		0.0625	0.5	318.4170217803184	318.41690616617467	319.4886479403195	318.1719462903182	318.1730461803182	318.24062489996913	
316.6456248999693	0.4499999999999318	WheelMovementIntervals													-0.1565051073977033
317.3336248999692	0.08099999999996044	WheelMovementIntervals													-0.011120350795228884
318.24062489996913	1.3749999999998295	WheelMovementIntervals													0.9197194593302225
320.4146248999689	0.4709999999999468	WheelMovementIntervals													-0.1706312138681989
320.56340712032056	3.6148125701524805	trials	-1.0	-1.0	0.0	0.0625		0.5	321.5946706503216	321.59391013363694	323.6780956203237	321.2785689303213	321.27966882032126	321.1466248999688	
321.1466248999688	1.3029999999998267	WheelMovementIntervals													0.6644346162354839
322.7336248999686	0.22399999999998954	WheelMovementIntervals													0.03075027841277489
324.2396248999684	0.9519999999999413	WheelMovementIntervals													-0.07327617790328489
324.7732194303248	3.0652972586997294	trials	1.0	1.0	1.5	1.0		0.5	326.25880419032626	326.25871713260614	327.33846288032737	326.00529621032604	326.006262780326	326.14362489996824	
326.14362489996824	1.5149999999998158	WheelMovementIntervals													-0.5566955760996644
328.4971136703285	3.513892736010064	trials	-1.0	1.0	1.5		0.0625	0.5	330.42378765033044	330.4237085910739	331.5109789203315	330.16124724033017	330.16218048033016	330.2956248999678	
328.58362489996796	0.28499999999996817	WheelMovementIntervals													-0.089350707377573
329.0546248999679	0.5299999999999727	WheelMovementIntervals													-0.07293217936265162
330.2956248999678	1.1839999999998554	WheelMovementIntervals													1.0080561218982647
332.08362489996756	0.18900000000002137	WheelMovementIntervals													-0.009393531433886437
332.6050028403326	2.8561935187044014	trials	-1.0	1.0	1.5		1.0	0.5	333.87320934033386	333.87309907479676	334.96116720033496	333.6549645003337	333.65579775033365	333.7706248999674	
332.8656248999675	0.3039999999999736	WheelMovementIntervals													-0.04107854728450899
333.7706248999674	1.27599999999984	WheelMovementIntervals													1.3656883542948197
335.98162489996713	0.7749999999999204	WheelMovementIntervals													0.06942800806042815
336.03999264033604	4.3483075493414844	trials	-1.0	1.0	1.5		0.0	0.5	338.8162816503388	338.816196183347	339.8882077803399	338.58830445033857	338.5894043403386	338.67462489996683	
337.69762489996697	0.1209999999999809	WheelMovementIntervals													0.013872586376590057
338.67462489996683	1.6089999999998668	WheelMovementIntervals													0.9925513041570362
340.976498940341	3.6682794556344334	trials	-1.0	1.0	1.5		0.0625	0.5	343.07038953034305	343.07028607242756	344.14468209034413	342.8107821603428	342.81164874034283	342.91762489996637	
341.0556248999666	0.37999999999999545	WheelMovementIntervals													-0.08559518006380085
341.72062489996654	0.2959999999999354	WheelMovementIntervals													-0.03014583406348237
342.91762489996637	1.6179999999998245	WheelMovementIntervals													0.36966015199835667
345.08062489996615	0.41299999999995407	WheelMovementIntervals													-0.04357095103521136
345.23797275034525	3.5729169662076288	trials	-1.0	1.0	1.5		1.0	0.5	347.23357317034726	347.2334811091156	348.3108321003483	347.004796050347	347.005929270347	346.98562489996596	
345.91862489996606	0.3459999999999468	WheelMovementIntervals													-0.05769267025828295
346.98562489996596	1.3739999999998531	WheelMovementIntervals													0.8884481691041373
349.13462489996573	0.2109999999999559	WheelMovementIntervals													-0.018107029906054173
349.3966901703494	2.9578787977247316	trials	1.0	1.0	1.5	1.0		0.5	350.77858530035076	350.7784793312804	351.85451103035183	350.5379427003505	350.5388759403505	350.6896248999655	
350.6896248999655	1.4749999999998522	WheelMovementIntervals													-0.6004090944299216
353.01336180035304	3.3307092267262988	trials	1.0	1.0	1.5	0.25		0.5	354.7554875703548	354.75536505701007	355.84401204035584	354.4438854003545	354.44481864035447	354.5236248999651	
353.0356248999653	0.7779999999999063	WheelMovementIntervals													-0.10853665727748574
354.5236248999651	1.6039999999998145	WheelMovementIntervals													-0.2971176593222902
356.83362489996483	0.769999999999925	WheelMovementIntervals													-0.08423487059062751
356.9395691403569	3.081502859698446	trials	1.0	1.0	1.5	1.0		0.5	358.43618613035846	358.4360695578607	359.5210109703595	358.1877776403582	358.1887442103582	358.1566248999647	
358.1566248999647	1.3259999999998513	WheelMovementIntervals													-0.3979118901624705
360.1746248999645	0.16699999999997317	WheelMovementIntervals													-0.019545812574103927
360.5956701603606	3.575488934128998	trials	-1.0	1.0	1.5		1.0	0.5	362.5883708703626	362.5882628788503	363.67112925036366	362.37749196036236	362.3783252103624	362.41062489996426	
360.72562489996443	0.5039999999999623	WheelMovementIntervals													-0.05094808088596281
361.53962489996434	0.08600000000001273	WheelMovementIntervals													-0.004171726717250301
362.41062489996426	1.7319999999998004	WheelMovementIntervals													1.1965998265758255
364.74695499036477	4.263314462976666	trials	1.0	1.0	1.5	1.0		0.5	367.4320531203674	367.4319628394668	368.5102452903685	367.1935769703672	367.1945768703672	367.3096248999637	
364.88262489996396	1.0659999999999172	WheelMovementIntervals													-0.12056212650659948
367.3096248999637	1.8359999999997854	WheelMovementIntervals													-0.45621243373605935
369.54062489996346	0.963999999999885	WheelMovementIntervals													-0.08913861902840559
369.6044691903696	4.606083959076955	trials	1.0	1.0	1.5	0.125		0.5	372.6316664403726	372.63155733399344	373.7104918803737	372.33742920037236	372.3384957603723	372.3146248999632	
370.6746248999633	0.34499999999997044	WheelMovementIntervals													-0.03279834781109425
371.34962489996326	0.2449999999999477	WheelMovementIntervals													0.03130985528765873
372.3146248999632	1.3999999999998067	WheelMovementIntervals													-0.7591021810773979
374.5276248999629	0.20999999999997954	WheelMovementIntervals													-0.06675216975108089
374.8077488103748	3.979602443984504	trials	-1.0	1.0	1.5		0.25	0.5	377.2142414703772	377.2141490788449	378.28726749037827	376.97089914037696	376.971765720377	377.0936248999626	
375.9086248999628	0.08999999999997499	WheelMovementIntervals													-0.015951396904692494
377.0936248999626	1.4789999999998713	WheelMovementIntervals													1.0942458560067987
379.1906248999624	0.09499999999997044	WheelMovementIntervals													-0.030491423699735343
379.46874933037947	3.5078932680925163	trials	1.0	-1.0	0.0		0.0	0.5	380.3947233903804	380.3937470278595	382.47661518038245	380.07692184038007	380.0780550603801	379.9446248999623	
379.9446248999623	0.6089999999999236	WheelMovementIntervals													-0.4177274384719212
380.79662489996224	0.055999999999983174	WheelMovementIntervals													-0.0036892751864519013
383.22762489996194	1.1469999999998777	WheelMovementIntervals													-0.11913173244422914
383.5704391203836	3.366905461391923	trials	1.0	1.0	1.5	0.25		0.5	385.36542627038534	385.3653409656563	386.43725241038646	385.03715910038505	385.03829232038504	385.16162489996174	
385.16162489996174	1.4209999999998217	WheelMovementIntervals													-0.31294568433458014
387.3216248999615	0.11400000000003274	WheelMovementIntervals													0.026941855765498346
387.5293431903875	3.6472809638258923	trials	-1.0	-1.0	0.0	0.0625		0.5	388.5902370903886	388.5894370761562	390.67659510039067	388.3100984403883	388.3108983603883	387.80162489996144	
387.80162489996144	1.2389999999998622	WheelMovementIntervals													0.4259862321599508
390.9736248999611	0.06599999999997408	WheelMovementIntervals													-0.023788185238664994
391.7737187103918	3.546690170806073	trials	-1.0	1.0	1.5		0.25	0.5	393.73932213039376	393.73921215492686	394.8203806803948	393.4870140303935	393.48814725039347	393.6146248999608	
391.940624899961	0.87399999999991	WheelMovementIntervals													0.13223879050942688
393.6146248999608	1.2119999999998754	WheelMovementIntervals													0.6738641492666764
395.9113049103959	3.032206107428408	trials	-1.0	1.0	1.5		0.0625	0.5	397.3639263003974	397.36380687795605	398.44341834039847	396.97629840039696	396.977098320397	396.91562489996045	
396.13762489996054	0.36199999999996635	WheelMovementIntervals													-0.056553715944680505
396.91562489996045	4.115999999999531	WheelMovementIntervals													0.6792117265649704
399.52860981039953	4.258105598811653	trials	-1.0	1.0	1.5		0.25	0.5	402.2158077304022	402.2157120814505	403.2866673004033	401.98676397040197	401.98773054040197	402.10362489995987	
401.18362489995997	0.19099999999997408	WheelMovementIntervals													-0.01537718109104258
402.10362489995987	1.4719999999998663	WheelMovementIntervals													0.839093513565297
404.3016248999596	0.6739999999999213	WheelMovementIntervals													-0.11424600919968952
404.4862140004045	2.922687990936538	trials	-1.0	1.0	1.5		0.0	0.5	405.82741320040583	405.8273075722585	406.9088050504069	405.5762716504056	405.57730488040556	405.71262489995945	
405.71262489995945	2.2459999999997535	WheelMovementIntervals													0.6782695381139572
407.986997220408	2.8661929718080614	trials	-1.0	1.0	1.5		0.125	0.5	409.2845007904093	409.28439313375384	410.35319391041037	409.019927250409	409.020893820409	408.9316248999591	
408.35962489995916	0.15300000000002	WheelMovementIntervals													-0.03518211941270444
408.9316248999591	1.449999999999875	WheelMovementIntervals													0.6331463128761943
410.9426248999589	0.963999999999885	WheelMovementIntervals													-0.07851246930788847
411.42838638041144	4.0081077770244065	trials	-1.0	-1.0	0.0	0.125		0.5		412.8561884383519	414.93643554041495	412.75881999041275	412.75985322041277		
412.6536248999587	0.5309999999999491	WheelMovementIntervals													0.8362355974842028
415.69162489995836	1.2319999999998572	WheelMovementIntervals													-0.16705187871949434
416.028293010416	3.580615275141213	trials	1.0	1.0	1.5	0.25		0.5	418.020593760418	418.02050039653057	419.10885159041914	417.54314151041757	417.5441080804176	417.67062489995817	
417.67062489995817	1.650999999999783	WheelMovementIntervals													-0.6135892716479745
419.7706248999579	0.5139999999999532	WheelMovementIntervals													-0.04691712320335384
420.2063085004202	2.280087350128383	trials	-1.0	1.0	1.5		1.0	0.5	420.9154042504209	420.9153036340791	421.986297150422	420.7029921604207	420.70405872042073	420.82662489995784	
420.82662489995784	1.3909999999997922	WheelMovementIntervals													1.2813558153132085
423.0691888504231	3.856991546884103	trials	-1.0	1.0	1.5		0.0625	0.5	425.34959412042537	425.3494826704314	426.4261197904264	425.02575984042505	425.02662642042503	425.04862489995736	
423.08462489995753	0.5719999999999459	WheelMovementIntervals													-0.06254228235092008
424.13562489995746	0.05299999999999727	WheelMovementIntervals													-0.014637297458893528
424.5036248999574	0.16100000000000136	WheelMovementIntervals													0.015358432273147926
425.04862489995736	1.9879999999997722	WheelMovementIntervals													0.4583119344633175
427.52277678042753	4.280203745025517	trials	-1.0	-1.0	0.0	0.0		0.5	429.2235733504292	429.22277747351245	431.3029320604313	429.002928750429	429.003895320429	429.1036248999569	
427.90062489995705	0.5949999999999136	WheelMovementIntervals													-0.10096509226806205
429.1036248999569	0.4779999999999518	WheelMovementIntervals													0.9015989022371311
432.22562489995653	0.19100000000003092	WheelMovementIntervals													-0.07023790682588782
432.5019788104325	2.4398994720676797	trials	-1.0	1.0	1.5		0.0	0.5	433.36789221043335	433.3677779133949	434.44178481043446	433.0587564604331	433.05985635043305	432.7806248999565	
432.7806248999565	2.0589999999997985	WheelMovementIntervals													0.525765175836737
435.23062489995624	0.22999999999996135	WheelMovementIntervals													-0.05745557685728997
435.52297668043553	4.568788190693795	trials	-1.0	-1.0	0.0	0.0625		0.5	437.5117777804375	437.5104711081867	439.5917031004396	437.15248038043717	437.15344695043717	437.275624899956	
435.85162489995616	0.18899999999996453	WheelMovementIntervals													-0.019964441163892843
437.275624899956	1.7539999999998486	WheelMovementIntervals													1.327582221781583
440.17862489995565	0.49099999999998545	WheelMovementIntervals													-0.05312835528659221
440.67696123044067	2.342208772576555	trials	-1.0	1.0	1.5		1.0	0.5	441.44055153044144	441.44046343813335	442.5191436604425	441.25250367044123	441.25337025044126	441.2776248999556	
441.2776248999556	1.546999999999798	WheelMovementIntervals													0.9466561660300208
443.5923696604436	3.0767020923410655	trials	1.0	1.0	1.5	1.0		0.5	445.0960526104451	445.0959697055711	446.16901197044615	444.84227799044487	444.84331122044483	444.94762489995514	
443.9416248999553	0.37099999999992406	WheelMovementIntervals													0.02408744775972771
444.94762489995514	1.7119999999998186	WheelMovementIntervals													-0.29585786271738534
446.86662489995496	0.14599999999995816	WheelMovementIntervals													-0.01063984137978835
447.2575697704473	3.0175806788913633	trials	-1.0	1.0	1.5		1.0	0.5	448.6948593604487	448.6947596157956	449.77511799044976	448.45884963044847	448.45991619044844	448.48362489995475	
447.3936248999549	0.28499999999996817	WheelMovementIntervals													-0.019180541792595207
448.48362489995475	1.470999999999833	WheelMovementIntervals													1.0335829479039464
450.7876248999545	0.6839999999999122	WheelMovementIntervals													0.03408983186051451
450.84394443045085	4.198290944463963	trials	-1.0	-1.0	0.0	0.0625		0.5	452.46951519045246	452.46874015180794	454.54217457045456	452.2023419104522	452.2031751604522	452.32462489995436	
452.32462489995436	0.4179999999999495	WheelMovementIntervals													0.47233181752499753
455.14062489995405	0.3839999999999577	WheelMovementIntervals													-0.03483587027219137
455.63633181045566	6.482523255907552	trials	-1.0	1.0	1.5		0.125	0.5	460.54224117046056	460.54214789641	461.6188001704616	460.25217018046027	460.25303676046025	460.43562489995344	
456.05562489995395	0.6639999999998736	WheelMovementIntervals													-0.06752642168045142
457.47962489995376	0.3699999999999477	WheelMovementIntervals													-0.43255504427373204
458.2896248999537	0.6009999999998854	WheelMovementIntervals													-0.13983249318877888
459.39062489995354	0.1290000000000191	WheelMovementIntervals													0.03197132996479546
460.43562489995344	2.045999999999765	WheelMovementIntervals													0.46116946836056094
462.7361550904627	2.3216831364736095	trials	1.0	1.0	1.5	0.25		0.5	463.47624774046346	463.4761490780591	464.55773958046456	463.22447292046326	463.22533950046324	463.19262489995316	
463.19262489995316	1.4049999999998022	WheelMovementIntervals													-0.5676994251537746
465.3786248999529	0.6439999999999486	WheelMovementIntervals													0.09387873686867643
465.63833151046566	2.897190475063951	trials	1.0	1.0	1.5	0.25		0.5	466.96823184046696	466.96812576158993	468.03545844046806	466.7019918004667	466.7029583704667	466.78362489995277	
466.78362489995277	2.1009999999997717	WheelMovementIntervals													-0.6738221919782656
469.12191645046914	3.1359984647227748	trials	1.0	1.0	1.5	1.0		0.5	470.6751277804707	470.67501420438106	471.7578528304718	470.4080211604704	470.4088877404704	470.29162489995235	
469.29462489995245	0.7149999999999181	WheelMovementIntervals													-0.13072398253758521
470.29162489995235	1.5029999999998154	WheelMovementIntervals													-0.29775896223850573
472.6736248999521	0.603999999999985	WheelMovementIntervals													-0.04772729099031103
472.84201107047284	2.9664120204445226	trials	1.0	1.0	1.5	1.0		0.5	474.23273865047423	474.2326157678909	475.30833108047534	474.001861740474	474.002828310474	474.1246248999519	
474.1246248999519	1.4059999999998354	WheelMovementIntervals													-0.709934520452606
476.1836248999517	0.7589999999999009	WheelMovementIntervals													-0.054626047246559395
476.3885230504764	2.9354866185165633	trials	1.0	1.0	1.5	0.0		0.5	477.75531969047773	477.7552158892231	478.82394615047883	477.40168839047743	477.4027549504774	477.52062489995154	
477.52062489995154	1.3539999999998713	WheelMovementIntervals													-0.39845799888863276
479.84662489995134	0.5909999999998945	WheelMovementIntervals													-0.04008659314941987
479.9058046204799	3.262615870207526	trials	1.0	1.0	1.5	0.0625		0.5	481.5987019804816	481.5986118170326	482.6683616704827	481.21820670048123	481.2190399504812	481.32862489995114	
481.32862489995114	1.588999999999828	WheelMovementIntervals													-0.40415854951354113
483.5386248999509	1.099999999999909	WheelMovementIntervals													-0.1677121229510501
483.74232093048374	3.3324023169142833	trials	1.0	1.0	1.5	0.0		0.8	485.50451136048554	485.50442109806096	486.5746376704866	485.024626020485	485.025625920485	485.0796248999507	
485.0796248999507	1.581999999999823	WheelMovementIntervals													-0.3803906742327108
487.70062489995047	0.724999999999909	WheelMovementIntervals													-0.06229656373503012
487.73812131048777	2.8299961868099217	trials	-1.0	1.0	1.5		1.0	0.8	488.988796230489	488.9887187415937	490.0680216304901	488.75125332048873	488.75225322048874	488.89362489995034	
488.89362489995034	1.5179999999998017	WheelMovementIntervals													1.5047502990589283
491.14101432049114	2.366480335354254	trials	1.0	1.0	1.5	1.0		0.8	491.9283022504919	491.92820711390135	493.00746099049303	491.70812427049174	491.7091908304917	491.38562489995	
491.38562489995	2.3909999999997353	WheelMovementIntervals													-0.47990684356380164
494.0760874504941	2.880821105759992	trials	1.0	1.0	1.5	1.0		0.8	495.3750908704954	495.3749956140414	496.45684935049644	495.1180165804951	495.1191164704951	495.2496248999496	
494.1936248999497	0.3069999999999595	WheelMovementIntervals													-0.07087574723658463
495.2496248999496	1.2059999999999036	WheelMovementIntervals													-0.46492503691317744
497.36762489994936	0.27899999999999636	WheelMovementIntervals													-0.03985733827194515
497.5256091304975	2.915889947909875	trials	1.0	1.0	1.5	0.125		0.8	498.8558094304989	498.8557036328899	499.9414008604999	498.5846698804986	498.5857364404986	498.4146248999493	
498.4146248999493	1.8149999999997704	WheelMovementIntervals													-0.4720461898648498
500.872624899949	0.21299999999996544	WheelMovementIntervals													-0.05686361068319634
501.002294760501	2.449002502999349	trials	-1.0	1.0	1.5		1.0	0.8	501.8786071205019	501.878494582685	502.95126651050293	501.65109654050167	501.65202978050166	501.7776248999489	
501.7776248999489	1.2509999999998627	WheelMovementIntervals													1.2910467319225454
503.42062489994873	0.2209999999999468	WheelMovementIntervals													-0.024649143145575536
504.008094150504	2.842994234142054	trials	1.0	1.0	1.5	0.125		0.8	505.2876995105053	505.28759065546063	506.35102650050635	504.990395910505	504.991295820505	505.15962489994854	
504.08062489994865	0.1519999999999868	WheelMovementIntervals													-0.037354982640229295
505.15962489994854	2.472999999999729	WheelMovementIntervals													-0.342027690397007
507.43468479050745	2.4998896795549967	trials	1.0	1.0	1.5	1.0		0.8	508.35859239050836	508.3584802376782	509.43448479050943	508.1233492505081	508.12424916050816	508.1846248999482	
508.1846248999482	1.2509999999998627	WheelMovementIntervals													-0.5336952843113849
510.21762489994796	0.32699999999994134	WheelMovementIntervals													-0.02329409784182168
510.5898692405106	2.499995521672929	trials	1.0	1.0	1.5	0.0		0.8	511.5088773305115	511.5087668593386	512.5898692205126	511.2571025105113	511.25820240051127	511.23962489994784	
511.23962489994784	1.6839999999997985	WheelMovementIntervals													-0.37034637797662207
513.5246248999476	0.22499999999990905	WheelMovementIntervals													-0.03317801995473424
513.6693612605137	5.421198989674281	trials	1.0	1.0	1.5	1.0		0.8	517.5082773305176	517.5081591288761	518.5905024305185	517.3007980805173	517.3017646505173	517.3326248999473	
514.2616248999475	0.17700000000002092	WheelMovementIntervals													-0.014754305467135964
514.6386248999476	1.944999999999709	WheelMovementIntervals													-1.2829393579562716
517.3326248999473	3.2859999999996035	WheelMovementIntervals													-0.3219777994177022
519.7022579105197	3.1651948692691576	trials	-1.0	1.0	1.5		0.0	0.8	521.2929654905213	521.2928543271338	522.3673580405224	521.000694720521	521.001694620521	521.0356248999468	
521.0356248999468	2.7239999999997053	WheelMovementIntervals													0.4957084000767633
523.4530494605234	3.8367221831508687	trials	-1.0	-1.0	0.0	0.0		0.8	524.7106236905247	524.7096560709267	526.7897490905268	524.4239856905244	524.4249522605244	524.5646248999465	
524.5646248999465	1.861999999999739	WheelMovementIntervals													0.38227249351837855
526.8866248999462	0.14599999999995816	WheelMovementIntervals													0.024145178436851822
527.8860727805279	2.6705814701864483	trials	1.0	1.0	1.5	0.0		0.8	528.980163360529	528.9800643705829	530.0566557005301	528.4839129905284	528.4848795605285	528.590624899946	
528.590624899946	1.4229999999998881	WheelMovementIntervals													-0.36354402552850296
530.7736248999457	0.5090000000000146	WheelMovementIntervals													-0.07715776008834929
531.1355478005312	2.4318017246826003	trials	-1.0	1.0	1.5		0.25	0.8	531.999661380532	531.9995477027131	533.0672879405331	531.8339779505318	531.8348445305319	531.6746248999457	
531.6746248999457	1.3649999999997817	WheelMovementIntervals													1.0996450741585022
534.1386474605341	2.617915293908709	trials	1.0	1.0	1.5	0.0625		0.8	535.1875425605352	535.1874523857936	536.2565023205362	534.8404772705348	534.8414438405348	534.9596248999453	
534.9596248999453	1.407999999999788	WheelMovementIntervals													-0.40992445300338964
537.039624899945	0.849999999999909	WheelMovementIntervals													0.09901250510070803
537.3221624105373	2.9678764469121006	trials	1.0	1.0	1.5	0.25		0.8	538.7137565705387	538.7136504299793	539.7899489405398	538.3338279005384	538.3347278105383	538.4576248999449	
538.4576248999449	1.6299999999998818	WheelMovementIntervals													-0.47342097041556563
540.7016248999447	0.63799999999992	WheelMovementIntervals													-0.05444253403711663
540.969131010541	3.0706044566871924	trials	-1.0	1.0	1.5		1.0	0.8	542.4680477705425	542.4679322096814	543.5396406005435	542.2337378705422	542.2346711105422	542.3456248999445	
541.5566248999446	0.056999999999902684	WheelMovementIntervals													-0.001335412154501725
542.3456248999445	1.5499999999998408	WheelMovementIntervals													1.1402875242052222
544.3926248999443	0.59599999999989	WheelMovementIntervals													-0.1022228250646382
544.6063339205446	2.7940992606870623	trials	-1.0	1.0	1.5		0.25	0.8	545.8319446805458	545.8318327190752	546.900337830547	545.6000345405456	545.6009344505457	545.738624899944	
545.738624899944	1.3399999999999181	WheelMovementIntervals													1.3345675872722556
547.6826248999439	0.10099999999999909	WheelMovementIntervals													-0.048888809470749806
547.972330620548	2.600414425689678	trials	-1.0	1.0	1.5		0.125	0.8	548.998927950549	548.9988355255474	550.0727205605501	548.7395872205487	548.7405537905488	548.8486248999437	
548.1026248999439	0.3989999999998872	WheelMovementIntervals													0.01686766398309736
548.8486248999437	1.654999999999859	WheelMovementIntervals													0.7474635623032597
551.1466248999435	0.7499999999998863	WheelMovementIntervals													0.05544236590080587
551.1533458205512	3.353179237820541	trials	1.0	1.0	1.5	0.125		0.8	552.9231354905529	552.9230338074875	554.006493810554	552.4501494605524	552.4511493605524	552.6226248999434	
552.6226248999434	1.9239999999997508	WheelMovementIntervals													-0.40205366318961744
555.086619120555	2.4134042821600588	trials	1.0	1.0	1.5	0.0		0.8	555.934434330556	555.9343199221566	556.999961100557	555.6166661105556	555.6177660005557	555.5256248999431	
555.5256248999431	2.21899999999971	WheelMovementIntervals													-0.4190940510318306
558.0306248999427	0.06299999999998818	WheelMovementIntervals													-0.0036728219571031673
558.058221930558	3.9978082741714616	trials	-1.0	-1.0	0.0	0.0625		0.8	559.4787132005595	559.4777241583288	561.5560054505615	559.2063071105592	559.2073736705593	559.3266248999427	
559.3266248999427	1.5859999999997854	WheelMovementIntervals													0.7618986522652165
562.1866248999423	0.7859999999998308	WheelMovementIntervals													0.21013567270327194
562.6523291405626	3.7140759727927843	trials	-1.0	-1.0	0.0	0.0625		0.8	563.7916152005638	563.7908211623285	565.8663410405659	563.5498393805635	563.5509726005636	563.6786248999422	
563.6786248999422	0.58199999999988	WheelMovementIntervals													0.9260001493135785
566.953299000567	4.7298207452980705	trials	-1.0	1.0	1.5		0.0625	0.8	570.1026173705701	570.1025114815742	571.1830093205712	569.8222454105698	569.8231786505698	569.8526248999415	
567.1256248999417	1.0709999999999127	WheelMovementIntervals													-0.10709617577699504
568.3816248999416	0.33799999999996544	WheelMovementIntervals													-0.022108383927539776
569.8526248999415	1.7869999999998072	WheelMovementIntervals													0.8490803710573278
572.4034206005724	3.2294892820303858	trials	1.0	1.0	1.5	1.0		0.8	574.0633879205741	574.0633140637882	575.1328476305752	573.8390436905738	573.8401102505738	573.945624899941	
572.5226248999412	0.8429999999998472	WheelMovementIntervals													-0.08209761426549456
573.945624899941	1.2229999999998427	WheelMovementIntervals													-0.3537137802028436
576.0756248999407	0.7829999999999018	WheelMovementIntervals													-0.09052083626885832
576.2200055705762	3.562889137355455	trials	-1.0	1.0	1.5		0.0625	0.2	578.2051070405782	578.2049984044096	579.2827992605793	577.8728069405779	577.8737068505778	577.9846248999405	
577.9846248999405	1.6339999999999009	WheelMovementIntervals													0.9642228065533427
580.3166248999403	0.49699999999995725	WheelMovementIntervals													-0.045435431134201565
580.3693905905803	3.180093548213449	trials	1.0	1.0	1.5	0.25		0.2	581.973896790582	581.9737863265516	583.0493892305831	581.4553486505814	581.4563152205815	581.5546248999401	
581.5546248999401	1.7509999999998627	WheelMovementIntervals													-0.4459954451380348
584.0246248999399	0.7869999999999209	WheelMovementIntervals													-0.05447657353953694
584.1357805805842	3.2195183588830787	trials	-1.0	1.0	1.5		0.0625	0.2	585.7748833205858	585.7747889086453	586.8552752705868	585.4888452605855	585.4899451505855	585.5486248999397	
585.5486248999397	3.6139999999996917	WheelMovementIntervals													1.017020072078319
587.9419999205879	3.490595297677828	trials	1.0	1.0	1.5	1.0		0.2	589.8684739205898	589.8683962216978	590.9325008405909	589.6325641805896	589.6335307505897	589.7576248999393	
589.7576248999393	1.338999999999828	WheelMovementIntervals													-0.3864738153303815
591.5546248999391	0.5899999999999181	WheelMovementIntervals													-0.05682968562423163
592.0198920905921	2.979182541909722	trials	-1.0	1.0	1.5		1.0	0.2	593.4357838205934	593.4356828435641	594.4990441505945	593.1218485505931	593.1228151205931	593.0016248999389	
593.0016248999389	1.3939999999998918	WheelMovementIntervals													0.69404480710695
595.5857688005956	3.619511912567873	trials	-1.0	1.0	1.5		0.0625	0.2	597.6190654505976	597.6189743688293	598.7052234905987	597.3383935205974	597.3393934205974	597.5216248999384	
595.9106248999386	0.8429999999998472	WheelMovementIntervals													-0.24043604171763455
597.5216248999384	1.0649999999999409	WheelMovementIntervals													0.3797230562485989
599.3816248999382	0.7299999999999045	WheelMovementIntervals													-0.05672340346641391
599.8031803505999	2.629301944793383	trials	-1.0	1.0	1.5		1.0	0.2	600.8662740306008	600.8661803282804	601.9324007406019	600.6324307506006	600.6333306606007	600.7506248999381	
600.7506248999381	1.2359999999998763	WheelMovementIntervals													1.1646612131369913
602.8576248999378	1.2609999999998536	WheelMovementIntervals													-0.2006297047155794
603.1368802806031	3.4345993245754016	trials	-1.0	1.0	1.5		0.0625	0.2	605.002860330605	605.0027788271378	606.0714534606061	604.7885817606048	604.7896149906048	604.7556248999376	
604.7556248999376	1.6949999999998226	WheelMovementIntervals													0.7289369993405312
607.0606248999374	0.3289999999999509	WheelMovementIntervals													-0.02919335737995077
607.1678771406072	2.414376179640044	trials	-1.0	1.0	1.5		0.0	0.2	608.0138592006081	608.0137680942915	609.0822523506091	607.7821490406078	607.7832156006078	607.7986248999373	
607.7986248999373	1.6429999999998017	WheelMovementIntervals													0.47546661540809687
610.1535452106101	2.678608916832218	trials	-1.0	1.0	1.5		1.0	0.2	611.2587680106112	611.2586480642597	612.3321273306124	611.071386750611	611.072486640611	611.0756248999369	
610.305624899937	0.48299999999994725	WheelMovementIntervals													0.04045080650289634
611.0756248999369	1.1779999999998836	WheelMovementIntervals													1.0778376942682026
613.1886248999367	0.529999999999859	WheelMovementIntervals													-0.06106181336793348
613.4026536006135	2.986110347290719	trials	-1.0	1.0	1.5		0.0625	0.2	614.8153456506149	614.8152575493677	615.8886716406159	614.5384400106145	614.5394399106145	614.6156248999365	
614.6156248999365	1.671999999999798	WheelMovementIntervals													0.6402992764059423
616.7566248999362	0.14800000000002456	WheelMovementIntervals													-0.007650286097337755
616.9692635706169	5.012676671428494	trials	1.0	-1.0	0.0		0.0625	0.2	619.4156855706194	619.4146512143091	621.4818789306215	617.8651406406178	617.8660405506179	619.219624899936	
619.219624899936	1.4099999999998545	WheelMovementIntervals													-0.4705843935905403
622.5858351906226	3.768699082878129	trials	-1.0	1.0	1.5		0.0	0.2	624.7712499606248	624.7711334991154	625.8544749606259	624.5382066006246	624.5392731606246	624.5906248999354	
622.6346248999356	1.2279999999999518	WheelMovementIntervals													0.36231875426953053
624.5906248999354	1.2169999999998709	WheelMovementIntervals													0.644377522821431
626.952531810627	2.829196050086125	trials	-1.0	1.0	1.5		1.0	0.2	628.2067397106282	628.2066291732094	629.2817322006293	627.981628890628	627.982562130628	628.085624899935	
627.0396248999351	0.3369999999999891	WheelMovementIntervals													-0.0789288430697006
628.085624899935	1.2779999999997926	WheelMovementIntervals													1.0859237548936633
630.3546248999348	0.19899999999995543	WheelMovementIntervals													-0.06252010733746616
630.3571246506303	3.2474162296871327	trials	-1.0	1.0	1.5		0.25	0.2	632.028224190632	632.0281319727319	633.1044498906331	631.8039799506319	631.8048132006318	631.9306248999346	
630.9676248999348	0.24499999999989086	WheelMovementIntervals													0.06227444875085908
631.9306248999346	1.1149999999998954	WheelMovementIntervals													1.4498663271029137
633.5156248999344	0.6429999999999154	WheelMovementIntervals													0.08012439733447252
634.1888414406342	2.3325995455227257	trials	-1.0	1.0	1.5		0.0	0.2	634.946932290635	634.9468406430298	636.021324840636	634.7147888406347	634.7157554106348	634.8186248999343	
634.8186248999343	1.9339999999997417	WheelMovementIntervals													0.8476109046698141
637.2204382506372	2.6776809145693505	trials	-1.0	1.0	1.5		0.125	0.2	638.3229279906383	638.3228295698435	639.3980871306394	638.0649204606381	638.0660536806381	638.1956248999339	
637.313624899934	0.1290000000000191	WheelMovementIntervals													-0.003121606852936054
638.1956248999339	1.2049999999998136	WheelMovementIntervals													0.6828647542786044
639.9696248999337	0.5469999999999118	WheelMovementIntervals													0.019614197621667273
640.4765126106405	2.4714984671968523	trials	-1.0	1.0	1.5		0.125	0.2	641.3830219506414	641.3829113150183	642.4479487806425	641.1540781806411	641.1549780906412	641.2606248999335	
641.2606248999335	1.279999999999859	WheelMovementIntervals													0.6707820186640845
643.5197082606435	3.428200005971007	trials	-1.0	-1.0	0.0	0.0625		0.2	644.3772558306443	644.3764077623401	646.4478487506465	644.0703198606441	644.071286430644	644.1896248999333	
644.1896248999333	0.39399999999989177	WheelMovementIntervals													0.4284750903001644
647.5427059206476	3.4948953398635467	trials	-1.0	1.0	1.5		0.25	0.2	649.4577144006495	649.4576022714765	650.5376064006506	649.2536681406492	649.2545013906492	649.3136248999327	
647.8226248999329	0.6859999999999218	WheelMovementIntervals													-0.09496635341808002
649.3136248999327	1.157999999999788	WheelMovementIntervals													0.5733473812427405
651.2426248999325	0.21299999999996544	WheelMovementIntervals													-0.020739301159739654
651.6199981506517	2.284112780612759	trials	-1.0	1.0	1.5		1.0	0.2	652.3217946306523	652.3217014625685	653.4040197306534	652.1143153806521	652.1154819306521	652.2176248999324	
652.2176248999324	1.7079999999998563	WheelMovementIntervals													1.0437431403452493
654.3526248999322	0.16999999999995907	WheelMovementIntervals													-0.009184007334635425
654.4845116706545	2.629685185862286	trials	1.0	1.0	1.5	1.0		0.2	655.5529048206556	655.5528048400162	656.6141986806566	655.2811653306553	655.2820652406552	655.2686248999321	
655.2686248999321	1.435999999999808	WheelMovementIntervals													-0.485887345902448
657.6890911806577	3.2644149842883508	trials	-1.0	1.0	1.5		0.125	0.2	659.3997867606594	659.399697984637	660.4534480506604	659.1204480306591	659.1213479406591	659.2386248999316	
659.2386248999316	1.8149999999998272	WheelMovementIntervals													0.5037131220840187
661.5357064806616	3.4851971146595133	trials	-1.0	1.0	1.5		0.25	0.2	663.4578809106634	663.4578032348785	664.5208079406646	662.930833620663	662.931966840663	663.0546248999312	
661.5836248999314	0.12599999999997635	WheelMovementIntervals													-0.0116262768713149
662.0826248999313	0.10099999999999909	WheelMovementIntervals													-0.005248684305644957
663.0546248999312	1.5259999999997262	WheelMovementIntervals													0.6419986616311242
665.6039996106656	3.2994844794678784	trials	-1.0	1.0	1.5		0.0625	0.2	667.3425924006674	667.3424903791376	668.4033863106685	666.7809485706667	666.7818818106667	666.9346248999308	
665.6346248999309	0.5759999999999081	WheelMovementIntervals													-0.11324003281771056
666.9346248999308	1.4519999999997708	WheelMovementIntervals													0.5135746546068773
669.4736248999304	0.7409999999999854	WheelMovementIntervals													-0.06530044560161485
669.4758790506695	3.294702131857207	trials	-1.0	1.0	1.5		0.0625	0.2	671.2151717706712	671.215079120274	672.2704995606723	670.947331890671	670.948165140671	671.0306248999303	
671.0306248999303	1.3509999999998854	WheelMovementIntervals													0.776131178806498
673.4738792106734	3.0735022265140515	trials	-1.0	1.0	1.5		1.0	0.2	675.002592990675	675.0024793233298	676.047355170676	674.7973135206748	674.7984134106748	674.8966248999299	
673.54462489993	0.51299999999992	WheelMovementIntervals													-0.0492865563496494
674.8966248999299	2.074999999999818	WheelMovementIntervals													1.2127701185525623
677.1374794806771	2.4598991949861784	trials	1.0	1.0	1.5	1.0		0.2	678.0496882506781	678.0495784406141	679.0973168106791	677.7866812206778	677.7877144506778	677.7966248999296	
677.7966248999296	1.9019999999997026	WheelMovementIntervals													-0.36466534146382656
680.1717760206802	2.3254841338216465	trials	-1.0	1.0	1.5		0.125	0.2	680.9460652506809	680.9459700727191	681.997193460682	680.7198878706807	680.7209877606807	680.6656248999293	
680.6656248999293	1.3679999999998245	WheelMovementIntervals													0.9267903769086381
682.630624899929	0.3569999999999709	WheelMovementIntervals													-0.030319775495932788
683.060053830683	3.4702981559344153	trials	-1.0	-1.0	0.0	0.0625		0.2	683.979928500684	683.9791528125927	686.030256780686	683.6864245206837	683.6872577706837	683.8186248999289	
683.8186248999289	0.4979999999999336	WheelMovementIntervals													0.6443958408563191
687.1044493506871	2.482197562709871	trials	-1.0	1.0	1.5		0.25	0.2	688.031556630688	688.0314476935424	689.0865844506891	687.7530844806878	687.7541843706878	687.8976248999285	
687.8976248999285	3.0639999999996235	WheelMovementIntervals													0.9349831027922093
690.1587438906902	3.1382969882213274	trials	1.0	1.0	1.5	1.0		0.2	691.7400524106918	691.7399413655589	692.7970133706928	691.4136183906915	691.4144516406914	691.550624899928	
691.550624899928	2.295999999999708	WheelMovementIntervals													-0.48767787276453234
693.8845379406939	2.368205875592139	trials	-1.0	1.0	1.5		0.25	0.2	694.6892574606946	694.6891392574319	695.7526511106958	694.4526477906944	694.4537476806945	694.4086248999278	
694.4086248999278	1.6749999999998408	WheelMovementIntervals													0.41057454618764666
696.8359427706969	2.3167099729275833	trials	-1.0	1.0	1.5		0.125	0.2	697.6017661806976	697.6016454058527	698.6525944206986	697.3634900106973	697.3643565906974	697.4596248999273	
697.4596248999273	1.4909999999998718	WheelMovementIntervals													0.7920594489313544
699.7358527506998	2.7440923562445505	trials	-1.0	1.0	1.5		1.0	0.2	700.9286334607009	700.9285485591255	701.979928320702	700.7134549807007	700.7143215607007	700.8226248999271	
700.0206248999272	0.05099999999993088	WheelMovementIntervals													0.005241083518249923
700.8226248999271	1.268999999999778	WheelMovementIntervals													0.9147245315638806
702.7016248999269	0.34999999999990905	WheelMovementIntervals													-0.03974121140727149
703.1902406107032	2.529192724339623	trials	-1.0	1.0	1.5		0.25	0.2	704.1379458307041	704.1378371354506	705.2193376807053	703.9195676707039	703.9206009007039	704.0206248999267	
704.0206248999267	1.3519999999998618	WheelMovementIntervals													0.7364992113875921
706.3041291907064	3.025905997187351	trials	-1.0	1.0	1.5		0.125	0.2	707.7642498307077	707.7641311193523	708.8300099107088	707.5300065907076	707.5308731707075	707.4916248999263	
706.3476248999265	0.5139999999998963	WheelMovementIntervals													0.0380731307331601
707.4916248999263	1.280999999999949	WheelMovementIntervals													0.648905245814646
709.92263397071	4.429998684450538	trials	-1.0	-1.0	0.0	0.0625		0.2	711.7851477007118	711.7841325775062	713.8526076007139	711.2695992607113	711.2704658407113	711.3836248999258	
710.0286248999261	0.2739999999998872	WheelMovementIntervals													0.02019959023926532
711.3836248999258	0.7939999999999827	WheelMovementIntervals													0.39414604136195663
714.9598302007149	3.192692183706413	trials	-1.0	1.0	1.5		0.25	0.2	716.5850343307166	716.5849252041763	717.6524609107177	716.3295598807164	716.3303931307163	716.4516248999253	
715.1956248999254	0.6469999999999345	WheelMovementIntervals													-0.08239532408196482
716.4516248999253	1.2989999999998645	WheelMovementIntervals													0.6786043114074936
718.1866248999252	0.05599999999992633	WheelMovementIntervals													-0.014883750037650856
718.7424185707188	2.3371086012158457	trials	-1.0	1.0	1.5		0.0625	0.2	719.5175077207195	719.5174207597299	720.5795015107205	719.2630331707193	719.2640330707193	719.370624899925	
719.370624899925	1.750999999999749	WheelMovementIntervals													0.6235165970481589
721.5976248999248	0.21899999999993724	WheelMovementIntervals													-0.03140148837759327
721.6597268107216	2.786598426272235	trials	1.0	1.0	1.5	0.25		0.2	722.8792048507229	722.8791252468801	723.946231470724	722.6019992407226	722.6029658107226	722.6916248999246	
722.6916248999246	1.6839999999998554	WheelMovementIntervals													-0.3286406953207681
725.036022480725	2.849493160805764	trials	1.0	1.0	1.5	0.25		0.2	726.3055288507263	726.3054185430288	727.3854208507274	726.035822490726	726.0369223807261	726.2016248999242	
726.2016248999242	1.2219999999998663	WheelMovementIntervals													-0.3606344786653466
728.465624899924	0.6419999999999391	WheelMovementIntervals													-0.12394082818543595
728.4757118107285	4.3429069196464525	trials	1.0	-1.0	0.0		0.0	0.2	730.2385021807303	730.2376138066116	732.3185608207323	729.7627830907297	729.7638496507298	729.8896248999238	
729.8896248999238	0.8179999999999836	WheelMovementIntervals													-0.5812442862160587
732.7436248999235	0.20299999999997453	WheelMovementIntervals													-0.02647994667018594
733.2816248999235	0.9929999999998245	WheelMovementIntervals													0.09380804853779168
733.4192174107334	6.093498220864831	trials	-1.0	1.0	1.5		0.0625	0.2	737.9400986107379	737.9400146069739	739.012624680739	737.6792580307377	737.6800579507377	737.8016248999229	
734.6806248999233	0.11300000000005639	WheelMovementIntervals													-0.008052798462863109
735.2346248999232	1.8919999999998254	WheelMovementIntervals													-0.9410260400625745
737.8016248999229	2.9879999999997153	WheelMovementIntervals													0.5336709368063666
740.1268132507402	3.2586759310414664	trials	1.0	1.0	1.5	1.0		0.2	741.8087117107418	741.8085997966793	742.8854040307428	741.4184174107414	741.4193173207415	741.3526248999226	
741.3526248999226	1.8159999999998035	WheelMovementIntervals													-0.30180864060657697
744.0476248999223	0.5009999999998627	WheelMovementIntervals													0.1323133597895385
744.1118813707441	4.656408507440119	trials	1.0	-1.0	0.0		0.0	0.2	746.1955729807462	746.1947842816497	748.2682656907483	745.7623163107457	745.7632495507457	745.8896248999221	
745.8896248999221	0.6959999999999127	WheelMovementIntervals													-0.5596036121161632
748.5266248999218	1.1299999999998818	WheelMovementIntervals													-0.041903318810646795
749.3711887207494	2.3577076415543843	trials	-1.0	1.0	1.5		1.0	0.2	750.1646760307502	750.164590619212	751.2287696107512	749.92909959075	749.9301994807499	749.9496248999217	
749.9496248999217	1.5639999999997372	WheelMovementIntervals													0.8744622544089076
751.9896248999214	0.58199999999988	WheelMovementIntervals													-0.04005610970008888
752.3007957307523	2.8670926868526294	trials	-1.0	1.0	1.5		0.125	0.2	753.5951662807536	753.5950915265047	754.6678256707547	753.2688989107533	753.2697988207533	753.3346248999212	
753.3346248999212	1.45699999999988	WheelMovementIntervals													0.6730740801373294
755.7456845407557	3.033205574286171	trials	-1.0	1.0	1.5		1.0	0.2	757.2198704407572	757.2197862778163	758.2787978707582	756.978861210757	756.979727790757	757.0936248999209	
755.8076248999209	0.4819999999999709	WheelMovementIntervals													-0.13178148720825789
757.0936248999209	1.5729999999997517	WheelMovementIntervals													0.7684285591198581
758.9386248999207	0.07799999999997453	WheelMovementIntervals													-0.002675262894136665
759.3536248999205	0.2599999999999909	WheelMovementIntervals													-0.08821941221893326
759.3692888107594	2.5259933785577005	trials	-1.0	1.0	1.5		0.25	0.2	760.3310592907603	760.330985528402	761.3952195307614	760.0848839107601	760.0860837907601	760.2086248999204	
760.2086248999204	1.2269999999998618	WheelMovementIntervals													0.502304469516762
762.2626248999203	0.5169999999999391	WheelMovementIntervals													-0.04469010302582532
762.4749782107625	2.8602925644171364	trials	-1.0	1.0	1.5		0.25	0.2	763.7525837707637	763.7524739965372	764.8352421607649	763.4854104907635	763.4863104007635	763.4756248999201	
763.4756248999201	1.4199999999998454	WheelMovementIntervals													0.5555199457299445
765.8716248999199	0.5839999999999463	WheelMovementIntervals													-0.09274277059891745
765.921666840766	2.896989396389813	trials	-1.0	1.0	1.5		1.0	0.2	767.2452678007672	767.2451610827864	768.3185937907683	767.028656130767	767.029589370767	767.1456248999198	
767.1456248999198	2.1979999999997517	WheelMovementIntervals													1.0968768169143956
769.4062516807694	2.3285099637120084	trials	-1.0	1.0	1.5		1.0	0.2	770.1578765107702	770.1577542509752	771.2346688207713	769.94509779077	769.94619768077	770.0516248999194	
770.0516248999194	1.3549999999999045	WheelMovementIntervals													1.022947222494004
772.3067616007723	3.038505444845555	trials	-1.0	1.0	1.5		0.25	0.2	773.7789477007738	773.7788632697385	774.8451744007749	773.5451044207736	773.5461376507735	773.651624899919	
772.4266248999191	0.22000000000002728	WheelMovementIntervals													0.017291558187530143
773.651624899919	1.4689999999998236	WheelMovementIntervals													0.7116507569630244
775.9319657107759	3.485695416108797	trials	-1.0	1.0	1.5		1.0	0.2	777.8391416407778	777.8390621085922	778.9176337807789	777.6347954107777	777.6360619507776	777.7156248999186	
776.2616248999187	0.4739999999999327	WheelMovementIntervals													-0.037808563554019514
777.7156248999186	1.3859999999998536	WheelMovementIntervals													0.93489597484486
779.4396248999184	0.25499999999999545	WheelMovementIntervals													-0.021008276488018396
780.00855801078	3.0257783422265447	trials	-1.0	1.0	1.5		1.0	0.2	781.4532468607814	781.4531467159169	782.5342720807826	781.2117376807812	781.2127042507813	781.3386248999182	
781.3386248999182	5.39599999999939	WheelMovementIntervals													0.9444907649052219
783.6242297407837	7.003806542615962	trials	-1.0	-1.0	0.0	0.125		0.2	788.0639190607881	788.0631326198226	790.1280126307902	787.4781443107875	787.4792442007874	787.5366248999175	
787.5366248999175	2.06699999999978	WheelMovementIntervals													0.4724235874019769
791.106624899917	2.2199999999998	WheelMovementIntervals													0.939996336213131
791.2407346807912	4.459195643280964	trials	-1.0	1.0	1.5		0.25	0.2	794.1298457407942	794.1297305624397	795.1999053907952	793.900968630794	793.9018018807939	793.9516248999167	
793.9516248999167	2.0179999999998017	WheelMovementIntervals													1.1087111913788412
796.3125274507963	2.4216032586084566	trials	1.0	1.0	1.5	1.0		0.2	797.1601426807972	797.1600275413027	798.2340686107982	796.7945125807968	796.7954458207968	796.9106248999165	
796.9106248999165	1.6479999999997972	WheelMovementIntervals													-0.48932487225766863
799.3090277707993	2.368806596569925	trials	-1.0	1.0	1.5		1.0	0.2	800.1087144608001	800.1086293223926	801.1777408808011	799.9110009007999	799.9120341308	799.8556248999162	
799.8556248999162	1.653999999999769	WheelMovementIntervals													1.4958363166069901
802.2516334808023	2.8095973410971737	trials	-1.0	1.0	1.5		1.0	0.2	803.4883098008034	803.488231430263	804.5611691708045	803.2671319208033	803.2679985008033	803.3686248999157	
802.3526248999159	0.2739999999998872	WheelMovementIntervals													0.11049058134197765
803.3686248999157	1.2889999999998736	WheelMovementIntervals													0.8022961094433896
805.4576248999155	0.26300000000003365	WheelMovementIntervals													-0.04542970512602551
805.6408278608056	2.642582786425919	trials	-1.0	1.0	1.5		0.25	0.2	806.7059213408068	806.7058201175071	807.7833135908078	806.3840202008064	806.3849534408064	806.4076248999154	
806.4076248999154	1.5359999999998308	WheelMovementIntervals													0.3566792314203582
808.8757043408089	2.318509269982769	trials	-1.0	1.0	1.5		0.25	0.2	809.6302288808097	809.6301067063341	810.6941224808107	809.3442241508094	809.3452240508094	809.1846248999151	
809.1846248999151	1.7429999999998245	WheelMovementIntervals													0.680949843288694
811.7842134608118	2.716605885586773	trials	-1.0	1.0	1.5		1.0	0.2	812.931298740813	812.931215101379	814.000725120814	812.7168201908128	812.7178534208127	812.8256248999147	
811.9576248999148	0.16399999999998727	WheelMovementIntervals													-0.02825408915530403
812.8256248999147	1.2369999999998527	WheelMovementIntervals													0.8654578794621841
814.6026248999145	0.38999999999987267	WheelMovementIntervals													-0.031998223036886486
815.0702181608151	2.496684803014091	trials	-1.0	1.0	1.5		0.125	0.2	816.000891750816	816.0008117509533	817.0668184808171	815.7442174208157	815.7451173308158	815.8186248999143	
815.8186248999143	1.5519999999999072	WheelMovementIntervals													0.5109376653264945
818.2917959708183	2.8022978093040365	trials	-1.0	1.0	1.5		1.0	0.2	819.5283056408196	819.5281941218468	820.5940657208206	819.3107274008194	819.3117273008194	819.424624899914	
818.353624899914	0.2880000000000109	WheelMovementIntervals													-0.07281646274422116
819.424624899914	1.6149999999997817	WheelMovementIntervals													0.9923707123631829
821.6266248999137	0.1150000000000091	WheelMovementIntervals													0.012241968655999358
821.6753909108216	2.825295985191701	trials	-1.0	1.0	1.5		0.25	0.2	822.9362981408229	822.9361882266943	824.000625030824	822.2165701208222	822.2173700408222	822.3406248999137	
822.3406248999137	1.9239999999997508	WheelMovementIntervals													-0.46880441253100713
825.0808836608251	4.046304486572922	trials	-1.0	-1.0	0.0	0.0625		0.2	826.5549362408266	826.5538845660274	828.6270956708287	826.0772840108261	826.078283910826	826.1876248999132	
825.2736248999133	0.4399999999999409	WheelMovementIntervals													-0.10360914377902475
826.1876248999132	0.5449999999999591	WheelMovementIntervals													0.34992974585422587
829.2236248999129	0.5199999999998681	WheelMovementIntervals													-0.12653576793699983
829.7185865108297	2.841894616821378	trials	-1.0	1.0	1.5		0.125	0.2	830.992492440831	830.9923832015345	832.060452300832	830.7000550208307	830.7008882708307	830.8456248999128	
829.9676248999128	0.10399999999992815	WheelMovementIntervals													-0.006298408578565784
830.8456248999128	2.2449999999996635	WheelMovementIntervals													0.5876791477147236
833.1404776208332	3.0595040159831797	trials	-1.0	1.0	1.5		0.25	0.2	834.6195963608346	834.6194785953837	835.6998883208357	834.3673549208344	834.3681548408343	834.4756248999123	
833.4856248999124	0.19700000000000273	WheelMovementIntervals													-0.03630398307258531
834.4756248999123	1.2719999999998208	WheelMovementIntervals													0.547084137262182
836.7827800208368	2.8607930129727492	trials	-1.0	1.0	1.5		0.25	0.2	838.0874828708381	838.087375922519	839.1435105908391	837.8270755808378	837.8281088108379	837.7956248999119	
836.843624899912	0.22100000000000364	WheelMovementIntervals													0.02286722838648103
837.7956248999119	1.4769999999998618	WheelMovementIntervals													0.7049972636329827
840.2238692108402	2.9090888097629204	trials	-1.0	1.0	1.5		0.25	0.2	841.5689680208416	841.5688631124399	842.6329616108426	841.3329582908414	841.3340581808413	841.3906248999116	
840.4796248999116	0.19700000000000273	WheelMovementIntervals													-0.02947285238225561
841.3906248999116	1.4609999999997854	WheelMovementIntervals													0.6359092598554028
843.7151533808437	2.6175136479275807	trials	1.0	1.0	1.5	0.0625		0.8	844.7664815708448	844.7663580587013	845.8326082808459	844.2601655408442	844.2613320908442	844.1906248999112	
844.1906248999112	2.0879999999998518	WheelMovementIntervals													-0.49036154997672554
846.906167580847	3.343108858173423	trials	1.0	1.0	1.5	0.25		0.8	848.6733575108486	848.6732712059467	849.7491832508498	848.3933855108484	848.3942520908485	848.5056248999108	
847.3676248999109	0.20299999999997453	WheelMovementIntervals													-0.052536626140835097
848.5056248999108	1.4529999999998608	WheelMovementIntervals													-0.4991034567393271
850.8253756208509	2.717979092484711	trials	1.0	1.0	1.5	0.25		0.8	851.977460400852	851.9773654878755	853.043320470853	851.7598821608518	851.7608820608517	851.8676248999104	
851.0066248999104	0.2420000000000755	WheelMovementIntervals													-0.05417767485729286
851.8676248999104	1.3229999999998654	WheelMovementIntervals													-0.39423730134688384
854.0706248999102	0.31199999999989814	WheelMovementIntervals													-0.0666345589998798
854.1143466908542	2.629100314931975	trials	1.0	1.0	1.5	0.25		0.8	855.1762404908552	855.1761460103156	856.2434004308562	854.932364880855	854.933498100855	855.0706248999101	
855.0706248999101	1.945999999999799	WheelMovementIntervals													-0.35380124732431995
857.4688445408575	2.674509083685166	trials	1.0	1.0	1.5	0.0		0.8	858.5767670708586	858.5766474749763	859.6432937408597	858.1821398708582	858.1831064408582	858.2946248999096	
858.2946248999096	1.8139999999998508	WheelMovementIntervals													-0.42702485562495696
860.7158531408608	2.733404115715757	trials	1.0	1.0	1.5	0.0625		0.8	861.8793367808619	861.879254041359	862.9491964508629	861.5991314708616	861.6000313808617	861.6416248999093	
860.7796248999094	0.22199999999998	WheelMovementIntervals													-0.029871072556261424
861.6416248999093	1.0979999999999563	WheelMovementIntervals													-0.3379805689511173
864.0232557008641	2.3424829452314953	trials	1.0	1.0	1.5	0.25		0.8	864.7957451108648	864.7956494178798	865.8656381108659	864.5263720508646	864.5273386208645	864.546624899909	
864.546624899909	1.282999999999788	WheelMovementIntervals													-0.34183050503979473
866.925732090867	2.734004207843782	trials	1.0	1.0	1.5	0.0625		0.8	868.0863493508681	868.0862330280289	869.1596420108692	867.8263753508678	867.8272752608679	867.9126248999087	
866.9706248999088	0.08999999999991815	WheelMovementIntervals													-0.04031091718024982
867.9126248999087	1.5559999999998126	WheelMovementIntervals													-0.5806934761008975
869.9206248999084	0.2279999999999518	WheelMovementIntervals													-0.05179042083425145
870.2320347608702	2.3002143706531797	trials	1.0	1.0	1.5	1.0		0.8	870.968827740871	870.9687384026184	872.032221390872	870.7492830308707	870.7502162708707	870.7276248999083	
870.7276248999083	1.5059999999998581	WheelMovementIntervals													-0.3395184116603218
872.8636248999081	0.3869999999999436	WheelMovementIntervals													0.09344707042151867
873.0904488908731	2.924988027648965	trials	1.0	1.0	1.5	0.125		0.8	874.4484464108745	874.4483424043627	875.5153730408755	874.2094369808742	874.2105035408742	874.1766248999079	
874.1766248999079	4.556999999999562	WheelMovementIntervals													-0.7008725588373821
876.5906321708766	4.558288215637049	trials	1.0	1.0	1.5	1.0		0.8	879.5737338308796	879.5736231502468	880.6488929708806	879.3593886008794	879.3604218308793	879.3296248999073	
879.3296248999073	1.58199999999988	WheelMovementIntervals													-0.408103590528512
881.7460165808817	2.346708677969559	trials	1.0	1.0	1.5	0.25		0.8	882.5206391108825	882.520518784863	883.5926652308837	882.3261585608824	882.3270251408824	882.309624899907	
882.309624899907	1.227999999999838	WheelMovementIntervals													-0.5139762211351879
884.6627248808846	4.336479738700405	trials	1.0	-1.0	0.0		0.0625	0.8	886.4326145408864	886.4317157997775	888.4991412008885	886.048686270886	886.049619510886	886.1416248999067	
885.0526248999067	0.34699999999998	WheelMovementIntervals													-0.03737215184534648
886.1416248999067	0.7589999999999009	WheelMovementIntervals													-0.5617673856014314
888.2056248999064	0.38399999999990087	WheelMovementIntervals													0.11571946538172284
889.5813996308896	3.91721700079313	trials	-1.0	1.0	1.5		1.0	0.8	891.931797900892	891.9317086312842	892.998591210893	891.7091201708918	891.7101867308917	891.3736248999061	
890.0636248999061	1.1639999999998736	WheelMovementIntervals													-0.6054764182539252
891.3736248999061	3.825999999999567	WheelMovementIntervals													1.0183996226760392
894.0755168408941	3.933485484305038	trials	1.0	1.0	1.5	1.0		0.8	896.4518125208965	896.4517068638827	897.5089401308975	896.0923818008961	896.0934483608961	896.1776248999055	
896.1776248999055	1.7699999999998681	WheelMovementIntervals													-0.44239087695562773
898.5982978508986	2.90010444088432	trials	1.0	1.0	1.5	0.125		0.8	899.9213988608999	899.9212989644077	900.998357820901	899.6151961508996	899.6160627308997	899.7776248999052	
898.6736248999052	0.1349999999999909	WheelMovementIntervals													-0.05109352130317646
899.7776248999052	4.806999999999448	WheelMovementIntervals													-0.9143101094664594
902.2340009109023	5.041503758959152	trials	1.0	1.0	1.5	0.25		0.8	905.7155860509057	905.7155021255832	906.7754800509068	905.3255250609053	905.3266249509053	905.3886248999045	
905.3886248999045	1.7849999999998545	WheelMovementIntervals													-0.4768364197162036
907.8804028809079	3.034278585545394	trials	-1.0	1.0	1.5		0.125	0.8	909.3374904909093	909.337391637841	910.4146494309105	908.6482594209086	908.6492593209086	908.5276248999041	
908.5276248999041	1.8259999999997945	WheelMovementIntervals													0.5867975159373735
911.4920750109115	2.3000133354739773	trials	1.0	1.0	1.5	1.0		0.8	912.2285013609122	912.228378319607	913.2920616609133	911.975293350912	911.9761932609119	911.9176248999038	
911.9176248999038	1.640999999999849	WheelMovementIntervals													-0.3633768515707345
914.3627879109143	3.5458910288678	trials	1.0	1.0	1.5	0.0625		0.8	916.3379903709164	916.3378817998929	917.4086499609174	915.8648376909159	915.8658042609159	915.9556248999033	
914.4026248999035	0.5259999999999536	WheelMovementIntervals													0.06763896295288419
915.9556248999033	1.8429999999997335	WheelMovementIntervals													-0.41186592801696875
918.4900751409185	2.8682927071240556	trials	-1.0	1.0	1.5		1.0	0.8	919.7895785109198	919.789470931054	920.8583716209208	919.5645676809196	919.5654009309196	919.692624899903	
918.7366248999031	0.29099999999994	WheelMovementIntervals													-0.051640462405870835
919.692624899903	1.615999999999758	WheelMovementIntervals													1.0711767036754516
921.934663980922	3.563617992728723	trials	-1.0	-1.0	0.0	0.0		0.8	922.9333307709229	922.9322684579502	924.998224260925	922.6482259509227	922.6493258409226	922.5606248999026	
922.5606248999026	0.4199999999999591	WheelMovementIntervals													0.3458376319364902
925.2576248999023	0.3269999999998845	WheelMovementIntervals													-0.05586409615535359
926.081482590926	3.416673605813571	trials	1.0	1.0	1.5	0.125		0.8	927.9309642909279	927.9308672216581	928.998124230929	927.4581449109274	927.4589115009275	927.5756248999021	
926.2226248999023	0.6859999999999218	WheelMovementIntervals													-0.26204818572521305
927.5756248999021	1.2569999999998345	WheelMovementIntervals													-0.40727404171513015
929.1276248999019	0.08100000000001728	WheelMovementIntervals													-0.023286692387475938
930.08004936093	3.1014017126564113	trials	1.0	1.0	1.5	0.125		0.8	931.6105629609316	931.6104492191391	932.6813892009327	931.1584081809311	931.1595414009312	931.3256248999016	
930.1156248999018	0.4919999999998481	WheelMovementIntervals													-0.06083836636392448
931.3256248999016	1.4079999999999018	WheelMovementIntervals													-0.5572269146107764
933.7497490209338	3.474999125238014	trials	1.0	-1.0	0.0		0.0	0.2	934.6631243409347	934.6622480034612	936.7247181609367	934.2247015209342	934.2258014109342	934.4556248999013	
934.4556248999013	0.6089999999999236	WheelMovementIntervals													-0.47523476004228016
937.211624899901	0.36799999999993815	WheelMovementIntervals													-0.05372128298007439
937.7944445109378	3.3801047004048996	trials	1.0	-1.0	0.0		0.0625	0.2	938.6183954409387	938.6175451685224	940.6744564809406	938.3470559109384	938.3480558109384	938.2076248999009	
938.2076248999009	1.3999999999998636	WheelMovementIntervals													-0.5124062946152144
940.4816248999007	2.0569999999996753	WheelMovementIntervals													-0.30973500579537827
941.7623476809417	2.9354866264254724	trials	-1.0	1.0	1.5		0.125	0.2	943.1266445709431	943.1265405364634	944.1977707809442	942.8472725109428	942.8483390709429	942.8126248999004	
942.8126248999004	2.411999999999807	WheelMovementIntervals													0.6030502312246462
945.2795292609453	2.818010536763154	trials	-1.0	1.0	1.5		0.0625	0.2	946.5325372809466	946.5324330564396	947.5974641109476	945.8913014109459	945.8922679809459	945.8216248999	
945.8216248999	1.73399999999981	WheelMovementIntervals													0.4811922482321265
948.8380400409488	4.386404284221271	trials	1.0	1.0	1.5	0.0		0.2	951.6596245209516	951.6595415102465	952.7243847009528	949.5078730509496	949.5092062509495	949.8806248998995	
948.8936248998997	0.06899999999995998	WheelMovementIntervals													-0.028912272949671802
949.8806248998995	0.8629999999999427	WheelMovementIntervals													0.19827743040406176
951.1616248998995	2.13599999999974	WheelMovementIntervals													-0.5912266600478624
953.8116426309538	3.4023034437200295	trials	1.0	-1.0	0.0		0.0625	0.2	954.6474590409547	954.646542985232	956.7138857109567	954.3476556909544	954.3487889109543	954.4906248998991	
954.4906248998991	0.7849999999998545	WheelMovementIntervals													-0.509473881638403
957.7943443209577	3.54659094345061	trials	-1.0	1.0	1.5		0.0625	0.2	959.7695134509598	959.7694381635737	960.8409063009608	959.5076063109595	959.5084395609596	959.6516248998985	
957.8836248998987	1.0519999999999072	WheelMovementIntervals													0.09179117609257759
959.6516248998985	1.487999999999829	WheelMovementIntervals													0.8468663658768136
961.922631450962	2.3183840994836373	trials	-1.0	1.0	1.5		1.0	0.2	962.6799223809627	962.6798256045769	963.7409496009637	962.4804423309625	962.4813755709625	962.5956248998982	
962.5956248998982	1.2709999999998445	WheelMovementIntervals													1.6707509024567848
964.8121091409648	4.318309934146441	trials	-1.0	-1.0	0.0	0.125		0.2	966.5556014409666	966.55481234288	968.6303939409686	966.2638972809663	966.2649305109662	966.4116248998978	
965.0646248998979	0.15599999999994907	WheelMovementIntervals													-0.06895759017046288
966.4116248998978	0.5489999999999782	WheelMovementIntervals													0.7826796757897192
969.6906248998974	0.4119999999999209	WheelMovementIntervals													0.09651713825511266
969.7214181609697	2.6764083798267393	trials	-1.0	1.0	1.5		1.0	0.2	970.8340068909708	970.8339208128723	971.8977338409719	970.5573345609706	970.5582344709705	970.6856248998973	
970.6856248998973	2.0449999999997317	WheelMovementIntervals													0.6461420035630105
972.9768259209729	3.197093181113246	trials	-1.0	1.0	1.5		0.25	0.2	974.6230946109746	974.6230213800945	975.6738228609756	974.3572878609743	974.3581544409743	974.3336248998969	
974.3336248998969	2.5129999999996926	WheelMovementIntervals													0.6405284130777531
976.7471155209768	2.393378537181775	trials	-1.0	1.0	1.5		1.0	0.2	977.5789989909775	977.5789073667378	978.6404261709787	977.3798522409774	977.3807521509774	977.4756248998966	
977.4756248998966	1.2229999999998427	WheelMovementIntervals													0.8863825321678043
979.7032865409797	3.126498259019286	trials	-1.0	1.0	1.5		1.0	0.2	981.2623972809813	981.2622846755758	982.3297238709823	981.030153840981	981.0310537509811	981.1476248998962	
980.0266248998963	0.44099999999991724	WheelMovementIntervals													0.1391882551672694
980.7656248998962	0.07399999999995543	WheelMovementIntervals													-0.008235197976908637
981.1476248998962	1.4269999999997935	WheelMovementIntervals													0.5866044847517529
983.4139821009834	2.9654136320209545	trials	-1.0	1.0	1.5		0.0625	0.2	984.8154086109848	984.8152871251406	985.8793355409858	984.5904311109846	984.5912976909846	984.7026248998958	
983.6836248998959	0.31199999999989814	WheelMovementIntervals													0.12571841287297048
984.7026248998958	2.0179999999998017	WheelMovementIntervals													0.5484896500883565
986.953394790987	2.5772890653447575	trials	-1.0	1.0	1.5		0.0	0.2	987.960394080988	987.9602897376775	989.030620380989	987.4570110909875	987.4579110009875	987.5846248998954	
987.5846248998954	1.8419999999998709	WheelMovementIntervals													0.3476783306480016
990.1115789409902	3.6853921005296115	trials	1.0	-1.0	0.0		0.0625	0.2	991.2242010009912	991.2233759545504	993.2969270409933	990.7235844009907	990.7245509709908	990.724624899895	
990.724624899895	0.49900000000002365	WheelMovementIntervals													-0.28155922805385813
991.621624899895	0.13999999999998636	WheelMovementIntervals													-0.029554843421372823
994.3436248998947	0.3129999999999882	WheelMovementIntervals													-0.0777288558980942
994.5640669809945	2.559418740017236	trials	-1.0	1.0	1.5		0.125	0.2	995.5671666609956	995.5670731493226	996.6234610209966	995.2900943709953	995.2911276009953	994.9226248998947	
994.9226248998947	1.9979999999997062	WheelMovementIntervals													0.6162455081232849
997.6666248998944	0.06700000000000728	WheelMovementIntervals													-0.01321655994509996
997.7039862909977	3.6086850024008754	trials	-1.0	-1.0	0.0	0.0625		0.2	998.7427490709988	998.7418814023125	1000.8125754010008	998.3797853709984	998.3807519409984	998.5006248998942	
998.5006248998942	0.4070000000000391	WheelMovementIntervals													0.375572364413145
1001.5966248998939	0.10199999999997544	WheelMovementIntervals													-0.02820308409106076
1001.901266521002	3.4886953600721426	trials	-1.0	-1.0	0.0	0.0625		0.2	1002.8343398710028	1002.8333647469677	1004.8899342910049	1002.4398793210024	1002.4410125410025	1002.5756248998938	
1002.5756248998938	5.7039999999993825	WheelMovementIntervals													-1.2207068709777715
1005.978458761006	17.7006908696128	trials	-1.0	1.0	1.5		1.0	0.2	1022.1041460310221	1022.1040486210594	1023.1790718610232	1021.8790685410219	1021.8800017810219	1021.9776248998917	
1008.5826248998932	1.3509999999997717	WheelMovementIntervals													-0.20846218808846118
1010.5716248998929	0.05700000000001637	WheelMovementIntervals													-0.0089659149817507
1010.9116248998929	4.987999999999374	WheelMovementIntervals													-0.8608747768906397
1016.3126248998923	0.8919999999999391	WheelMovementIntervals													-0.13553732288853482
1017.5176248998921	3.874999999999659	WheelMovementIntervals													-0.7924073046901654
1021.9776248998917	1.7859999999998308	WheelMovementIntervals													1.2903691220802678
1024.4259471610244	3.830294392599626	trials	-1.0	1.0	1.5		0.0625	0.2	1026.7020528610267	1026.7019426406384	1027.7561474410277	1026.139342471026	1026.140275711026	1026.2476248998912	
1025.3446248998912	0.05300000000011096	WheelMovementIntervals													-0.0019990284364439503
1026.2476248998912	0.47299999999995634	WheelMovementIntervals													0.2877457454352985
1027.016624899891	0.8949999999999818	WheelMovementIntervals													-0.35019260270304997
1028.846638381029	2.9260883172435115	trials	-1.0	1.0	1.5		0.25	0.2	1030.2174346210302	1030.2173319714936	1031.2726957510313	1029.97922511103	1029.98022501103	1030.0406248998906	
1028.9766248998908	0.42200000000002547	WheelMovementIntervals													0.08549939265270723
1030.0406248998906	1.4769999999998618	WheelMovementIntervals													0.7099013781428667
1032.3431220310324	2.6856086976970346	trials	-1.0	1.0	1.5		0.125	0.2	1033.4559440710334	1033.4558248060257	1034.5287034510345	1033.2296333710333	1033.2304999510332	1033.3246248998903	
1032.6226248998903	0.18399999999996908	WheelMovementIntervals													0.028610448916793985
1033.3246248998903	1.587999999999738	WheelMovementIntervals													0.6201154239201188
1035.5950301410355	3.483696134032016	trials	-1.0	1.0	1.5		0.0	0.2	1037.5136382610376	1037.5135269106045	1038.5786650810385	1036.922497381037	1036.923430621037	1037.0366248998898	
1035.75762489989	0.19699999999988904	WheelMovementIntervals													0.01861442363565402
1036.29362489989	0.08500000000003638	WheelMovementIntervals													-0.006439752184782321
1037.0366248998898	1.931999999999789	WheelMovementIntervals													0.29423010363588276
1039.6631232910397	2.326110063373335	trials	-1.0	1.0	1.5		0.25	0.2	1040.4223140310405	1040.4222259224405	1041.4891406710415	1040.1890373610402	1040.1900372610403	1040.0986248998895	
1040.0986248998895	1.481999999999971	WheelMovementIntervals													1.2330139622392053
1042.5516248998892	0.3589999999999236	WheelMovementIntervals													0.06879273851063772
1042.5623333410426	2.8836910785287273	trials	-1.0	1.0	1.5		0.25	0.2	1043.880434851044	1043.880328349369	1044.945994951045	1043.5954300210435	1043.5962966010436	1043.7376248998892	
1043.7376248998892	1.265999999999849	WheelMovementIntervals													0.6787243854767766
1045.9916248998888	0.07300000000009277	WheelMovementIntervals													-0.03736497635665614
1046.026520221046	2.995808239345706	trials	-1.0	1.0	1.5		0.0	0.2	1047.4695092410475	1047.4694232261684	1048.5222372910484	1047.0721489810471	1047.073248871047	1047.2026248998889	
1047.2026248998889	1.3159999999998035	WheelMovementIntervals													0.30007525803781476
1049.6180277010496	2.877391614793396	trials	-1.0	1.0	1.5		0.25	0.2	1050.9307297510509	1050.9306229635738	1051.995356611052	1050.6616566610508	1050.6625232410506	1050.7946248998883	
1049.9476248998885	0.14899999999988722	WheelMovementIntervals													-0.031210921890370003
1050.7946248998883	1.2690000000000055	WheelMovementIntervals													0.6327105862791385
1053.075815221053	2.952497870962816	trials	-1.0	1.0	1.5		1.0	0.2	1054.4540107210544	1054.4539132937973	1055.5282366210556	1054.1555405710542	1054.1564404810542	1054.322624899888	
1053.440624899888	0.20100000000002183	WheelMovementIntervals													-0.025147591837168193
1054.322624899888	1.2289999999998145	WheelMovementIntervals													0.8668586290564164
1056.2216248998877	0.25700000000006185	WheelMovementIntervals													-0.08886946177276656
1056.794110021057	2.667981801318547	trials	1.0	1.0	1.5	0.0625		0.2	1057.898999521058	1057.8989016569315	1058.961993211059	1057.5387022210575	1057.5400354210576	1057.7596248998875	
1057.7596248998875	1.40099999999984	WheelMovementIntervals													-0.382837103539174
1059.9026248998873	0.16200000000003456	WheelMovementIntervals													0.015057630636647445
1060.03948545106	2.5325200108227364	trials	-1.0	1.0	1.5		0.25	0.2	1061.007188671061	1061.0070923325045	1062.0719821810621	1060.7387821810607	1060.7396487610608	1060.8696248998872	
1060.8696248998872	1.5119999999999436	WheelMovementIntervals													0.6401261414809198
1063.151207581063	4.387174429650258	trials	-1.0	-1.0	0.0	0.0		0.2	1064.986590691065	1064.9855960532032	1067.038318831067	1064.1619731610642	1064.1629397310642	1064.1636248998868	
1064.1636248998868	1.0529999999998836	WheelMovementIntervals													0.28005453249089385
1067.3706248998865	0.6759999999999309	WheelMovementIntervals													-0.11022060067791983
1068.1302762910682	2.441601512608031	trials	-1.0	1.0	1.5		0.0625	0.2	1069.011088201069	1069.010976115263	1070.07181545107	1068.7444815310687	1068.7455147610688	1068.8686248998863	
1068.8686248998863	1.5919999999998709	WheelMovementIntervals													0.44345467996591736
1071.135975691071	2.3359096231049534	trials	-1.0	1.0	1.5		1.0	0.2	1071.906598621072	1071.9064782055611	1072.971825421073	1071.6950197810718	1071.6961196710718	1071.7206248998862	
1071.7206248998862	1.291999999999689	WheelMovementIntervals													1.1469053371650304
1073.422624899886	0.46699999999987085	WheelMovementIntervals													-0.10165185813892208
1074.040885171074	2.270787363802583	trials	-1.0	1.0	1.5		1.0	0.2	1074.7553803810747	1074.7552805664895	1075.8116080810757	1074.5112048010744	1074.5121047110745	1074.5966248998857	
1074.5966248998857	2.3769999999997253	WheelMovementIntervals													0.7813630903019657
1076.890966801077	2.897317493017681	trials	1.0	1.0	1.5	0.25		0.2	1078.2337658410781	1078.2336739810241	1079.2881603910794	1077.988157071078	1077.989023651078	1078.1366248998854	
1078.1366248998854	1.819999999999709	WheelMovementIntervals													-0.6018789770588882
1080.3711854110804	3.433700249029698	trials	1.0	1.0	1.5	0.25		0.2	1082.2413650410822	1082.241284457448	1083.3047920210834	1081.994256421082	1081.995289651082	1082.135624899885	
1080.922624899885	0.42399999999997817	WheelMovementIntervals													-0.031273545821868254
1082.135624899885	1.4199999999998454	WheelMovementIntervals													-0.3832503047145792
1083.8516248998847	0.9949999999998909	WheelMovementIntervals													-0.13887030103448694
1084.3912833610843	2.886291764394173	trials	1.0	1.0	1.5	0.125		0.2	1085.7192838810856	1085.7191781919248	1086.7774780510867	1085.4115479910854	1085.4125812210855	1085.6146248998846	
1085.6146248998846	1.28899999999976	WheelMovementIntervals													-0.44859178126109356
1087.6046248998844	0.1169999999999618	WheelMovementIntervals													-0.0778037827671696
1087.8592698610878	2.384705214524274	trials	-1.0	1.0	1.5		0.25	0.2	1088.6731551310886	1088.673070616813	1089.7439147110897	1088.3712853210884	1088.3721852310885	1088.5146248998842	
1088.5146248998842	1.3119999999998981	WheelMovementIntervals													0.685876277776515
1090.430624899884	0.38000000000010914	WheelMovementIntervals													-0.10076908317289224
1090.8313726210908	2.2899859029168965	trials	-1.0	1.0	1.5		1.0	0.2	1091.5581666010917	1091.5580675129074	1092.6212602810926	1091.3044919710912	1091.3054585410914	1091.428624899884	
1091.428624899884	1.1609999999998308	WheelMovementIntervals													1.0414026417989817
1093.3446248998837	0.6859999999999218	WheelMovementIntervals													-0.14976060655079948
1093.6993524610937	3.827995094418384	trials	1.0	-1.0	0.0		0.0625	0.2	1094.960726311095	1094.9597501873761	1097.0272529710971	1094.6772546610946	1094.6780879110947	1094.8176248998834	
1094.8176248998834	0.7509999999999764	WheelMovementIntervals													-0.44350309621327
1096.7866248998832	0.8810000000000855	WheelMovementIntervals													0.052540224016389914
1098.1118445010982	2.4591988118031622	trials	-1.0	1.0	1.5		0.25	0.2	1099.016454031099	1099.0163433284722	1100.0710152311	1098.6376919110987	1098.6386918110986	1098.7906248998831	
1098.7906248998831	2.2039999999997235	WheelMovementIntervals													0.8002281005668337
1101.1509405611012	2.7867101920428468	trials	-1.0	1.0	1.5		0.125	0.2	1102.3756514111024	1102.3755441610467	1103.4375452111035	1102.0940795711022	1102.094946151102	1102.2256248998826	
1102.2256248998826	2.4159999999997126	WheelMovementIntervals													0.6979136246716564
1104.7125510311048	2.4487007735394855	trials	-1.0	1.0	1.5		0.25	0.2	1105.5877301711057	1105.5876505928009	1106.6611561511068	1105.2768279311053	1105.2778944911054	1105.3826248998823	
1105.3826248998823	1.9619999999997617	WheelMovementIntervals													0.5052750610252517
1107.7273495211077	4.349678183039941	trials	-1.0	-1.0	0.0	0.0625		0.2	1109.5125043211094	1109.5117397505571	1111.5769978511116	1109.1375418211092	1109.138508391109	1109.237624899882	
1108.1106248998822	0.41899999999986903	WheelMovementIntervals													0.054189961190019176
1109.237624899882	0.6340000000000146	WheelMovementIntervals													0.300462419635231
1112.0906248998817	0.45699999999987995	WheelMovementIntervals													-0.040567451416286815
1112.6638224911126	2.4799972878527115	trials	-1.0	1.0	1.5		0.0	0.2	1113.5770311611136	1113.5769207561698	1114.6438244711146	1113.1707384611132	1113.1717716911132	1113.3206248998815	
1113.3206248998815	1.574999999999818	WheelMovementIntervals													0.4645181432569814
1115.6196248998813	0.33399999999983265	WheelMovementIntervals													-0.07183762906701929
1115.7216166811156	3.5553179644389274	trials	1.0	-1.0	0.0		0.125	0.2	1116.7080513611168	1116.7071211063246	1118.7768777911187	1116.4540101011164	1116.4550433311165	1116.5476248998812	
1116.5476248998812	0.47499999999990905	WheelMovementIntervals													-0.32450771582789883
1119.259624899881	0.6269999999999527	WheelMovementIntervals													-0.14387685800447514
1119.86833530112	2.4263015640092362	trials	-1.0	1.0	1.5		0.125	0.2	1120.7217166211208	1120.7216351477873	1121.7945426611218	1120.4202467711204	1120.4213133311205	1120.5476248998807	
1120.5476248998807	1.6249999999997726	WheelMovementIntervals													0.42860498134459135
1122.6376248998804	0.5240000000001146	WheelMovementIntervals													-0.09264539502528635
1122.8734347611228	3.336080249843235	trials	-1.0	1.0	1.5		0.0625	0.2	1124.6383249211246	1124.6382232552764	1125.7095177911258	1124.3871167111245	1124.3882499311244	1124.3746248998802	
1124.3746248998802	1.3229999999998654	WheelMovementIntervals													0.672449648145701
1126.7954091911267	2.27501389934946	trials	-1.0	1.0	1.5		1.0	0.2	1127.5173036611275	1127.5172129664863	1128.5703650111286	1127.2871933411272	1127.2881932411274	1127.40262489988	
1127.40262489988	1.16399999999976	WheelMovementIntervals													0.8162721120631886
1129.5846248998796	0.05300000000011096	WheelMovementIntervals													-0.017882042903593742
1129.6460241011296	3.9577833394196205	trials	-1.0	1.0	1.5		0.0625	0.2	1132.043817631132	1132.0437127962505	1133.1037116311331	1130.3769176711303	1130.3778175811303	1130.4586248998796	
1130.4586248998796	0.63799999999992	WheelMovementIntervals													0.23580337905755755
1131.4886248998796	1.9339999999997417	WheelMovementIntervals													0.3107453308812964
1134.193302661134	2.810197283034995	trials	1.0	1.0	1.5	0.25		0.2	1135.4486104511354	1135.4485005542626	1136.5034382911365	1135.1768709611351	1135.1777375411352	1135.346624899879	
1134.5896248998793	0.3939999999997781	WheelMovementIntervals													-0.10241581000870781
1135.346624899879	1.2209999999997763	WheelMovementIntervals													-0.40130349440291013
1137.5436248998788	0.20900000000006003	WheelMovementIntervals													-0.022463164574887173
1137.5831969711376	2.6538112000248475	trials	-1.0	1.0	1.5		1.0	0.2	1138.6744211711386	1138.6743003425436	1139.7369482411398	1138.4602092611385	1138.4613424811384	1138.4066248998788	
1138.4066248998788	1.4079999999996744	WheelMovementIntervals													1.0778350291403953
1140.8046248998785	0.28099999999994907	WheelMovementIntervals													-0.13496501454790177
1140.8163069611408	3.4433992499277792	trials	1.0	1.0	1.5	0.25		0.8	1142.6978854511426	1142.6978054584813	1143.7596459311437	1142.3095576211424	1142.3106241811424	1142.4016248998782	
1141.5566248998784	0.0929999999998472	WheelMovementIntervals													0.007915339028436108
1142.4016248998782	1.4239999999999782	WheelMovementIntervals													-0.3543937303982361
1144.8481037411448	4.145096158378465	trials	-1.0	-1.0	0.0	0.25		0.8	1146.4365782111465	1146.435501504049	1148.4931058711486	1146.2034348611462	1146.2045680811461	1146.2866248998778	
1146.2866248998778	0.5779999999999745	WheelMovementIntervals													0.571821883567516
1148.9396248998776	0.3930000000000291	WheelMovementIntervals													-0.05506439547431796
1149.5809970711496	4.339078731871268	trials	-1.0	-1.0	0.0	0.0625		0.8	1151.3604857711514	1151.359687532996	1153.4200131311534	1151.1365748311512	1151.1374747411512	1151.2156248998774	
1149.7506248998775	0.8259999999997945	WheelMovementIntervals													0.4835529219477124
1151.2156248998774	0.6479999999999109	WheelMovementIntervals													0.82329000230677
1154.085624899877	0.44299999999998363	WheelMovementIntervals													-0.2546706755240109
1154.5115706311544	2.841705087020955	trials	1.0	1.0	1.5	0.125		0.8	1155.7936757411558	1155.7935720238272	1156.853236441157	1155.2760941711554	1155.2770940711553	1155.390624899877	
1155.390624899877	1.5689999999997326	WheelMovementIntervals													-0.5522238588826056
1157.8046248998767	0.4979999999998199	WheelMovementIntervals													-0.06190967481336429
1158.1384745711582	2.9480130275874217	trials	1.0	1.0	1.5	0.0		0.8	1159.5271690211596	1159.5270797654925	1160.5864297511605	1158.7426474811587	1158.7437140411587	1158.8556248998764	
1158.8556248998764	2.742999999999711	WheelMovementIntervals													-0.3899381329470373
1161.6725877911617	2.3694793150762052	trials	1.0	1.0	1.5	0.125		0.8	1162.4792737811624	1162.4791800690075	1163.5420341611637	1162.142307481162	1162.1433073811622	1162.320624899876	
1162.320624899876	1.3789999999999054	WheelMovementIntervals													-0.40903293119731643
1164.6212595611646	2.787499013186789	trials	1.0	1.0	1.5	0.25		0.8	1165.844170591166	1165.8440582509322	1166.9087307911668	1165.5695980511655	1165.5706312811656	1165.7216248998757	
1164.741624899876	0.2999999999999545	WheelMovementIntervals													-0.03472383140227464
1165.7216248998757	2.2259999999998854	WheelMovementIntervals													-0.42559304604218084
1167.990355951168	2.2627158415950817	trials	1.0	1.0	1.5	0.0625		0.8	1168.6886527811687	1168.6885599136863	1169.7530130011698	1168.4527430411686	1168.4535762911685	1168.5736248998753	
1168.5736248998753	1.8619999999998527	WheelMovementIntervals													-0.45517515883042137
1170.7986248998752	0.16599999999993997	WheelMovementIntervals													-0.03603828325373115
1170.8289720611708	2.429901418164036	trials	1.0	1.0	1.5	0.0625		0.8	1171.6943521811718	1171.694271853976	1172.7587790611728	1171.4595090011715	1171.4605422311715	1171.544624899875	
1171.544624899875	1.3419999999998709	WheelMovementIntervals													-0.524354842704426
1173.8358713411737	3.1562957967785223	trials	1.0	1.0	1.5	1.0		0.8	1175.4275454911754	1175.427468213131	1176.4921390211764	1175.2027679711753	1175.2037678711752	1175.3216248998747	
1174.1176248998747	0.3320000000001073	WheelMovementIntervals													-0.051866234934912825
1175.3216248998747	1.472999999999729	WheelMovementIntervals													-0.42734128874469945
1177.5006248998743	0.40000000000009095	WheelMovementIntervals													0.04764074667769336
1177.5756639911776	2.593688905058798	trials	1.0	1.0	1.5	0.125		0.8	1178.6092606211787	1178.6091587732992	1179.6692879411796	1178.3694179411784	1178.3703845111784	1178.4576248998744	
1178.4576248998744	1.2399999999997817	WheelMovementIntervals													-0.475438375632379
1180.7348480411808	2.5906149946411006	trials	1.0	1.0	1.5	0.25		0.8	1181.7680447111818	1181.7679532232828	1182.8254389611827	1181.5088373011815	1181.5100038511814	1181.618624899874	
1180.791624899874	0.20299999999997453	WheelMovementIntervals													-0.057797915164371716
1181.618624899874	1.78899999999976	WheelMovementIntervals													-0.6074158775416976
1183.908663961184	2.3105851307761895	trials	1.0	1.0	1.5	0.25		0.8	1184.6666548211847	1184.666558427914	1185.7191828911857	1184.4525762311844	1184.4536094611844	1184.5396248998736	
1184.5396248998736	2.0019999999997253	WheelMovementIntervals													-0.36600609995425515
1186.7850429611867	2.456800033845866	trials	1.0	1.0	1.5	1.0		0.8	1187.6861528411878	1187.6860422401255	1188.7417472711888	1187.4751739411874	1187.4762405011875	1187.5666248998732	
1187.5666248998732	1.3789999999999054	WheelMovementIntervals													-0.43797265566796995
1189.7626248998731	0.3289999999999509	WheelMovementIntervals													0.10466459890305657
1189.8089405411897	2.9496856253076658	trials	1.0	1.0	1.5	0.125		0.8	1191.1910356511912	1191.1909328692877	1192.2585955511922	1190.8190728511909	1190.8201727411908	1190.913624899873	
1190.913624899873	1.7579999999998108	WheelMovementIntervals													-0.3258856060025366
1193.3378209511934	3.0873023287622345	trials	1.0	1.0	1.5	0.0625		0.8	1194.868034581195	1194.8679211141314	1195.925062201196	1194.5687645111946	1194.5697644111947	1194.7026248998725	
1193.4006248998726	0.2680000000000291	WheelMovementIntervals													-0.024213855284223484
1194.7026248998725	1.2159999999998945	WheelMovementIntervals													-0.347052732447807
1197.000221341197	2.891017783468442	trials	1.0	1.0	1.5	0.0625		0.8	1198.3344212411982	1198.3343286247357	1199.3912155511994	1198.0523161211981	1198.0533826811982	1198.1686248998722	
1197.1286248998722	0.27800000000002	WheelMovementIntervals													-0.08021144221106624
1198.1686248998722	1.2319999999997435	WheelMovementIntervals													-0.3639614282287411
1200.3756248998718	0.05300000000011096	WheelMovementIntervals													-0.005633005436315841
1200.4767403212004	2.6148869698517956	trials	1.0	1.0	1.5	0.0625		0.8	1201.5313348512016	1201.5312338567958	1202.5915954812026	1201.168771111201	1201.169671021201	1201.3976248998717	
1201.3976248998717	3.2219999999997526	WheelMovementIntervals													-0.8468265610588617
1203.6723207312036	3.5298021793180396	trials	1.0	1.0	1.5	1.0		0.8	1205.6414238012057	1205.641320831231	1206.7020177312068	1205.2187327412053	1205.2195993212051	1205.2606248998713	
1205.2606248998713	2.4739999999997053	WheelMovementIntervals													-0.408543220397533
1208.003020951208	3.3989032195927393	trials	1.0	1.0	1.5	0.25		0.8	1209.83830407121	1209.8382216097139	1210.901831041211	1209.4747404312095	1209.4758736512094	1209.575624899871	
1208.013624899871	0.20000000000004547	WheelMovementIntervals													-0.017255093820558898
1208.6556248998709	0.1670000000001437	WheelMovementIntervals													-0.024797451111282953
1209.575624899871	1.9239999999997508	WheelMovementIntervals													-0.4051001766339155
1211.988322381212	3.613585110632357	trials	1.0	1.0	1.5	0.125		0.8	1214.0365175412142	1214.0364128087372	1215.1018776612152	1213.8247720512138	1213.825805281214	1213.9006248998703	
1212.6466248998706	0.10799999999994725	WheelMovementIntervals													-0.00618329874536272
1213.9006248998703	1.6079999999999472	WheelMovementIntervals													-0.3744381235449268
1216.1840027712162	2.340708430017685	trials	1.0	1.0	1.5	1.0		0.8	1216.959925171217	1216.959804902375	1218.024618691218	1216.8078737112169	1216.8087402912167	1216.76862489987	
1216.76862489987	1.4699999999998	WheelMovementIntervals													-0.4980343617813432
1219.0376248998698	0.5460000000000491	WheelMovementIntervals													-0.17197425368301822
1219.1035107912192	4.66487869499656	trials	1.0	1.0	1.5	1.0		0.8	1222.2092001912222	1222.2090952762055	1223.2683609312232	1221.984955951222	1221.985989181222	1222.0046248998694	
1219.8826248998698	1.6929999999997563	WheelMovementIntervals													-0.6616616184629933
1222.0046248998694	1.7489999999997963	WheelMovementIntervals													-0.4514107564784524
1224.3658845012244	2.3859045726635486	trials	1.0	1.0	1.5	0.125		0.8	1225.2021008712252	1225.201985402772	1226.2517625612263	1224.9415269312249	1224.9426268212248	1224.9026248998691	
1224.9026248998691	1.4759999999998854	WheelMovementIntervals													-0.39545407550040323
1227.121624899869	0.5099999999999909	WheelMovementIntervals													-0.12727290740854613
1227.3335877012273	3.567916981021881	trials	1.0	1.0	1.5	0.125		0.8	1229.3479862412294	1229.347896158935	1230.4013808912305	1229.107376971229	1229.1085435212292	1228.9376248998688	
1227.9326248998689	0.05899999999996908	WheelMovementIntervals													-0.004290384424194826
1228.2696248998689	0.2849999999998545	WheelMovementIntervals													-0.060153448726318004
1228.9376248998688	1.6139999999998054	WheelMovementIntervals													-0.33610344988228746
1231.3796248998685	0.459999999999809	WheelMovementIntervals													0.12854931540606884
1231.4919051612314	2.692980178452899	trials	1.0	1.0	1.5	0.125		0.8	1232.6207922612327	1232.6206960145014	1233.6847858512338	1232.3242885812324	1232.3251551612323	1232.4196248998683	
1232.4196248998683	1.515999999999849	WheelMovementIntervals													-0.3907271779096746
1234.7560787112347	3.328609357956566	trials	-1.0	1.0	1.5		0.125	0.8	1236.5186691012366	1236.5185826072845	1237.5846624912376	1236.1906019112362	1236.1914351612363	1236.183624899868	
1235.341624899868	0.06999999999993634	WheelMovementIntervals													-0.006461027236660755
1236.183624899868	1.7699999999997544	WheelMovementIntervals													0.7771035531020161
1238.4796248998678	0.0989999999999327	WheelMovementIntervals													-0.010549945717940545
1238.6691873612388	2.8716919479234093	trials	1.0	1.0	1.5	0.0625		0.8	1239.97768983124	1239.9775827813285	1241.0408168412412	1239.6244918212396	1239.6253584012397	1239.6806248998676	
1238.9416248998677	0.29399999999986903	WheelMovementIntervals													-0.029437765825136353
1239.6806248998676	1.7369999999998527	WheelMovementIntervals													-0.41233002565932253
1242.1230752712422	2.8447948767636717	trials	1.0	1.0	1.5	0.0625		0.8	1243.4169792012435	1243.4168720316343	1244.4678407712445	1243.017752461243	1243.018652371243	1243.0876248998673	
1242.1836248998673	0.32799999999997453	WheelMovementIntervals													0.05425685831348659
1243.0876248998673	1.4849999999996726	WheelMovementIntervals													-0.3075379952060402
1245.5416667112456	2.665809744976741	trials	-1.0	1.0	1.5		1.0	0.8	1246.6368571812466	1246.6367698928486	1247.7073834512478	1246.3905484812465	1246.3915817112463	1246.5386248998668	
1245.6036248998669	0.07100000000014006	WheelMovementIntervals													-0.04830459685480548
1246.5386248998668	1.1579999999999018	WheelMovementIntervals													0.8846191440152111
1248.7805761212487	2.987281902969471	trials	-1.0	1.0	1.5		0.25	0.8	1250.2064668512503	1250.2063665292	1251.2677940412514	1249.93422741125	1249.93519398125	1250.1056248998664	
1249.0306248998666	0.6359999999999673	WheelMovementIntervals													-0.09991733117256274
1250.1056248998664	1.3599999999999	WheelMovementIntervals													0.8315140340155907
1252.0986248998663	0.31599999999980355	WheelMovementIntervals													-0.07644263321851241
1252.3539520812524	2.4038032809341985	trials	1.0	1.0	1.5	0.25		0.8	1253.1935681112532	1253.193452528604	1254.2577616812544	1252.9405934112528	1252.941493321253	1253.0066248998662	
1253.0066248998662	1.3339999999998327	WheelMovementIntervals													-0.38058578211926886
1254.9666248998658	0.2999999999999545	WheelMovementIntervals													0.044773873154852595
1255.3377536712553	2.468697539223058	trials	-1.0	1.0	1.5		0.0625	0.8	1256.2437630612562	1256.2436520343556	1257.3064567812573	1255.884132361256	1255.885098931256	1255.9976248998657	
1255.9976248998657	2.1379999999996926	WheelMovementIntervals													0.5715953576269683
1258.3926481512583	3.1414060574286395	trials	1.0	1.0	1.5	1.0		0.8	1259.98175589126	1259.9816502036074	1261.033983991261	1259.7341139912598	1259.7350472312598	1259.8236248998653	
1258.7026248998654	0.6119999999998527	WheelMovementIntervals													-0.09710813862550083
1259.8236248998653	1.2999999999999545	WheelMovementIntervals													-0.32192527439909213
1262.3412532512623	4.182591777634343	trials	1.0	-1.0	0.0		0.0625	0.8	1263.968657161264	1263.9678492758185	1266.023818291266	1263.5397000612636	1263.5406666312635	1263.6316248998648	
1262.478624899865	0.5190000000000055	WheelMovementIntervals													0.04068423252639519
1263.6316248998648	0.7829999999999018	WheelMovementIntervals													-0.5197166124558663
1266.3856248998645	0.2940000000000964	WheelMovementIntervals													0.1226260740846854
1266.9006248998646	0.21699999999987085	WheelMovementIntervals													0.015586410938098538
1267.124341561267	2.4155020402715763	trials	-1.0	1.0	1.5		0.0625	0.8	1267.956658321268	1267.9565415751417	1269.039783331269	1267.6670539512677	1267.6679205312678	1267.8476248998645	
1267.8476248998645	1.3699999999998909	WheelMovementIntervals													0.8165094209450388
1270.1235416112702	3.1334975846025372	trials	1.0	1.0	1.5	0.25		0.8	1271.6810525112717	1271.6809394167476	1272.7569782412727	1271.083845571271	1271.084878801271	1271.2006248998641	
1270.3566248998643	0.18299999999976535	WheelMovementIntervals													0.029123048606116697
1271.2006248998641	1.9399999999998272	WheelMovementIntervals													-0.48650255433046397
1273.699624899864	0.26099999999996726	WheelMovementIntervals													-0.018801695671470497
1273.8422363712739	2.724903396966738	trials	1.0	1.0	1.5	0.25		0.8	1274.990021581275	1274.9899369596615	1276.0670805312761	1274.7337805412747	1274.7348137712747	1274.8196248998638	
1274.8196248998638	1.212999999999738	WheelMovementIntervals													-0.4867895178324275
1277.158238071277	4.258984470402083	trials	1.0	1.0	1.5	1.0		0.8	1279.8408364512798	1279.840727030393	1280.917128811281	1279.5734965212796	1279.5743964312796	1279.6896248998632	
1277.3236248998635	0.15099999999983993	WheelMovementIntervals													-0.020591942181205525
1277.7136248998634	1.4409999999998035	WheelMovementIntervals													-0.7706993939160363
1279.6896248998632	1.5459999999998217	WheelMovementIntervals													-0.45783448113333947
1282.024718041282	3.0923022595532075	trials	1.0	1.0	1.5	1.0		0.8	1283.5488322812835	1283.5487176763627	1284.6169587912846	1283.3233881612834	1283.3243214012834	1283.3876248998627	
1282.3536248998628	0.5450000000000728	WheelMovementIntervals													0.034736441057649614
1283.3876248998627	1.2269999999998618	WheelMovementIntervals													-0.3785687707231524
1285.6998171612856	2.5059939075190414	trials	1.0	1.0	1.5	0.0625		0.8	1286.6235247812867	1286.6234141787602	1287.7057832112878	1286.3065564812864	1286.3076230412864	1286.0376248998625	
1286.0376248998625	1.6459999999997308	WheelMovementIntervals													-0.27400359445774214
1288.799607151289	2.4395998796608183	trials	1.0	1.0	1.5	1.0		0.8	1289.6592211812897	1289.6591064042689	1290.7391131812908	1289.4502087512894	1289.4512419812895	1289.5256248998621	
1289.5256248998621	1.2669999999998254	WheelMovementIntervals													-0.4208530134818744
1291.8256045212918	3.3977024763960344	trials	1.0	1.0	1.5	0.25		0.8	1293.6489221712936	1293.648804776925	1294.7232480612947	1293.3666837312933	1293.3675169812934	1293.4766248998617	
1292.1286248998617	0.2699999999999818	WheelMovementIntervals													0.059607588604279726
1293.4766248998617	1.0499999999997272	WheelMovementIntervals													-0.30214341196180783
1295.6686248998615	0.3389999999999418	WheelMovementIntervals													-0.05322820510134818
1295.8196050812958	2.7367028235664748	trials	1.0	1.0	1.5	0.125		0.8	1296.987021661297	1296.9869054325761	1298.056214731298	1296.6999503712966	1296.7011169212967	1296.8046248998612	
1296.8046248998612	1.7579999999998108	WheelMovementIntervals													-0.28251642313883707
1299.1426060812992	2.3966033013246033	trials	1.0	1.0	1.5	0.0625		0.8	1299.9661903813	1299.9661065284492	1301.0391164113012	1299.6664536912997	1299.6674202612996	1299.649624899861	
1299.649624899861	1.5239999999998872	WheelMovementIntervals													-0.3822115467675822
1302.126107701302	2.740401630510405	trials	1.0	1.0	1.5	0.0		0.8	1303.2990903913033	1303.2990075431594	1304.3664169813044	1302.833037001303	1302.8341035613028	1302.8196248998606	
1302.8196248998606	1.6369999999997162	WheelMovementIntervals													-0.37199288791042306
1305.4636072513056	2.6762800503456674	trials	1.0	1.0	1.5	0.125		0.8	1306.5685967413067	1306.5684981894835	1307.6398229413076	1306.2729596413062	1306.2743261713063	1306.3976248998601	
1305.5706248998604	0.43699999999989814	WheelMovementIntervals													-0.03287288308752068
1306.3976248998601	2.089999999999918	WheelMovementIntervals													-0.2808409614322045
1308.7312804513087	2.4412995267985025	trials	1.0	1.0	1.5	0.125		0.8	1309.6010934613096	1309.6009795702446	1310.6724863113106	1309.3162219513092	1309.3172551813093	1309.47462489986	
1309.47462489986	1.8359999999997854	WheelMovementIntervals													-0.4763444155861798
1311.7616773813118	2.9610108414217393	trials	1.0	1.0	1.5	1.0		0.8	1313.1450723613132	1313.1449815117846	1314.2225979313143	1312.8995302513129	1312.900530151313	1312.9796248998596	
1312.0006248998595	0.24900000000002365	WheelMovementIntervals													0.040094240152441785
1312.9796248998596	1.3989999999996598	WheelMovementIntervals													-0.35113338180924103
1315.3216880113152	3.6944868011030394	trials	1.0	-1.0	0.0		0.125	0.8	1316.4491419213164	1316.448383376158	1318.5161352013185	1316.1162752113162	1316.117141791316	1316.2056248998592	
1315.4076248998592	0.34199999999987085	WheelMovementIntervals													-0.025991043264880886
1316.2056248998592	0.6079999999999472	WheelMovementIntervals													-0.3159612993614509
1319.8404694213198	3.142297459863812	trials	1.0	1.0	1.5	1.0		0.8	1321.4131788013215	1321.4130666486978	1322.4826718413226	1321.1890345513211	1321.1900677813212	1321.2886248998586	
1320.1786248998587	0.43200000000001637	WheelMovementIntervals													-0.07962655596702817
1321.2886248998586	2.6559999999997217	WheelMovementIntervals													-0.2975507105755213
1323.5725628413236	2.782598545351675	trials	1.0	1.0	1.5	1.0		0.8	1324.7698764313247	1324.7697613549792	1325.8551012313258	1324.5554978713246	1324.5563644513245	1324.6386248998583	
1324.6386248998583	1.9189999999996417	WheelMovementIntervals													-0.41169360095870644
1326.947458651327	2.4018027791823897	trials	1.0	1.0	1.5	0.25		0.8	1327.7774756413278	1327.7773589205594	1328.8492017913288	1327.5492651313275	1327.5502983613276	1327.6506248998578	
1327.6506248998578	1.2010000000000218	WheelMovementIntervals													-0.4654499749888572
1329.6286248998576	0.6079999999999472	WheelMovementIntervals													-0.06019170250610273
1329.93745962133	3.0119066294635104	trials	1.0	1.0	1.5	0.125		0.8	1331.3806819513313	1331.380561839456	1332.4492750813324	1331.004886201331	1331.005919431331	1331.0646248998576	
1331.0646248998576	3.60599999999954	WheelMovementIntervals													-1.6067393570398494
1333.5482651713335	3.5676879142638427	trials	1.0	1.0	1.5	1.0		0.8	1335.5503649413356	1335.5502572671855	1336.6158583813367	1335.2220977713353	1335.2231643313353	1335.315624899857	
1335.315624899857	1.8149999999998272	WheelMovementIntervals													-0.37435812045456274
1337.7122487313377	2.33670803313953	trials	1.0	1.0	1.5	1.0		0.8	1338.4745724913384	1338.4744506992645	1339.5489317113395	1338.2725260313382	1338.2734592713382	1338.3486248998568	
1338.3486248998568	1.5029999999997017	WheelMovementIntervals													-0.40864408395915675
1340.6364562813405	2.3860049960960623	trials	1.0	1.0	1.5	0.25		0.8	1341.4388427013414	1341.4387572887865	1342.5224010013426	1341.2053327213412	1341.2063992813412	1341.3066248998564	
1341.3066248998564	1.3429999999998472	WheelMovementIntervals													-0.5689053781936657
1343.5989600013436	3.6498807787438636	trials	-1.0	-1.0	0.0	0.0		0.8	1344.6746857513447	1344.6737537522426	1346.7488116513468	1344.3489849913444	1344.3503515213445	1344.349624899856	
1343.706624899856	0.055000000000063665	WheelMovementIntervals													0.017216486809186193
1344.349624899856	0.6039999999998145	WheelMovementIntervals													0.4822923368093406
1347.4806248998557	0.3969999999999345	WheelMovementIntervals													-0.3154242299223107
1347.845435311348	2.742901777985253	trials	1.0	1.0	1.5	0.0625		0.8	1349.011452031349	1349.011335216978	1350.08824434135	1348.6051926613486	1348.6062925513486	1348.7266248998556	
1348.7266248998556	1.6959999999999127	WheelMovementIntervals													-0.3027350767207615
1350.6326248998553	0.14800000000013824	WheelMovementIntervals													-0.01298858780781842
1351.1811350413511	2.5010955182087855	trials	1.0	1.0	1.5	0.0625		0.8	1352.1081423313522	1352.1080322686255	1353.1821682513532	1351.7486782813517	1351.7495781913517	1351.7196248998553	
1351.7196248998553	1.5659999999998035	WheelMovementIntervals													-0.33108110086775255
1354.2733257913542	2.59861454554175	trials	1.0	1.0	1.5	0.125		0.8	1355.2901241013553	1355.2900306997826	1356.3718825813564	1355.004719311355	1355.005519231355	1355.119624899855	
1354.280624899855	0.31399999999985084	WheelMovementIntervals													-0.021302019704137365
1355.119624899855	1.668999999999869	WheelMovementIntervals													-0.4133866581576662
1357.4528411413576	3.195891895685236	trials	1.0	1.0	1.5	0.0625		0.8	1359.0823448413591	1359.0822359897695	1360.1486382013602	1358.7986065513587	1358.7997731013588	1358.9136248998545	
1357.8816248998546	0.08500000000003638	WheelMovementIntervals													-0.0226136250305089
1358.9136248998545	1.2609999999997399	WheelMovementIntervals													-0.3420620738149829
1361.2388291713612	2.3598061303164286	trials	1.0	1.0	1.5	1.0		0.8	1362.033216391362	1362.0331305616094	1363.098543181363	1361.821737541362	1361.8227374413618	1361.883624899854	
1361.883624899854	1.2679999999998017	WheelMovementIntervals													-0.44357825617695923
1364.1869343313642	2.5282923449824466	trials	1.0	1.0	1.5	0.0625		0.8	1365.1434386713652	1365.1433306790873	1366.2151648213662	1364.8886308213648	1364.889664051365	1364.8736248998537	
1364.8736248998537	2.2269999999998618	WheelMovementIntervals													-0.4981975958695841
1367.3057224213674	3.2258889231629837	trials	1.0	1.0	1.5	0.25		0.8	1368.954524191369	1368.9544157380333	1370.03158314137	1368.4383758113684	1368.4392757213684	1368.5296248998534	
1367.5876248998534	0.22000000000002728	WheelMovementIntervals													-0.02120772630410883
1368.5296248998534	1.8239999999998417	WheelMovementIntervals													-0.31945372634134017
1371.1269069313712	2.3381084887221277	trials	1.0	1.0	1.5	0.25		0.8	1371.886930921372	1371.8868090402527	1372.964889781373	1371.6716524513718	1371.6725523613718	1371.717624899853	
1371.717624899853	1.418999999999869	WheelMovementIntervals													-0.34579753848561623
1374.0456150313742	2.308892388183267	trials	1.0	1.0	1.5	0.25		0.8	1374.7735089013747	1374.7734120015875	1375.854434131376	1374.5371658713746	1374.5381991013746	1374.4726248998527	
1374.4726248998527	1.418999999999869	WheelMovementIntervals													-0.39897567037269255
1376.2956248998526	0.2849999999998545	WheelMovementIntervals													-0.09993625069771284
1377.1756020013772	2.4955958334141997	trials	1.0	1.0	1.5	0.25		0.8	1378.099609591378	1378.0994997184378	1379.1711357613792	1377.864833071378	1377.8657996413779	1377.9546248998524	
1377.9546248998524	1.7939999999996417	WheelMovementIntervals													-0.46613247390068935
1380.154624899852	0.10300000000006548	WheelMovementIntervals													-0.010004028155329081
1380.2512944013802	4.969308873163072	trials	1.0	1.0	1.5	0.0625		0.8	1383.6499878313837	1383.6498991020667	1384.7205474313848	1383.4312763713835	1383.4320429613836	1383.4336248998518	
1381.242624899852	1.6209999999998672	WheelMovementIntervals													-0.6916462496363245
1383.4336248998518	1.837999999999738	WheelMovementIntervals													-0.4032474682355094
1385.840102131386	3.35800563229418	trials	1.0	1.0	1.5	0.0625		0.8	1387.6324895413877	1387.6324040700867	1388.6979829813888	1387.2479280013872	1387.2489945613872	1387.3546248998514	
1387.3546248998514	2.0459999999995944	WheelMovementIntervals													-0.3287629209243228
1389.7969064113897	2.340680861732835	trials	1.0	1.0	1.5	0.25		0.8	1390.5539973613907	1390.5538995751208	1391.6375889913916	1390.2878573113903	1390.2889238713904	1390.187624899851	
1390.187624899851	1.584999999999809	WheelMovementIntervals													-0.6041945807878157
1392.7279799413927	2.6923063587096294	trials	1.0	1.0	1.5	1.0		0.8	1393.837402321394	1393.8372817372972	1394.9202273613948	1393.6143912913935	1393.6155578413936	1393.7026248998507	
1392.7356248998508	0.1719999999997981	WheelMovementIntervals													-0.04289485307316809
1393.7026248998507	1.3049999999998363	WheelMovementIntervals													-0.39694523448989116
1396.007885251396	3.8065953618868207	trials	1.0	1.0	1.5	0.25		0.8	1398.2465946913983	1398.2464813476306	1399.3144212313994	1397.831102911398	1397.8321361413978	1397.96662489985	
1396.4186248998503	0.6599999999998545	WheelMovementIntervals													-0.07296414413097096
1397.96662489985	1.2879999999997835	WheelMovementIntervals													-0.3328966521143961
1400.4176775614005	2.336608311899681	trials	1.0	1.0	1.5	0.125		0.8	1401.1863673514013	1401.1862796376317	1402.2542272214023	1400.9043288914008	1400.9054287814008	1400.7876248998498	
1400.7876248998498	1.9079999999999018	WheelMovementIntervals													-0.2996882281820561
1403.2226248998495	0.07799999999997453	WheelMovementIntervals													-0.024571302681032137
1403.3384854514034	2.5090937800700885	trials	-1.0	1.0	1.5		1.0	0.8	1404.2811911714043	1404.2810823634038	1405.3475511914053	1404.047447881404	1404.048381121404	1404.1816248998493	
1404.1816248998493	1.8769999999999527	WheelMovementIntervals													0.9983136461242061
1406.4397752914065	2.391103314455222	trials	1.0	1.0	1.5	1.0		0.8	1407.2565602714074	1407.2564757403693	1408.3307528414084	1407.004252171407	1407.005318731407	1406.9016248998491	
1406.9016248998491	1.3179999999997563	WheelMovementIntervals													-0.27965593079383666
1409.4230769314095	2.7474021237037505	trials	-1.0	1.0	1.5		1.0	0.8	1410.5946597614106	1410.5945769841571	1411.6704188414117	1410.3370188614103	1410.3379521014103	1410.4036248998489	
1409.5796248998488	0.1590000000001055	WheelMovementIntervals													-0.02470075855747922
1410.4036248998489	1.393999999999778	WheelMovementIntervals													0.9683435993129379
1412.7545770814127	2.4762964556814495	trials	-1.0	1.0	1.5		1.0	0.8	1413.6597532214137	1413.6596750549381	1414.7307794414148	1413.3973461314133	1413.3982127114134	1413.2276248998485	
1413.2276248998485	1.7609999999997399	WheelMovementIntervals													0.7216797756094557
1415.8229702114158	3.041077210596768	trials	1.0	1.0	1.5	0.125		0.8	1417.2947563514174	1417.294658214921	1418.3639827514185	1416.920093821417	1416.921160381417	1417.029624899848	
1415.9506248998482	0.2539999999999054	WheelMovementIntervals													0.06791647139451484
1417.029624899848	1.3179999999999836	WheelMovementIntervals													-0.3994258080588047
1419.4517406314194	2.5016222065287366	trials	1.0	1.0	1.5	0.0625		0.8	1420.3692488714205	1420.3691480416587	1421.4533404514214	1419.93679212142	1419.93779202142	1420.0416248998476	
1420.0416248998476	1.3269999999999982	WheelMovementIntervals													-0.4517013319516181
1422.5356655414225	2.511493576542307	trials	1.0	1.0	1.5	0.25		0.8	1423.4698387814235	1423.4697624084956	1424.5470643814247	1423.1805677114232	1423.1814009614232	1423.0726248998474	
1423.0726248998474	1.2719999999999345	WheelMovementIntervals													-0.367031358063457
1425.375624899847	0.14200000000005275	WheelMovementIntervals													-0.06101250778969458
1425.6394551314256	2.3911034757438756	trials	1.0	1.0	1.5	0.125		0.8	1426.4624394914265	1426.4623556393042	1427.5304660114275	1426.1699354114262	1426.1710019714262	1426.266624899847	
1426.266624899847	1.5929999999998472	WheelMovementIntervals													-0.3223997576426285
1428.6207569714286	3.5762884189523447	trials	-1.0	1.0	1.5		0.125	0.2	1430.6305559714306	1430.630448777623	1431.6969493214317	1430.00341869143	1430.00428527143	1430.1766248998465	
1428.8536248998466	0.08100000000013097	WheelMovementIntervals													-0.028816100963343416
1429.3016248998467	0.19399999999995998	WheelMovementIntervals													-0.032503418345665835
1430.1766248998465	1.6489999999998872	WheelMovementIntervals													0.441756879862389
1432.7903399714328	2.4624046962537705	trials	-1.0	1.0	1.5		0.0625	0.2	1433.6747515214338	1433.6746409397138	1434.7526770514348	1433.3702819714333	1433.3712152114333	1433.5076248998462	
1433.5076248998462	1.4959999999998672	WheelMovementIntervals													0.5143629989894265
1436.087243581436	3.776198161172715	trials	1.0	-1.0	0.0		0.0	0.2	1437.2898233114372	1437.2890423597053	1439.3633826014393	1436.996919271437	1436.997819181437	1437.0916248998458	
1436.211624899846	0.20800000000008367	WheelMovementIntervals													-0.023619654064198414
1437.0916248998458	0.19800000000009277	WheelMovementIntervals													-0.2763444203213332
1440.4646391314404	2.6320832860208156	trials	-1.0	1.0	1.5		0.125	0.2	1441.5363319514415	1441.5362315124728	1442.5966925714426	1441.2701585714412	1441.2714251114412	1441.4096248998453	
1440.5146248998456	0.35599999999976717	WheelMovementIntervals													-0.11142321346630624
1441.4096248998453	2.916999999999689	WheelMovementIntervals													0.7626724345966451
1443.6939161714438	3.1192976707854996	trials	-1.0	1.0	1.5		0.0625	0.2	1445.2433278814453	1445.2432140212022	1446.3131875514464	1444.953290221445	1444.954390111445	1445.1396248998449	
1445.1396248998449	1.2970000000000255	WheelMovementIntervals													0.7045373999059983
1447.4118110114475	6.140792745251247	trials	-1.0	-1.0	0.0	0.0625		0.2	1450.972954861451	1450.9721056457508	1453.052513551453	1450.7191802414507	1450.7202801314506	1450.8066248998443	
1447.9156248998447	1.903999999999769	WheelMovementIntervals													0.4075222706827617
1450.0536248998444	0.10200000000008913	WheelMovementIntervals													-0.0019454769698086238
1450.8066248998443	0.7159999999998945	WheelMovementIntervals													0.46790284401371807
1453.634624899844	0.3809999999998581	WheelMovementIntervals													-0.11646736758669007
1454.1798008114542	2.4167021612395274	trials	-1.0	1.0	1.5		0.0625	0.2	1455.027016081455	1455.0269008679718	1456.096442461456	1454.7799074614547	1454.7808740314547	1454.8566248998438	
1454.8566248998438	1.40099999999984	WheelMovementIntervals													0.7218435613201031
1457.1775010114573	2.5253931608922358	trials	-1.0	1.0	1.5		1.0	0.2	1458.1281059414582	1458.1279976846317	1459.2028317914592	1457.9200934114579	1457.9211599714579	1458.0246248998435	
1458.0246248998435	1.977999999999838	WheelMovementIntervals													0.7580979850170309
1460.2859901314603	2.466398210870466	trials	-1.0	1.0	1.5		0.25	0.2	1461.1693017914613	1461.1691884165098	1462.2522934814622	1460.846300761461	1460.8474673114608	1460.9976248998432	
1460.9976248998432	1.569999999999709	WheelMovementIntervals													0.5398809542052767
1463.294624899843	0.27299999999991087	WheelMovementIntervals													-0.12802174230817442
1463.3450841914635	2.623611384277865	trials	-1.0	1.0	1.5		1.0	0.2	1464.3932127014643	1464.393087940021	1465.4686718114656	1464.1461040814643	1464.1470706514642	1464.260624899843	
1464.260624899843	1.3929999999998017	WheelMovementIntervals													0.6941397606515274
1466.5629957014667	2.9058878819246274	trials	-1.0	1.0	1.5		0.125	0.2	1467.893495971468	1467.8933892378325	1468.968855091469	1467.5961257114677	1467.5970256214675	1467.7336248998424	
1466.6476248998426	0.05899999999996908	WheelMovementIntervals													-0.01791969972507701
1467.7336248998424	1.1050000000000182	WheelMovementIntervals													0.5599615986271544
1470.06617868147	3.202619115075322	trials	1.0	1.0	1.5	0.0625		0.2	1471.6998819614716	1471.6997874116173	1472.7687417314728	1471.1795340014712	1471.1806338914712	1471.278624899842	
1470.3376248998422	0.3309999999999036	WheelMovementIntervals													-0.040999883099694046
1471.278624899842	1.6499999999998636	WheelMovementIntervals													-0.5335896195042586
1473.862898971474	3.65547962288133	trials	-1.0	-1.0	0.0	0.0625		0.2	1474.941557761475	1474.9405923743443	1477.0183500614771	1474.6293889814747	1474.6302222314746	1474.6806248998416	
1473.8696248998417	0.34799999999995634	WheelMovementIntervals													-0.10484789072373601
1474.6806248998416	0.47299999999995634	WheelMovementIntervals													0.4009559796792992
1478.123272891478	2.889316935094257	trials	-1.0	1.0	1.5		1.0	0.2	1479.4420743314795	1479.4419797079718	1480.5125006114806	1479.1626022814792	1479.1635021914792	1479.203624899841	
1478.2216248998413	0.3769999999999527	WheelMovementIntervals													-0.10976365748174643
1479.203624899841	1.3350000000000364	WheelMovementIntervals													0.701759945650057
1481.6093909114816	3.1422958490070414	trials	-1.0	1.0	1.5		0.0625	0.2	1483.169368231483	1483.1692878580086	1484.2515933314842	1482.9022282814828	1482.903094861483	1482.9586248998407	
1481.9846248998408	0.1770000000001346	WheelMovementIntervals													-0.034932822757561155
1482.9586248998407	1.2869999999998072	WheelMovementIntervals													0.7510132535539178
1485.3488835914854	2.613485113987508	trials	-1.0	1.0	1.5		0.0	0.2	1486.3943790314863	1486.3942768370855	1487.4623388914874	1486.062245581486	1486.0630455014862	1486.1416248998405	
1485.4536248998404	0.05600000000004002	WheelMovementIntervals													-0.011488439893263092
1486.1416248998405	1.2119999999997617	WheelMovementIntervals													0.4085654226207822
1488.5557628714885	2.913115432173754	trials	1.0	1.0	1.5	0.25		0.2	1489.89466230149	1489.894569044631	1490.968754881491	1489.6019915714896	1489.6033247714897	1489.71262489984	
1488.9236248998402	0.1150000000000091	WheelMovementIntervals													0.02101146883798677
1489.71262489984	1.3699999999998909	WheelMovementIntervals													-0.32018694290454164
1492.0604790314922	4.424669549553528	trials	1.0	-1.0	0.0		0.125	0.2	1493.912227171494	1493.911265457858	1495.985053201496	1493.078843851493	1493.079910411493	1493.2896248998397	
1492.3226248998396	0.07400000000006912	WheelMovementIntervals													-0.02257268365492493
1493.2896248998397	0.9429999999997563	WheelMovementIntervals													-0.45006589568488664
1497.095942101497	3.449597850221835	trials	-1.0	1.0	1.5		0.0	0.2	1498.977953881499	1498.9778398376222	1500.0455137815	1498.6119904814987	1498.6128237314986	1498.772624899839	
1497.3856248998393	0.6009999999998854	WheelMovementIntervals													-0.19035602953628228
1498.772624899839	1.62299999999982	WheelMovementIntervals													0.5276824941177836
1501.1442372315012	2.5676210638587236	trials	-1.0	1.0	1.5		0.25	0.2	1502.1381378315023	1502.1380446102391	1503.2118304515031	1501.918159831502	1501.919126401502	1501.9356248998388	
1501.3096248998388	0.1330000000000382	WheelMovementIntervals													-0.09848632455024386
1501.9356248998388	1.2289999999998145	WheelMovementIntervals													0.9768858621127414
1504.5571625715045	2.354679803942645	trials	1.0	1.0	1.5	1.0		0.2	1505.3450504415055	1505.344955145489	1506.4118437515065	1505.1015081315052	1505.1024080415052	1505.2216248998384	
1505.2216248998384	1.2139999999997144	WheelMovementIntervals													-0.4286993179689027
1506.8136248998383	0.35799999999994725	WheelMovementIntervals													-0.03779423846798835
1507.5010348215076	2.4344002557922977	trials	-1.0	1.0	1.5		0.125	0.2	1508.3548494315085	1508.3547338591648	1509.4354080315095	1508.0847764415082	1508.085676351508	1508.134624899838	
1508.134624899838	1.3709999999998672	WheelMovementIntervals													0.5712296436676851
1510.5349314015104	2.8102971769437772	trials	-1.0	1.0	1.5		1.0	0.2	1511.7825399615117	1511.782429260544	1512.845167021513	1511.5617620415117	1511.5626286215115	1511.6186248998376	
1510.8176248998377	0.2819999999999254	WheelMovementIntervals													-0.07464769514286829
1511.6186248998376	1.0939999999998236	WheelMovementIntervals													0.9722654465748519
1513.926125581514	3.1423960961726607	trials	-1.0	1.0	1.5		0.125	0.8	1515.4944354015156	1515.4943226352386	1516.5684613215167	1514.9347913715148	1514.935891261515	1515.0486248998373	
1515.0486248998373	1.8989999999998872	WheelMovementIntervals													0.6658879395386776
1517.6626185615178	3.448899289304336	trials	1.0	1.0	1.5	1.0		0.8	1519.5506297415195	1519.5505165303146	1520.6114903115206	1519.2783236415194	1519.2794901915192	1519.3986248998367	
1519.3986248998367	1.0989999999999327	WheelMovementIntervals													-0.44370959281221545
1521.7057142115218	4.179021043933744	trials	-1.0	-1.0	0.0	0.125		0.8	1523.3061541515233	1523.3052215005282	1525.3846462815254	1523.018116291523	1523.019149521523	1523.1346248998364	
1521.9196248998364	0.34400000000005093	WheelMovementIntervals													0.07160032900667801
1523.1346248998364	0.5229999999999109	WheelMovementIntervals													0.42380925708711814
1525.824624899836	0.38400000000001455	WheelMovementIntervals													0.03638384249307691
1526.4873360015265	2.5638907510215176	trials	1.0	1.0	1.5	1.0		0.8	1527.4832364015274	1527.4831312441183	1528.5511296015286	1527.2448602415272	1527.2460601215273	1527.363624899836	
1527.363624899836	1.0319999999999254	WheelMovementIntervals													-0.3092925859884801
1529.3116248998356	0.48700000000008004	WheelMovementIntervals													-0.07395028111227475
1529.6375209515297	2.840493942956982	trials	1.0	1.0	1.5	0.25		0.8	1530.9069273315308	1530.9068173511785	1531.977986881532	1530.6447868815308	1530.6456201315307	1530.7546248998356	
1530.7546248998356	1.1759999999999309	WheelMovementIntervals													-0.3946930518468079
1533.0376248998352	0.1269999999999527	WheelMovementIntervals													-0.03977279101703601
1533.067811221533	3.0770014052757233	trials	1.0	1.0	1.5	0.125		0.8	1534.5810265515347	1534.5809109290803	1535.6447201715357	1534.3338179415343	1534.3349511615343	1534.3966248998352	
1534.3966248998352	1.237999999999829	WheelMovementIntervals													-0.3254026243231145
1536.010624899835	0.055000000000063665	WheelMovementIntervals													-0.0022472417463674788
1536.7412105115368	2.920087939881796	trials	1.0	1.0	1.5	0.25		0.8	1538.0870092515381	1538.0869040320713	1539.1612351515391	1537.7675412015378	1537.7685077715378	1537.8896248998346	
1537.108624899835	0.2459999999998672	WheelMovementIntervals													-0.14624446775098932
1537.8896248998346	1.3869999999999436	WheelMovementIntervals													-0.3877084520748859
1540.0226248998345	0.7459999999998672	WheelMovementIntervals													-0.07972685939006396
1540.2427936515403	3.691406196149501	trials	1.0	1.0	1.5	0.25		0.8	1542.3632149215423	1542.3630960617616	1543.4341411515434	1542.117272851542	1542.118106101542	1542.2256248998342	
1542.2256248998342	1.0239999999998872	WheelMovementIntervals													-0.3081647913592853
1543.989624899834	0.07099999999991269	WheelMovementIntervals													-0.009403770983713144
1544.5269985215446	4.317408619903972	trials	1.0	-1.0	0.0		0.0	0.8	1546.2773568015464	1546.2764012039122	1548.3443500815483	1545.7777734315457	1545.7787400015459	1545.8206248998338	
1544.821624899834	0.48699999999985266	WheelMovementIntervals													-0.07211209274742814
1545.8206248998338	4.761999999999489	WheelMovementIntervals													-0.888827791554192
1549.4510060715495	3.449270055224133	trials	1.0	1.0	1.5	1.0		0.8	1551.3293848815513	1551.329288676183	1552.4002111215525	1550.934357721551	1550.935290961551	1551.0326248998333	
1551.0326248998333	1.7669999999998254	WheelMovementIntervals													-0.45592463639034264
1553.4914686515535	2.436100058403781	trials	1.0	1.0	1.5	0.0625		0.8	1554.3548823015544	1554.3547679634953	1555.4275416915555	1554.010983361554	1554.011916601554	1554.004624899833	
1554.004624899833	1.4259999999997035	WheelMovementIntervals													-0.4357299542385533
1556.5152662415564	2.384604368387272	trials	1.0	1.0	1.5	1.0		0.8	1557.3217855815574	1557.321667042473	1558.3998111015585	1557.1174060215571	1557.118539241557	1557.1096248998326	
1557.1096248998326	1.4149999999997362	WheelMovementIntervals													-0.89091105762094
1559.4854691915596	3.0254069626462297	trials	1.0	1.0	1.5	0.25		0.8	1560.950189371561	1560.9500711098797	1562.010783301562	1560.5606949915605	1560.5617948815607	1560.6656248998322	
1559.5196248998323	0.5150000000001	WheelMovementIntervals													0.11394788702234493
1560.6656248998322	1.7599999999997635	WheelMovementIntervals													-0.3235460966170649
1563.104373931563	2.5123938241215455	trials	1.0	1.0	1.5	0.25		0.8	1564.0410802515642	1564.040970883672	1565.1167060115652	1563.6335543415637	1563.6344209215636	1563.7296248998318	
1563.7296248998318	1.2919999999999163	WheelMovementIntervals													-0.3990677696817393
1566.2049638415663	2.4120020723912603	trials	1.0	1.0	1.5	0.0625		0.8	1567.047379591567	1567.0472638668464	1568.1168726315682	1566.7606749315669	1566.7617081615667	1566.8656248998316	
1566.8656248998316	1.222999999999729	WheelMovementIntervals													-0.3174191703044613
1569.2037639315693	2.6064924327843073	trials	1.0	1.0	1.5	0.25		0.8	1570.2477595215703	1570.2476600999141	1571.3102532615712	1570.01051658157	1570.01131650157	1570.0866248998311	
1569.2266248998312	0.3630000000000564	WheelMovementIntervals													0.04892876249394362
1570.0866248998311	1.5389999999999873	WheelMovementIntervals													-0.33290398748442485
1572.6637512315726	2.5466182393452073	trials	1.0	1.0	1.5	0.25		0.8	1573.6464529515736	1573.6463574974832	1574.7102798915748	1573.4337408915735	1573.4346074715734	1573.4636248998308	
1573.4636248998308	1.3179999999997563	WheelMovementIntervals													-0.366939524926039
1575.7969712115757	3.113599122413916	trials	1.0	1.0	1.5	0.0625		0.8	1577.3484493815774	1577.3483697777742	1578.4104765015784	1576.949922571577	1576.950889141577	1576.7856248998305	
1576.0646248998305	0.30199999999990723	WheelMovementIntervals													0.10491018294548837
1576.7856248998305	1.6269999999997253	WheelMovementIntervals													-0.39253632402506966
1579.4974677915795	2.385377558223354	trials	1.0	1.0	1.5	1.0		0.8	1580.3095532415803	1580.3094594715049	1581.3828459015815	1580.1167058615802	1580.1178057515801	1579.9946248998301	
1579.9946248998301	1.3199999999999363	WheelMovementIntervals													-0.4325609204333034
1582.4682373515825	2.3752051124965874	trials	1.0	1.0	1.5	0.125		0.8	1583.2694572215833	1583.2693384013546	1584.3434498115844	1583.0436131415831	1583.044446391583	1583.1646248998297	
1583.1646248998297	1.12299999999982	WheelMovementIntervals													-0.4539867730085412
1585.3846248998295	0.19499999999993634	WheelMovementIntervals													-0.010161676866367486
1585.4291412315854	2.5209939929466145	trials	1.0	1.0	1.5	0.25		0.8	1586.3825458815863	1586.3824382037717	1587.4500724515874	1586.1334374615863	1586.1344040315862	1586.2346248998294	
1586.2346248998294	1.556999999999789	WheelMovementIntervals													-0.36620534553085093
1588.5272313915884	3.2328165359986087	trials	1.0	-1.0	0.0		0.0625	0.8	1589.1993308415892	1589.1985344100274	1591.2599914215912	1589.076709771589	1589.077676341589	1589.027624899829	
1589.027624899829	0.6829999999999927	WheelMovementIntervals													-0.5324023370363129
1591.6716248998289	1.0799999999996999	WheelMovementIntervals													-0.18957924314393182
1592.3547486015923	3.93858433168748	trials	-1.0	-1.0	0.0	0.0		0.8	1593.7352772015938	1593.7343424127964	1595.7932380515958	1593.4665707415934	1593.4676039715935	1593.4466248998285	
1593.4466248998285	2.9609999999997854	WheelMovementIntervals													0.8701527763334518
1596.891128251597	2.3923037755891983	trials	1.0	1.0	1.5	1.0		0.8	1597.7061467415976	1597.7060288564235	1598.7833390115989	1597.4664373815974	1597.4675372715974	1597.5786248998281	
1597.5786248998281	1.224999999999909	WheelMovementIntervals													-0.47335653266679856
1599.8687304615999	3.1310970493452714	trials	1.0	1.0	1.5	0.125		0.8	1601.4231416716013	1601.4230280040617	1602.4997340016025	1600.959721351601	1600.960821241601	1601.0636248998278	
1600.113624899828	0.31799999999975626	WheelMovementIntervals													0.053848796356280815
1601.0636248998278	1.26299999999992	WheelMovementIntervals													-0.37872058365827144
1603.5939245716036	2.5049957504065787	trials	1.0	1.0	1.5	1.0		0.8	1604.5332306316045	1604.5331218535157	1605.5988573916056	1604.3431829716044	1604.3440828816044	1604.3936248998275	
1604.3936248998275	1.0399999999997362	WheelMovementIntervals													-0.4580530754360481
1606.6830156316066	2.900189159744059	trials	-1.0	1.0	1.5		0.25	0.8	1608.012016051608	1608.0119097480797	1609.083108931609	1607.6429529616078	1607.6440528516077	1607.6786248998271	
1606.8306248998272	0.22699999999986176	WheelMovementIntervals													-0.02407240911083619
1607.6786248998271	1.6349999999997635	WheelMovementIntervals													0.9290505124350261
1610.1704001916103	2.5118211319031616	trials	1.0	1.0	1.5	0.0625		0.8	1611.1113060916111	1611.1112073574993	1612.182165661612	1610.7597412516109	1610.7606744916109	1610.8456248998266	
1610.8456248998266	1.2239999999999327	WheelMovementIntervals													-0.3379166451715818
1612.7446248998265	0.06999999999993634	WheelMovementIntervals													0.013095975340505106
1613.2675237816134	20.291563118289332	trials	-1.0	-1.0	0.0	0.25		0.8	1630.991651191631	1630.9905898215322	1633.059077761633	1628.892361141629	1628.8933610416289	1629.9826248998245	
1613.2776248998264	7.027999999999338	WheelMovementIntervals													-0.6971149910058223
1620.8116248998256	4.180999999999585	WheelMovementIntervals													-0.4770195375466244
1625.1846248998252	1.2449999999998909	WheelMovementIntervals													0.16348309046691867
1626.8236248998248	0.5389999999999873	WheelMovementIntervals													0.11867215188431857
1627.617624899825	0.2439999999999145	WheelMovementIntervals													0.046182340644268294
1628.1026248998248	0.17799999999988358	WheelMovementIntervals													0.01529040040270857
1628.7816248998247	0.571999999999889	WheelMovementIntervals													0.05937860741093104
1629.9826248998245	1.5149999999998727	WheelMovementIntervals													0.6853148275262733
1632.6436248998243	0.07400000000006912	WheelMovementIntervals													-0.004786599345163012
1633.3016248998242	2.117999999999711	WheelMovementIntervals													-0.38079011416225583
1634.3357834116343	7.32980446399165	trials	1.0	-1.0	0.0		0.125	0.8	1639.0925410216391	1639.0912850102466	1641.1655003716412	1637.4818354416375	1637.4829020016375	1637.6846248998238	
1635.802624899824	1.2039999999999509	WheelMovementIntervals													-0.49119998913108986
1637.6846248998238	2.759999999999536	WheelMovementIntervals													-0.6008513983627886
1642.3081860916423	2.9506844479972187	trials	1.0	1.0	1.5	0.25		0.8	1643.6969805316437	1643.696877831077	1644.7588410016447	1642.942189351643	1642.943122591643	1642.907624899823	
1642.907624899823	1.8459999999997763	WheelMovementIntervals													-0.4364197568465933
1645.851965011646	2.4300018219150843	trials	1.0	1.0	1.5	1.0		0.8	1646.7097792216466	1646.7096649487887	1647.7818720016478	1646.3321169916464	1646.3330835616464	1646.2936248998228	
1646.2936248998228	1.684999999999718	WheelMovementIntervals													-0.42981319183074973
1648.853864791649	2.621485813943309	trials	1.0	1.0	1.5	0.125		0.8	1649.9121589516499	1649.9120582579574	1650.975319291651	1649.6753159716498	1649.6763492016496	1649.7536248998224	
1649.0266248998225	0.15999999999985448	WheelMovementIntervals													-0.02240508441106215
1649.7536248998224	1.3539999999998145	WheelMovementIntervals													-0.30576920501608384
1651.8126248998221	0.3689999999999145	WheelMovementIntervals													0.03669521876664206
1652.050945051652	2.3744051602036507	trials	-1.0	1.0	1.5		0.25	0.8	1652.8661635216529	1652.866046136507	1653.925257601654	1652.5981236616526	1652.5989902416527	1652.497624899822	
1652.497624899822	1.5109999999997399	WheelMovementIntervals													1.1613543789551066
1655.011248991655	3.7805982507609315	trials	-1.0	-1.0	0.0	0.0		0.8	1656.2242610116562	1656.2232477897094	1658.2917542416583	1655.5975570216556	1655.5985902516557	1655.9086248998217	
1655.9086248998217	0.7059999999999036	WheelMovementIntervals													0.4169627772624871
1658.8266248998214	0.33999999999991815	WheelMovementIntervals													-0.11679550973605402
1659.3875446516595	2.7603009111260235	trials	1.0	1.0	1.5	0.0625		0.8	1660.5773589916605	1660.5772441823508	1661.6477519416617	1659.8646969316599	1659.8655301816598	1659.9686248998212	
1659.9686248998212	2.127999999999929	WheelMovementIntervals													-0.33593985122590553
1662.7337433316627	2.4580987413999082	trials	1.0	1.0	1.5	0.25		0.8	1663.6264540516636	1663.6263421483814	1664.6918141716646	1663.3751791816635	1663.3761457516634	1663.403624899821	
1663.403624899821	1.599999999999909	WheelMovementIntervals													-0.4783316611069921
1665.7737393016657	2.9748105387866417	trials	1.0	1.0	1.5	0.125		0.8	1667.1738326116672	1667.1737433201858	1668.2485251316682	1666.914458551667	1666.9154251216669	1667.0106248998204	
1666.2206248998207	0.18699999999989814	WheelMovementIntervals													0.04293773344428331
1667.0106248998204	1.25	WheelMovementIntervals													-0.3558380223629669
1669.3377495316693	2.8206956872827504	trials	1.0	1.0	1.5	0.25		0.8	1670.5866246316707	1670.586546736861	1671.6583507816717	1670.1249041416702	1670.1257040616701	1670.25462489982	
1669.4656248998203	0.21499999999991815	WheelMovementIntervals													0.04481281017931238
1670.25462489982	1.7059999999999036	WheelMovementIntervals													-0.3843359461845566
1672.7470419016727	3.000780852035632	trials	-1.0	1.0	1.5		1.0	0.8	1674.1708328416742	1674.170731868236	1675.2478251316752	1673.8640968516738	1673.864963431674	1673.9536248998197	
1672.93662489982	0.2159999999998945	WheelMovementIntervals													-0.05623668054274589
1673.9536248998197	1.2239999999999327	WheelMovementIntervals													0.7403704012753245
1676.3327166316762	2.8148969652459073	trials	1.0	1.0	1.5	0.125		0.8	1677.5746257616777	1677.5745144105838	1678.6475851216787	1676.9914507516771	1676.992583971677	1677.1496248998194	
1677.1496248998194	1.5909999999998945	WheelMovementIntervals													-0.5152060229507072
1679.7264105616798	2.665108898801691	trials	1.0	1.0	1.5	0.0625		0.8	1680.833133211681	1680.8330134261907	1681.8914607016818	1680.4247407216803	1680.4258739416805	1680.528624899819	
1680.528624899819	1.2649999999998727	WheelMovementIntervals													-0.40493281056333785
1682.975318971683	3.015807085587767	trials	-1.0	1.0	1.5		0.125	0.8	1684.4209077316843	1684.4208214092494	1685.4910673716854	1684.097240101684	1684.098140011684	1684.2036248998186	
1683.3586248998188	0.06999999999993634	WheelMovementIntervals													-0.00761078613670918
1684.2036248998186	1.2589999999997872	WheelMovementIntervals													1.1406260166976203
1686.5808250516866	3.083301311934747	trials	1.0	1.0	1.5	0.125		0.8	1688.088007651688	1688.0879247153644	1689.1640333716891	1687.7305434016878	1687.7314099816876	1687.9386248998183	
1686.9576248998183	0.10900000000015098	WheelMovementIntervals													-0.038912247470623385
1687.9386248998183	2.0119999999997162	WheelMovementIntervals													-0.39291520089551923
1690.2553242316903	2.5358927546960786	trials	-1.0	1.0	1.5		0.125	0.2	1691.2348262716912	1691.2347206610275	1692.2911872916923	1690.957753981691	1690.958687221691	1690.8036248998178	
1690.8036248998178	1.356999999999971	WheelMovementIntervals													1.0187995277741848
1693.3685128816933	3.5557892125552826	trials	-1.0	1.0	1.5		0.0625	0.2	1695.3683128816954	1695.368205690333	1696.4242739416964	1694.4971666716945	1694.4980332516946	1694.6386248998174	
1693.5236248998176	0.2829999999999018	WheelMovementIntervals													0.0564333617453876
1694.6386248998174	2.03899999999976	WheelMovementIntervals													0.41550672411963063
1697.5172979616975	3.2402876330088475	trials	-1.0	1.0	1.5		0.0	0.2	1699.1997963616993	1699.1996905021997	1700.2575905717003	1698.897559921699	1698.8985598216989	1699.048624899817	
1697.9446248998172	0.2829999999999018	WheelMovementIntervals													-0.06870078425325943
1699.048624899817	1.4239999999997508	WheelMovementIntervals													0.6680782520214947
1701.3536809517013	4.120496820602284	trials	1.0	-1.0	0.0		0.0625	0.2	1702.917857851703	1702.9167789869125	1704.974118871705	1702.2975198917022	1702.2984864617024	1702.3536248998166	
1701.4636248998168	0.54099999999994	WheelMovementIntervals													-0.2534552405092434
1702.3536248998166	0.9799999999997908	WheelMovementIntervals													-0.4245455132847802
1705.4016248998162	0.31100000000014916	WheelMovementIntervals													-0.1436853990224094
1706.0792750117062	2.5615169499601507	trials	1.0	1.0	1.5	0.0625		0.2	1707.073775551707	1707.073680815426	1708.1407355117083	1706.6142548417067	1706.6150880917066	1706.771624899816	
1706.771624899816	1.3669999999999618	WheelMovementIntervals													-0.3477713306331829
1709.0706248998158	0.5180000000000291	WheelMovementIntervals													0.05146601901127923
1709.2284933917092	3.6521814227612595	trials	-1.0	-1.0	0.0	0.0		0.2	1710.3190176617104	1710.3182872515574	1712.3805781517124	1709.99731650171	1709.99838306171	1710.1356248998159	
1710.1356248998159	0.3829999999998108	WheelMovementIntervals													0.5319833616050325
1713.3046248998155	0.35799999999994725	WheelMovementIntervals													-0.06257012773726345
1713.4668695117134	2.813396439723647	trials	-1.0	1.0	1.5		0.125	0.2	1714.7147780417147	1714.7146670456198	1715.7802048217159	1714.4405054717145	1714.4416720217146	1714.5806248998153	
1714.5806248998153	1.056999999999789	WheelMovementIntervals													0.941920934121292
1716.867062791717	3.9233153451598355	trials	-1.0	-1.0	0.0	0.0		0.2	1718.2352259617182	1718.2344674429448	1720.2903204317204	1717.973785441718	1717.974885331718	1718.0926248998148	
1717.222624899815	0.34600000000000364	WheelMovementIntervals													-0.019343895855861604
1718.0926248998148	0.43100000000004	WheelMovementIntervals													0.5407233885446416
1720.0136248998147	0.3430000000000746	WheelMovementIntervals													-0.057139078394143894
1721.2516248998145	0.20900000000006003	WheelMovementIntervals													-0.024290471872721042
1721.3797781417213	2.517093691074706	trials	-1.0	1.0	1.5		0.125	0.2	1722.3290832017224	1722.328975008423	1723.3968430817233	1721.962986481722	1721.963819731722	1722.1226248998144	
1722.1226248998144	1.7239999999999327	WheelMovementIntervals													0.6436881767655152
1724.4818679017244	2.4085035108710144	trials	-1.0	1.0	1.5		0.125	0.2	1725.3297831017253	1725.3296684335555	1726.3903103717264	1725.006915391725	1725.007781971725	1725.171624899814	
1724.5306248998143	0.1619999999998072	WheelMovementIntervals													0.012761063928028449
1725.171624899814	1.4759999999998854	WheelMovementIntervals													0.5352671849746464
1727.4628697717276	2.7505034404114213	trials	-1.0	1.0	1.5		1.0	0.2	1728.6429517517286	1728.6428703896822	1729.7133447017297	1728.4300397117283	1728.4310729417284	1728.5386248998138	
1727.6266248998138	0.1710000000000491	WheelMovementIntervals													-0.11752146928266072
1728.5386248998138	1.459999999999809	WheelMovementIntervals													1.1559063228001634
1730.7686248998134	0.23400000000015098	WheelMovementIntervals													-0.03217961219040433
1731.1100716817311	2.31978327682873	trials	-1.0	1.0	1.5		0.25	0.2	1731.855963751732	1731.8558656623634	1732.929823021733	1731.6236536517317	1731.6246868817316	1731.7376248998135	
1731.7376248998135	1.5429999999996653	WheelMovementIntervals													1.0107212295508816
1734.010548271734	2.829794591884365	trials	-1.0	1.0	1.5		1.0	0.2	1735.2776548817353	1735.277544954865	1736.3402486117363	1735.040178631735	1735.041278521735	1735.151624899813	
1734.252624899813	0.21000000000003638	WheelMovementIntervals													0.03190456095769534
1735.151624899813	1.2009999999997945	WheelMovementIntervals													0.8573553934208071
1737.0806248998128	0.18399999999996908	WheelMovementIntervals													-0.04194127422473315
1737.4331393117375	2.3401080665478275	trials	-1.0	1.0	1.5		1.0	0.2	1738.2127613417383	1738.212641332536	1739.2732219517393	1737.979451341738	1737.980551231738	1738.0866248998127	
1738.0866248998127	1.7959999999998217	WheelMovementIntervals													0.9523317182947011
1740.3570468917403	2.816196401718571	trials	1.0	1.0	1.5	0.0625		0.2	1741.6169542217417	1741.6168443874049	1742.6732152517427	1740.8463646217408	1740.847531171741	1740.9896248998123	
1740.9896248998123	1.7299999999997908	WheelMovementIntervals													-0.43562806486606576
1743.497624899812	0.07500000000004547	WheelMovementIntervals													0.04743870076291401
1743.7576401317438	2.6322104273524474	trials	-1.0	1.0	1.5		1.0	0.2	1744.8236335217448	1744.8235435443676	1745.8897602317459	1744.6122879917446	1744.6131212417447	1744.676624899812	
1743.8606248998121	0.0989999999999327	WheelMovementIntervals													-0.014521456666940935
1744.676624899812	1.5509999999999309	WheelMovementIntervals													1.0674261265324354
1746.987250471747	3.9589824647118803	trials	-1.0	1.0	1.5		0.0625	0.2	1749.3728452217495	1749.3727387007427	1750.4461712117504	1747.5958896017476	1747.5967228517477	1749.1356248998115	
1749.1356248998115	1.0349999999998545	WheelMovementIntervals													0.7711512317746703
1751.5450279817517	2.501294509766467	trials	-1.0	1.0	1.5		0.0625	0.2	1752.4868337917526	1752.4867251617993	1753.5462945017537	1752.2396251817522	1752.2406584117523	1752.331624899811	
1751.6136248998112	0.19399999999995998	WheelMovementIntervals													-0.05559580504074901
1752.331624899811	1.2359999999998763	WheelMovementIntervals													0.811693530716628
1754.1756248998108	0.125	WheelMovementIntervals													0.0036303560655603917
1754.565624899811	0.22899999999981446	WheelMovementIntervals													-0.09817110900977255
1754.6373187217546	2.525419942943472	trials	1.0	1.0	1.5	0.25		0.2	1755.5939230517556	1755.5938255176727	1756.6627161617566	1755.2897534717554	1755.2906200517552	1755.4026248998107	
1755.4026248998107	1.4239999999999782	WheelMovementIntervals													-0.31110970723538145
1757.7492408317578	4.390373140879774	trials	-1.0	-1.0	0.0	0.0625		0.2	1759.5751915517596	1759.5744288342992	1761.6395517617616	1759.3563134417593	1759.3575466517593	1759.4566248998103	
1757.9596248998105	0.41899999999986903	WheelMovementIntervals													0.047282845770162396
1758.5626248998103	0.09900000000016007	WheelMovementIntervals													-0.00662884162002797
1759.4566248998103	1.8149999999998272	WheelMovementIntervals													0.8352047386337382
1762.7437080017628	3.0291055779130147	trials	-1.0	1.0	1.5		1.0	0.2	1764.2249265317641	1764.2248097512077	1765.2727217417653	1764.0123477917641	1764.013447681764	1764.1326248998098	
1762.95262489981	0.6189999999999145	WheelMovementIntervals													-0.21202863563204133
1764.1326248998098	1.6199999999998909	WheelMovementIntervals													1.1281737767269604
1766.3556248998095	0.22199999999998	WheelMovementIntervals													0.11074659022490252
1766.3672122817663	3.155695698721729	trials	-1.0	1.0	1.5		0.0625	0.2	1767.966419011768	1767.9663090886972	1769.022813361769	1767.7296426917678	1767.7307425817678	1767.8286248998095	
1767.8286248998095	1.5089999999997872	WheelMovementIntervals													0.752071384732762
1769.8896248998092	0.4379999999998745	WheelMovementIntervals													0.05377062946492828
1770.10820481177	2.7868992677460938	trials	-1.0	1.0	1.5		0.0	0.2	1771.3321157417713	1771.3320036119674	1772.3950427717725	1771.0618427717711	1771.062676021771	1771.191624899809	
1771.191624899809	1.4429999999997563	WheelMovementIntervals													0.5697387604169286
1773.4742015117736	2.921414748392408	trials	-1.0	1.0	1.5		0.125	0.2	1774.822000051775	1774.821907392857	1775.8955260217758	1774.6059216617746	1774.6069548917746	1774.6746248998086	
1773.6896248998087	0.2860000000000582	WheelMovementIntervals													0.12236799439675039
1774.6746248998086	1.02800000000002	WheelMovementIntervals													0.7222254332375506
1776.2886248998084	0.6459999999999582	WheelMovementIntervals													-0.02660152854727471
1776.987216841777	2.441772584971204	trials	-1.0	1.0	1.5		1.0	0.2	1777.883993821778	1777.8839060397313	1778.928955981779	1777.6557833117777	1777.6565499017777	1777.7506248998084	
1777.7506248998084	1.3009999999997035	WheelMovementIntervals													0.977656235758328
1780.01878032178	2.9596113432219227	trials	-1.0	1.0	1.5		0.0625	0.2	1781.4267061817814	1781.4265847660895	1782.4783676717825	1781.005714951781	1781.006848171781	1780.911624899808	
1780.201624899808	0.14400000000000546	WheelMovementIntervals													-0.04556418361894643
1780.911624899808	1.5229999999999109	WheelMovementIntervals													0.49277422738031973
1783.2036248998077	0.5979999999999563	WheelMovementIntervals													-0.18759800082991163
1783.5728915417835	3.6391102982181565	trials	-1.0	-1.0	0.0	0.0		0.2	1784.6577830417846	1784.656794013393	1786.7118776117868	1784.3724115817845	1784.3734448117843	1784.3426248998076	
1784.3426248998076	0.6539999999999964	WheelMovementIntervals													0.5976254049654379
1786.2066248998074	0.07300000000009277	WheelMovementIntervals													-0.003661868976458038
1787.7086248998073	0.40299999999979264	WheelMovementIntervals													-0.07829198628261835
1787.8092012017878	2.7631729067256856	trials	-1.0	1.0	1.5		0.125	0.2	1789.010681041789	1789.0105885524556	1790.07234153179	1788.7223098817888	1788.7233764417888	1788.836624899807	
1788.836624899807	1.7849999999998545	WheelMovementIntervals													0.8528629061143072
1791.161865901791	3.210418560998278	trials	-1.0	1.0	1.5		1.0	0.2	1792.8244662917928	1792.8243744778695	1793.8721615117938	1792.5787908617926	1792.5796241117926	1792.6716248998066	
1791.4426248998068	0.5929999999998472	WheelMovementIntervals													-0.1321554276949577
1792.6716248998066	1.2549999999998818	WheelMovementIntervals													0.8858535645963315
1794.965285521795	3.5129931385156397	trials	-1.0	-1.0	0.0	0.125		0.2	1795.907924581796	1795.9068831466261	1797.978217531798	1795.6453508417956	1795.6462507517956	1795.7376248998064	
1795.7376248998064	0.9859999999998763	WheelMovementIntervals													0.6236262370172518
1797.271624899806	0.10599999999999454	WheelMovementIntervals													-0.014090750275720154
1798.251624899806	0.59699999999998	WheelMovementIntervals													-0.25152310860823235
1799.068375171799	2.459598094463672	trials	-1.0	1.0	1.5		0.25	0.2	1799.9673852618	1799.9672737444596	1801.0279125318011	1799.7387747917999	1799.7398413517997	1799.717624899806	
1799.717624899806	1.337999999999738	WheelMovementIntervals													0.8197324218973101
1802.0866248998057	0.23900000000003274	WheelMovementIntervals													-0.05489865639533065
1802.1164703318022	2.5721893852530684	trials	-1.0	1.0	1.5		0.125	0.2	1803.1239695718032	1803.1238653912508	1804.1886297618041	1802.855296441803	1802.8561296918028	1802.9846248998056	
1802.9846248998056	1.3289999999997235	WheelMovementIntervals													0.6387111464153179
1805.2708548618052	2.974210271170932	trials	-1.0	1.0	1.5		0.0625	0.2	1806.6755477118068	1806.675458767958	1807.7450407518077	1806.4122407118064	1806.4130739618065	1806.5286248998052	
1805.6306248998053	0.2519999999999527	WheelMovementIntervals													-0.03918584167688266
1806.5286248998052	1.319999999999709	WheelMovementIntervals													0.6268628703285088
1808.8379647818088	3.0170066373027566	trials	-1.0	1.0	1.5		0.125	0.2	1810.2994519518104	1810.2993670280632	1811.3549130618114	1810.0885397118102	1810.0893396318102	1810.0626248998049	
1809.2096248998048	0.1770000000001346	WheelMovementIntervals													-0.0214566060307817
1810.0626248998049	2.457999999999629	WheelMovementIntervals													0.7139859482512776
1812.4487703318125	2.6959786753734534	trials	-1.0	1.0	1.5		0.125	0.2	1813.5850566918136	1813.5849605019087	1814.6446840518147	1813.145067361813	1813.1459339418132	1813.2586248998043	
1813.2586248998043	1.8079999999999927	WheelMovementIntervals													0.6658234089373778
1815.7325419218157	2.4557981560124063	trials	-1.0	1.0	1.5		0.25	0.2	1816.6203531318167	1816.6202405323274	1817.6882463318177	1816.3882430118165	1816.3892429118164	1816.512624899804	
1816.512624899804	1.199999999999818	WheelMovementIntervals													1.4312139870281015
1818.7799371518188	2.858219946101144	trials	-1.0	1.0	1.5		0.0625	0.2	1820.05994247182	1820.059845188065	1821.1381013118212	1819.8447306618198	1819.8454972518198	1819.9426248998036	
1819.0596248998038	0.14400000000000546	WheelMovementIntervals													-0.07322079581557972
1819.9426248998036	1.0059999999998581	WheelMovementIntervals													1.0410176436255938
1822.2296588118222	2.8251948291876943	trials	-1.0	1.0	1.5		0.0625	0.2	1823.4766341018235	1823.4765556469918	1824.5547929418246	1823.2440573618233	1823.2451239218233	1823.2236248998033	
1822.5906248998033	0.19600000000014006	WheelMovementIntervals													-0.08096052864824799
1823.2236248998033	1.3639999999998054	WheelMovementIntervals													1.0403285265501694
1825.647624899803	0.22499999999990905	WheelMovementIntervals													-0.0732108989498812
1825.6494501318257	2.7720003884030575	trials	-1.0	1.0	1.5		0.125	0.2	1826.8406310018268	1826.8405490096504	1827.921322921828	1826.5943223018267	1826.5953888618267	1826.6966248998028	
1826.6966248998028	1.4729999999999563	WheelMovementIntervals													0.7843641005065791
1829.014146961829	2.4799960293432832	trials	-1.0	1.0	1.5		0.125	0.2	1829.92002303183	1829.9199447810965	1830.994082281831	1829.6608822818296	1829.6619821718298	1829.7876248998025	
1829.0206248998027	0.1979999999998654	WheelMovementIntervals													0.024109177556880468
1829.7876248998025	1.3209999999999127	WheelMovementIntervals													0.599778144581073
1832.0878395618322	4.289381525092949	trials	-1.0	-1.0	0.0	1.0		0.2	1833.7882695018338	1833.7873314494882	1835.877127261836	1833.5046978618336	1833.5055977718334	1833.5576248998022	
1832.5786248998022	0.21500000000014552	WheelMovementIntervals													0.05167687538673249
1833.5576248998022	0.83199999999988	WheelMovementIntervals													0.3426298836563575
1836.987916171837	3.35610578463411	trials	1.0	1.0	1.5	1.0		0.2	1838.7678381618389	1838.7677181788952	1839.8439972018398	1838.4378711618385	1838.4388377318385	1838.4696248998016	
1837.2976248998018	0.6889999999998508	WheelMovementIntervals													0.054834859666364366
1838.4696248998016	3.1029999999996107	WheelMovementIntervals													-0.5314490408520385
1840.942920631841	3.8281930183534314	trials	-1.0	1.0	1.5		0.0625	0.2	1843.1879294418432	1843.187815364904	1844.2710211218443	1842.3377811318423	1842.3387810318422	1842.4706248998011	
1842.4706248998011	2.0319999999999254	WheelMovementIntervals													0.7331862201614356
1845.326624899801	0.8869999999999436	WheelMovementIntervals													0.15927758297811323
1845.3799102218454	3.097299536040282	trials	-1.0	1.0	1.5		0.125	0.2	1846.899724891847	1846.8996090128965	1847.977183801848	1846.5770904918465	1846.5780570618465	1846.7226248998006	
1846.7226248998006	1.40099999999984	WheelMovementIntervals													0.44890492413172467
1848.3276248998006	0.8709999999998672	WheelMovementIntervals													0.15603536489683734
1849.075607281849	2.5287926632372546	trials	-1.0	1.0	1.5		1.0	0.2	1850.02891194185	1850.0288037624741	1851.1043043918512	1849.7709377418498	1849.7720043018498	1849.9006248998003	
1849.9006248998003	2.0879999999999654	WheelMovementIntervals													0.7650296927000042
1852.1902957818522	13.286503996182319	trials	1.0	-1.0	0.0		0.0	0.2	1862.899424761863	1862.898497390667	1864.976750341865	1852.7606387418527	1852.7616053118527	1852.6756248998001	
1852.6756248998001	1.1109999999998763	WheelMovementIntervals													0.25961562694966034
1854.6836248997997	1.418999999999869	WheelMovementIntervals													-0.20399628490777388
1856.8506248997996	0.40599999999994907	WheelMovementIntervals													0.04409154483501965
1857.9326248997995	0.35199999999986176	WheelMovementIntervals													0.0854551032666464
1859.2236248997992	0.06200000000012551	WheelMovementIntervals													0.014017347167126104
1859.6556248997992	0.17300000000000182	WheelMovementIntervals													-0.02438393657674709
1860.884624899799	2.791999999999689	WheelMovementIntervals													-0.48638206733642164
1864.6836248997988	0.24799999999981992	WheelMovementIntervals													-0.027506248215715345
1866.167897881866	3.408900819394603	trials	1.0	1.0	1.5	0.0625		0.2	1868.006180701868	1868.006097245242	1869.076740301869	1867.5705242718675	1867.5717574818675	1867.7346248997983	
1866.4746248997985	0.4459999999999127	WheelMovementIntervals													0.28648587022692595
1867.7346248997983	1.7849999999998545	WheelMovementIntervals													-0.34836671107002104
1870.1813964918701	3.0722736592158526	trials	-1.0	1.0	1.5		0.25	0.2	1871.6699809518716	1871.6698827610398	1872.7536392418729	1871.4371375718715	1871.4379708218714	1871.545624899798	
1870.6546248997981	0.3489999999999327	WheelMovementIntervals													-0.12877624689747336
1871.545624899798	1.043999999999869	WheelMovementIntervals													0.9598683351281707
1873.853062621874	2.3506063172067115	trials	-1.0	1.0	1.5		0.0625	0.2	1874.6238855318747	1874.6237640373715	1875.7035775518757	1874.3940085218744	1874.3949084318745	1874.2766248997978	
1874.2766248997978	1.37299999999982	WheelMovementIntervals													0.6492270499126889
1876.7986680318768	2.704904382419045	trials	1.0	1.0	1.5	0.0		0.2	1877.921255761878	1877.9211690205505	1879.003514191879	1877.5770568518776	1877.5778567718776	1877.6716248997973	
1876.8886248997974	0.08200000000010732	WheelMovementIntervals													-0.035216565029784874
1877.6716248997973	1.0529999999998836	WheelMovementIntervals													-0.4723727426522615
1880.1025709418802	5.700903073299287	trials	1.0	-1.0	0.0		0.125	0.2	1883.2294582218833	1883.2286715304258	1885.3034174718853	1882.8597618618828	1882.860761761883	1882.9686248997966	
1880.535624899797	0.1169999999999618	WheelMovementIntervals													0.03007891635483162
1881.040624899797	0.05899999999996908	WheelMovementIntervals													0.020955050786149343
1881.601624899797	0.6959999999999127	WheelMovementIntervals													-0.11230731392775795
1882.9686248997966	0.5240000000001146	WheelMovementIntervals													-0.37487177832792895
1885.6416248997964	3.697999999999638	WheelMovementIntervals													-1.1490851145659136
1886.4233721318865	5.35337300159199	trials	-1.0	1.0	1.5		0.125	0.2	1890.1981612818902	1890.198051685021	1891.2766867518912	1889.7430401318898	1889.7440067018897	1889.789624899796	
1889.789624899796	1.3579999999997199	WheelMovementIntervals													0.33482037092378647
1892.4139396818925	3.2393157799554047	trials	-1.0	1.0	1.5		0.0625	0.2	1894.071840541894	1894.0717467341556	1895.153199061895	1893.6531824118936	1893.6542823018938	1893.9436248997956	
1892.7446248997956	0.17600000000015825	WheelMovementIntervals													0.020722536359961907
1893.9436248997956	0.9519999999997708	WheelMovementIntervals													0.6970739441251368
1896.2503560018963	2.9361875478066395	trials	-1.0	1.0	1.5		1.0	0.2	1897.6106532918977	1897.610549306896	1898.6864790318987	1897.3095500718973	1897.3105499718972	1897.4226248997952	
1896.2746248997953	0.43699999999989814	WheelMovementIntervals													0.041258320922189284
1897.4226248997952	1.403999999999769	WheelMovementIntervals													0.5157553953051917
1900.1064370219	2.2467146755320755	trials	-1.0	1.0	1.5		0.25	0.2	1900.7842359019007	1900.7841408453746	1901.8530956719019	1900.5923550919006	1900.5934883119005	1900.6416248997948	
1900.6416248997948	0.91599999999994	WheelMovementIntervals													1.0414836792747266
1902.945953041903	2.590487273929284	trials	-1.0	1.0	1.5		0.0625	0.2	1903.965651061904	1903.9655472458444	1905.0364106419051	1903.6420834219036	1903.6434166219037	1903.6296248997944	
1903.6296248997944	1.1730000000000018	WheelMovementIntervals													0.4270336083895572
1906.1264349619062	2.7322022543594358	trials	-1.0	1.0	1.5		1.0	0.2	1907.2887187219073	1907.2886350701033	1908.3585783919084	1907.059275001907	1907.060374891907	1907.173624899794	
1906.2926248997942	0.20299999999997453	WheelMovementIntervals													-0.021404797156129973
1907.173624899794	1.086999999999989	WheelMovementIntervals													0.7543521029369202
1909.3216248997937	0.2980000000000018	WheelMovementIntervals													-0.12767531069651739
1909.4563352719094	3.9465831525553767	trials	-1.0	-1.0	0.0	0.0625		0.8	1910.835963961911	1910.8350286877715	1912.902890581913	1910.6029539319106	1910.6039871619107	1910.6906248997936	
1910.6906248997936	0.6469999999999345	WheelMovementIntervals													0.8896861183842688
1914.006513541914	2.5366187538265876	trials	1.0	1.0	1.5	1.0		0.8	1914.961118071915	1914.9610198462249	1916.043076531916	1914.7588716319149	1914.7599048619147	1914.8716248997932	
1914.8716248997932	1.8669999999997344	WheelMovementIntervals													-0.6502282072569727
1917.1330341919172	3.1425953220052634	trials	-1.0	1.0	1.5		0.0	0.8	1918.6947113419187	1918.6946308735344	1919.7755699119198	1918.4527688719186	1918.4538354319184	1918.424624899793	
1917.5626248997928	0.39400000000000546	WheelMovementIntervals													0.07639137058926337
1918.424624899793	1.5059999999998581	WheelMovementIntervals													0.6440205040761597
1920.8789262319208	2.8068959195354637	trials	-1.0	1.0	1.5		0.0	0.8	1922.1102030919221	1922.110123564828	1923.1857621919232	1921.852628851922	1921.8537954019218	1921.9686248997925	
1920.9426248997925	0.20299999999997453	WheelMovementIntervals													-0.022610536487512434
1921.9686248997925	1.1629999999997835	WheelMovementIntervals													0.8602845915077424
1924.2857188519242	2.856291866231004	trials	1.0	1.0	1.5	1.0		0.8	1925.5637243719257	1925.5636143181098	1926.6419498719267	1925.3087832019253	1925.3097164419253	1925.477624899792	
1924.584624899792	0.07799999999997453	WheelMovementIntervals													-0.0373605212468604
1925.477624899792	0.9989999999997963	WheelMovementIntervals													-0.435645955620096
1927.5966248997918	0.20700000000010732	WheelMovementIntervals													-0.030185632485419944
1927.7413065919277	3.516991283518564	trials	-1.0	-1.0	0.0	0.0		0.8	1928.6846789119288	1928.6836037206922	1930.7582048719307	1928.4191721319285	1928.4200053819284	1928.5216248997917	
1928.5216248997917	0.4499999999998181	WheelMovementIntervals													0.6321771097318702
1931.2496248997913	0.5630000000001019	WheelMovementIntervals													0.15526759598564865
1931.8665940219319	2.426000177932565	trials	1.0	1.0	1.5	0.125		0.8	1932.7118094919326	1932.711693387213	1933.7925680719338	1932.4357037719324	1932.4366036819324	1932.6286248997912	
1932.6286248997912	1.0459999999998217	WheelMovementIntervals													-0.42018159990190185
1934.888991751935	3.5363899327328454	trials	1.0	-1.0	0.0		0.0625	0.8	1935.8458960519358	1935.8448884901168	1937.925321421938	1935.3689770819353	1935.3698769919354	1935.469624899791	
1935.469624899791	0.6589999999998781	WheelMovementIntervals													-0.3936941373755545
1939.029877621939	2.972309752893807	trials	-1.0	1.0	1.5		0.25	0.8	1940.4327039919403	1940.4325812807142	1941.5020970419416	1940.18556204194	1940.1864619519401	1940.1926248997904	
1939.2086248997905	0.48700000000008004	WheelMovementIntervals													0.04496805835965745
1940.1926248997904	1.3469999999997526	WheelMovementIntervals													0.9493792418310605
1942.59262489979	0.13000000000010914	WheelMovementIntervals													-0.04878674348869083
1942.6029869419426	3.472295625366769	trials	-1.0	-1.0	0.0	0.0		0.8	1943.4967642219435	1943.4959853025266	1945.5751896919455	1943.2745531119433	1943.2754196919434	1943.1946248997901	
1943.1946248997901	0.8079999999997654	WheelMovementIntervals													0.9433802721548474
1945.19562489979	0.4800000000000182	WheelMovementIntervals													-0.04391220730407497
1946.3646248997898	0.17200000000002547	WheelMovementIntervals													-0.07016026496995664
1946.6773794619467	2.408101863607044	trials	1.0	1.0	1.5	1.0		0.8	1947.5171954719476	1947.5170794143867	1948.5853886419486	1947.3020169919473	1947.3030168919474	1947.3486248997897	
1947.3486248997897	1.087999999999738	WheelMovementIntervals													-0.42848607390699556
1948.5856248997895	0.14200000000005275	WheelMovementIntervals													0.007737531682792564
1949.6787792919497	3.3128073273505834	trials	1.0	1.0	1.5	0.125		0.8	1951.4098728319514	1951.4097820755883	1952.4915313219526	1950.875226301951	1950.8762928619508	1950.9836248997892	
1949.8306248997894	0.24299999999993815	WheelMovementIntervals													-0.07399392133664406
1950.9836248997892	1.4339999999997417	WheelMovementIntervals													-0.3305685022809399
1953.6150856219535	2.9868808338987947	trials	-1.0	1.0	1.5		0.25	0.8	1955.0288775619551	1955.028775604043	1956.101903581956	1954.6683469519546	1954.6692468619547	1954.7786248997888	
1953.737624899789	0.45299999999997453	WheelMovementIntervals													0.031309729105757356
1954.7786248997888	3.0159999999996217	WheelMovementIntervals													0.9705195223882228
1957.2022602019572	3.116197048207141	trials	1.0	1.0	1.5	0.125		0.8	1958.7523718419588	1958.7522577389336	1959.81836523196	1958.4416695819584	1958.4428361319585	1958.6286248997883	
1958.6286248997883	1.3050000000000637	WheelMovementIntervals													-0.284575701703325
1960.9216248997882	0.13099999999985812	WheelMovementIntervals													-0.027934690574284105
1960.927754281961	3.924014012254702	trials	-1.0	-1.0	0.0	0.0625		0.8	1962.2854185019623	1962.2843584348195	1964.3516451919643	1961.7748029019617	1961.775769471962	1961.8856248997881	
1961.8856248997881	1.0649999999998272	WheelMovementIntervals													0.431414025544278
1965.4553681419654	3.635480910855449	trials	-1.0	-1.0	0.0	0.0		0.8	1966.5193617319665	1966.5183619756203	1968.5908212319687	1966.2582878419662	1966.2593544019662	1966.3726248997875	
1965.6186248997876	0.13599999999996726	WheelMovementIntervals													-0.042525839012050426
1966.3726248997875	0.7819999999999254	WheelMovementIntervals													0.5621438974386805
1969.7012435119698	4.456795490838886	trials	1.0	1.0	1.5	0.0625		0.8	1972.5752560819726	1972.5751393146377	1973.6580144619736	1972.2179584819723	1972.2189250519723	1972.3266248997868	
1969.765624899787	0.2599999999999909	WheelMovementIntervals													-0.10522961068020464
1970.303624899787	0.17300000000000182	WheelMovementIntervals													0.06749502535875251
1970.760624899787	0.6520000000000437	WheelMovementIntervals													-0.11887165789594434
1972.3266248997868	1.6539999999999964	WheelMovementIntervals													-0.30711326893035107
1974.7748361019749	2.4826961253625086	trials	1.0	1.0	1.5	0.125		0.8	1975.6834452319756	1975.6833339522573	1976.7574711519767	1975.4346034519754	1975.4355366919754	1975.3436248997866	
1975.3436248997866	1.2419999999997344	WheelMovementIntervals													-0.3630922623089319
1977.8472288319779	2.487423161593597	trials	1.0	1.0	1.5	0.0625		0.8	1978.7611374319788	1978.761036238765	1979.8345967419798	1978.4345700919785	1978.4355033319785	1978.5276248997861	
1978.5276248997861	1.2729999999999109	WheelMovementIntervals													-0.38446437290733115
1980.930353821981	3.1440953270332557	trials	1.0	1.0	1.5	1.0		0.8	1982.4917310019825	1982.4916505083154	1983.5744227219836	1982.2742194219823	1982.2750860019823	1982.2866248997857	
1982.2866248997857	1.2390000000000327	WheelMovementIntervals													-0.34449703881258387
1984.6761458719848	2.49789857032124	trials	1.0	1.0	1.5	0.0625		0.8	1985.5923209119856	1985.5922446141576	1986.6739460719866	1985.3512450219853	1985.3523782419854	1985.4746248997853	
1985.4746248997853	1.1289999999999054	WheelMovementIntervals													-0.3173011770241345
1987.8206248997851	0.32799999999997453	WheelMovementIntervals													-0.13319178363790485
1988.0555412319882	2.7021774844204174	trials	-1.0	1.0	1.5		1.0	0.8	1989.1719295819892	1989.1718311044174	1990.2576876619903	1988.8678266619888	1988.868993211989	1988.9636248997851	
1988.9636248997851	1.140999999999849	WheelMovementIntervals													0.9796880080502248
1991.3545113019914	2.5695156476151624	trials	1.0	1.0	1.5	0.25		0.8	1992.3432124219923	1992.3431165528268	1993.4239376719934	1991.950951651992	1991.951918221992	1992.0866248997847	
1992.0866248997847	1.2059999999999036	WheelMovementIntervals													-0.44779329326976836
1994.5194281119946	2.670981108813521	trials	1.0	1.0	1.5	0.125		0.8	1995.6171183319957	1995.6170191162105	1996.6903443319968	1995.3676099519953	1995.3685431919953	1995.4476248997844	
1994.6276248997845	0.1289999999999054	WheelMovementIntervals													-0.05192115083062987
1995.4476248997844	1.0369999999998072	WheelMovementIntervals													-0.43405369480459655
1997.7869013319978	4.030504739357411	trials	1.0	-1.0	0.0		0.0625	0.8	1999.2444888919993	1999.2435023219857	2001.3173482520012	1998.934119931999	1998.9351531619989	1998.9516248997838	
1997.971624899784	0.38400000000001455	WheelMovementIntervals													-0.05722541068424647
1998.9516248997838	0.7170000000000982	WheelMovementIntervals													-0.30144578553601065
2002.4216044820025	3.2459146389287525	trials	-1.0	1.0	1.5		0.25	0.8	2004.088604432004	2004.088510972596	2005.1674298720052	2003.7735026120038	2003.7744025220038	2003.9246248997833	
2002.5286248997836	0.5889999999999418	WheelMovementIntervals													-0.09903120333866866
2003.9246248997833	1.0899999999999181	WheelMovementIntervals													0.6518294263372866
2006.2713194720063	2.318982222853265	trials	1.0	1.0	1.5	0.25		0.8	2007.011812082007	2007.0117131576521	2008.090204232008	2006.7906675320069	2006.7916674320068	2006.9026248997832	
2006.9026248997832	1.587999999999738	WheelMovementIntervals													-0.4721054128423958
2009.1862946120093	2.4976943639421734	trials	1.0	1.0	1.5	0.125		0.8	2010.10530270201	2010.1051918027174	2011.1839281620112	2009.83389651201	2009.83496307201	2009.8806248997828	
2009.8806248997828	1.3009999999997035	WheelMovementIntervals													-0.2999010147245258
2012.2805851520122	3.159622742994088	trials	1.0	1.0	1.5	0.0625		0.8	2013.865493312014	2013.8653955563282	2014.940085842015	2013.5565242120135	2013.5575574420136	2013.6446248997822	
2012.3076248997825	0.7669999999998254	WheelMovementIntervals													-0.13131148926989056
2013.6446248997822	1.8079999999999927	WheelMovementIntervals													-0.32095409994158075
2016.033809792016	3.200090334979677	trials	1.0	1.0	1.5	0.0625		0.8	2017.6668798020178	2017.6668038394	2018.7338064320188	2017.2004597820173	2017.2014930120172	2017.317624899782	
2016.086624899782	0.5389999999999873	WheelMovementIntervals													-0.09482629847468615
2017.317624899782	1.1979999999998654	WheelMovementIntervals													-0.4084208308024273
2019.83879592202	2.3284814572066352	trials	1.0	1.0	1.5	0.25		0.8	2020.5943870220206	2020.594289256756	2021.6671797320216	2020.3900741220205	2020.3911073520203	2020.4336248997815	
2020.4336248997815	1.4639999999999418	WheelMovementIntervals													-0.43886801741999193
2022.6106248997814	0.2459999999998672	WheelMovementIntervals													-0.15033765937448607
2022.7631701220228	2.42730124871332	trials	1.0	1.0	1.5	0.125		0.8	2023.6060858220237	2023.6059695139468	2024.6904107120247	2023.3731091220234	2023.3740756920233	2023.3466248997813	
2023.3466248997813	1.1289999999999054	WheelMovementIntervals													-0.33368810086589207
2024.7686248997811	0.19499999999993634	WheelMovementIntervals													-0.015141943171215644
2025.7846679420259	9.38839593635521	trials	1.0	1.0	1.5	1.0		0.8	2033.5981865120336	2033.5980628956206	2034.6730123520347	2033.149964672033	2033.150897912033	2033.2956248997803	
2025.958624899781	0.55600000000004	WheelMovementIntervals													-0.38031739497766637
2027.5076248997807	4.928999999999633	WheelMovementIntervals													-0.7730839032638954
2033.2956248997803	0.9649999999999181	WheelMovementIntervals													-0.38038914162481774
2035.72362489978	0.38599999999996726	WheelMovementIntervals													-0.1165686223093374
2035.8486614420358	2.791097517628259	trials	-1.0	1.0	1.5		0.125	0.8	2037.059073722037	2037.058959498354	2038.1397323120382	2036.7334062920368	2036.7345061820367	2036.8366248997797	
2036.8366248997797	0.9739999999999327	WheelMovementIntervals													0.727506000144416
2039.2360560020393	2.6806060079675262	trials	1.0	1.0	1.5	0.125		0.8	2040.3486780620403	2040.3485576654207	2041.4165712620415	2040.06683958204	2040.06777282204	2040.1686248997794	
2039.4776248997796	0.08899999999994179	WheelMovementIntervals													-0.0561697713558047
2040.1686248997794	2.822999999999638	WheelMovementIntervals													-0.5478307121128765
2042.5199609120425	3.6963041882311245	trials	-1.0	1.0	1.5		0.125	0.8	2044.6468482020446	2044.6467621711197	2045.7162412520458	2043.6231505820435	2043.6240504920436	2044.343624899779	
2044.343624899779	2.2599999999997635	WheelMovementIntervals													0.7298875704983487
2046.8273634620468	2.545690316007949	trials	-1.0	1.0	1.5		1.0	0.8	2047.7947667120477	2047.7946590224362	2048.8730255420487	2047.5560239220476	2047.5569904920476	2047.6876248997785	
2047.6876248997785	1.1330000000000382	WheelMovementIntervals													1.1593080381501153
2049.97134903205	2.4516977355442577	trials	1.0	1.0	1.5	0.0625		0.8	2050.848361322051	2050.8482475067826	2051.922987182052	2050.5828878720504	2050.5839211020507	2050.7056248997783	
2050.7056248997783	1.0880000000001928	WheelMovementIntervals													-0.3266496788635038
2053.024143722053	3.0423045261586594	trials	1.0	1.0	1.5	0.125		0.8	2054.4891305420547	2054.4890444569137	2055.5663561420556	2054.0995028420543	2054.100536072054	2054.206624899778	
2053.3176248997784	0.250999999999749	WheelMovementIntervals													-0.028514319597711335
2054.206624899778	1.081000000000131	WheelMovementIntervals													-0.3346211499724987
2056.672145552057	2.8005970556760076	trials	1.0	1.0	1.5	0.0625		0.8	2057.9000560820577	2057.899943384437	2058.972715472059	2057.1887605520574	2057.190193742057	2057.056624899778	
2057.056624899778	1.945999999999458	WheelMovementIntervals													-0.3797625510218836
2060.06503956206	2.6343106446861384	trials	1.0	1.0	1.5	0.25		0.8	2061.1312329320613	2061.131143060558	2062.199259452062	2060.7327394520607	2060.734139312061	2060.8646248997775	
2060.8646248997775	1.006999999999607	WheelMovementIntervals													-0.33931017875431735
2063.292150152063	2.9969796797781783	trials	1.0	1.0	1.5	1.0		0.8	2064.7158411020646	2064.715739549779	2065.789100432066	2064.4731320420647	2064.4740652820647	2064.341624899777	
2063.532624899777	0.1799999999998363	WheelMovementIntervals													0.06950152113839891
2064.341624899777	1.09900000000016	WheelMovementIntervals													-0.3476794732413069
2066.8933233320668	4.3796040889556025	trials	-1.0	-1.0	0.0	0.0625		0.8	2068.698609452069	2068.697823780742	2070.7729020020706	2068.2660860420683	2068.2670192820683	2068.5026248997765	
2067.439624899777	0.2699999999999818	WheelMovementIntervals													-0.061615739643627876
2068.5026248997765	0.4149999999999636	WheelMovementIntervals													0.4942296304212448
2069.0966248997765	0.18800000000010186	WheelMovementIntervals													0.013268369981652484
2071.880424572072	3.252085896731842	trials	1.0	-1.0	0.0		0.25	0.8	2072.5685557520724	2072.567721168804	2074.632449342075	2072.3659426820723	2072.366942582072	2072.452624899776	
2072.452624899776	0.6110000000003311	WheelMovementIntervals													-0.3540493945342007
2074.064624899776	0.24199999999973443	WheelMovementIntervals													-0.014749874702687293
2075.737705472076	2.284111452005618	trials	1.0	1.0	1.5	1.0		0.8	2076.4520340320764	2076.451908427558	2077.5217270520775	2076.2555203520765	2076.2564869220764	2076.2006248997754	
2076.2006248997754	1.3470000000002074	WheelMovementIntervals													-0.42147543491768147
2078.618217392079	2.447598731488142	trials	1.0	1.0	1.5	0.0625		0.8	2079.4900302020797	2079.489916228016	2080.5656892920806	2079.199125962079	2079.2001258620794	2079.3156248997752	
2079.3156248997752	1.1089999999999236	WheelMovementIntervals													-0.31756529052484694
2081.658513332082	2.580287385485917	trials	1.0	1.0	1.5	1.0		0.8	2082.657313442083	2082.657207675568	2083.738738622084	2082.3886736420823	2082.3897402020825	2082.309624899775	
2082.309624899775	1.3299999999999272	WheelMovementIntervals													-0.4718369159016973
2084.838295322085	2.477195863171346	trials	-1.0	1.0	1.5		1.0	0.8	2085.741205022086	2085.741093085558	2086.8154642520867	2085.3988725920854	2085.3997058420855	2085.5406248997747	
2085.5406248997747	1.1079999999997199	WheelMovementIntervals													0.8111666883051214
2087.914187702088	2.4678966239762303	trials	1.0	1.0	1.5	0.0625		0.8	2088.816797432089	2088.8166857361016	2089.88202423209	2088.5223602120886	2088.5232934520886	2088.6236248997743	
2088.6236248997743	0.9249999999997272	WheelMovementIntervals													-0.36772509807300224
2090.980681022091	3.2079176017391546	trials	-1.0	1.0	1.5		1.0	0.8	2092.615884152093	2092.615788974455	2093.6884768820937	2092.3552435520924	2092.3562101220923	2092.518624899774	
2091.322624899774	0.6269999999999527	WheelMovementIntervals													-0.3712473382110062
2092.518624899774	1.2210000000000036	WheelMovementIntervals													1.1539899095761328
2094.7947995720947	4.320379326923103	trials	-1.0	1.0	1.5		0.0625	0.8	2097.5502906620977	2097.550184474245	2098.6151508320986	2095.4653991720957	2095.4665323920954	2097.323624899773	
2097.323624899773	1.0199999999999818	WheelMovementIntervals													0.7981889375706999
2099.7314725221	3.939911786806533	trials	-1.0	-1.0	0.0	0.0625		0.8	2101.096069382101	2101.0950759093134	2103.1713618321032	2100.8218634721006	2100.8227633821007	2100.940624899773	
2100.110624899773	0.27100000000018554	WheelMovementIntervals													0.0496125137928658
2100.940624899773	0.6100000000001273	WheelMovementIntervals													0.8410877093429647
2101.8856248997727	1.5399999999999636	WheelMovementIntervals													-0.39077141244541735
2104.284583832104	2.963883561615148	trials	1.0	1.0	1.5	1.0		0.8	2105.674878122106	2105.6747751836933	2106.7484707521066	2104.865125772105	2104.866025682105	2105.0266248997723	
2105.0266248997723	2.050999999999931	WheelMovementIntervals													-0.5738511286105137
2107.8386617221076	2.709704237799997	trials	1.0	1.0	1.5	0.125		0.8	2108.983980512109	2108.983862667868	2110.04830740211	2108.5547901021087	2108.555623352109	2108.675624899772	
2108.675624899772	1.2619999999997162	WheelMovementIntervals													-0.3771088653835619
2111.144364452111	2.543517582050299	trials	-1.0	1.0	1.5		1.0	0.8	2112.1131675621123	2112.1130703865792	2113.1878267521133	2111.788333382112	2111.789233292112	2111.9046248997715	
2111.9046248997715	0.9690000000000509	WheelMovementIntervals													0.7819941783534361
2114.284983692114	3.313180565068251	trials	1.0	1.0	1.5	0.25		0.8	2116.024476392116	2116.0243724389757	2117.098069022117	2115.764835692116	2115.7658355921158	2115.902624899771	
2114.6206248997714	0.42000000000007276	WheelMovementIntervals													0.1047703734644827
2115.902624899771	1.33600000000024	WheelMovementIntervals													-0.3468985288416704
2118.2048583321184	4.376803675139399	trials	-1.0	-1.0	0.0	0.0625		0.8	2120.00877792212	2120.007758610223	2122.081570622122	2119.271351672119	2119.2721182621194	2119.8516248997707	
2118.344624899771	0.25700000000006185	WheelMovementIntervals													-0.08845851014056194
2119.8516248997707	0.51299999999992	WheelMovementIntervals													0.4818187771864473
2123.1966591021232	2.951383530394196	trials	1.0	1.0	1.5	1.0		0.8	2124.5750545821247	2124.574950476847	2125.6480139421255	2124.3211466421244	2124.3220132221245	2124.4366248997703	
2123.4536248997706	0.375999999999749	WheelMovementIntervals													-0.07147947356997264
2124.4366248997703	1.1210000000000946	WheelMovementIntervals													-0.32231994415862175
2125.86462489977	0.27999999999974534	WheelMovementIntervals													0.015251293004695299
2126.51862489977	0.19000000000005457	WheelMovementIntervals													-0.04961160846129076
2126.7521368521266	2.4458985196361027	trials	1.0	1.0	1.5	0.0625		0.8	2127.6214499121274	2127.62133561531	2128.6979422521285	2127.2532867321274	2127.2543199621273	2127.26062489977	
2127.26062489977	1.224999999999909	WheelMovementIntervals													-0.3194729671447334
2129.7951325221297	2.8527196393642953	trials	1.0	1.0	1.5	0.25		0.8	2131.076437712131	2131.076340444287	2132.1477972321322	2130.803998292131	2130.804931532131	2130.9326248997695	
2130.9326248997695	0.9329999999999927	WheelMovementIntervals													-0.3157222952596186
2133.247953872133	3.089100240690186	trials	1.0	1.0	1.5	0.0		0.8	2134.7642355621347	2134.764153008625	2135.836928282136	2134.4876632221344	2134.4885298021345	2134.5476248997693	
2133.6686248997694	0.07200000000011642	WheelMovementIntervals													0.01306288399189981
2134.5476248997693	1.0470000000000255	WheelMovementIntervals													-0.2842967521700501
2136.935251772137	2.352179943361989	trials	1.0	1.0	1.5	0.0		0.8	2137.705841372138	2137.7057445471455	2138.787399872139	2137.4143705221372	2137.4154704121374	2137.557624899769	
2137.557624899769	0.7659999999996217	WheelMovementIntervals													-0.36018119940959537
2139.87752418214	2.5201942573512497	trials	1.0	1.0	1.5	0.0625		0.8	2140.828329092141	2140.8282208841374	2141.897655482142	2140.5477238221406	2140.5487570521404	2140.5606248997688	
2140.5606248997688	1.3359999999997854	WheelMovementIntervals													-0.3485073448586462
2142.985013402143	4.729300435502864	trials	1.0	1.0	1.5	0.0625		0.8	2146.1404311621463	2146.1403123583405	2147.2142571021473	2144.137131512144	2144.138031422144	2145.800624899768	
2143.3996248997682	0.18800000000010186	WheelMovementIntervals													-0.045046604570352144
2145.800624899768	2.768999999999778	WheelMovementIntervals													-0.6204499319599037
2148.335511632148	3.7952963141260625	trials	1.0	-1.0	0.0		0.0625	0.8	2149.5619556421498	2149.5609097963334	2151.6307820721518	2149.1878597221494	2149.188959612149	2149.303624899768	
2149.303624899768	1.769999999999527	WheelMovementIntervals													-1.0086867407233697
2152.7343050421528	2.7520998860263717	trials	1.0	1.0	1.5	0.0625		0.8	2153.907521042154	2153.907404141059	2154.986379812155	2153.3701747821533	2153.3712080121536	2153.501624899767	
2153.501624899767	1.4789999999998145	WheelMovementIntervals													-0.46128362812841317
2156.093102462156	3.2265169624110968	trials	1.0	1.0	1.5	0.0625		0.8	2157.743804042158	2157.743709604984	2158.819563122159	2157.3639420321574	2157.3648086121575	2157.4496248997666	
2156.257624899767	0.6959999999999127	WheelMovementIntervals													-0.11642279398782307
2157.4496248997666	1.2080000000000837	WheelMovementIntervals													-0.41494135261041976
2159.9268190521598	3.1607936812197295	trials	1.0	1.0	1.5	0.125		0.8	2161.5111939321614	2161.511114882508	2162.5875196221627	2161.230555332161	2161.2314219121613	2161.355624899766	
2160.1266248997663	0.1230000000000473	WheelMovementIntervals													0.018219988012461386
2161.355624899766	0.8369999999999891	WheelMovementIntervals													-0.32741443887312727
2163.692209142164	2.8785887857166017	trials	-1.0	1.0	1.5		1.0	0.8	2164.993212362165	2164.993103170355	2166.070771262166	2164.7304053121647	2164.7313718821647	2164.8736248997657	
2164.085624899766	0.2139999999999418	WheelMovementIntervals													-0.033708974895866106
2164.8736248997657	1.1159999999999854	WheelMovementIntervals													0.8195646422965197
2167.5348915021677	2.612213017828253	trials	1.0	1.0	1.5	1.0		0.8	2168.5715878221686	2168.5714954775403	2169.64704693217	2168.3135802921684	2168.314646852168	2168.3846248997656	
2167.6456248997656	0.31399999999985084	WheelMovementIntervals													-0.06170105806117476
2168.3846248997656	0.9149999999999636	WheelMovementIntervals													-0.28129397452224225
2170.7448038121706	3.902187176141979	trials	1.0	1.0	1.5	1.0		0.8	2173.071204482173	2173.071094974919	2174.1469302321743	2172.8867229321727	2172.887556182173	2172.827624899765	
2171.0416248997653	0.3930000000000291	WheelMovementIntervals													-0.014775583866679654
2171.992624899765	0.17000000000007276	WheelMovementIntervals													-0.027796192139341258
2172.827624899765	1.3449999999998	WheelMovementIntervals													-0.40937132568469536
2175.2487867021755	3.37080574436186	trials	1.0	1.0	1.5	0.0		0.8	2177.0521730121773	2177.052088170344	2178.119566262178	2176.786432922177	2176.787499482177	2176.7766248997646	
2175.7586248997645	0.05999999999994543	WheelMovementIntervals													-0.014296175663794486
2176.7766248997646	1.1839999999997417	WheelMovementIntervals													-0.3512652006051695
2179.2160899321793	2.4871960989080435	trials	1.0	1.0	1.5	0.25		0.8	2180.12216598218	2180.1220877826195	2181.203191202181	2179.7300052021797	2179.73110509218	2179.8496248997644	
2179.8496248997644	1.0039999999999054	WheelMovementIntervals													-0.5215867792773139
2182.2886826421823	2.6247838220942867	trials	1.0	1.0	1.5	0.25		0.8	2183.3493765621834	2183.349275297062	2184.4134368121845	2183.1966251721833	2183.197725062183	2183.0426248997637	
2182.513624899764	0.19899999999961437	WheelMovementIntervals													-0.08595087368323107
2183.0426248997637	1.1950000000001637	WheelMovementIntervals													-0.34758459880089276
2185.5115603221857	2.368504771908647	trials	1.0	1.0	1.5	0.25		0.8	2186.3122802421863	2186.312161259145	2187.3800067921875	2186.035907882186	2186.037007772186	2186.0696248997638	
2186.0696248997638	1.3359999999997854	WheelMovementIntervals													-0.45324195544719004
2188.1476248997633	0.13999999999987267	WheelMovementIntervals													-0.01888623486493657
2188.4765637921887	2.309609504440232	trials	1.0	1.0	1.5	0.125		0.8	2189.218856222189	2189.2187662037713	2190.2861161521905	2188.969847792189	2188.970614382189	2188.914624899763	
2188.914624899763	1.1329999999998108	WheelMovementIntervals													-0.31334534634278555
2190.369624899763	0.06899999999995998	WheelMovementIntervals													-0.0048895085092866
2191.139624899763	3.587999999999738	WheelMovementIntervals													-1.104448655396375
2191.3818732321915	5.698001191357434	trials	1.0	1.0	1.5	0.0		0.8	2195.5203593421957	2195.5202726448824	2196.579786722197	2195.1629950821953	2195.1638283321954	2195.2596248997625	
2195.2596248997625	1.2489999999997963	WheelMovementIntervals													-0.45003927766907026
2197.723572332198	3.239386896384076	trials	1.0	1.0	1.5	0.125		0.8	2199.3965716821995	2199.3964645323513	2200.4629317022004	2199.1521627921993	2199.1530960321993	2199.255624899762	
2197.8416248997623	1.0779999999999745	WheelMovementIntervals													-0.6289414105111106
2199.255624899762	0.9220000000000255	WheelMovementIntervals													-0.34349269677938565
2201.5691544022015	2.633211153166485	trials	1.0	1.0	1.5	1.0		0.8	2202.6338479222027	2202.6337576985143	2203.7023410622037	2202.4193693722023	2202.4203692722026	2202.5236248997617	
2201.642624899762	0.13599999999996726	WheelMovementIntervals													-0.013968616636063302
2202.5236248997617	1.0360000000000582	WheelMovementIntervals													-0.41168643372684954
2204.802064412205	3.316880699496778	trials	1.0	1.0	1.5	0.125		0.8	2206.5503562322065	2206.5502531856023	2207.6188827022074	2206.3294116622064	2206.3303115722065	2206.4126248997613	
2205.2656248997614	0.36799999999993815	WheelMovementIntervals													-0.09287302913219264
2206.4126248997613	1.0459999999998217	WheelMovementIntervals													-0.35673161295400746
2208.719939252209	2.426101361232213	trials	1.0	1.0	1.5	1.0		0.8	2209.5728539522097	2209.5727386761655	2210.6459799622107	2209.3626749722093	2209.3636082122093	2209.340624899761	
2209.340624899761	0.9289999999996326	WheelMovementIntervals													-0.4905019935828463
2211.026624899761	0.09400000000005093	WheelMovementIntervals													-0.013797607507036957
2211.740037212212	2.239388987121856	trials	1.0	1.0	1.5	1.0		0.8	2212.4090369722126	2212.40893332532	2213.4793965922136	2212.2358876222124	2212.2368875222123	2212.233624899761	
2212.233624899761	1.000999999999749	WheelMovementIntervals													-0.4838687554955712
2214.5709207622144	3.498221475180344	trials	1.0	1.0	1.5	0.125		0.8	2216.4976280722167	2216.497531487976	2217.5690875822174	2216.218789292216	2216.2198225222164	2216.14362489976	
2214.9306248997605	0.21700000000009823	WheelMovementIntervals													-0.03676869502680091
2215.4416248997604	0.10300000000006548	WheelMovementIntervals													-0.008288050990508111
2216.14362489976	1.3279999999999745	WheelMovementIntervals													-0.4278706502552083
2218.28762489976	2.419999999999618	WheelMovementIntervals													-0.28073060307183795
2218.6753436122185	4.527390102523441	trials	1.0	1.0	1.5	0.125		0.8	2221.6366141222215	2221.6365351764757	2222.7026408422225	2221.145763212221	2221.146729782221	2221.25762489976	
2221.25762489976	1.7339999999999236	WheelMovementIntervals													-0.4945566436536808
2223.821428952224	2.496994569650724	trials	1.0	1.0	1.5	0.125		0.8	2224.748636222225	2224.748526193445	2225.818395902226	2224.4123698522244	2224.4133364222243	2224.3626248997593	
2224.3626248997593	0.98700000000008	WheelMovementIntervals													-0.36729914717208345
2226.0456248997593	0.3919999999998254	WheelMovementIntervals													0.08234242147136683
2226.752624899759	0.05999999999994543	WheelMovementIntervals													0.010351903530505524
2226.913119752227	2.4824955042176953	trials	1.0	1.0	1.5	1.0		0.8	2227.8225288022277	2227.8224173729277	2228.895521492229	2227.5958181422275	2227.5969513622276	2227.703624899759	
2227.703624899759	1.8350000000000364	WheelMovementIntervals													-0.34611241427001005
2229.99341169223	5.2752120171189745	trials	-1.0	-1.0	0.0	0.0		0.8	2232.7008742522326	2232.699916831622	2234.768600792235	2231.8693240822317	2231.870223992232	2232.2666248997584	
2229.9936248997587	1.1279999999997017	WheelMovementIntervals													-0.6888596525845756
2232.2666248997584	1.3040000000000873	WheelMovementIntervals													0.39854002453341053
2235.881022872236	2.653981093685161	trials	-1.0	1.0	1.5		0.125	0.8	2236.967214242237	2236.967114316723	2238.034974122238	2236.4287680922366	2236.4298013222365	2236.734624899758	
2236.734624899758	1.7449999999998909	WheelMovementIntervals													0.6565453901922922
2239.137197222239	2.2980103767281435	trials	1.0	1.0	1.5	1.0		0.8	2239.85229237224	2239.8521998285732	2240.9351174122407	2239.6287480622395	2239.6297479622394	2239.7366248997578	
2239.7366248997578	0.8369999999999891	WheelMovementIntervals													-0.3130912024817931
2240.8286248997574	0.2600000000002183	WheelMovementIntervals													-0.05483101460664841
2242.031407772242	2.486895186462334	trials	1.0	1.0	1.5	0.125		0.8	2242.940883482243	2242.9408052806957	2244.018275732244	2242.728671372243	2242.7297046022427	2242.8156248997575	
2242.8156248997575	0.9659999999998945	WheelMovementIntervals													-0.3649408256608524
2244.550624899757	0.06199999999989814	WheelMovementIntervals													-0.00443785844887401
2245.115599322245	3.013006427945129	trials	1.0	1.0	1.5	0.0625		0.8	2246.5606881322465	2246.5606014458353	2247.6285813322474	2246.3286113422464	2246.3296445722463	2246.428624899757	
2246.428624899757	0.6959999999999127	WheelMovementIntervals													-0.32596563481108376
2248.7288046322487	3.022377937967576	trials	1.0	1.0	1.5	1.0		0.8	2250.17359347225	2250.1734931306623	2251.251085712251	2249.98524564225	2249.98624554225	2250.0726248997566	
2248.9566248997567	0.45699999999987995	WheelMovementIntervals													-0.06113553526946447
2250.0726248997566	0.975999999999658	WheelMovementIntervals													-0.36259926481525184
2252.3500758022524	4.3681030685356745	trials	1.0	1.0	1.5	0.0625		0.8	2255.151095672255	2255.1509764874154	2256.2181556222563	2254.8450596122548	2254.845826202255	2254.9276248997558	
2252.5036248997562	0.4139999999997599	WheelMovementIntervals													-0.04338486186124868
2253.221624899756	0.93100000000004	WheelMovementIntervals													-0.21935129392980457
2254.9276248997558	3.118999999999687	WheelMovementIntervals													-0.6309422434569214
2257.3373770222574	4.6468087629432375	trials	1.0	-1.0	0.0		0.0	0.8	2259.4081032622594	2259.407180034639	2261.4841289722617	2258.795031242259	2258.796097802259	2258.9456248997553	
2258.9456248997553	0.8850000000002183	WheelMovementIntervals													-0.3033408275525282
2262.5936846722625	2.357977956189643	trials	1.0	1.0	1.5	0.25		0.8	2263.3812725722632	2263.381176642371	2264.4515988622643	2263.094967872263	2263.096034432263	2263.234624899755	
2263.234624899755	0.850999999999658	WheelMovementIntervals													-0.29437281614518085
2264.923624899755	1.0049999999996544	WheelMovementIntervals													-0.18545355260823015
2265.933950612266	2.544318579312403	trials	1.0	1.0	1.5	1.0		0.8	2266.912052792267	2266.91195698516	2267.978212832268	2266.628181182267	2266.6293144022666	2266.7636248997546	
2266.7636248997546	1.4359999999996944	WheelMovementIntervals													-0.3780545282061212
2269.063071002269	2.598385956570837	trials	1.0	1.0	1.5	0.0625		0.2	2270.09236806227	2270.092264647634	2271.161461142271	2269.71780552227	2269.7189054122696	2269.629624899754	
2269.629624899754	1.3170000000000073	WheelMovementIntervals													-0.43814173842061876
2272.2601512622723	2.5416182419817233	trials	-1.0	1.0	1.5		1.0	0.2	2273.2334539222734	2273.2333574814584	2274.3016804222743	2272.8012971422727	2272.8021970522727	2272.956624899754	
2272.956624899754	2.5279999999997926	WheelMovementIntervals													0.5170912698060981
2275.3929712822755	2.5349918434453684	trials	-1.0	1.0	1.5		0.25	0.2	2276.3634408922762	2276.363367394342	2277.4278677722773	2275.961281112276	2275.962147692276	2276.1596248997535	
2276.1596248997535	1.288000000000011	WheelMovementIntervals													0.5635965960942748
2278.5178587622786	2.5495912439546373	trials	-1.0	1.0	1.5		0.0	0.2	2279.4897615622795	2279.489654281375	2280.5674204522807	2279.250452162279	2279.2517520322795	2279.361624899753	
2279.361624899753	0.8020000000001346	WheelMovementIntervals													0.935369273705227
2281.6625442622817	2.3654051887160676	trials	-1.0	1.0	1.5		0.125	0.2	2282.4614310322827	2282.461345339116	2283.5278577122835	2282.161161062282	2282.1620276422823	2282.317624899753	
2282.317624899753	0.7899999999999636	WheelMovementIntervals													0.6279403165381794
2284.6223482522846	2.4781959864753844	trials	-1.0	1.0	1.5		0.0625	0.2	2285.5225582222856	2285.5224460681306	2286.6004837522864	2285.3007470722855	2285.3016469822855	2285.4116248997525	
2285.4116248997525	1.2269999999998618	WheelMovementIntervals													0.7280867168038725
2287.696640792288	2.5038938752227295	trials	-1.0	1.0	1.5		0.25	0.2	2288.6233481122886	2288.623237785613	2289.7004737222896	2288.3944043422885	2288.3952709222885	2288.5116248997524	
2288.5116248997524	1.1659999999997126	WheelMovementIntervals													0.9816660405246083
2290.796930732291	2.569888793719656	trials	-1.0	1.0	1.5		0.25	0.2	2291.7863317822917	2291.78622564845	2292.866757062293	2291.5442559922917	2291.5452225622917	2291.659624899752	
2291.659624899752	1.2789999999995416	WheelMovementIntervals													1.0098581595665195
2293.959114482294	2.2683136635109804	trials	-1.0	1.0	1.5		0.0625	0.2	2294.6691434722948	2294.669018132569	2295.727404302296	2294.4608976322943	2294.4618308722943	2294.528624899752	
2294.528624899752	1.4249999999997272	WheelMovementIntervals													1.3253205654614604
2296.8121291522966	3.4054019489249185	trials	-1.0	-1.0	0.0	0.0625		0.2	2297.6434460122978	2297.642529139842	2299.7175052523	2297.3672069722975	2297.3681068822975	2297.4726248997513	
2297.4726248997513	0.8249999999998181	WheelMovementIntervals													0.8265738953861401
2299.826624899751	0.5389999999997599	WheelMovementIntervals													-0.3040361944802257
2300.812329092301	2.421202396150875	trials	-1.0	1.0	1.5		0.25	0.2	2301.6590110823017	2301.6589288811583	2302.7335036223026	2301.3941042423016	2301.3950374823016	2301.511624899751	
2301.511624899751	0.863999999999578	WheelMovementIntervals													0.8359278767874798
2303.819528342304	2.5638886861875108	trials	-1.0	1.0	1.5		0.0625	0.2	2304.811029182305	2304.810923194169	2305.883321942306	2304.4773958823043	2304.4783291223043	2304.5886248997504	
2304.5886248997504	2.119999999999891	WheelMovementIntervals													0.6686097379253155
2306.983511912307	3.232988594316339	trials	-1.0	1.0	1.5		0.125	0.2	2308.6402128923087	2308.640105043194	2309.7164719223097	2307.6770758823077	2307.677942462308	2308.19862489975	
2308.19862489975	1.4719999999997526	WheelMovementIntervals													0.512714530412552
2310.808396052311	2.435400226866477	trials	-1.0	1.0	1.5		0.25	0.2	2311.6787090123116	2311.6785954187476	2312.7437691623127	2311.4605641623116	2311.4615973923114	2311.57462489975	
2311.57462489975	0.8460000000000036	WheelMovementIntervals													1.2668284323308043
2313.830093852314	2.3701051869361436	trials	-1.0	1.0	1.5		0.25	0.2	2314.6269141623147	2314.6267949235894	2315.7001068323157	2314.3665735323143	2314.3675067723143	2314.4666248997496	
2314.4666248997496	0.8219999999996617	WheelMovementIntervals													0.6044945678651246
2316.7899978323167	2.6703068951483147	trials	-1.0	1.0	1.5		0.0	0.2	2317.892287592318	2317.8921998528494	2318.960247452319	2317.3104457823174	2317.3114456823173	2317.2376248997493	
2317.2376248997493	1.3839999999995598	WheelMovementIntervals													0.4170451808008693
2319.306624899749	0.5700000000001637	WheelMovementIntervals													-0.08832638882783073
2320.06300383232	2.4637967744620255	trials	-1.0	1.0	1.5		0.25	0.2	2320.956381152321	2320.9563019376988	2322.026774102322	2320.5667867823204	2320.568053322321	2320.726624899749	
2320.726624899749	0.8829999999998108	WheelMovementIntervals													0.5934827115907524
2322.4546248997485	1.6230000000000473	WheelMovementIntervals													-0.9084413073744031
2323.1276973323234	6.899182818024201	trials	-1.0	1.0	1.5		1.0	0.2	2328.4663967423285	2328.4662824893176	2329.5268240223295	2324.6500450823246	2324.6509783223246	2327.947624899748	
2327.947624899748	1.2539999999999054	WheelMovementIntervals													0.5764547982667523
2329.522624899748	1.6369999999997162	WheelMovementIntervals													-0.5034650820620428
2330.6699763623305	37.29564977328391	trials	1.0	1.0	1.5	0.25		0.2	2366.4165346823665	2366.416426305026	2367.4655964323674	2331.6494117423317	2331.650544962332	2333.3446248997475	
2333.3446248997475	0.9299999999998363	WheelMovementIntervals													-0.26149165933587426
2340.7166248997464	1.268999999999778	WheelMovementIntervals													0.17461652984461296
2343.373624899746	0.6230000000000473	WheelMovementIntervals													0.08943581363247688
2345.934624899746	0.2510000000002037	WheelMovementIntervals													0.08075754827792281
2352.5886248997454	0.26199999999971624	WheelMovementIntervals													-0.09596501871708085
2357.4286248997446	0.2640000000001237	WheelMovementIntervals													0.08351399686311822
2365.462624899744	3.274999999999636	WheelMovementIntervals													-1.2680735289326819
2368.867722872369	12.530682003252878	trials	-1.0	1.0	1.5		0.0625	0.2	2379.8439251423797	2379.843805356487	2380.898319692381	2369.3924037323695	2369.393236982369	2378.644624899742	
2373.013624899743	0.3009999999999309	WheelMovementIntervals													0.057982386441771894
2378.644624899742	0.5170000000002801	WheelMovementIntervals													0.16349853670772774
2379.6476248997424	2.5609999999996944	WheelMovementIntervals													-0.35552577550462416
2382.0772017923823	61.26373301712056	trials	-1.0	1.0	1.5		0.125	0.2	2441.776331282442	2441.7762335968946	2442.8408914824427	2382.7422686123828	2382.743368502383	2391.419624899741	
2391.419624899741	0.5399999999999636	WheelMovementIntervals													-0.11878625440598256
2397.29062489974	0.32799999999997453	WheelMovementIntervals													0.0541750146217197
2401.88562489974	0.47100000000000364	WheelMovementIntervals													0.21123587667597832
2402.90562489974	0.7029999999995198	WheelMovementIntervals													0.09085809034368708
2404.6276248997397	0.6559999999999491	WheelMovementIntervals													0.10666412587892182
2407.0366248997393	0.35099999999965803	WheelMovementIntervals													-0.1249427742017204
2412.0316248997387	0.40200000000004366	WheelMovementIntervals													-0.040465080852712276
2414.7456248997382	0.5630000000001019	WheelMovementIntervals													-0.11113370666926414
2419.3166248997377	0.15100000000029468	WheelMovementIntervals													-0.019146244320999983
2422.6196248997376	0.24199999999973443	WheelMovementIntervals													-0.023974622887784847
2426.840624899737	0.11000000000012733	WheelMovementIntervals													-0.024251250641839306
2430.410624899737	0.363999999999578	WheelMovementIntervals													-0.06261801306845882
2431.6666248997367	0.40499999999974534	WheelMovementIntervals													0.04184359213748934
2432.5106248997363	0.2290000000002692	WheelMovementIntervals													0.07935919090974153
2433.8326248997364	1.026999999999589	WheelMovementIntervals													0.1218340137127143
2436.2626248997362	0.2729999999996835	WheelMovementIntervals													-0.03118888947965104
2441.4346248997354	2.4710000000000036	WheelMovementIntervals													-0.4577601115288985
2444.4501305424446	9.83028742860597	trials	1.0	1.0	1.5	0.25		0.8	2452.712304242453	2452.712217455115	2453.780364092454	2445.3467742024454	2445.3476074524456	2451.542624899734	
2444.549624899735	0.23500000000012733	WheelMovementIntervals													-0.09511474932661201
2446.244624899735	0.1590000000001055	WheelMovementIntervals													-0.04684579343043538
2447.4666248997346	0.4210000000002765	WheelMovementIntervals													0.0843108216083337
2448.5856248997347	0.27599999999983993	WheelMovementIntervals													-0.022564847850105707
2450.3646248997343	0.3160000000002583	WheelMovementIntervals													0.05214920239594534
2451.542624899734	4.161999999999807	WheelMovementIntervals													-1.5969889775364905
2454.948713912455	8.50848129182441	trials	1.0	1.0	1.5	1.0		0.8	2461.892719442462	2461.8925970122414	2462.957146322463	2456.207321372456	2456.2084545924563	2460.4876248997334	
2460.4876248997334	3.563999999999396	WheelMovementIntervals													-1.2051670818585123
2464.5138906324646	9.526315369536405	trials	1.0	1.0	1.5	1.0		0.8	2472.4768942524724	2472.4768018078694	2473.5401212524735	2465.195955752465	2465.196955652465	2471.085624899732	
2471.085624899732	4.16399999999976	WheelMovementIntervals													-1.960987377221386
2474.703204932475	16.759454595031002	trials	1.0	1.0	1.5	0.25		0.8	2489.9001850824898	2489.900061947392	2490.962645492491	2475.912917282476	2475.913783862476	2483.8496248997308	
2483.8496248997308	0.8150000000000546	WheelMovementIntervals													-0.10692213567674003
2486.2046248997303	1.356999999999971	WheelMovementIntervals													0.24123224526493203
2488.29962489973	4.581999999999425	WheelMovementIntervals													-2.4186093964041895
2492.196255452492	20.22647100420818	trials	-1.0	1.0	1.5		1.0	0.8	2510.854456112511	2510.8543268601743	2511.922649282512	2493.4563960924934	2493.4574959824936	2510.5846248997277	
2510.5846248997277	1.8949999999999818	WheelMovementIntervals													0.4288550274425589
2513.1824232925132	38.789362714490835	trials	1.0	1.0	1.5	0.125		0.8	2550.4107000925505	2550.4105855881735	2551.4716939825516	2513.6443104325135	2513.6451770125136	2549.5386248997233	
2522.0256248997266	0.13999999999987267	WheelMovementIntervals													0.009199579566274707
2535.010624899725	0.11900000000014188	WheelMovementIntervals													0.010503629442379037
2543.812624899724	0.4670000000000982	WheelMovementIntervals													-0.07507402668985108
2545.428624899724	0.18299999999999272	WheelMovementIntervals													-0.020962273542963317
2548.1586248997237	0.3400000000001455	WheelMovementIntervals													0.09894572457965012
2549.5386248997233	0.8360000000002401	WheelMovementIntervals													-0.3016373056609787
2551.390624899723	0.5480000000002292	WheelMovementIntervals													0.19571525621742936
2552.9141830525527	44.73983138245694	trials	1.0	1.0	1.5	0.25		0.8	2596.101630542596	2596.1015148854813	2597.153958632597	2553.4615616425535	2553.4624948825535	2566.1836248997215	
2554.015624899723	0.22799999999961074	WheelMovementIntervals													0.041633305224014094
2556.197624899723	0.15399999999999636	WheelMovementIntervals													0.010357485777454656
2566.1836248997215	0.7400000000002365	WheelMovementIntervals													-0.14355678519057946
2568.3766248997213	0.4110000000000582	WheelMovementIntervals													0.07007012699023818
2570.413624899721	0.23900000000003274	WheelMovementIntervals													-0.10856147750756406
2574.227624899721	0.28399999999965075	WheelMovementIntervals													0.06922389045687893
2577.5586248997206	0.07799999999997453	WheelMovementIntervals													0.0191648789525658
2589.982624899719	0.13599999999996726	WheelMovementIntervals													-0.035948439606283245
2591.590624899719	0.4719999999997526	WheelMovementIntervals													0.21710182367623432
2593.0086248997186	1.6549999999997453	WheelMovementIntervals													-0.1780527868779167
2595.3656248997186	2.355999999999767	WheelMovementIntervals													-0.27953932291567796
2598.6312108925986	3.389301264357073	trials	1.0	1.0	1.5	1.0		0.8	2600.4587281226004	2600.458610495964	2601.5204552726013	2599.244182922599	2599.245082832599	2599.693624899718	
2599.693624899718	3.332999999999629	WheelMovementIntervals													-0.7357681904929194
2602.6395100226027	3.8641886873433577	trials	1.0	1.0	1.5	1.0		0.8	2604.954311852605	2604.954202048173	2606.003706902606	2603.7106029026036	2603.711669462604	2603.7126248997174	
2603.7126248997174	4.283999999999651	WheelMovementIntervals													-0.7108289841410134
2607.1269945626073	4.016003798188194	trials	1.0	1.0	1.5	0.25		0.8	2609.5775161526094	2609.577395659788	2610.642909602611	2608.6436762126086	2608.6446094526086	2608.996624899717	
2608.996624899717	1.0960000000000036	WheelMovementIntervals													-0.30869500420751805
2611.214624899717	0.9649999999996908	WheelMovementIntervals													0.18517928407383621
2611.772396642612	3.7875953022103204	trials	1.0	1.0	1.5	0.0625		0.8	2613.989308262614	2613.9891927225435	2615.059901192615	2612.6868385226126	2612.687871752613	2613.1396248997166	
2613.1396248997166	1.5909999999998945	WheelMovementIntervals													-0.2972890622325046
2615.293624899716	3.10799999999972	WheelMovementIntervals													-0.6514911409039641
2616.183288842616	5.226613457986332	trials	1.0	1.0	1.5	1.0		0.8	2619.84538926262	2619.845296870613	2620.909816142621	2619.070200122619	2619.071100032619	2619.2106248997156	
2619.2106248997156	2.092999999999847	WheelMovementIntervals													-0.41964711816912725
2621.5766248997156	0.4639999999999418	WheelMovementIntervals													0.12164685777462836
2622.0540017126223	3.0892990043266764	trials	-1.0	1.0	1.5		0.25	0.8	2623.5823821926238	2623.5823002306406	2624.6431761026247	2622.5868150926226	2622.5877150026226	2623.1436248997156	
2623.1436248997156	0.6319999999996071	WheelMovementIntervals													0.319154861202918
2624.964624899715	0.10400000000026921	WheelMovementIntervals													0.03824981483531431
2625.352624899715	0.06400000000030559	WheelMovementIntervals													0.0053471843866468305
2625.756198122626	20.430051184338936	trials	1.0	-1.0	0.0		0.0	0.8	2643.6253776926437	2643.624353679167	2645.6861715926457	2626.3867350626265	2626.3876349726265	2643.222624899713	
2630.8356248997147	0.24499999999989086	WheelMovementIntervals													-0.04740689906466855
2643.222624899713	1.2420000000001892	WheelMovementIntervals													-0.39667543427159657
2646.1026248997127	0.0500000000001819	WheelMovementIntervals													0.0134566747173821
2646.947845412647	3.988307212678592	trials	1.0	1.0	1.5	0.0625		0.8	2649.3776690726495	2649.377548588245	2650.4360632226503	2647.6922043026475	2647.6933041926477	2647.625624899713	
2647.625624899713	4.093999999999596	WheelMovementIntervals													-0.3778301802727988
2651.5538514326518	3.071700898047311	trials	1.0	1.0	1.5	1.0		0.8	2653.067466722653	2653.067350889694	2654.125527572654	2652.208985912652	2652.2098858226523	2652.672624899712	
2652.672624899712	0.7200000000002547	WheelMovementIntervals													-0.3438709262314603
2654.385624899712	0.22499999999990905	WheelMovementIntervals													0.05617029592053413
2654.985624899712	0.07799999999997453	WheelMovementIntervals													0.015363198535922606
2655.2333501126554	3.058500935916072	trials	1.0	1.0	1.5	0.25		0.8	2656.724534312657	2656.7244495938867	2657.791760912658	2655.986041502656	2655.987174722656	2656.408624899712	
2656.408624899712	0.8469999999997526	WheelMovementIntervals													-0.35227365216217166
2658.6386248997114	1.5409999999997126	WheelMovementIntervals													0.13816602478847528
2658.912448832659	4.679402623843089	trials	-1.0	-1.0	0.0	0.0		0.8	2661.021071282661	2661.020149113651	2663.091764192663	2660.7027364526607	2660.7037363526606	2660.8096248997113	
2660.8096248997113	2.0539999999996326	WheelMovementIntervals													-0.6522833591747066
2663.380624899711	0.5019999999999527	WheelMovementIntervals													0.058557600831314005
2664.2381495426644	3.6809765154189336	trials	1.0	1.0	1.5	0.25		0.8	2666.3689364426664	2666.368834791247	2667.4190647526675	2664.719134772665	2664.720001352665	2665.1546248997106	
2665.1546248997106	1.6100000000001273	WheelMovementIntervals													-0.30909697410209347
2668.5352197926686	3.2337149671029692	trials	1.0	1.0	1.5	1.0		0.8	2670.20731923267	2670.2072264973667	2671.2688797326714	2669.125627412669	2669.126593982669	2669.69462489971	
2669.69462489971	1.0700000000001637	WheelMovementIntervals													-0.31870074478515775
2672.3806352126726	2.9944803294724807	trials	1.0	1.0	1.5	1.0		0.8	2673.807425852674	2673.807324411534	2674.875019082675	2672.925247412673	2672.926213982673	2673.41762489971	
2673.41762489971	4.8999999999991815	WheelMovementIntervals													-0.7428325319810689
2675.986607912676	5.4386959400703745	trials	1.0	1.0	1.5	0.0625		0.8	2679.8662199126798	2679.866103590046	2680.925280662681	2679.052234652679	2679.053101232679	2679.3766248997094	
2679.3766248997094	0.8919999999998254	WheelMovementIntervals													-0.3225214349900227
2682.053601152682	2.8985146915219957	trials	1.0	1.0	1.5	0.125		0.8	2683.3941004226836	2683.3940070218227	2684.4520279526846	2682.5853813026824	2682.586381202683	2682.873624899709	
2682.873624899709	0.56899999999996	WheelMovementIntervals													-0.3038661272670069
2683.7856248997086	0.4859999999998763	WheelMovementIntervals													-0.09017581586776657
2685.1176248997085	0.9050000000002001	WheelMovementIntervals													-0.13176454220417
2685.5661165326856	3.135895098810579	trials	1.0	1.0	1.5	1.0		0.8	2687.152491212687	2687.15241304171	2688.201986252688	2686.4081989826864	2686.4089989026866	2686.6346248997083	
2686.6346248997083	1.2179999999998472	WheelMovementIntervals													-0.3700670459080051
2689.3149082826894	3.253785704015627	trials	1.0	1.0	1.5	0.125		0.8	2691.011305292691	2691.0111997871268	2692.068599552692	2689.89125064269	2689.89225054269	2690.500624899708	
2690.500624899708	1.20699999999988	WheelMovementIntervals													-0.32312517248628225
2693.174488952693	3.1675925614899825	trials	1.0	1.0	1.5	0.25		0.8	2694.780495002695	2694.7803841675895	2695.841988842696	2693.7412989326936	2693.7421988426936	2694.0836248997075	
2694.0836248997075	1.1089999999999236	WheelMovementIntervals													-0.32766854159345016
2696.953377692697	2.970609059040271	trials	-1.0	1.0	1.5		1.0	0.8	2698.3658031026985	2698.3656810487446	2699.4239306126997	2697.5184878426976	2697.5194877426975	2698.116624899707	
2698.116624899707	1.1910000000002583	WheelMovementIntervals													0.45564494402738376
2699.668624899707	0.5389999999997599	WheelMovementIntervals													-0.02939549151099996
2700.5345862027007	4.62360964122945	trials	1.0	1.0	1.5	1.0		0.8	2703.5912805027037	2703.591191254213	2704.6581071427045	2702.568282812703	2702.5693827027026	2702.883624899707	
2700.819624899707	0.6549999999997453	WheelMovementIntervals													0.04346050524084433
2702.883624899707	1.5679999999997563	WheelMovementIntervals													-0.3443243931382227
2705.1736248997063	1.2530000000001564	WheelMovementIntervals													-0.3532477457880816
2705.7806948727057	3.720772737580319	trials	1.0	1.0	1.5	0.125		0.8	2707.936979222708	2707.9368779151705	2709.001472762709	2706.968042792707	2706.968976032707	2707.2476248997064	
2707.2476248997064	1.7419999999997344	WheelMovementIntervals													-0.3019117054287719
2710.12166073271	2.9964069346083306	trials	1.0	1.0	1.5	0.0625		0.8	2711.5664829027114	2711.5663631119064	2712.617977742713	2710.640875472711	2710.6419420327106	2710.861624899706	
2710.861624899706	1.850999999999658	WheelMovementIntervals													-0.43540626687844863
2713.728566672714	3.0894011405816855	trials	1.0	1.0	1.5	0.125		0.8	2715.2624799327155	2715.2623657495665	2716.3179077127165	2714.3414387127145	2714.3425386027143	2714.6766248997055	
2714.6766248997055	1.8609999999994216	WheelMovementIntervals													-1.2780060532565365
2717.4170644527176	2.7576993450570626	trials	-1.0	1.0	1.5		1.0	0.8	2718.6144780327186	2718.614363300032	2719.6746720027195	2717.958343652718	2717.959476872718	2718.128624899705	
2718.128624899705	0.8989999999998872	WheelMovementIntervals													0.3694243043804306
2720.7824612127206	3.691798445764107	trials	1.0	1.0	1.5	0.25		0.8	4013.2816317040133	2722.9176591570836	4013.4780120640135	2721.3845343327216	2721.385434242721	2722.0256248997043	
2722.0256248997043	1.3530000000000655	WheelMovementIntervals													-0.3451482970115869
2723.5736248997046	1.4999999999995453	WheelMovementIntervals													-0.3186273616116857
2725.983624899704	1.2260000000001128	WheelMovementIntervals													-0.16150037166890385
2731.4256248997035	0.23500000000012733	WheelMovementIntervals													0.07898716134647543
2735.265624899703	1.3489999999997053	WheelMovementIntervals													-0.19577704183233635
2736.806624899703	0.44399999999996	WheelMovementIntervals													0.0956060276897226
2738.964624899703	0.15499999999974534	WheelMovementIntervals													-0.02395191666751728
2742.8706248997023	0.3979999999996835	WheelMovementIntervals													-0.2240233290545035
2744.139624899702	0.4600000000000364	WheelMovementIntervals													0.16318734760452003
2747.1266248997017	0.8449999999997999	WheelMovementIntervals													-0.16994780303538093
2749.3296248997017	0.43099999999958527	WheelMovementIntervals													0.13770557817951357
2751.1656248997015	0.2369999999996253	WheelMovementIntervals													0.12840466192326616
2754.665624899701	0.6239999999997963	WheelMovementIntervals													-0.06747565218322649
2757.992624899701	0.2719999999999345	WheelMovementIntervals													0.13726101587425177
2760.1506248997002	0.24299999999993815	WheelMovementIntervals													0.0301036791956939
2762.8806248997003	0.2529999999997017	WheelMovementIntervals													0.05138244828591354
2775.3056248996986	0.5210000000001855	WheelMovementIntervals													-0.09838993098364313
2780.204624899698	1.0969999999997526	WheelMovementIntervals													-0.20855422903249732
2782.226624899698	0.20800000000008367	WheelMovementIntervals													-0.06367508014796286
2784.4906248996977	0.08399999999983265	WheelMovementIntervals													0.03026236328713594
2785.5926248996975	0.4980000000000473	WheelMovementIntervals													-0.04570565603191312
2788.4956248996973	0.47100000000000364	WheelMovementIntervals													0.09040658423639414
2789.186624899697	0.47499999999990905	WheelMovementIntervals													0.04299401753707954
2794.0766248996965	0.44099999999980355	WheelMovementIntervals													-0.041189588232413143
2798.790624899696	0.3850000000002183	WheelMovementIntervals													-0.056784906452559625
2800.136624899696	0.45499999999992724	WheelMovementIntervals													-0.046613778726992905
2802.8016248996955	0.23100000000022192	WheelMovementIntervals													0.10992609776728557
2806.652624899695	0.3420000000000982	WheelMovementIntervals													-0.032397724529751315
2811.2476248996945	0.11400000000003274	WheelMovementIntervals													-0.016301346851786747
2812.0916248996946	2.1649999999999636	WheelMovementIntervals													-0.2684804663451672
2816.6886248996943	0.33699999999953434	WheelMovementIntervals													0.0513104342754751
2818.054624899694	0.25900000000001455	WheelMovementIntervals													0.029507053522589644
2821.317624899694	0.3649999999997817	WheelMovementIntervals													0.18093530819025716
2824.4226248996933	0.4099999999998545	WheelMovementIntervals													0.14287765218102066
2830.2416248996924	0.38599999999996726	WheelMovementIntervals													-0.04410400035108708
2832.4066248996924	0.5259999999998399	WheelMovementIntervals													0.1383250638618776
2834.215624899692	0.22499999999990905	WheelMovementIntervals													-0.016428050879149225
2837.171624899692	0.7420000000001892	WheelMovementIntervals													-0.07179140186664057
2839.9486248996914	0.3320000000003347	WheelMovementIntervals													-0.027080535834862474
2842.1446248996913	0.4090000000001055	WheelMovementIntervals													-0.07119734116942666
2845.9876248996907	0.38200000000006185	WheelMovementIntervals													-0.1732426114766561
2850.3766248996903	0.17000000000007276	WheelMovementIntervals													-0.009334063512966395
2853.68462489969	0.2919999999999163	WheelMovementIntervals													0.17235819690163012
2855.35862489969	0.25999999999976353	WheelMovementIntervals													-0.06514812100579803
2857.1476248996896	0.5340000000001055	WheelMovementIntervals													-0.05635398571129713
2859.6376248996894	0.11200000000008004	WheelMovementIntervals													-0.03159183735857596
2860.5416248996894	0.5609999999996944	WheelMovementIntervals													0.13423552291810736
2862.291624899689	0.4590000000002874	WheelMovementIntervals													-0.023463414878712285
2864.019624899689	0.7229999999999563	WheelMovementIntervals													-0.16420492849847435
2870.4716248996883	0.10799999999971988	WheelMovementIntervals													0.02833522575722469
2872.552624899688	0.41899999999986903	WheelMovementIntervals													-0.04247244973795006
2873.851624899688	0.08299999999962893	WheelMovementIntervals													-0.007875603469937431
2878.0256248996875	0.40399999999999636	WheelMovementIntervals													0.07536693889283441
2879.258624899687	0.12199999999984357	WheelMovementIntervals													-0.034893948717883205
2881.081624899687	0.17399999999997817	WheelMovementIntervals													-0.027311042195005797
2883.312624899687	3.475999999999658	WheelMovementIntervals													0.7300230821017166
2887.0916248996864	0.3029999999998836	WheelMovementIntervals													0.08897833297814373
2890.432624899686	0.4050000000002001	WheelMovementIntervals													0.0908400172503363
2893.6296248996855	0.6979999999998654	WheelMovementIntervals													0.13231878812160858
2901.215624899685	1.2059999999996762	WheelMovementIntervals													-0.28533007054824466
2902.7346248996846	0.5419999999999163	WheelMovementIntervals													0.08160927600351897
2903.5346248996843	0.3369999999999891	WheelMovementIntervals													0.04717245411013593
2909.673624899684	0.7419999999997344	WheelMovementIntervals													-0.24571843933694737
2911.8226248996834	0.125	WheelMovementIntervals													0.013963152483533747
2913.850624899683	0.2090000000002874	WheelMovementIntervals													0.02071841480771397
2916.5876248996833	0.057999999999992724	WheelMovementIntervals													0.012368851599113384
2920.4016248996827	0.9209999999998217	WheelMovementIntervals													-0.10294260382789133
2923.2886248996824	1.3769999999999527	WheelMovementIntervals													0.4188491556613414
2926.179624899682	0.1410000000000764	WheelMovementIntervals													-0.017700475191851694
2927.6246248996817	0.7640000000001237	WheelMovementIntervals													-0.13767194430086604
2928.7496248996817	0.11400000000003274	WheelMovementIntervals													-0.009982138398047624
2930.0326248996817	0.4459999999999127	WheelMovementIntervals													0.021971930126724715
2932.0136248996814	0.1570000000001528	WheelMovementIntervals													-0.0158764285690971
2933.204624899681	0.18400000000019645	WheelMovementIntervals													-0.04286485672094997
2934.311624899681	0.20800000000008367	WheelMovementIntervals													-0.02583537785572787
2943.43762489968	0.41200000000026193	WheelMovementIntervals													-0.05031174162187213
2944.63862489968	7.807999999999083	WheelMovementIntervals													1.543132589609229
2953.573624899679	0.11999999999989086	WheelMovementIntervals													0.023402285855421923
2954.1746248996787	0.2960000000002765	WheelMovementIntervals													-0.09330128228972256
2955.907624899679	0.18699999999989814	WheelMovementIntervals													0.07048998934608619
2959.1666248996785	0.1859999999996944	WheelMovementIntervals													0.06668230079723259
2960.0656248996784	1.6539999999999964	WheelMovementIntervals													0.2409728516899463
2962.425624899678	1.8119999999998981	WheelMovementIntervals													0.6356240539487175
2965.2936248996775	0.7290000000002692	WheelMovementIntervals													0.1603560588326438
2968.0566248996774	0.9239999999999782	WheelMovementIntervals													0.3114665226336051
2970.4356248996774	0.306999999999789	WheelMovementIntervals													-0.07127642337928464
2971.620624899677	0.05500000000029104	WheelMovementIntervals													-0.0028714144361643434
2973.554624899677	0.19399999999995998	WheelMovementIntervals													0.022290083081951906
2975.428624899677	0.807999999999538	WheelMovementIntervals													-0.1234495165434133
2977.7866248996766	2.569999999999709	WheelMovementIntervals													0.5120256458873271
2989.058624899675	3.2679999999995744	WheelMovementIntervals													-0.8083346844619221
2994.0786248996747	0.08999999999969077	WheelMovementIntervals													0.005793374762063763
3001.5786248996737	0.4079999999999018	WheelMovementIntervals													-0.03180172088872624
3003.4306248996736	0.5199999999999818	WheelMovementIntervals													0.05776112312771886
3005.1996248996734	0.27999999999974534	WheelMovementIntervals													0.08064322934952273
3009.099624899673	0.2719999999999345	WheelMovementIntervals													0.055009252448893875
3010.0016248996726	0.17000000000007276	WheelMovementIntervals													0.05135231445666122
3011.1606248996727	2.7989999999995234	WheelMovementIntervals													-0.34852165881465424
3016.7186248996722	0.2889999999997599	WheelMovementIntervals													0.03947428742126036
3017.585624899672	0.31199999999989814	WheelMovementIntervals													-0.03942017787650798
3019.330624899672	0.1790000000000873	WheelMovementIntervals													0.01002020644866164
3025.511624899671	0.23700000000008004	WheelMovementIntervals													-0.010081618727486585
3028.184624899671	1.1149999999997817	WheelMovementIntervals													0.24170345142669802
3030.318624899671	2.632999999999356	WheelMovementIntervals													-0.3846775241759026
3034.3656248996704	0.7899999999995089	WheelMovementIntervals													0.23502355834824584
3036.49562489967	2.8219999999996617	WheelMovementIntervals													-4.191463766919604
3041.4786248996693	2.6649999999999636	WheelMovementIntervals													-1.4864067955293585
3049.4486248996686	0.47599999999965803	WheelMovementIntervals													0.0805814767071098
3058.5276248996674	1.8119999999998981	WheelMovementIntervals													-0.8342839846231911
3061.737624899667	1.2309999999997672	WheelMovementIntervals													-1.1316613865699772
3066.5706248996667	3.12099999999964	WheelMovementIntervals													-5.498819973348379
3073.059624899666	0.6649999999999636	WheelMovementIntervals													0.12104515748760747
3075.2246248996657	0.25900000000001455	WheelMovementIntervals													-0.03728292861006821
3075.9546248996658	5.481999999999061	WheelMovementIntervals													-6.67016663800683
3088.1126248996643	2.563999999999851	WheelMovementIntervals													-0.5226984960675161
3096.3736248996634	0.2640000000001237	WheelMovementIntervals													0.09314778526862888
3103.6946248996624	0.43400000000019645	WheelMovementIntervals													0.043764392324510126
3110.006624899662	0.17399999999997817	WheelMovementIntervals													0.03078608233725788
3111.372624899662	0.9109999999996035	WheelMovementIntervals													-0.20881880078472648
3112.6086248996617	0.10500000000001819	WheelMovementIntervals													0.036745831325371014
3115.741624899661	0.18200000000024374	WheelMovementIntervals													0.06890140479852214
3116.896624899661	1.100999999999658	WheelMovementIntervals													-0.17436473982911238
3121.1796248996607	0.2199999999997999	WheelMovementIntervals													0.03979285217713446
3123.59662489966	0.3220000000001164	WheelMovementIntervals													0.033151247668962824
3126.93662489966	0.05900000000019645	WheelMovementIntervals													0.01586670863292028
3133.9456248996594	0.11599999999998545	WheelMovementIntervals													0.037273947824981946
3134.5856248996593	0.26099999999996726	WheelMovementIntervals													-0.019596873892259836
3138.730624899659	0.9589999999998327	WheelMovementIntervals													0.2901712279872406
3150.3576248996574	1.143000000000029	WheelMovementIntervals													-0.11877219293467256
3153.871624899657	0.5429999999996653	WheelMovementIntervals													0.1312909065142538
3155.832624899657	0.27599999999983993	WheelMovementIntervals													0.03184143351151825
3160.514624899656	0.47000000000025466	WheelMovementIntervals													-0.04731472668049186
3164.060624899656	0.16300000000001091	WheelMovementIntervals													0.011645616796919
3165.6276248996555	0.48500000000012733	WheelMovementIntervals													-0.03933039631384716
3167.1706248996556	0.22699999999986176	WheelMovementIntervals													-0.04057378879055129
3170.903624899655	0.20600000000013097	WheelMovementIntervals													-0.027137616290486832
3172.097624899655	0.36799999999993815	WheelMovementIntervals													0.020368544781115716
3173.552624899655	0.31500000000005457	WheelMovementIntervals													-0.026199470916159484
3174.8956248996546	0.193000000000211	WheelMovementIntervals													-0.03951510804272118
3176.6066248996544	0.2699999999999818	WheelMovementIntervals													-0.03195568681597827
3177.8146248996545	0.3609999999998763	WheelMovementIntervals													0.038421129756931904
3180.821624899654	0.14899999999988722	WheelMovementIntervals													-0.018367492489279158
3183.1806248996536	0.4980000000000473	WheelMovementIntervals													-0.06665627232218085
3184.7406248996535	0.6190000000001419	WheelMovementIntervals													-0.18358097807166196
3186.5926248996534	0.32600000000002183	WheelMovementIntervals													0.10109226275113947
3190.448624899653	0.793999999999869	WheelMovementIntervals													0.17688670495076053
3199.287624899652	0.43699999999989814	WheelMovementIntervals													-0.06974453766375177
3201.6846248996517	0.4079999999999018	WheelMovementIntervals													-0.10824600970825671
3205.3016248996514	0.23900000000003274	WheelMovementIntervals													-0.05328219352626995
3208.186624899651	0.31399999999985084	WheelMovementIntervals													-0.03446247219419263
3210.272624899651	0.5169999999998254	WheelMovementIntervals													-0.14516267785624848
3212.4616248996504	0.4920000000001892	WheelMovementIntervals													0.10504123984067881
3213.7006248996504	0.42399999999997817	WheelMovementIntervals													-0.07983979193803137
3215.15962489965	0.4659999999998945	WheelMovementIntervals													-0.16768733465466568
3216.98362489965	0.375	WheelMovementIntervals													0.08638550269467338
3218.54862489965	0.6669999999999163	WheelMovementIntervals													-0.06252982943655105
3221.4866248996495	0.10100000000011278	WheelMovementIntervals													0.011918413622495905
3227.0966248996488	0.15200000000004366	WheelMovementIntervals													0.03301103675202555
3229.018624899649	0.38200000000006185	WheelMovementIntervals													-0.04289812455032482
3230.7186248996486	0.4699999999997999	WheelMovementIntervals													0.07624573565521509
3232.673624899648	0.26900000000023283	WheelMovementIntervals													-0.04973289483346299
3234.139624899648	0.30300000000033833	WheelMovementIntervals													-0.06444046001417902
3235.521624899648	0.19900000000006912	WheelMovementIntervals													-0.05700735113369326
3235.993624899648	0.08699999999998909	WheelMovementIntervals													0.0055558701720617165
3237.183624899648	0.42000000000007276	WheelMovementIntervals													-0.07419062299835844
3238.2556248996475	0.7699999999999818	WheelMovementIntervals													0.05514260769926338
3239.2956248996475	1.5619999999998981	WheelMovementIntervals													-0.5675617533044353
3241.463624899647	0.4270000000001346	WheelMovementIntervals													0.11873013094963092
3243.278624899647	0.18800000000010186	WheelMovementIntervals													-0.045010069354043836
3252.100624899646	0.4130000000000109	WheelMovementIntervals													0.06669416984411392
3253.465624899646	0.19399999999995998	WheelMovementIntervals													0.034107465711283425
3254.778624899646	0.6720000000000255	WheelMovementIntervals													-0.15039854858603974
3257.2936248996457	0.5059999999998581	WheelMovementIntervals													0.09156713995956522
3260.8746248996454	0.7299999999995634	WheelMovementIntervals													-0.24917851213189124
3264.2436248996446	0.5960000000000036	WheelMovementIntervals													0.15325792965842133
3268.7076248996445	0.22899999999981446	WheelMovementIntervals													-0.12469488405946194
3272.054624899644	0.41899999999986903	WheelMovementIntervals													0.21353666910332336
3274.1336248996436	0.5210000000001855	WheelMovementIntervals													-0.12094891624926163
3276.1206248996436	0.4299999999998363	WheelMovementIntervals													0.09641154046198075
3277.5116248996433	0.4079999999999018	WheelMovementIntervals													-0.08743724154217425
3278.9606248996433	0.5749999999998181	WheelMovementIntervals													0.12902117323019446
3280.295624899643	1.5030000000001564	WheelMovementIntervals													-0.28242369923951216
3282.900624899643	3.0369999999993524	WheelMovementIntervals													-0.7942116432853066
3287.7286248996425	1.1149999999997817	WheelMovementIntervals													-0.32085075942202934
3290.439624899642	0.28500000000030923	WheelMovementIntervals													-0.026814560778568364
3292.0686248996417	1.1900000000000546	WheelMovementIntervals													-0.4731730281106561
3300.749624899641	2.37099999999964	WheelMovementIntervals													0.37382066277977266
3304.0766248996406	1.531999999999698	WheelMovementIntervals													-0.3775098616284094
3310.6076248996396	0.4079999999999018	WheelMovementIntervals													0.15457081226520586
3312.4956248996396	1.2339999999999236	WheelMovementIntervals													0.1019186201844029
3316.992624899639	0.13200000000006185	WheelMovementIntervals													0.11135571954071466
3318.324624899639	0.0860000000002401	WheelMovementIntervals													0.006139004377038404
3320.3146248996386	0.2899999999999636	WheelMovementIntervals													0.0457983094422687
3326.547624899638	0.5900000000001455	WheelMovementIntervals													0.0728078533352452
3329.7936248996375	2.4869999999996253	WheelMovementIntervals													-0.3640952334606613
3335.507624899637	3.900999999999385	WheelMovementIntervals													-2.025024773807047
3339.7406248996367	1.2279999999996107	WheelMovementIntervals													-0.7408203408332392
3346.252624899636	0.8479999999995016	WheelMovementIntervals													-0.06186912710837955
3349.2766248996354	0.4839999999999236	WheelMovementIntervals													0.07769820717655662
3355.5546248996347	0.20299999999997453	WheelMovementIntervals													0.05066964510966532
3356.646624899635	0.1499999999996362	WheelMovementIntervals													0.02531083896020192
3357.6246248996345	0.1979999999998654	WheelMovementIntervals													0.025103767340662664
3358.1036248996343	3.5799999999999272	WheelMovementIntervals													-0.3911955947544534
3361.999624899634	1.7570000000000618	WheelMovementIntervals													-0.4378314579152276
3369.6076248996333	1.5059999999998581	WheelMovementIntervals													0.22639251066806043
3372.125624899633	5.606999999999516	WheelMovementIntervals													-3.7799411572823063
3379.825624899632	0.18499999999994543	WheelMovementIntervals													0.03758396351520199
3384.5656248996315	4.770999999999731	WheelMovementIntervals													-1.0434564987917585
3396.0236248996302	5.699999999999363	WheelMovementIntervals													-2.1422720046412067
3409.3706248996286	0.08000000000038199	WheelMovementIntervals													-0.05221103649682124
3409.7056248996287	0.09000000000014552	WheelMovementIntervals													0.015208872512587512
3418.9756248996277	5.407999999999447	WheelMovementIntervals													-0.7225571496161491
3424.6836248996274	0.12199999999984357	WheelMovementIntervals													0.055766657106375295
3441.3696248996253	1.6199999999998909	WheelMovementIntervals													-0.2138790987619288
3445.008624899625	0.4299999999998363	WheelMovementIntervals													0.12146473055270945
3447.166624899625	0.2519999999999527	WheelMovementIntervals													0.06044375680073111
3447.6226248996245	0.5579999999999927	WheelMovementIntervals													0.04463123523116963
3449.2566248996245	3.2049999999994725	WheelMovementIntervals													-1.3167151170124665
3460.515624899623	0.27599999999983993	WheelMovementIntervals													-0.032884276924702416
3460.977624899623	0.6300000000001091	WheelMovementIntervals													0.17046256175776597
3463.128624899623	0.22299999999995634	WheelMovementIntervals													-0.045987037927538
3465.9856248996225	0.36200000000008004	WheelMovementIntervals													0.0666428407747035
3467.6016248996225	0.17200000000002547	WheelMovementIntervals													-0.021856158182919527
3470.6876248996223	4.653999999999087	WheelMovementIntervals													-2.1297753374340487
3482.332624899621	0.08999999999969077	WheelMovementIntervals													-0.05317448988132334
3484.8176248996206	3.951999999999316	WheelMovementIntervals													-2.9622608833582493
3493.6696248996195	0.22899999999981446	WheelMovementIntervals													0.07904587574531963
3494.3046248996193	1.8589999999999236	WheelMovementIntervals													-1.5215721065490033
3502.3006248996185	0.5300000000002001	WheelMovementIntervals													0.1194455979106035
3505.2176248996184	0.22100000000000364	WheelMovementIntervals													0.030532649475926377
3505.758624899618	2.8469999999997526	WheelMovementIntervals													-1.0150813546259574
3515.700624899617	0.3330000000000837	WheelMovementIntervals													0.06156023527978327
3522.4206248996165	0.20899999999983265	WheelMovementIntervals													-0.027025614149611243
3537.9766248996148	0.9289999999996326	WheelMovementIntervals													-0.3091202324831954
3539.8896248996143	3.869999999999891	WheelMovementIntervals													-1.6392523780745147
3548.4646248996137	0.31199999999989814	WheelMovementIntervals													0.11734803615581946
3553.541624899613	0.4699999999997999	WheelMovementIntervals													-0.07327752417760713
3562.602624899612	0.2450000000003456	WheelMovementIntervals													0.011582094794938769
3564.3316248996116	0.512000000000171	WheelMovementIntervals													0.09462126984976926
3565.7736248996116	0.7199999999997999	WheelMovementIntervals													0.18954709994181762
3569.1226248996113	0.08899999999994179	WheelMovementIntervals													-0.011630664699904258
3571.403624899611	0.2980000000002292	WheelMovementIntervals													0.08333277001257144
3573.441624899611	0.1979999999998654	WheelMovementIntervals													-0.03478795491155218
3582.56162489961	3.5849999999995816	WheelMovementIntervals													-1.5956264551159531
3599.392624899608	0.09199999999964348	WheelMovementIntervals													-0.020487744755472548
3599.952624899608	7.2499999999990905	WheelMovementIntervals													-2.9249827096104593
3621.2816248996055	0.5450000000000728	WheelMovementIntervals													0.05621892971610798
3625.502624899605	0.06300000000010186	WheelMovementIntervals													0.018575878275356672
3626.068624899605	0.6889999999998508	WheelMovementIntervals													0.14602332097421744
3631.0166248996043	3.7369999999996253	WheelMovementIntervals													-3.1800809095057136
3640.7556248996034	0.681999999999789	WheelMovementIntervals													0.07572512420386346
3641.854624899603	0.5570000000002437	WheelMovementIntervals													-0.05430086549702651
3643.663624899603	0.43000000000029104	WheelMovementIntervals													0.12781191991842533
3648.0626248996027	0.806999999999789	WheelMovementIntervals													-0.1606867466948394
3650.9006248996025	0.2579999999998108	WheelMovementIntervals													0.08935192270177694
3655.4096248996016	0.2899999999999636	WheelMovementIntervals													-0.03480919689827644
3656.8246248996015	0.16600000000016735	WheelMovementIntervals													-0.014766995729260657
3659.5966248996015	0.2579999999998108	WheelMovementIntervals													-0.030174164918616242
3662.623624899601	0.4579999999996289	WheelMovementIntervals													-0.08604733370259865
3665.5126248996007	0.26399999999966894	WheelMovementIntervals													-0.04662288413900839
3669.5416248996003	0.17799999999988358	WheelMovementIntervals													-0.021332137738749424
3676.3146248995995	0.3769999999999527	WheelMovementIntervals													-0.029446512102737188
3679.3026248995993	0.5349999999998545	WheelMovementIntervals													-0.2510786416658206
3680.0366248995992	0.29799999999977445	WheelMovementIntervals													0.019975011401918152
3685.2436248995987	0.27599999999983993	WheelMovementIntervals													0.04189056329423124
3687.9066248995982	0.09000000000014552	WheelMovementIntervals													-0.008680193624211796
3690.453624899598	0.2510000000002037	WheelMovementIntervals													-0.08102100728092765
3693.8156248995974	0.36500000000023647	WheelMovementIntervals													-0.06708474233483486
3697.085624899597	0.46900000000005093	WheelMovementIntervals													-0.12392950102774591
3697.825624899597	0.20100000000002183	WheelMovementIntervals													0.06330771658579337
3701.022624899597	0.569999999999709	WheelMovementIntervals													-0.059838687125807866
3701.8476248995967	1.5579999999999927	WheelMovementIntervals													-0.2103840240753172
3706.600624899596	0.7919999999999163	WheelMovementIntervals													0.10304578168504719
3707.806624899596	2.9289999999996326	WheelMovementIntervals													-1.552705088233484
3711.086624899596	0.5959999999995489	WheelMovementIntervals													-0.08564856157039813
3712.0676248995956	0.18100000000004002	WheelMovementIntervals													0.01585766966643476
3713.3556248995956	0.5289999999995416	WheelMovementIntervals													0.14862748251641378
3714.977624899595	0.4940000000001419	WheelMovementIntervals													-0.15427367267746206
3718.7866248995947	0.38799999999991996	WheelMovementIntervals													0.07572483608429792
3721.8836248995945	5.880999999999403	WheelMovementIntervals													-2.254082235383528
3728.697624899594	0.2539999999999054	WheelMovementIntervals													0.06630145858085257
3729.7116248995935	0.22100000000000364	WheelMovementIntervals													0.05286018479870336
3736.1226248995927	0.56899999999996	WheelMovementIntervals													0.10370563937867061
3741.744624899592	0.18400000000019645	WheelMovementIntervals													0.048989567134817946
3743.161624899592	0.31399999999985084	WheelMovementIntervals													0.02970057409929794
3754.239624899591	0.3329999999996289	WheelMovementIntervals													0.15172550569816678
3756.314624899591	0.057999999999992724	WheelMovementIntervals													0.011380536223082771
3757.5296248995905	0.43699999999989814	WheelMovementIntervals													0.02332234143501921
3760.4306248995904	0.2199999999997999	WheelMovementIntervals													-0.048729602286684326
3767.0056248995893	0.4410000000002583	WheelMovementIntervals													-0.04140032446385078
3769.810624899589	0.4270000000001346	WheelMovementIntervals													-0.02239473048610563
3776.7036248995882	0.1430000000000291	WheelMovementIntervals													0.007522294400530427
3779.2236248995882	0.39099999999962165	WheelMovementIntervals													-0.06585447080880513
3781.001624899588	0.057999999999992724	WheelMovementIntervals													0.020314324221935465
3785.1976248995875	0.13200000000006185	WheelMovementIntervals													-0.03008912523700147
3785.6616248995874	0.5380000000000109	WheelMovementIntervals													0.07157961949545566
3788.0136248995873	0.5559999999995853	WheelMovementIntervals													0.10612944857826179
3789.364624899587	0.55600000000004	WheelMovementIntervals													-0.09122473762464978
3791.411624899587	0.3799999999996544	WheelMovementIntervals													0.04425137373745258
3794.5246248995863	0.4149999999999636	WheelMovementIntervals													0.14335320293977816
3797.186624899586	0.3220000000001164	WheelMovementIntervals													0.016254596063742355
3799.226624899586	0.22699999999986176	WheelMovementIntervals													0.07464068648621591
3799.794624899586	0.2860000000000582	WheelMovementIntervals													0.014295528684495906
3804.382624899585	0.45499999999992724	WheelMovementIntervals													0.032729663649572416
3807.414624899585	0.3389999999999418	WheelMovementIntervals													-0.1062488806731352
3811.0926248995847	0.18499999999994543	WheelMovementIntervals													-0.03488062197343211
3814.768624899584	0.44499999999970896	WheelMovementIntervals													0.1237138032978109
3817.010624899584	0.12399999999979627	WheelMovementIntervals													0.06816567194248435
3818.512624899584	1.1309999999998581	WheelMovementIntervals													0.10356293511883763
3821.9166248995834	3.080999999999676	WheelMovementIntervals													-1.0544432477004548
3825.363624899583	6.583999999999378	WheelMovementIntervals													-1.2175011747161584
3833.5046248995823	0.4299999999998363	WheelMovementIntervals													-0.2232485832801352
3834.079624899582	3.4109999999996035	WheelMovementIntervals													-2.135385513701653
3845.6756248995807	3.7279999999996107	WheelMovementIntervals													-2.5745428237557846
3856.8166248995794	0.09500000000025466	WheelMovementIntervals													0.043370211005754555
3862.743624899579	0.07699999999977081	WheelMovementIntervals													0.0240644551121747
3869.521624899578	1.9760000000001128	WheelMovementIntervals													-0.3438069464836744
3881.373624899577	0.06099999999969441	WheelMovementIntervals													0.00824562949265939
3886.1496248995763	0.05400000000008731	WheelMovementIntervals													-0.015101239549526468
3888.0066248995763	1.6989999999996144	WheelMovementIntervals													0.5117197628756784
3890.365624899576	0.22200000000020736	WheelMovementIntervals													-0.04235493702193338
3892.2346248995755	0.5440000000003238	WheelMovementIntervals													-0.22399880827289564
3906.748624899574	4.647999999999229	WheelMovementIntervals													-2.191032659237951
3912.0226248995737	4.6299999999992	WheelMovementIntervals													-3.1783668659218556
3938.9536248995705	0.70699999999988	WheelMovementIntervals													-0.13186601993128733
3940.9756248995704	0.4130000000000109	WheelMovementIntervals													-0.07184789650629853
3943.8986248995698	0.5590000000001965	WheelMovementIntervals													0.10395011119825881
3946.80962489957	0.23799999999982901	WheelMovementIntervals													0.03429564351703007
3950.3426248995693	0.40599999999994907	WheelMovementIntervals													0.05357754565946493
3952.706624899569	0.18700000000035288	WheelMovementIntervals													-0.07457302150082512
3955.958624899569	0.38699999999971624	WheelMovementIntervals													-0.1771442451764429
3960.0456248995683	0.3989999999998872	WheelMovementIntervals													0.12683684870503598
3961.761624899568	0.455000000000382	WheelMovementIntervals													0.06980635387252576
3964.6426248995676	0.11000000000012733	WheelMovementIntervals													-0.019192425339664254
3969.4246248995673	0.1479999999996835	WheelMovementIntervals													0.018842897357409072
3971.197624899567	0.36000000000012733	WheelMovementIntervals													0.13520575850429495
3972.750624899567	0.1089999999999236	WheelMovementIntervals													0.010418375668528768
3974.368624899567	0.5409999999997126	WheelMovementIntervals													0.05576175210349632
3978.4886248995663	2.0409999999997126	WheelMovementIntervals													-0.15280184893321547
3992.0676248995646	0.23700000000008004	WheelMovementIntervals													-0.0655835988701341
4001.1906248995638	0.32799999999997453	WheelMovementIntervals													-0.08695892676540495
4002.3866248995637	7.051999999999225	WheelMovementIntervals													-3.069110641565352
4022.563624899561	0.2250000000003638	WheelMovementIntervals													-0.04486132730897907
4045.6076248995587	7.056999999999334	WheelMovementIntervals													-4.605144901154837
