onset	duration	nwb_table	choice	feedback_type	reward_volume	contrast_left	contrast_right	probability_left	feedback_time	response_time	stim_off_time	stim_on_time	go_cue_time	first_movement_time	peak_amplitude
0.4086785300002148	1.1260000000000012	WheelMovementIntervals													0.35817974169997613
2.0096785300002162	0.2490000000000001	WheelMovementIntervals													0.022478776615857093
3.1806785300002174	1.4330000000000007	WheelMovementIntervals													1.1839562989884636
5.6046785300002195	1.2800000000000011	WheelMovementIntervals													1.714735310824551
7.195678530000221	1.690000000000003	WheelMovementIntervals													1.950979145096217
9.891678530000224	0.22199999999999953	WheelMovementIntervals													-0.03802840351733572
11.206678530000225	2.700000000000003	WheelMovementIntervals													3.011271073642054
14.625678530000227	1.506000000000002	WheelMovementIntervals													3.0940077578755325
17.52767853000023	0.6999999999999993	WheelMovementIntervals													0.4267110980579787
18.47867853000023	0.17999999999999972	WheelMovementIntervals													-0.015711928893439975
19.15667853000023	0.6739999999999995	WheelMovementIntervals													0.5120385574095856
21.32167853000023	0.1930000000000014	WheelMovementIntervals													0.08478752280126933
22.340678530000233	3.033000000000005	WheelMovementIntervals													4.70805710547331
26.096678530000236	0.8680000000000021	WheelMovementIntervals													1.2376061414726252
27.727678530000237	0.1980000000000004	WheelMovementIntervals													-0.024401848085357614
29.06267853000024	0.7319999999999993	WheelMovementIntervals													0.679921075964657
30.05867853000024	0.9990000000000023	WheelMovementIntervals													0.5026837789675014
32.856678530000245	1.0009999999999977	WheelMovementIntervals													0.23201977156378106
35.15067853000024	0.7740000000000009	WheelMovementIntervals													1.3960698767411444
37.07167853000025	0.8459999999999965	WheelMovementIntervals													1.5866052318376092
38.947678530000246	1.3910000000000053	WheelMovementIntervals													0.8876401825169538
42.26367853000025	4.1000000000000085	WheelMovementIntervals													-2.65150640921161
47.64967853000026	1.769999999999996	WheelMovementIntervals													-1.7109823762216152
51.34667853000026	0.3719999999999999	WheelMovementIntervals													0.12492904194085597
53.29267853000026	1.2800000000000011	WheelMovementIntervals													-0.4704305885229587
56.979678530000264	0.28999999999999915	WheelMovementIntervals													0.14004924336478908
58.66367853000027	1.0030000000000001	WheelMovementIntervals													1.0114920737340363
64.96167853000027	1.8940000000000055	WheelMovementIntervals													4.160630933695433
69.38267853000028	2.489999999999995	WheelMovementIntervals													1.3554232660310852
73.68467853000028	0.08699999999998909	WheelMovementIntervals													-0.006740217474217047
75.86367853000029	1.2620000000000005	WheelMovementIntervals													0.8983318760214623
78.04967853000028	0.3089999999999975	WheelMovementIntervals													0.14883216472921745
82.35263058008235	3.437510661384181	trials	-1.0	1.0	1.5		1.0	0.5	84.22754307008422	84.22743530396704	85.29010347008528	83.65363380008365	83.65473369008366	84.00467853000029	
82.40067853000029	0.6850000000000023	WheelMovementIntervals													-0.5287064965391792
84.00467853000029	6.805000000000007	WheelMovementIntervals													5.790233712064023
86.25394041008626	6.966481909201235	trials	1.0	1.0	1.5	0.125		0.5	91.66239951009166	91.66230167048607	92.72036037009272	91.33693206009134	91.33809861009134	91.5306785300003	
91.5306785300003	2.5729999999999933	WheelMovementIntervals													0.5471799635027281
93.73872519009375	5.6984190333984515	trials	1.0	1.0	1.5	1.0		0.5	97.88194416009789	97.88183757445573	98.93703864009893	97.15714998009716	97.15801656009715	97.3346785300003	
94.4396785300003	1.7390000000000043	WheelMovementIntervals													1.5677791482396515
97.3346785300003	2.138999999999996	WheelMovementIntervals													-0.4097056601986466
99.6676785300003	1.5829999999999984	WheelMovementIntervals													2.5444945586620165
99.88764357009988	4.202531333797296	trials	1.0	1.0	1.5	0.125		0.5	102.53607870010254	102.53596205544395	103.5901066201036	101.95696995010196	101.95796985010196	102.1756785300003	
102.1756785300003	1.7460000000000093	WheelMovementIntervals													-0.345869916671667
104.24967853000031	1.5519999999999925	WheelMovementIntervals													3.0828124462302
104.56097619010457	3.6623467417047806	trials	-1.0	1.0	1.5		0.125	0.5	106.66679892010667	106.6667019150742	107.72329326010772	106.23664194010624	106.23760851010624	106.4386785300003	
106.4386785300003	1.808000000000007	WheelMovementIntervals													1.4307312031162382
108.64367853000032	1.0769999999999982	WheelMovementIntervals													-0.44096190059441653
108.71922699010872	5.350719243109992	trials	-1.0	1.0	1.5		0.25	0.5	112.51934694011253	112.5192392359445	113.56990854011357	112.17001521011217	112.17091512011217	112.32467853000031	
110.08367853000031	0.21999999999999886	WheelMovementIntervals													0.015470934340306997
110.82367853000031	0.695999999999998	WheelMovementIntervals													0.06307563299908736
112.32467853000031	1.5060000000000002	WheelMovementIntervals													1.046464511841421
114.53067853000032	0.867999999999995	WheelMovementIntervals													0.9781209658612511
114.53134572011453	4.758744053978987	trials	-1.0	1.0	1.5		0.25	0.5	117.72659283011772	117.72647328467744	118.79001981011879	117.2900031601173	117.2909030701173	117.38167853000031	
116.06767853000032	0.527000000000001	WheelMovementIntervals													0.2072974358696129
117.38167853000031	2.1210000000000093	WheelMovementIntervals													0.8597478897679167
119.74749072011974	3.6057228356479527	trials	-1.0	1.0	1.5		1.0	0.5	121.78212057012178	121.78200247653382	122.85318012012286	121.47001845012147	121.47088503012147	121.29567853000032	
119.91067853000033	1.0450000000000017	WheelMovementIntervals													0.7541063480249548
121.29567853000032	1.7260000000000133	WheelMovementIntervals													1.1417248807167013
123.84371439012385	3.4627401009029057	trials	-1.0	1.0	1.5		0.25	0.5	125.73172557012573	125.73163516311979	126.80635143012681	125.37299478012537	125.37386136012537	125.20967853000032	
123.96467853000033	0.8070000000000022	WheelMovementIntervals													0.31472005989548535
125.20967853000032	3.4890000000000185	WheelMovementIntervals													-0.5479899284114964
127.74715734012774	3.8727035164233286	trials	1.0	1.0	1.5	0.125		0.5	130.04896047013006	130.0488582413981	131.11982004013112	129.2029450801292	129.2038449901292	129.36367853000033	
129.36367853000033	2.0120000000000005	WheelMovementIntervals													-0.3711743140810526
132.06315903013206	4.673251662698448	trials	-1.0	-1.0	0.0	0.0		0.5	134.17514781013418	134.17408146292868	136.23634167013623	133.62313635013362	133.62416958013364	133.88467853000034	
132.47167853000033	0.5310000000000059	WheelMovementIntervals													-0.052967005272655854
133.88467853000034	1.5900000000000034	WheelMovementIntervals													1.5232893270193628
136.61567853000034	0.539999999999992	WheelMovementIntervals													0.16442575817531235
137.18501346013718	3.3848165547064752	trials	1.0	-1.0	0.0		0.0625	0.5	138.02746254013803	138.02651682998928	140.06979162014008	137.63943468013764	137.64046791013763	137.75067853000033	
137.75067853000033	1.774000000000001	WheelMovementIntervals													-1.248140437389992
140.32467853000034	1.1910000000000025	WheelMovementIntervals													0.6615356142608633
141.03062886014104	3.642422746963348	trials	-1.0	1.0	1.5		0.25	0.5	143.1136538701431	143.11354072424885	144.17298126014418	142.77305460014279	142.77412116014278	142.90867853000034	
142.03167853000033	0.17799999999999727	WheelMovementIntervals													0.028598235522608206
142.90867853000034	1.6140000000000043	WheelMovementIntervals													2.1807024818692398
145.13005221014512	4.839663015615599	trials	1.0	-1.0	0.0		0.0625	0.5	147.42842235014743	147.42768070253973	149.46958488014948	146.002864920146	146.003764830146	145.86467853000033	
145.34067853000033	0.24900000000002365	WheelMovementIntervals													0.08733717179860179
145.86467853000033	2.207000000000022	WheelMovementIntervals													-0.3067582307254
149.49567853000033	0.5480000000000018	WheelMovementIntervals													0.1832311134321145
150.46761840015046	3.385119770955612	trials	-1.0	-1.0	0.0	0.0625		0.5	151.3117339801513	151.31072257715562	153.35269653015337	151.006231200151	151.007097780151	151.13067853000035	
151.13067853000035	1.1639999999999873	WheelMovementIntervals													0.8599551262526148
153.83667853000034	0.7750000000000057	WheelMovementIntervals													0.16733043976196882
154.2784372801543	3.827635596939132	trials	-1.0	-1.0	0.0	0.0		0.5	155.55004344015555	155.5491481017914	157.6060044901576	155.2061445001552	155.20704441015522	155.31267853000034	
155.31267853000034	0.8810000000000002	WheelMovementIntervals													1.8778221045321004
158.36467853000036	0.6829999999999927	WheelMovementIntervals													0.36443045547103026
158.57847390015857	2.9106978023189924	trials	1.0	1.0	1.5	1.0		0.5	159.94377069015994	159.9436714623028	160.989099480161	159.55284312015957	159.55370970015954	159.68967853000035	
159.68967853000035	1.3540000000000134	WheelMovementIntervals													-0.5418158041713781
161.90867853000034	1.0490000000000066	WheelMovementIntervals													0.6659044655964195
161.97206784016197	4.230732550012988	trials	-1.0	-1.0	0.0	0.0		0.5	163.64533383016365	163.64457952200223	165.7027280701657	163.3192331101633	163.32033300016332	163.45967853000036	
163.45967853000036	0.6750000000000114	WheelMovementIntervals													0.5874332725240308
165.49467853000036	0.23900000000000432	WheelMovementIntervals													0.017162157969380587
166.64520048016664	4.1071428615782395	trials	1.0	-1.0	0.0		0.0625	0.5	168.1913125201682	168.1905154781097	170.25230640017026	167.53941105016753	167.54064426016754	167.64567853000037	
166.75667853000036	0.19499999999999318	WheelMovementIntervals													0.017659095489364063
167.64567853000037	1.8839999999999861	WheelMovementIntervals													-0.5374052434619472
170.16167853000036	0.37000000000000455	WheelMovementIntervals													-0.0366314045276539
171.12467853000035	0.5450000000000159	WheelMovementIntervals													0.3022850554475909
171.2024447101712	2.9864234902319993	trials	1.0	1.0	1.5	0.25		0.5	172.63336827017264	172.6332545271396	173.6888293801737	172.1221860601721	172.12328595017212	172.31867853000037	
172.31867853000037	1.5560000000000116	WheelMovementIntervals													-0.3586681362917048
174.63336825017464	3.619222637494545	trials	1.0	1.0	1.5	0.0625		0.5	176.6914957501767	176.69137884807512	177.75248964017774	176.2858363201763	176.2869695401763	176.35567853000038	
174.88867853000036	0.8550000000000182	WheelMovementIntervals													1.6545703764430897
176.35567853000038	2.390999999999991	WheelMovementIntervals													-1.07473199015444
178.75408947017877	2.565129422085306	trials	1.0	1.0	1.5	0.25		0.5	179.76712149017976	179.76700029853188	180.8191829401808	179.45591928017944	179.45691918017945	179.23167853000038	
179.23167853000038	1.98599999999999	WheelMovementIntervals													-0.5150094042427042
181.58867853000038	1.6529999999999916	WheelMovementIntervals													2.4384733331155175
181.76522166018177	4.053716398969243	trials	1.0	1.0	1.5	0.125		0.5	184.25773905018426	184.25762989847425	185.31886626018533	183.72239259018372	183.72325917018372	183.90167853000037	
183.90167853000037	3.2460000000000093	WheelMovementIntervals													0.6730690152694976
186.2821365901863	3.256727573070407	trials	1.0	1.0	1.5	0.0625		0.5	187.97566722018797	187.97554988751511	189.03879423018904	187.65553257018766	187.65656580018765	187.55967853000038	
187.55967853000038	1.7719999999999914	WheelMovementIntervals													-0.9321984263336205
189.93367853000038	0.3199999999999932	WheelMovementIntervals													0.10573998694955833
189.99056571019	3.9949524312042684	trials	1.0	-1.0	0.0		0.0625	0.5	191.42718870019144	191.42638347615906	193.48548285019348	190.73545788019075	190.73652444019075	190.84867853000037	
190.84867853000037	1.4840000000000089	WheelMovementIntervals													-0.5156382339359382
193.0856785300004	0.8979999999999961	WheelMovementIntervals													0.22596085587510828
194.43962076019443	3.66632092681391	trials	1.0	-1.0	0.0		0.125	0.5	195.55417596019555	195.55332650952786	197.6058707701976	195.00526419019502	195.006164100195	195.2096785300004	
195.2096785300004	1.6040000000000134	WheelMovementIntervals													1.2873039109801212
197.9536785300004	0.8060000000000116	WheelMovementIntervals													0.46649340785742766
198.55984203019855	3.012419298377438	trials	1.0	1.0	1.5	0.25		0.5	200.0194627202	200.0193504112121	201.07219077020108	199.36869447019936	199.36982769019937	199.49967853000038	
199.49967853000038	0.8269999999999982	WheelMovementIntervals													-0.41835062215309193
200.59567853000038	0.9970000000000141	WheelMovementIntervals													-0.5326725370182857
202.02706194020203	5.361545182982724	trials	1.0	-1.0	0.0		0.125	0.5	204.83878074020484	204.83778405409612	206.8885090802069	204.48524943020448	204.48611601020448	204.61967853000039	
202.12467853000038	0.7290000000000134	WheelMovementIntervals													0.29595635463048353
203.1766785300004	0.9759999999999991	WheelMovementIntervals													0.5349620435922375
204.61967853000039	1.100999999999999	WheelMovementIntervals													-1.5743327464316366
206.4936785300004	0.29999999999998295	WheelMovementIntervals													-0.12016507607252436
207.8979081302079	2.3873173064434923	trials	-1.0	1.0	1.5		1.0	0.5	208.74252366020875	208.74241319106173	209.7851193902098	208.4016910802084	208.4027576402084	208.6296785300004	
208.6296785300004	1.9879999999999995	WheelMovementIntervals													1.2194846752320672
210.72802509021074	3.6109264378595185	trials	1.0	-1.0	0.0		0.0625	0.5	211.76375484021176	211.76273180630176	213.83891397021384	211.27200402021128	211.27313724021127	211.3816785300004	
211.3816785300004	1.0599999999999739	WheelMovementIntervals													-1.060036053981264
214.0416785300004	1.0180000000000007	WheelMovementIntervals													-2.1144869489924005
214.79685150021479	2.705218625104152	trials	1.0	1.0	1.5	0.25		0.5	215.93767074021594	215.93755808883543	217.001997630217	215.63520099021565	215.63606757021563	215.8276785300004	
215.8276785300004	1.1869999999999834	WheelMovementIntervals													-0.8004825299115836
217.94786970021795	4.820636278982732	trials	1.0	1.0	1.5	0.25		0.5	221.2079103302212	221.20779288115173	222.26843760022228	220.58840562022058	220.5893721902206	220.5816785300004	
218.1216785300004	1.7430000000000234	WheelMovementIntervals													1.786689942391547
220.5816785300004	2.094999999999999	WheelMovementIntervals													-0.8785718340494597
223.22850825022323	2.4603102099152636	trials	1.0	1.0	1.5	0.125		0.5	224.11241985022411	224.11231155864897	225.1888122002252	223.73832393022374	223.73935716022373	223.8086785300004	
223.8086785300004	1.7549999999999955	WheelMovementIntervals													-0.8385343600420399
226.12961811022612	3.721947218071108	trials	-1.0	1.0	1.5		0.25	0.5	228.2985345302283	228.298443876656	229.35149589022936	227.5850392202276	227.58600579022757	227.8696785300004	
226.28167853000042	0.7779999999999916	WheelMovementIntervals													-0.25932678059314185
227.8696785300004	1.4159999999999968	WheelMovementIntervals													1.2405582246483178
229.68667853000042	0.0689999999999884	WheelMovementIntervals													0.01660441505394772
230.3003676602303	3.154902193188434	trials	-1.0	1.0	1.5		0.125	0.5	231.9066736802319	231.9065672494726	232.95520215023296	231.47201715023147	231.47298372023147	231.33467853000042	
230.3696785300004	0.5440000000000111	WheelMovementIntervals													0.40647450854889655
231.33467853000042	2.1829999999999927	WheelMovementIntervals													1.296146416385234
233.97606672023397	3.5253344512361764	trials	-1.0	1.0	1.5		1.0	0.5	235.96110153023596	235.96098442865755	237.001397490237	235.61820249023563	235.6193023802356	235.59867853000043	
234.11567853000042	0.1419999999999959	WheelMovementIntervals													0.08560777406907505
234.55767853000043	0.5519999999999925	WheelMovementIntervals													0.42616881211080226
235.59867853000043	1.796999999999997	WheelMovementIntervals													0.6973133892307501
237.85067853000044	0.5949999999999989	WheelMovementIntervals													0.026326694283511642
237.95410221023795	3.1472385664185936	trials	-1.0	1.0	1.5		0.125	0.5	239.55640863023956	239.5563203166378	240.6013041302406	239.17164711023918	239.17261368023918	239.43667853000042	
239.43667853000042	1.641999999999996	WheelMovementIntervals													0.822944921036175
241.54764282024155	5.270526173585381	trials	1.0	1.0	1.5	1.0		0.5	245.26507104024526	245.26495986993984	246.3180990602463	244.9048737302449	244.9059402902449	245.05767853000043	
241.66367853000042	0.37299999999999045	WheelMovementIntervals													0.10602342843078816
242.61867853000044	0.3810000000000002	WheelMovementIntervals													0.16922548208035693
243.49467853000044	0.7419999999999902	WheelMovementIntervals													-0.5340062827261463
245.05767853000043	1.7959999999999923	WheelMovementIntervals													-0.7189551731662931
247.2839691302473	4.2209315365497275	trials	-1.0	1.0	1.5		1.0	0.5	249.95350215024996	249.9533871774438	251.004830340251	249.63783372024963	249.63890028024963	249.77767853000043	
247.56567853000044	1.5749999999999886	WheelMovementIntervals													0.9722097829806344
249.77767853000043	1.2729999999999961	WheelMovementIntervals													0.9323859965952721
251.96690079025197	3.4044443127509965	trials	1.0	1.0	1.5	0.25		0.5	253.81901556025383	253.81892326444637	254.87127699025487	253.1014539902531	253.1025538802531	253.26167853000044	
252.31467853000044	0.24600000000000932	WheelMovementIntervals													0.17135269303466316
253.26167853000044	1.8129999999999882	WheelMovementIntervals													-0.6895123420195048
255.83094768025583	4.34011476977517	trials	1.0	1.0	1.5	0.125		0.5	258.61446930025863	258.614355228462	259.6710303002597	258.03476061025805	258.035860500258	258.2356785300005	
255.93767853000045	0.9780000000000371	WheelMovementIntervals													0.23480443072724455
258.2356785300005	2.3360000000000127	WheelMovementIntervals													-0.32811002192052285
260.6984608802607	2.4559378703581842	trials	-1.0	1.0	1.5		1.0	0.5	261.5815725602616	261.58147341761514	262.65433194026264	261.1846789202612	261.1858454702612	261.4276785300005	
261.4276785300005	2.0670000000000073	WheelMovementIntervals													0.7802285421256983
263.6171023202636	4.3507207524305045	trials	-1.0	-1.0	0.0	1.0		0.5	265.4091564302654	265.40820962859476	267.46775055026745	265.21774224026524	265.2188421302652	265.1706785300005	
263.9906785300005	0.6589999999999918	WheelMovementIntervals													0.23888628445929072
265.1706785300005	1.8139999999999645	WheelMovementIntervals													1.4713550728403746
268.42062192026845	2.9304262116219775	trials	-1.0	1.0	1.5		0.125	0.5	269.7871185902698	269.787033209764	270.85101219027086	269.0709568802691	269.07182346026906	269.2566785300005	
269.2566785300005	1.4209999999999923	WheelMovementIntervals													1.0651137587711332
271.80714990027184	7.627157649090975	trials	-1.0	1.0	1.5		0.0625	0.5	277.86767712027785	277.86759332375135	278.9342704502789	273.1546818002732	273.15578169027316	273.2516785300005	
271.9956785300005	0.5620000000000118	WheelMovementIntervals													0.22631174224846262
273.2516785300005	1.9729999999999563	WheelMovementIntervals													0.11859780100207473
277.3706785300005	0.19400000000001683	WheelMovementIntervals													0.10922337859690856
278.11867853000047	0.17500000000001137	WheelMovementIntervals													0.21914485430374953
278.5816785300005	0.7189999999999941	WheelMovementIntervals													-0.5017605768309821
279.8936078402799	6.673852718641683	trials	1.0	1.0	1.5	0.25		0.5	285.01292919028504	285.0128459774066	286.06739040028606	284.3208984002843	284.32176498028434	284.3136785300005	
280.0856785300005	2.3870000000000005	WheelMovementIntervals													0.837596859374365
282.8316785300005	0.45400000000000773	WheelMovementIntervals													0.04270564850047265
284.3136785300005	1.9470000000000027	WheelMovementIntervals													-0.3680502912481032
286.5956785300005	0.7339999999999804	WheelMovementIntervals													-0.32566985577407337
287.02806099028703	4.672919257916931	trials	-1.0	1.0	1.5		1.0	0.5	290.16238086029017	290.162271894764	291.2009103302912	289.83754668028985	289.8384132602898	289.8376785300005	
287.6846785300005	1.7509999999999764	WheelMovementIntervals													2.1940585883489803
289.8376785300005	1.4809999999999945	WheelMovementIntervals													1.0166254590853185
292.18157892029217	7.48926349759148	trials	-1.0	1.0	1.5		0.0	0.5	298.1175186002981	298.1174268695337	299.17081326029916	293.5207449902935	293.5217115602935	293.6816785300005	
292.3516785300005	0.5419999999999732	WheelMovementIntervals													0.08813856323141067
293.6816785300005	0.8790000000000191	WheelMovementIntervals													0.25780315711934065
296.3436785300005	0.5470000000000255	WheelMovementIntervals													-0.04105152465221806
298.33467853000053	1.1049999999999613	WheelMovementIntervals													-0.2654602957964016
300.1997436903002	3.3344205328660905	trials	-1.0	1.0	1.5		0.0625	0.5	301.981365510302	301.9812530577345	303.03406023030306	301.65069858030165	301.65166515030165	301.6106785300005	
300.3476785300005	0.5740000000000123	WheelMovementIntervals													0.06977346109040639
301.6106785300005	1.1370000000000005	WheelMovementIntervals													1.370673671300068
303.8686785300005	1.1820000000000164	WheelMovementIntervals													0.3795453366880537
303.999563670304	4.221130999642355	trials	-1.0	-1.0	0.0	0.0625		0.5	305.66166411030565	305.6608746901265	307.72065819030774	305.38759152030536	305.3886580803054	305.3806785300005	
305.3806785300005	1.406000000000006	WheelMovementIntervals													0.8525693580520368
307.74567853000053	0.39299999999997226	WheelMovementIntervals													-0.13239108103059039
308.6880947703087	2.762712455618896	trials	1.0	1.0	1.5	0.0625		0.5	309.8907078303099	309.8905988859815	310.95070182031094	309.16734684030916	309.16831341030917	309.3236785300005	
309.3236785300005	1.377999999999986	WheelMovementIntervals													-0.7106775975870363
311.00767853000053	2.3969999999999914	WheelMovementIntervals													0.1678697295011915
311.9108058003119	5.539762701868597	trials	-1.0	1.0	1.5		1.0	0.5	315.8955406203159	315.8954494619864	316.95043512031697	315.55390812031555	315.5549413503156	315.53667853000053	
313.7076785300005	1.113999999999976	WheelMovementIntervals													0.13928032451929084
315.53667853000053	2.1920000000000073	WheelMovementIntervals													0.9752350047198917
317.9185716303179	2.5652002082334207	trials	-1.0	1.0	1.5		0.0	0.5	318.9321702603189	318.93207092239885	319.98369843032	318.4038231003184	318.4049229903184	318.58467853000053	
318.58467853000053	2.576000000000022	WheelMovementIntervals													1.1262439022078752
320.93936952032095	6.094571789665679	trials	1.0	1.0	1.5	0.125		0.5	325.4746159503255	325.47452070874647	326.53384335032655	324.75372138032475	324.7545546303248	324.95667853000054	
321.5906785300005	2.5500000000000114	WheelMovementIntervals													-1.3677817647509585
324.95667853000054	3.6569999999999823	WheelMovementIntervals													-0.36405354562451464
327.5283438903275	8.858865002640357	trials	1.0	-1.0	0.0		0.0625	0.5	333.82251441033384	333.821488646031	335.8871079303359	332.77025298033277	332.77118622033277	332.92767853000055	
329.05267853000055	0.6920000000000073	WheelMovementIntervals													0.12570303122501514
330.44167853000056	0.70799999999997	WheelMovementIntervals													0.2624169925589115
332.92767853000055	2.1920000000000073	WheelMovementIntervals													-0.6068688163562115
336.21667853000054	0.4019999999999868	WheelMovementIntervals													-0.07826800653353416
336.86351028033687	2.456507210054667	trials	1.0	1.0	1.5	1.0		0.5	337.75598769033775	337.7559121730497	338.8199479503388	337.3832583003374	337.3841582103374	337.53567853000055	
337.53567853000055	1.7620000000000005	WheelMovementIntervals													-3.1611842876979495
339.8009165103398	3.315719379432835	trials	-1.0	1.0	1.5		1.0	0.5	341.5540411803416	341.5539256987849	342.61653492034264	341.1667799103412	341.16814644034116	341.37167853000057	
340.07267853000053	0.5570000000000164	WheelMovementIntervals													0.12771150372344664
341.37167853000057	0.9350000000000023	WheelMovementIntervals													1.7800038516310224
343.6013364303436	3.3854451956199227	trials	-1.0	1.0	1.5		1.0	0.5	345.42185436034543	345.4217591197861	346.4866812003465	345.0697229103451	345.0708561303451	344.95367853000056	
343.91067853000055	0.42399999999997817	WheelMovementIntervals													0.13852432817576243
344.95367853000056	2.305999999999983	WheelMovementIntervals													1.2946278380689478
347.45408445034747	2.6293945172365056	trials	1.0	1.0	1.5	0.25		0.5	348.52787706034854	348.5277809864649	349.5834381603496	347.999696550348	348.000796440348	348.10467853000057	
348.10467853000057	2.7690000000000055	WheelMovementIntervals													-0.7574591660596184
350.55377445035055	6.0462461554393485	trials	1.0	1.0	1.5	1.0		0.5	355.04482530035506	355.04470650464356	356.0999197803561	354.18644448035417	354.1874443803542	354.2386785300006	
351.1956785300006	2.6440000000000055	WheelMovementIntervals													-1.17457111534506
354.2386785300006	2.162999999999954	WheelMovementIntervals													-0.33917882649679143
357.0868210803571	3.0798406535288905	trials	-1.0	1.0	1.5		0.25	0.5	358.6187345403586	358.61864030544865	359.66662974035967	358.31983110035833	358.3207310103583	358.4166785300006	
357.22767853000056	0.37999999999999545	WheelMovementIntervals													-0.11556224561303452
358.4166785300006	2.6429999999999723	WheelMovementIntervals													0.3908190331808612
360.64046568036065	2.8427254961134167	trials	1.0	1.0	1.5	0.125		0.5	361.9246705803619	361.9245762939808	362.983131390363	361.4867143803615	361.4877476103615	361.81467853000055	
361.81467853000055	1.643000000000029	WheelMovementIntervals													-1.3467124269344026
364.026893670364	6.189233707326537	trials	1.0	1.0	1.5	0.0625		0.5	368.66023029036865	368.6601174062811	369.7160913603697	368.23597272036824	368.23703928036826	368.4016785300006	
364.2316785300006	0.9669999999999845	WheelMovementIntervals													-0.1036989888776958
365.74467853000056	1.2690000000000055	WheelMovementIntervals													1.023048700608527
367.4046785300006	0.3069999999999595	WheelMovementIntervals													0.13288810028505793
368.4016785300006	1.5089999999999577	WheelMovementIntervals													-0.49208180076158214
370.6851277803707	4.13453820502076	trials	1.0	-1.0	0.0		0.0	0.5	372.25367091037225	372.25284112923293	374.31956430037434	371.91953766037193	371.9206708803719	372.0656785300006	
370.84767853000056	0.3849999999999909	WheelMovementIntervals													0.3188972842720119
372.0656785300006	1.2509999999999764	WheelMovementIntervals													-2.532208262770638
374.46367853000055	0.5180000000000291	WheelMovementIntervals													0.08476611212850571
375.2923670103753	2.8572319591272617	trials	-1.0	1.0	1.5		0.25	0.5	376.5973698303766	376.5972802361647	377.64956460037763	376.2162746103762	376.21734117037624	376.3796785300006	
375.39867853000055	0.2270000000000323	WheelMovementIntervals													-0.06176772735564384
376.3796785300006	1.6989999999999554	WheelMovementIntervals													0.9990536349387042
378.6213007503786	2.311393307906087	trials	-1.0	1.0	1.5		0.25	0.5	379.38429111037937	379.38419755141314	380.4326862603804	379.1024859603791	379.1036525103791	379.1256785300006	
379.1256785300006	1.72199999999998	WheelMovementIntervals													1.7140786631406968
381.4043890803814	3.6319523574150026	trials	-1.0	-1.0	0.0	0.0625		0.5	382.4763152103825	382.47550393150544	384.53627586038454	382.21907427038224	382.2199741803822	382.1546785300006	
381.6256785300006	0.09399999999999409	WheelMovementIntervals													0.03497149885109252
382.1546785300006	1.009999999999991	WheelMovementIntervals													0.6072600869369325
384.28767853000056	0.22500000000002274	WheelMovementIntervals													0.036391850145435
385.5024459003855	2.863701793944074	trials	1.0	1.0	1.5	1.0		0.5	386.8056489003868	386.8055458066217	387.8660428503879	386.11598454038614	386.11695111038614	386.2076785300006	
386.2076785300006	1.552000000000021	WheelMovementIntervals													-0.373219591710253
388.06667853000056	0.6540000000000532	WheelMovementIntervals													-0.36628273291157143
388.83784566038884	6.381645802818184	trials	1.0	1.0	1.5	1.0		0.5	393.6592968003937	393.65917799791083	394.71939078039475	393.26906916039326	393.2699024103933	393.4066785300006	
389.0656785300006	0.8480000000000132	WheelMovementIntervals													0.635862755464359
390.1736785300006	0.5860000000000127	WheelMovementIntervals													0.1977313025350611
391.0636785300006	0.8369999999999891	WheelMovementIntervals													-0.15178583852433292
392.2736785300006	0.2999999999999545	WheelMovementIntervals													0.04569259931570002
393.4066785300006	1.4780000000000086	WheelMovementIntervals													-0.4753427960470873
395.7095917503957	2.559522370777188	trials	1.0	1.0	1.5	1.0		0.5	396.6899270403967	396.6897991687249	397.76908578039775	396.3326627703963	396.3335626803963	396.4966785300006	
396.4966785300006	0.5929999999999609	WheelMovementIntervals													-0.5968977211952193
397.3156785300006	0.6720000000000255	WheelMovementIntervals													-0.12306305431482656
398.7146785300006	0.09300000000001774	WheelMovementIntervals													0.035438321628831204
398.8081152003988	3.5278323123823725	trials	1.0	-1.0	0.0		0.125	0.5	399.76188648039977	399.7611231188399	401.83594572040187	399.3491610903994	399.35022765039935	399.5396785300006	
399.5396785300006	1.7280000000000086	WheelMovementIntervals													-0.6752708393222235
402.8086484404028	3.8071368685607467	trials	-1.0	-1.0	0.0	0.0625		0.5	404.045858040404	404.0450594396031	406.1157177004061	403.5490743904036	403.55020761040356	403.5066785300006	
403.5066785300006	1.4660000000000082	WheelMovementIntervals													0.5480607780785078
405.7916785300006	0.13100000000002865	WheelMovementIntervals													-0.01804502674249875
406.7826785300006	0.3769999999999527	WheelMovementIntervals													-0.035116621122654124
407.0936865604071	2.638720475745231	trials	1.0	1.0	1.5	1.0		0.5	408.1696789504082	408.16959409367695	409.23237267040923	407.71899069040774	407.7198572704077	407.87367853000063	
407.87367853000063	1.1899999999999977	WheelMovementIntervals													-0.37886138684754656
410.2086083704102	2.9569218280020095	trials	-1.0	1.0	1.5		0.0	0.5	411.6076017904116	411.6075177509687	412.6654959904127	411.06892233041106	411.0698222404111	411.34967853000063	
410.2106785300006	0.4149999999999636	WheelMovementIntervals													0.3573896919919832
411.34967853000063	1.5960000000000036	WheelMovementIntervals													0.3811695122527965
413.64453141041366	2.824834488515023	trials	1.0	1.0	1.5	0.0625		0.5	414.9064385404149	414.906345475893	415.969232250416	414.5689056304146	414.56980554041456	414.7166785300006	
413.7646785300006	0.2880000000000109	WheelMovementIntervals													0.2671713101672992
414.7166785300006	1.3520000000000323	WheelMovementIntervals													-1.1945192231017643
416.9106785300006	0.5029999999999859	WheelMovementIntervals													-0.13640579862475022
416.94316818041693	3.0223181128163787	trials	1.0	1.0	1.5	0.25		0.5	418.4149543204184	418.4148755395506	419.46538260041945	417.998962590418	417.999795840418	418.1736785300006	
418.1736785300006	1.754000000000019	WheelMovementIntervals													-0.5117224448601405
420.4348856404204	3.0007193550771945	trials	1.0	1.0	1.5	0.0		0.5	421.8745749904219	421.8744934868381	422.9355688804229	421.51891056042155	421.5197771404215	421.5186785300006	
420.7276785300006	0.20600000000001728	WheelMovementIntervals													0.027689061577163443
421.5186785300006	1.2730000000000246	WheelMovementIntervals													-0.9338020426518199
423.8726785300006	0.3509999999999991	WheelMovementIntervals													0.21787407008829973
423.91170459042394	3.9239174438948226	trials	1.0	-1.0	0.0		0.0625	0.5	425.27610147042526	425.2752099569572	427.33556217042735	424.96566585042495	424.966765740425	424.91167853000064	
424.91167853000064	0.8929999999999723	WheelMovementIntervals													-1.371985122595774
427.2656785300006	0.39999999999997726	WheelMovementIntervals													-0.363206749632468
428.4012222604284	3.3674446112703436	trials	1.0	-1.0	0.0		0.0	0.5	429.2111079304292	429.21003249502337	431.2686354904313	428.91543750042894	428.91643740042895	429.0856785300006	
429.0856785300006	0.79200000000003	WheelMovementIntervals													-2.0726457129616165
431.6676785300006	0.5960000000000036	WheelMovementIntervals													-0.22262756464204614
432.24747093043226	2.6180228442916587	trials	-1.0	1.0	1.5		0.25	0.5	433.3175639104333	433.31747944967407	434.3653591204344	432.88217412043286	432.8830740304329	433.03867853000065	
433.03867853000065	1.5609999999999786	WheelMovementIntervals													1.0326312631165635
435.3346955104353	3.463707614724399	trials	-1.0	1.0	1.5		0.25	0.5	437.24420454043724	437.24409860560775	438.2982991204383	436.65183045043665	436.65273036043664	436.81967853000066	
435.49067853000065	0.1490000000000009	WheelMovementIntervals													0.07068302882829158
435.9486785300006	0.18799999999998818	WheelMovementIntervals													0.11024277555978301
436.81967853000066	2.1079999999999472	WheelMovementIntervals													1.0775696704265556
439.2705018904393	7.427972822970787	trials	-1.0	1.0	1.5		0.0625	0.5	445.15644657044515	445.15635721750016	446.1984423604462	444.5517403804445	444.55270695044453	444.9196785300006	
439.59967853000063	0.6999999999999886	WheelMovementIntervals													1.1123665605753672
440.7156785300006	0.299000000000035	WheelMovementIntervals													-0.04140554648265038
441.71167853000065	2.2280000000000086	WheelMovementIntervals													-0.6598839200679336
444.9196785300006	2.326000000000022	WheelMovementIntervals													1.595868631053932
447.1917763504472	5.456638615520205	trials	-1.0	-1.0	0.0	0.125		0.5	450.0936528004501	450.092795285419	452.14834731045215	448.2185736604482	448.21967355044825	448.2036785300006	
447.6796785300006	0.21399999999999864	WheelMovementIntervals													0.02162533804495581
448.2036785300006	0.48500000000001364	WheelMovementIntervals													0.2665084560033222
449.01067853000063	0.4630000000000223	WheelMovementIntervals													-0.0823437367604356
449.74767853000066	1.245999999999981	WheelMovementIntervals													0.7921247196020715
451.78067853000067	0.8689999999999714	WheelMovementIntervals													1.691685809718095
453.1271160904531	4.208329409875773	trials	-1.0	-1.0	0.0	0.0625		0.5	454.7629858204548	454.76202712752155	456.83537856045683	454.41848694045444	454.4193201904544	454.5666785300007	
453.3406785300006	0.6380000000000337	WheelMovementIntervals													0.288642788974272
454.5666785300007	1.0480000000000018	WheelMovementIntervals													1.3751200353884911
456.80067853000065	0.8879999999999768	WheelMovementIntervals													-0.13824152860217964
457.81984677045784	3.394912627126814	trials	-1.0	1.0	1.5		0.125	0.5	459.64336440045963	459.6432524782818	460.7146905904607	459.2816339104593	459.2826338104593	459.41567853000066	
458.13667853000067	0.6619999999999777	WheelMovementIntervals													0.1331031597964767
459.41567853000066	1.6649999999999636	WheelMovementIntervals													0.5440910226078444
461.5256785300007	0.8009999999999877	WheelMovementIntervals													0.49257857771806357
461.6980589104617	4.066642880044469	trials	-1.0	1.0	1.5		0.125	0.5	464.2005753004642	464.2004834508025	465.2646022204653	463.8513768904639	463.85227680046387	463.92167853000063	
462.6386785300007	0.6089999999999804	WheelMovementIntervals													0.28264306559592
463.92167853000063	1.688000000000045	WheelMovementIntervals													1.6728060002882756
466.10167853000064	1.781000000000006	WheelMovementIntervals													0.47156772447051765
466.2511035604663	4.697237950465592	trials	1.0	1.0	1.5	0.25		0.5	469.3901229604694	469.39002691607095	470.44825047047044	468.56843847046855	468.5692717204686	468.51967853000065	
468.51967853000065	2.3950000000000387	WheelMovementIntervals													0.7623019445489234
471.52167853000066	0.2769999999999868	WheelMovementIntervals													0.32663904013826084
471.5248428004715	3.927125569752832	trials	-1.0	-1.0	0.0	0.0		0.5	472.8879064804729	472.8871509767486	474.95190006047494	472.5014118004725	472.5022450504725	472.3666785300007	
472.3666785300007	1.475999999999999	WheelMovementIntervals													1.1189572742535603
474.69467853000066	0.19100000000003092	WheelMovementIntervals													0.08435623638719392
475.9268692204759	3.0078173481312547	trials	1.0	1.0	1.5	0.125		0.5	477.3918893704774	477.3917766955283	478.43458509047844	476.7479204404768	476.7488870104768	476.9026785300007	
476.04367853000065	0.11000000000001364	WheelMovementIntervals													-0.04310960462903779
476.9026785300007	1.7690000000000055	WheelMovementIntervals													-0.31185520035674585
479.41518702047944	3.469235822086773	trials	-1.0	1.0	1.5		0.125	0.5	481.33909461048137	481.33900577606954	482.3843567404824	481.03139205048103	481.03219197048105	481.17067853000066	
479.6916785300007	0.839999999999975	WheelMovementIntervals													0.048594256510128275
481.17067853000066	1.4650000000000318	WheelMovementIntervals													0.9079759677418338
483.36322551048335	4.1016104734117675	trials	1.0	1.0	1.5	0.0625		0.8	485.92303617048594	485.9229301744384	486.96479865048696	485.38132368048537	485.3821902604854	485.60767853000067	
483.49967853000066	0.5819999999999936	WheelMovementIntervals													0.0994844097208869
484.4316785300007	0.492999999999995	WheelMovementIntervals													0.20672219370943878
485.60767853000067	1.6759999999999877	WheelMovementIntervals													0.48142318623486346
487.94593386048797	3.4223397243844147	trials	1.0	1.0	1.5	0.25		0.8	489.82564587048984	489.82555403028385	490.86820827049087	489.43461831048944	489.4354848904894	489.07167853000067	
488.06767853000065	0.6350000000000477	WheelMovementIntervals													0.8098538732508587
489.07167853000067	2.386000000000024	WheelMovementIntervals													-0.7115409897068332
491.85897585049184	3.022316503268769	trials	1.0	1.0	1.5	0.25		0.8	493.32409599049333	493.3239823959271	494.3812569304944	492.964765260493	492.966165120493	492.83667853000065	
492.04767853000067	0.4480000000000359	WheelMovementIntervals													0.2376340830067818
492.83667853000065	0.875	WheelMovementIntervals													-0.41558268694626577
494.1596785300007	0.38700000000000045	WheelMovementIntervals													-0.0925467312161743
495.36849153049536	4.515930492777727	trials	1.0	1.0	1.5	0.25		0.8	498.3144302404983	498.31431011682093	499.3844232304994	498.01769325049804	498.018459840498	498.1736785300007	
495.6566785300007	1.8239999999999554	WheelMovementIntervals													0.68049523420828
498.1736785300007	1.0109999999999673	WheelMovementIntervals													-0.5517225152720329
499.4956785300007	0.07999999999998408	WheelMovementIntervals													0.004757908484421591
500.1356785300007	0.6200000000000045	WheelMovementIntervals													0.5059304460588123
500.3848231805004	2.8961258171655118	trials	1.0	1.0	1.5	0.25		0.8	501.72665565050175	501.72653421446637	502.7809168805028	501.3641919005014	501.3651251405014	501.10767853000067	
501.10767853000067	3.605000000000018	WheelMovementIntervals													0.6538215886988326
503.7725510405038	5.758562592327394	trials	1.0	1.0	1.5	0.0625		0.8	507.966698250508	507.96659444244716	509.030991810509	507.46788147050745	507.4687480505075	507.66767853000067	
505.0806785300007	0.7370000000000232	WheelMovementIntervals													0.19652263393352598
506.3146785300007	0.38999999999998636	WheelMovementIntervals													0.048685599744942465
507.66767853000067	1.6110000000000468	WheelMovementIntervals													-0.32596250642332336
510.0556785300007	0.47699999999997544	WheelMovementIntervals													0.17926293181699293
510.1155166805101	3.068512357824659	trials	1.0	1.0	1.5	0.0625		0.8	511.6170998405116	511.6170212595422	512.6839598105126	510.81737982051084	510.8184130505108	510.9436785300007	
510.9436785300007	2.299000000000035	WheelMovementIntervals													-0.5641204110643088
513.6733275305137	5.457338198646539	trials	1.0	1.0	1.5	1.0		0.8	517.5787369505176	517.5786527190133	518.6306650805186	517.3308284105174	517.3316949905173	517.4566785300007	
513.7776785300007	0.6100000000000136	WheelMovementIntervals													0.32811868240794695
514.7256785300007	0.8630000000000564	WheelMovementIntervals													0.4997673521859838
516.1356785300007	0.5059999999999718	WheelMovementIntervals													0.12379926328620172
517.4566785300007	1.30600000000004	WheelMovementIntervals													-1.1971339977528999
519.6223659005196	3.2952203061979617	trials	1.0	1.0	1.5	0.0625		0.8	521.3590922105213	521.3589755480446	522.4175196905225	521.017693020521	521.0186929205211	521.1556785300007	
519.9146785300007	0.5109999999999673	WheelMovementIntervals													0.255598394810022
521.1556785300007	1.0319999999999254	WheelMovementIntervals													-0.3330012868613892
523.4114869505235	3.772437244448497	trials	1.0	1.0	1.5	0.0		0.8	525.6231990905256	525.6231076128554	526.6838263505267	525.3308616605253	525.3316949105254	525.5016785300007	
523.4676785300007	1.092999999999961	WheelMovementIntervals													0.37376008666940663
525.5016785300007	1.217999999999961	WheelMovementIntervals													-1.0596680205159714
527.6790268205277	4.834932536227939	trials	1.0	1.0	1.5	0.125		0.8	530.965331490531	530.9652475754783	532.0139266205321	530.1472133105301	530.1479799005301	530.3036785300008	
528.0136785300007	0.06700000000000728	WheelMovementIntervals													0.019585282195990317
528.4206785300007	0.36800000000005184	WheelMovementIntervals													0.13227376773457422
529.0926785300007	0.6490000000000009	WheelMovementIntervals													0.5915417872094224
530.3036785300008	1.9789999999999281	WheelMovementIntervals													-0.37731734058223765
533.008560480533	3.7088427013540013	trials	1.0	1.0	1.5	0.125		0.8	535.1603786105352	535.1602835136797	536.2173062405362	534.7505196005347	534.7516528205348	534.6776785300007	
533.4256785300007	0.6230000000000473	WheelMovementIntervals													0.2480512242353683
534.6776785300007	1.4370000000000118	WheelMovementIntervals													-0.28621636305791753
537.1686785300008	0.7479999999999336	WheelMovementIntervals													1.1488061262083988
537.2236056005372	3.210299064748483	trials	1.0	1.0	1.5	0.25		0.8	538.8776068505389	538.8775035731546	539.9338345505399	538.4470832405384	538.4479498205385	538.4336785300007	
538.4336785300007	2.2819999999999254	WheelMovementIntervals													-0.4804388976319274
540.9354010505409	4.565056246755489	trials	1.0	1.0	1.5	0.0625		0.8	543.9423336605439	543.9422367808965	545.000394510545	543.6136332005436	543.6145997705436	543.7626785300007	
541.2506785300008	0.22199999999998	WheelMovementIntervals													0.08929444770303974
541.7566785300007	1.2720000000000482	WheelMovementIntervals													1.2197765176442914
543.7626785300007	1.79200000000003	WheelMovementIntervals													-0.33365008774156024
545.999761230546	2.8304028175949725	trials	1.0	1.0	1.5	0.125		0.8	547.2814663805473	547.2813616007513	548.3300948405483	546.9302681705469	546.9312680705469	547.1406785300007	
546.1666785300007	0.3670000000000755	WheelMovementIntervals													0.16754790370936234
547.1406785300007	0.6129999999999427	WheelMovementIntervals													-0.9002387697699135
548.1476785300007	0.3170000000000073	WheelMovementIntervals													-0.15778277455947887
548.5936785300007	0.21100000000001273	WheelMovementIntervals													0.01661024071096051
549.2146785300007	0.4550000000000409	WheelMovementIntervals													0.48516990676975524
549.3231621905493	3.093828250415413	trials	1.0	1.0	1.5	0.25		0.8	550.8613750205509	550.8612747439225	551.916902790552	550.1666778305502	550.1675777405502	550.1606785300007	
550.1606785300007	1.2450000000000045	WheelMovementIntervals													-0.3086704817118857
552.4656785300008	0.05999999999994543	WheelMovementIntervals													0.018524667045809906
553.020992370553	7.95905451882652	trials	-1.0	1.0	1.5		0.0	0.8	559.4286515405595	559.4285338464616	560.4800130605605	554.2303047605542	554.2312380005542	554.4246785300007	
553.2376785300007	0.5199999999999818	WheelMovementIntervals													0.09062528898537892
554.4246785300007	0.5380000000000109	WheelMovementIntervals													-0.1811581321625937
557.6186785300007	0.1610000000000582	WheelMovementIntervals													0.08689273885464388
558.3006785300007	0.5030000000000427	WheelMovementIntervals													0.13621043993371984
559.2826785300008	0.7779999999999063	WheelMovementIntervals													0.17167748801918492
561.4730470805615	3.340346485454461	trials	1.0	1.0	1.5	0.25		0.8	563.2621681505633	563.262070370508	564.3133630205643	562.8833060405628	562.8842059505629	563.0856785300008	
561.6516785300007	0.6850000000000591	WheelMovementIntervals													0.19745221567904991
563.0856785300008	1.8979999999999109	WheelMovementIntervals													-0.5429360124837075
565.3068969905653	3.226326389232554	trials	1.0	1.0	1.5	0.25		0.8	566.981196210567	566.9811096466815	568.0331910005681	566.5667709905666	566.5678708805666	566.3466785300008	
565.8186785300007	0.17200000000002547	WheelMovementIntervals													0.10668870262395558
566.3466785300008	1.8899999999999864	WheelMovementIntervals													-0.49202858562543383
568.5356785300007	0.07699999999999818	WheelMovementIntervals													0.01346596401090494
569.025425100569	2.740810845133069	trials	1.0	1.0	1.5	0.0625		0.8	570.2053071005702	570.2052289080268	571.2662010005713	569.8798396505699	569.8808395505699	570.0236785300008	
569.0476785300008	0.3389999999999418	WheelMovementIntervals													0.07286910971785687
570.0236785300008	1.7089999999999463	WheelMovementIntervals													-1.8483354531651344
572.2542355205723	3.3458169604565455	trials	1.0	1.0	1.5	0.125		0.8	574.044756450574	574.0446429910662	575.0999842505751	573.5633379305735	573.5645044805735	573.5226785300008	
572.5406785300007	0.5520000000000209	WheelMovementIntervals													0.4493213593721208
573.5226785300008	2.1289999999999054	WheelMovementIntervals													0.3867760863002445
576.093651540576	3.186330790036891	trials	1.0	1.0	1.5	0.0625		0.8	577.7363872505778	577.736265351347	578.7798828905787	577.2966978905773	577.2978311105772	577.2376785300007	
576.1936785300007	0.6879999999999882	WheelMovementIntervals													0.766121692037018
577.2376785300007	1.7960000000000491	WheelMovementIntervals													-0.44286795925820854
579.3566785300007	0.16499999999996362	WheelMovementIntervals													-0.008564145729963002
579.7830825605798	4.500133154359219	trials	1.0	1.0	1.5	0.0625		0.8	582.7080233705827	582.7079021591245	583.7831491805838	582.3832558505824	582.3841224305824	582.4016785300007	
580.1316785300007	1.8559999999999945	WheelMovementIntervals													0.7629889811059911
582.4016785300007	1.9150000000000773	WheelMovementIntervals													-1.5068130299518288
584.7810160505848	3.9320232647721696	trials	1.0	1.0	1.5	0.0625		0.8	587.1477460205872	587.1476282475769	588.2130394805882	586.8298111505868	586.8307777205869	586.9416785300008	
584.8806785300008	1.0080000000000382	WheelMovementIntervals													1.16675128566267
586.9416785300008	1.4279999999999973	WheelMovementIntervals													-1.330064507744538
589.2185389205893	3.6779453775050115	trials	-1.0	1.0	1.5		0.125	0.8	591.3306610205914	591.3305632554591	592.3964211005924	590.6661941405906	590.6670940505907	590.7606785300007	
589.5566785300008	0.4479999999999791	WheelMovementIntervals													0.6260727015492193
590.7606785300007	2.40300000000002	WheelMovementIntervals													1.6303536940298926
593.4026871305934	4.543517853325966	trials	-1.0	-1.0	0.0	0.0		0.8	595.3710902705953	595.3701939956546	597.4461160805974	594.899604090595	594.9007706405949	595.0496785300007	
593.6996785300008	0.5649999999999409	WheelMovementIntervals													0.14276388863464717
595.0496785300007	2.283999999999992	WheelMovementIntervals													3.9642215716845897
598.1576785300008	1.04099999999994	WheelMovementIntervals													-0.1579119898013488
598.5557051105985	3.227226743832148	trials	1.0	1.0	1.5	0.0625		0.8	600.2278378806002	600.2277174121758	601.2828323706013	599.8663740305999	599.8674072605999	600.0516785300008	
600.0516785300008	1.3629999999999427	WheelMovementIntervals													-1.6497713712686988
602.2812325206023	3.231425577642426	trials	-1.0	-1.0	0.0	0.25		0.8	602.959698000603	602.9587372542592	605.012659350605	602.7627843606027	602.7637176006027	602.8166785300008	
602.8166785300008	1.038000000000011	WheelMovementIntervals													1.7497828482772917
604.2116785300008	0.4249999999999545	WheelMovementIntervals													0.2951027112707152
604.9196785300007	1.1020000000000891	WheelMovementIntervals													-0.2583409465186719
606.019658640606	2.3467157256744713	trials	1.0	1.0	1.5	1.0		0.8	606.8145791406068	606.8144629506385	607.8662739606078	606.5166089406065	606.5177088306066	606.6836785300007	
606.6836785300007	1.5910000000000082	WheelMovementIntervals													-1.1946154017626895
608.8650740706089	5.481164459978572	trials	1.0	-1.0	0.0		0.0	0.8	611.7876817806118	611.7868068318286	613.8461425806139	611.3625243006113	611.3636908506114	611.5516785300008	
609.2476785300008	0.9589999999999463	WheelMovementIntervals													0.26271483240232385
610.4816785300007	0.24300000000005184	WheelMovementIntervals													0.030809534939905348
611.5516785300008	0.7239999999999327	WheelMovementIntervals													-0.3941568258631918
614.4006785300007	0.6520000000000437	WheelMovementIntervals													0.4192001361513604
614.8590412806149	2.757407432808577	trials	1.0	1.0	1.5	0.0625		0.8	616.0692535806161	616.0691436648308	617.1163488606171	615.7494189006158	615.7503188106158	615.7526785300008	
615.7526785300008	2.0499999999999545	WheelMovementIntervals													-1.5913809319960563
618.0586785300007	0.23200000000008458	WheelMovementIntervals													0.06621629165708498
618.1276477206181	3.701741742041463	trials	1.0	-1.0	0.0		0.0625	0.8	619.2842987106193	619.2834601294645	621.3292941906213	618.8126125506188	618.8136457806188	618.9536785300008	
618.9536785300008	2.133999999999901	WheelMovementIntervals													0.7486988352651451
621.9536785300008	0.5159999999999627	WheelMovementIntervals													0.32647244157209343
622.3414929606223	2.824202686832564	trials	1.0	1.0	1.5	0.0		0.8	623.6120992206236	623.6119928197403	624.6656938506246	623.1325138506231	623.1336137406231	623.1666785300008	
623.1666785300008	2.3780000000000427	WheelMovementIntervals													-0.42772349888956285
625.6781925906257	4.371041898985482	trials	1.0	1.0	1.5	0.125		0.8	628.5048432306285	628.5047177445738	629.5492054506295	628.1794424406282	628.1802756906282	628.3416785300008	
626.0836785300008	0.4119999999999209	WheelMovementIntervals													0.15807981618320355
626.9866785300007	0.5900000000000318	WheelMovementIntervals													-0.14461840305709472
628.3416785300008	1.6070000000000846	WheelMovementIntervals													-1.0274009769045591
630.5752361706305	2.791031982267441	trials	1.0	1.0	1.5	1.0		0.8	631.7988471306318	631.7987488756703	632.8661403906328	631.1291141106311	631.1299140306311	631.0406785300008	
631.0406785300008	2.0950000000000273	WheelMovementIntervals													0.565793780347633
633.6116785300009	0.17699999999990723	WheelMovementIntervals													0.08082186982183259
633.896670660634	4.452633817202127	trials	1.0	1.0	1.5	0.0		0.8	636.7748828106368	636.7747905804403	637.8492087006379	636.3956874006363	636.3965539806364	636.5796785300008	
634.0986785300008	0.1150000000000091	WheelMovementIntervals													0.035186294271710494
634.5236785300008	0.27100000000007185	WheelMovementIntervals													0.07579527254041807
635.0646785300008	0.5459999999999354	WheelMovementIntervals													-0.16613366591762713
636.1756785300008	0.07600000000002183	WheelMovementIntervals													-0.003958432897491093
636.5796785300008	1.0230000000000246	WheelMovementIntervals													-0.5458326700692169
637.8086785300009	0.34999999999990905	WheelMovementIntervals													0.027180727363045776
638.8843051806389	2.8648138051479464	trials	1.0	1.0	1.5	0.0		0.8	640.1732096106401	640.1731104914684	641.2490353506413	639.8789390406399	639.8798722806399	640.0246785300008	
639.1446785300008	0.20300000000008822	WheelMovementIntervals													0.11155985774978205
640.0246785300008	1.024000000000001	WheelMovementIntervals													-0.6977273796893684
641.2136785300008	0.18799999999998818	WheelMovementIntervals													0.011327174052652822
642.4055196906424	3.2568194770328773	trials	1.0	1.0	1.5	0.0625		0.8	644.1009501306442	644.1008287881601	645.1622439906452	643.7455523406437	643.7465189106438	643.5186785300008	
642.4766785300009	0.45899999999994634	WheelMovementIntervals													0.5551262592532566
643.5186785300008	1.7749999999999773	WheelMovementIntervals													-0.6518500181192479
646.1066785300009	0.17199999999991178	WheelMovementIntervals													0.1276895808976093
646.2014400606462	2.697140382520388	trials	1.0	1.0	1.5	1.0		0.8	647.3328602406474	647.3327557407464	648.3985203306484	646.998627000647	646.999526910647	646.9546785300008	
646.9546785300008	1.6409999999999627	WheelMovementIntervals													-0.4339246387622353
649.3836785300008	0.5149999999999864	WheelMovementIntervals													0.5475832344294957
649.4214846906494	3.1273044482252317	trials	1.0	1.0	1.5	0.25		0.8	650.992194270651	650.9920854179799	652.0487219406521	650.5123422606505	650.5131755106505	650.5776785300009	
650.5776785300009	1.5789999999999509	WheelMovementIntervals													-0.5843857087125883
653.0356785300008	0.39199999999993906	WheelMovementIntervals													0.015638804185343247
653.0708863806531	3.9944446383199192	trials	1.0	1.0	1.5	0.0625		0.8	655.5066094506556	655.5065123795115	656.5652369106566	655.1954072406552	655.1964738006552	655.2906785300008	
653.7006785300008	0.46100000000001273	WheelMovementIntervals													-0.08756664818380955
654.4836785300008	0.3550000000000182	WheelMovementIntervals													0.1830040048346433
655.2906785300008	1.0149999999999864	WheelMovementIntervals													-1.4359085356291672
657.5882346006576	3.0103133843930436	trials	1.0	1.0	1.5	1.0		0.8	659.0422558506591	659.0421400990325	660.0984502206601	658.5618705606586	658.5628038006586	658.5946785300008	
657.6266785300008	0.36599999999998545	WheelMovementIntervals													0.24642620341650456
658.5946785300008	1.9049999999999727	WheelMovementIntervals													-0.8540795400130179
660.6866785300008	0.3590000000000373	WheelMovementIntervals													0.07993269393928415
661.1209479606612	3.4776311213648796	trials	1.0	1.0	1.5	0.0		0.8	663.050155020663	663.0500641149033	664.0985168406642	662.7621504906627	662.7631170606628	662.8186785300009	
661.4326785300009	0.9519999999999982	WheelMovementIntervals													0.5601510000662131
662.8186785300009	1.0430000000000064	WheelMovementIntervals													-0.38536511005639795
665.0356785300008	0.18299999999999272	WheelMovementIntervals													0.11792639474946043
665.1190814406651	2.7930323642286794	trials	1.0	1.0	1.5	0.125		0.8	666.3692897406664	666.3691950311753	667.4119854606674	665.912035470666	665.9131020306659	665.9446785300008	
665.9446785300008	1.79200000000003	WheelMovementIntervals													-0.3568008116369725
668.0276785300008	0.2760000000000673	WheelMovementIntervals													0.02214491018321496
668.4259173906685	3.535625904628091	trials	-1.0	-1.0	0.0	0.0625		0.8	669.4114188306694	669.4105240476669	671.4615138006715	668.998426800669	668.999426700669	668.9246785300008	
668.9246785300008	2.0130000000000337	WheelMovementIntervals													-1.5783026477853213
671.7456785300009	0.3569999999999709	WheelMovementIntervals													0.0873387636931966
672.4844448306725	2.6109195743462124	trials	1.0	1.0	1.5	0.25		0.8	673.5417390906736	673.5416519468333	674.5952337306746	672.981361800673	672.9823950306729	673.2026785300009	
673.2026785300009	1.4109999999999445	WheelMovementIntervals													-0.3779068785534605
675.5436785300009	0.21299999999996544	WheelMovementIntervals													0.14286363552881198
675.6072658506756	2.604821229442564	trials	1.0	1.0	1.5	0.25		0.8	676.6712594406766	676.671173296269	677.7120553506777	676.3815217506764	676.3823883306763	676.4556785300008	
676.4556785300008	0.6400000000001	WheelMovementIntervals													-0.2953862000647689
677.2916785300008	0.73700000000008	WheelMovementIntervals													-0.35196281102015803
678.7222876506787	5.406227561180685	trials	1.0	1.0	1.5	1.0		0.8	682.5696028806826	682.5695058407083	683.6283969906837	682.1980400406823	682.1990399406822	682.2606785300009	
678.9196785300009	1.336999999999989	WheelMovementIntervals													0.440496332143141
680.9746785300008	0.5289999999999964	WheelMovementIntervals													-0.24029974230093387
682.2606785300009	1.1879999999999882	WheelMovementIntervals													-0.3447902737378996
684.7691162406848	4.226024666337366	trials	1.0	1.0	1.5	1.0		0.8	687.4289502306874	687.4288305060963	688.4950436106885	686.9982599706871	686.999326530687	687.1416785300008	
684.8186785300009	0.3949999999999818	WheelMovementIntervals													0.07972779426543752
685.5196785300009	0.7519999999999527	WheelMovementIntervals													-0.053045934998920075
687.1416785300008	1.5500000000000682	WheelMovementIntervals													-0.4750292275772665
689.5141416906895	4.280949003331784	trials	1.0	1.0	1.5	0.25		0.8	692.2308699906922	692.2307715183406	693.2949969006933	691.981794900692	691.982661480692	692.1166785300009	
689.6756785300008	1.63900000000001	WheelMovementIntervals													0.5823936000330292
692.1166785300009	1.4539999999999509	WheelMovementIntervals													-1.656748109522269
694.3193944506943	3.1587299389323107	trials	1.0	1.0	1.5	0.0625		0.8	695.9230007406959	695.9229081261104	696.978061890697	695.5816348806956	695.5826347806956	695.8246785300008	
694.6026785300008	0.3870000000000573	WheelMovementIntervals													0.1906949480306963
695.8246785300008	1.2649999999999864	WheelMovementIntervals													-0.6811269027606102
698.0047258806981	2.843300455225176	trials	1.0	1.0	1.5	0.25		0.8	699.2878308906993	699.2877247324046	700.3479582007003	698.9148348606989	698.9159680806989	699.0876785300009	
698.1146785300009	0.15699999999992542	WheelMovementIntervals													0.12219983210474084
699.0876785300009	0.5209999999999582	WheelMovementIntervals													-0.32568808603420507
699.9516785300009	0.5559999999999263	WheelMovementIntervals													0.04282636564398956
701.3678228707014	3.1801285645265125	trials	1.0	1.0	1.5	0.125		0.8	702.994660170703	702.9945359475782	704.0478548407041	702.7113551707027	702.7122550807027	702.8706785300009	
701.4586785300008	0.6140000000000327	WheelMovementIntervals													0.1264966590508152
702.8706785300009	1.4700000000000273	WheelMovementIntervals													-0.4015695864742099
705.0698526307051	5.0583397935834	trials	1.0	-1.0	0.0		0.0	0.8	707.5705692007076	707.5697708147244	709.6281300907096	707.2612334707072	707.2622333707072	707.2536785300009	
705.1766785300009	0.4319999999999027	WheelMovementIntervals													0.018312302925579615
706.1366785300008	0.4370000000000118	WheelMovementIntervals													-0.03771979314934981
707.2536785300009	1.0049999999999955	WheelMovementIntervals													-1.5273575650340376
709.9156785300008	0.38600000000008095	WheelMovementIntervals													0.09840615573185119
710.6624933107107	3.051837265157019	trials	1.0	1.0	1.5	1.0		0.8	712.1498112307122	712.1497104960791	713.2142714407132	711.8480080807119	711.8489413207119	712.0276785300009	
710.9966785300008	0.053999999999973625	WheelMovementIntervals													-0.002681438299944716
712.0276785300009	1.52800000000002	WheelMovementIntervals													-0.3890737400949291
714.2478347407142	4.8467286388630555	trials	-1.0	-1.0	0.0	0.0		0.8	716.5305397807166	716.5296472821409	718.5945000307186	716.044355070716	716.045221650716	716.0046785300009	
714.3786785300009	1.0149999999999864	WheelMovementIntervals													0.7236767572003657
716.0046785300009	0.86099999999999	WheelMovementIntervals													1.2245213124667202
717.9356785300009	0.3909999999999627	WheelMovementIntervals													-0.17105159892058452
719.6166785300009	0.13900000000001	WheelMovementIntervals													0.03021962615538598
719.6187642607197	2.7458080677317867	trials	1.0	1.0	1.5	0.0625		0.8	720.8027791807208	720.802666445759	721.8645729907219	720.4310163607205	720.4318496107204	720.6426785300009	
720.6426785300009	1.538000000000011	WheelMovementIntervals													-0.7737778760926233
722.8913703007229	4.086137312212827	trials	1.0	-1.0	0.0		0.125	0.8	724.4238503707244	724.4229831620202	726.4774449907264	724.044288330724	724.0451882407241	724.0916785300009	
723.1356785300009	0.32000000000005	WheelMovementIntervals													0.19073181400536043
724.0916785300009	0.8160000000000309	WheelMovementIntervals													-1.2452110484150865
727.5036090307275	3.193726013510286	trials	-1.0	1.0	1.5		1.0	0.8	729.1338126607292	729.1337212874826	730.1972729707302	728.6975896207286	728.6985228607288	728.9286785300009	
727.8486785300009	0.14799999999991087	WheelMovementIntervals													0.07039786095027978
728.9286785300009	1.1320000000000618	WheelMovementIntervals													1.9702985891014038
730.3426785300009	0.08600000000001273	WheelMovementIntervals													0.012006491230906136
731.2235370007312	4.540842644225108	trials	1.0	1.0	1.5	0.0625		0.8	734.2053721207342	734.2052636896038	735.2642995507352	733.8773715907339	733.8784714807339	734.0306785300008	
731.641678530001	0.8619999999999663	WheelMovementIntervals													0.38313793789033923
732.9606785300009	0.43100000000004	WheelMovementIntervals													0.04006384357805359
734.0306785300008	1.48700000000008	WheelMovementIntervals													-1.2420142004183674
736.4241835507364	3.2037250455010735	trials	-1.0	-1.0	0.0	0.0625		0.8	737.0747851507371	737.0739882250059	739.1278464907391	736.8942032107369	736.8951031207368	736.9036785300009	
736.9036785300009	1.115000000000009	WheelMovementIntervals													1.6337021250647155
738.7686785300009	0.051000000000044565	WheelMovementIntervals													-0.006495629263270075
740.1554103907401	3.725610320751457	trials	1.0	-1.0	0.0		0.125	0.8	741.3160943107413	741.315212669729	743.3809211407433	740.8641728407408	740.8651060807408	741.0496785300008	
741.0496785300008	1.5350000000000819	WheelMovementIntervals													-0.9717912070385779
743.5216785300009	0.36199999999996635	WheelMovementIntervals													0.026728276791288863
744.4048187407444	3.209725343374771	trials	1.0	1.0	1.5	0.25		0.8	746.047954410746	746.047830177991	747.1144477507471	745.6442947807457	745.6457279707456	745.8026785300009	
744.4216785300009	0.6119999999999663	WheelMovementIntervals													-0.19946724142016592
745.8026785300009	1.45799999999997	WheelMovementIntervals													-0.45376519836378293
748.1441447707482	3.46673216170052	trials	1.0	1.0	1.5	0.25		0.8	750.0556869307501	750.0555608493319	751.1107814107511	749.4606797707495	749.4617130007495	749.4866785300009	
748.5216785300009	0.21699999999998454	WheelMovementIntervals													0.15226720001302851
749.4866785300009	1.018000000000029	WheelMovementIntervals													-0.4162598593549518
752.1408783907522	2.8697253582569147	trials	1.0	1.0	1.5	0.25		0.2	753.4601131207535	753.4599886680446	754.5105414007545	753.2310027007533	753.2320359307532	753.1626785300009	
752.4216785300009	0.2759999999999536	WheelMovementIntervals													0.2922875758510628
753.1626785300009	1.1560000000000628	WheelMovementIntervals													-0.41189109082580444
754.6736785300009	0.4089999999999918	WheelMovementIntervals													-0.09257228592962008
755.5422048907556	4.8848540093036945	trials	-1.0	1.0	1.5		1.0	0.2	758.8830374407589	758.8829404597471	759.9269663707599	758.3969527207583	758.3980192807584	758.6016785300009	
756.102678530001	0.6169999999999618	WheelMovementIntervals													0.08356095240654327
757.1576785300009	0.5449999999999591	WheelMovementIntervals													0.08889748648670093
758.6016785300009	1.7019999999999982	WheelMovementIntervals													1.1778586905659694
760.964362620761	3.0460088121208173	trials	-1.0	1.0	1.5		0.0625	0.2	762.4657458007624	762.465665978289	763.5103080007635	762.047254320762	762.048320880762	762.323678530001	
761.3556785300009	0.1550000000000864	WheelMovementIntervals													0.0703077868185602
762.323678530001	1.8239999999999554	WheelMovementIntervals													1.0720765620422128
764.5504706407645	4.913451223226957	trials	-1.0	-1.0	0.0	0.0625		0.2	766.9099680007669	766.908994268585	768.9637959307689	766.4471142907664	766.4479808707664	766.6686785300009	
764.7216785300009	1.2789999999999964	WheelMovementIntervals													0.10148583435780267
766.6686785300009	0.6650000000000773	WheelMovementIntervals													1.134380119333258
769.6776785300009	0.4390000000000782	WheelMovementIntervals													0.09298259341341009
770.00362527077	3.010315084599938	trials	-1.0	1.0	1.5		0.125	0.2	771.4424147107715	771.4423310463063	772.5138408907725	770.6769912607707	770.6779578307707	770.8536785300009	
770.8536785300009	1.9289999999999736	WheelMovementIntervals													-0.5838306871102219
773.5284394207736	2.6155193771239738	trials	-1.0	1.0	1.5		1.0	0.2	774.5803342207746	774.5802460066803	775.6438945207757	774.2769645607743	774.2779311307743	774.438678530001	
774.438678530001	1.1169999999999618	WheelMovementIntervals													1.3256844301823065
776.6650590607767	2.495228860881184	trials	-1.0	1.0	1.5		0.0625	0.2	777.5953660207776	777.5952687015922	778.6601928607787	777.1802408707772	777.1812741007772	777.0816785300009	
777.0816785300009	1.7200000000000273	WheelMovementIntervals													0.6008134109382866
779.1436785300009	0.31900000000007367	WheelMovementIntervals													-0.024598431893423367
779.6850903607797	2.3252151876783955	trials	-1.0	1.0	1.5		1.0	0.2	780.4580797207805	780.4579944119772	781.5102744907815	780.1631758807802	780.1642424407802	780.328678530001	
780.328678530001	1.8039999999999736	WheelMovementIntervals													1.4372556597144097
782.5354053007826	4.60813553758544	trials	-1.0	1.0	1.5		1.0	0.2	785.5997321707856	785.5996276019099	786.6434277907866	785.2467008107852	785.2475340607853	785.4076785300009	
782.823678530001	1.3690000000000282	WheelMovementIntervals													0.8431325043651583
784.538678530001	0.4819999999999709	WheelMovementIntervals													0.10632118683518854
785.4076785300009	1.413000000000011	WheelMovementIntervals													1.6521694391683042
787.2006785300009	0.3140000000000782	WheelMovementIntervals													-0.04841775877264354
787.8016785300009	1.0880000000000791	WheelMovementIntervals													-0.9135915936709864
787.8171437407879	3.3798117026145746	trials	-1.0	1.0	1.5		0.0625	0.2	789.6451609207896	789.6450484474259	790.6968557407907	789.4299491107895	789.4308490207894	789.338678530001	
789.338678530001	1.16599999999994	WheelMovementIntervals													1.0986463003515894
790.8396785300009	0.3039999999999736	WheelMovementIntervals													0.09400489264990597
791.7163537807917	2.463931283215743	trials	-1.0	1.0	1.5		0.25	0.2	792.6201633907926	792.6200641543908	793.6802240407936	792.2433344107923	792.2441676607923	792.212678530001	
792.212678530001	1.8310000000000173	WheelMovementIntervals													0.6086539979789052
794.683678530001	0.6849999999999454	WheelMovementIntervals													0.33569341179909884
794.7061881007947	2.9732163812808494	trials	-1.0	1.0	1.5		0.25	0.2	796.1239796407962	796.1238944813351	797.1793407607972	795.8099443807959	795.8108442907958	795.9646785300009	
795.9646785300009	1.40300000000002	WheelMovementIntervals													0.9713363522422327
798.0456785300009	0.6630000000000109	WheelMovementIntervals													0.527693331587102
798.2146038907982	3.045539600628672	trials	-1.0	1.0	1.5		0.0625	0.2	799.7015218507997	799.7014217590502	800.7600159908008	799.4097177007994	799.4108175907994	799.499678530001	
799.499678530001	1.3889999999998963	WheelMovementIntervals													0.4038172983516972
801.7851468008018	3.2748183147027703	trials	-1.0	-1.0	0.0	0.25		0.2	802.5048081608026	802.5040503822823	804.5598693008046	802.3127940308024	802.3137939308024	802.2296785300009	
802.2296785300009	0.6460000000000719	WheelMovementIntervals													0.40625211251287396
804.264678530001	0.33799999999996544	WheelMovementIntervals													-0.044475092580768205
805.409678530001	0.19200000000000728	WheelMovementIntervals													-0.05186423990551248
805.5949657808056	2.6817125013985788	trials	1.0	1.0	1.5	0.25		0.2	806.7225863408067	806.7224701960341	807.7766142608078	806.080083930806	806.0811171608061	806.2716785300009	
806.2716785300009	1.5439999999999827	WheelMovementIntervals													-0.5551371730211088
808.8023783408088	4.1603297086907105	trials	1.0	-1.0	0.0		0.0625	0.2	810.4017850508104	810.4008886030041	812.4626789408125	810.0797172608101	810.0807838208101	810.202678530001	
809.0946785300009	0.2480000000000473	WheelMovementIntervals													0.1594979441422737
810.202678530001	0.7509999999999764	WheelMovementIntervals													-0.7079477538774483
812.811678530001	0.2779999999999063	WheelMovementIntervals													-0.02284347637922224
813.5003085008135	2.5796228905556973	trials	-1.0	1.0	1.5		1.0	0.2	814.5192399308145	814.519116356479	815.5799005208156	814.2099042008142	814.2107374508142	814.331678530001	
814.331678530001	0.9289999999999736	WheelMovementIntervals													1.261934438632565
815.763678530001	0.1269999999999527	WheelMovementIntervals													0.042231901006502426
816.5947323608166	5.284848352426479	trials	1.0	-1.0	0.0		0.25	0.2	819.3080610008193	819.3071556377337	821.3794871708213	818.4762775208185	818.4774107408185	818.5706785300009	
816.893678530001	0.69399999999996	WheelMovementIntervals													0.15726096978116288
818.5706785300009	1.302000000000021	WheelMovementIntervals													-0.9360747611978582
822.4269824108225	3.499329675018089	trials	1.0	-1.0	0.0		0.0	0.2	823.3587225608234	823.3577895062659	825.4262824508254	822.9428974808229	822.9440640308229	823.168678530001	
823.168678530001	0.9070000000000391	WheelMovementIntervals													-1.0917853230197352
825.745678530001	0.22100000000000364	WheelMovementIntervals													0.03948672234933781
826.4530131008264	2.656814293216371	trials	-1.0	1.0	1.5		0.0625	0.2	827.5413042608276	827.5412181360072	828.6097307408286	827.1958054808272	827.1967053908272	827.431678530001	
827.431678530001	1.4249999999999545	WheelMovementIntervals													1.3227472059763983
829.6386278408296	3.5243254611299335	trials	-1.0	1.0	1.5		0.125	0.2	831.6044312408316	831.6043403686523	832.6628587208327	831.1629087308312	831.1640086208312	831.2286785300009	
829.7576785300009	0.8380000000000791	WheelMovementIntervals													0.5164931862691589
831.2286785300009	0.8730000000000473	WheelMovementIntervals													0.7750101297421992
832.337678530001	0.75	WheelMovementIntervals													-0.7187936676016307
833.7119538008337	4.101033994418117	trials	-1.0	1.0	1.5		0.0625	0.2	836.2398676508362	836.2397729053528	837.3128936708373	835.8091107308359	835.8100106408358	835.9736785300009	
833.923678530001	1.0019999999999527	WheelMovementIntervals													0.8449971579878479
835.9736785300009	1.5610000000000355	WheelMovementIntervals													1.0037220992267777
838.3601889308384	3.9326338530976273	trials	-1.0	1.0	1.5		1.0	0.2	840.7267189208408	840.7266074963458	841.7927456408418	840.4426140008404	840.4436472308405	840.407678530001	
838.847678530001	0.86099999999999	WheelMovementIntervals													0.5512169761771162
840.407678530001	1.5949999999999136	WheelMovementIntervals													1.43294705813247
842.996025300843	2.86312449237505	trials	-1.0	1.0	1.5		0.0625	0.2	844.3214260808443	844.3213352494354	845.3591223008453	843.8957353208439	843.8966352308439	844.0506785300009	
843.096678530001	0.2300000000000182	WheelMovementIntervals													0.10687020474408371
844.0506785300009	1.6380000000000337	WheelMovementIntervals													-0.8559447665640789
846.321678530001	0.9199999999999591	WheelMovementIntervals													0.1980775696895023
846.4063509008464	4.5365242287483625	trials	-1.0	-1.0	0.0	0.0625		0.2	848.3939521208484	848.3929606351376	850.4427805508504	847.979260260848	847.9802601608479	848.153678530001	
848.153678530001	0.9769999999999754	WheelMovementIntervals													0.8691611145277136
850.995678530001	0.08100000000001728	WheelMovementIntervals													0.020480470694380415
851.4900758108515	2.668939454781139	trials	-1.0	1.0	1.5		0.0625	0.2	852.6134967908527	852.6133915749956	853.6589589008537	852.1125468908522	852.1135801208521	852.370678530001	
852.370678530001	1.3079999999999927	WheelMovementIntervals													0.888799601488472
854.7052209308547	2.2075962033036376	trials	-1.0	1.0	1.5		0.25	0.2	855.3570224108554	855.356918924422	856.4127501608564	855.1956718808552	855.1965717908552	855.217678530001	
855.217678530001	1.5720000000000027	WheelMovementIntervals													1.6078634171049657
857.245678530001	0.4759999999999991	WheelMovementIntervals													0.06291748338895786
857.4563124608575	2.8358277776392242	trials	-1.0	1.0	1.5		0.25	0.2	858.7428504608588	858.7427237006914	859.7921121908598	858.3090605108583	858.3102603908583	858.465678530001	
858.465678530001	1.3949999999999818	WheelMovementIntervals													1.5039305034915174
860.8280419208609	18.567752231619806	trials	-1.0	1.0	1.5		0.125	0.2	877.8355743308779	877.8354786120067	878.895734970879	862.945663470863	862.946530050863	863.089678530001	
861.031678530001	0.6119999999999663	WheelMovementIntervals													0.8961308425761985
863.089678530001	1.024000000000001	WheelMovementIntervals													0.2552022884958802
867.825678530001	0.1369999999999436	WheelMovementIntervals													0.01500773884711748
869.068678530001	0.21600000000000819	WheelMovementIntervals													-0.09141776964656856
871.755678530001	0.44299999999998363	WheelMovementIntervals													-0.0361062731712849
877.473678530001	1.600999999999999	WheelMovementIntervals													0.7642074001102088
879.9554956508799	2.240020207908401	trials	-1.0	1.0	1.5		0.25	0.2	880.6293949208806	880.6293008270733	881.6953883108818	880.4421469808805	880.4431135508804	880.4726785300011	
880.4726785300011	1.9069999999999254	WheelMovementIntervals													1.270266101621246
882.7412170508827	3.620516468455662	trials	-1.0	1.0	1.5		1.0	0.2	884.8032108308848	884.8031252907646	885.8616716408859	884.4253152908844	884.4261152108844	884.610678530001	
883.0156785300011	0.9259999999999309	WheelMovementIntervals													1.3387017815271918
884.610678530001	0.9569999999999936	WheelMovementIntervals													1.4385232206287526
885.848678530001	0.1129999999999427	WheelMovementIntervals													0.01788320819787259
886.9076337008869	3.3511121673114985	trials	-1.0	1.0	1.5		0.0625	0.2	888.7068537608887	888.7067386225231	889.7586819008898	888.4253819108884	888.4264151408885	888.423678530001	
887.043678530001	0.6440000000000055	WheelMovementIntervals													0.5550238562559713
888.423678530001	1.615000000000009	WheelMovementIntervals													0.35331854897376047
890.700678530001	0.9049999999999727	WheelMovementIntervals													0.6427364606561952
890.8007443508908	5.241051422168198	trials	-1.0	1.0	1.5		0.0	0.2	894.4844759408945	894.4843783840516	895.5417368708955	894.0787165208941	894.0797164208941	894.238678530001	
891.9346785300011	0.5480000000000018	WheelMovementIntervals													-0.16770950331132894
892.984678530001	0.45799999999997	WheelMovementIntervals													-0.097660900893203
894.238678530001	0.9569999999999936	WheelMovementIntervals													0.7123811196351539
895.565678530001	0.9990000000000236	WheelMovementIntervals													-0.15206083751091626
896.5978979108966	3.380338072905147	trials	-1.0	-1.0	0.0	0.0		0.2	897.4203823208974	897.419506678604	899.4781431908995	897.1120464908971	897.1130463908971	897.211678530001	
897.211678530001	0.7660000000000764	WheelMovementIntervals													1.183409225481597
899.624678530001	0.28899999999998727	WheelMovementIntervals													0.04021839346671641
900.5130396909005	17.49512710657916	trials	-1.0	1.0	1.5		0.0	0.2	916.4563452009164	916.4562527885435	917.5081400109175	901.6084301409016	901.6093633809016	901.7806785300011	
900.8566785300011	0.35399999999992815	WheelMovementIntervals													-0.09248173599964105
901.7806785300011	1.3149999999999409	WheelMovementIntervals													0.23162459188462492
905.569678530001	0.25	WheelMovementIntervals													0.04369142306306628
911.8126785300011	0.08399999999994634	WheelMovementIntervals													-0.02225681919736644
916.0826785300011	1.780999999999949	WheelMovementIntervals													0.8653841787607348
918.5640677409185	3.210523286943726	trials	-1.0	1.0	1.5		0.25	0.2	920.2214686509202	920.2213787294966	921.2745633309213	919.7782463109198	919.7793128709197	919.920678530001	
918.781678530001	0.6259999999999764	WheelMovementIntervals													-0.5178702786177922
919.920678530001	1.788000000000011	WheelMovementIntervals													1.002422146320285
922.3149926109223	5.613134865637335	trials	-1.0	1.0	1.5		0.0625	0.2	926.3667207309264	926.3666156118927	927.4280479209274	925.994957910926	925.995957810926	926.161678530001	
922.546678530001	1.1760000000000446	WheelMovementIntervals													0.3250375197132911
924.4966785300011	0.3269999999999982	WheelMovementIntervals													0.07462529329151835
925.1596785300011	0.2279999999999518	WheelMovementIntervals													-0.04885951816663692
926.161678530001	1.7839999999999918	WheelMovementIntervals													0.5604595169505018
928.6229284209286	3.1548285638158404	trials	-1.0	1.0	1.5		0.0625	0.2	930.2205353109302	930.2204413656975	931.2777295809312	929.8580715609298	929.8589381409299	930.0396785300011	
928.955678530001	0.3420000000000982	WheelMovementIntervals													0.37081864602953374
930.0396785300011	1.7699999999999818	WheelMovementIntervals													1.2323120593440535
932.3227584009323	4.221921621767933	trials	-1.0	1.0	1.5		1.0	0.2	934.993957920935	934.9938701824925	936.044552850936	934.7247515109348	934.7255847609347	934.8626785300011	
932.6926785300011	1.4089999999999918	WheelMovementIntervals													0.3681751816101695
934.8626785300011	1.4470000000000027	WheelMovementIntervals													1.2130537841084106
937.1110795209371	3.2002228279050087	trials	-1.0	1.0	1.5		0.125	0.2	938.7547818009388	938.7546902179946	939.8112094809399	938.2414664709382	938.2425663609382	938.4346785300011	
937.262678530001	0.44000000000005457	WheelMovementIntervals													-0.025398178517619385
938.4346785300011	2.7910000000000537	WheelMovementIntervals													0.41712122024551945
940.8663039609409	2.774931526829164	trials	-1.0	1.0	1.5		1.0	0.2	942.088615050942	942.0885169659733	943.1411431209432	941.8245747909418	941.8255413609419	941.9416785300011	
941.9416785300011	2.752999999999929	WheelMovementIntervals													1.4158411847091514
944.1800392209442	3.111203209692576	trials	-1.0	1.0	1.5		0.25	0.2	945.7441494609458	945.7440398290561	946.7911780809468	945.3445227609453	945.3455226609453	945.5196785300011	
945.5196785300011	1.2759999999999536	WheelMovementIntervals													0.9505753649356734
947.8321406409478	2.425531874340436	trials	-1.0	1.0	1.5		1.0	0.2	948.7017536709487	948.7016513503759	949.7576147409497	948.4280143809484	948.4288476309484	948.550678530001	
948.550678530001	1.2440000000000282	WheelMovementIntervals													1.2875765681853153
950.7996771909508	2.9414182931717505	trials	-1.0	1.0	1.5		0.0	0.2	952.1888049309522	952.1886844127479	953.2410330309533	951.8108094009518	951.8118426309518	951.9706785300011	
950.8606785300011	0.5209999999999582	WheelMovementIntervals													0.09487603832742764
951.9706785300011	1.86099999999999	WheelMovementIntervals													0.6197717462432166
954.2847953109543	4.992743058135488	trials	-1.0	1.0	1.5		0.0625	0.2	957.7001204109578	957.7000227122527	958.7774460009588	957.1946709609572	957.1954708809573	957.3366785300011	
954.4996785300011	0.77699999999993	WheelMovementIntervals													0.22087775983840174
955.5186785300011	0.19299999999998363	WheelMovementIntervals													-0.0199452114638774
956.0336785300011	0.44899999999995543	WheelMovementIntervals													-0.26743688489615636
957.3366785300011	1.6159999999999854	WheelMovementIntervals													0.6123776296938956
959.8386398709598	3.002613037737774	trials	-1.0	1.0	1.5		0.25	0.2	961.2809622909613	961.2808446922517	962.3411895909624	960.8411396109608	960.8421395109608	960.9956785300011	
960.0446785300011	0.1349999999999909	WheelMovementIntervals													0.09395896514864432
960.9956785300011	1.7649999999999864	WheelMovementIntervals													1.0155239019429132
963.3863517309634	4.154557164504922	trials	-1.0	1.0	1.5		0.125	0.2	965.986791660966	965.9866862583897	967.040852910967	964.6938876309647	964.6947875409647	964.8656785300011	
963.5236785300011	0.35399999999992815	WheelMovementIntervals													0.040896476416421024
964.8656785300011	1.7830000000000155	WheelMovementIntervals													1.03651669202344
966.9646785300012	0.2579999999999245	WheelMovementIntervals													-0.047646640814136276
968.0941142409681	3.9833140725334033	trials	1.0	-1.0	0.0		0.0	0.2	969.5227713609695	969.5219182098762	971.5773992109716	969.0608175609691	969.0617508009691	969.2446785300011	
968.3346785300012	0.2980000000000018	WheelMovementIntervals													0.08388456536091837
969.2446785300011	1.274000000000001	WheelMovementIntervals													-1.8331968149099396
972.0626785300011	0.3690000000000282	WheelMovementIntervals													0.17255581290631028
972.6341268609726	3.509927359771609	trials	1.0	-1.0	0.0		0.0625	0.2	973.5807321909735	973.5797334237182	975.6439925109756	973.2242345109732	973.2254010609732	973.4506785300011	
973.4506785300011	0.7839999999999918	WheelMovementIntervals													-0.7499431161512575
976.6858549809767	6.857958190035902	trials	-1.0	1.0	1.5		0.0625	0.2	981.980192160982	981.9800975868707	983.043719130983	977.1905045109772	977.1914044209772	977.3816785300011	
977.3816785300011	0.8680000000000518	WheelMovementIntervals													0.13537849770271748
978.7216785300011	0.2860000000000582	WheelMovementIntervals													-0.251440834850996
979.2536785300011	0.27899999999999636	WheelMovementIntervals													0.08675007622802866
981.5166785300011	1.8550000000000182	WheelMovementIntervals													0.5846672010330991
984.0893145609841	5.151329563724971	trials	1.0	-1.0	0.0		0.0625	0.2	986.6950539609867	986.6939279921254	988.7405493909888	985.7738127609858	985.7746793409858	985.6526785300011	
984.4846785300011	0.5090000000000146	WheelMovementIntervals													-0.04838502877240103
985.6526785300011	1.9180000000000064	WheelMovementIntervals													-0.31866118691119993
987.9686785300012	0.16999999999995907	WheelMovementIntervals													-0.02046240258577825
989.7945439809898	3.8459386609442845	trials	-1.0	1.0	1.5		0.0625	0.2	992.0927808009922	992.0926658875584	993.1404093609932	990.2603640609902	990.2613306309903	990.5196785300011	
990.5196785300011	3.8500000000000227	WheelMovementIntervals													1.4127101607405166
994.3589874909944	3.3980336507927404	trials	-1.0	1.0	1.5		0.25	0.2	996.2075026209963	996.2074047079723	997.2569310009973	995.6603240109956	995.6613239109956	995.7956785300012	
994.7016785300011	0.2699999999999818	WheelMovementIntervals													0.3997164435830882
995.7956785300012	1.467999999999961	WheelMovementIntervals													0.4377120711071427
997.4706785300011	0.6440000000000055	WheelMovementIntervals													-0.28756858301298394
998.3227244109984	3.721108631830134	trials	-1.0	-1.0	0.0	0.125		0.2	999.4883078409995	999.4874261737533	1001.5438022710016	999.0770156409991	999.077982210999	999.2076785300011	
999.2076785300011	0.5430000000000064	WheelMovementIntervals													0.7668511242962666
1001.3256785300011	0.2379999999999427	WheelMovementIntervals													-0.061144886905012186
1002.5910308710025	3.0827327301120704	trials	1.0	1.0	1.5	1.0		0.2	1004.1156450610041	1004.1155455735399	1005.1737059110052	1003.5570675910036	1003.5579675010035	1003.7196785300011	
1002.8856785300011	0.24100000000009913	WheelMovementIntervals													-0.0562505601058092
1003.7196785300011	1.7369999999999663	WheelMovementIntervals													-1.4053639596216811
1006.2388660510062	3.4511312457792656	trials	-1.0	-1.0	0.0	0.25		0.2	1007.1259440010072	1007.1248733025313	1009.1899709110093	1006.910298901007	1006.9112654710069	1006.8426785300011	
1006.8426785300011	0.8700000000000045	WheelMovementIntervals													0.3368843660478973
1010.2439988310102	3.2664166629637066	trials	-1.0	1.0	1.5		1.0	0.2	1011.933196561012	1011.9331064134242	1013.0103888310131	1011.5769655210116	1011.5779320910116	1011.7646785300011	
1010.5746785300012	0.4819999999999709	WheelMovementIntervals													-0.12225327811707132
1011.7646785300011	1.36099999999999	WheelMovementIntervals													1.1562904578815107
1014.0622169710141	2.528023684550476	trials	-1.0	1.0	1.5		0.125	0.2	1015.021521031015	1015.0214251987848	1016.0901141610161	1014.6900541810147	1014.6909207610147	1014.6116785300012	
1014.6116785300012	1.4729999999999563	WheelMovementIntervals													1.1105690604535283
1017.0856785300011	0.31799999999998363	WheelMovementIntervals													0.3203785110212465
1017.1411423810172	4.285646362221769	trials	1.0	-1.0	0.0		0.0625	0.2	1018.8719026210189	1018.8709598833316	1020.9267637810209	1017.9600271510179	1017.961293691018	1018.1496785300011	
1018.1496785300011	1.4700000000000273	WheelMovementIntervals													-1.2485071718229648
1021.983991381022	3.2895151908601292	trials	1.0	1.0	1.5	0.25		0.2	1023.7152849010238	1023.7151983231114	1024.7734457410247	1023.2899941010234	1023.2908940110233	1023.5066785300012	
1022.2136785300012	0.47199999999998	WheelMovementIntervals													-0.1178668774544036
1023.5066785300012	1.3589999999999236	WheelMovementIntervals													-0.497773534775547
1025.829406801026	3.3138137614369043	trials	1.0	1.0	1.5	0.25		0.2	1027.5965300710277	1027.5964125392848	1028.6431587310287	1027.2767287210272	1027.2778619410274	1027.453678530001	
1025.917678530001	0.7570000000000618	WheelMovementIntervals													0.23187913024102613
1027.453678530001	1.3979999999999109	WheelMovementIntervals													-0.9030988857221445
1029.7032193810296	4.153657364322044	trials	1.0	-1.0	0.0		0.125	0.2	1031.3131917010314	1031.3122404403832	1033.3568206510333	1030.989757381031	1030.990857271031	1031.0176785300011	
1029.731678530001	0.5499999999999545	WheelMovementIntervals													0.1394727125268247
1031.0176785300011	0.6959999999999127	WheelMovementIntervals													-0.6397794447321132
1033.331678530001	0.6079999999999472	WheelMovementIntervals													-0.357344462070472
1034.4188811010345	3.9377170429104353	trials	1.0	-1.0	0.0		0.25	0.2	1035.8068422910358	1035.8060864004515	1037.8565373010379	1035.043385311035	1035.044485201035	1035.038678530001	
1035.038678530001	1.3099999999999454	WheelMovementIntervals													-0.4627571101048886
1038.913398271039	2.6463142400862125	trials	-1.0	1.0	1.5		0.125	0.2	1040.01662127104	1040.0165029564205	1041.0596502910412	1039.6263603010395	1039.6274601910397	1039.789678530001	
1039.789678530001	1.1359999999999673	WheelMovementIntervals													0.5396072692156935
1042.1106118510422	2.2625171793938534	trials	-1.0	1.0	1.5		0.125	0.2	1042.824940411043	1042.8248166426947	1043.873102251044	1042.6731555910426	1042.6741221610428	1042.6816785300011	
1042.6816785300011	2.1699999999998454	WheelMovementIntervals													1.174594329744025
1044.921730711045	2.6177162345597935	trials	-1.0	1.0	1.5		0.125	0.2	1045.990957111046	1045.9908361161913	1047.039418921047	1045.6594569310457	1045.6604568310456	1045.5656785300012	
1045.5656785300012	1.808999999999969	WheelMovementIntervals													1.0737033864372592
1048.094346751048	4.3485415150883	trials	-1.0	1.0	1.5		0.25	0.2	1050.876268531051	1050.8761713897047	1051.9428285310519	1050.4096818610503	1050.4107484210504	1050.6046785300011	
1048.127678530001	0.5570000000000164	WheelMovementIntervals													0.3266899834635666
1049.1626785300011	0.6459999999999582	WheelMovementIntervals													-0.23181448188506693
1050.6046785300011	1.724999999999909	WheelMovementIntervals													0.29726130379290794
1052.993290141053	4.2464328183111775	trials	1.0	-1.0	0.0		0.25	0.2	1054.6820879110546	1054.68100199211	1056.7396154710568	1054.2228338410541	1054.2237337510542	1054.4216785300011	
1053.3836785300011	0.43200000000001637	WheelMovementIntervals													0.37570652293251783
1054.4216785300011	1.384999999999991	WheelMovementIntervals													1.976346994259032
1057.976225131058	3.650142101378833	trials	-1.0	1.0	1.5		1.0	0.2	1060.05355071106	1060.0534479519501	1061.1263100910612	1059.7093518010597	1059.7103850310598	1059.8926785300011	
1058.511678530001	0.42699999999990723	WheelMovementIntervals													0.13605246700035423
1059.8926785300011	1.0549999999998363	WheelMovementIntervals													1.7063286171731278
1062.1805713210622	3.2121222823263906	trials	-1.0	1.0	1.5		0.125	0.2	1063.8235736710637	1063.8234811834277	1064.892666751065	1063.5228704110634	1063.5240369610635	1063.582678530001	
1062.308678530001	0.7210000000000036	WheelMovementIntervals													0.5685312516296648
1063.582678530001	1.65300000000002	WheelMovementIntervals													0.717786020451868
1065.953693971066	20.6388408950163	trials	-1.0	1.0	1.5		0.0625	0.2	1085.044818001085	1085.0447224496336	1086.0925132210862	1067.2059687310673	1067.2070686210673	1083.4506785300011	
1065.963678530001	0.724999999999909	WheelMovementIntervals													0.5769340197545603
1067.329678530001	0.5579999999999927	WheelMovementIntervals													-0.06255070663917195
1072.024678530001	0.26500000000010004	WheelMovementIntervals													0.034443045102676706
1073.120678530001	0.17400000000020555	WheelMovementIntervals													-0.014665787153916199
1076.896678530001	0.21299999999996544	WheelMovementIntervals													-0.06269553532703753
1083.4506785300011	3.1900000000000546	WheelMovementIntervals													1.0115517441357156
1087.1891368810873	2.31651175369484	trials	-1.0	1.0	1.5		1.0	0.2	1087.966725781088	1087.9666401547722	1089.005555221089	1087.6723885510876	1087.6732551310877	1087.6796785300012	
1087.6796785300012	2.0179999999998017	WheelMovementIntervals													0.7366840744129206
1090.06764900109	5.074634229159983	trials	1.0	1.0	1.5	0.125		0.2	1093.5890968210936	1093.5889706712073	1094.6422581610946	1092.9426281410929	1092.9435613810929	1093.163678530001	
1090.164678530001	0.3420000000000982	WheelMovementIntervals													0.17286275771773774
1090.819678530001	0.75	WheelMovementIntervals													0.17199552009059005
1091.973678530001	0.2699999999999818	WheelMovementIntervals													0.20570456122068492
1093.163678530001	1.7080000000000837	WheelMovementIntervals													-1.09845373325345
1095.396678530001	0.5730000000000928	WheelMovementIntervals													-0.1083832415880579
1095.7192837810958	2.673138498215849	trials	-1.0	1.0	1.5		1.0	0.2	1096.8328057510969	1096.8326985668011	1097.892299791098	1096.4723084710965	1096.4735416810965	1096.541678530001	
1096.541678530001	1.8300000000001546	WheelMovementIntervals													0.43899086458434056
1098.9486785300012	0.39400000000000546	WheelMovementIntervals													-0.1444566575675026
1098.955826761099	3.7362329060067623	trials	1.0	-1.0	0.0		0.0	0.2	1100.1265430111002	1100.1255364369024	1102.1919364511023	1099.7389817710998	1099.7398483510997	1099.905678530001	
1099.905678530001	1.7889999999999873	WheelMovementIntervals													-0.40386048736455393
1103.148678530001	0.3200000000001637	WheelMovementIntervals													0.10833557047703835
1103.2655624111032	3.5769178452374035	trials	1.0	-1.0	0.0		0.0625	0.2	1104.2788610711043	1104.277966895911	1106.3424213611063	1103.905465081104	1103.9064983111039	1104.080678530001	
1104.080678530001	0.6270000000001801	WheelMovementIntervals													-0.5889438709028667
1106.740678530001	0.5460000000000491	WheelMovementIntervals													0.24041164273431548
1107.4146807911075	2.5275224976262507	trials	-1.0	1.0	1.5		1.0	0.2	1108.3740848411085	1108.3739881913252	1109.4421446911094	1107.971958391108	1107.972824971108	1108.135678530001	
1108.135678530001	1.0950000000000273	WheelMovementIntervals													0.8565299292057631
1110.385678530001	0.2680000000000291	WheelMovementIntervals													0.3052843083208501
1110.5090046611106	5.532923194734622	trials	-1.0	1.0	1.5		0.125	0.2	1114.4861402411145	1114.4860191769008	1115.5418346611154	1111.105378351111	1111.106144941111	1111.269678530001	
1111.269678530001	0.5499999999999545	WheelMovementIntervals													0.11961027492776566
1114.3556785300011	1.3800000000001091	WheelMovementIntervals													0.24923570802943118
1116.6187269611166	3.139826481237378	trials	-1.0	1.0	1.5		0.25	0.2	1118.1899698211182	1118.1898387106983	1119.2585296211194	1117.8222732611177	1117.8231398411178	1118.060678530001	
1116.763678530001	0.5550000000000637	WheelMovementIntervals													0.652301048695179
1118.060678530001	1.1170000000001892	WheelMovementIntervals													0.8694997182274875
1120.3400547911203	3.398633936070837	trials	1.0	1.0	1.5	0.25		0.2	1122.1807707011221	1122.1806715453374	1123.2386315711233	1121.7718116011217	1121.7727781711217	1121.9016785300012	
1120.6416785300012	0.6549999999999727	WheelMovementIntervals													0.30522083876887507
1121.9016785300012	1.6720000000000255	WheelMovementIntervals													-1.0025431749917004
1124.3114909411242	9.880280688550101	trials	-1.0	1.0	1.5		1.0	0.2	1132.6336586411326	1132.6335563774428	1133.6916861611337	1132.3748845211323	1132.3757177711325	1132.3406785300012	
1124.4966785300012	7.317000000000007	WheelMovementIntervals													-2.032540785842343
1132.3406785300012	1.4399999999998272	WheelMovementIntervals													1.5223374167221237
1134.722678530001	0.9220000000000255	WheelMovementIntervals													0.22382395841303548
1134.817673551135	3.4739271924602235	trials	-1.0	1.0	1.5		0.125	0.2	1136.7482804711367	1136.7481869952478	1137.7915761311378	1136.3382548111363	1136.3390547311365	1136.5356785300012	
1136.5356785300012	1.7369999999998527	WheelMovementIntervals													2.0395556974311404
1138.868501761139	13.8230892929937	trials	-1.0	1.0	1.5		0.25	0.2	1151.131675321151	1151.1315792026369	1152.1915693211522	1140.6048947711406	1140.6056946911406	1144.5446785300012	
1139.310678530001	0.7650000000001	WheelMovementIntervals													0.9093735021067602
1141.0066785300012	0.22199999999998	WheelMovementIntervals													-0.047166260899558665
1144.5446785300012	0.6169999999999618	WheelMovementIntervals													0.19579962922274774
1149.7296785300011	0.2760000000000673	WheelMovementIntervals													0.039223244070953456
1150.310678530001	2.762000000000171	WheelMovementIntervals													0.3838653561045646
1153.2896928311534	6.881650623374753	trials	1.0	-1.0	0.0		0.125	0.2	1157.6202930611576	1157.6195234242462	1159.6713212711597	1156.921696261157	1156.922629501157	1157.107678530001	
1153.692678530001	1.8610000000001037	WheelMovementIntervals													0.4841743407055503
1156.0436785300012	0.17699999999990723	WheelMovementIntervals													0.0296615937770639
1157.107678530001	1.240000000000009	WheelMovementIntervals													0.7411547306457464
1160.7610456211607	4.696748776234244	trials	1.0	-1.0	0.0		0.125	0.2	1162.891265911163	1162.8903663743008	1164.957692581165	1162.2077676011622	1162.208934151162	1162.4066785300013	
1160.8326785300012	0.7599999999999909	WheelMovementIntervals													-0.416929129957083
1162.4066785300013	1.1039999999998145	WheelMovementIntervals													-0.7389798457543009
1166.2276989011661	5.280543875752301	trials	1.0	-1.0	0.0		0.125	0.2	1168.953259651169	1168.9523205079518	1171.008187471171	1167.8044412111678	1167.8052411311678	1168.0186785300011	
1166.2356785300012	1.1889999999998508	WheelMovementIntervals													-0.3250203922774517
1168.0186785300011	5.4249999999999545	WheelMovementIntervals													-1.1765346542970718
1172.095145431172	5.82932423289526	trials	1.0	-1.0	0.0		0.0	0.2	1175.3702178911753	1175.3694579193173	1177.4244124511774	1174.054416151174	1174.055216071174	1174.2766785300012	
1174.2766785300012	4.0340000000001055	WheelMovementIntervals													5.15997102598196
1178.5162699211785	4.224550214882356	trials	1.0	-1.0	0.0		0.0	0.2	1180.1748707111801	1180.1739884483545	1182.2407974311823	1179.82093944118	1179.82187268118	1180.049678530001	
1178.6756785300013	0.7869999999998072	WheelMovementIntervals													0.5836963488935396
1180.049678530001	0.4410000000000309	WheelMovementIntervals													-0.3938392561267392
1183.3130235311833	2.4915239833840133	trials	-1.0	1.0	1.5		0.0	0.2	1184.2549293311843	1184.2548314630023	1185.3044577011854	1183.7879093711838	1183.7888426111838	1183.8226785300012	
1183.8226785300012	1.4549999999999272	WheelMovementIntervals													0.6422089525334229
1185.722678530001	4.403999999999996	WheelMovementIntervals													3.9133740168729503
1186.3871494211865	7.970539774986946	trials	1.0	-1.0	0.0		0.0	0.2	1191.791475601192	1191.790575029782	1193.8575689711938	1190.6577889811906	1190.6588222111907	1190.798678530001	
1190.798678530001	1.62700000000018	WheelMovementIntervals													-0.9175051502312215
1194.4276785300012	1.05600000000004	WheelMovementIntervals													0.5327746837396319
1194.979090141195	4.0584330107881215	trials	1.0	-1.0	0.0		0.0	0.2	1196.4901390211965	1196.4892016800695	1198.5374342711987	1196.104110961196	1196.1051441911961	1196.307678530001	
1196.307678530001	1.122000000000071	WheelMovementIntervals													-0.6086639644168201
1199.6237256311997	3.3136389415274152	trials	1.0	1.0	1.5	1.0		0.2	1201.3761503712014	1201.3760451666292	1202.4372775812024	1200.840970561201	1200.8418038112009	1200.9166785300013	
1199.7206785300011	0.31899999999996	WheelMovementIntervals													0.0634724820022825
1200.9166785300013	1.4359999999999218	WheelMovementIntervals													-0.4431600047146276
1202.673678530001	0.5760000000000218	WheelMovementIntervals													0.10648725527059355
1203.5220690912035	5.465027998037385	trials	1.0	-1.0	0.0		0.25	0.8	1206.4407771912065	1206.439782437358	1208.4870392112084	1204.957158901205	1204.958125471205	1205.1246785300011	
1203.8516785300012	0.6449999999999818	WheelMovementIntervals													0.06492457319313871
1205.1246785300011	2.02800000000002	WheelMovementIntervals													-0.6684570294214893
1209.5777967912095	2.4295295452759547	trials	1.0	1.0	1.5	0.0625		0.8	1210.4560089612105	1210.4559063855202	1211.5072704912116	1210.0905121812102	1210.09141209121	1210.3116785300012	
1210.3116785300012	1.7729999999999109	WheelMovementIntervals													-1.0037612247702157
1212.5825296212126	2.621514083472448	trials	-1.0	1.0	1.5		1.0	0.8	1213.6432235412137	1213.6431341053315	1214.7039174612148	1213.2871924812132	1213.2880590612133	1213.3526785300012	
1213.3526785300012	1.4349999999999454	WheelMovementIntervals													1.4131383185128072
1215.6696785300012	0.25099999999997635	WheelMovementIntervals													0.20560109813138183
1215.7803431412158	2.74013145371282	trials	1.0	1.0	1.5	0.25		0.8	1216.965857911217	1216.9657554506184	1218.020385781218	1216.4568088212166	1216.4577420612165	1216.6506785300012	
1216.6506785300012	1.5289999999999964	WheelMovementIntervals													-0.6563919423882112
1219.1017776312192	4.735431087306097	trials	1.0	1.0	1.5	0.25		0.8	1222.2763934712223	1222.276297130652	1223.3370873912233	1221.856668781222	1221.8577020112218	1221.9936785300013	
1219.2196785300011	0.8949999999999818	WheelMovementIntervals													0.3846107035616626
1220.3816785300012	0.7830000000001291	WheelMovementIntervals													0.5107793204890925
1221.9936785300013	1.0419999999999163	WheelMovementIntervals													-0.7080222958450122
1224.2006785300011	0.5750000000000455	WheelMovementIntervals													0.15563042882862987
1224.4400104212245	2.933914345624771	trials	1.0	1.0	1.5	0.0625		0.8	1225.8223055112257	1225.8222157662965	1226.8738336812269	1225.2402637212253	1225.2413636112253	1225.413678530001	
1225.413678530001	1.275000000000091	WheelMovementIntervals													-0.299059559435932
1226.9746785300013	0.08799999999996544	WheelMovementIntervals													-0.03870860768896023
1227.969824071228	2.8838183753234716	trials	1.0	1.0	1.5	0.0625		0.8	1229.3061237612294	1229.3060316586793	1230.3535856712303	1228.953459031229	1228.954358941229	1228.932678530001	
1228.0326785300012	0.3369999999999891	WheelMovementIntervals													0.05063230741788516
1228.932678530001	0.9140000000002146	WheelMovementIntervals													-0.3761196814549237
1230.4096785300012	0.18100000000004002	WheelMovementIntervals													-0.010634514383355054
1231.4391437712316	2.9142163937635814	trials	1.0	1.0	1.5	0.0625		0.8	1232.8065736812327	1232.8064500553828	1233.853269001234	1232.4069469812325	1232.4079802112324	1232.6366785300013	
1231.4486785300012	0.40399999999999636	WheelMovementIntervals													0.1293359490613284
1232.6366785300013	1.612999999999829	WheelMovementIntervals													-0.77761379862892
1234.7056785300013	0.33799999999996544	WheelMovementIntervals													0.2975407880574039
1234.944359881235	3.49265135807309	trials	1.0	-1.0	0.0		0.0	0.8	1235.876633311236	1235.8756727758791	1237.936893931238	1235.5901619612357	1235.5916618112356	1235.7486785300011	
1235.7486785300011	0.553000000000111	WheelMovementIntervals													-0.4940112398057295
1237.2486785300011	0.3400000000001455	WheelMovementIntervals													0.16374840564282067
1238.4926785300013	0.27299999999991087	WheelMovementIntervals													-0.13558682588833904
1239.043116631239	2.3806142962364447	trials	1.0	1.0	1.5	0.0		0.8	1239.8580018012399	1239.8579208398273	1240.923661891241	1239.5403002412395	1239.5413001412396	1239.7156785300012	
1239.7156785300012	1.375	WheelMovementIntervals													-0.8401959533931631
1241.3296785300013	0.12099999999986721	WheelMovementIntervals													-0.028743702967233276
1242.2124330012423	3.2577129704257004	trials	1.0	1.0	1.5	0.0625		0.8	1243.897831111244	1243.8977386765494	1244.9700905412449	1243.3365872412433	1243.3376204712433	1243.3636785300012	
1242.2156785300012	0.20000000000004547	WheelMovementIntervals													0.07349394814147558
1243.3636785300012	2.3010000000001583	WheelMovementIntervals													-0.42218476971885366
1246.081746031246	3.4080303169605486	trials	1.0	1.0	1.5	0.0625		0.8	1247.924161771248	1247.9240613388477	1248.989755201249	1247.5731968712475	1247.5742634312476	1247.6636785300013	
1246.3256785300011	0.7110000000000127	WheelMovementIntervals													0.10404178079946291
1247.6636785300013	1.9399999999998272	WheelMovementIntervals													-0.7111144197385784
1250.0822792712502	3.4412284518555225	trials	1.0	1.0	1.5	0.125		0.8	1251.958491631252	1251.9583931472773	1253.023418461253	1251.4532421612514	1251.4542420612515	1251.7216785300013	
1250.3726785300012	0.6280000000001564	WheelMovementIntervals													0.266138815764549
1251.7216785300013	1.3550000000000182	WheelMovementIntervals													-0.6351470507314048
1253.9516785300013	0.8999999999998636	WheelMovementIntervals													1.3788319901211423
1254.116809111254	4.169821601193917	trials	1.0	-1.0	0.0		0.125	0.8	1255.7205820512556	1255.7197162616767	1257.7865754312577	1255.3198554612554	1255.3209220212552	1255.4276785300012	
1255.4276785300012	0.7870000000000346	WheelMovementIntervals													-0.4942967860292242
1257.9716785300013	0.17099999999982174	WheelMovementIntervals													-0.03279639073574003
1258.9028304612589	4.0871577322488974	trials	1.0	-1.0	0.0		0.0	0.8	1260.4298777412605	1260.4289508979557	1262.4899383812624	1260.0730800912602	1260.07427997126	1260.2596785300013	
1259.2846785300012	0.30100000000015825	WheelMovementIntervals													0.10792818119853109
1260.2596785300013	0.4499999999998181	WheelMovementIntervals													-0.5405699355879108
1263.6058934412636	2.8805175510826757	trials	1.0	1.0	1.5	0.25		0.8	1264.924794871265	1264.9247001032834	1265.986322041266	1264.3364870412643	1264.3375536012643	1264.5076785300012	
1264.5076785300012	1.0370000000000346	WheelMovementIntervals													-0.4122018342954732
1267.0959110712672	6.210748907851894	trials	1.0	-1.0	0.0		0.25	0.8	1270.7428463412707	1270.741938021522	1272.8066066112729	1269.7399799712698	1269.7408465512697	1269.9336785300013	
1267.2926785300012	1.0769999999999982	WheelMovementIntervals													0.7538606546597464
1268.9496785300012	0.2920000000001437	WheelMovementIntervals													0.023624770245930904
1269.9336785300013	1.1440000000000055	WheelMovementIntervals													-1.257540142593598
1273.923861541274	2.729301615674558	trials	-1.0	1.0	1.5		1.0	0.8	1275.0997439412752	1275.0996613757043	1276.153105261276	1274.5864619412746	1274.5874951712747	1274.7356785300012	
1274.7356785300012	2.020999999999958	WheelMovementIntervals													1.10271121213961
1277.2615610712774	19.47465253762948	trials	-1.0	1.0	1.5		0.0	0.8	1295.1881015712952	1295.187999641327	1296.2360967612963	1279.2226649412792	1279.2234981912793	1279.3746785300013	
1277.6886785300012	0.7599999999999909	WheelMovementIntervals													0.09478491194491312
1279.3746785300013	0.84699999999998	WheelMovementIntervals													0.19810155438105426
1281.7016785300013	0.52800000000002	WheelMovementIntervals													0.09395683590304316
1283.0516785300013	0.06400000000007822	WheelMovementIntervals													-0.006879619227333933
1285.1776785300012	0.13599999999996726	WheelMovementIntervals													-0.010559583658817928
1286.5056785300012	0.23300000000017462	WheelMovementIntervals													0.023107120828427696
1287.6796785300012	0.12000000000011823	WheelMovementIntervals													-0.029967407419860592
1290.5616785300012	0.2899999999999636	WheelMovementIntervals													-0.0434292978953863
1291.5896785300013	0.43499999999994543	WheelMovementIntervals													-0.04597174968708373
1294.6326785300014	0.12399999999979627	WheelMovementIntervals													-0.016649362458338146
1295.0166785300012	1.4660000000001219	WheelMovementIntervals													0.4224439246978875
1296.9316785300014	0.17899999999985994	WheelMovementIntervals													0.046223486061961694
1297.3717165212975	4.117426966261519	trials	1.0	-1.0	0.0		0.0625	0.8	1298.928727471299	1298.927725578342	1300.989088081301	1298.5724297712986	1298.5733963412986	1298.7856785300012	
1297.5886785300013	0.4179999999998927	WheelMovementIntervals													0.1272655777409284
1298.7856785300012	1.3980000000001382	WheelMovementIntervals													-0.8253057714500756
1301.2826785300012	0.19100000000003092	WheelMovementIntervals													0.0886100167363395
1302.096244021302	2.82272188428351	trials	-1.0	1.0	1.5		1.0	0.8	1303.3618507813035	1303.3617524876765	1304.4188784013045	1302.6692867113027	1302.6703866013027	1302.8526785300012	
1302.8526785300012	2.5520000000001346	WheelMovementIntervals													1.092761973236236
1305.5326670113056	8.156553830996017	trials	-1.0	-1.0	0.0	0.0625		0.8	1311.1403728513112	1311.1395026400628	1313.1891679513133	1306.1722030513063	1306.1730363013062	1306.1106785300012	
1306.1106785300012	1.3320000000001073	WheelMovementIntervals													0.21749850994959274
1308.1196785300012	0.21199999999998909	WheelMovementIntervals													0.02715032203946066
1310.5446785300012	0.58400000000006	WheelMovementIntervals													0.0709606538720493
1312.5996785300013	1.1380000000001473	WheelMovementIntervals													-0.24259598924672332
1314.3075227713143	2.894641401584522	trials	-1.0	1.0	1.5		0.0625	0.8	1315.6538547913158	1315.6537410959106	1316.7020499613168	1314.885698281315	1314.886664851315	1315.0656785300014	
1315.0656785300014	1.55399999999986	WheelMovementIntervals													0.6614723980163717
1317.2846785300012	0.4010000000000673	WheelMovementIntervals													0.10063572235205243
1317.827970691318	3.194518343461368	trials	-1.0	-1.0	0.0	1.0		0.8	1318.4733394813186	1318.4723737864242	1320.5224012213205	1318.3226545513182	1318.3236544513184	1318.2876785300014	
1318.2876785300014	0.6289999999999054	WheelMovementIntervals													0.4859558684917715
1320.5276785300014	0.18200000000001637	WheelMovementIntervals													0.020583012157857183
1321.6442890213216	3.3248366570214785	trials	1.0	1.0	1.5	1.0		0.8	1323.4137120613234	1323.413606931967	1324.4690065213244	1323.052248211323	1323.0533147713231	1323.2376785300014	
1321.9186785300012	0.43100000000004	WheelMovementIntervals													0.06425747336129461
1323.2376785300014	1.62299999999982	WheelMovementIntervals													-0.412346394602622
1325.5136785300012	0.6190000000001419	WheelMovementIntervals													-0.459732159669926
1325.5789288513256	2.8764175650078414	trials	1.0	1.0	1.5	1.0		0.8	1326.906729391327	1326.906635574292	1327.955257861328	1326.5219012113266	1326.5229677713266	1326.6946785300013	
1326.6946785300013	1.5679999999999836	WheelMovementIntervals													-0.4202926968402494
1329.0685465213292	3.9871369217485153	trials	1.0	1.0	1.5	0.125		0.8	1331.4758724313315	1331.4757670014706	1332.5556311113326	1331.1353731513311	1331.1362730613312	1331.2686785300014	
1329.2466785300014	1.4769999999998618	WheelMovementIntervals													0.5810031045595849
1331.2686785300014	1.849999999999909	WheelMovementIntervals													-0.4488684660259423
1333.6760857213337	4.4092299521526	trials	1.0	-1.0	0.0		0.0625	0.8	1335.5129353513355	1335.5118969430357	1337.5852281013376	1335.185334781335	1335.1862680213353	1335.3486785300013	
1334.1256785300013	0.34799999999995634	WheelMovementIntervals													0.17168459311309903
1335.3486785300013	0.7770000000000437	WheelMovementIntervals													-1.6797292638872818
1337.7166785300012	0.3269999999999982	WheelMovementIntervals													0.10425393573200381
1338.7017164413387	2.4537072100874866	trials	1.0	1.0	1.5	0.125		0.8	1339.5800286013396	1339.5799183060717	1340.6553877213407	1339.2886910713394	1339.2895909813394	1339.3276785300013	
1339.3276785300013	1.80600000000004	WheelMovementIntervals													-0.9457053799848154
1341.965423371342	3.65293584740607	trials	1.0	1.0	1.5	0.0625		0.8	1344.0643467913442	1344.0642428186025	1345.1183080513451	1343.4686397013436	1343.4695729413436	1343.6646785300013	
1342.2126785300013	0.6050000000000182	WheelMovementIntervals													-0.06851101894679346
1343.6646785300013	2.70900000000006	WheelMovementIntervals													-0.6739878933877606
1346.2359629413463	2.6195118646628544	trials	1.0	1.0	1.5	1.0		0.8	1347.2979567313473	1347.297866534923	1348.3554176413484	1346.8551343513468	1346.8562342413468	1346.7606785300013	
1346.7606785300013	1.655999999999949	WheelMovementIntervals													-0.32197914173056574
1349.2326785300013	0.5109999999999673	WheelMovementIntervals													0.08528030298180056
1349.4598738513496	3.878847534077522	trials	1.0	1.0	1.5	0.0625		0.8	1351.7816083213518	1351.7814999080192	1352.8386359413528	1351.4015796613514	1351.4025462313514	1351.4756785300012	
1350.3926785300014	0.3089999999999691	WheelMovementIntervals													0.16472694081659256
1351.4756785300012	1.7170000000000982	WheelMovementIntervals													-0.5049570169155118
1353.954924301354	3.0834272557412987	trials	1.0	1.0	1.5	0.0625		0.8	1355.4820382413554	1355.4819368088106	1356.5382659413565	1355.118607921355	1355.1199077913552	1355.3276785300013	
1353.9606785300014	0.5789999999999509	WheelMovementIntervals													0.6120742790318161
1355.3276785300013	1.3479999999999563	WheelMovementIntervals													-1.3458872508845445
1357.6376785300013	0.3849999999999909	WheelMovementIntervals													0.22932558243223866
1357.6517545813576	2.983407745142358	trials	1.0	1.0	1.5	1.0		0.8	1359.0883442413592	1359.08825686613	1360.13507289136	1358.6683862413586	1358.6695194613587	1358.8316785300012	
1358.8316785300012	1.2670000000000528	WheelMovementIntervals													-0.30105350030871136
1360.4426785300013	0.4230000000000018	WheelMovementIntervals													0.04831338842186028
1361.2606603213612	2.644534239960876	trials	1.0	1.0	1.5	0.25		0.8	1362.3554841613623	1362.3553736671954	1363.4051125213634	1361.7382125613617	1361.7391791313617	1361.7356785300015	
1361.7356785300015	1.9109999999998308	WheelMovementIntervals													-0.6465127475012196
1363.9936785300013	0.5099999999999909	WheelMovementIntervals													0.47703926277389996
1364.5286001613645	4.05642965571451	trials	1.0	1.0	1.5	0.125		0.8	1367.029716691367	1367.0296172126682	1368.084977821368	1366.5683295013666	1366.5694627213666	1366.8096785300013	
1364.7636785300012	0.9809999999999945	WheelMovementIntervals													0.2706244807810947
1366.0476785300013	0.11400000000003274	WheelMovementIntervals													0.010346614401782972
1366.8096785300013	1.41800000000012	WheelMovementIntervals													-0.5531622495122406
1369.2090320713692	3.5956132153667113	trials	-1.0	1.0	1.5		1.0	0.8	1371.2499279613712	1371.2498378694288	1372.3046224813722	1370.7214474813707	1370.7225140413707	1370.9956785300014	
1369.5366785300014	0.6009999999998854	WheelMovementIntervals													0.614376714388186
1370.9956785300014	1.5979999999999563	WheelMovementIntervals													1.032844893078618
1373.4222440413735	4.132351349559258	trials	-1.0	1.0	1.5		0.25	0.8	1375.982454661376	1375.9823739955434	1377.0544807813772	1374.7849410913748	1374.7861076413749	1374.7296785300014	
1373.7456785300014	0.5629999999998745	WheelMovementIntervals													0.3510196102637053
1374.7296785300014	2.546000000000049	WheelMovementIntervals													0.3692306048702392
1378.1964999013783	3.14202210192866	trials	1.0	1.0	1.5	1.0		0.8	1379.7648097213798	1379.7647099344222	1380.8384356813808	1379.3846810713794	1379.3857476313794	1379.5786785300013	
1378.2496785300013	0.5460000000000491	WheelMovementIntervals													0.22998010615725661
1379.5786785300013	0.8930000000000291	WheelMovementIntervals													-0.7101886452394979
1380.6976785300014	0.2619999999999436	WheelMovementIntervals													0.08289707536604851
1381.8146785300014	0.0809999999999036	WheelMovementIntervals													0.038657124276682
1381.955623951382	2.6159083590746377	trials	1.0	1.0	1.5	0.0625		0.8	1383.004719031383	1383.0046265014275	1384.0714123513842	1382.5844277313827	1382.5853943013826	1382.7566785300014	
1382.7566785300014	1.5360000000000582	WheelMovementIntervals													-0.49861306893640744
1385.2095318613851	3.344932861233474	trials	1.0	1.0	1.5	0.125		0.8	1386.983754421387	1386.9836482298513	1388.054414011388	1386.6679860013867	1386.6690858913867	1386.7116785300013	
1385.4716785300013	0.5760000000000218	WheelMovementIntervals													0.26556850842948165
1386.7116785300013	1.7860000000000582	WheelMovementIntervals													-0.6156278347055206
1389.1764684613893	3.4778219773788805	trials	1.0	1.0	1.5	0.25		0.8	1391.0789781913911	1391.0788788422433	1392.1542373213922	1390.784407651391	1390.785340891391	1390.9466785300015	
1389.5496785300013	0.7660000000000764	WheelMovementIntervals													1.122397204361107
1390.9466785300015	1.4489999999998417	WheelMovementIntervals													-1.1076045604994533
1393.2851908813932	3.4162267545548275	trials	1.0	1.0	1.5	0.125		0.8	1395.129706411395	1395.1296037064217	1396.2012992413963	1394.7677759413948	1394.7686758513948	1394.9316785300014	
1393.5466785300014	0.5480000000000018	WheelMovementIntervals													0.0822442885988437
1394.9316785300014	1.469000000000051	WheelMovementIntervals													-0.7299156410339549
1397.3364190513973	3.2179147155684404	trials	1.0	1.0	1.5	0.0625		0.8	1398.990720271399	1398.9906250739198	1400.0542472414002	1398.5544305713986	1398.5553304813986	1398.7416785300013	
1397.3936785300014	0.6089999999999236	WheelMovementIntervals													0.28780567858080985
1398.7416785300013	1.9160000000001673	WheelMovementIntervals													-0.4182135241663332
1401.1955331014012	3.439024558612573	trials	1.0	1.0	1.5	0.25		0.8	1403.0857440614031	1403.0856449501648	1404.134472511404	1402.3177208714023	1402.3186874414023	1402.5736785300014	
1402.5736785300014	2.576999999999998	WheelMovementIntervals													-0.665259581471588
1405.2728586614053	2.378129124213274	trials	1.0	1.0	1.5	0.125		0.8	1406.1102749114061	1406.1101678594105	1407.150904171407	1405.870965511406	1405.8719654114059	1405.8396785300013	
1405.8396785300013	1.5950000000000273	WheelMovementIntervals													-0.47696056444411283
1408.0496785300013	0.2860000000000582	WheelMovementIntervals													0.14707294879713118
1408.2759916514083	2.541515634273537	trials	1.0	1.0	1.5	0.0625		0.8	1409.2691923214093	1409.269096979044	1410.3174208214102	1408.7380787714087	1408.7392786514088	1408.8676785300013	
1408.8676785300013	1.8230000000000928	WheelMovementIntervals													-0.5095875121895119
1411.4393086214116	3.08173423924859	trials	1.0	1.0	1.5	0.0625		0.8	1412.969922211413	1412.9698241361027	1414.020983761414	1412.6379220814126	1412.6389219814128	1412.7736785300015	
1411.4546785300013	0.5020000000001801	WheelMovementIntervals													0.14407325186090247
1412.7736785300015	1.2959999999998217	WheelMovementIntervals													-1.021791425808658
1414.3616785300014	0.35599999999999454	WheelMovementIntervals													-0.09398343188573222
1415.3734485014154	3.043930129307455	trials	1.0	1.0	1.5	0.125		0.8	1416.8663658614169	1416.8662618062515	1417.9173607514178	1416.5507640914166	1416.5518973114165	1416.6546785300013	
1415.6426785300014	0.2740000000001146	WheelMovementIntervals													0.16853391430674947
1416.6546785300013	1.4680000000000746	WheelMovementIntervals													-1.073296537185513
1419.0457812314191	4.925341189083156	trials	1.0	-1.0	0.0		0.0	0.8	1421.4055452314215	1421.4047995222832	1423.4710053314234	1421.054113711421	1421.055213601421	1421.1566785300015	
1419.3926785300014	0.9500000000000455	WheelMovementIntervals													0.041672100408192136
1421.1566785300015	0.9539999999999509	WheelMovementIntervals													-0.7289397764165813
1424.5986785300015	0.18299999999999272	WheelMovementIntervals													-0.1024792792840401
1424.6135244014247	15.987100194081904	trials	1.0	1.0	1.5	0.0		0.8	1439.047814161439	1439.047712154526	1440.1005422114401	1425.4339756814254	1425.4348755914255	1425.5676785300013	
1425.5676785300013	1.3050000000000637	WheelMovementIntervals													-0.11792673924762198
1429.8246785300014	0.37000000000011823	WheelMovementIntervals													-0.13266229389904538
1431.6986785300014	0.33600000000001273	WheelMovementIntervals													0.153902030815118
1435.0626785300014	0.33799999999996544	WheelMovementIntervals													-0.20967141857624938
1438.8876785300015	2.0989999999999327	WheelMovementIntervals													0.9223522109813018
1441.2661256414412	3.684430993888327	trials	1.0	1.0	1.5	1.0		0.8	1443.3975458114435	1443.3974418349396	1444.4505071714445	1442.8039718414427	1442.8048050914429	1443.0156785300014	
1441.7416785300013	0.4920000000001892	WheelMovementIntervals													0.18549458300475408
1443.0156785300014	1.634999999999991	WheelMovementIntervals													0.34099981391415213
1445.6028585914455	4.1475203370837335	trials	1.0	1.0	1.5	0.0625		0.8	1448.1978657314482	1448.1977694384536	1449.2502938114492	1447.2203301614472	1447.2214300514472	1447.3776785300015	
1445.7586785300014	0.8170000000000073	WheelMovementIntervals													0.06302836679782331
1447.3776785300015	2.2719999999999345	WheelMovementIntervals													-0.3698884969425933
1450.0096785300013	0.10400000000004184	WheelMovementIntervals													-0.017594919745704374
1450.4017786514505	5.415355112890666	trials	1.0	-1.0	0.0		0.125	0.8	1453.2537267614532	1453.2527066128714	1455.3170870714553	1452.9200601314528	1452.921060031453	1452.8156785300014	
1450.5146785300014	0.9669999999998709	WheelMovementIntervals													1.347221172854006
1451.8736785300014	0.5170000000000528	WheelMovementIntervals													0.49098176959219586
1452.8156785300014	1.4680000000000746	WheelMovementIntervals													-0.6367777873904004
1455.7486785300014	0.8250000000000455	WheelMovementIntervals													0.644646453489429
1456.4724381914564	3.0476290362987584	trials	1.0	1.0	1.5	0.25		0.8	1457.952056881458	1457.951950831129	1459.019950081459	1457.5035017414575	1457.5044016514576	1457.6306785300014	
1457.6306785300014	1.11200000000008	WheelMovementIntervals													-0.41267533590382754
1460.1572696714602	2.6596051162193817	trials	1.0	1.0	1.5	0.25		0.8	1461.2750578814612	1461.274970981054	1462.3168203614623	1460.8167037214607	1460.8177036214609	1461.0306785300015	
1461.0306785300015	0.4579999999998563	WheelMovementIntervals													-0.3058739636483949
1461.7326785300015	1.0049999999998818	WheelMovementIntervals													-0.14347563258763785
1463.4516735314635	3.0652283849992727	trials	-1.0	1.0	1.5		0.25	0.8	1464.969788371465	1464.9696861030382	1466.016883651466	1464.3864467114645	1464.3873466214643	1464.5786785300015	
1463.5266785300014	0.30600000000004	WheelMovementIntervals													0.11252384946001825
1464.5786785300015	1.6749999999999545	WheelMovementIntervals													0.6956221645023959
1467.1454041214672	3.6079371549649295	trials	1.0	1.0	1.5	1.0		0.8	1469.1951324614693	1469.1950240925241	1470.2532933014702	1468.8370349414688	1468.8380015114687	1469.0586785300015	
1467.4366785300015	0.7490000000000236	WheelMovementIntervals													0.22073684278970518
1469.0586785300015	1.227999999999838	WheelMovementIntervals													-0.9089178855062698
1471.3973455514715	3.58591268956593	trials	1.0	1.0	1.5	1.0		0.8	1473.4238428814735	1473.4237510270618	1474.4832036014745	1472.833435261473	1472.8343018414728	1473.0576785300013	
1471.6656785300015	0.44499999999993634	WheelMovementIntervals													0.11602284273780583
1473.0576785300013	1.3990000000001146	WheelMovementIntervals													-0.3127965713868548
1475.5646785300014	0.24700000000007094	WheelMovementIntervals													0.1327920996710361
1475.6162569514756	4.267238943180246	trials	1.0	1.0	1.5	0.0625		0.8	1478.3280857414784	1478.3279804279414	1479.3834135314794	1477.9532898914779	1477.954289791478	1478.1466785300015	
1476.1816785300014	0.07100000000014006	WheelMovementIntervals													0.012227207773690907
1476.7236785300015	0.4359999999999218	WheelMovementIntervals													0.0717392054697541
1478.1466785300015	1.22199999999998	WheelMovementIntervals													-0.9518630663599197
1480.4726785300015	0.4679999999998472	WheelMovementIntervals													0.31278969923906175
1480.5241994414805	2.9089390346161963	trials	1.0	1.0	1.5	0.0		0.8	1481.876930821482	1481.8768166620748	1482.9330585314829	1481.4864365414815	1481.4876030914816	1481.6956785300015	
1481.6956785300015	1.5619999999998981	WheelMovementIntervals													-0.9524762500809061
1484.0721446114842	3.8309189400081323	trials	1.0	1.0	1.5	0.25		0.8	1486.3425508814864	1486.3424540579776	1487.4029781614875	1485.9529231814859	1485.953923081486	1486.2236785300015	
1484.5406785300015	0.9500000000000455	WheelMovementIntervals													-0.6894960803792003
1486.2236785300015	2.3299999999999272	WheelMovementIntervals													-0.4563237914207434
1488.5519632514886	6.531246917798171	trials	1.0	1.0	1.5	0.125		0.8	1493.5207996514935	1493.5206966625406	1494.5831600714946	1493.0998084214932	1493.100874981493	1493.2906785300015	
1489.1836785300015	1.8699999999998909	WheelMovementIntervals													0.8963565614538993
1491.4476785300014	0.9370000000001255	WheelMovementIntervals													-0.3191999638338814
1493.2906785300015	1.2749999999998636	WheelMovementIntervals													-0.7976113964518277
1495.7349115514958	3.2816360728122618	trials	1.0	1.0	1.5	0.0625		0.8	1497.4653384914975	1497.4652289898902	1498.5165000314985	1497.1365713714972	1497.1378712414971	1497.3086785300015	
1496.0746785300014	0.2820000000001528	WheelMovementIntervals													0.03368430586616
1497.3086785300015	1.5570000000000164	WheelMovementIntervals													-0.6539865635801618
1499.6711512214997	3.0787249176210025	trials	1.0	1.0	1.5	1.0		0.8	1501.1869662915012	1501.186862504254	1502.2497600015022	1500.3194863815004	1500.3205196115002	1500.1666785300015	
1500.1666785300015	3.168999999999869	WheelMovementIntervals													0.5970564889278194
1503.3936789315035	2.642806397169352	trials	1.0	1.0	1.5	1.0		0.8	1504.4734709415045	1504.473380319395	1505.5363979715055	1504.036248001504	1504.037147911504	1503.8906785300014	
1503.8906785300014	1.8289999999999509	WheelMovementIntervals													-0.7166729511496328
1506.4686785300014	1.0399999999999636	WheelMovementIntervals													1.027351191608858
1506.6843831615067	4.465149988711573	trials	-1.0	1.0	1.5		0.25	0.8	1509.6018247215097	1509.6017138618442	1510.6494532815107	1509.3497499315095	1509.3511497915094	1509.4036785300016	
1508.0596785300015	0.6309999999998581	WheelMovementIntervals													0.3166665131184345
1509.4036785300016	1.6539999999999964	WheelMovementIntervals													1.852597538516875
1511.8110371115117	2.788221835372269	trials	1.0	1.0	1.5	1.0		0.8	1513.0484466915132	1513.0483454699443	1514.099208271514	1512.4196429115125	1512.4207761315124	1512.4856785300015	
1512.4856785300015	1.586999999999989	WheelMovementIntervals													-0.3924421967547005
1514.3826785300014	0.19000000000005457	WheelMovementIntervals													-0.018462240659175677
1514.8766785300015	0.3930000000000291	WheelMovementIntervals													-0.06056228091273397
1515.2453603115152	2.5075233093277802	trials	1.0	1.0	1.5	0.125		0.8	1516.1977650615163	1516.1976680245957	1517.2528262115172	1515.8694312315158	1515.870431131516	1516.0216785300015	
1516.0216785300015	1.2290000000000418	WheelMovementIntervals													-1.6213879099053656
1518.5026785300015	0.5229999999999109	WheelMovementIntervals													0.1319876254910639
1518.6369877815187	2.8822130863370603	trials	1.0	1.0	1.5	0.125		0.8	1519.95928887152	1519.959192867337	1521.019082881521	1519.6159565415196	1519.6167564615196	1519.8026785300015	
1519.8026785300015	1.2390000000000327	WheelMovementIntervals													-0.7255186955776765
1522.1675013615222	2.668829536026351	trials	1.0	1.0	1.5	0.0625		0.8	1523.2752239115232	1523.2751127894599	1524.3362511315243	1522.8492331815228	1522.850066431523	1522.9376785300014	
1522.9376785300014	2.0730000000000928	WheelMovementIntervals													-0.3334817364276148
1525.4909356515254	2.727898350095302	trials	-1.0	1.0	1.5		0.25	0.8	1526.6580189315266	1526.6579340900914	1527.7187795115278	1526.1991981515262	1526.2000647315263	1526.3956785300015	
1526.3956785300015	1.5709999999999127	WheelMovementIntervals													1.002381995770378
1528.8691311315288	2.696927490021835	trials	1.0	1.0	1.5	0.125		0.8	1530.0142499415301	1530.0141419536035	1531.0659780915312	1529.6490531315296	1529.6500530315298	1529.7526785300015	
1529.1136785300014	0.06400000000007822	WheelMovementIntervals													-0.009529292132356204
1529.7526785300015	1.2210000000000036	WheelMovementIntervals													-1.053962287394853
1532.2188627915323	3.7673231762121304	trials	1.0	-1.0	0.0		0.0	0.2	1533.4313415315335	1533.4304692803917	1535.4861027015354	1533.052312771533	1533.053346001533	1533.2466785300014	
1532.3826785300014	0.13400000000001455	WheelMovementIntervals													0.06064263764568523
1533.2466785300014	0.9600000000000364	WheelMovementIntervals													-1.7653104720243675
1536.6478865115366	3.20444150486378	trials	-1.0	1.0	1.5		0.125	0.2	1538.2865226315382	1538.28640620014	1539.3522493815394	1537.7655414015378	1537.7666746215377	1537.9696785300016	
1536.8826785300014	0.17600000000015825	WheelMovementIntervals													0.06671520254135999
1537.9696785300016	2.185999999999922	WheelMovementIntervals													1.1916976322904702
1540.5160329915404	3.4698202936219786	trials	-1.0	1.0	1.5		1.0	0.2	1542.4361409615424	1542.4360431142375	1543.4858359815435	1542.048946351542	1542.0499795815422	1542.2206785300016	
1540.9466785300015	0.4580000000000837	WheelMovementIntervals													0.1177676651950037
1542.2206785300016	1.0489999999999782	WheelMovementIntervals													1.1251382964809977
1543.6206785300014	0.2899999999999636	WheelMovementIntervals													0.12718668213685191
1544.6319546915447	4.70032845355172	trials	-1.0	-1.0	0.0	0.0625		0.2	1546.7819730015467	1546.7811667873577	1548.8322346215489	1546.4820696615466	1546.4829695715464	1546.3996785300014	
1544.8116785300015	1.19600000000014	WheelMovementIntervals													0.6202311314659141
1546.3996785300014	0.9670000000000982	WheelMovementIntervals													0.7768941301901009
1549.99618488155	4.189244787500456	trials	-1.0	1.0	1.5		1.0	0.2	1552.6332211515526	1552.633111184754	1553.6853159315538	1552.2857892315524	1552.2866224815523	1552.4336785300015	
1550.2566785300014	1.5300000000002	WheelMovementIntervals													-1.1231288063275144
1552.4336785300015	1.808999999999969	WheelMovementIntervals													1.2563880009072363
1554.8453332515548	4.689930199778246	trials	-1.0	1.0	1.5		1.0	0.2	1557.986652421558	1557.9865514694036	1559.035180891559	1557.6319212315577	1557.6329211315576	1557.7906785300015	
1555.7346785300015	0.3240000000000691	WheelMovementIntervals													0.5082305647485157
1556.3966785300015	0.8119999999998981	WheelMovementIntervals													-0.3011860364052552
1557.7906785300015	1.6890000000000782	WheelMovementIntervals													2.372813924986957
1560.2008643115603	5.081355644294717	trials	1.0	-1.0	0.0		0.0	0.2	1562.7109132815626	1562.7099903068217	1564.782172801565	1561.981786201562	1561.982919421562	1562.2346785300015	
1560.5966785300016	0.8250000000000455	WheelMovementIntervals													0.25871991561987784
1562.2346785300015	0.6630000000000109	WheelMovementIntervals													-0.3120501018163111
1564.8956785300015	0.7519999999999527	WheelMovementIntervals													0.22655214455801342
1565.939123761566	13.878776498320121	trials	-1.0	1.0	1.5		0.0625	0.2	1578.2685906915783	1578.2684890546154	1579.3178857515793	1566.4187757915665	1566.4196090415664	1577.7926785300015	
1566.4286785300014	0.5679999999999836	WheelMovementIntervals													-0.09703645190060683
1570.8366785300016	0.15399999999999636	WheelMovementIntervals													-0.019184679870278387
1577.7926785300015	2.770999999999958	WheelMovementIntervals													0.31614598795113125
1580.4999008715806	2.4819171459805602	trials	-1.0	1.0	1.5		1.0	0.2	1581.4373071215814	1581.4372065915195	1582.4817360015825	1581.082042651581	1581.083142541581	1581.2476785300016	
1581.2476785300016	1.8759999999999764	WheelMovementIntervals													1.2654118038347235
1583.6412200415837	4.690358990299728	trials	1.0	-1.0	0.0		0.0	0.2	1585.7788062615857	1585.7778455471587	1587.8314676415878	1585.2851223015853	1585.2861555315853	1585.4336785300015	
1583.9506785300016	0.793999999999869	WheelMovementIntervals													-0.33549324661470337
1585.4336785300015	1.3820000000000618	WheelMovementIntervals													-1.7997189695859106
1588.4026785300016	0.4199999999998454	WheelMovementIntervals													0.11132120532514023
1589.000884021589	2.450919228172779	trials	-1.0	1.0	1.5		1.0	0.2	1589.89919418159	1589.8990903353235	1590.951755581591	1589.5350639315895	1589.5360971615896	1589.7016785300016	
1589.7016785300016	0.9669999999998709	WheelMovementIntervals													1.4951694383101426
1592.115005911592	4.399625033342545	trials	1.0	-1.0	0.0		0.125	0.2	1593.970420351594	1593.969415619977	1596.0146159115961	1593.2651575515933	1593.2660907915933	1593.4586785300016	
1592.2766785300016	0.40300000000002	WheelMovementIntervals													0.30979839151711985
1593.4586785300016	1.0059999999998581	WheelMovementIntervals													-0.6888406828140887
1596.8266785300016	0.6199999999998909	WheelMovementIntervals													0.4302689710478944
1597.1825324415972	2.7823195038306494	trials	-1.0	1.0	1.5		0.0625	0.2	1598.4135426615985	1598.4134401853523	1599.4647708615994	1597.951888831598	1597.952722081598	1598.2126785300015	
1598.2126785300015	1.5930000000000746	WheelMovementIntervals													0.7551619971911236
1600.6318541416006	2.44962018536944	trials	-1.0	1.0	1.5		0.25	0.2	1601.5248648316015	1601.524760405806	1602.5813591716026	1601.1850654816012	1601.186065381601	1601.2966785300016	
1601.2966785300016	1.2799999999999727	WheelMovementIntervals													1.1796427965266219
1603.7463759916038	3.5387415601510384	trials	1.0	1.0	1.5	0.25		0.2	1605.7366769416058	1605.736597678197	1606.7850387616068	1605.3682471216055	1605.3690470416054	1605.4986785300016	
1603.9086785300015	0.9039999999999964	WheelMovementIntervals													0.18715216681525249
1605.4986785300016	1.2619999999999436	WheelMovementIntervals													-0.7379892226854565
1607.954121841608	4.130920160106143	trials	-1.0	-1.0	0.0	0.0		0.2	1609.5210318016095	1609.5202283473145	1611.5849587216117	1608.997950781609	1608.999017341609	1609.1316785300016	
1608.0006785300016	0.5219999999999345	WheelMovementIntervals													0.12954147329426746
1609.1316785300016	0.8999999999998636	WheelMovementIntervals													0.30772192842277946
1612.7542417816128	3.846915535336393	trials	1.0	-1.0	0.0		0.0625	0.2	1614.0296808916141	1614.0287462659448	1616.1011403916161	1613.2312607416131	1613.2323273016132	1613.4146785300015	
1613.4146785300015	1.3659999999999854	WheelMovementIntervals													-2.0181872320427487
1616.7876785300016	0.12400000000002365	WheelMovementIntervals													-0.02426045472324745
1617.2618576416173	7.072462243322889	trials	1.0	1.0	1.5	0.0625		0.2	1622.761407631623	1622.7613037083827	1623.8342670016239	1617.881229031618	1617.882362251618	1618.0756785300016	
1618.0756785300016	0.43000000000006366	WheelMovementIntervals													-0.1378349455218597
1622.1406785300017	1.5760000000000218	WheelMovementIntervals													0.7021616733789813
1625.2579246216253	3.7563228583442196	trials	-1.0	1.0	1.5		0.25	0.2	1627.4578379416275	1627.4577362512478	1628.5141989616286	1627.114605601627	1627.1156055016272	1627.2816785300015	
1625.6316785300016	0.8250000000000455	WheelMovementIntervals													1.44310096120725
1627.2816785300015	1.22400000000016	WheelMovementIntervals													0.800346729265982
1629.6898480516297	4.341257743888946	trials	1.0	-1.0	0.0		0.125	0.2	1631.4759360916314	1631.4750705635443	1633.5310638916335	1631.1342702616312	1631.135270161631	1631.3496785300015	
1630.0766785300016	0.40200000000004366	WheelMovementIntervals													0.1458144323526085
1631.3496785300015	2.744000000000142	WheelMovementIntervals													-3.18164599083957
1634.7215115016347	2.509615157248845	trials	-1.0	1.0	1.5		0.0625	0.2	1635.6762160216356	1635.6761161259956	1636.7310771916368	1635.2345935216354	1635.2355600916353	1635.4926785300015	
1635.4926785300015	1.178000000000111	WheelMovementIntervals													0.4610687391471515
1637.900526901638	3.3002049974620604	trials	-1.0	-1.0	0.0	1.0		0.2	1638.6545514916386	1638.6535275855624	1640.7006801916407	1638.4677701716384	1638.4689033916384	1638.4576785300017	
1638.4576785300017	0.5559999999998126	WheelMovementIntervals													0.3541787502969669
1641.5576785300016	0.15499999999997272	WheelMovementIntervals													0.04422092200044858
1641.864130501642	3.2003411148054965	trials	-1.0	1.0	1.5		1.0	0.2	1643.5261642816436	1643.5260508137546	1644.5643604516447	1642.5142321516425	1642.5151987216425	1642.6956785300015	
1642.6956785300015	2.4780000000000655	WheelMovementIntervals													0.8784124869305572
1645.7251776916457	2.375525595964973	trials	-1.0	1.0	1.5		0.0625	0.2	1646.5589943016466	1646.5588856218633	1647.6006567916477	1646.2509251116462	1646.2518583516462	1646.3916785300016	
1646.3916785300016	1.09699999999998	WheelMovementIntervals													0.7210127668153063
1648.7687066416488	2.5119146475105936	trials	-1.0	1.0	1.5		0.125	0.2	1649.7287106316498	1649.728611092635	1650.7805721016507	1649.2307271016493	1649.2318269916493	1649.4516785300016	
1649.4516785300016	0.9670000000000982	WheelMovementIntervals													0.9439860960232238
1651.9540214116519	3.260036165361271	trials	-1.0	1.0	1.5		1.0	0.2	1653.6677166916536	1653.6676388448147	1654.7139787216547	1653.2843550316534	1653.2854882516533	1653.5086785300016	
1652.4396785300016	0.1879999999998745	WheelMovementIntervals													0.10541275721871557
1653.5086785300016	0.8959999999999582	WheelMovementIntervals													1.4481050924818533
1655.4536785300015	1.8540000000000418	WheelMovementIntervals													-0.4343074985894191
1655.8868614216558	9.243738201696488	trials	1.0	-1.0	0.0		0.0625	0.2	1662.5824584616626	1662.581587640534	1664.6305869616647	1661.6674833016616	1661.6684498716618	1661.8376785300015	
1657.7136785300015	0.1449999999999818	WheelMovementIntervals													-0.008278742782977133
1658.1686785300017	1.8450000000000273	WheelMovementIntervals													1.6326589105393907
1660.6636785300016	0.39400000000000546	WheelMovementIntervals													0.14378115090414667
1661.8376785300015	0.8949999999999818	WheelMovementIntervals													-0.40006514108949887
1663.8616785300017	1.2019999999999982	WheelMovementIntervals													1.0410002169208212
1665.8298003616658	2.384023813277281	trials	1.0	1.0	1.5	0.0625		0.2	1666.6581175216668	1666.6580079395771	1667.7137119516676	1666.3005866116664	1666.3014198616663	1666.3346785300016	
1666.3346785300016	1.4570000000001073	WheelMovementIntervals													-1.3078670179399126
1668.8834283016688	2.716525045404751	trials	-1.0	1.0	1.5		1.0	0.2	1670.04014595167	1670.0400376878963	1671.0999399616712	1669.5671265916696	1669.5681264916695	1669.7566785300016	
1669.7566785300016	1.9519999999999982	WheelMovementIntervals													0.8710440080449757
1672.2745558216723	2.756022365075296	trials	-1.0	1.0	1.5		0.0	0.2	1673.4761689816735	1673.4760642640208	1674.5304968716746	1672.8803619016728	1672.881395131673	1673.0506785300015	
1673.0506785300015	2.4240000000002055	WheelMovementIntervals													0.8505819733377109
1675.7001798916758	2.4468199053580975	trials	-1.0	1.0	1.5		1.0	0.2	1676.5832915716767	1676.5831859924658	1677.6469851916777	1676.3835782116764	1676.3847114316764	1676.3136785300017	
1676.3136785300017	0.7960000000000491	WheelMovementIntervals													1.0336980489511234
1677.6416785300016	0.33999999999991815	WheelMovementIntervals													0.08307075366082017
1678.8178014316788	3.945734599383968	trials	-1.0	1.0	1.5		0.125	0.2	1681.2050293516813	1681.2049205489031	1682.2634568316823	1680.966786511681	1680.967686421681	1681.0476785300016	
1679.1736785300016	1.0480000000000018	WheelMovementIntervals													-0.17256762597301645
1681.0476785300016	1.41599999999994	WheelMovementIntervals													0.8113642355307036
1683.4466385016835	3.6335316285194494	trials	-1.0	1.0	1.5		0.125	0.2	1685.5247640016855	1685.524654874331	1686.5801584516867	1685.117104771685	1685.118004681685	1685.1886785300017	
1683.6866785300017	0.6869999999998981	WheelMovementIntervals													0.2209343831603121
1685.1886785300017	1.606999999999971	WheelMovementIntervals													0.689568947782675
1687.7720725816878	4.074923097184637	trials	-1.0	1.0	1.5		1.0	0.2	1690.2877876516902	1690.2876856058238	1691.3469483916913	1689.93308979169	1689.93398970169	1690.0656785300016	
1688.1646785300015	0.3240000000000691	WheelMovementIntervals													0.0804177385003868
1688.7926785300017	0.5429999999998927	WheelMovementIntervals													0.5078968894850107
1690.0656785300016	1.6929999999999836	WheelMovementIntervals													1.1198156862889164
1692.5254971916925	2.491415315817221	trials	-1.0	1.0	1.5		0.0625	0.2	1693.4576039716935	1693.4575017988723	1694.5168313716945	1693.133436391693	1693.1343029716932	1693.2386785300016	
1693.2386785300016	1.303000000000111	WheelMovementIntervals													0.7574698103844355
1695.7015128916958	3.8821395593342913	trials	-1.0	1.0	1.5		1.0	0.2	1698.038345851698	1698.0382348973449	1699.0835413216992	1697.6969466616977	1697.6979465616978	1697.5676785300016	
1695.8286785300015	1.2170000000000982	WheelMovementIntervals													0.5167014174517419
1697.5676785300016	1.643000000000029	WheelMovementIntervals													1.6589644285091651
1700.2707559217004	2.892436666391859	trials	-1.0	1.0	1.5		0.125	0.2	1701.6028560317015	1701.6027714256375	1702.6631166617026	1700.7804382817008	1700.7813381917008	1700.9456785300017	
1700.9456785300017	1.9429999999999836	WheelMovementIntervals													-0.5906148554787762
1703.3906785300017	0.7409999999999854	WheelMovementIntervals													0.40295044117127077
1703.8533976217038	3.129616748363105	trials	1.0	1.0	1.5	1.0		0.2	1705.4192076917054	1705.419105000122	1706.4829013117064	1704.7998696317047	1704.8009028617048	1704.7726785300017	
1704.7726785300017	1.740000000000009	WheelMovementIntervals													-0.42429103583688743
1706.8276785300015	0.3420000000000982	WheelMovementIntervals													0.2876322804841891
1707.6730156217077	3.8569121544342124	trials	1.0	-1.0	0.0		0.0625	0.2	1708.981884721709	1708.981019065404	1711.0299132317111	1708.3963432817084	1708.3972431917084	1708.4236785300016	
1708.4236785300016	1.59900000000016	WheelMovementIntervals													-0.6150316458293901
1712.2195275917122	2.563735501308429	trials	1.0	1.0	1.5	0.25		0.2	1713.2296599017131	1713.229540395973	1714.2831878717143	1712.883127891713	1712.8841944517128	1713.0856785300016	
1713.0856785300016	0.9350000000001728	WheelMovementIntervals													-0.9198392550227368
1714.7176785300016	0.05300000000011096	WheelMovementIntervals													0.004366499009535119
1715.4733688417155	3.4094271449860116	trials	1.0	-1.0	0.0		0.125	0.2	1716.3161845517163	1716.3153748046593	1718.3827112117183	1715.979851521716	1715.980851421716	1716.1616785300016	
1716.1616785300016	1.8540000000000418	WheelMovementIntervals													1.2568546471263744
1719.8309997017197	2.5655090547772943	trials	-1.0	1.0	1.5		0.125	0.2	1720.8395988317209	1720.839502474956	1721.896393141722	1720.3630131617203	1720.3641797117205	1720.5086785300016	
1720.5086785300016	1.7140000000001692	WheelMovementIntervals													1.3245397022691066
1723.0748086217232	7.35485942422838	trials	1.0	1.0	1.5	0.0		0.2	1728.881161261729	1728.881053954902	1729.9295897417298	1723.6333194317237	1723.6341526817237	1728.3846785300016	
1723.9336785300018	0.14899999999988722	WheelMovementIntervals													0.0964574721282645
1725.3406785300017	0.06299999999987449	WheelMovementIntervals													0.014913378796904908
1725.7786785300016	0.07400000000006912	WheelMovementIntervals													0.02535027802562695
1728.3846785300016	2.0340000000001055	WheelMovementIntervals													0.8735716543405658
1730.7336785300017	0.6669999999999163	WheelMovementIntervals													0.0782642380191021
1731.113071381731	5.699756846548553	trials	1.0	-1.0	0.0		0.0	0.2	1734.2624230817344	1734.2614016768919	1736.3127513617362	1733.2831543517334	1733.2841209217333	1733.4216785300016	
1731.8456785300016	0.7920000000001437	WheelMovementIntervals													-0.231007754175522
1733.4216785300016	0.7989999999999782	WheelMovementIntervals													-0.276152929515149
1737.3786785300017	0.18399999999996908	WheelMovementIntervals													0.042628731402857056
1737.4980328217375	3.634832848192218	trials	-1.0	-1.0	0.0	0.0		0.2	1738.5697589717386	1738.5687416140872	1740.6327859817407	1738.2661560017382	1738.2670892417382	1738.4126785300016	
1738.4126785300016	1.2180000000000746	WheelMovementIntervals													0.7593250664438074
1741.8101682317417	2.569109342394313	trials	1.0	1.0	1.5	1.0		0.2	1742.8197672617428	1742.8196707239138	1743.8792279717438	1742.3794779617424	1742.3804112017424	1742.5296785300018	
1742.5296785300018	1.6849999999999454	WheelMovementIntervals													-0.5404498959562432
1745.062876261745	2.4165206024301824	trials	-1.0	1.0	1.5		0.25	0.2	1745.928089731746	1745.9279825633562	1746.979317931747	1745.6493509417458	1745.6503841717456	1745.6216785300016	
1745.6216785300016	1.8610000000001037	WheelMovementIntervals													1.1701232018333485
1747.9686785300016	0.7690000000000055	WheelMovementIntervals													0.7596059232952541
1748.1695988917481	4.976528946837561	trials	-1.0	1.0	1.5		0.25	0.2	1751.5833241517516	1751.5832166898135	1752.6460178717527	1750.5322292717506	1750.5333624917505	1750.6416785300016	
1749.2976785300016	0.6240000000000236	WheelMovementIntervals													-0.15951314238114378
1750.6416785300016	3.354000000000042	WheelMovementIntervals													0.7856478591882592
1753.8717286217538	2.4406185468321837	trials	-1.0	1.0	1.5		0.0625	0.2	1754.7343423517548	1754.7342341159463	1755.8123012117558	1754.5656925517546	1754.5666924517545	1754.5246785300017	
1754.5246785300017	0.9710000000000036	WheelMovementIntervals													0.5584169804312751
1755.7636785300017	0.33600000000001273	WheelMovementIntervals													-0.2229930834997731
1757.005148581757	3.1407441412966364	trials	1.0	1.0	1.5	0.125		0.2	1758.5854572017586	1758.5853697845575	1759.6458511517596	1758.1491008417581	1758.1500007517582	1758.2416785300018	
1757.0826785300017	0.39200000000005275	WheelMovementIntervals													0.21438046846881775
1758.2416785300018	1.8809999999998581	WheelMovementIntervals													-0.4234496005780386
1760.8254998417608	2.873511671621145	trials	1.0	1.0	1.5	0.25		0.2	1762.146701041762	1762.1466038285596	1763.1988958117631	1761.5493607817616	1761.5503273517616	1761.5566785300016	
1761.5566785300016	2.076999999999998	WheelMovementIntervals													-0.2918757187426593
1763.9366785300017	0.12200000000007094	WheelMovementIntervals													0.014178305938173708
1764.3844105817643	2.4947153980917847	trials	1.0	1.0	1.5	1.0		0.2	1765.3308159317653	1765.3307152846546	1766.3790444317665	1764.962552761765	1764.963619321765	1765.1306785300017	
1765.1306785300017	2.0620000000001255	WheelMovementIntervals													-0.8312357945687552
1767.5596263617676	4.819545540458876	trials	1.0	-1.0	0.0		0.0	0.2	1769.8209335417698	1769.8201463145942	1771.8790610417718	1769.5155640817695	1769.5166639717695	1769.6916785300018	
1767.7586785300016	0.6550000000002001	WheelMovementIntervals													-0.11743214470007501
1768.6826785300018	0.32799999999997453	WheelMovementIntervals													-0.0724007144936536
1769.6916785300018	0.47100000000000364	WheelMovementIntervals													-1.2314673350639112
1772.6076785300017	0.18599999999992178	WheelMovementIntervals													0.07870023641271473
1773.072475021773	2.609931745209451	trials	-1.0	1.0	1.5		1.0	0.2	1774.1316690917743	1774.131587092399	1775.182297351775	1773.5821573817736	1773.5829239717737	1773.7886785300018	
1773.7886785300018	1.0799999999999272	WheelMovementIntervals													1.0166523566945784
1775.3506785300017	0.11200000000008004	WheelMovementIntervals													-0.04210915864379672
1776.2926785300017	0.25500000000010914	WheelMovementIntervals													0.08645912220561058
1776.3637125317764	2.582108272827327	trials	1.0	1.0	1.5	0.25		0.2	1777.3932095717773	1777.39311463388	1778.4457043117784	1777.0454776817771	1777.046577571777	1777.1876785300017	
1777.1876785300017	2.6820000000000164	WheelMovementIntervals													-0.7133504099871004
1779.6300192017798	2.7656190072659683	trials	-1.0	1.0	1.5		0.25	0.2	1780.843431181781	1780.8433266630543	1781.8955592917819	1780.3990089617805	1780.3999088717803	1780.4966785300016	
1780.4966785300016	1.45900000000006	WheelMovementIntervals													1.0972537540813505
1783.0839404417832	2.44471758124223	trials	-1.0	1.0	1.5		1.0	0.2	1783.982850541784	1783.9827461702607	1785.028579291785	1783.5654256217836	1783.5662255417835	1783.6626785300018	
1783.6626785300018	2.617999999999938	WheelMovementIntervals													0.9091444670992246
1786.2172604117861	2.6647284471318926	trials	-1.0	1.0	1.5		0.125	0.2	1787.3245830017872	1787.3244709852213	1788.3819105917885	1786.7485406117867	1786.7495405117868	1786.9836785300017	
1786.9836785300017	1.3979999999999109	WheelMovementIntervals													1.061765542901469
1789.5406785300017	0.2159999999998945	WheelMovementIntervals													-0.045770310405060854
1789.5639923717895	8.384757753970916	trials	1.0	-1.0	0.0		0.0625	0.2	1795.3811772617953	1795.380330353519	1797.4487038217974	1790.3622792017904	1790.3631791117905	1790.8556785300018	
1790.8556785300018	0.8650000000000091	WheelMovementIntervals													-0.24989259373052164
1795.1456785300018	0.6209999999998672	WheelMovementIntervals													-0.34763528943648225
1798.5516785300017	0.33600000000001273	WheelMovementIntervals													-0.20134734327356796
1798.6372516217987	6.34125846630468	trials	1.0	-1.0	0.0		1.0	0.2	1802.4198733218025	1802.4187846984612	1804.4784007818046	1801.1787307818013	1801.1797973418013	1801.3646785300018	
1799.2296785300018	1.5319999999999254	WheelMovementIntervals													0.9237504933475122
1801.3646785300018	1.8940000000000055	WheelMovementIntervals													-0.392831885798131
1805.6866132818056	2.5284108079601992	trials	-1.0	1.0	1.5		0.0625	0.2	1806.6442175118066	1806.64411661736	1807.7149104318078	1806.2820204018062	1806.2831202918062	1806.4376785300017	
1806.4376785300017	2.7640000000001237	WheelMovementIntervals													0.5418102717456748
1808.907424501809	3.307629848073475	trials	-1.0	1.0	1.5		1.0	0.2	1810.6482504018106	1810.6481386312078	1811.7150103818117	1810.1953290318102	1810.1960956218102	1810.3616785300017	
1810.3616785300017	1.913000000000011	WheelMovementIntervals													-1.2380892130516088
1812.915057031813	9.729985615645319	trials	-1.0	1.0	1.5		0.125	0.2	1821.0746076618211	1821.0745263124722	1822.1449672818221	1813.4948990418136	1813.4957656218135	1813.6106785300017	
1813.6106785300017	0.40300000000002	WheelMovementIntervals													0.17112324169181647
1814.5696785300017	0.32600000000002183	WheelMovementIntervals													-0.062333503544039104
1817.2276785300016	0.1790000000000873	WheelMovementIntervals													0.03510661259102221
1820.2446785300017	1.4529999999999745	WheelMovementIntervals													0.498700886320961
1822.0376785300018	0.2949999999998454	WheelMovementIntervals													-0.027007828303112547
1822.6366785300017	0.8240000000000691	WheelMovementIntervals													0.43375262733371756
1823.3604457218235	2.4510173627163567	trials	-1.0	1.0	1.5		1.0	0.2	1824.2630221218242	1824.262951010414	1825.3114172718253	1823.997715321824	1823.998715221824	1824.1076785300017	
1824.1076785300017	1.8990000000001146	WheelMovementIntervals													0.6011502398839923
1826.5089641718266	9.922668397817688	trials	-1.0	1.0	1.5		0.25	0.2	1834.885226461835	1834.8851193769638	1835.931521821836	1828.2483235518282	1828.2493567818283	1833.5446785300016	
1826.9966785300016	0.49700000000007094	WheelMovementIntervals													0.13246356113666025
1833.3196785300017	0.07799999999997453	WheelMovementIntervals													-0.026980453980229413
1833.5446785300016	2.8580000000001746	WheelMovementIntervals													0.4585495022792827
1837.1405342418373	2.9741295601349975	trials	-1.0	1.0	1.5		0.125	0.2	1838.5624253718386	1838.5623469391783	1839.6145534818397	1838.027778841838	1838.028645421838	1838.1826785300018	
1838.1826785300018	2.620999999999867	WheelMovementIntervals													0.6065152116359798
1840.8122670318407	20.115245982607576	trials	1.0	-1.0	0.0		0.125	0.2	1858.3599120918584	1858.3590917576712	1860.4274386518605	1841.5110971418414	1841.5119637218415	1841.7376785300019	
1841.7376785300019	0.22899999999981446	WheelMovementIntervals													0.12985539784963862
1845.4696785300018	0.7100000000000364	WheelMovementIntervals													-0.2585756279343059
1846.5176785300018	0.5649999999998272	WheelMovementIntervals													-0.14571167464663404
1851.0336785300017	0.7699999999999818	WheelMovementIntervals													-0.1802522927993664
1855.0996785300017	0.8949999999999818	WheelMovementIntervals													0.11537187935635984
1857.5586785300018	2.5799999999999272	WheelMovementIntervals													1.847408375840331
1861.6615152318616	3.765921296368333	trials	1.0	-1.0	0.0		0.0	0.2	1862.862895081863	1862.86212106489	1864.927388611865	1862.3308482918624	1862.3318815218624	1862.5386785300018	
1862.5386785300018	0.9960000000000946	WheelMovementIntervals													-1.1880812070973548
1865.8746785300018	0.5470000000000255	WheelMovementIntervals													0.1935937867514781
1866.111536851866	3.849441065908877	trials	1.0	-1.0	0.0		0.0	0.2	1867.4058740718674	1867.4048496410285	1869.4608685518695	1866.9142565718669	1866.9155231118668	1867.1286785300017	
1867.1286785300017	0.6880000000001019	WheelMovementIntervals													-0.305175156040292
1870.6611818418708	3.119817787735201	trials	-1.0	1.0	1.5		0.25	0.2	1872.2269919118723	1872.226889263223	1873.2808865118734	1871.1973615518712	1871.1981948018713	1871.3866785300017	
1871.3866785300017	2.508000000000038	WheelMovementIntervals													1.1165773636373046
1874.4797999418745	2.5506084736116463	trials	-1.0	1.0	1.5		1.0	0.2	1875.4620017118755	1875.461902434515	1876.5303615318765	1875.060808501875	1875.0618417318751	1875.2056785300017	
1875.2056785300017	2.3400000000001455	WheelMovementIntervals													1.1631133239089024
1877.7303081918778	2.913733927576459	trials	-1.0	1.0	1.5		0.0625	0.2	1879.081439731879	1879.0813225321026	1880.1439668018802	1878.7605718218788	1878.7614717318788	1878.8886785300017	
1878.1166785300018	0.13200000000006185	WheelMovementIntervals													0.034492985643936436
1878.8886785300017	1.7910000000001673	WheelMovementIntervals													0.7272734582269891
1881.0576785300018	0.1169999999999618	WheelMovementIntervals													0.016101936444982812
1881.3461465718813	2.550909619300228	trials	-1.0	1.0	1.5		0.0625	0.2	1882.3526459118823	1882.3525491833736	1883.3970414618834	1881.8975247618819	1881.8984580018819	1882.0506785300017	
1882.0506785300017	0.8390000000001692	WheelMovementIntervals													0.40230289487732307
1884.5948550018845	3.2355348798505474	trials	-1.0	1.0	1.5		0.25	0.2	1886.2882856418862	1886.2881722095544	1887.3303147618874	1885.7940684018859	1885.7951349618859	1885.9896785300018	
1884.6126785300019	0.5979999999999563	WheelMovementIntervals													-0.1875640430552039
1885.9896785300018	1.7129999999999654	WheelMovementIntervals													-1.0309110457176587
1888.5280949718885	21.06924884009618	trials	-1.0	1.0	1.5		0.0625	0.2	1908.0389436919081	1908.0388309500797	1909.097271181909	1889.060675041889	1889.061774931889	1906.9786785300018	
1889.7346785300017	0.10400000000004184	WheelMovementIntervals													-0.04716076745103237
1898.4006785300019	0.7559999999998581	WheelMovementIntervals													0.08776723459007485
1902.937678530002	0.76299999999992	WheelMovementIntervals													-0.07292718139240151
1906.9786785300018	1.4909999999999854	WheelMovementIntervals													0.5955291639198208
1908.821678530002	0.17300000000000182	WheelMovementIntervals													0.021995670952293267
1910.3391469819103	2.657726599123407	trials	1.0	1.0	1.5	0.125		0.2	1911.4313710819115	1911.4312566792328	1912.4967645319125	1911.043576531911	1911.0446764219112	1911.2806785300018	
1911.2806785300018	2.7129999999999654	WheelMovementIntervals													-0.6341147877816979
1913.7064768819137	4.440217849861256	trials	-1.0	1.0	1.5		0.0625	0.2	1916.5853889619166	1916.5852871581533	1917.6466828219177	1916.2435898119163	1916.2446563719163	1916.4016785300018	
1915.053678530002	0.5259999999998399	WheelMovementIntervals													-0.34479520554162946
1916.4016785300018	3.050999999999931	WheelMovementIntervals													0.9540028727326728
1918.8554952619188	2.954727765698408	trials	-1.0	1.0	1.5		0.25	0.2	1920.2538220819204	1920.2537074545528	1921.3102164319214	1919.95998480192	1919.96101803192	1920.080678530002	
1920.080678530002	2.158999999999878	WheelMovementIntervals													0.8206653781914781
1922.5343273419226	2.528836352002827	trials	-1.0	1.0	1.5		0.25	0.2	1923.5061301519236	1923.5060401575279	1924.5631244419246	1923.0634077619231	1923.0643076719232	1923.302678530002	
1923.302678530002	1.51299999999992	WheelMovementIntervals													0.5976968097858446
1925.7734700619258	3.50681119985461	trials	-1.0	1.0	1.5		1.0	0.2	1927.7276746219277	1927.7275746311404	1928.7802026919287	1927.3100163919273	1927.3109496319273	1927.455678530002	
1926.225678530002	0.5139999999998963	WheelMovementIntervals													-0.08674864267175053
1927.455678530002	1.640999999999849	WheelMovementIntervals													0.826651992237629
1930.00737996193	2.452716895257481	trials	-1.0	1.0	1.5		0.0625	0.2	1930.902490441931	1930.9023850323586	1931.960084671932	1930.6931447119307	1930.6939446319307	1930.7226785300018	
1930.7226785300018	0.8570000000001983	WheelMovementIntervals													0.7058015555940642
1933.1616978319332	4.451546253963443	trials	1.0	-1.0	0.0		0.0625	0.2	1935.048242491935	1935.0474161547331	1937.113202641937	1934.2635209719342	1934.2646541919344	1934.533678530002	
1933.4786785300018	0.2799999999999727	WheelMovementIntervals													0.19904512530675333
1934.533678530002	1.0109999999999673	WheelMovementIntervals													-0.5957032684360968
1938.3260480119384	2.6541254813548676	trials	-1.0	1.0	1.5		1.0	0.2	1939.4219384119394	1939.4218577066936	1940.4801325819406	1939.060107931939	1939.0609078519392	1939.0566785300018	
1939.0566785300018	1.308999999999969	WheelMovementIntervals													0.9957681091611335
1941.6943778119416	10.585267535370576	trials	-1.0	1.0	1.5		0.0	0.2	1950.7152423019506	1950.7151328089235	1951.7796025219518	1942.4431362619425	1942.4442361519425	1949.6256785300018	
1942.5876785300018	0.11700000000018917	WheelMovementIntervals													0.08681177352289637
1943.109678530002	0.6779999999998836	WheelMovementIntervals													0.04788549857553903
1948.1336785300018	1.0470000000000255	WheelMovementIntervals													-0.05302774826691348
1949.6256785300018	0.5180000000000291	WheelMovementIntervals													-0.10901336392117855
1950.428678530002	1.844000000000051	WheelMovementIntervals													-0.46087638922500673
1953.003746761953	2.409118887076602	trials	-1.0	1.0	1.5		1.0	0.2	1953.8513619919538	1953.8512523508787	1954.912822501955	1953.5261611819535	1953.5271944119536	1953.665678530002	
1953.665678530002	2.175999999999931	WheelMovementIntervals													0.8941226043550614
1956.130567381956	2.415617223672598	trials	-1.0	1.0	1.5		0.125	0.2	1956.984082021957	1956.9839727602769	1958.046075811958	1956.6260178319567	1956.6268510819566	1956.791678530002	
1956.791678530002	0.5249999999998636	WheelMovementIntervals													0.31927502902289007
1957.5376785300018	1.6030000000000655	WheelMovementIntervals													-1.7353353528966409
1959.2659871419594	2.4435167367698796	trials	-1.0	1.0	1.5		0.0625	0.2	1960.1575979719603	1960.157492153752	1961.2094594419611	1959.7927677919597	1959.7938343519597	1959.9516785300018	
1959.9516785300018	0.6630000000000109	WheelMovementIntervals													0.7790269645078922
1962.4216048819624	7.357955833425422	trials	1.0	1.0	1.5	0.0625		0.8	1968.2243578819682	1968.2242473361612	1969.2795190219692	1962.962484121963	1962.963484021963	1963.367678530002	
1963.367678530002	0.7459999999998672	WheelMovementIntervals													-0.15888743488008572
1966.8146785300019	2.05600000000004	WheelMovementIntervals													0.6504102814203634
1969.3626785300019	0.2139999999999418	WheelMovementIntervals													0.043947281157585394
1970.4966639619706	2.3793200152440477	trials	1.0	1.0	1.5	0.0625		0.8	1971.3222813919713	1971.3221702123683	1972.3759093519725	1970.959217701971	1970.9601176119709	1971.147678530002	
1971.147678530002	1.5319999999999254	WheelMovementIntervals													-1.0535493826148752
1973.5950874219736	2.597830494997879	trials	-1.0	1.0	1.5		1.0	0.8	1974.6425160019746	1974.6423985065367	1975.6928109619757	1974.2625540019742	1974.2634205819743	1974.4506785300018	
1974.4506785300018	0.7760000000000673	WheelMovementIntervals													0.7444437858880804
1976.910522511977	2.718821189177561	trials	-1.0	1.0	1.5		1.0	0.8	1978.0717397119781	1978.0716302799008	1979.129267281979	1977.6293839519776	1977.6304171819777	1977.755678530002	
1977.755678530002	1.6099999999999	WheelMovementIntervals													0.9983749185551858
1980.3469455019804	2.8154152140614315	trials	1.0	1.0	1.5	0.125		0.8	1981.5991536019817	1981.5990509339651	1982.6622472819827	1980.8760925819809	1980.8770591519808	1981.101678530002	
1981.101678530002	1.4400000000000546	WheelMovementIntervals													-0.8545896400247841
1982.8656785300018	0.6030000000000655	WheelMovementIntervals													0.42021929058401497
1984.1802621319841	2.5288342165667927	trials	1.0	1.0	1.5	0.125		0.8	1985.1407660719851	1985.1406743673392	1986.2090592319862	1984.792267591985	1984.7930675119849	1984.983678530002	
1984.983678530002	1.05600000000004	WheelMovementIntervals													-0.5626749618973292
1987.4323035619875	3.9267316225816558	trials	1.0	1.0	1.5	0.25		0.8	1989.8076993319899	1989.8076214809735	1990.8589941919909	1988.062607191988	1988.063707081988	1989.626678530002	
1989.626678530002	1.0789999999999509	WheelMovementIntervals													-0.6715487713241259
1992.0811386319922	2.4978111088480546	trials	1.0	1.0	1.5	0.25		0.8	1993.017844951993	1993.017741672563	1994.0788721719941	1992.6123188419926	1992.6133520719927	1992.7866785300018	
1992.7866785300018	1.1920000000000073	WheelMovementIntervals													-0.3415353734407631
1995.3093491119953	2.9664275754664686	trials	1.0	1.0	1.5	1.0		0.8	1996.7226744319967	1996.722560819794	1997.7757024519979	1995.7589374819959	1995.7600040419957	1995.9486785300019	
1995.9486785300019	3.2590000000000146	WheelMovementIntervals													0.3039081604445073
1999.002979711999	2.659324886753211	trials	1.0	1.0	1.5	0.0625		0.8	2000.102669732	2000.1025887619921	2001.162197102001	1999.7957004319999	1999.7966670019998	1999.9616785300018	
1999.9616785300018	0.8800000000001091	WheelMovementIntervals													-0.6273603296517649
2002.3905075920025	3.4211188798303738	trials	1.0	-1.0	0.0		0.0625	0.8	2003.2563210020032	2003.2551116052407	2005.3115821220053	2002.9087224320028	2002.9096556720028	2003.0736785300019	
2003.0736785300019	0.6690000000000964	WheelMovementIntervals													-0.3029750790801131
2006.5312268120065	3.561034331883775	trials	1.0	-1.0	0.0		0.0625	0.8	2007.5452920620075	2007.5444360112895	2009.5922206820096	2006.992147382007	2006.993313932007	2007.186678530002	
2007.186678530002	0.6990000000000691	WheelMovementIntervals													-0.4590127430377322
2008.110678530002	0.1430000000000291	WheelMovementIntervals													-0.012834405005975213
2010.8090656520108	2.6163277061123154	trials	1.0	1.0	1.5	0.125		0.8	2011.875259022012	2011.8751761268284	2012.925320672013	2011.4954303420116	2011.4962635920115	2011.6516785300018	
2011.6516785300018	0.8759999999999764	WheelMovementIntervals													-0.3630147638405674
2014.1473984520142	3.814613586321002	trials	1.0	-1.0	0.0		0.0	0.8	2015.4109387520155	2015.4100019559933	2017.4619669620174	2014.895157002015	2014.895923592015	2015.118678530002	
2015.118678530002	0.4490000000000691	WheelMovementIntervals													-0.4031481917261601
2018.6876110520186	2.3711220108093585	trials	1.0	1.0	1.5	0.25		0.8	2019.5093288720195	2019.509217292859	2020.5586572620207	2019.2254572620193	2019.2265904820192	2019.376678530002	
2019.376678530002	0.8450000000000273	WheelMovementIntervals													-0.5915434929447656
2020.826678530002	0.1089999999999236	WheelMovementIntervals													-0.026589303883554294
2021.311678530002	0.19499999999993634	WheelMovementIntervals													-0.01170239232172321
2021.7853345820217	6.589661601693251	trials	-1.0	-1.0	0.0	0.0625		0.8	2025.822897452026	2025.8220710932035	2027.8748922320278	2022.2449552820224	2022.2458885220224	2024.425678530002	
2024.425678530002	2.741999999999962	WheelMovementIntervals													1.6555302013064193
2029.121100932029	2.4041183306478615	trials	1.0	1.0	1.5	0.0625		0.8	2029.96378332203	2029.963706305178	2031.025143842031	2029.6618135220297	2029.6628800820297	2029.8436785300019	
2029.8436785300019	0.8840000000000146	WheelMovementIntervals													-1.0435460586895715
2032.2543209120322	2.5410070540151537	trials	1.0	1.0	1.5	0.25		0.8	2033.2205242820332	2033.2204228335909	2034.2952501320344	2032.894690202033	2032.8955234520329	2033.058678530002	
2033.058678530002	0.7529999999999291	WheelMovementIntervals													-0.8064397018925149
2035.5223274120356	3.602528257548329	trials	1.0	-1.0	0.0		0.0	0.8	2036.5568572820366	2036.5560349463624	2038.6248504620387	2036.2586204420363	2036.2595203520364	2036.425678530002	
2036.425678530002	0.6920000000000073	WheelMovementIntervals													-1.246748803863312
2039.87155911204	2.4201169540124283	trials	1.0	1.0	1.5	1.0		0.8	2040.7331729420407	2040.7330640793416	2041.791633752042	2040.4284367520404	2040.4295033120404	2040.576678530002	
2040.576678530002	0.8669999999999618	WheelMovementIntervals													-1.136241365443226
2043.022877282043	2.468637897973167	trials	-1.0	1.0	1.5		0.25	0.8	2043.929786582044	2043.9296901012294	2044.991447072045	2043.5783550620436	2043.5791549820435	2043.780678530002	
2043.780678530002	1.3659999999999854	WheelMovementIntervals													-0.4334554591782478
2045.4976785300018	1.2350000000001273	WheelMovementIntervals													-0.5537376789610278
2046.2351226920462	3.0766176589361294	trials	1.0	1.0	1.5	0.0625		0.8	2047.7494379120478	2047.7493299066791	2048.8116650120487	2047.2946167320474	2047.2954833120473	2047.492678530002	
2047.492678530002	1.102999999999838	WheelMovementIntervals													-0.8249266098758596
2049.325678530002	0.15300000000024738	WheelMovementIntervals													-0.023087621123238478
2050.05284088205	6.658655683321285	trials	1.0	-1.0	0.0		0.0625	0.8	2054.1404320820543	2054.139473829245	2056.2113916320563	2050.541392022051	2050.5424585820506	2053.930678530002	
2053.930678530002	0.5190000000002328	WheelMovementIntervals													-0.6220559422503982
2057.4553005620573	2.41941648796319	trials	1.0	1.0	1.5	0.25		0.8	2058.3303130520585	2058.3302054395494	2059.3746419420595	2057.958383582058	2057.959416812058	2058.109678530002	
2058.109678530002	0.9520000000002256	WheelMovementIntervals													-1.0190426603398635
2060.6123181620605	9.095848089571973	trials	1.0	1.0	1.5	0.0625		0.8	2068.162163102068	2068.162055587315	2069.2080918320694	2063.061106592063	2063.062073162063	2067.831678530002	
2060.733678530002	1.6459999999997308	WheelMovementIntervals													-0.6099982662116474
2067.831678530002	1.806999999999789	WheelMovementIntervals													-0.9796394153238737
2070.4566669620704	2.671422750497186	trials	-1.0	1.0	1.5		0.25	0.8	2071.5776881820716	2071.577575249226	2072.628049802073	2071.0944365120713	2071.0953697520713	2071.272678530002	
2071.272678530002	1.1030000000000655	WheelMovementIntervals													0.5098512744514494
2073.683678530002	0.7680000000000291	WheelMovementIntervals													-1.0562144105803952
2073.870592202074	7.057479935284391	trials	-1.0	1.0	1.5		0.0625	0.8	2079.362342972079	2079.3622528461196	2080.4279697320803	2076.4911634520763	2076.4920633620764	2076.438678530002	
2074.785678530002	1.0670000000000073	WheelMovementIntervals													-0.546918600816241
2076.438678530002	2.43100000000004	WheelMovementIntervals													0.21629729184687108
2079.241678530002	2.6970000000001164	WheelMovementIntervals													2.918692200375915
2081.6746783820818	8.453345626182	trials	1.0	1.0	1.5	1.0		0.8	2088.5574233720886	2088.5573130879193	2089.62794964209	2082.5574900920824	2082.5583233420825	2088.426678530002	
2088.426678530002	2.2580000000002656	WheelMovementIntervals													-0.8031683732491217
2090.876424782091	2.3348213692247555	trials	1.0	1.0	1.5	1.0		0.8	2091.6544469720916	2091.654330902273	2092.7112079520925	2091.357843302091	2091.3589431920914	2091.461678530002	
2091.461678530002	1.524000000000342	WheelMovementIntervals													-0.7140649997663786
2093.966349092094	2.474412281420882	trials	1.0	1.0	1.5	0.0625		0.8	2094.8747582420947	2094.8746524991034	2095.940751632096	2094.5574566420946	2094.558589862095	2094.703678530002	
2094.703678530002	1.0579999999999927	WheelMovementIntervals													-0.5464434164962029
2097.178861142097	3.5653331922417237	trials	1.0	-1.0	0.0		0.125	0.8	2098.1749281920984	2098.1739695689544	2100.2440879221003	2097.810731282098	2097.8115978620976	2098.008678530002	
2098.008678530002	0.5990000000001601	WheelMovementIntervals													-0.6394732009022732
2101.4807975721014	2.5934287971531376	trials	1.0	1.0	1.5	0.25		0.8	2102.5198936521024	2102.5198079072643	2103.5741215521034	2102.2241898921025	2102.2252231221023	2102.356678530002	
2102.356678530002	0.6970000000001164	WheelMovementIntervals													-0.9399292627577722
2103.903678530002	3.6140000000000327	WheelMovementIntervals													2.3554100596786895
2104.815430742105	5.725446317231217	trials	1.0	1.0	1.5	0.25		0.8	2108.988646712109	2108.9885630438084	2110.04084148211	2108.710274552109	2108.7112411221087	2108.745678530002	
2108.745678530002	1.1010000000001128	WheelMovementIntervals													-0.4189477808463664
2110.180678530002	0.3720000000002983	WheelMovementIntervals													-0.06868076305116233
2110.881678530002	0.22000000000025466	WheelMovementIntervals													0.04061293283376699
2111.6212834221114	2.5526047950202155	trials	1.0	1.0	1.5	0.125		0.8	2112.6109844421126	2112.610884505693	2113.6738448121137	2112.110867792112	2112.1118676921124	2112.248678530002	
2112.248678530002	1.03899999999976	WheelMovementIntervals													-0.32772254631697706
2113.567678530002	0.07999999999992724	WheelMovementIntervals													-0.010831157958421045
2114.918187032115	2.572629620346106	trials	1.0	1.0	1.5	1.0		0.8	2115.941118062116	2115.9409976156717	2116.990746422117	2115.5440911021155	2115.5451909921157	2115.515678530002	
2115.515678530002	1.4149999999999636	WheelMovementIntervals													-0.3058583189898343
2118.240721412118	4.636127454496091	trials	1.0	1.0	1.5	0.125		0.8	2121.3335454321214	2121.3334377254787	2122.3768077621226	2120.927286062121	2120.928152642121	2121.103678530002	
2118.594678530002	0.5180000000000291	WheelMovementIntervals													-0.26051641456697894
2119.621678530002	0.7239999999997053	WheelMovementIntervals													-0.08575406496791516
2121.103678530002	0.5149999999998727	WheelMovementIntervals													-0.3679150684134527
2123.6229498021235	2.517633839906921	trials	1.0	1.0	1.5	1.0		0.8	2124.5850535821246	2124.5849615863444	2125.6404813621257	2124.2238230421244	2124.2248562721243	2124.383678530002	
2124.383678530002	0.2980000000002292	WheelMovementIntervals													-0.3691401756050823
2125.097678530002	0.1269999999999527	WheelMovementIntervals													0.008670477009786737
2126.889189812127	2.6513227491191174	trials	1.0	1.0	1.5	0.0		0.8	2127.982380482128	2127.98229836674	2129.040408002129	2127.4935627021273	2127.4944626121273	2127.6736785300022	
2127.6736785300022	1.56899999999996	WheelMovementIntervals													-0.3970310003588793
2129.512678530002	0.26399999999966894	WheelMovementIntervals													0.13080583159361936
2130.28941642213	2.3874175081605244	trials	1.0	1.0	1.5	0.0625		0.8	2131.122199802131	2131.122121831209	2132.176727672132	2130.8268293421306	2130.827795912131	2130.973678530002	
2130.973678530002	0.6539999999999964	WheelMovementIntervals													-0.32750261921211177
2131.863678530002	0.2430000000003929	WheelMovementIntervals													0.04220219478364129
2132.246678530002	0.4110000000000582	WheelMovementIntervals													0.01764390449613984
2133.4191367521335	2.5878013262772583	trials	1.0	1.0	1.5	1.0		0.2	2134.4553331221346	2134.4552364823894	2135.5068946221354	2133.9237862821337	2133.924752852134	2134.062678530002	
2134.062678530002	1.4590000000002874	WheelMovementIntervals													-0.6203337911101414
2136.7608358821367	3.382646445154478	trials	1.0	-1.0	0.0		0.25	0.2	2137.5914194821376	2137.590446537274	2139.6434475921396	2137.2435209421374	2137.2444208521374	2137.378678530002	
2137.378678530002	0.4079999999999018	WheelMovementIntervals													-0.3109439300720851
2140.8959889921407	3.3644219380985305	trials	1.0	-1.0	0.0		0.0625	0.2	2141.7010751421417	2141.7001935189523	2143.7603025321437	2141.356776242141	2141.357742812141	2141.325678530002	
2141.325678530002	3.2510000000002037	WheelMovementIntervals													0.8925421043731774
2144.8566785300022	0.8589999999999236	WheelMovementIntervals													0.9014818283374382
2144.998012082145	4.191934679600308	trials	1.0	-1.0	0.0		0.125	0.2	2146.634381762147	2146.633424441405	2148.689876192149	2146.3068145221464	2146.3077144321464	2146.482678530002	
2146.482678530002	0.7390000000000327	WheelMovementIntervals													-0.9171539929991468
2149.506678530002	0.6140000000000327	WheelMovementIntervals													-0.1077744565762373
2149.95614955215	3.3007249949946527	trials	-1.0	1.0	1.5		1.0	0.2	2151.7077743721516	2151.7076617543216	2152.756802792153	2150.6932425021505	2150.6943423921507	2150.889678530002	
2150.889678530002	3.092999999999847	WheelMovementIntervals													0.4773669154719187
2154.006877772154	6.099342615885234	trials	-1.0	1.0	1.5		0.125	0.2	2158.5556228521586	2158.5555080617537	2159.6061844521596	2154.626415812155	2154.6273157221544	2157.466678530002	
2157.466678530002	2.1840000000001965	WheelMovementIntervals													0.47694089119417526
2160.881723552161	2.57812820709114	trials	-1.0	1.0	1.5		1.0	0.2	2161.894722242162	2161.8946338485584	2162.959815722163	2161.5263924121614	2161.5272923221614	2161.700678530002	
2161.700678530002	1.1720000000000255	WheelMovementIntervals													0.49140543994275276
2163.274678530002	0.48900000000003274	WheelMovementIntervals													0.06485895894934401
2164.2097573821643	3.933428394629118	trials	1.0	-1.0	0.0		0.25	0.2	2165.5892860821655	2165.5884662832545	2167.6431140121676	2164.873091042165	2164.873957622165	2165.319678530002	
2165.319678530002	0.5760000000000218	WheelMovementIntervals													-0.3681799592774837
2168.906087702169	3.0536174821968416	trials	-1.0	1.0	1.5		0.25	0.2	2170.39180578217	2170.391695234372	2171.4596323221713	2169.5064276621697	2169.5072609121694	2170.215678530002	
2170.215678530002	0.7399999999997817	WheelMovementIntervals													0.7444372832609645
2171.487678530002	0.6059999999997672	WheelMovementIntervals													0.11745506732438571
2172.712707002173	2.380616214584734	trials	-1.0	1.0	1.5		1.0	0.2	2173.5273255321736	2173.5272118655557	2174.5933189221746	2173.2066909321734	2173.2075908421734	2173.399678530002	
2173.399678530002	0.8920000000002801	WheelMovementIntervals													0.8361320727752286
2175.8579257821757	15.898328106940426	trials	1.0	-1.0	0.0		0.0625	0.2	2189.1975250221894	2189.1965307461724	2191.2561524721914	2176.356209282176	2176.3572425121765	2176.565678530002	
2176.565678530002	0.7179999999998472	WheelMovementIntervals													0.16044746448392289
2177.547678530002	0.5380000000000109	WheelMovementIntervals													-0.06778347092850368
2182.100678530002	0.8360000000002401	WheelMovementIntervals													-0.2602114375933411
2188.775678530002	1.3240000000000691	WheelMovementIntervals													0.39631576642025834
2190.828678530002	0.08699999999998909	WheelMovementIntervals													-0.009306225863952022
2191.397678530002	0.17399999999997817	WheelMovementIntervals													-0.017373716159397645
2191.918678530002	0.056999999999789	WheelMovementIntervals													-0.011216924076023815
2192.426678530002	0.1790000000000873	WheelMovementIntervals													-0.01827907471536605
2192.5432570821927	13.76587733533097	trials	-1.0	1.0	1.5		0.0625	0.2	2204.7526360222046	2204.752523011868	2205.809097032206	2193.209823752193	2193.210823652193	2203.443678530002	
2198.310678530002	0.9450000000001637	WheelMovementIntervals													0.06869479277176538
2203.443678530002	2.880999999999858	WheelMovementIntervals													0.42346033257194904
2207.0896356322073	16.952723014231196	trials	-1.0	1.0	1.5		0.125	0.2	2222.4808630222224	2222.4807454991196	2223.5423568622236	2207.622615662208	2207.6234155822076	2207.944678530002	
2207.944678530002	1.1730000000002292	WheelMovementIntervals													-0.25540306103405896
2214.103678530002	1.1900000000000546	WheelMovementIntervals													0.12174497792764782
2221.730678530002	1.400000000000091	WheelMovementIntervals													1.3187967732101527
2223.358678530002	1.2999999999997272	WheelMovementIntervals													-1.109058995829912
2224.822062212225	9.566895267258133	trials	-1.0	1.0	1.5		0.125	0.2	2232.8232286822326	2232.8231393780593	2233.8888887722337	2225.305647182225	2225.3066470822255	2232.350678530002	
2225.562678530002	0.25600000000031287	WheelMovementIntervals													-0.06979024966304337
2232.350678530002	0.9640000000003965	WheelMovementIntervals													0.8062705797615592
2233.688678530002	1.2480000000000473	WheelMovementIntervals													0.6279234446038231
2235.157561892235	8.598059173115416	trials	-1.0	-1.0	0.0	0.0		0.2	2241.2139228622414	2241.21310145448	2243.2555520122432	2235.6587784322355	2235.6599783122356	2240.9866785300023	
2240.9866785300023	0.44299999999975626	WheelMovementIntervals													0.5920105041050192
2241.741678530002	0.18800000000010186	WheelMovementIntervals													0.011554199083235517
2242.550678530002	1.949999999999818	WheelMovementIntervals													1.963243776473206
2244.5434232122448	36.56155882860958	trials	-1.0	1.0	1.5		0.25	0.2	2279.54005653228	2279.5399680901355	2280.6049500322806	2245.041806702245	2245.042906592245		
2250.002678530002	0.31100000000014916	WheelMovementIntervals													0.09595097914075268
2276.800678530002	0.18800000000010186	WheelMovementIntervals													0.04962199833926206
2279.3906785300023	0.23499999999967258	WheelMovementIntervals													0.0876433729319217
2280.684678530002	0.3789999999999054	WheelMovementIntervals													0.02340011158338484
2281.9240847722817	9.880464038040827	trials	1.0	-1.0	0.0		1.0	0.2	2289.2470190722893	2289.245930745121	2291.304446642291	2282.5080930322824	2282.5090262722824	2288.384678530002	
2288.384678530002	2.9080000000003565	WheelMovementIntervals													-1.4486693273299807
2292.5868517222925	20.220959824901456	trials	-1.0	1.0	1.5		0.25	0.2	2311.251385082311	2311.251297398577	2312.307746102312	2293.291114622293	2293.2919812022933	2311.1716785300023	
2294.9796785300023	0.1069999999999709	WheelMovementIntervals													0.019092590131606357
2299.324678530002	0.39800000000013824	WheelMovementIntervals													0.06778322661133984
2300.201678530002	0.08699999999998909	WheelMovementIntervals													0.015381736616689068
2302.4866785300023	0.13999999999987267	WheelMovementIntervals													0.00816434479853001
2303.598678530002	0.14500000000043656	WheelMovementIntervals													0.06656425857363502
2311.1716785300023	3.0279999999997926	WheelMovementIntervals													1.1801469040398445
2313.6105158123137	21.87705970133993	trials	-1.0	1.0	1.5		1.0	0.2	2333.931950132334	2333.9318613703604	2334.987544562335	2314.854558062315	2314.855557962315	2329.9706785300023	
2329.2166785300024	0.07699999999977081	WheelMovementIntervals													-0.026847730826233374
2329.9706785300023	1.2019999999997708	WheelMovementIntervals													0.23957634461089583
2331.4756785300024	0.31899999999996	WheelMovementIntervals													0.1467188305724676
2333.8776785300024	1.01299999999992	WheelMovementIntervals													0.31109230081025885
2336.3152784423364	3.771911496883604	trials	-1.0	1.0	1.5		1.0	0.2	2338.5324900323385	2338.5323840245437	2339.58715122234	2337.6075158723374	2337.6084491123374	2337.837678530002	
2336.800678530002	0.08300000000008367	WheelMovementIntervals													0.015941331146763105
2337.837678530002	1.2130000000001928	WheelMovementIntervals													0.4141637353260137
2339.4976785300023	0.6900000000000546	WheelMovementIntervals													0.04719419323362217
2340.866889902341	2.8037359587870014	trials	1.0	1.0	1.5	1.0		0.2	2342.112798632342	2342.1127049916254	2343.170526182343	2341.4072358623416	2341.4081024423413	2341.741678530002	
2341.741678530002	1.5520000000001346	WheelMovementIntervals													-0.2848279292409188
2344.4344331123443	3.622125219523241	trials	1.0	-1.0	0.0		0.0625	0.2	2345.5010931023457	2345.5000396491887	2347.5565208723474	2345.140195862345	2345.141062442345	2345.3306785300024	
2345.3306785300024	0.6489999999998872	WheelMovementIntervals													-0.766567840113936
2348.679678530002	0.36300000000028376	WheelMovementIntervals													0.16305384149879387
2348.830960082349	2.4896092167368806	trials	1.0	1.0	1.5	1.0		0.2	2349.76686648235	2349.7667624191163	2350.820494442351	2349.4707627623493	2349.4717293323497	2349.632678530002	
2349.632678530002	0.5160000000000764	WheelMovementIntervals													-0.7485367708157469
2352.0827682023523	3.6742495609955768	trials	1.0	-1.0	0.0		0.25	0.2	2353.1753922623534	2353.174382035552	2355.2569174223554	2352.7405024223526	2352.7413690023527	2352.9376785300024	
2352.9376785300024	0.44399999999996	WheelMovementIntervals													-0.39532369725168337
2356.5200244323564	3.650523918867748	trials	1.0	-1.0	0.0		0.25	0.2	2357.6143483223577	2357.61333069741	2359.6704760223597	2357.1704927123574	2357.171359292357	2357.360678530002	
2357.360678530002	0.32600000000002183	WheelMovementIntervals													-0.29996824806841005
2359.6736785300022	0.11000000000012733	WheelMovementIntervals													0.052515626852795094
2360.933349722361	19.619823225195432	trials	1.0	1.0	1.5	0.0625		0.2	2379.000276182379	2379.000160431098	2380.05310422238	2361.5235240323614	2361.5243572823615	2378.835678530002	
2378.835678530002	2.2029999999999745	WheelMovementIntervals													1.245212292535399
2381.3470748123814	8.789572022854827	trials	-1.0	1.0	1.5		0.25	0.2	2388.5838510623885	2388.583732463815	2389.6365457823895	2382.2565171923825	2382.2575837523823	2382.545678530002	
2381.353678530002	0.32799999999997453	WheelMovementIntervals													0.022159842173067545
2382.545678530002	0.48700000000008004	WheelMovementIntervals													-0.10229207587815381
2383.3106785300024	0.06799999999975626	WheelMovementIntervals													0.017998844963955207
2388.2546785300024	1.6839999999997417	WheelMovementIntervals													0.5731223008160384
2390.917051052391	6.352950174940361	trials	-1.0	1.0	1.5		0.0625	0.2	2395.7155711523956	2395.715486684012	2396.769965702397	2391.4898604323917	2391.4908936623915	2395.351678530002	
2395.351678530002	1.0760000000000218	WheelMovementIntervals													1.088029611107629
2398.053104042398	6.719846182725178	trials	-1.0	1.0	1.5		0.125	0.2	2403.195556412403	2403.1954378530413	2404.2728820024045	2398.639845362399	2398.6409119223986	2402.8456785300023	
2398.9446785300024	0.44399999999996	WheelMovementIntervals													-0.06282492656336558
2402.8456785300023	1.2130000000001928	WheelMovementIntervals													2.1629859699999088
2404.873678530002	0.08000000000038199	WheelMovementIntervals													0.027925289693655486
2405.5588533924056	2.947522965630469	trials	-1.0	1.0	1.5		0.25	0.2	2406.942081722407	2406.941963230419	2408.006308622408	2406.086400632406	2406.087500522406	2406.3286785300024	
2406.3286785300024	0.9600000000000364	WheelMovementIntervals													0.9751179920786797
2409.2928799524093	8.35998044914868	trials	1.0	-1.0	0.0		0.25	0.2	2415.1017656724152	2415.100833758884	2417.152793882417	2410.00297560241	2410.00380885241	2410.1146785300025	
2410.1146785300025	0.419999999999618	WheelMovementIntervals													0.17228582906233214
2410.806678530002	0.3690000000001419	WheelMovementIntervals													-0.10253055558470692
2414.9066785300024	6.710999999999785	WheelMovementIntervals													4.858189439270973
2418.4441647324184	5.845233148115312	trials	1.0	1.0	1.5	0.125		0.2	2422.7408683524227	2422.740786893222	2423.789330162424	2422.3394418324224	2422.3404084024223	2422.5466785300023	
2422.5466785300023	0.8229999999998654	WheelMovementIntervals													-0.6501205234300755
2425.100199062425	3.0721136308952737	trials	-1.0	1.0	1.5		1.0	0.2	2426.6203137024268	2426.620204817104	2427.672308492428	2425.752600482426	2425.753400402426	2426.0356785300023	
2426.0356785300023	1.3449999999998	WheelMovementIntervals													0.9439375674876089
2428.953913652429	4.751941795188486	trials	-1.0	1.0	1.5		0.0625	0.2	2432.1524604324322	2432.1523404376894	2433.205821752433	2429.5525871124296	2429.55338703243	2431.3886785300024	
2431.3886785300024	1.52599999999984	WheelMovementIntervals													0.41588623371271183
2433.8506785300024	0.5670000000000073	WheelMovementIntervals													-0.04332013789849043
2434.4897600124345	2.862929644738415	trials	1.0	1.0	1.5	0.0625		0.2	2435.805061802436	2435.804972712261	2436.852623702437	2435.052437072435	2435.053336982435	2435.3726785300023	
2435.3726785300023	3.507000000000062	WheelMovementIntervals													-0.8722443464085075
2438.137195232438	5.0351189043399245	trials	-1.0	-1.0	0.0	1.0		0.2	2440.6139808624407	2440.6130030527283	2442.6722416824427	2439.4059350124394	2439.4070015724396	2440.396678530002	
2440.396678530002	3.0039999999999054	WheelMovementIntervals													2.4132433133504207
2443.6836785300025	2.3779999999997017	WheelMovementIntervals													0.6756148649890008
2443.952913602444	4.966453291053767	trials	-1.0	1.0	1.5		0.0	0.2	2447.3555399724473	2447.35544805702	2448.4193002524485	2446.702571942447	2446.7036385024467	2446.920678530002	
2446.920678530002	1.3830000000002656	WheelMovementIntervals													2.174518195738216
2449.7033718324496	7.5191647632982495	trials	-1.0	1.0	1.5		1.0	0.2	2455.6539100524556	2455.6538215015103	2456.722469852457	2450.4552966324504	2450.4562965324503	2450.6946785300024	
2450.6946785300024	0.4600000000000364	WheelMovementIntervals													0.11284820141119667
2454.7036785300024	1.5459999999998217	WheelMovementIntervals													0.7632612152296474
2456.780678530002	0.44000000000005457	WheelMovementIntervals													0.11485449658221114
2458.0092411624582	7.22913091549799	trials	-1.0	1.0	1.5		0.25	0.2	2463.6662754024637	2463.6661630068256	2464.738368182465	2458.768965182459	2458.769898422459	2463.4876785300025	
2463.4876785300025	0.7969999999995707	WheelMovementIntervals													0.3845484691483705
2465.0476785300025	0.17299999999977445	WheelMovementIntervals													0.036204780279120996
2466.031972142466	19.73634360012693	trials	-1.0	1.0	1.5		0.125	0.2	2484.199221902484	2484.199101563637	2485.2682483224853	2466.7853634624666	2466.786196712467	2470.8396785300024	
2470.8396785300024	1.3110000000001492	WheelMovementIntervals													0.18775556692844475
2474.4136785300025	0.3079999999999927	WheelMovementIntervals													-0.02506423625166576
2476.4896785300025	0.5259999999998399	WheelMovementIntervals													0.047746649671665864
2484.0966785300025	0.7489999999997963	WheelMovementIntervals													0.3875497612873744
2486.5670184324867	6.101371885685239	trials	-1.0	1.0	1.5		1.0	0.2	2491.127762312491	2491.127669923136	2492.168324912492	2487.2882796324875	2487.289112882487	2490.4136785300025	
2490.4136785300025	2.786999999999807	WheelMovementIntervals													1.31302569755033
2493.4552962024936	11.679482534695126	trials	-1.0	1.0	1.5		1.0	0.2	2503.5708512125034	2503.5707659526965	2504.634744812505	2494.0882995624943	2494.089399452494	2494.3376785300024	
2494.3376785300024	1.0090000000000146	WheelMovementIntervals													0.18253638348417667
2503.4806785300025	0.6769999999996799	WheelMovementIntervals													0.7431252895901537
2504.5826785300023	0.762000000000171	WheelMovementIntervals													0.420924636654604
2505.927382202506	33.29391758004658	trials	-1.0	-1.0	0.0	0.0625		0.2	2536.6652081125367	2536.6642803025043	2538.721235822539	2506.4216994325066	2506.4226993325065	2536.4586785300025	
2521.8556785300025	0.26299999999991996	WheelMovementIntervals													0.0370380184010628
2530.4526785300022	0.3530000000000655	WheelMovementIntervals													0.023419692565767036
2536.4586785300025	0.40499999999974534	WheelMovementIntervals													0.32193490017650106
2540.05760217254	21.543060848156074	trials	-1.0	1.0	1.5		0.0625	0.2	2560.05363570256	2560.0535486848353	2561.100630992561	2540.5675845025407	2540.5685177425407	2551.1346785300025	
2550.3066785300025	0.31399999999985084	WheelMovementIntervals													0.04328664065164389
2551.1346785300025	0.375999999999749	WheelMovementIntervals													0.10253463474512614
2558.5706785300026	2.7199999999998	WheelMovementIntervals													0.6574336202546363
2562.4170660025625	12.086875967450851	trials	-1.0	1.0	1.5		0.0625	0.2	2572.944946442573	2572.9448295577836	2574.0039405325742	2563.053602342563	2563.054402262563	2572.4186785300026	
2563.3266785300025	0.41800000000012005	WheelMovementIntervals													0.043049904873271316
2572.4186785300026	1.0329999999999018	WheelMovementIntervals													0.35419077785905984
2574.0326785300026	0.39299999999957436	WheelMovementIntervals													-0.030967638541170572
2575.3044438025754	42.78183162627283	trials	1.0	-1.0	0.0		0.125	0.2	2615.5328205626156	2615.5320537490325	2617.5861485426176	2575.883619212576	2575.8846857725757	2615.1876785300024	
2581.2686785300025	0.07400000000006912	WheelMovementIntervals													-0.014354267219516714
2584.5146785300026	0.18699999999989814	WheelMovementIntervals													0.016011013280348152
2586.4276785300026	0.4839999999999236	WheelMovementIntervals													0.05082438776048548
2590.7346785300024	0.12800000000015643	WheelMovementIntervals													0.008359416352931248
2599.3326785300023	0.09200000000009823	WheelMovementIntervals													-0.013702601446453855
2615.1876785300024	1.9850000000001273	WheelMovementIntervals													-0.8450497520460374
2618.938179992619	3.695017159874169	trials	-1.0	1.0	1.5		0.25	0.2	2621.087098412621	2621.0869888087273	2622.133127132622	2619.6330105026195	2619.6341437226197	2619.8876785300026	
2619.8876785300026	1.28899999999976	WheelMovementIntervals													0.2700287910828365
2622.3086785300025	0.2860000000000582	WheelMovementIntervals													0.05558131317440029
2623.4204983826235	63.16725885008918	trials	0.0	-1.0	0.0		1.0	0.2	2684.088530972684	2684.08773619117	2686.1181613226863	2624.086198472624	2624.087131712624		
2626.1016785300026	0.056999999999789	WheelMovementIntervals													0.023993021438514006
2628.9106785300023	0.14800000000013824	WheelMovementIntervals													0.04270343607785776
2644.9166785300026	0.13699999999971624	WheelMovementIntervals													0.05479849464578024
2663.7296785300023	0.1160000000004402	WheelMovementIntervals													0.03095771636614586
2679.7656785300023	0.10900000000037835	WheelMovementIntervals													0.013349147778143333
2686.0006785300025	0.1570000000001528	WheelMovementIntervals													0.03760506812071185
2687.4593605226873	2.622921136363857	trials	1.0	1.0	1.5	0.125		0.2	2688.5326531826886	2688.53256835262	2689.5821482226897	2687.998806572688	2687.999839802688	2688.3396785300024	
2688.3396785300024	2.4450000000001637	WheelMovementIntervals													2.4528797384989787
2690.876385452691	7.625555416680982	trials	-1.0	1.0	1.5		1.0	0.2	2696.941712192697	2696.941627144059	2698.001906162698	2691.5518845626916	2691.5528178026916	2695.3456785300027	
2694.9056785300027	0.07799999999997453	WheelMovementIntervals													0.011344802690672395
2695.3456785300027	1.8719999999998436	WheelMovementIntervals													0.3895363166284369
2697.6826785300027	0.5809999999996762	WheelMovementIntervals													-0.10895231995084487
2698.4606785300025	0.974999999999909	WheelMovementIntervals													0.48583729724063573
2699.2967433326994	21.055043326254236	trials	-1.0	1.0	1.5		0.25	0.2	2718.798592952719	2718.7984733065337	2719.85168763272	2699.8650864927	2699.8661197226998	2706.3336785300025	
2699.9436785300027	0.10399999999981446	WheelMovementIntervals													-0.02234809917882785
2700.2346785300024	0.12900000000036016	WheelMovementIntervals													0.006648494534374549
2701.3356785300025	0.2559999999998581	WheelMovementIntervals													-0.031022001367915664
2706.3336785300025	0.818000000000211	WheelMovementIntervals													0.1460301697528621
2709.5966785300025	0.20200000000022555	WheelMovementIntervals													0.058934422555012134
2716.5536785300023	0.18400000000019645	WheelMovementIntervals													0.04595372601832537
2718.3816785300023	0.3760000000002037	WheelMovementIntervals													0.08202835015453047
2719.0746785300025	0.2519999999999527	WheelMovementIntervals													0.015686525943550578
2719.6756785300026	0.6669999999999163	WheelMovementIntervals													-0.02304452552820635
2721.170089112721	2.995017136799106	trials	-1.0	1.0	1.5		0.125	0.2	2722.6110116727227	2722.610895913482	2723.6650062627236	2721.6482746227216	2721.649341182722	2721.9356785300024	
2721.9356785300024	1.0399999999999636	WheelMovementIntervals													0.3162995695525126
2725.307708642725	41.03970559181971	trials	-1.0	1.0	1.5		1.0	0.2	2764.8042919227646	2764.804200818601	2765.8473209427657	2725.885084232726	2725.885984142726	2764.1676785300024	
2727.8716785300026	0.22100000000000364	WheelMovementIntervals													-0.034803514227292
2728.7226785300027	0.1449999999999818	WheelMovementIntervals													-0.010671368381508728
2764.1676785300024	1.0950000000002547	WheelMovementIntervals													0.7585577794775133
2765.5816785300026	0.7019999999997708	WheelMovementIntervals													0.580705334766634
2767.2042185727673	63.21485058940334	trials	0.0	-1.0	0.0		0.25	0.2	2827.919779742828	2827.919048460906	2830.5831467128305	2767.917313922768	2767.918413812768		
2768.5926785300026	0.7680000000000291	WheelMovementIntervals													0.056807077559881236
2772.6846785300027	0.23999999999978172	WheelMovementIntervals													0.04751552840170348
2828.0236785300026	0.5900000000001455	WheelMovementIntervals													-0.0814268041138746
2829.178678530003	0.46299999999973807	WheelMovementIntervals													0.08671159761581748
2831.3244725728314	4.721935433413819	trials	1.0	-1.0	0.0		1.0	0.2	2833.4927557228334	2833.491987919809	2835.5463503428355	2831.3799336928314	2831.7844265728318	2831.937678530003	
2831.937678530003	4.13799999999992	WheelMovementIntervals													4.665346011905598
2836.8437116515115	18.755535797578432	trials	-1.0	1.0	1.5		0.0	0.2		2854.052133494831	2846.116193252846	2837.4163633228372	2837.4173965528375		
2843.0416785300026	0.24400000000014188	WheelMovementIntervals													-0.010113068919793022
2845.6916785300027	0.1979999999998654	WheelMovementIntervals													0.050652626384788846
2852.1336785300027	0.14899999999988722	WheelMovementIntervals													0.06690311341139932
2852.7116785300027	0.30600000000004	WheelMovementIntervals													0.03968615363351091
2853.5526785300026	1.4400000000000546	WheelMovementIntervals													0.3464364627373868
2856.420250262157	5.042438702720119	trials	-1.0	1.0	1.5		0.25	0.2		2859.915575010619					
2859.444678530003	1.225999999999658	WheelMovementIntervals													0.457512892845358
2862.264991645539	6.964452311435707	trials	-1.0	-1.0	0.0	0.125		0.2		2866.67302285637					
2864.8966785300026	1.025000000000091	WheelMovementIntervals													-0.1743265076973728
2866.0846785300027	2.2599999999997635	WheelMovementIntervals													2.5385222911572214
2872.7736785300026	0.2800000000002001	WheelMovementIntervals													-0.043336310798309796
2873.926678530003	3.424999999999727	WheelMovementIntervals													4.03591631513612
2878.7406785300027	0.13599999999996726	WheelMovementIntervals													-0.0086799289040016
2880.4116785300025	0.5330000000003565	WheelMovementIntervals													0.047907926422311675
2885.542678530003	0.49699999999984357	WheelMovementIntervals													0.06561094255860667
2887.540678530003	2.0459999999998217	WheelMovementIntervals													-0.2085971093115404
2890.0996785300026	0.30900000000019645	WheelMovementIntervals													0.07835888284378711
2891.6936785300027	0.2640000000001237	WheelMovementIntervals													-0.029394813848000467
2892.580678530003	0.23499999999967258	WheelMovementIntervals													0.08707023127661273
2893.9456785300026	0.07200000000011642	WheelMovementIntervals													0.00540717986231698
2895.3386785300027	0.19399999999995998	WheelMovementIntervals													0.023191864113016436
2899.2226785300027	0.1979999999998654	WheelMovementIntervals													0.010110775018489448
2904.2356785300026	0.6280000000001564	WheelMovementIntervals													-0.43506646611814404
2907.888678530003	0.31199999999989814	WheelMovementIntervals													-0.0976681364055878
2910.4886785300027	0.34600000000000364	WheelMovementIntervals													0.0911363553412059
2912.3136785300026	0.32999999999992724	WheelMovementIntervals													0.09309605492961737
2913.058678530003	0.11699999999973443	WheelMovementIntervals													-0.022839410508623814
2913.973678530003	0.06299999999964712	WheelMovementIntervals													-0.007105577536151486
2916.4856785300026	0.20499999999992724	WheelMovementIntervals													0.06759266431171795
2919.544678530003	0.6990000000000691	WheelMovementIntervals													-0.25511333712719875
2921.176678530003	0.5489999999999782	WheelMovementIntervals													0.1858848087268541
2922.0306785300027	0.2860000000000582	WheelMovementIntervals													0.03362046388625117
2925.569678530003	1.3089999999997417	WheelMovementIntervals													0.606603719462413
2929.9006785300026	0.5610000000001492	WheelMovementIntervals													0.13083984203927912
2931.736678530003	0.11299999999982901	WheelMovementIntervals													0.013195573753620238
2937.0756785300027	0.17799999999988358	WheelMovementIntervals													0.0069148318951306464
2951.844678530003	0.1799999999998363	WheelMovementIntervals													0.027660587449247487
2952.4876785300025	0.12900000000036016	WheelMovementIntervals													0.041537501878195826
2973.763678530003	0.6860000000001492	WheelMovementIntervals													0.4557742363652153
2974.6356785300027	0.1979999999998654	WheelMovementIntervals													0.014784282442576568
2983.3276785300027	0.09900000000016007	WheelMovementIntervals													0.017938370820189675
2986.7046785300026	0.2519999999999527	WheelMovementIntervals													0.016188694529631675
2989.7406785300027	0.23700000000008004	WheelMovementIntervals													0.02678604010094432
3005.491678530003	0.7999999999997272	WheelMovementIntervals													0.12194045999623881
3016.437678530003	0.11299999999982901	WheelMovementIntervals													0.03440220566648122
3020.949678530003	0.40599999999994907	WheelMovementIntervals													0.29892251805651426
3026.1846785300027	0.057999999999992724	WheelMovementIntervals													0.005301080702935224
3028.2826785300026	0.4960000000000946	WheelMovementIntervals													0.06760725165617032
3035.302678530003	0.2929999999996653	WheelMovementIntervals													-0.013010148201260563
3036.0466785300027	1.0709999999999127	WheelMovementIntervals													0.423729542400082
3040.324678530003	0.1659999999997126	WheelMovementIntervals													-0.052841593149764776
3049.516678530003	0.12599999999974898	WheelMovementIntervals													0.036598298162999754
3055.0036785300026	0.46800000000030195	WheelMovementIntervals													0.18224722656876224
3057.333678530003	0.1499999999996362	WheelMovementIntervals													-0.007883523073161314
3064.214678530003	0.262000000000171	WheelMovementIntervals													-0.051634590726280294
3068.8656785300027	0.1020000000003165	WheelMovementIntervals													0.038075815082294184
3070.877678530003	0.21700000000009823	WheelMovementIntervals													-0.011280495860347628
3077.297678530003	0.4420000000000073	WheelMovementIntervals													0.0589651425445652
3082.927678530003	2.93100000000004	WheelMovementIntervals													0.6863394309909268
3086.440678530003	0.5540000000000873	WheelMovementIntervals													0.10949559569198186
3087.813678530003	0.7089999999998327	WheelMovementIntervals													0.4399428437604058
3090.7586785300027	0.6280000000001564	WheelMovementIntervals													0.2155194493502961
3092.3856785300027	0.24200000000018917	WheelMovementIntervals													0.14974905354046086
3111.919678530003	0.5199999999999818	WheelMovementIntervals													0.0314655751332964
3113.994678530003	0.07600000000002183	WheelMovementIntervals													0.018857683627089727
3117.246678530003	1.224999999999909	WheelMovementIntervals													-0.2434578460049579
3120.446678530003	0.1979999999998654	WheelMovementIntervals													0.06210111664890405
3122.358678530003	0.3550000000000182	WheelMovementIntervals													0.11151107120920756
3125.8746785300027	0.11400000000003274	WheelMovementIntervals													0.007261503233735311
3127.361678530003	3.867999999999938	WheelMovementIntervals													2.195013524775675
3131.976678530003	1.0859999999997854	WheelMovementIntervals													1.0569179455862923
3134.576678530003	0.06700000000000728	WheelMovementIntervals													0.011509550923022971
3137.415678530003	0.16699999999991633	WheelMovementIntervals													0.01837327159566371
3152.582678530003	0.19399999999995998	WheelMovementIntervals													-0.009349148901378612
3158.369678530003	0.07799999999997453	WheelMovementIntervals													0.021947954011864113
3167.902678530003	1.2210000000000036	WheelMovementIntervals													0.09990303476740792
3170.376678530003	0.750999999999749	WheelMovementIntervals													-0.10565298660557687
3174.0086785300027	0.48600000000033106	WheelMovementIntervals													0.04846387220118231
3176.956678530003	0.48500000000012733	WheelMovementIntervals													0.06641873484466032
3179.579678530003	0.22299999999995634	WheelMovementIntervals													-0.01071452599930467
3183.845678530003	0.21499999999969077	WheelMovementIntervals													0.0836195002677016
3190.227678530003	0.7760000000002947	WheelMovementIntervals													-0.3610870288386536
3200.143678530003	0.14699999999993452	WheelMovementIntervals													0.01615869399705616
3208.327678530003	0.10599999999976717	WheelMovementIntervals													0.011230829958037702
3208.760678530003	0.10199999999986176	WheelMovementIntervals													0.02284326933872194
3210.032678530003	0.9359999999996944	WheelMovementIntervals													-0.727349063132209
3211.184678530003	0.9829999999997199	WheelMovementIntervals													0.3746531242324238
3218.202678530003	0.06500000000005457	WheelMovementIntervals													-0.030085397338325492
3222.206678530003	0.32600000000002183	WheelMovementIntervals													0.040648720475815026
3230.280678530003	0.24099999999998545	WheelMovementIntervals													-0.06250300213818605
3232.527678530003	0.22000000000025466	WheelMovementIntervals													0.13939704741758874
3233.406678530003	3.143000000000029	WheelMovementIntervals													-0.8219795716866258
3237.438678530003	0.581000000000131	WheelMovementIntervals													0.07917524767117357
3249.984678530003	1.917000000000371	WheelMovementIntervals													0.82404114597594
3252.182678530003	0.32199999999966167	WheelMovementIntervals													-0.07650127472763302
3254.038678530003	0.15200000000004366	WheelMovementIntervals													0.02233099942975514
3256.036678530003	0.3360000000002401	WheelMovementIntervals													0.07769285385151647
3258.749678530003	0.25	WheelMovementIntervals													-0.04073050805018852
3263.555678530003	0.38499999999976353	WheelMovementIntervals													0.08357371996689267
3265.742678530003	0.5019999999999527	WheelMovementIntervals													-0.03306021170510576
3267.001678530003	0.18499999999994543	WheelMovementIntervals													0.03516815673089013
3274.333678530003	0.7770000000000437	WheelMovementIntervals													0.06696501658976217
3278.910678530003	0.15499999999974534	WheelMovementIntervals													0.02064517071141836
3287.231678530003	0.4130000000000109	WheelMovementIntervals													0.09654937734183022
3290.252678530003	0.4070000000001528	WheelMovementIntervals													0.2002219983590976
3294.729678530003	0.5609999999996944	WheelMovementIntervals													0.058398776595907975
3297.9196785300032	0.47299999999995634	WheelMovementIntervals													0.14130942461673612
3303.701678530003	0.5060000000003129	WheelMovementIntervals													-0.22399987972178792
3304.650678530003	0.3360000000002401	WheelMovementIntervals													-0.027308167279556983
3306.623678530003	0.36000000000012733	WheelMovementIntervals													0.05411590897560359
3308.642678530003	0.1659999999997126	WheelMovementIntervals													0.05556257121747876
3310.913678530003	0.05900000000019645	WheelMovementIntervals													-0.002206895263242359
3319.070678530003	0.09799999999995634	WheelMovementIntervals													-0.02787538910905596
3319.435678530003	0.052000000000134605	WheelMovementIntervals													0.00569043483352516
3322.450678530003	1.2480000000000473	WheelMovementIntervals													0.3827288338898711
3328.010678530003	0.1950000000001637	WheelMovementIntervals													0.017482140732255402
3331.7436785300033	0.1959999999999127	WheelMovementIntervals													0.011524873087779497
3332.9376785300033	0.3439999999995962	WheelMovementIntervals													-0.031575625464512314
3335.104678530003	0.4130000000000109	WheelMovementIntervals													0.11863201569394732
3337.848678530003	3.562000000000353	WheelMovementIntervals													-1.480857922224459
3341.691678530003	1.3809999999998581	WheelMovementIntervals													2.5598876930659458
3345.021678530003	0.5610000000001492	WheelMovementIntervals													0.20775708845903296
3353.450678530003	0.13799999999991996	WheelMovementIntervals													0.05168546403794494
3365.458678530003	0.4390000000003056	WheelMovementIntervals													0.10053146536967006
3367.9576785300032	0.9079999999999018	WheelMovementIntervals													0.34088742490587265
3370.8016785300033	0.20100000000002183	WheelMovementIntervals													-0.01568274600808195
3376.6766785300033	0.6230000000000473	WheelMovementIntervals													-0.2296294022550569
3377.7636785300033	1.893999999999778	WheelMovementIntervals													1.1032038373319608
3384.3576785300033	0.09899999999970532	WheelMovementIntervals													-0.006794632250773702
3388.871678530003	0.2780000000002474	WheelMovementIntervals													0.018200813596962462
3393.3776785300033	0.11099999999987631	WheelMovementIntervals													0.048876661716917624
3401.4356785300033	0.5059999999998581	WheelMovementIntervals													0.07120652373001235
3403.1406785300032	4.7289999999998145	WheelMovementIntervals													1.8946728364201988
3409.324678530003	0.18600000000014916	WheelMovementIntervals													0.01907168322387065
3421.931678530003	0.9650000000001455	WheelMovementIntervals													0.08815884403429664
3426.827678530003	0.38799999999991996	WheelMovementIntervals													0.08849182163964997
3434.1026785300032	0.26099999999996726	WheelMovementIntervals													-0.013754532286299082
3436.997678530003	0.6239999999997963	WheelMovementIntervals													0.24643915407372674
3439.4956785300033	0.7300000000000182	WheelMovementIntervals													0.08629163541635876
3442.831678530003	0.3530000000000655	WheelMovementIntervals													0.08658580854503839
3445.1166785300034	0.22100000000000364	WheelMovementIntervals													-0.02712797674570311
3447.179678530003	0.3560000000002219	WheelMovementIntervals													-0.05297018512251839
3451.8866785300033	4.804000000000087	WheelMovementIntervals													-1.6714219311796796
3460.407678530003	0.5760000000000218	WheelMovementIntervals													-0.0510239472926628
3468.267678530003	0.12800000000015643	WheelMovementIntervals													0.03128459804850081
3470.088678530003	0.05600000000004002	WheelMovementIntervals													-0.006866951773048413
3476.0626785300033	0.42200000000002547	WheelMovementIntervals													-0.019384897735562845
3479.291678530003	0.29500000000007276	WheelMovementIntervals													-0.02198707377411324
3493.6026785300032	0.2640000000001237	WheelMovementIntervals													-0.011018522873854408
3497.907678530003	0.27400000000034197	WheelMovementIntervals													-0.023515706083912846
3498.4756785300033	0.4139999999997599	WheelMovementIntervals													0.0640703116667396
3499.291678530003	0.5360000000000582	WheelMovementIntervals													0.06065469359657527
3500.121678530003	0.34100000000034925	WheelMovementIntervals													-0.021927378073513637
3500.8616785300032	3.7289999999998145	WheelMovementIntervals													3.1195595156628997
3505.035678530003	0.11099999999987631	WheelMovementIntervals													-0.009085938576362196
3507.188678530003	0.5140000000001237	WheelMovementIntervals													-0.11821269173694304
3514.4316785300034	0.3619999999996253	WheelMovementIntervals													0.1656147276000297
3521.6296785300033	0.0500000000001819	WheelMovementIntervals													0.008248748880106405
3533.331678530003	0.3690000000001419	WheelMovementIntervals													-0.020712556749089117
3534.0116785300033	0.11400000000003274	WheelMovementIntervals													0.005183166827691821
3541.849678530003	0.062000000000352884	WheelMovementIntervals													0.012655304605061701
3544.3086785300034	0.10199999999986176	WheelMovementIntervals													0.00964351326243218
3552.1256785300034	0.2139999999999418	WheelMovementIntervals													0.05866229955017843
3556.945678530003	0.28500000000030923	WheelMovementIntervals													0.15237924722765683
3564.9656785300035	0.13899999999966894	WheelMovementIntervals													0.07785378894715222
3575.0276785300034	1.6520000000000437	WheelMovementIntervals													-0.5282562078575666
3576.8106785300033	0.4670000000000982	WheelMovementIntervals													-0.08426296881668804
3586.2636785300033	2.8479999999999563	WheelMovementIntervals													-3.421851287004131
3589.5096785300034	0.47699999999986176	WheelMovementIntervals													0.12986808266560956
3590.405678530003	0.12200000000029831	WheelMovementIntervals													-0.010607699201955256
3595.930678530003	0.09500000000025466	WheelMovementIntervals													0.035645261735055556
3596.8506785300033	2.66800000000012	WheelMovementIntervals													-0.4774866825169113
3602.3686785300033	0.4259999999999309	WheelMovementIntervals													0.03880810451695993
3605.6636785300034	0.6309999999998581	WheelMovementIntervals													-0.07135500629124181
3607.5436785300035	0.31599999999980355	WheelMovementIntervals													-0.04386168197672191
3609.6976785300035	0.24399999999968713	WheelMovementIntervals													-0.04329829630822246
3611.6276785300033	0.5239999999998872	WheelMovementIntervals													0.1721651709916614
3614.0036785300035	0.40099999999983993	WheelMovementIntervals													0.019521574492074478
3615.7846785300035	0.45499999999992724	WheelMovementIntervals													0.045920111403944475
3617.805678530003	0.42800000000033833	WheelMovementIntervals													-0.08304686653963245
3619.9846785300033	0.2179999999998472	WheelMovementIntervals													-0.05659587754871609
3621.519678530003	0.7440000000001419	WheelMovementIntervals													0.23434350453490538
3623.6036785300034	1.5070000000000618	WheelMovementIntervals													-1.1871776669458427
3625.3966785300036	0.3779999999997017	WheelMovementIntervals													0.1747492483069948
3630.6306785300035	0.5099999999997635	WheelMovementIntervals													0.29958228568162326
3635.0006785300034	0.1269999999999527	WheelMovementIntervals													0.024118869666239107
3639.932678530003	0.3160000000002583	WheelMovementIntervals													0.08640770215393445
3640.508678530003	0.16600000000016735	WheelMovementIntervals													0.02351226435331455
3642.6056785300034	0.6729999999997744	WheelMovementIntervals													0.5974741952188367
3644.921678530003	0.5410000000001673	WheelMovementIntervals													0.23150611584242142
3645.8246785300034	0.3959999999997308	WheelMovementIntervals													-0.04141847335819193
3648.903678530003	0.125	WheelMovementIntervals													0.026944696708767424
3657.3316785300035	0.1089999999999236	WheelMovementIntervals													0.024067993833369883
3664.2276785300032	0.2630000000003747	WheelMovementIntervals													0.029882505079143584
3666.4386785300035	0.15399999999999636	WheelMovementIntervals													0.0541622136218507
3673.5306785300036	0.43699999999989814	WheelMovementIntervals													0.06969791613931875
3675.3816785300032	0.4030000000002474	WheelMovementIntervals													-0.023969949385929112
3678.238678530003	0.22200000000020736	WheelMovementIntervals													-0.03221165120331193
3678.8046785300035	0.2039999999997235	WheelMovementIntervals													0.032990254334663405
3680.5886785300036	0.09600000000000364	WheelMovementIntervals													-0.02060251048033024
3685.1216785300035	0.13299999999981083	WheelMovementIntervals													0.03592969832774884
3698.0506785300036	0.43899999999985084	WheelMovementIntervals													-0.15274666110934731
3699.218678530003	6.11200000000008	WheelMovementIntervals													5.352060962425668
3706.5276785300034	0.32900000000017826	WheelMovementIntervals													0.12463765074298294
3711.7176785300035	0.1590000000001055	WheelMovementIntervals													0.033292959223956586
3717.7566785300032	0.5130000000003747	WheelMovementIntervals													0.07916934129073638
3725.5086785300036	0.2689999999997781	WheelMovementIntervals													0.09018258232686094
3734.2946785300032	0.1730000000002292	WheelMovementIntervals													0.15987459120421477
3737.7366785300032	0.15100000000029468	WheelMovementIntervals													0.03661135658938974
3746.1596785300035	0.5909999999998945	WheelMovementIntervals													0.11409577884370492
3756.4836785300035	0.27799999999979264	WheelMovementIntervals													0.18946884518484808
3776.1706785300034	0.5450000000000728	WheelMovementIntervals													0.07587210285589663
3786.9386785300035	0.19099999999980355	WheelMovementIntervals													0.11725879788693305
3793.7366785300037	0.24899999999979627	WheelMovementIntervals													-0.01758458059848067
3794.3106785300033	1.29300000000012	WheelMovementIntervals													0.8224753535121181
3804.2326785300033	0.6010000000001128	WheelMovementIntervals													0.06523648164971974
3807.1986785300037	1.1759999999999309	WheelMovementIntervals													0.2932639465037994
3811.4636785300036	0.431999999999789	WheelMovementIntervals													0.11860109646374895
3813.6486785300035	0.26299999999991996	WheelMovementIntervals													-0.022866029102402763
3817.0226785300033	0.2110000000002401	WheelMovementIntervals													-0.040698934760598604
3821.9336785300034	0.650000000000091	WheelMovementIntervals													0.03408853618307717
3829.0766785300034	0.27300000000013824	WheelMovementIntervals													0.0375886474565732
3829.8916785300034	0.07200000000011642	WheelMovementIntervals													0.00920779714232367
3830.4456785300035	2.800000000000182	WheelMovementIntervals													0.7685111867219518
3833.5196785300036	0.05600000000004002	WheelMovementIntervals													0.00706476948360546
3835.5426785300037	0.39299999999957436	WheelMovementIntervals													0.035674658042154306
3839.2056785300038	0.9239999999999782	WheelMovementIntervals													-0.0681767627679335
3843.9296785300035	0.5360000000000582	WheelMovementIntervals													0.18569451911375268
3845.8546785300036	0.14899999999988722	WheelMovementIntervals													0.024515048333995537
3847.1126785300034	0.3160000000002583	WheelMovementIntervals													-0.1292142622299366
3847.6006785300037	5.681999999999789	WheelMovementIntervals													1.5973366388846557
3853.8766785300036	2.257000000000062	WheelMovementIntervals													0.9250386798784689
3856.4776785300037	0.06299999999964712	WheelMovementIntervals													0.01021034798719711
3859.8906785300037	1.4659999999998945	WheelMovementIntervals													0.32366690224688455
3861.6976785300035	0.22200000000020736	WheelMovementIntervals													0.1686525304235147
3862.9826785300033	0.1710000000002765	WheelMovementIntervals													-0.02215169196529132
3874.7276785300037	0.4490000000000691	WheelMovementIntervals													0.09305060957143496
3877.2026785300036	4.320999999999913	WheelMovementIntervals													1.0357480745333305
3887.5386785300034	1.2789999999999964	WheelMovementIntervals													0.9440399942332931
3896.8636785300037	0.5540000000000873	WheelMovementIntervals													-0.054512504647902915
3904.020678530004	2.617999999999938	WheelMovementIntervals													-0.9617160401492697
3906.9196785300037	0.3289999999997235	WheelMovementIntervals													0.11119867150299001
3915.7516785300036	0.2739999999998872	WheelMovementIntervals													-0.0208295457258032
3916.5616785300035	0.1750000000001819	WheelMovementIntervals													0.10064017959700777
3918.6186785300038	0.4859999999998763	WheelMovementIntervals													-0.06240964669814275
3938.4686785300037	0.7590000000000146	WheelMovementIntervals													0.2047279847922141
3940.5896785300038	0.26099999999996726	WheelMovementIntervals													-0.03296789931570743
3941.366678530004	1.0839999999998327	WheelMovementIntervals													-0.27754773692856816
3943.665678530004	0.75	WheelMovementIntervals													-0.16911921878227076
3946.2856785300037	0.48099999999976717	WheelMovementIntervals													-0.041930664526120154
3947.0446785300037	7.079999999999927	WheelMovementIntervals													5.541885203439108
3956.2136785300036	0.2829999999999018	WheelMovementIntervals													-0.016791305806634682
3958.7856785300037	0.10599999999976717	WheelMovementIntervals													-0.020046295176257445
3972.404678530004	0.6419999999998254	WheelMovementIntervals													0.07727038896203453
3973.6036785300034	0.21700000000009823	WheelMovementIntervals													-0.08717646409218105
3975.6466785300036	0.73700000000008	WheelMovementIntervals													-0.024722684468883926
3981.404678530004	0.8429999999998472	WheelMovementIntervals													0.07586764422143233
3985.6196785300035	0.27500000000009095	WheelMovementIntervals													-0.034524040465754524
3987.3886785300037	0.27500000000009095	WheelMovementIntervals													-0.019878968734758473
3995.7876785300036	0.5039999999999054	WheelMovementIntervals													-0.020843539255110954
4000.6896785300037	0.22899999999981446	WheelMovementIntervals													-0.03644415039178739
4004.324678530004	0.1679999999996653	WheelMovementIntervals													0.014527380467569628
4011.8456785300036	0.09700000000020736	WheelMovementIntervals													-0.016215173677949224
4020.096678530004	0.4379999999996471	WheelMovementIntervals													-0.051988473138919744
4040.478678530004	0.306999999999789	WheelMovementIntervals													-0.04605259233218817
4044.2546785300037	0.6399999999998727	WheelMovementIntervals													0.07405616506159163
4046.3566785300036	1.2040000000001783	WheelMovementIntervals													-0.2595916591059506
4050.018678530004	0.4919999999997344	WheelMovementIntervals													0.15407503660111388
4059.170678530004	0.5309999999999491	WheelMovementIntervals													0.1704323317774481
4062.092678530004	0.7269999999998618	WheelMovementIntervals													-0.2459696360827479
4063.924678530004	0.5940000000000509	WheelMovementIntervals													0.6173923626510884
4067.547678530004	0.057999999999992724	WheelMovementIntervals													0.0109003967299941
4070.701678530004	1.1030000000000655	WheelMovementIntervals													-0.6038806337076608
4074.163678530004	0.5940000000000509	WheelMovementIntervals													0.27050094402358127
4076.5356785300037	0.4459999999999127	WheelMovementIntervals													0.2860460356752128
4077.8636785300037	2.4659999999998945	WheelMovementIntervals													-0.5641086116653753
4085.315678530004	0.4459999999999127	WheelMovementIntervals													-0.024693612675037002
4087.0016785300036	0.7200000000002547	WheelMovementIntervals													-0.02377887886507324
4090.828678530004	0.51299999999992	WheelMovementIntervals													-0.14998778847530048
4094.145678530004	0.31599999999980355	WheelMovementIntervals													-0.021036583653653906
4096.229678530004	0.5909999999994398	WheelMovementIntervals													-0.26024512072947914
4097.777678530004	0.21199999999953434	WheelMovementIntervals													0.05725420027724226
4100.6596785300035	0.32600000000002183	WheelMovementIntervals													-0.02623944504694009
4102.875678530004	0.3649999999997817	WheelMovementIntervals													0.044594193588380904
4103.566678530004	0.21600000000034925	WheelMovementIntervals													0.0512156558928325
4105.919678530004	2.65099999999984	WheelMovementIntervals													-1.9917542512404225
4109.424678530004	0.2600000000002183	WheelMovementIntervals													0.06265766343076962
4112.172678530003	0.7860000000000582	WheelMovementIntervals													0.2429120628197552
4120.520678530003	0.45900000000074215	WheelMovementIntervals													0.07572062886174535
4121.959678530004	1.1310000000003129	WheelMovementIntervals													-0.8051878467024096
4127.016678530003	0.11900000000059663	WheelMovementIntervals													0.07932466102866442
4127.408678530004	0.2459999999991851	WheelMovementIntervals													-0.0327665326616966
4130.944678530004	4.6899999999996	WheelMovementIntervals													4.534510263042648
4140.715678530004	0.10300000000006548	WheelMovementIntervals													0.017299807042434168
4149.770678530004	0.2539999999999054	WheelMovementIntervals													-0.13694544371048778
4158.7846785300035	0.3580000000001746	WheelMovementIntervals													-0.24813141660192173
4160.9856785300035	0.6060000000006767	WheelMovementIntervals													-0.2778199391314615
4164.897678530004	0.5029999999997017	WheelMovementIntervals													-0.02691386277800234
4167.818678530004	0.42000000000007276	WheelMovementIntervals													0.1949628786896085
4169.665678530004	4.301000000000386	WheelMovementIntervals													2.8639867983735314
4181.202678530004	0.23399999999946886	WheelMovementIntervals													0.12175606426367835
4187.502678530004	0.11099999999987631	WheelMovementIntervals													0.020745604030793174
4196.143678530004	0.25200000000040745	WheelMovementIntervals													0.11704696562111394
4213.740678530004	0.3360000000002401	WheelMovementIntervals													0.03233901147049778
4216.689678530004	0.5009999999992942	WheelMovementIntervals													0.14083648691834583
4224.679678530004	0.31300000000010186	WheelMovementIntervals													0.03998090722393499
4225.1286785300035	0.3540000000002692	WheelMovementIntervals													0.11135473954604436
4227.818678530004	0.39400000000023283	WheelMovementIntervals													-0.03336167001017998
4230.908678530004	0.9020000000000437	WheelMovementIntervals													-0.8600702744036255
4234.516678530003	0.12600000000020373	WheelMovementIntervals													0.019058481849356212
4236.739678530004	0.46199999999953434	WheelMovementIntervals													-0.25165678866059693
4240.602678530004	0.51299999999992	WheelMovementIntervals													0.3461997758307689
4257.691678530004	0.7950000000000728	WheelMovementIntervals													-0.3937196997331114
4258.885678530004	0.3679999999994834	WheelMovementIntervals													0.03283948920113744
4262.125678530004	0.09699999999975262	WheelMovementIntervals													0.007625140465165714
4274.077678530004	0.18000000000029104	WheelMovementIntervals													-0.013167569146077085
4280.694678530004	0.3279999999995198	WheelMovementIntervals													0.040260556873562336
4282.482678530004	3.9420000000000073	WheelMovementIntervals													4.227967752498756
4299.741678530004	0.125	WheelMovementIntervals													-0.030138245952741727
4302.915678530004	0.3789999999999054	WheelMovementIntervals													-0.10952545190264118
4315.719678530004	0.46200000000044383	WheelMovementIntervals													-0.07312213662368094
4317.052678530004	1.438999999999396	WheelMovementIntervals													0.7610975871536994
4318.817678530004	0.7190000000000509	WheelMovementIntervals													-0.2528381085707849
4319.846678530004	1.0360000000000582	WheelMovementIntervals													1.0878692559070942
