onset	duration	nwb_table	choice	feedback_type	reward_volume	contrast_left	contrast_right	probability_left	feedback_time	response_time	stim_off_time	stim_on_time	go_cue_time	first_movement_time	peak_amplitude
9.715191480000094	1.676000000000002	WheelMovementIntervals													0.295411823450972
14.755191480000098	1.3630000000000013	WheelMovementIntervals													-0.39277231708743654
21.244191480000104	1.3009999999999984	WheelMovementIntervals													-0.4247656622391779
26.865191480000107	1.7270000000000039	WheelMovementIntervals													-0.08309019956740293
31.20019148000011	0.13400000000000034	WheelMovementIntervals													-0.007256818524349673
32.33619148000011	0.997000000000007	WheelMovementIntervals													-0.13496328911268207
36.52519148000012	0.4339999999999975	WheelMovementIntervals													-0.14237332376359124
38.10719148000012	0.7079999999999984	WheelMovementIntervals													-0.10506886785083203
39.44319148000012	0.20900000000000318	WheelMovementIntervals													0.01823419329040532
46.87119148000013	1.2759999999999962	WheelMovementIntervals													0.16130970383574317
50.573191480000126	0.3930000000000007	WheelMovementIntervals													0.056467839597040825
54.98919148000013	3.0600000000000023	WheelMovementIntervals													-0.8272682645476157
58.499191480000135	0.30400000000000205	WheelMovementIntervals													-0.0330983244997447
71.41019148000015	0.3119999999999976	WheelMovementIntervals													-0.2211932387590776
72.71019148000016	1.211999999999989	WheelMovementIntervals													-0.2548752821878719
83.74819148000016	0.7270000000000039	WheelMovementIntervals													-0.3185540991953042
86.10119148000017	2.0390000000000015	WheelMovementIntervals													-1.294258830349535
89.59619148000017	1.0319999999999965	WheelMovementIntervals													-0.27767873472825766
98.30519148000018	1.1550000000000011	WheelMovementIntervals													-0.28429637130082686
108.24019148000019	1.027000000000001	WheelMovementIntervals													-0.3691967992449765
115.09119148000019	1.8460000000000036	WheelMovementIntervals													-0.5285208592590491
119.4251914800002	0.6510000000000105	WheelMovementIntervals													-0.301244519437347
123.9051914800002	0.14799999999999613	WheelMovementIntervals													0.022493257414550882
134.2831914800002	3.812000000000012	WheelMovementIntervals													-0.29038602540512226
139.2981914800002	0.4449999999999932	WheelMovementIntervals													-0.19524248971837466
152.16819148000022	1.641999999999996	WheelMovementIntervals													-0.30291918856019073
172.67619148000023	2.3149999999999977	WheelMovementIntervals													0.38293322010783104
182.58119148000023	1.4950000000000045	WheelMovementIntervals													-0.5138694498781913
193.09219148000025	2.4969999999999857	WheelMovementIntervals													-0.29092798178268886
202.28519148000026	0.41499999999999204	WheelMovementIntervals													-0.23540681756806237
206.15019148000027	0.2699999999999818	WheelMovementIntervals													-0.05282368740670673
209.14919148000027	0.22199999999998	WheelMovementIntervals													0.04692178065277641
217.76119148000026	1.0250000000000057	WheelMovementIntervals													0.21621638501574747
231.0641914800003	1.7909999999999968	WheelMovementIntervals													-0.9788515676234528
243.4761914800003	0.8369999999999891	WheelMovementIntervals													0.2418269194022109
250.5391914800003	0.9709999999999752	WheelMovementIntervals													-0.2964428126135594
255.9831914800003	0.15900000000004866	WheelMovementIntervals													0.02081987061227153
257.40919148000035	0.5720000000000027	WheelMovementIntervals													-0.3715446791487498
264.05119148000034	0.38700000000000045	WheelMovementIntervals													0.09929665367697282
266.93219148000037	2.2679999999999723	WheelMovementIntervals													-0.7162177962483263
269.95419148000036	0.14599999999995816	WheelMovementIntervals													-0.03470871830097444
274.1241914800004	0.8919999999999959	WheelMovementIntervals													-0.240335011845481
281.3451914800004	1.7749999999999773	WheelMovementIntervals													0.3192890404965496
286.7151914800004	2.69399999999996	WheelMovementIntervals													-1.3193843668717342
294.86119148000034	1.0600000000000023	WheelMovementIntervals													-0.9327509912971976
299.71619148000036	1.2320000000000277	WheelMovementIntervals													0.23118174268174485
305.7441914800004	1.0699999999999932	WheelMovementIntervals													-0.3783524457296181
312.06719148000036	0.25200000000000955	WheelMovementIntervals													-0.10946349502403407
315.4381914800004	4.204999999999984	WheelMovementIntervals													-0.6154852592082811
338.5301914800004	0.6720000000000255	WheelMovementIntervals													-0.16068883710824444
339.3631914800004	0.2599999999999909	WheelMovementIntervals													-0.03528662071342481
346.8720093303469	2.4970964237137423	trials	-1.0	1.0	1.5		0.25	0.5	347.8232142003478	347.8231075873233	348.8690762703489	347.6858279403477	347.5827382503476	347.65519148000044	
347.65519148000044	4.033999999999992	WheelMovementIntervals													1.3690400374949174
349.92770373034995	4.053836508309189	trials	1.0	1.0	1.5	1.0		0.5	352.4289202503524	352.42882502116095	353.4814816503535	352.1813450103522	352.1823115803522	352.3051914800004	
352.3051914800004	1.6970000000000027	WheelMovementIntervals													-0.3617285073986647
354.5350429503545	2.9795853756735937	trials	1.0	1.0	1.5	1.0		0.5	355.94383539035596	355.94373556346324	357.01456164035704	355.5191112003555	355.5199111203555	355.56119148000045	
354.5621914800004	0.2769999999999868	WheelMovementIntervals													0.052676484234709164
355.56119148000045	0.5339999999999918	WheelMovementIntervals													-0.3330564605729194
357.3321914800004	0.6570000000000391	WheelMovementIntervals													0.17759915085456335
358.06302345035806	2.4891260064787275	trials	-1.0	1.0	1.5		1.0	0.5	358.97733201035896	358.9772322674828	360.05205786036004	358.73528955035874	358.7361561303587	358.8801914800004	
358.8801914800004	2.140000000000043	WheelMovementIntervals													1.334069385011416
361.0937536803611	2.558290157602187	trials	-1.0	1.0	1.5		0.0625	0.5	362.0898540603621	362.0897494591892	363.15194784036316	361.81454826036185	361.81544817036183	361.87919148000043	
361.87919148000043	0.7989999999999782	WheelMovementIntervals													0.7194136537441658
364.2366393603642	2.8153005310288677	trials	1.0	1.0	1.5	1.0		0.5	365.4903473103655	365.4902382609791	366.5519078103666	365.2645698903653	365.26540314036527	365.34719148000045	
364.6051914800004	0.11299999999999955	WheelMovementIntervals													-0.016876471749057487
365.34719148000045	1.1510000000000105	WheelMovementIntervals													-0.5099137608627178
367.5890374203676	2.296215408421972	trials	1.0	1.0	1.5	0.125		0.5	368.3152647903683	368.31514166034964	369.3852244503694	368.0643898803681	368.0653564503681	368.12319148000046	
368.12319148000046	0.8699999999999477	WheelMovementIntervals													-0.316623195935696
370.4232539703704	2.5244965973557782	trials	-1.0	1.0	1.5		0.25	0.5	371.3760586803714	371.37595193151316	372.44768484037246	371.13101652037113	371.1319497603711	371.27019148000045	
371.27019148000045	0.7379999999999995	WheelMovementIntervals													0.8562012204316876
373.4885474103735	2.475927860043271	trials	1.0	1.0	1.5	0.0625		0.5	374.3956566903744	374.3955568837126	375.46438314037545	374.16844608037417	374.1692460003742	374.27519148000044	
374.27519148000044	1.0779999999999745	WheelMovementIntervals													-0.42970267587598343
376.0571914800004	0.17099999999999227	WheelMovementIntervals													-0.04280242057826378
376.5063789303765	2.4245998576508327	trials	1.0	1.0	1.5	1.0		0.5	377.35996023037734	377.35987852825053	378.4308864603784	377.13478275037716	377.13551601037716	377.1561914800004	
377.1561914800004	0.9740000000000464	WheelMovementIntervals													-0.4361207521289714
379.5202775103795	4.6647137933700265	trials	1.0	-1.0	0.0		0.0	0.5	381.6244337403816	381.62358282797436	383.68489434038366	380.03489271038006	380.03579262038005	380.0811914800004	
380.0811914800004	1.600999999999999	WheelMovementIntervals													-0.3452614187194136
382.36219148000043	0.9360000000000355	WheelMovementIntervals													-0.4633896837368141
384.7215906603847	2.9801139779852974	trials	1.0	1.0	1.5	0.25		0.5	386.1390822303861	386.1389968329931	387.2016426303872	385.3474280703854	385.34836131038537	385.52319148000043	
385.52319148000043	0.8050000000000068	WheelMovementIntervals													-0.41162384235416205
387.89919148000047	0.08899999999999864	WheelMovementIntervals													-0.04112017107396859
388.23490596038823	2.2623914439058694	trials	-1.0	1.0	1.5		1.0	0.5	388.93520259038894	388.93510269333973	389.99722971039	388.7140580403887	388.71495795038874	388.86319148000047	
388.86319148000047	0.5929999999999609	WheelMovementIntervals													1.1564083932929634
391.03179291039106	2.452803232690144	trials	1.0	1.0	1.5	0.0625		0.5	391.9106050203919	391.9104933519941	392.984530950393	391.6679626203917	391.66856256039165	391.77919148000046	
391.77919148000046	0.7330000000000041	WheelMovementIntervals													-0.34444578204236187
394.01649441039405	15.234623482756831	trials	1.0	-1.0	0.0		0.0	0.5	406.68126114040666	406.680412268129	408.75105414040877	394.63043301039465	394.63116627039466	397.81819148000045	
397.81819148000045	1.0740000000000123	WheelMovementIntervals													-0.2511772820916196
406.61319148000047	0.7119999999999891	WheelMovementIntervals													-0.3830585684598411
409.8023156704098	6.994643772399797	trials	-1.0	1.0	1.5		0.0625	0.5	415.2324392704152	415.2323473225466	416.2968661504163	414.980097840415	414.980797770415	415.1681914800005	
410.14519148000045	4.161000000000001	WheelMovementIntervals													-2.770340218828938
415.1681914800005	1.7620000000000005	WheelMovementIntervals													0.5531046894361609
417.3609597304174	2.302488776584312	trials	-1.0	1.0	1.5		1.0	0.5	418.0991525704181	418.0990551708997	419.16341280041917	417.8675090704179	417.8684089804179	417.99819148000046	
417.99819148000046	0.9870000000000232	WheelMovementIntervals													0.7614793419889914
420.19224324042017	2.6545144483221748	trials	-1.0	1.0	1.5		0.125	0.5	421.2772680604213	421.27714832807305	422.34669444042237	420.71749071042075	420.7183572904207	420.85619148000046	
420.85619148000046	0.7019999999999982	WheelMovementIntervals													0.5552507668976467
421.8621914800005	0.7269999999999754	WheelMovementIntervals													-0.049948892878845186
423.37595817042336	3.1413005038416486	trials	-1.0	1.0	1.5		0.125	0.5	424.947867630425	424.9477579221626	426.017194020426	424.70069235042473	424.7016255904247	424.85119148000047	
423.38519148000046	0.07500000000004547	WheelMovementIntervals													-0.010354502052877024
423.8551914800005	0.10099999999999909	WheelMovementIntervals													-0.006871083695500602
424.85119148000047	0.8149999999999977	WheelMovementIntervals													0.5764032570190611
427.04805759042705	2.2819158599477305	trials	1.0	1.0	1.5	1.0		0.5	427.7666523904278	427.76656226936467	428.8299127204288	427.51321107042753	427.5138776704275	427.4961914800005	
427.4961914800005	0.86099999999999	WheelMovementIntervals													-0.46981789880326197
429.86437593042984	2.6531100963811127	trials	1.0	1.0	1.5	0.0625		0.5	430.95446691043094	430.95437925674577	432.017460600432	430.3840239604304	430.3848238804304	430.5281914800005	
430.5281914800005	0.8650000000000091	WheelMovementIntervals													-0.6810585395818833
433.0986858004331	2.3309867084676625	trials	1.0	1.0	1.5	0.25		0.5	433.8681755104339	433.86808075311654	434.92966935043495	433.6132010104336	433.6141009204336	433.7531914800005	
433.7531914800005	2.555000000000007	WheelMovementIntervals													-2.247839011653177
435.962966010436	2.6834128835003526	trials	-1.0	1.0	1.5		0.0625	0.5	437.0835872704371	437.0834701374576	438.14634765043814	436.83384558043684	436.8347121604368	436.9451914800005	
436.9451914800005	0.6859999999999786	WheelMovementIntervals													0.6386379972928005
439.1775778504392	2.705909369315293	trials	-1.0	1.0	1.5		0.125	0.5	440.3151974104403	440.31508094833265	441.38342391044137	440.05015725044007	440.05099050044004	440.1281914800005	
439.4941914800005	0.05200000000002092	WheelMovementIntervals													-0.020718382619534736
440.1281914800005	0.8669999999999618	WheelMovementIntervals													0.6558084078099995
442.4124876604424	2.5004995076707246	trials	-1.0	1.0	1.5		0.0625	0.5	443.34639426044333	443.3462867296945	444.41288760044444	443.01286095044304	443.01356088044304	443.1461914800005	
443.1461914800005	0.7760000000000105	WheelMovementIntervals													0.3621567451562129
445.4423846404454	2.7078042142782124	trials	1.0	1.0	1.5	0.125		0.5	446.5916030404466	446.59148600447736	447.65013051044764	446.2168405204462	446.2175071204462	446.3121914800005	
446.3121914800005	1.1620000000000346	WheelMovementIntervals													-0.4191497203610268
448.73628855044876	2.3472111040908885	trials	1.0	1.0	1.5	0.25		0.5	449.51951022044955	449.519391921491	450.5834371504506	449.3127642304493	449.3134641604493	449.4081914800005	
449.4081914800005	0.9639999999999986	WheelMovementIntervals													-0.4914648430491404
451.6122009304516	2.721209657701081	trials	-1.0	1.0	1.5		0.0625	0.5	452.76751872045276	452.7674041812857	453.83331213045386	452.3127308704523	452.31339747045234	452.4551914800005	
452.4551914800005	1.0840000000000032	WheelMovementIntervals													0.6359370774031134
454.8637090804549	2.4195047749225296	trials	-1.0	1.0	1.5		1.0	0.5	455.7180236404557	455.71791006013535	456.7831837804568	455.4793141804555	455.4800141104555	455.5701914800005	
455.5701914800005	1.0049999999999955	WheelMovementIntervals													0.9563272121040676
457.3791914800005	1.160000000000025	WheelMovementIntervals													-0.22423069481535762
457.8195134704578	2.809701352392892	trials	-1.0	1.0	1.5		1.0	0.5	459.06752199045906	459.06741318282985	460.12911582046013	458.8457108404589	458.8466440804589	458.89419148000053	
458.89419148000053	0.6159999999999854	WheelMovementIntervals													0.68792706623681
461.16021270046116	2.3523114708812045	trials	-1.0	1.0	1.5		0.125	0.5	461.94683403046196	461.9467158670818	463.012460790463	461.69975874046173	461.7005919904617	461.8321914800005	
461.8321914800005	0.625	WheelMovementIntervals													0.4842943474169612
464.04382431046406	2.4852232813810815	trials	1.0	1.0	1.5	0.0625		0.5	464.969731710465	464.96963223831165	466.028959110466	464.63333202046465	464.6341652704646	464.7481914800005	
464.7481914800005	0.9750000000000227	WheelMovementIntervals													-0.3995324509846334
467.1139506004671	2.5150978927036363	trials	-1.0	1.0	1.5		0.0625	0.5	468.0740545804681	468.07394903273564	469.1289824104691	467.7996486904678	467.8004819404678	467.8561914800005	
467.8561914800005	2.254000000000019	WheelMovementIntervals													0.3444345765041419
470.16344562047016	2.6030897417339816	trials	1.0	1.0	1.5	0.0625		0.5	471.2090410504712	471.2089410987412	472.26643530047227	470.84951034047083	470.8504102504709	470.9531914800005	
470.9531914800005	0.8010000000000446	WheelMovementIntervals													-0.4538382798544589
472.0481914800005	0.11000000000001364	WheelMovementIntervals													0.01646853717859642
473.2987320604733	3.1843258784168142	trials	1.0	1.0	1.5	0.0625		0.5	474.91773681047493	474.91764420026686	475.98296361047596	473.8956390304739	473.8964056204739	473.99419148000055	
473.99419148000055	1.4350000000000023	WheelMovementIntervals													-0.4665627903479468
476.0891914800005	0.7880000000000109	WheelMovementIntervals													-0.44615791097064417
477.019359960477	2.592790166641464	trials	1.0	1.0	1.5	1.0		0.5	478.04795709047806	478.0478556631517	479.1120840004791	477.61216734047764	477.61290060047764	477.88919148000053	
477.88919148000053	3.48599999999999	WheelMovementIntervals													-1.338892394040684
480.14984688048014	4.216218346558094	trials	1.0	1.0	1.5	0.0625		0.5	482.7963822004828	482.7962571407882	483.86600856048386	482.4829802104825	482.4838134604825	482.61519148000053	
482.61519148000053	0.8260000000000218	WheelMovementIntervals													-0.42772911143053705
484.96276554048495	2.7325076824286043	trials	-1.0	1.0	1.5		0.0625	0.5	486.13548159048617	486.1353679789885	487.1951756104872	485.62863228048565	485.6294322004856	485.7551914800005	
485.7551914800005	1.0720000000000027	WheelMovementIntervals													0.6669427479607322
488.22787233048825	2.5341966170558408	trials	-1.0	1.0	1.5		1.0	0.5	489.2043746704892	489.2042702564994	490.2620355604903	488.982930150489	488.983696740489	489.10319148000053	
489.10319148000053	0.9130000000000109	WheelMovementIntervals													0.8802939866724024
490.17419148000056	0.25099999999997635	WheelMovementIntervals													-0.015992110991341235
491.2926658204913	3.156627679482824	trials	-1.0	1.0	1.5		0.125	0.5	492.8913726004929	492.89127933180345	493.94923347049394	492.64946346049265	492.6502967104927	492.77719148000057	
492.77719148000057	0.9919999999999618	WheelMovementIntervals													0.4993697097626928
494.980596990495	2.3311849311750166	trials	-1.0	1.0	1.5		1.0	0.5	495.75068664049576	495.7505916829324	496.8117471904968	495.5117105404955	495.5125771204955	495.61719148000054	
495.61719148000054	0.9750000000000227	WheelMovementIntervals													0.7473435498380976
497.84437725049787	2.533922349396107	trials	1.0	1.0	1.5	0.0		0.5	498.81628005049885	498.81618543840386	499.8782738404999	498.36589176049836	498.36655836049835	498.51919148000053	
498.51919148000053	0.9010000000000105	WheelMovementIntervals													-0.5996635248629918
500.52519148000056	0.5450000000000159	WheelMovementIntervals													-0.4053602396001388
500.9184031505009	2.7639993841100363	trials	-1.0	1.0	1.5		0.0625	0.5	502.1154167705021	502.1153024507694	503.18237673050317	501.64889676050166	501.64976334050164	501.68019148000053	
501.68019148000053	1.045000000000016	WheelMovementIntervals													0.4080821961462604
503.23519148000054	0.08800000000002228	WheelMovementIntervals													0.016199853238816786
504.27100119050425	2.5113984671181697	trials	-1.0	1.0	1.5		0.125	0.5	505.2122070605052	505.21209986662416	506.2823333705063	504.961665450505	504.96243204050495	505.1011914800006	
505.1011914800006	0.8029999999999973	WheelMovementIntervals													0.5667418253753063
506.39519148000056	0.09199999999998454	WheelMovementIntervals													0.019837053114692083
507.3134969105073	2.431304449180459	trials	1.0	1.0	1.5	0.125		0.5	508.1890093505082	508.188898152399	509.24470377050926	507.86160876050786	507.8623753505079	507.99019148000053	
507.99019148000053	0.9850000000000136	WheelMovementIntervals													-0.5573926289059852
510.2811001205103	2.3843077832949007	trials	1.0	1.0	1.5	0.125		0.5	511.0968185405111	511.09670209880636	512.1653783405121	510.84897666051086	510.84960993051084	510.95619148000054	
510.95619148000054	0.9470000000000027	WheelMovementIntervals													-0.4146775496835673
513.2000082005133	2.382107669558536	trials	1.0	1.0	1.5	0.125		0.5	514.023125880514	514.0230105048013	515.0820866405151	513.7781170505137	513.7788836405138	513.9181914800005	
513.9181914800005	1.247000000000071	WheelMovementIntervals													-0.5949253417390281
516.1180163705161	2.4141269409999495	trials	-1.0	1.0	1.5		1.0	0.5	516.974830680517	516.9747255762845	518.032091610518	516.7446537005168	516.7454869505168	516.8871914800005	
516.8871914800005	0.8439999999999372	WheelMovementIntervals													0.9093363400507251
518.0061914800006	1.16599999999994	WheelMovementIntervals													-0.5060545709100026
519.1276487105191	4.837797273218371	trials	1.0	1.0	1.5	0.25		0.5	522.3957552005224	522.3956461930277	523.4653815605235	522.1445136605222	522.1454135705221	522.0701914800005	
519.9701914800005	0.09199999999998454	WheelMovementIntervals													0.016796226027885552
522.0701914800005	1.0539999999999736	WheelMovementIntervals													-0.5720733205949351
524.5018445705246	2.480200651396217	trials	1.0	1.0	1.5	0.0625		0.5	525.4244523005254	525.4243440689174	526.4820132005265	524.977863630525	524.978696880525	525.1271914800005	
525.1271914800005	1.125	WheelMovementIntervals													-0.3141468610924143
527.5179429305275	2.3264135087048317	trials	-1.0	1.0	1.5		0.125	0.5	528.2888658305283	528.2887467436732	529.3442936105293	527.977696950528	527.978596860528	528.0781914800006	
528.0781914800006	1.363999999999919	WheelMovementIntervals													0.3737379777800989
530.3762570705304	2.384809477538397	trials	1.0	1.0	1.5	0.25		0.5	531.2029410605312	531.2028596623319	532.2610019105323	530.982029820531	530.9829297305309	531.0241914800005	
531.0241914800005	0.8530000000000655	WheelMovementIntervals													-0.5411205662738965
533.2944652205333	2.2663911005015507	trials	1.0	1.0	1.5	0.125		0.5	534.008660460534	534.0085614712302	535.0608219005351	533.7651181505338	533.7658847405338	533.8681914800005	
533.8681914800005	0.73599999999999	WheelMovementIntervals													-0.4689488817742884
536.0980515005361	2.33390696860954	trials	1.0	1.0	1.5	0.0625		0.5	536.8615751405368	536.8614534528197	537.931934760538	536.6318981105367	536.6328313505367	536.7251914800005	
536.7251914800005	0.97300000000007	WheelMovementIntervals													-0.42259630285265004
539.022958980539	2.492126183633559	trials	-1.0	1.0	1.5		0.25	0.5	539.95016625054	539.950068349239	541.0150264205411	539.7108568505397	539.7117567605397	539.6941914800005	
539.6941914800005	0.9669999999999845	WheelMovementIntervals													0.5721868760387565
542.050089570542	2.8314993073412325	trials	-1.0	1.0	1.5		0.125	0.5	543.3189626705433	543.3188883639579	544.3815564005444	542.7440535005428	542.7446867705428	542.8671914800005	
542.8671914800005	1.1730000000000018	WheelMovementIntervals													0.6607242475245769
545.3721914800005	1.3600000000000136	WheelMovementIntervals													-0.43415332370568294
545.4150863705454	3.366610244039066	trials	1.0	1.0	1.5	0.125		0.5	547.2176727605472	547.2175907844561	548.2815996905483	546.960731790547	546.9615650405469	547.0791914800005	
547.0791914800005	0.7160000000000082	WheelMovementIntervals													-0.4277411423803912
549.3190959305493	2.5290965390757947	trials	1.0	1.0	1.5	0.25		0.5	550.2774000905503	550.2772938615709	551.3481263405514	550.02725844055			
550.1211914800006	0.9629999999999654	WheelMovementIntervals													-0.4453302369038674
551.7451914800006	0.37199999999995725	WheelMovementIntervals													0.10504100616818235
552.3849893105524	2.429605017632184	trials	1.0	1.0	1.5	0.25		0.5	553.2511026905532	553.2509903861481	554.3145630005544	552.994028400553			
553.1001914800005	0.44000000000005457	WheelMovementIntervals													-0.3731344955325113
553.8411914800006	0.1289999999999054	WheelMovementIntervals													0.03530213939990645
555.3478929905554	2.529418835702131	trials	1.0	1.0	1.5	1.0		0.5	556.3238953805563	556.3237994861468	557.3772900305573	556.0940183705561	556.0947516305561	556.1531914800005	
556.1531914800005	1.1370000000000573	WheelMovementIntervals													-0.5709916793570464
558.4729137905584	3.5042982297001117	trials	1.0	-1.0	0.0		0.0625	0.5	559.4170193705594	559.4162127756562	561.4771800005615	559.0814196005591	559.0823528405591	559.1791914800006	
559.1791914800006	0.8500000000000227	WheelMovementIntervals													-0.3265215872805598
562.5160094405625	2.365010225852643	trials	1.0	1.0	1.5	0.25		0.5	563.3094300905633	563.3093125352203	564.3809562605644	563.0477895905631	563.048589510563	563.1591914800006	
563.1591914800006	0.7200000000000273	WheelMovementIntervals													-0.4387670890557054
565.4127197405654	2.381009019292378	trials	1.0	1.0	1.5	0.0625		0.5	566.2396370405662	566.239522178006	567.2936316305673	565.993661640566			
566.0971914800006	0.9610000000000127	WheelMovementIntervals													-0.32751959547326237
568.3265283305683	13.98751367514717	trials	1.0	1.0	1.5	0.0		0.5	580.7582517005808	580.7581378182631	581.8140127805818	569.047656210569			
569.0731914800006	0.15999999999996817	WheelMovementIntervals													0.023422945796795602
580.3241914800005	0.9279999999999973	WheelMovementIntervals													-0.4784813422510652
581.5531914800006	2.020999999999958	WheelMovementIntervals													-0.61268998196892
582.8707404305828	3.12252553231599	trials	-1.0	1.0	1.5		0.125	0.5	584.4306510905844	584.4305521858056	585.4931781605854	584.1433131605842	584.1442130705841	584.2661914800005	
584.2661914800005	0.6730000000000018	WheelMovementIntervals													0.4649656456623532
586.5900684605866	4.503197230738579	trials	1.0	-1.0	0.0		0.0	0.5	588.5404400705886	588.5396668287358	590.5931681105906	587.2971977405873	587.2981309805873	587.4421914800006	
587.4421914800006	2.183999999999969	WheelMovementIntervals													-0.8065085964282765
591.6317642405917	2.6655125070647046	trials	1.0	1.0	1.5	0.25		0.5	592.7259881405927	592.7258685533926	593.7972476705938	592.3804893605924			
592.5201914800006	0.6599999999999682	WheelMovementIntervals													-0.3938529967255917
594.8383768805949	3.675712416019337	trials	-1.0	-1.0	0.0	0.0		0.5	595.944299610596	595.943580012455	598.014025950598	595.3764564005954			
595.5131914800006	1.1889999999999645	WheelMovementIntervals													0.6156874289945762
599.0518888205991	5.157597605955175	trials	-1.0	1.0	1.5		0.25	0.5	602.6496956706027	602.649586453073	603.7094563506037	602.4097196706024	602.4105195906025	602.5561914800006	
599.3561914800006	2.4600000000000364	WheelMovementIntervals													-1.036676120143433
602.5561914800006	0.39799999999991087	WheelMovementIntervals													0.8513286672394216
604.7655840606047	2.4982205162624496	trials	1.0	1.0	1.5	1.0		0.5	605.7000906006057	605.6999909862238	606.7637508906067	605.4471159006055	605.4477825006054	605.6081914800006	
605.6081914800006	0.5279999999999063	WheelMovementIntervals													-0.38607016732084887
607.8593079906078	2.5043979811613326	trials	-1.0	1.0	1.5		0.25	0.5	608.7958143306088	608.7957068618587	609.8636408706099	608.5760696406086	608.5767029106086	608.6961914800006	
608.6961914800006	0.2279999999999518	WheelMovementIntervals													0.7116845005287509
610.8956043306109	2.3680095514823734	trials	-1.0	1.0	1.5		0.25	0.5	611.6988240006117	611.6987072308189	612.7635841806127	611.4259179606114	611.4266845506114	611.5801914800006	
611.5801914800006	0.5230000000000246	WheelMovementIntervals													0.4736823220134845
613.6721914800006	0.18600000000003547	WheelMovementIntervals													-0.19739063909199572
613.8004138206138	2.363010569701032	trials	1.0	1.0	1.5	0.25		0.5	614.6073997806146	614.6073164054568	615.6633941706157	614.2926312606143	614.2932978606143	614.4321914800006	
614.4321914800006	0.7980000000000018	WheelMovementIntervals													-0.44937528034103735
616.6973241006167	2.882794806280458	trials	1.0	1.0	1.5	0.125		0.5	618.010226130618	618.0101208246667	619.0801191306191	617.4092195706174	617.4099195006174	617.5451914800007	
617.5451914800007	0.8789999999999054	WheelMovementIntervals													-0.4193745070262409
620.1156155706201	2.547723440861432	trials	-1.0	1.0	1.5		0.0625	0.5	621.0971174106211	621.0970238298519	622.1632774506222	620.7926478606208	620.7934811106207	620.9211914800006	
620.9211914800006	0.40199999999992997	WheelMovementIntervals													0.3256393957452701
621.6221914800007	0.0909999999998945	WheelMovementIntervals													0.002972184710927195
623.1991405206232	2.447499034679936	trials	1.0	1.0	1.5	0.0		0.5	624.0883182606241	624.0882390801486	625.1466124206252	623.7257878506238	623.7264211206237	623.9071914800006	
623.9071914800006	0.3160000000000309	WheelMovementIntervals													-0.36617265075079786
626.0841914800006	1.0059999999999718	WheelMovementIntervals													-0.1421094860453742
626.2482355806262	3.0984035243374137	trials	1.0	1.0	1.5	1.0		0.5	627.7912479306278	627.791136339695	628.8465423906289	627.5758694706276	627.5767027206276	627.6961914800006	
627.6961914800006	0.7749999999999773	WheelMovementIntervals													-0.514010107823534
629.8866383706298	2.559919735408471	trials	1.0	1.0	1.5	0.125		0.5	630.8853384906309	630.8852456791855	631.946465700632	630.4591144506304	630.4599477006304	630.6111914800006	
630.6111914800006	1.25100000000009	WheelMovementIntervals													-0.4597196213874746
632.992361100633	3.2205922575661816	trials	1.0	-1.0	0.0		0.125	0.5	633.6465623406336	633.645959326413	635.7128890206358	633.4589477706335	633.4599143406334	633.5261914800006	
633.5261914800006	0.43200000000001637	WheelMovementIntervals													-0.30550681079260045
636.1581914800006	1.30600000000004	WheelMovementIntervals													-0.19584853042900718
636.7609508706367	3.6019180194549563	trials	1.0	1.0	1.5	0.125		0.5	638.8000469406388	638.7999599390869	639.8628406506399	638.5420727406386	638.5428060006385	638.6741914800007	
638.6741914800007	0.7739999999998872	WheelMovementIntervals													-0.5123911341129386
640.909369320641	2.46609509413463	trials	-1.0	1.0	1.5		0.25	0.5	641.8237778706418	641.8236671310581	642.8754060306429	641.3754560406414	641.3760893106414	641.5431914800006	
641.5431914800006	1.024000000000001	WheelMovementIntervals													0.7294096148157685
643.982661960644	2.396908192620799	trials	-1.0	1.0	1.5		0.25	0.5	644.8290773106448	644.8289641471393	645.8795389206459	644.5793356206445	644.5800022206446	644.7371914800007	
644.7371914800007	0.26900000000000546	WheelMovementIntervals													0.5244858942591648
646.916568540647	2.412706246927087	trials	-1.0	1.0	1.5		0.25	0.5	647.7822819606478	647.7821697055396	648.8291772606489	647.5253743206475	647.5263075606475	647.6691914800007	
647.6691914800007	0.5809999999999036	WheelMovementIntervals													0.5339375138287856
649.8665735106499	3.3962072627479074	trials	1.0	-1.0	0.0		0.0	0.5	650.7252543006507	650.7244750926562	652.7627838606528	650.4085859706504	650.4092859006504	650.5551914800006	
650.5551914800006	1.627999999999929	WheelMovementIntervals													-0.8998743122287216
652.4831914800006	0.16800000000000637	WheelMovementIntervals													-0.0401546528464678
653.8035797706538	4.40913517759293	trials	1.0	-1.0	0.0		0.0	0.5	655.6631271306557	655.662493758497	657.7126221606577	654.3418259406543	654.3425258706543	654.4851914800006	
654.4851914800006	1.3780000000000427	WheelMovementIntervals													-0.3591856951408481
658.7539180206587	2.2877894758292996	trials	-1.0	1.0	1.5		1.0	0.5	659.4976103106595	659.497513949951	660.5416725606606	659.2751992206593	659.2760658006592	659.3951914800007	
659.3951914800007	0.7479999999999336	WheelMovementIntervals													0.7392452534481606
661.5853015206616	2.4774222423513947	trials	-1.0	1.0	1.5		0.25	0.5	662.5248075606626	662.5247088171187	663.5626704306636	662.1790421406622	662.1796754106622	662.3141914800007	
662.3141914800007	0.3389999999999418	WheelMovementIntervals													0.46952419040623994
664.6688264706647	2.4061058942110094	trials	-1.0	1.0	1.5		1.0	0.5	665.5260074106656	665.5259282140779	666.5748358506665	665.3084291706654	665.3092957506653	665.4431914800007	
665.4431914800007	0.8769999999999527	WheelMovementIntervals													0.8831314873625331
667.6087324506676	2.89959327520819	trials	1.0	1.0	1.5	0.0		0.5	668.970529590669	668.9704283533642	670.00829247067	668.2122387606682	668.2129053606682	668.3751914800007	
668.3751914800007	0.7399999999998954	WheelMovementIntervals													-0.4346396412389595
671.0451221106711	2.300415235525179	trials	1.0	1.0	1.5	1.0		0.5	671.8089123906718	671.8088265046729	672.8454420606729	671.5123420506715	671.5131753006715	671.6681914800007	
671.6681914800007	0.4189999999999827	WheelMovementIntervals													-0.5316730712643931
673.8816384306739	2.4970980387205373	trials	-1.0	1.0	1.5		1.0	0.2	674.8345431306749	674.8344373007609	675.8787387006759	674.5748357706746	674.5757690106745	674.7091914800006	
674.7091914800006	0.3229999999999791	WheelMovementIntervals													0.6070699879290338
676.917334830677	3.2907163656439025	trials	1.0	-1.0	0.0		0.0625	0.2	677.6677264506777	677.6671381039481	679.7080224006797	677.3748224106773	677.3757223206774	677.4971914800007	
677.4971914800007	0.9869999999999663	WheelMovementIntervals													-0.7079712139836225
680.7496515606807	2.4917930156256034	trials	-1.0	1.0	1.5		0.0625	0.2	681.7078557306817	681.7077484906807	682.7413523706828	681.2786319906813	681.2792985906813	681.4841914800006	
681.4841914800006	0.3570000000000846	WheelMovementIntervals													0.30030303001439407
683.8486416306838	3.9926127695787272	trials	-1.0	1.0	1.5		0.0625	0.2	686.2926638706863	686.2925488349282	687.3412590006874	685.8286769406858	685.8295435206859		
684.0351914800007	2.6920000000000073	WheelMovementIntervals													-0.927562273982101
687.6101914800007	2.356999999999971	WheelMovementIntervals													-0.44707127760660725
688.3909540206884	4.033509272522565	trials	1.0	1.0	1.5	0.125		0.2	690.8913706206909	690.8912579089185	691.9244006406919	690.4784785806905	690.4791785106905	690.6691914800007	
690.6691914800007	0.5679999999999836	WheelMovementIntervals													-0.4285310800712061
692.9758621506929	2.432005068440162	trials	-1.0	1.0	1.5		0.25	0.2	693.8591738106938	693.8590632650203	694.907835600695	693.5452718706936	693.5460717906935	693.6741914800007	
693.6741914800007	0.3450000000000273	WheelMovementIntervals													0.7829666845769019
695.948064900696	2.296916052794586	trials	1.0	1.0	1.5	1.0		0.2	696.6950901906966	696.6949691451644	697.7449518606977	696.4617801906965	696.4627134306965	696.6171914800007	
696.6171914800007	0.38400000000001455	WheelMovementIntervals													-0.4844636667283311
698.7864810306988	2.4086054898995144	trials	-1.0	1.0	1.5		0.125	0.2	699.6348961806997	699.6347822598275	700.6950568207008	699.4408822506995	699.4416155106994	699.5511914800006	
699.5511914800006	0.49300000000005184	WheelMovementIntervals													0.5856431112289648
701.7334863007018	2.3409055812772976	trials	-1.0	1.0	1.5		1.0	0.2	702.5152747807025	702.5151874966017	703.5743355307036	702.2741655607023	702.2748988207023	702.4161914800006	
702.4161914800006	0.6900000000000546	WheelMovementIntervals													0.8614834733738164
703.5541914800007	0.11800000000005184	WheelMovementIntervals													0.010173075013430122
704.6879908207047	2.3404106511404734	trials	-1.0	1.0	1.5		1.0	0.2	705.4697126407054	705.4695940437983	706.5283734307066	705.2616667807052	705.2625000307053	705.3741914800007	
705.3741914800007	1.0559999999999263	WheelMovementIntervals													0.9429440891877512
707.5689027007076	3.6592132106128474	trials	1.0	-1.0	0.0		0.0	0.2	708.6667929007086	708.6662060624803	710.7280534207107	708.0241905007081	708.024790440708	708.1361914800007	
708.1361914800007	1.524000000000001	WheelMovementIntervals													-0.5330224963009655
711.7730155807118	2.488300259528728	trials	-1.0	1.0	1.5		0.125	0.2	712.7089219807127	712.7088149261557	713.7612500707138	712.4739788107125	712.4747120707125	712.6031914800006	
712.6031914800006	0.8090000000000828	WheelMovementIntervals													0.7474745679356829
714.8039124607149	2.336911951878051	trials	-1.0	1.0	1.5		1.0	0.2	715.5755019607155	715.5754154160682	716.6406954307166	715.3571571307153	715.3579903807154	715.4421914800007	
715.4421914800007	0.7319999999999709	WheelMovementIntervals													0.7841391928505104
717.6833244907177	2.2949151611074967	trials	-1.0	1.0	1.5		1.0	0.2	718.4159178907184	718.4158286915556	719.4781116607195	718.2113383507182	718.2123049207182	718.3161914800007	
718.3161914800007	0.83299999999997	WheelMovementIntervals													0.8431280153835949
720.5203407607205	2.5909843576546336	trials	-1.0	1.0	1.5		0.0625	0.2	721.5524375407216	721.5523341320467	722.6112649807226	721.007125410721	721.007892000721	721.1131914800006	
721.1131914800006	0.9480000000000928	WheelMovementIntervals													0.3325590138521761
723.7259201707237	2.5144247101466135	trials	-1.0	1.0	1.5		1.0	0.2	724.6888238707247	724.6887288667592	725.7402853807257	724.4737120507244	724.4744786407244	724.4791914800007	
724.4791914800007	0.7099999999999227	WheelMovementIntervals													0.6429455868762837
725.5351914800007	0.10199999999997544	WheelMovementIntervals													0.0326422468112888
725.9491914800006	0.08600000000001273	WheelMovementIntervals													0.008490721594323958
726.7828477807268	2.3576087525984804	trials	1.0	1.0	1.5	0.0625		0.2	727.5890338207276	727.5889504314594	728.6403620107286	727.2943966207273	727.2950965507273	727.4301914800006	
727.4301914800006	1.0260000000000673	WheelMovementIntervals													-0.5054865526428785
729.6870573307297	2.3240854825551196	trials	1.0	1.0	1.5	0.0625		0.2	730.4524474507305	730.4523518917255	731.5110749107315	730.2445349107303	730.2453681607302	730.3461914800007	
730.3461914800007	0.9089999999999918	WheelMovementIntervals													-0.4426107089875977
732.5574369307326	2.5161231165934623	trials	-1.0	1.0	1.5		0.125	0.2	733.5150411607335	733.5149453471826	734.5735353007345	733.1236469707331	733.1243469007331	733.2571914800008	
733.2571914800008	1.1549999999999727	WheelMovementIntervals													0.7409848263599663
735.6211638607356	2.602289669872789	trials	-1.0	1.0	1.5		0.0625	0.2	736.6752584407367	736.6751588667133	737.7233869507377	736.0776848707361	736.078584780736	736.2811914800008	
736.2811914800008	1.120999999999981	WheelMovementIntervals													0.46757087362513694
738.7700489407388	2.24091301993235	trials	-1.0	1.0	1.5		1.0	0.2	739.4454480607394	739.445352261616	740.5109081707405	739.2276031807393	739.2285364207393	739.3471914800007	
739.3471914800007	0.27499999999997726	WheelMovementIntervals													0.8455382187817158
741.6291630007416	2.6818106633021443	trials	-1.0	1.0	1.5		0.125	0.2	742.7510841307428	742.7509666246082	743.8108781407439	742.2735318907423	742.2741651607423	742.4131914800007	
742.4131914800007	0.4980000000000473	WheelMovementIntervals													0.4874533743914924
744.8578734307449	2.8697946208001213	trials	-1.0	1.0	1.5		0.0625	0.2	746.1701755207462	746.1700705138925	747.2276364307472	745.3899202207454	745.3907534707454	745.7341914800007	
745.7341914800007	0.5459999999999354	WheelMovementIntervals													0.3307353521895653
748.2768648307483	4.017309649159074	trials	-1.0	1.0	1.5		0.25	0.2	750.7362855307507	750.7361695133878	751.7941130707518	750.3899201707504	750.3906534307504	750.5111914800007	
748.3751914800007	1.5819999999999936	WheelMovementIntervals													-0.3889893268713962
750.5111914800007	0.5990000000000464	WheelMovementIntervals													0.5458239208899478
752.8460745307528	2.3313108244468594	trials	-1.0	1.0	1.5		0.0625	0.2	753.6136977607537	753.6135777651112	754.6773913807547	753.3899534707534	753.3906200707534	753.4811914800007	
753.4811914800007	0.9189999999999827	WheelMovementIntervals													0.5285002750529273
755.7244866607557	2.436203404953858	trials	1.0	1.0	1.5	0.25		0.2	756.6091981807566	756.6090871709031	757.6606596907577	756.3397917907563	756.3405250507564	756.5201914800007	
756.5201914800007	0.36200000000008004	WheelMovementIntervals													-0.442866453397464
758.7069883807587	2.3662083943804646	trials	-1.0	1.0	1.5		0.25	0.2	759.5160074707595	759.515890908572	760.5732017407606	759.2732317507592	759.2741316607593	759.4161914800007	
759.4161914800007	0.9869999999999663	WheelMovementIntervals													0.7792463925059359
761.6157974707617	2.340605656947332	trials	-1.0	1.0	1.5		0.25	0.2	762.4038186607625	762.4036987017735	763.4563800607634	762.1603763407621	762.1611096007622	762.2871914800007	
762.2871914800007	0.98599999999999	WheelMovementIntervals													0.729391525920871
764.5792011007646	2.4438301896818757	trials	-1.0	1.0	1.5		0.0625	0.2	765.4649125207654	765.4648109539248	766.5229400407666	765.1602096607652	765.1610429107652	765.2391914800007	
765.2391914800007	0.8099999999999454	WheelMovementIntervals													0.49467139418154105
767.5695353707675	2.8532962950768024	trials	-1.0	1.0	1.5		0.0625	0.2	768.8608395607689	768.8607327891282	769.9227333607699	768.3104279407684	768.3113278507683	768.3741914800007	
768.3741914800007	1.2930000000000064	WheelMovementIntervals													0.6170073803306941
770.970528570771	2.289814294109874	trials	1.0	1.0	1.5	0.125		0.2	771.7064216407717	771.7063328426732	772.7603162407728	771.4600796107715			
771.6151914800007	0.6320000000000618	WheelMovementIntervals													-0.41105851529443527
773.8056450307738	2.454300901859824	trials	1.0	1.0	1.5	0.125		0.2	774.7042218307747	774.7041449948455	775.7599162507757	774.4727116507745			
774.5331914800007	0.9550000000000409	WheelMovementIntervals													-0.43070911473686735
776.8065449107768	2.803601013878051	trials	-1.0	1.0	1.5		0.0	0.2	778.0608528007781	778.0607444696321	779.1101145307791	777.4058849707774	777.4068182107774	777.5351914800008	
777.5351914800008	2.6269999999999527	WheelMovementIntervals													0.6114116129362763
780.1613427307801	2.944709883989617	trials	-1.0	1.0	1.5		1.0	0.2	781.5525369307816	781.5524464552377	782.6059982407826	781.3559565907814	781.3567231807814	781.3391914800007	
781.3391914800007	0.9120000000000346	WheelMovementIntervals													0.6838860526948558
783.7320522907837	2.3572089563433565	trials	1.0	1.0	1.5	1.0		0.2	784.5380716807846	784.5379546690767	785.5891665607855	784.3266928207844	784.3273594207843	784.4491914800008	
784.4491914800008	0.5879999999999654	WheelMovementIntervals													-0.5348459024245127
786.6360618607866	2.286515573988254	trials	-1.0	1.0	1.5		0.25	0.2	787.3706550607874	787.3705662212003	788.4225165307885	787.1597428207872	787.1606094007872	787.2051914800007	
787.2051914800007	0.8120000000000118	WheelMovementIntervals													0.8574754046654132
789.4676786707895	2.4586015990455508	trials	1.0	1.0	1.5	0.0625		0.2	790.3743546607903	790.3742785229391	791.4262161307914	789.94336443079	789.94423101079	790.1531914800007	
790.1531914800007	0.79200000000003	WheelMovementIntervals													-0.39095683508501367
792.4722781807925	2.2667902247216034	trials	-1.0	1.0	1.5		0.125	0.2	793.1880732607932	793.1879744629704	794.2389681607942	792.955563180793	792.956496420793	793.0891914800007	
793.0891914800007	1.2200000000000273	WheelMovementIntervals													0.7023830762204177
795.2847635707953	2.454428926103901	trials	-1.0	1.0	1.5		1.0	0.2	796.1858734507962	796.1857734552477	797.2390681207972	795.959596080796	795.9604293307959	796.0651914800007	
796.0651914800007	0.8690000000000282	WheelMovementIntervals													0.7973653259209694
798.2882965207983	2.288187209829175	trials	-1.0	1.0	1.5		1.0	0.2	799.013390670799	799.0132921514821	800.0764843508001	798.8096110507988	798.8103776407988	798.9171914800007	
798.9171914800007	0.24700000000007094	WheelMovementIntervals													0.756008190758477
801.1256794208011	2.2965072197252994	trials	1.0	1.0	1.5	1.0		0.2	801.8748045008019	801.8746814493543	802.9221664208029	801.6222964208016	801.6230296808017	801.7721914800007	
801.7721914800007	0.5529999999999973	WheelMovementIntervals													-0.425939236949473
804.046287330804	2.4592012863175796	trials	-1.0	1.0	1.5		0.125	0.2	804.952596690805	804.9524874363103	806.005424730806	804.7264526408047	804.7272858908048	804.8271914800008	
804.8271914800008	0.2999999999999545	WheelMovementIntervals													0.3954827281934765
807.0101914800008	0.10199999999997544	WheelMovementIntervals													-0.03022828026960056
807.0524866808071	2.5903174109895417	trials	-1.0	1.0	1.5		1.0	0.2	808.0803172208081	808.0801927951034	809.1427776308092	807.8595726308079	807.8602059008078	807.9801914800007	
807.9801914800007	0.26400000000001	WheelMovementIntervals													0.617751389327589
810.1889063408101	2.5706197607054264	trials	-1.0	1.0	1.5		0.0625	0.2	811.2092043008112	811.2091133895372	812.2594326008123	810.9387646808109	810.939497940811	811.0841914800008	
811.0841914800008	0.14599999999995816	WheelMovementIntervals													0.29790153897603044
813.3065278808133	2.4030059159936172	trials	1.0	1.0	1.5	0.25		0.2	814.1559096008142	814.1558292648543	815.2094375708152	813.7720813208138	813.7727479208138	813.8911914800008	
813.8911914800008	0.6630000000000109	WheelMovementIntervals													-0.592499637533618
815.2631914800007	1.7960000000000491	WheelMovementIntervals													-0.29756459439367866
816.2581326908163	3.6804120107969993	trials	-1.0	1.0	1.5		0.125	0.2	818.3772207608184	818.377138454556	819.4385146208194	818.1051479708182	818.1060478808181	818.2421914800008	
817.3651914800008	0.07200000000000273	WheelMovementIntervals													0.0523123282960114
818.2421914800008	0.6090000000000373	WheelMovementIntervals													0.6068900218483462
820.4860431908205	2.2565900376266654	trials	-1.0	1.0	1.5		1.0	0.2	821.1847399808212	821.1846394875029	822.2425341908222	820.9592958608209	820.9599957908209	821.0871914800008	
821.0871914800008	0.4700000000000273	WheelMovementIntervals													0.5818835946820702
821.8811914800008	0.09600000000000364	WheelMovementIntervals													0.029380356157476584
823.2911293208233	3.118222834592757	trials	-1.0	1.0	1.5		0.0625	0.2	824.8457405108248	824.8456397073776	825.909267480826	824.5883329208245	824.5892328308246	824.7451914800008	
824.7451914800008	0.9819999999999709	WheelMovementIntervals													0.44853221718314895
827.040254370827	2.3314836480926715	trials	1.0	1.0	1.5	0.25		0.2	827.8104440108278	827.8103486394532	828.8717378708288	827.5883995508276	827.5891328108276	827.6821914800008	
827.6821914800008	0.9089999999999918	WheelMovementIntervals													-0.4972924393639824
829.9210329308299	3.1173293483789166	trials	-1.0	1.0	1.5		0.0	0.2	831.4770439808315	831.4769470800067	832.5382711808326	830.6757241208306	830.6764240508306	830.8121914800008	
830.8121914800008	1.5459999999999354	WheelMovementIntervals													0.45217141367655866
833.5872662708337	2.4218043559360467	trials	1.0	1.0	1.5	0.25		0.2	834.4463470208344	834.4462671064714	835.5090407408355	834.0588857708341	834.0597523508341	834.1961914800008	
834.1961914800008	0.9679999999999609	WheelMovementIntervals													-0.5270278454280213
836.5580691608366	2.446901416725723	trials	-1.0	1.0	1.5		1.0	0.8	837.4501799408374	837.4500693127509	838.5048744608386	837.2047378208372	837.2057043908372	837.3501914800008	
837.3501914800008	0.76400000000001	WheelMovementIntervals													1.038501481955123
839.5526696708396	2.685310545883567	trials	-1.0	1.0	1.5		0.125	0.8	840.6798569408406	840.6797732577975	841.7379511208418	840.2755307108403	840.2762306408403	840.4371914800008	
840.4371914800008	0.5929999999999609	WheelMovementIntervals													0.5844282524891327
842.7828799508428	2.355308921072492	trials	1.0	1.0	1.5	0.25		0.8	843.5843664608436	843.5842826460174	844.6380944108447	843.3420573608433	843.3428572808433	843.4791914800008	
843.4791914800008	0.6129999999999427	WheelMovementIntervals													-0.4544430731045974
845.6849897108457	2.4237959599774968	trials	1.0	1.0	1.5	0.125		0.8	846.5520696608465	846.5519879080164	847.6086973208476	846.1753073408462	846.1761405908462	846.3011914800009	
846.3011914800009	0.7539999999999054	WheelMovementIntervals													-0.4391559785691719
848.7483833408487	2.5060967619790517	trials	1.0	1.0	1.5	0.0625		0.8	849.6966885008497	849.6965817373652	850.7544827108508	849.2879293808493			
849.4341914800008	0.8519999999999754	WheelMovementIntervals													-0.5629443751231298
851.7996781808519	2.5381214746645355	trials	1.0	1.0	1.5	0.25		0.8	852.7847130008528	852.784586125964	853.8377076908538	852.5419706108526			
852.6631914800008	0.8700000000000045	WheelMovementIntervals													-0.4913245187722737
854.8839030608549	4.937016983741273	trials	-1.0	1.0	1.5		0.25	0.8	858.2680979408583	858.2680133315575	859.3208926508594	858.008290590858	858.009223830858	858.1211914800008	
855.0331914800008	2.227999999999952	WheelMovementIntervals													0.19816928694454905
858.1211914800008	0.6549999999999727	WheelMovementIntervals													0.6935801466717155
860.3831197508604	2.258591560574473	trials	-1.0	1.0	1.5		1.0	0.8	861.085916130861	861.0858165029291	862.1416438808621	860.8749372308608	860.8758704708608	860.9931914800009	
860.9931914800009	0.8709999999999809	WheelMovementIntervals													0.7498899798596934
863.1892057808632	2.4359025716760243	trials	-1.0	1.0	1.5		0.125	0.8	864.066818010864	864.0667059868016	865.1251121708651	863.8210425908638	863.8218091808639	863.9001914800008	
863.9001914800008	0.886000000000081	WheelMovementIntervals													0.4551329474861099
866.1719074808661	2.3862061688449785	trials	1.0	1.0	1.5	1.0		0.8	867.006723990867	867.006609288943	868.0580521808681	866.7709809008668	866.7717808208668	866.8871914800009	
866.8871914800009	0.7289999999999281	WheelMovementIntervals													-0.4748057476727414
868.9451914800009	0.7989999999999782	WheelMovementIntervals													0.15924890303433692
869.1080138408691	3.116929890888855	trials	1.0	1.0	1.5	0.25		0.8	870.6756237308707	870.6755278672865	871.7249187908717	870.4041508808704	870.4049841308704	870.4951914800008	
870.4951914800008	1.0960000000000036	WheelMovementIntervals													-0.33880161048604673
872.7791466908728	2.428996995756961	trials	1.0	1.0	1.5	0.25		0.8	873.6524260208737	873.6523448919015	874.7080871108748	873.4041175208735	873.4049507708734	873.5361914800009	
873.5361914800009	0.9689999999999372	WheelMovementIntervals													-0.3538842741859751
875.5481914800008	0.3590000000000373	WheelMovementIntervals													-0.1893483516925265
875.8419403808758	2.3164127807310706	trials	1.0	1.0	1.5	1.0		0.8	876.6051307208766	876.6050439324079	877.6583253908776	876.3707541608763	876.3715540808764	876.4641914800009	
876.4641914800009	0.8659999999999854	WheelMovementIntervals													-0.35707339932557414
878.7082537208787	2.495797198250557	trials	1.0	1.0	1.5	0.25		0.8	879.6441601208796	879.6440522954136	880.7039541308807	879.4207158008794	879.4214823908794	879.5071914800009	
879.5071914800009	0.6979999999999791	WheelMovementIntervals													-0.46783074139252
881.7543490808818	3.5537217816695374	trials	1.0	-1.0	0.0		0.0	0.8	882.7594152308827	882.7587546718707	884.8080436808848	882.4745103908825	882.4754436308825	882.5741914800009	
882.5741914800009	0.6079999999999472	WheelMovementIntervals													-0.49469498496413866
884.6501914800008	3.7620000000000573	WheelMovementIntervals													0.9584764319301264
885.8682709808859	5.039407402574739	trials	1.0	1.0	1.5	0.0625		0.8	889.3509893408893	889.3508747144652	890.4076503308904	888.8704707308889	888.8713039808889	889.0691914800009	
889.0691914800009	0.7569999999999482	WheelMovementIntervals													-0.477225725332068
891.4742769908914	2.5796181426159137	trials	1.0	1.0	1.5	0.0		0.8	892.5039740108925	892.5038834339153	893.5538023508935	892.1871723608922	892.1879056208923	892.3111914800008	
892.3111914800008	0.7169999999999845	WheelMovementIntervals													-0.47238728347124237
894.6015975608946	2.7854008162692026	trials	-1.0	1.0	1.5		0.0625	0.8	895.8287748308958	895.8286974799524	896.8869690008969	895.1409436208952	895.1418435308951	895.2781914800008	
895.2781914800008	0.6770000000000209	WheelMovementIntervals													0.4311418345189084
896.3191914800009	0.5609999999999218	WheelMovementIntervals													-0.1256661498492555
897.9367973408979	2.437495356316049	trials	1.0	1.0	1.5	0.125		0.8	898.8183091808988	898.8181953001426	899.8742035808999	898.6243285808986			
898.7241914800009	0.44899999999995543	WheelMovementIntervals													-0.5619906130207379
901.007590230901	2.8460242728435787	trials	1.0	1.0	1.5	0.0		0.8	902.2940949009023	902.2940002982817	903.3534889509034	901.5202389609016			
901.6511914800009	1.129000000000019	WheelMovementIntervals													-0.31384227080604354
903.9051914800009	1.9839999999999236	WheelMovementIntervals													-0.3963975952133616
904.4078168409044	4.028908572538285	trials	1.0	1.0	1.5	0.0625		0.8	906.8942015109069	906.8941208969231	907.936697250908	906.5075068509066	906.5083067709065	906.7331914800009	
906.7331914800009	0.2949999999999591	WheelMovementIntervals													-0.41862669580395995
908.3001914800009	0.6329999999999245	WheelMovementIntervals													-0.09414537785562338
908.999124330909	2.6542844995285577	trials	1.0	1.0	1.5	0.125		0.8	910.0993143009101	910.0992174921334	911.1533755509112	909.7575484809098	909.7582484109098	909.9171914800008	
909.9171914800008	0.5130000000000337	WheelMovementIntervals													-0.3819653910201506
912.2083033809122	2.4783273333769102	trials	1.0	1.0	1.5	0.125		0.8	913.1378104209132	913.1377125062857	914.1865388709142	912.9076001109129	912.9082333809129	913.0281914800008	
913.0281914800008	0.21400000000005548	WheelMovementIntervals													-0.40464949550714024
915.2342340909153	3.2563899154985165	trials	-1.0	1.0	1.5		1.0	0.8	916.9282313409169	916.9281278048556	917.990558430918	916.7074534209167	916.7081200209167	916.8441914800009	
915.5421914800008	0.5339999999999918	WheelMovementIntervals													0.0756327369291867
916.8441914800009	0.2620000000000573	WheelMovementIntervals													0.7281416988325633
919.041819960919	2.4322318012450523	trials	1.0	1.0	1.5	0.25		0.8	919.91723241092	919.9171306857806	920.973993390921	919.7197188309198	919.7203854309197	919.8281914800009	
919.8281914800009	0.3550000000000182	WheelMovementIntervals													-0.459662681098731
922.019955450922	2.3707087336728137	trials	1.0	1.0	1.5	0.125		0.8	922.8288412209229	922.8287574070483	923.8906017009239	922.5862988109226	922.5870320709226	922.7131914800009	
922.7131914800009	0.16800000000000637	WheelMovementIntervals													-0.3778710859589687
924.9390635109249	3.384799180174241	trials	1.0	-1.0	0.0		0.0	0.8	925.7759464809258	925.7751628143831	927.8238416709278	925.5364037709255	925.5372703509255	925.6561914800009	
925.6561914800009	0.31799999999998363	WheelMovementIntervals													-0.3854376702994067
928.972260150929	3.2848157683270074	trials	-1.0	-1.0	0.0	0.0		0.8	929.7028537509298	929.7021632103225	931.7570149809318	929.4696437409294	929.4705436509295	929.5961914800009	
929.5961914800009	1.5049999999999955	WheelMovementIntervals													0.5288553561329206
932.0341914800009	1.5819999999999936	WheelMovementIntervals													1.511113593096165
932.8109762409329	9.012408730163543	trials	1.0	1.0	1.5	0.125		0.8	940.2761963109402	940.2760826439373	941.3233582509413	934.1528087109342	934.1534753109341	940.1601914800009	
940.1601914800009	3.159999999999968	WheelMovementIntervals													-6.3154004654231795
942.3944844609424	3.412303804163116	trials	1.0	1.0	1.5	0.0		0.8	944.2479990909443	944.2478859840306	945.3066932109454	943.969393620944	943.9702602009439	944.0011914800009	
944.0011914800009	0.3269999999999982	WheelMovementIntervals													-0.30990547309096605
944.7281914800009	0.10500000000001819	WheelMovementIntervals													-0.1998666598113168
945.1171914800009	0.11599999999998545	WheelMovementIntervals													-0.12286309278624508
946.0581914800009	0.1069999999999709	WheelMovementIntervals													-0.017397292692525212
946.3614877209463	2.241019640801369	trials	1.0	1.0	1.5	0.25		0.8	947.054985030947	947.0548931792778	948.1024802709481	946.8193752609468	946.8202085109468	946.9601914800008	
946.9601914800008	0.9440000000000737	WheelMovementIntervals													-0.5748306489851505
949.1423096109492	3.710207748201583	trials	-1.0	1.0	1.5		0.0625	0.8	951.3030935109513	951.3030135408815	952.3524885609523	950.4066498309504	950.4074830809504	950.5151914800009	
950.5151914800009	0.93100000000004	WheelMovementIntervals													0.36613724846797346
952.9161914800009	0.18400000000008276	WheelMovementIntervals													-0.07378919957271712
953.3978173509535	2.6085897031714467	trials	1.0	1.0	1.5	1.0		0.8	954.4614109809545	954.4613123376639	955.5063731409555	954.023121480954	954.024054720954	954.1831914800009	
954.1831914800009	2.1509999999999536	WheelMovementIntervals													-1.532084282139044
956.5459025109566	2.460728332010376	trials	1.0	1.0	1.5	1.0		0.8	957.4473123609574	957.4472125220635	958.5066064209585	957.2023368609572	957.2030034609572	957.3311914800009	
957.3311914800009	0.7139999999999418	WheelMovementIntervals													-0.6090486311354049
958.9151914800009	0.1409999999999627	WheelMovementIntervals													-0.007614306041908492
959.5457358309595	2.2940805534832407	trials	1.0	1.0	1.5	0.125		0.8	960.2904280209603	960.2903291946012	961.3397564109614	960.00235683096	960.0032567409601	960.1631914800009	
960.1631914800009	0.5679999999999836	WheelMovementIntervals													-0.44387569155651363
962.4730097409625	2.816727933595871	trials	1.0	1.0	1.5	0.125		0.8	963.7321171509637	963.7320213326742	964.7897113809648	963.4689434709635	963.4698767109635	963.6171914800009	
963.6171914800009	0.7309999999999945	WheelMovementIntervals													-0.5035310997587565
965.8302406509658	2.4927990925136783	trials	1.0	1.0	1.5	0.0625		0.8	966.7623474309668	966.7622395639252	967.8229413609679	966.4855084509664	966.4861417209665	966.6021914800009	
966.6021914800009	1.0149999999999864	WheelMovementIntervals													-0.35869362989519615
968.8653371109689	3.7535048191014084	trials	1.0	1.0	1.5	0.125		0.8	971.0693500209711	971.0692387662277	972.1188117309721	970.8188084109709	970.8197416509709	970.9581914800009	
968.9251914800009	1.4189999999999827	WheelMovementIntervals													-0.8035241485123663
970.9581914800009	0.4149999999999636	WheelMovementIntervals													-0.4923943958965822
973.1659403409732	2.4236054879646645	trials	1.0	1.0	1.5	1.0		0.8	974.0361533109741	974.0360415931912	975.0894813009751	973.8228413109738	973.8236745609738	973.9351914800009	
973.9351914800009	0.511000000000081	WheelMovementIntervals													-0.4566406803855507
976.1329436109761	3.089804127203479	trials	1.0	1.0	1.5	0.0		0.8	977.6644571109777	977.6643446652829	978.7227179409788	977.4352800309774	977.4359466309775	977.5481914800009	
976.1421914800009	0.5430000000000064	WheelMovementIntervals													-0.43307375890245225
977.5481914800009	0.20799999999997	WheelMovementIntervals													-0.3786268341100545
979.7642471109798	2.642013433143802	trials	1.0	1.0	1.5	0.0625		0.8	980.8561712409809	980.856052248944	981.906166230982	980.3519216709803	980.3525549409803	980.4961914800009	
980.4961914800009	0.4270000000000209	WheelMovementIntervals													-0.37539583662573506
982.947462090983	2.7918012423974687	trials	1.0	1.0	1.5	0.0625		0.8	984.1858715709842	984.1857621984981	985.2392662209852	983.935229970984	983.9361298809839	984.0811914800009	
984.0811914800009	0.3569999999999709	WheelMovementIntervals													-0.5089616239579513
986.2875613809863	2.2642166855357573	trials	1.0	1.0	1.5	0.125		0.8	987.009389190987	987.0092660619075	988.051684950988	986.7684799509868	986.7694465209868	986.9051914800009	
986.9051914800009	0.4600000000000364	WheelMovementIntervals													-0.5320801752835855
989.0951805909891	3.8272190848090304	trials	1.0	1.0	1.5	0.25		0.8	991.3768857309914	991.3767907761584	992.4223145109925	991.1725061709911	991.1733727509912	991.273191480001	
989.1351914800009	1.2789999999999964	WheelMovementIntervals													-0.42898542142815543
991.273191480001	0.40399999999999636	WheelMovementIntervals													-0.4739675584046523
993.5620005309936	2.5271958675733686	trials	1.0	1.0	1.5	0.125		0.8	994.5308036409946	994.5306981803775	995.5891311309956	994.2349332309942	994.2355998309943	994.378191480001	
994.378191480001	0.9099999999999682	WheelMovementIntervals													-0.4952390617745728
996.6362930709967	2.3025142814143464	trials	1.0	1.0	1.5	0.25		0.8	997.3934840109974	997.393397109325	998.4387794709985	997.1016798609971	997.1025797709971	997.2651914800009	
997.2651914800009	0.2860000000000582	WheelMovementIntervals													-0.38693193586343
997.8381914800009	0.29100000000005366	WheelMovementIntervals													0.016538524441291003
999.4841082609995	2.271388864468463	trials	1.0	1.0	1.5	1.0		0.8	1000.2058027510002	1000.2057044056698	1001.2554977710013	1000.001389861	1000.002189781	1000.1021914800009	
1000.1021914800009	0.8380000000000791	WheelMovementIntervals													-0.5684096816843223
1002.3009932110023	3.271516668374261	trials	1.0	-1.0	0.0		0.0625	0.8	1003.023120991003	1003.0222966655629	1005.0724160410051	1002.8015764810028	1002.8024763910028	1002.9041914800009	
1002.9041914800009	0.4089999999999918	WheelMovementIntervals													-0.45159444497057066
1006.1178114910061	3.4210039504808947	trials	1.0	-1.0	0.0		0.0	0.8	1006.986391291007	1006.9857122395363	1009.038752701009	1006.6180614610066	1006.6187280610067	1006.786191480001	
1006.786191480001	0.5910000000000082	WheelMovementIntervals													-0.4623124717169631
1010.0832149110101	2.3348109660616956	trials	-1.0	1.0	1.5		0.0625	0.8	1010.8683363910109	1010.8682182617704	1011.9179980810119	1010.5679664310106	1010.5689663310105	1010.691191480001	
1010.691191480001	0.6899999999999409	WheelMovementIntervals													0.34305080862160153
1012.9601271910129	2.31191331819241	trials	1.0	1.0	1.5	0.0625		0.8	1013.7128185810137	1013.7127308754561	1014.7719793210148	1013.5222376410135	1013.5229042410135	1013.6251914800009	
1013.6251914800009	0.4350000000000591	WheelMovementIntervals													-0.6172470774183623
1014.5671914800009	1.9250000000000682	WheelMovementIntervals													-0.5279184235989369
1015.8198411910158	3.218812831253672	trials	-1.0	1.0	1.5		0.125	0.8	1017.4928405410175	1017.492747340046	1018.5386026210185	1017.101246371017	1017.1021796110172	1017.213191480001	
1017.213191480001	0.8979999999999109	WheelMovementIntervals													0.6853994805624986
1019.6776553710197	2.294188112894176	trials	1.0	1.0	1.5	0.0625		0.8	1020.4158482110204	1020.4157509032035	1021.4718092710215	1020.1511080210201	1020.1517746210202	1020.2931914800009	
1020.2931914800009	0.8290000000000646	WheelMovementIntervals													-0.34682846479184803
1022.5158381910226	2.5519228406249113	trials	1.0	1.0	1.5	0.0625		0.8	1023.5139383710235	1023.5138463413919	1024.5676663210245	1023.051051331023	1023.0517179310231	1023.194191480001	
1023.194191480001	1.0109999999998536	WheelMovementIntervals													-0.341682424000453
1025.6064624310256	2.827899462078676	trials	-1.0	1.0	1.5		0.0625	0.8	1026.892767121027	1026.892660821892	1027.9343629510279	1026.5885975410265	1026.5893308010266	1026.769191480001	
1025.952191480001	0.10799999999994725	WheelMovementIntervals													-0.037912894243948614
1026.769191480001	0.4900000000000091	WheelMovementIntervals													0.6681632198962255
1028.9715592210289	3.162826084257631	trials	1.0	1.0	1.5	0.0		0.8	1030.5838646410307	1030.5837720074294	1031.6342929210316	1029.6548908810296	1029.6556241410296	1029.770191480001	
1029.770191480001	1.3840000000000146	WheelMovementIntervals													-0.36742517204417524
1032.6772886110327	2.4737003256334447	trials	1.0	1.0	1.5	0.125		0.8	1033.6107619210336	1033.6106883565744	1034.6509245610346	1033.3548208510333	1033.3555541110334	1033.488191480001	
1033.488191480001	0.6210000000000946	WheelMovementIntervals													-0.3448502883533031
1035.6851877910358	2.236493340390325	trials	1.0	1.0	1.5	1.0		0.8	1036.3687860910363	1036.3686851445623	1037.4216474610375	1036.1550408010362	1036.1558073910362	1036.268191480001	
1036.268191480001	0.42399999999997817	WheelMovementIntervals													-0.4622875301228433
1038.4589770510386	2.591717465354577	trials	1.0	1.0	1.5	0.0625		0.8	1039.5076721710395	1039.5075837129068	1040.5506012010405	1039.117344541039	1039.118111131039	1039.269191480001	
1039.269191480001	0.2880000000000109	WheelMovementIntervals													-0.36363732160336326
1041.5928969610416	2.25779161939613	trials	1.0	1.0	1.5	0.25		0.8	1042.3093919710423	1042.3092936672786	1043.3506545010434	1042.054684111042	1042.0553507110421	1042.192191480001	
1042.192191480001	0.23500000000012733	WheelMovementIntervals													-0.40139399743934234
1044.3877841110443	2.4169242785533243	trials	1.0	1.0	1.5	0.0625		0.8	1045.2572971510453	1045.257192125012	1046.3046590710462	1045.0381857310451	1045.038985651045	1045.145191480001	
1045.145191480001	0.12800000000015643	WheelMovementIntervals													-0.3104640119357569
1047.4395122410474	2.5652921407559006	trials	1.0	1.0	1.5	0.0		0.8	1048.4523109510485	1048.452208743697	1049.5048056910496	1048.1672061310483	1048.1679060610481	1048.303191480001	
1048.303191480001	0.5639999999998508	WheelMovementIntervals													-0.3906689560592689
1050.5465015110506	2.6413138213681577	trials	-1.0	1.0	1.5		0.0625	0.8	1051.6367258110517	1051.6366068025995	1052.6877207010527	1051.117177771051	1051.1178777010512	1051.257191480001	
1051.257191480001	0.5260000000000673	WheelMovementIntervals													0.5858895580306935
1053.7252169410538	2.296214743296332	trials	1.0	1.0	1.5	0.25		0.8	1054.4772084010544	1054.47712144135	1055.5213039810556	1054.2669294310542			
1054.387191480001	0.26900000000000546	WheelMovementIntervals													-0.45222655176905135
1056.5555338810566	3.748805554736691	trials	1.0	-1.0	0.0		0.0	0.8	1057.7594134810577	1057.7585350217805	1059.8042423110599	1057.2838277110573			
1057.432191480001	0.4800000000000182	WheelMovementIntervals													-0.4040878945415365
1060.127191480001	2.836999999999989	WheelMovementIntervals													-0.6721342098080996
1060.847737951061	4.719307650951805	trials	1.0	1.0	1.5	0.25		0.8	1064.012454781064	1064.0123417403927	1065.066982651065	1063.7503143310637	1063.7509476010637	1063.862191480001	
1063.862191480001	0.6179999999999382	WheelMovementIntervals													-0.4327059204702479
1066.117444261066	2.616116817804823	trials	-1.0	1.0	1.5		0.25	0.2	1067.1882371710672	1067.188150325594	1068.2334326410682	1066.820840581067	1066.8215738410668	1066.947191480001	
1066.947191480001	1.1420000000000528	WheelMovementIntervals													1.0684354603510258
1069.2812611810693	2.3730096585413776	trials	-1.0	1.0	1.5		1.0	0.2	1070.10124584107	1070.1011634816725	1071.1541738710712	1069.8375055510699	1069.8381721510698	1069.966191480001	
1069.966191480001	0.3429999999998472	WheelMovementIntervals													0.5869971154484119
1072.1893703410722	2.694183414695317	trials	-1.0	1.0	1.5		1.0	0.2	1073.3282564410733	1073.3281624853341	1074.3834842410745	1073.083514251073	1073.0844474910732	1073.207191480001	
1072.473191480001	0.06799999999998363	WheelMovementIntervals													-0.025292834672200115
1073.207191480001	0.25700000000006185	WheelMovementIntervals													0.6388111197001081
1075.4220470410755	2.344728829838459	trials	1.0	1.0	1.5	0.25		0.2	1076.2218670510763	1076.2217561918426	1077.2667625510774	1076.0206871710761	1076.021387101076	1076.142191480001	
1076.142191480001	0.4580000000000837	WheelMovementIntervals													-0.5015528653172829
1078.4038821610784	2.912791818913547	trials	-1.0	1.0	1.5		1.0	0.2	1079.7644794210798	1079.7643778728116	1080.8166408610807	1079.4873404710795	1079.4879737410795	1079.620191480001	
1078.701191480001	0.22199999999998	WheelMovementIntervals													-0.4351786050421076
1079.620191480001	0.36599999999998545	WheelMovementIntervals													0.7801166412642431
1081.8556702810818	4.148429472580119	trials	-1.0	-1.0	0.0	0.0625		0.2	1083.4522772710834	1083.4513804638668	1085.5040387410854	1082.4372121210824	1082.4379120510825	1082.570191480001	
1082.570191480001	1.377999999999929	WheelMovementIntervals													0.43444468383512813
1084.353191480001	0.4490000000000691	WheelMovementIntervals													-0.0901534257700014
1086.5459012110866	2.4080062811851803	trials	-1.0	1.0	1.5		0.125	0.2	1087.4005824010874	1087.4005027304795	1088.4538437310885	1087.1165441410872	1087.117510711087	1087.284191480001	
1087.284191480001	0.5869999999999891	WheelMovementIntervals													0.829415900161731
1089.4932064510895	2.373081679589177	trials	1.0	1.0	1.5	0.0		0.2	1090.3182906010904	1090.318199386775	1091.3662857910913	1090.01635413109	1090.01715405109	1090.152191480001	
1090.152191480001	0.6860000000001492	WheelMovementIntervals													-0.28060071226466476
1092.4092814810924	2.2571187213716257	trials	-1.0	1.0	1.5		0.125	0.2	1093.122710131093	1093.122586765459	1094.1663057610942	1092.853970341093	1092.854703601093	1093.0011914800011	
1093.0011914800011	0.5459999999998217	WheelMovementIntervals													0.7450305350192252
1095.2021021710952	2.368308434532537	trials	1.0	1.0	1.5	1.0		0.2	1096.027619611096	1096.0275047621776	1097.0703486610971	1095.803642011096	1095.8043419410958	1095.932191480001	
1095.932191480001	0.3949999999999818	WheelMovementIntervals													-0.5978494710475744
1098.110511301098	2.809899423950128	trials	-1.0	1.0	1.5		0.0	0.2	1099.3669189810994	1099.36681059645	1100.4203802911004	1098.5828307310985	1098.5835973210985	1098.686191480001	
1098.686191480001	0.9369999999998981	WheelMovementIntervals													0.6145108743108665
1101.4623094211015	2.487098691807205	trials	1.0	1.0	1.5	0.125		0.2	1102.3970159411024	1102.3969085537315	1103.4493440311035	1101.966159031102	1101.9668922911019	1101.908191480001	
1101.908191480001	1.0499999999999545	WheelMovementIntervals													-0.5486546048793102
1104.4901066111045	4.709336741832203	trials	-1.0	1.0	1.5		1.0	0.2	1107.6473241911076	1107.647230572312	1108.6993856411086	1107.4200135911074	1107.4208135111073	1107.5391914800011	
1104.794191480001	1.8700000000001182	WheelMovementIntervals													0.7203908470407647
1107.5391914800011	0.44399999999996	WheelMovementIntervals													0.7462567090531564
1109.7565465811097	2.4262957203288806	trials	1.0	1.0	1.5	0.125		0.2	1110.6407248211106	1110.6406442929126	1111.6827539411117	1110.3700185611103	1110.3707518211104	1110.524191480001	
1110.524191480001	0.5960000000000036	WheelMovementIntervals													-0.401064730062501
1112.8359386111129	2.230019640403725	trials	-1.0	1.0	1.5		0.25	0.2	1113.5286360011135	1113.528544400502	1114.5658656011146	1113.3200901911134	1113.3209901011132	1113.4341914800011	
1113.4341914800011	0.48499999999989996	WheelMovementIntervals													0.9231427804296999
1114.268191480001	0.10400000000004184	WheelMovementIntervals													-0.011305198713515097
1115.6042617511157	2.4282046430880655	trials	1.0	1.0	1.5	0.25		0.2	1116.4876400711164	1116.4875627125841	1117.5323689211175	1116.2699285111162	1116.2706284411163	1116.3571914800011	
1116.3571914800011	0.6779999999998836	WheelMovementIntervals													-0.7307993352503672
1118.5716649811186	2.281688373285988	trials	-1.0	1.0	1.5		0.25	0.2	1119.3014586611193	1119.3013609430288	1120.3532534711203	1119.086546821119	1119.0876133811191	1119.2121914800011	
1119.2121914800011	0.8409999999998945	WheelMovementIntervals													1.1796179760971803
1121.1921914800012	2.7079999999998563	WheelMovementIntervals													0.8428427958034419
1121.3942493611214	5.0381071197753045	trials	1.0	1.0	1.5	1.0		0.2	1124.892666151125	1124.8925536105023	1125.932262181126	1124.5989288611247	1124.5997621111246	1124.710191480001	
1124.710191480001	0.7119999999999891	WheelMovementIntervals													-0.572582305676157
1126.992356161127	2.3900063851629056	trials	-1.0	1.0	1.5		0.25	0.2	1127.8413712511278	1127.841258073873	1128.8823004811288	1127.4697750811274	1127.4707083211274	1127.609191480001	
1127.609191480001	0.8299999999999272	WheelMovementIntervals													0.8642840057115215
1128.630191480001	0.16699999999991633	WheelMovementIntervals													-0.017974649435252843
1129.92596277113	2.260518122225676	trials	-1.0	1.0	1.5		0.25	0.2	1130.6334920111306	1130.6333678164085	1131.6864200411317	1130.3865167111303	1130.3873166311305	1130.524191480001	
1130.524191480001	0.724999999999909	WheelMovementIntervals													0.8683559228099043
1132.7259827411328	2.826898162134512	trials	-1.0	1.0	1.5		0.0625	0.2	1134.007987861134	1134.0078814542608	1135.052783371135	1133.4654754511334	1133.4666086711334	1133.584191480001	
1133.584191480001	2.4060000000001764	WheelMovementIntervals													0.9098377502939172
1136.102878351136	5.000212256137047	trials	-1.0	1.0	1.5		0.25	0.2	1139.5522000511396	1139.5520847361304	1140.6030949511405	1139.2320987311393	1139.2328319911392	1139.369191480001	
1136.263191480001	2.321999999999889	WheelMovementIntervals													-0.7110368568929282
1139.369191480001	0.8179999999999836	WheelMovementIntervals													0.8143453429878953
1141.6561896311416	2.425821875105612	trials	1.0	1.0	1.5	0.125		0.2	1142.5319020511427	1142.5317968051163	1143.5819303711437	1142.1320087111421	1142.1327753011421	1142.303191480001	
1142.303191480001	0.6410000000000764	WheelMovementIntervals													-0.4352815141358377
1144.7368148711448	2.282588375944897	trials	-1.0	1.0	1.5		1.0	0.2	1145.4728079311456	1145.472710801208	1146.5193366011465	1145.2528632611452	1145.2537298411453	1145.3751914800011	
1145.3751914800011	0.33600000000001273	WheelMovementIntervals													1.058013101497238
1147.2801914800011	1.224999999999909	WheelMovementIntervals													0.3931742512861156
1147.5592992611475	3.3767078743526326	trials	1.0	1.0	1.5	1.0		0.2	1149.3859165811493	1149.3858029795713	1150.4359115711504	1149.1650720011492	1149.1659385811492	1149.295191480001	
1149.295191480001	0.4410000000000309	WheelMovementIntervals													-0.6424478488646805
1151.4791072411515	2.2734168217984916	trials	-1.0	1.0	1.5		1.0	0.2	1152.2006350811523	1152.2005119444311	1153.2524965511532	1151.965158631152	1151.965891891152	1152.093191480001	
1152.093191480001	0.4210000000000491	WheelMovementIntervals													1.005348976760498
1154.041191480001	0.16499999999996362	WheelMovementIntervals													-0.13761630760046373
1154.2952256011542	2.3532097550394155	trials	-1.0	1.0	1.5		0.125	0.2	1155.1034447711552	1155.103328607675	1156.1484069311562	1154.7985086011547	1154.7991752011549	1154.974191480001	
1154.974191480001	0.696999999999889	WheelMovementIntervals													0.7916880746096489
1157.1873363611571	2.8985931392057864	trials	-1.0	1.0	1.5		0.125	0.2	1158.5364347711586	1158.536332237372	1159.5858631511596	1158.2026014911582	1158.2034347411582	1158.360191480001	
1157.3641914800012	0.16999999999984539	WheelMovementIntervals													-0.08246834160125971
1158.360191480001	0.7309999999999945	WheelMovementIntervals													0.8871737389552301
1160.6254258511606	2.5896178304233217	trials	-1.0	1.0	1.5		0.125	0.2	1161.6761541011617	1161.676032679256	1162.7149502111627	1161.3649185611614	1161.3657184811614	1161.5291914800011	
1161.5291914800011	0.6889999999998508	WheelMovementIntervals													0.9663209565647293
1163.7550461911637	2.4932993845645797	trials	-1.0	1.0	1.5		0.0625	0.2	1164.7083508511648	1164.7082451912715	1165.7482468511657	1164.2191997711643	1164.2199996911643	1164.348191480001	
1164.348191480001	1.7549999999998818	WheelMovementIntervals													0.6287153779638146
1166.7865430111667	2.5448225465559062	trials	1.0	1.0	1.5	0.125		0.2	1167.7848431711677	1167.7847510705647	1168.8313051811688	1167.3855497711675	1167.3862830311673	1167.543191480001	
1167.543191480001	0.9900000000000091	WheelMovementIntervals													-0.46024378999756976
1169.87056791117	2.5316949692005437	trials	-1.0	1.0	1.5		0.0625	0.2	1170.8525697011708	1170.8524655721726	1171.9022313911719	1170.4856064011706	1170.4865396411706	1170.6821914800012	
1170.6821914800012	0.8779999999999291	WheelMovementIntervals													0.8027059968876635
1172.9434605911729	3.275408540282797	trials	1.0	-1.0	0.0		0.0	0.2	1173.6621553811738	1173.661262024467	1175.7187830311757	1173.3979484711733	1173.3988150511734	1173.560191480001	
1173.560191480001	0.3730000000000473	WheelMovementIntervals													-0.34341754707039485
1176.864768421177	7.299816671105191	trials	1.0	-1.0	0.0		0.0625	0.2	1181.6143600811815	1181.6135779652911	1183.6644883811837	1177.3313550911773	1177.3320883511774	1181.1521914800012	
1181.1521914800012	1.45699999999988	WheelMovementIntervals													-0.6810839273223905
1184.7063841811848	2.778703155283665	trials	-1.0	1.0	1.5		1.0	0.2	1185.937794361186	1185.9376846931148	1186.985089621187	1185.4517429711855	1185.4525762211854	1185.7511914800011	
1185.7511914800011	1.0760000000000218	WheelMovementIntervals													1.093239224598868
1188.025585561188	7.238721468126187	trials	1.0	1.0	1.5	0.0625		0.2	1193.7246156011938	1193.724500888094	1194.7642116311947	1188.5144033411884	1188.5152032611886	1193.5751914800012	
1188.7991914800011	0.24900000000002365	WheelMovementIntervals													-0.025117038181441842
1193.5751914800012	0.9099999999998545	WheelMovementIntervals													0.4281521665010466
1195.8153065111958	6.898720830404727	trials	-1.0	1.0	1.5		0.0	0.2	1201.1723374212013	1201.1722219096737	1202.2139665812022	1196.3016578711963	1196.3023911311964	1200.639191480001	
1200.639191480001	3.9950000000001182	WheelMovementIntervals													1.1517736988150276
1203.2670279312033	4.747104928821955	trials	-1.0	1.0	1.5		0.0625	0.2	1206.4616417712066	1206.4615299021157	1207.5141031812075	1205.6847528012056	1205.6855193912056	1205.899191480001	
1205.899191480001	1.1840000000001965	WheelMovementIntervals													0.6396673899606391
1208.5671312012087	2.3469098494924765	trials	1.0	1.0	1.5	0.125		0.2	1209.3762502812094	1209.3761342517162	1210.4140131612105	1209.134774431209	1209.135507691209	1209.2861914800012	
1209.2861914800012	0.3550000000000182	WheelMovementIntervals													-0.5488227344778878
1211.4578421012116	2.4561019754412428	trials	-1.0	1.0	1.5		0.125	0.2	1212.3722506512124	1212.3721420920695	1213.4138798112135	1212.1345410912122	1212.135407671212	1212.2491914800012	
1212.2491914800012	0.6209999999998672	WheelMovementIntervals													1.2826897859408621
1214.0751914800012	0.7010000000000218	WheelMovementIntervals													-0.19801258634066699
1214.4578420712144	11.422634149887699	trials	-1.0	1.0	1.5		0.0625	0.2	1224.3152895612243	1224.315170678393	1225.3804163712255	1215.4513427112154	1215.4520093112155	1223.736191480001	
1223.736191480001	3.449000000000069	WheelMovementIntervals													0.5620412617855131
1226.4421768512263	3.3425113997700464	trials	-1.0	1.0	1.5		0.25	0.2	1228.2251652012283	1228.2250818650903	1229.2845925812294	1227.8343709512278	1227.8351042112279	1227.9811914800011	
1227.9811914800011	0.43499999999994543	WheelMovementIntervals													0.7194038886951066
1230.3323877912303	3.9020210035737364	trials	-1.0	1.0	1.5		0.0	0.2	1232.6643879012327	1232.6642991480758	1233.7343142312338	1230.913596331231	1230.914396251231	1232.3861914800011	
1232.3861914800011	0.3489999999999327	WheelMovementIntervals													0.42187233152774084
1234.7819094612348	2.4357939353674283	trials	-1.0	1.0	1.5		1.0	0.2	1235.6502892812357	1235.6502069428761	1236.7176158712368	1235.3800829712354	1235.3809495512353	1235.5461914800012	
1235.5461914800012	0.3769999999999527	WheelMovementIntervals													0.8966709414518448
1237.8712005012378	2.2629168885075615	trials	-1.0	1.0	1.5		1.0	0.2	1238.5661976612387	1238.5661053803394	1239.6340575312397	1238.3301879312382	1238.3308878612384	1238.4631914800011	
1238.4631914800011	0.7200000000000273	WheelMovementIntervals													1.575038017756226
1240.6741201812406	2.4100053864194706	trials	-1.0	1.0	1.5		1.0	0.2	1241.5168025712414	1241.5167217148485	1242.5840291712425	1241.2966245912412	1241.2974911712413	1241.408191480001	
1241.408191480001	0.5950000000000273	WheelMovementIntervals													1.2273143356087868
1243.6300245612435	2.433402628345675	trials	-1.0	1.0	1.5		0.25	0.2	1244.4963045912446	1244.4962247849112	1245.5633645412456	1244.2465962312442	1244.2474628112443	1244.3511914800013	
1244.3511914800013	0.5709999999999127	WheelMovementIntervals													0.7341931716748498
1245.2981914800012	0.14599999999995816	WheelMovementIntervals													-0.010714379000560825
1246.6120263312466	2.4012053105607265	trials	-1.0	1.0	1.5		0.0625	0.2	1247.4586083312474	1247.4585278508569	1248.5132028612486	1247.1839691312473	1247.1847023912471	1247.3281914800011	
1247.3281914800011	0.40300000000002	WheelMovementIntervals													0.5997562686883686
1249.5588316212495	2.537695087301472	trials	1.0	1.0	1.5	0.125		0.2	1250.5408334112506	1250.5407289465545	1251.5965278312517	1250.2507290912502	1250.2516623312504	1250.3721914800012	
1250.3721914800012	0.6050000000000182	WheelMovementIntervals													-0.560973749733483
1252.6425232212528	2.3412118742535313	trials	1.0	1.0	1.5	1.0		0.8	1253.4162458412534	1253.4161264839881	1254.4837057512545	1253.2006674012532	1253.2016006412532	1253.3221914800013	
1253.3221914800013	0.5869999999999891	WheelMovementIntervals													-0.8815115184059383
1255.5304344012554	2.3825067300576848	trials	1.0	1.0	1.5	0.25		0.8	1256.3474526912564	1256.3473360230732	1257.4129128012573	1256.096344471256	1256.0975443512561	1256.223191480001	
1256.223191480001	0.4860000000001037	WheelMovementIntervals													-0.4461574330360456
1258.4619412212585	2.484499523618524	trials	1.0	1.0	1.5	0.25		0.8	1259.3858488212593	1259.385740300478	1260.4463427612604	1259.2005673512592	1259.2015005912592	1259.3091914800011	
1259.3091914800011	0.5190000000000055	WheelMovementIntervals													-0.8117382129481214
1261.4918382012615	2.321012641232528	trials	1.0	1.0	1.5	0.25		0.8	1262.2620611712623	1262.2619417319836	1263.3128227512634	1262.067347311262	1262.068113901262	1262.175191480001	
1262.175191480001	0.7110000000000127	WheelMovementIntervals													-0.7271197649116932
1264.3600513512645	2.3526998293878023	trials	-1.0	1.0	1.5		0.25	0.8	1265.1542719212653	1265.1541509561512	1266.2126994012663	1264.933660651265	1264.9343605812649	1265.069191480001	
1265.069191480001	0.4960000000000946	WheelMovementIntervals													0.9402837214993554
1267.3747498512673	2.2049210467437206	trials	1.0	1.0	1.5	1.0		0.8	1268.015352451268	1268.0152556746305	1269.079579351269	1267.8335706312678	1267.8343038912678	1267.9341914800011	
1267.9341914800011	0.4070000000001528	WheelMovementIntervals													-0.8527458035740398
1270.1244748512702	2.471499411876266	trials	1.0	1.0	1.5	0.25		0.8	1271.042982991271	1271.0428742611298	1272.095944351272	1270.8503022612708	1270.8512355012708	1270.945191480001	
1270.945191480001	0.3949999999999818	WheelMovementIntervals													-0.5883303503156849
1273.1435729112732	2.756405245185306	trials	-1.0	1.0	1.5		0.0625	0.8	1274.3305875312744	1274.3304743086421	1275.3999472512753	1273.849968931274	1273.850868841274	1273.9721914800011	
1273.9721914800011	0.7280000000000655	WheelMovementIntervals													0.8793156832759657
1276.4476758012765	2.452501662021632	trials	1.0	1.0	1.5	1.0		0.8	1277.3424863112773	1277.3423753131674	1278.4001805312785	1277.1293409612772	1277.1301075512772	1277.2511914800011	
1277.2511914800011	2.012000000000171	WheelMovementIntervals													-0.495572989899177
1279.4537751612795	2.525523465824108	trials	1.0	1.0	1.5	0.0625		0.8	1280.4158789412804	1280.4157833379204	1281.4792725912814	1280.0792126112801	1280.08004586128	1280.2511914800011	
1280.2511914800011	0.6870000000001255	WheelMovementIntervals													-0.32358155222490836
1282.3621914800012	0.12200000000007094	WheelMovementIntervals													-0.011369712379636354
1282.5257012712825	2.257690035752148	trials	1.0	1.0	1.5	0.25		0.8	1283.2213983612833	1283.2212978931866	1284.2833254912844	1282.999953841283	1283.0006871012831	1283.118191480001	
1283.118191480001	0.4700000000000273	WheelMovementIntervals													-0.3991996351047895
1285.3281876612853	2.7677036119969216	trials	1.0	1.0	1.5	0.125		0.8	1286.5436994312865	1286.5435883691725	1287.5958275412877	1285.945925881286	1285.946625811286	1286.0881914800011	
1286.0881914800011	0.6420000000000528	WheelMovementIntervals													-0.34803035879572697
1287.8451914800012	0.057999999999992724	WheelMovementIntervals													-0.019527511837365452
1288.6418895912886	2.5705188481838377	trials	1.0	1.0	1.5	0.125		0.8	1289.6544216612897	1289.6542966208526	1290.7123825212907	1289.2665604512893	1289.2672270512892	1289.387191480001	
1289.387191480001	0.3240000000000691	WheelMovementIntervals													-0.37215390415994065
1291.7585112312918	2.3079138671325836	trials	-1.0	1.0	1.5		1.0	0.8	1292.5044033012925	1292.5043150661631	1293.5663304312936	1292.2328637912922	1292.2335303912923	1292.4001914800012	
1292.4001914800012	0.6159999999999854	WheelMovementIntervals													1.6025170933406834
1294.6115259012947	2.517295685116096	trials	-1.0	1.0	1.5		0.125	0.8	1295.5614309012956	1295.5613238959418	1296.6287574912967	1295.2954241712953	1295.2960907712952	1295.454191480001	
1295.454191480001	0.4910000000002128	WheelMovementIntervals													0.8681053933081575
1297.6759194312976	7.22351039528553	trials	1.0	1.0	1.5	1.0		0.8	1303.3411528513034	1303.34102601538	1304.3993803513044	1303.1660703613031	1303.1669369413032	1303.0421914800013	
1298.2821914800013	4.164999999999964	WheelMovementIntervals													-0.5033096368986314
1303.0421914800013	0.6679999999998927	WheelMovementIntervals													-0.6389066212502694
1305.5832286213056	2.845424557163824	trials	1.0	1.0	1.5	0.0625		0.8	1306.8725330113068	1306.8724388415471	1307.9285940613079	1306.5453657313064	1306.5462656413065	1306.6671914800013	
1305.8321914800013	0.1289999999999054	WheelMovementIntervals													-0.022752110737208397
1306.6671914800013	0.5219999999999345	WheelMovementIntervals													-0.4684108062524128
1308.980255551309	2.4484017961183326	trials	1.0	1.0	1.5	1.0		0.8	1309.87616595131	1309.8760554767146	1310.928560701311	1309.6829186113098	1309.6838185213096	1309.7801914800011	
1309.7801914800011	0.22500000000013642	WheelMovementIntervals													-0.7120007664814132
1311.982455301312	2.579417737800668	trials	1.0	1.0	1.5	0.0625		0.8	1313.013952141313	1313.0138619940935	1314.061780681314	1312.5826952713126	1312.5833952013127	1312.7191914800012	
1312.7191914800012	1.3460000000000036	WheelMovementIntervals													-0.31576631065771643
1315.1123756113152	2.7662022924250778	trials	1.0	1.0	1.5	0.25		0.8	1316.3195548813164	1316.3194761752968	1317.3784489813174	1315.7325802513158	1315.7333801713157	1316.0771914800011	
1316.0771914800011	0.3890000000001237	WheelMovementIntervals													-0.6085323276525152
1318.4298771613185	2.8152979999342733	trials	1.0	1.0	1.5	0.125		0.8	1319.6929841713197	1319.6928758154295	1320.7451122813209	1319.1322735813192	1319.132940181319	1319.3351914800012	
1319.3351914800012	0.4940000000001419	WheelMovementIntervals													-0.30790453852823596
1321.1691914800012	0.2960000000000491	WheelMovementIntervals													0.06469924828406803
1321.7987735713218	2.8006004540939102	trials	1.0	1.0	1.5	1.0		0.8	1323.040482721323	1323.04037288597	1324.0993434913241	1322.782608511323	1322.7835750813229	1322.9311914800012	
1321.8611914800013	0.45299999999997453	WheelMovementIntervals													-0.16262219935141786
1322.9311914800012	0.5850000000000364	WheelMovementIntervals													-0.6550957087098528
1325.1502717213252	2.3947064313231294	trials	1.0	1.0	1.5	0.125		0.8	1325.983488391326	1325.9833732629513	1327.044948901327	1325.7115822513258	1325.7125154913258	1325.8281914800011	
1325.8281914800011	0.5370000000000346	WheelMovementIntervals													-0.604457710633719
1328.0954771713282	2.5327223246611084	trials	1.0	1.0	1.5	0.25		0.8	1329.066580051329	1329.0664849634986	1330.1281738813302	1328.6824851313288	1328.6834850313287	1328.8551914800012	
1328.8551914800012	0.4680000000000746	WheelMovementIntervals													-0.46417503769250246
1329.6231914800012	0.07600000000002183	WheelMovementIntervals													-0.009029001725277652
1331.1809019313312	15.497128230822454	trials	1.0	1.0	1.5	0.0625		0.8	1345.1141084713452	1345.1140255148807	1346.1779020813462	1331.6823184513316	1331.6830183813317	1336.2421914800013	
1336.2421914800013	0.8679999999999382	WheelMovementIntervals													0.17388096524089036
1340.4441914800013	0.09799999999995634	WheelMovementIntervals													-0.006318739829190179
1344.9521914800011	2.703000000000202	WheelMovementIntervals													-0.6925681473809462
1347.2506281313472	3.0980035687398413	trials	-1.0	1.0	1.5		1.0	0.8	1348.7936404813488	1348.793528414597	1349.84860164135	1348.3487183113484	1348.3497182113483	1348.5141914800013	
1348.5141914800013	0.7799999999999727	WheelMovementIntervals													1.1642540390379956
1350.9002298013509	9.531611907503702	trials	1.0	1.0	1.5	0.0		0.8	1358.872965781359	1358.8728389248092	1359.9317932213598	1351.4443753813514	1351.4453086213514	1358.3191914800013	
1358.3191914800013	0.69399999999996	WheelMovementIntervals													-0.27468582093511174
1359.7761914800012	0.6620000000000346	WheelMovementIntervals													-0.12430400419209064
1361.1156414913612	3.361908387664016	trials	-1.0	1.0	1.5		1.0	0.8	1362.915261511363	1362.9151454457017	1363.977455281364	1362.5274003013626	1362.5281002313625	1362.6731914800012	
1361.1881914800013	0.9329999999999927	WheelMovementIntervals													-0.17408923963979817
1362.6731914800012	0.6820000000000164	WheelMovementIntervals													0.4572035152373459
1365.0292500913652	2.781629834384148	trials	1.0	1.0	1.5	0.25		0.8	1366.2478615513662	1366.2477622844096	1367.3108219113674	1365.7315798513657	1365.7323464413657	1365.9091914800013	
1365.9091914800013	0.5350000000000819	WheelMovementIntervals													-0.5102692477986075
1368.3620834413684	3.0987034520419456	trials	1.0	1.0	1.5	0.0625		0.8	1369.9098619813699	1369.9097841666157	1370.960723551371	1368.9482914813689	1368.948958081369	1369.1981914800012	
1369.1981914800012	1.66800000000012	WheelMovementIntervals													-0.3147310776776635
1372.011285151372	2.4495023106971985	trials	1.0	1.0	1.5	0.125		0.8	1372.9058956813728	1372.9057852648314	1373.960723521374	1372.5815614513726	1372.5825613513725	1372.7411914800014	
1372.7411914800014	0.5109999999999673	WheelMovementIntervals													-0.3572949913055403
1375.007185531375	5.33681124882105	trials	1.0	1.0	1.5	1.0		0.8	1378.7803081813788	1378.7801920700851	1379.84393514138	1378.5145014313784	1378.5154346713784	1378.6491914800013	
1375.4911914800014	2.115000000000009	WheelMovementIntervals													-0.612975823397111
1378.6491914800013	0.3140000000000782	WheelMovementIntervals													-0.590113167698938
1380.904395751381	19.20575483098719	trials	-1.0	-1.0	0.0	0.0625		0.8	1397.5517308513977	1397.5510415427982	1399.6100916613996	1381.3813480513813	1381.3820479813814	1397.3041914800012	
1397.3041914800012	1.1169999999999618	WheelMovementIntervals													0.4882209495915646
1399.0021914800013	2.173000000000002	WheelMovementIntervals													-0.6260509116101041
1400.6914501814008	5.556091530203503	trials	-1.0	-1.0	0.0	0.0625		0.8	1403.6902836014037	1403.6896450712807	1405.7475111914057	1401.7807412414018	1401.7816411514018	1403.4371914800013	
1403.4371914800013	0.7000000000000455	WheelMovementIntervals													0.3510227044248211
1405.3801914800013	1.497000000000071	WheelMovementIntervals													0.6630322460530031
1406.8050387614069	9.038339310581932	trials	-1.0	-1.0	0.0	0.25		0.8	1413.2937231614133	1413.2928648255688	1415.3432848514153	1407.4766049314076	1407.4775381714076	1411.1931914800014	
1411.1931914800014	0.7079999999998563	WheelMovementIntervals													0.22783803662417412
1413.1771914800013	1.0460000000000491	WheelMovementIntervals													1.7043648502784876
1415.0091914800014	1.3029999999998836	WheelMovementIntervals													1.6580321541218233
1416.4082783414165	6.801500890251873	trials	1.0	1.0	1.5	0.25		0.8	1421.6515872914217	1421.6514774859243	1422.7096814714228	1416.930459451417	1416.931326031417	1421.5341914800013	
1421.5341914800013	1.4760000000001128	WheelMovementIntervals													-0.6682072792426332
1423.7628761414237	2.900920357266841	trials	1.0	1.0	1.5	0.0625		0.8	1425.1119745514252	1425.1118846780626	1426.1637360314262	1424.4137443814245	1424.4145109714245	1424.8221914800013	
1424.8221914800013	0.6829999999999927	WheelMovementIntervals													-0.2936950972976593
1427.0291914800014	2.3519999999998618	WheelMovementIntervals													-1.1005798156805806
1427.2109979614272	4.536011669344816	trials	1.0	1.0	1.5	0.25		0.8	1430.1808009514302	1430.1807029825104	1431.2469276614313	1429.85959974143	1429.86039966143	1430.0101914800014	
1430.0101914800014	0.5259999999998399	WheelMovementIntervals													-0.5895132794978402
1432.4453078114325	2.597589998998501	trials	-1.0	1.0	1.5		0.0625	0.2	1433.4860037314336	1433.4859030038285	1434.5428313714347	1432.992753061433	1432.993652971433	1433.1541914800014	
1433.1541914800014	0.7590000000000146	WheelMovementIntervals													1.509742283214921
1435.5902932814356	2.5024239771373686	trials	1.0	1.0	1.5	1.0		0.2	1436.5403982614366	1436.5403020043705	1437.5926596914376	1436.2799909714363	1436.2806242414363	1436.4301914800012	
1436.4301914800012	0.43100000000004	WheelMovementIntervals													-0.7943053898728447
1438.6430213114386	3.687110487807331	trials	1.0	-1.0	0.0		0.0	0.2	1439.7652090814397	1439.7645238931616	1441.8300359114419	1439.146737601439	1439.147537521439	1439.5021914800013	
1439.5021914800013	0.5019999999999527	WheelMovementIntervals													-0.4860541617872034
1442.8784310614428	2.397506171480245	trials	-1.0	1.0	1.5		1.0	0.2	1443.7208134814437	1443.720732526984	1444.7759079614448	1443.4592729714434	1443.4601395514435	1443.5981914800013	
1443.5981914800013	0.4290000000000873	WheelMovementIntervals													1.475886227449541
1445.8268361914459	10.686509478494145	trials	1.0	-1.0	0.0		0.0625	0.2	1453.959922801454	1453.9593426436377	1456.013284111456	1446.3466175414464	1446.3474174614464	1453.8511914800013	
1453.8511914800013	1.3020000000001346	WheelMovementIntervals													-1.0379262680563208
1457.0698451114572	11.872323841855177	trials	1.0	-1.0	0.0		0.0625	0.2	1466.3946792014665	1466.3940622654873	1468.4420744414685	1457.5421978714576	1457.5428311414576	1465.9251914800013	
1459.6431914800014	0.2319999999999709	WheelMovementIntervals													-0.039456038561800355
1465.9251914800013	1.393000000000029	WheelMovementIntervals													-0.26750340953512364
1469.5064679914694	8.902119703561084	trials	1.0	1.0	1.5	0.25		0.2	1476.8464005914768	1476.8462834125928	1477.9085277014779	1470.02938236147	1470.03028227147	1476.5471914800014	
1476.5471914800014	2.0809999999999036	WheelMovementIntervals													1.726058938419742
1478.9732878814789	2.389406943200356	trials	-1.0	1.0	1.5		1.0	0.2	1479.8059046114797	1479.8057896037567	1480.8626989214808	1479.4959689414795	1479.4967355314795	1479.6751914800013	
1479.6751914800013	0.3400000000001455	WheelMovementIntervals													0.7482243953210759
1481.912193961482	25.62917652546639	trials	-1.0	1.0	1.5		0.25	0.2	1505.994452161506	1505.9943649281474	1507.0412808015071	1482.4249760114824	1482.4256759414825	1505.5611914800013	
1505.5611914800013	2.1420000000000528	WheelMovementIntervals													0.8669741837600853
1508.136771241508	17.537522596851886	trials	1.0	1.0	1.5	0.0625		0.2	1524.1167064215242	1524.1165909201027	1525.1742006615252	1508.6453203815086	1508.6461536315087	1519.8501914800013	
1517.1421914800014	0.22499999999990905	WheelMovementIntervals													-0.04740031350914009
1519.8501914800013	0.35200000000008913	WheelMovementIntervals													-0.1060867602495641
1520.7801914800013	0.055000000000063665	WheelMovementIntervals													-0.007734656444043253
1523.6931914800014	0.984000000000151	WheelMovementIntervals													-0.25447590794783714
1526.2452935415263	2.633114712100678	trials	-1.0	1.0	1.5		0.0625	0.2	1527.3270853515273	1527.326998763762	1528.3783802115283	1526.8449335715268	1526.8458001515269	1526.9671914800015	
1526.9671914800015	0.8919999999998254	WheelMovementIntervals													0.6606343997057316
1529.4248088915294	2.999501511259041	trials	-1.0	1.0	1.5		0.0	0.2	1530.8662980615309	1530.8662086566667	1531.9242589215319	1530.0740439615302	1530.07474389153	1530.2291914800014	
1530.2291914800014	1.0579999999999927	WheelMovementIntervals													0.44121594897987926
1532.5061914800015	0.25699999999983447	WheelMovementIntervals													-0.09464371820405404
1533.107107291533	2.53769561589138	trials	-1.0	1.0	1.5		0.125	0.2	1534.0787101215342	1534.0786044647007	1535.1447368415352	1533.828335161534	1533.8290017615338	1533.9061914800013	
1533.9061914800013	0.7910000000001673	WheelMovementIntervals													1.0143677987610076
1535.9631914800013	0.41600000000016735	WheelMovementIntervals													-0.07939412255360878
1536.1966983015361	2.464828314629358	trials	-1.0	1.0	1.5		0.125	0.2	1537.095908371537	1537.0958075356953	1538.1614351415383	1536.8574322215368	1536.858265471537	1537.0011914800014	
1537.0011914800014	0.9580000000000837	WheelMovementIntervals													0.7363073846756425
1538.8421914800015	0.14899999999988722	WheelMovementIntervals													-0.10591887788861953
1539.2102302515393	6.063605955245521	trials	-1.0	1.0	1.5		0.25	0.2	1543.7239455015438	1543.7238331957294	1544.7738071715448	1539.7574088615397	1539.7582421115399	1543.4461914800015	
1543.4461914800015	1.6599999999998545	WheelMovementIntervals													1.113034036500876
1545.8330345715458	2.4615000029468774	trials	-1.0	1.0	1.5		1.0	0.2	1546.7309447715468	1546.7308342078838	1547.7944717415478	1546.4944350915466	1546.4951016915466	1546.6211914800015	
1546.6211914800015	0.5989999999999327	WheelMovementIntervals													0.9462523859927643
1548.844933351549	2.378807754544596	trials	1.0	1.0	1.5	1.0		0.2	1549.6778500515497	1549.6777357162632	1550.7237121215508	1549.3902788115495	1549.3910120715493	1549.5411914800013	
1549.5411914800013	0.4910000000002128	WheelMovementIntervals													-0.48885602239786685
1551.7715406615519	3.089604545610655	trials	-1.0	1.0	1.5		0.25	0.2	1553.2972547415534	1553.2971414247513	1554.3610816815544	1552.844466691553	1552.8452999415529	1552.9831914800013	
1552.0401914800013	0.14600000000018554	WheelMovementIntervals													0.06839074187799277
1552.9831914800013	0.68100000000004	WheelMovementIntervals													1.5432444314447267
1555.4096434815553	9.530525695465258	trials	-1.0	-1.0	0.0	0.0625		0.2	1562.3834460315625	1562.3825608181141	1564.4401403415645	1555.8901620915558	1555.8908953515559	1562.2781914800014	
1562.2781914800014	0.7470000000000709	WheelMovementIntervals													0.3999135464661343
1563.8431914800015	1.2729999999999109	WheelMovementIntervals													1.116487919986076
1565.5010675715655	2.3598095166914845	trials	-1.0	1.0	1.5		1.0	0.2	1566.3044872215664	1566.3043701303218	1567.3608482415673	1566.060811591566	1566.061744831566	1566.2041914800013	
1566.2041914800013	0.4700000000000273	WheelMovementIntervals													0.9676276052044388
1568.4081768315684	3.0858033392603375	trials	-1.0	1.0	1.5		0.0625	0.2	1569.92909139157	1569.9289774916067	1570.9939182315711	1568.9068269615689	1568.907693541569	1569.8291914800016	
1569.8291914800016	0.83199999999988	WheelMovementIntervals													1.2588773684687489
1571.1671914800015	2.838999999999942	WheelMovementIntervals													2.03727608652279
1572.048679411572	14.25784868503115	trials	-1.0	1.0	1.5		0.0625	0.2	1584.7472094315847	1584.7471209905755	1585.8064368315859	1574.6400202515747	1574.6408868315746	1584.6031914800014	
1584.6031914800014	0.5579999999999927	WheelMovementIntervals													0.4788310907542499
1585.5191914800014	1.6549999999999727	WheelMovementIntervals													0.43891323097214885
1586.894428021587	9.149497229235067	trials	-1.0	1.0	1.5		1.0	0.2	1594.4850355515946	1594.4849248933297	1595.5438629915955	1587.6605180715876	1587.6613513215877	1594.1061914800014	
1594.1061914800014	0.5780000000002019	WheelMovementIntervals													0.4102123343162911
1596.6001240215967	2.489213874373945	trials	1.0	1.0	1.5	1.0		0.2	1597.5306309615976	1597.5305288337102	1598.5893250815986	1597.056045091597	1597.0567783515971	1597.2171914800015	
1597.2171914800015	0.6859999999999218	WheelMovementIntervals													-0.6589620969894354
1599.7787394615998	9.310614225557856	trials	-1.0	1.0	1.5		0.125	0.2	1607.5287643816075	1607.5286488054578	1608.5892916516086	1600.2769229716002	1600.2777228916002	1607.2411914800016	
1607.2411914800016	0.9679999999998472	WheelMovementIntervals													0.8140739388867306
1609.3801914800015	0.9519999999999982	WheelMovementIntervals													0.5920147995529894
1609.6487523616097	11.456830161218704	trials	-1.0	1.0	1.5		0.125	0.2	1619.5532951416196	1619.5531775714717	1620.6055565716206	1610.7765395716108	1610.7771728416108	1619.4411914800014	
1619.4411914800014	0.6690000000000964	WheelMovementIntervals													0.4735491385646069
1620.7701914800016	1.4459999999999127	WheelMovementIntervals													1.4464816087983108
1621.6747829716217	12.734536016156198	trials	-1.0	1.0	1.5		0.0625	0.2	1632.847198951633	1632.8471136921817	1633.909259401634	1622.6098561216227	1622.6105893816227	1628.4291914800015	
1628.4291914800015	0.3949999999999818	WheelMovementIntervals													0.1911774348359031
1632.7931914800015	0.6030000000000655	WheelMovementIntervals													0.5917040426875056
1634.974419541635	2.785300741184983	trials	-1.0	1.0	1.5		0.0	0.2	1636.2026300416362	1636.2025194275177	1637.2596576616372	1635.6720164416356			
1636.0311914800016	2.0049999999998818	WheelMovementIntervals													1.6522606809900586
1638.3105192316384	11.898521701763684	trials	1.0	1.0	1.5	1.0		0.2	1648.6524516016486	1648.6523363557856	1649.7089459416497	1638.8552314216388			
1638.9301914800014	0.5199999999999818	WheelMovementIntervals													-0.131161680828229
1647.2971914800014	0.3080000000002201	WheelMovementIntervals													0.03303214425188883
1648.1761914800015	1.5460000000000491	WheelMovementIntervals													-0.5058349189565303
1650.7696398616508	9.58542019750712	trials	1.0	-1.0	0.0		0.0625	0.2	1657.7999034316579	1657.799253207069	1659.8549979016598	1651.4884013116516	1651.4890345816516	1657.0441914800015	
1657.0441914800015	1.6159999999999854	WheelMovementIntervals													-1.0308190901136587
1660.0431914800015	0.40200000000004366	WheelMovementIntervals													-0.10864552643334063
1660.909459111661	40.882084579891625	trials	1.0	1.0	1.5	0.125		0.2	1700.2450584917003	1700.244938567483	1701.2914871717014	1661.4922008316614	1661.4931674016616	1688.6931914800016	
1661.8131914800015	0.10400000000004184	WheelMovementIntervals													-0.03625173320527203
1668.5461914800014	0.07000000000016371	WheelMovementIntervals													-0.012915467267199221
1676.2541914800015	1.2149999999999181	WheelMovementIntervals													-0.09092792698493146
1680.6441914800016	0.10599999999999454	WheelMovementIntervals													0.014634158406239328
1688.6931914800016	0.2839999999998781	WheelMovementIntervals													-0.17124031209436383
1696.0701914800015	0.22000000000002728	WheelMovementIntervals													-0.026743108350007705
1698.2161914800015	0.25700000000006185	WheelMovementIntervals													-0.04218700759081785
1700.1271914800016	1.9290000000000873	WheelMovementIntervals													1.8019274230256093
1702.4005429217025	2.5034255965326793	trials	-1.0	1.0	1.5		0.25	0.2	1703.3588470817033	1703.358751953491	1704.4038425717044	1702.903992571703	1702.9046925017028	1703.0741914800017	
1703.0741914800017	0.8549999999997908	WheelMovementIntervals													0.5988913125748427
1705.4464716317054	2.428403098519766	trials	-1.0	1.0	1.5		1.0	0.2	1706.3282501117064	1706.3281723936325	1707.3748121117073	1705.958187121706	1705.9589203817059	1706.0901914800015	
1706.0901914800015	0.5080000000000382	WheelMovementIntervals													0.8118753812500046
1706.8841914800016	0.40200000000004366	WheelMovementIntervals													-0.11255021543104649
1708.4204742017084	14.120632420158245	trials	1.0	-1.0	0.0		0.0	0.2	1719.98868393172	1719.987799121262	1722.040978681722	1708.953787531709	1708.954520791709	1719.1721914800016	
1714.1651914800016	0.18499999999994543	WheelMovementIntervals													-0.06633301106970269
1719.1721914800016	1.2079999999998563	WheelMovementIntervals													-0.757903041858055
1721.4141914800016	0.14599999999995816	WheelMovementIntervals													-0.015899840576410806
1723.1027058317231	11.588117188023261	trials	1.0	-1.0	0.0		1.0	0.2	1732.1381022017322	1732.1373184526276	1734.1907969117342	1723.6368524117236	1723.6375856717236	1731.9711914800016	
1731.9711914800016	3.3230000000000928	WheelMovementIntervals													-0.7111192909738846
1735.2649228217354	43.40828332797582	trials	1.0	1.0	1.5	0.0625		0.2	1777.1144041217772	1777.1143021931002	1778.1731649017781	1736.2534239617362	1736.2543572017362	1742.6761914800015	
1742.6761914800015	0.4919999999999618	WheelMovementIntervals													-0.10479154811884328
1755.5091914800016	0.25499999999988177	WheelMovementIntervals													-0.09715010948317548
1758.9741914800015	0.27500000000009095	WheelMovementIntervals													-0.1251872629539985
1777.0661914800016	0.4210000000000491	WheelMovementIntervals													-0.16721952099453308
1777.8941914800016	0.19200000000000728	WheelMovementIntervals													0.010163479602781411
1779.1101914800017	0.12599999999997635	WheelMovementIntervals													-0.013196347155092658
1779.4230065717795	21.83295791670548	trials	-1.0	1.0	1.5		0.25	0.2	1799.6828470517996	1799.6827593872704	1800.7558730718008	1779.93575529178			
1780.1541914800016	0.29899999999997817	WheelMovementIntervals													-0.020419295360750933
1781.3411914800017	0.4230000000000018	WheelMovementIntervals													-0.08670368934162176
1782.8211914800017	0.13999999999987267	WheelMovementIntervals													0.024989751145652717
1784.2801914800016	0.36599999999998545	WheelMovementIntervals													0.05560929226824807
1784.9261914800015	0.17000000000007276	WheelMovementIntervals													-0.030568796034091017
1785.6961914800017	0.10199999999986176	WheelMovementIntervals													-0.0025735598831888584
1790.3401914800017	0.08899999999994179	WheelMovementIntervals													0.0075805162408215665
1797.0261914800017	0.2619999999999436	WheelMovementIntervals													0.11384694357984282
1797.7271914800017	0.30999999999994543	WheelMovementIntervals													-0.06008301797242499
1799.3581914800016	0.7670000000000528	WheelMovementIntervals													0.41458628690611676
1801.8364650018018	3.4155033386812192	trials	-1.0	1.0	1.5		0.0625	0.2	1803.6848468118037	1803.6847662673804	1804.7519400918047	1802.3687117718023			
1803.0291914800016	3.157000000000153	WheelMovementIntervals													-0.7763643147317467
1805.8088677218059	4.997211783453622	trials	-1.0	1.0	1.5		0.0625	0.2	1809.2359583118093	1809.2358744311393	1810.3060179618103	1806.7892363418068	1806.789969601807	1807.5101914800016	
1807.5101914800016	0.7080000000000837	WheelMovementIntervals													0.1533859816010812
1808.4811914800016	3.6390000000001237	WheelMovementIntervals													0.41473848114406175
1811.3661786018115	4.773102796431431	trials	1.0	1.0	1.5	0.0625		0.2	1814.5713913818147	1814.5712791366086	1815.6392179218158	1812.7349750418127	1812.7358749518128	1813.4781914800017	
1813.4781914800017	2.0650000000000546	WheelMovementIntervals													-0.2965417484712618
1816.7000784918166	3.7223069859155657	trials	-1.0	1.0	1.5		0.25	0.2	1818.8602957818189	1818.8601808048945	1819.92238956182	1817.3349150018173	1817.3358149118174	1818.1181914800018	
1818.1181914800018	1.1529999999997926	WheelMovementIntervals													0.31118218148604737
1820.977184071821	3.124501031481259	trials	-1.0	1.0	1.5		0.25	0.2	1822.5405943818225	1822.5404835872366	1823.6016216018236	1821.4848333018215	1821.4857332118215	1821.7341914800018	
1821.7341914800018	0.7849999999998545	WheelMovementIntervals													0.2675812619201725
1822.8311914800017	0.16599999999993997	WheelMovementIntervals													-0.07579032107581796
1824.6548829318247	3.317411781963301	trials	-1.0	1.0	1.5		0.25	0.2	1826.3980086018264	1826.39788859679	1827.4722678318276	1825.1556661818252	1825.1562661218252	1825.5331914800017	
1825.5331914800017	1.1869999999998981	WheelMovementIntervals													0.2920435899580551
1828.0221914800018	0.6399999999998727	WheelMovementIntervals													0.07731271094679348
1828.5285955218285	3.8437241154795174	trials	-1.0	1.0	1.5		0.125	0.2	1830.8104006518308	1830.8103092436527	1831.872194461832	1829.3846765718295	1829.3855098218294	1829.9641914800018	
1829.9641914800018	2.2110000000000127	WheelMovementIntervals													0.28960142244911613
1832.930121991833	3.4545003581542915	trials	-1.0	1.0	1.5		0.0625	0.2	1834.8300319818347	1834.8299210889013	1835.884593181836	1833.4013748618333	1833.4021081218334	1833.9541914800018	
1833.9541914800018	1.1489999999998872	WheelMovementIntervals													0.3121599101875616
1836.6741914800016	0.12800000000015643	WheelMovementIntervals													0.02261697249368666
1836.9488200818369	8.24001937498224	trials	1.0	1.0	1.5	0.25		0.2	1843.6190529918435	1843.618934955982	1844.6887460118446	1837.4387044218374	1837.4397043218376	1843.0421914800017	
1837.5941914800017	0.13400000000001455	WheelMovementIntervals													-0.03194205180157894
1843.0421914800017	0.9049999999999727	WheelMovementIntervals													-0.30008922037468877
1844.3601914800017	0.3609999999998763	WheelMovementIntervals													-0.0325693495576036
1845.7516397118459	4.070404244507245	trials	1.0	1.0	1.5	0.125		0.2	1848.2625552618483	1848.2624417131988	1849.3219493118493	1846.3011180918463	1846.3018513518464	1847.0741914800017	
1847.0741914800017	1.7770000000000437	WheelMovementIntervals													-0.2869809734443638
1850.3809434018503	4.1033013961011875	trials	-1.0	1.0	1.5		0.125	0.2	1852.914556681853	1852.914443646415	1853.984216371854	1851.051009721851	1851.051776311851	1851.5861914800016	
1851.5861914800016	1.8960000000001855	WheelMovementIntervals													0.2803770741374627
1855.042643851855	4.591535456027714	trials	-1.0	1.0	1.5		0.125	0.2	1858.072074211858	1858.0719659248814	1859.1341346618592	1855.5882226218555	1855.5890225418557	1856.8931914800016	
1856.8931914800016	1.5270000000000437	WheelMovementIntervals													0.2801283090496711
1860.3332814018604	7.355008669988138	trials	-1.0	1.0	1.5		0.25	0.2	1866.1151698218662	1866.115086645168	1867.1882625018673	1861.054942561861	1861.055575831861	1861.6851914800018	
1861.6851914800018	0.5779999999999745	WheelMovementIntervals													0.10166926982946523
1862.7001914800016	0.9770000000000891	WheelMovementIntervals													0.244634276830344
1864.1751914800018	0.7149999999999181	WheelMovementIntervals													-0.1535170485497197
1865.2911914800018	1.433999999999969	WheelMovementIntervals													0.26605471151742455
1868.2506895818683	2.4832980227567987	trials	1.0	1.0	1.5	1.0		0.2	1869.1706975718691	1869.1705884789953	1870.2339579018703	1868.7672045918687	1868.7681045018687	1868.9241914800018	
1868.9241914800018	0.5670000000000073	WheelMovementIntervals													-0.5687076026288578
1871.2867859418714	16.684441021018074	trials	-1.0	1.0	1.5		1.0	0.2	1886.4048073218864	1886.404721299198	1887.4711673418874	1871.904590821872	1871.9053574118718	1875.9851914800017	
1875.9851914800017	0.7239999999999327	WheelMovementIntervals													0.1824207469928789
1881.1921914800016	0.1870000000001255	WheelMovementIntervals													-0.23112273727863397
1881.6181914800018	0.14099999999984902	WheelMovementIntervals													-0.017523695691354924
1883.6141914800016	0.17399999999997817	WheelMovementIntervals													0.060119912551370724
1885.6781914800017	1.731999999999971	WheelMovementIntervals													0.43416978020278374
1888.5480263118886	62.96993828003883	trials	0.0	-1.0	0.0	0.0		0.2	1949.018478661949	1949.0179571813917	1950.03244392195	1889.016979411889	1889.017712671889		
1903.4121914800016	0.4730000000001837	WheelMovementIntervals													-0.02273974438342874
1909.7061914800017	0.4069999999999254	WheelMovementIntervals													0.03161396898864144
1949.0381914800018	0.33799999999996544	WheelMovementIntervals													-0.15206963240058746
1952.1648639919522	33.420863396581126	trials	1.0	-1.0	0.0		0.0625	0.2	1983.018811621983	1983.018221595013	1985.0857049119852	1952.2362901819522	1952.6830788319528	1955.6431914800019	
1955.6431914800019	0.5239999999998872	WheelMovementIntervals													-0.10020647863538779
1961.0231914800017	0.4539999999999509	WheelMovementIntervals													-0.04020005417029204
1961.7141914800018	0.1369999999999436	WheelMovementIntervals													-0.011921993691464072
1968.7581914800019	0.47900000000004184	WheelMovementIntervals													0.09753714804328628
1973.1381914800018	0.26500000000010004	WheelMovementIntervals													-0.024629251515029704
1978.2531914800018	0.05700000000001637	WheelMovementIntervals													-0.019022662199680962
1982.8171914800018	3.7509999999999764	WheelMovementIntervals													0.5263605388221921
1986.1928275219861	3.3262119968451316	trials	-1.0	1.0	1.5		1.0	0.2	1987.950318421988	1987.950233332175	1989.0190115419891	1987.5480586519875	1987.5486919219875	1987.698191480002	
1987.698191480002	1.336999999999989	WheelMovementIntervals													0.5421677631241255
1990.06444032199	18.137630193539053	trials	-1.0	1.0	1.5		0.25	0.2	2006.6441488520068	2006.6440670078346	2007.7019763920077	1990.7981336119908	1990.7989335319908	2005.9991914800019	
2005.9991914800019	1.7639999999998963	WheelMovementIntervals													0.36644075210607774
2008.7714694320089	17.38014045312798	trials	-1.0	1.0	1.5		0.25	0.2	2024.5820882120247	2024.5820035027323	2025.6515812520256	2009.3143484720094	2009.3152483820093	2024.4431914800018	
2018.9131914800018	0.16399999999998727	WheelMovementIntervals													0.01490421798763375
2024.4431914800018	1.5910000000001219	WheelMovementIntervals													0.6899069259323634
2026.7163081020267	17.330742482493633	trials	-1.0	1.0	1.5		0.125	0.2	2042.4810314720426	2042.480944926289	2043.5469915320436	2027.2307899820273	2027.2315565720273	2032.707191480002	
2032.707191480002	0.9059999999999491	WheelMovementIntervals													-0.1631018482934996
2038.937191480002	0.5429999999998927	WheelMovementIntervals													0.3107165219151886
2042.3001914800018	1.5570000000000164	WheelMovementIntervals													1.297728547572202
2044.188191480002	1.4839999999999236	WheelMovementIntervals													-1.0005547455120394
2044.6196509220447	35.747564939182894	trials	-1.0	-1.0	0.0	0.125		0.2	2077.810198202078	2077.8096102866166	2079.8671591520797	2046.4178710820465	2046.4185376820465	2057.039191480002	
2057.039191480002	0.7339999999999236	WheelMovementIntervals													0.1488638993070004
2061.592191480002	0.21900000000005093	WheelMovementIntervals													-0.07908779575082203
2067.815191480002	0.17799999999988358	WheelMovementIntervals													-0.05794202226998291
2077.546191480002	1.356999999999971	WheelMovementIntervals													1.1014979303837005
2080.148191480002	0.11599999999998545	WheelMovementIntervals													0.1048506721728728
2080.723191480002	0.26099999999996726	WheelMovementIntervals													0.292796392318885
2080.965915932081	9.030309050840515	trials	-1.0	1.0	1.5		0.0625	0.2	2088.4359355220886	2088.435822591767	2089.4961628220894	2081.6128845620815	2081.6138178020815	2087.895191480002	
2087.895191480002	5.7400000000002365	WheelMovementIntervals													8.535950659910215
2090.5561234820907	14.577316286116911	trials	-1.0	1.0	1.5		0.0625	0.2	2103.5756547321034	2103.575536241425	2104.6334156121047	2094.083770682094	2094.084537272094	2103.2361914800017	
2103.2361914800017	1.9530000000004293	WheelMovementIntervals													2.6402753051633887
2105.539191480002	0.4699999999997999	WheelMovementIntervals													0.30577367156696056
2105.7292393521057	63.70063195037892	trials	0.0	-1.0	0.0	0.25		0.8	2166.930451952167	2166.9298642024273	2167.4441339121677	2106.929019362107	2106.929619302107		
2106.161191480002	0.17799999999988358	WheelMovementIntervals													0.015124361376720685
2136.837191480002	0.581000000000131	WheelMovementIntervals													0.03933025728280981
2161.324191480002	0.36300000000028376	WheelMovementIntervals													-0.06791142214237311
2162.000191480002	0.06899999999995998	WheelMovementIntervals													0.06279947919243156
2166.951191480002	0.4230000000002292	WheelMovementIntervals													-0.22276282710109285
2170.07677062217	24.438064633324757	trials	-1.0	-1.0	0.0	0.125		0.8	2191.9569157221918	2191.956327593496	2194.014776582194	2170.13166513217	2170.6616787921707	2174.366191480002	
2174.366191480002	0.09900000000016007	WheelMovementIntervals													0.15681758752594277
2178.981191480002	0.12800000000015643	WheelMovementIntervals													-0.13537504110367138
2191.260191480002	0.73700000000008	WheelMovementIntervals													0.3209962629327947
2195.089635752195	15.775134046270068	trials	-1.0	-1.0	0.0	1.0		0.8	2208.311913392208	2208.3111626109603	2210.3647080922105	2195.760735302196	2195.7615018921956	2207.992191480002	
2195.890191480002	0.057999999999992724	WheelMovementIntervals													0.04423324155385089
2196.310191480002	0.06700000000000728	WheelMovementIntervals													0.007446956012923778
2207.992191480002	2.4099999999998545	WheelMovementIntervals													2.4168432999939036
2211.4228689322113	15.27471665465282	trials	-1.0	-1.0	0.0	0.125		0.8	2224.140263732224	2224.1395819652334	2226.197491322226	2211.8935885222118	2211.8945217622118	2223.767191480002	
2214.925191480002	0.5279999999997926	WheelMovementIntervals													0.09874674974846798
2223.767191480002	2.125999999999749	WheelMovementIntervals													0.8394238773664284
2227.2589851622274	16.071335684400765	trials	1.0	1.0	1.5	0.0625		0.8	2241.775333382242	2241.775216490475	2242.830294542243	2227.976680052228	2227.977546632228	2241.300191480002	
2233.775191480002	0.15100000000029468	WheelMovementIntervals													0.023965303021331152
2241.300191480002	3.1530000000002474	WheelMovementIntervals													1.0950683569309057
2243.898221072244	45.527183173907815	trials	1.0	1.0	1.5	0.25		0.8	2287.8730231522877	2287.872900443973	2288.925351242289	2244.942883262245	2244.943549862245	2268.292191480002	
2251.547191480002	0.4170000000003711	WheelMovementIntervals													-0.04521177103432805
2257.102191480002	0.4580000000000837	WheelMovementIntervals													-0.056578864881632995
2268.292191480002	0.42299999999977445	WheelMovementIntervals													-0.12351893290907157
2280.187191480002	0.4130000000000109	WheelMovementIntervals													-0.0730250155264045
2287.635191480002	3.4459999999999127	WheelMovementIntervals													0.5878526144378391
2290.06040439229	31.014272686700224	trials	-1.0	-1.0	0.0	0.0		0.8	2318.5291239023186	2318.5283701934313	2320.5746193323207	2291.779399142292	2291.780265722292	2318.258191480002	
2304.546191480002	0.512000000000171	WheelMovementIntervals													-0.05745122650859358
2318.258191480002	1.0140000000001237	WheelMovementIntervals													0.7338377780493772
2321.6601774323217	23.65154422439082	trials	-1.0	-1.0	0.0	0.0625		0.8	2342.744268812343	2342.7435150717706	2344.8116953823446	2322.212188892322	2322.213322112322	2325.758191480002	
2325.758191480002	1.219000000000051	WheelMovementIntervals													-0.10506039518069699
2331.542191480002	0.5119999999997162	WheelMovementIntervals													-0.11015428572909869
2342.388191480002	2.7959999999998217	WheelMovementIntervals													2.0510647868914376
2345.891820692346	2.7199078604589886	trials	1.0	1.0	1.5	1.0		0.8	2347.052437952347	2347.0523231928264	2348.111698682348	2346.5742857723467	2346.5752190123467	2346.762191480002	
2346.762191480002	0.5840000000002874	WheelMovementIntervals													-0.4109354067857467
2349.154527722349	32.20245512219526	trials	-1.0	-1.0	0.0	0.25		0.8	2378.788897322379	2378.788276607125	2380.8569571623807	2349.80742909235	2349.80812902235	2356.860191480002	
2356.860191480002	0.17200000000002547	WheelMovementIntervals													0.10318658215253151
2357.6321914800023	1.25	WheelMovementIntervals													0.18680239445442126
2378.738191480002	0.22000000000025466	WheelMovementIntervals													0.2140247655419607
2381.943681812382	63.08502828273413	trials	0.0	-1.0	0.0	0.25		0.8	2442.5292559824425	2442.528703090637	2443.4260662924435	2382.5277567323824	2382.5284566623827	2385.1791914800024	
2385.1791914800024	0.3369999999999891	WheelMovementIntervals													0.17870175548556944
2442.546191480002	0.23800000000028376	WheelMovementIntervals													-0.1675166046474068
2443.1361914800023	0.6559999999999491	WheelMovementIntervals													0.4370008943913959
2445.6618093624456	16.08103694107831	trials	-1.0	1.0	1.5		0.25	0.8	2460.1799574024603	2460.1798409074063	2461.2428177724614	2446.372338302446	2446.3731715524464	2460.017191480002	
2460.017191480002	0.8410000000003492	WheelMovementIntervals													0.9349615734594074
2462.3084445324625	54.11640941967016	trials	-1.0	-1.0	0.0	0.0		0.8	2513.861155412514	2513.8604459092358	2515.924849022516	2462.888519852463	2462.889186452463	2475.296191480002	
2475.296191480002	0.7800000000002001	WheelMovementIntervals													-0.137185140863334
2486.9691914800023	1.7150000000001455	WheelMovementIntervals													0.39487247040787565
2496.4421914800023	0.09000000000014552	WheelMovementIntervals													-0.024191883548837723
2497.2011914800023	0.5019999999999527	WheelMovementIntervals													0.1608247419045803
2505.7241914800024	0.3730000000000473	WheelMovementIntervals													-0.08203049419097752
2513.3101914800022	1.4490000000000691	WheelMovementIntervals													0.30661854467470206
2515.803191480002	0.6550000000002001	WheelMovementIntervals													-0.10844598411780382
2517.213253502517	15.278149296520496	trials	-1.0	-1.0	0.0	0.125		0.8	2529.91688301253	2529.916192826968	2531.991275552532	2517.9206494225177	2517.921482672518	2521.4221914800023	
2521.4221914800023	0.8769999999999527	WheelMovementIntervals													0.2551911813195069
2529.6561914800022	1.6179999999999382	WheelMovementIntervals													0.9840784637217652
2533.0546025425333	26.769632288359844	trials	-1.0	-1.0	0.0	0.25		0.8	2557.2596817925573	2557.2588299282793	2559.3242086525593	2533.5872159425335	2533.5881825125334	2556.6251914800023	
2533.7391914800023	0.052000000000134605	WheelMovementIntervals													-0.026171983231435547
2537.1881914800024	0.125	WheelMovementIntervals													-0.028308280683045695
2544.0071914800023	0.2660000000000764	WheelMovementIntervals													-0.03157804725421798
2556.6251914800023	1.8240000000000691	WheelMovementIntervals													1.1451112655095663
2560.4090334925604	30.98117624179804	trials	-1.0	-1.0	0.0	0.125		0.8	2588.822725172589	2588.821902496892	2590.8901184125907	2560.953245732561	2560.953945662561	2580.9541914800025	
2561.180191480002	0.06400000000030559	WheelMovementIntervals													-0.0053711813948567055
2565.8641914800023	0.3949999999999818	WheelMovementIntervals													0.04032994831970882
2570.7501914800023	0.20400000000017826	WheelMovementIntervals													0.028662582858572705
2577.2001914800026	0.35199999999986176	WheelMovementIntervals													-0.04697140525064114
2580.9541914800025	0.7669999999998254	WheelMovementIntervals													0.21057712402039286
2587.9651914800024	5.48299999999972	WheelMovementIntervals													3.016201563347124
2591.982409172592	20.75713355149037	trials	-1.0	1.0	1.5		0.25	0.8	2611.1728566026113	2611.1727374179723	2612.2394499326124	2594.019272132594	2594.0199387325943	2610.6801914800026	
2610.6801914800026	1.3389999999999418	WheelMovementIntervals													0.5593362977479579
2613.3228415826134	39.661874316053854	trials	-1.0	1.0	1.5		1.0	0.8	2651.4312303626516	2651.4311110659573	2652.4846583426524	2613.8355236426137	2613.836556872614	2650.1111914800026	
2618.3941914800025	0.70699999999988	WheelMovementIntervals													0.04665626325975225
2625.6461914800025	0.36400000000003274	WheelMovementIntervals													0.06420396771502723
2650.1111914800026	2.2969999999995707	WheelMovementIntervals													0.6647171955221047
2653.5847149926535	30.382569094645987	trials	-1.0	-1.0	0.0	0.0		0.8	2681.4101988326815	2681.4094773546394	2683.4672597726835	2654.2720462526545	2654.2727461826544	2677.9801914800023	
2666.350191480002	0.8400000000001455	WheelMovementIntervals													-0.06285640853001695
2677.9801914800023	2.2609999999999673	WheelMovementIntervals													0.2000998928142259
2680.7271914800026	1.5729999999998654	WheelMovementIntervals													0.595319940978019
2684.5541844026848	11.012910763542095	trials	-1.0	1.0	1.5		0.0625	0.8	2694.005205872694	2694.0050927814273	2695.067033012695	2685.104762672685	2685.1054626026853	2693.6701914800024	
2689.4271914800024	0.09900000000016007	WheelMovementIntervals													-0.02297362163862715
2693.6701914800024	3.494000000000142	WheelMovementIntervals													1.6051180165091026
2696.127093662696	63.87844738077274	trials	0.0	-1.0	0.0		0.125	0.8	2757.5060218227577	2757.5055333537084	2758.4198637627583	2697.5044559126977	2697.5052558326975	2750.0531914800026	
2704.7241914800024	0.5390000000002146	WheelMovementIntervals													-0.08283653981367678
2737.5191914800025	0.3079999999999927	WheelMovementIntervals													-0.0267233061463088
2750.0531914800026	0.9329999999999927	WheelMovementIntervals													0.2438452476785926
2757.5231914800024	0.47400000000016007	WheelMovementIntervals													0.09805079405332151
2760.642341492761	63.06189727921037	trials	0.0	-1.0	0.0	1.0		0.8	2821.2047846428213	2821.2042339551103	2821.4348616328216	2760.6992358027605	2761.203951992761	2761.3431914800026	
2761.3431914800026	0.5589999999997417	WheelMovementIntervals													-0.2678889624620453
2771.4411914800025	0.15799999999990177	WheelMovementIntervals													-0.020926115932617506
2780.3871914800025	0.6040000000002692	WheelMovementIntervals													-0.06867820288513826
2794.8781914800024	0.6040000000002692	WheelMovementIntervals													0.056423656090736074
2801.5311914800027	0.6389999999996689	WheelMovementIntervals													0.0453851020393401
2807.7911914800025	0.05400000000008731	WheelMovementIntervals													-0.008424657927470491
2821.2201914800025	0.40099999999983993	WheelMovementIntervals													-0.21763050355630753
2824.3401377428245	17.11153344959712	trials	-1.0	-1.0	0.0	1.0		0.8	2838.883749902839	2838.8829636214627	2840.951643092841	2824.8643186528247	2824.865018582825	2825.0241914800026	
2825.0241914800026	0.8220000000001164	WheelMovementIntervals													-0.25899666572851743
2837.9881914800026	3.1039999999998145	WheelMovementIntervals													1.0607185602056433
2842.013870192842	2.866923430543011	trials	1.0	1.0	1.5	0.25		0.8	2843.3158733128435	2843.315779924749	2844.3807001528444	2842.714133492843	2842.715000072843	2842.8411914800026	
2842.8411914800026	0.6349999999997635	WheelMovementIntervals													-0.2865896122754563
2845.4251956928456	17.25931957233024	trials	1.0	1.0	1.5	0.125		0.8	2861.126325422861	2861.1262116786115	2862.1844862628623	2846.051333072846	2846.0519663428463	2860.6511914800026	
2856.2381914800026	1.2980000000002292	WheelMovementIntervals													0.08001003343525781
2858.007191480003	0.29899999999997817	WheelMovementIntervals													-0.04299729015369991
2860.6511914800026	1.0960000000000036	WheelMovementIntervals													-0.34242126885325774
2863.2519128428635	3.778416576259133	trials	1.0	1.0	1.5	0.125		0.8	2865.4747238728655	2865.474620829293	2866.5302516428665	2863.713766652864	2863.714633232864	2864.8261914800028	
2864.8261914800028	4.248000000000047	WheelMovementIntervals													1.058686710587878
2867.746629992868	5.954415831078677	trials	-1.0	1.0	1.5		0.125	0.8	2872.146256652872	2872.1461409510366	2873.2009845028733	2870.3176728628705	2870.3184727828702	2870.7841914800024	
2870.7841914800024	1.8540000000002692	WheelMovementIntervals													0.29036684933370793
2872.8991914800026	0.40200000000004366	WheelMovementIntervals													-0.014672099059033883
2874.2506461928742	3.683509969496754	trials	1.0	1.0	1.5	0.25		0.8	2876.3809664728765	2876.380851380011	2877.4341278128773	2874.763428242875	2874.764361482875	2875.266191480003	
2875.266191480003	2.3549999999995634	WheelMovementIntervals													-0.32543508823209777
2878.4805564928783	3.499497526230698	trials	1.0	1.0	1.5	0.125		0.8	2880.4269618328804	2880.4268545608898	2881.4799565228814	2879.213316542879	2879.2139831428794	2879.8671914800025	
2879.8671914800025	0.9390000000003056	WheelMovementIntervals													-0.29882048178400566
2882.5202524828824	3.3973062485656556	trials	1.0	1.0	1.5	0.125		0.8	2884.3805664328843	2884.380454809194	2885.417496062885	2883.083862782883	2883.0845627128833	2883.6551914800025	
2883.6551914800025	2.3470000000002074	WheelMovementIntervals													-0.2789840459274373
2886.2941914800026	0.625	WheelMovementIntervals													-0.08481883126435719
2886.4704574228863	3.6470142312009557	trials	1.0	1.0	1.5	0.125		0.8	2888.5701807628884	2888.570064464459	2889.6173760328898	2887.296708122887	2887.2974747128874	2887.8071914800025	
2887.8071914800025	2.7510000000002037	WheelMovementIntervals													0.5705479649313148
2890.6627714828905	11.983544765060742	trials	1.0	1.0	1.5	0.0		0.8	2901.1150928129014	2901.115009655472	2902.146223022902	2891.1965514328913	2891.1974180128914	2896.3871914800025	
2896.3871914800025	0.6580000000003565	WheelMovementIntervals													-0.12698118448242468
2900.5861914800025	1.0210000000001855	WheelMovementIntervals													-0.24331207468840432
2903.2035172829032	5.292784808918896	trials	1.0	1.0	1.5	0.125		0.8	2906.960008262907	2906.95990579179	2907.996237962908	2903.816889272904	2903.817822512904	2905.0241914800026	
2905.0241914800026	2.5599999999999454	WheelMovementIntervals													-0.2922058775799954
2909.048399402909	3.9519167779035342	trials	1.0	1.0	1.5	0.0625		0.8	2911.4567252129114	2911.4566084082303	2912.5002875129126	2909.7834925529096	2909.78445912291	2910.5791914800025	
2910.5791914800025	1.3290000000001783	WheelMovementIntervals													-0.2850407889272546
2913.5464162229136	3.5704207966145987	trials	1.0	1.0	1.5	0.125		0.8	2915.5814127029157	2915.5813269357777	2916.6168091529166	2914.1459895929142	2914.146656192914	2914.793191480003	
2914.793191480003	1.1419999999998254	WheelMovementIntervals													-0.2911844246969082
2917.4681914800026	2.1359999999999673	WheelMovementIntervals													0.41010502865949405
2917.6626378929177	5.799799583117874	trials	-1.0	1.0	1.5		0.0625	0.8	2921.9316442829218	2921.93153611399	2922.962407862923	2920.02913455292	2920.02986781292	2921.1741914800027	
2921.1741914800027	1.1329999999998108	WheelMovementIntervals													0.2946074672112857
2924.021835242924	5.31131470898481	trials	1.0	1.0	1.5	0.25		0.8	2927.787458642928	2927.7873442530845	2928.8331540629288	2925.033067442925	2925.033767372925	2926.3201914800024	
2924.121191480003	0.5209999999997308	WheelMovementIntervals													0.06613886069959563
2926.3201914800024	1.4140000000002146	WheelMovementIntervals													-0.26587627552683557
2928.007191480003	0.06899999999995998	WheelMovementIntervals													0.0072858331439533686
2929.88104926293	4.0813051998848096	trials	-1.0	1.0	1.5		0.125	0.8	2932.4188621229323	2932.418751252576	2933.4623577629336	2930.3455694729305	2930.3463027329303	2931.4661914800026	
2930.3841914800028	0.4119999999998072	WheelMovementIntervals													0.09874230285801389
2931.4661914800026	1.711999999999989	WheelMovementIntervals													0.25933269752316335
2934.5109528929347	3.9179189406727346	trials	1.0	1.0	1.5	0.125		0.8	2936.889881642937	2936.889763178662	2937.928777742938	2935.2329473529353	2935.2335472929353	2936.1241914800025	
2936.1241914800025	4.4770000000003165	WheelMovementIntervals													-0.5565132726971243
2938.983772232939	6.96161505393593	trials	1.0	1.0	1.5	0.0625		0.8	2944.386198602944	2944.3860823629752	2945.4452926829454	2941.1995173029413	2941.2004505429413	2943.3191914800027	
2941.9391914800026	0.11999999999989086	WheelMovementIntervals													-0.006866854528276178
2943.3191914800027	1.4890000000000327	WheelMovementIntervals													-0.2758541294810115
2946.5085863429467	2.4907976657173094	trials	1.0	1.0	1.5	1.0		0.8	2947.4388933029477	2947.438785097745	2948.4992872529483	2946.983005562947			
2947.1401914800026	0.5199999999999818	WheelMovementIntervals													-0.3921919256353803
2949.5489822729496	4.200322690662688	trials	1.0	1.0	1.5	0.0625		0.8	2952.1962841829522	2952.1961959432847	2953.2492455429533	2950.16195430295			
2951.0101914800025	1.66800000000012	WheelMovementIntervals													-0.29831489415184365
2954.3030068229546	63.24350766649968	trials	0.0	-1.0	0.0		0.0	0.8	3015.047031813015	3015.046509272945	3016.5439154430164	2955.045199262955	2955.046232492955	2961.9161914800025	
2961.9161914800025	0.7570000000000618	WheelMovementIntervals													-0.20557351220224973
2966.945191480003	0.38699999999971624	WheelMovementIntervals													0.06528714369847677
2968.7321914800027	0.2640000000001237	WheelMovementIntervals													0.014938265148970231
2980.3361914800025	2.0700000000001637	WheelMovementIntervals													0.20128995975504438
2995.1071914800027	0.4659999999998945	WheelMovementIntervals													-0.022965817852416137
3013.7091914800026	2.7390000000000327	WheelMovementIntervals													0.2645519636337639
3018.2186146230183	2.5919168347672894	trials	-1.0	1.0	1.5		1.0	0.8	3019.2597105030195	3019.2596209828266	3020.31043875302	3018.2812083630183	3018.961273683019	3019.1001914800026	
3019.1001914800026	0.7980000000002292	WheelMovementIntervals													0.6421961589154463
3021.359733813021	52.12039145928384	trials	-1.0	-1.0	0.0	0.25		0.8	3070.929309693071	3070.928718893079	3072.980037933073	3021.964440003022	3021.965239923022	3069.798191480003	
3034.405191480003	0.6389999999996689	WheelMovementIntervals													-0.09412303287897572
3057.8991914800026	0.11400000000003274	WheelMovementIntervals													0.015908988660513046
3069.798191480003	3.0659999999998035	WheelMovementIntervals													1.16405925789185
3074.115624363074	63.1782094388891	trials	0.0	-1.0	0.0	0.0		0.8	4447.883633824448	3134.7938285109617	4729.150870954729	3074.792723313075	3074.7935565630746	3121.106191480003	
3088.925191480003	0.06700000000000728	WheelMovementIntervals													-0.009960726023784616
3102.561191480003	0.1069999999999709	WheelMovementIntervals													-0.02196472623980128
3116.7921914800027	0.21700000000009823	WheelMovementIntervals													-0.049694785373205264
3121.106191480003	0.9679999999998472	WheelMovementIntervals													-0.18820525057840598
3134.8121914800026	0.3900000000003274	WheelMovementIntervals													0.08909070878164727
3138.5891914800027	0.19200000000000728	WheelMovementIntervals													-0.024327954282334474
3150.074191480003	0.36500000000023647	WheelMovementIntervals													-0.09910441363375355
3150.6491914800026	1.0280000000002474	WheelMovementIntervals													0.3546150689923664
3155.487191480003	0.24499999999989086	WheelMovementIntervals													-0.05465463425045414
3158.122191480003	0.4379999999996471	WheelMovementIntervals													0.11574493904102212
3162.4511914800028	0.21199999999998909	WheelMovementIntervals													-0.018874852602614567
3163.139191480003	1.5769999999997708	WheelMovementIntervals													-0.1815810328859797
3165.8011914800027	1.6020000000003165	WheelMovementIntervals													-0.34777052280171716
3168.056191480003	1.8690000000001419	WheelMovementIntervals													0.4483911866088164
3170.9641914800027	0.4750000000003638	WheelMovementIntervals													0.0975950159389285
3174.226191480003	0.5619999999998981	WheelMovementIntervals													-0.04655110743078694
3175.9931914800027	0.2960000000002765	WheelMovementIntervals													-0.06446589118748847
3177.9171914800027	0.09900000000016007	WheelMovementIntervals													-0.05119442501160165
3180.916191480003	0.23099999999976717	WheelMovementIntervals													0.033088931420252266
3182.472191480003	0.3289999999997235	WheelMovementIntervals													-0.10193437799443217
3183.751191480003	0.2899999999999636	WheelMovementIntervals													-0.04139615049403034
3184.728191480003	0.22600000000011278	WheelMovementIntervals													0.03737792180850619
3192.0601914800027	0.6530000000002474	WheelMovementIntervals													0.0650973421127361
3195.773191480003	0.2849999999998545	WheelMovementIntervals													-0.0347281767880645
3211.3101914800027	0.6829999999999927	WheelMovementIntervals													-0.07981210758224222
3215.736191480003	0.3329999999996289	WheelMovementIntervals													-0.045125707620073285
3220.2301914800028	2.5470000000000255	WheelMovementIntervals													0.435205178568161
3237.411191480003	0.6110000000003311	WheelMovementIntervals													-0.1431356281278795
3254.151191480003	0.5180000000000291	WheelMovementIntervals													-0.10942330875219142
3268.456191480003	0.05500000000029104	WheelMovementIntervals													-0.01245458548039835
3271.940191480003	0.318000000000211	WheelMovementIntervals													-0.042131135404872566
3284.631191480003	0.5419999999999163	WheelMovementIntervals													-0.1066760839131291
3295.933191480003	1.7429999999999382	WheelMovementIntervals													0.14080104345637068
3338.796191480003	0.29599999999982174	WheelMovementIntervals													-0.022506127830716594
3339.7771914800032	1.01299999999992	WheelMovementIntervals													-0.11978477736948889
3341.468191480003	0.4819999999999709	WheelMovementIntervals													0.06383507477513461
3361.435191480003	0.8240000000000691	WheelMovementIntervals													0.11894747373078474
3362.943191480003	0.05400000000008731	WheelMovementIntervals													-0.01993779469303547
3384.421191480003	0.6630000000000109	WheelMovementIntervals													-0.06691777848621427
3407.591191480003	0.5700000000001637	WheelMovementIntervals													-0.21087073768078568
3408.755191480003	0.39800000000013824	WheelMovementIntervals													0.09519436760410827
3417.472191480003	0.10800000000017462	WheelMovementIntervals													-0.03764268175132912
3418.014191480003	0.5220000000003893	WheelMovementIntervals													-0.03643122122618081
3431.5271914800032	0.5489999999999782	WheelMovementIntervals													-0.09259644065794959
3442.858191480003	0.30600000000004	WheelMovementIntervals													-0.050428449214791726
3443.553191480003	0.24299999999993815	WheelMovementIntervals													0.03802971141271172
3464.629191480003	0.11900000000014188	WheelMovementIntervals													-0.021133420689331217
3472.3241914800033	0.6099999999996726	WheelMovementIntervals													-0.03458781978969938
3475.329191480003	2.9030000000002474	WheelMovementIntervals													2.2719706704650235
3489.980191480003	0.5039999999999054	WheelMovementIntervals													0.3714705053491798
3507.457191480003	0.09300000000030195	WheelMovementIntervals													0.11748370744373204
3507.8671914800034	0.5589999999997417	WheelMovementIntervals													0.29996038667812286
3508.8491914800034	0.20299999999997453	WheelMovementIntervals													0.22087283048934125
3509.405191480003	0.19700000000011642	WheelMovementIntervals													0.23400322663113116
3519.758191480003	1.1100000000001273	WheelMovementIntervals													1.10982165279502
3535.663191480003	0.22299999999995634	WheelMovementIntervals													0.06429882732067682
3560.922191480003	0.5019999999999527	WheelMovementIntervals													-0.06842155379870007
3562.776191480003	1.4700000000002547	WheelMovementIntervals													0.4404483687083527
3574.5011914800034	0.7059999999996762	WheelMovementIntervals													0.07144589119037903
3575.662191480003	2.256000000000313	WheelMovementIntervals													0.9104489672290939
3584.861191480003	0.23600000000033106	WheelMovementIntervals													0.02179659720231797
3593.0121914800034	1.2349999999996726	WheelMovementIntervals													-0.19872487672374461
3594.5191914800034	0.06999999999970896	WheelMovementIntervals													-0.01859447529563596
3594.890191480003	0.49000000000023647	WheelMovementIntervals													0.22230228880438574
3598.4031914800034	0.3389999999999418	WheelMovementIntervals													0.1384159247745842
3603.1521914800032	0.7420000000001892	WheelMovementIntervals													0.2613683810665748
3604.790191480003	1.8380000000001928	WheelMovementIntervals													1.2409902157292123
3615.348191480003	0.47000000000025466	WheelMovementIntervals													0.4990518642988562
3616.201191480003	2.5210000000001855	WheelMovementIntervals													0.3909670910031693
3627.1171914800034	0.5079999999998108	WheelMovementIntervals													0.12349202417618699
3643.0521914800033	0.6410000000000764	WheelMovementIntervals													0.06875760182595769
3660.379191480003	0.1230000000000473	WheelMovementIntervals													0.01752455529559427
3660.763191480003	0.8230000000003201	WheelMovementIntervals													0.18160769313806924
3665.4091914800033	0.2139999999999418	WheelMovementIntervals													-0.019370643204894122
3665.8641914800032	0.12200000000029831	WheelMovementIntervals													-0.020306206960206907
3669.288191480003	1.6959999999999127	WheelMovementIntervals													2.1962919437788386
3673.1611914800033	2.01299999999992	WheelMovementIntervals													1.6123317478407628
3675.848191480003	0.8670000000001892	WheelMovementIntervals													0.5214664660796302
3707.701191480003	1.5910000000003492	WheelMovementIntervals													-0.10019358900692765
3717.551191480003	0.5500000000001819	WheelMovementIntervals													0.1819796711494135
3725.7871914800035	0.7829999999999018	WheelMovementIntervals													0.13477714248232076
3735.1141914800032	0.6359999999999673	WheelMovementIntervals													0.14775251304329373
3736.2561914800035	0.9679999999998472	WheelMovementIntervals													2.7593408517990383
3742.9611914800034	4.201999999999771	WheelMovementIntervals													1.5785055705350715
3751.8041914800033	2.5160000000000764	WheelMovementIntervals													2.4374449500361877
3758.5801914800036	0.725999999999658	WheelMovementIntervals													1.6957480243493563
3760.4321914800034	1.2640000000001237	WheelMovementIntervals													0.3135319794827538
3762.134191480003	0.08500000000003638	WheelMovementIntervals													0.07337470633404308
3787.5151914800035	0.06999999999970896	WheelMovementIntervals													-0.059061659252741094
3799.0191914800034	0.9360000000001492	WheelMovementIntervals													2.1198101164764864
3807.8461914800037	0.5239999999998872	WheelMovementIntervals													0.5098056020285782
3810.6761914800036	3.3910000000000764	WheelMovementIntervals													0.6611165465935187
3815.6251914800037	0.5619999999998981	WheelMovementIntervals													-0.06809682608846401
3817.1801914800035	0.33100000000013097	WheelMovementIntervals													-0.08015278849013185
3830.9721914800034	2.58199999999988	WheelMovementIntervals													0.39797740128430803
3869.3951914800036	2.6340000000000146	WheelMovementIntervals													-0.5990856661257666
3873.2091914800035	0.3020000000001346	WheelMovementIntervals													-0.08398077684695693
3882.6761914800036	1.3899999999998727	WheelMovementIntervals													0.09845172507841227
3903.1781914800035	0.9229999999997744	WheelMovementIntervals													-0.23075382124958566
3914.6701914800037	0.2889999999997599	WheelMovementIntervals													-0.042619053992211775
3926.6521914800037	0.9959999999996398	WheelMovementIntervals													0.7139669688453125
3945.7211914800037	0.6140000000000327	WheelMovementIntervals													-0.15675827505359052
3946.5571914800034	3.036000000000058	WheelMovementIntervals													-0.21417601540031939
3956.7701914800036	0.5859999999997854	WheelMovementIntervals													0.07754196863957219
3958.6351914800034	0.9909999999999854	WheelMovementIntervals													0.8310818240583089
3966.514191480004	0.862999999999829	WheelMovementIntervals													-0.15292558653849397
3969.1961914800036	2.882999999999811	WheelMovementIntervals													0.8315222692678645
3982.2251914800036	0.13700000000017099	WheelMovementIntervals													-0.08172196909946905
3982.8071914800034	0.11700000000018917	WheelMovementIntervals													0.01772319372354758
3984.1831914800036	1.8859999999999673	WheelMovementIntervals													2.4173282518841717
3986.753191480004	0.9289999999996326	WheelMovementIntervals													0.7477465511158172
4017.8841914800037	0.6900000000000546	WheelMovementIntervals													0.6711597513602641
4021.6831914800036	0.8150000000000546	WheelMovementIntervals													-0.2535534316226986
4042.0421914800036	0.5050000000001091	WheelMovementIntervals													-0.05699422610638294
4066.8411914800035	0.06300000000010186	WheelMovementIntervals													-0.03244218396099541
4072.3801914800038	0.16699999999991633	WheelMovementIntervals													-0.06515770781498986
4074.4601914800037	0.05499999999983629	WheelMovementIntervals													-0.027081714613629515
4081.753191480004	0.10099999999965803	WheelMovementIntervals													-0.01621808454534346
4085.7791914800036	0.4299999999998363	WheelMovementIntervals													-0.20799654883384733
4092.4211914800035	2.700000000000273	WheelMovementIntervals													1.0559060142175127
4107.865191480004	0.8530000000000655	WheelMovementIntervals													0.5283653075852541
4115.065191480004	0.21600000000034925	WheelMovementIntervals													0.0394788793743146
4122.513191480004	0.5309999999999491	WheelMovementIntervals													0.059120332566543254
4124.607191480004	2.511000000000422	WheelMovementIntervals													1.5729129075514052
4136.404191480005	0.2639999999992142	WheelMovementIntervals													-0.25199833988980913
4137.247191480004	2.838999999999942	WheelMovementIntervals													1.3380799205891805
4142.833191480004	0.4780000000000655	WheelMovementIntervals													-0.14842087290725203
4144.112191480004	1.7269999999998618	WheelMovementIntervals													0.4329768380261356
4146.654191480005	0.8519999999998618	WheelMovementIntervals													0.1945368476517615
4149.460191480004	0.6329999999998108	WheelMovementIntervals													0.14512359043224876
4154.7431914800045	0.13499999999930878	WheelMovementIntervals													0.031219866813714248
4159.374191480004	1.2049999999999272	WheelMovementIntervals													-0.26279746454372344
4162.686191480004	0.6970000000001164	WheelMovementIntervals													0.8848299495658409
4169.442191480004	0.31999999999970896	WheelMovementIntervals													0.07835091185555143
4173.621191480004	0.05400000000008731	WheelMovementIntervals													0.028594066035410037
4184.052191480004	0.7140000000008513	WheelMovementIntervals													-0.8065413560254058
4185.397191480004	1.1770000000005894	WheelMovementIntervals													0.5013502615302343
4188.587191480005	0.2669999999998254	WheelMovementIntervals													0.09967648224908032
4190.206191480004	0.5150000000003274	WheelMovementIntervals													-0.3592993988509505
4195.756191480004	0.2739999999994325	WheelMovementIntervals													0.23728565759724063
4200.154191480005	0.4349999999994907	WheelMovementIntervals													0.40776797521287733
4213.5601914800045	0.18299999999999272	WheelMovementIntervals													0.08076918583743975
4218.392191480004	0.05700000000069849	WheelMovementIntervals													0.08821814478055501
4225.995191480004	0.05900000000019645	WheelMovementIntervals													0.03685152889963206
4226.238191480004	0.09400000000005093	WheelMovementIntervals													-0.002835723533294754
4228.492191480004	0.21299999999973807	WheelMovementIntervals													-0.36990841856827217
4229.3681914800045	0.3350000000000364	WheelMovementIntervals													0.12276082983645153
4230.013191480004	0.3280000000004293	WheelMovementIntervals													-0.09930999237670335
4245.619191480005	0.17899999999917782	WheelMovementIntervals													0.2769105967249601
4248.730191480005	0.052999999999883585	WheelMovementIntervals													0.03005773287161162
4253.663191480005	0.06199999999989814	WheelMovementIntervals													0.04409974956885776
4254.346191480005	2.355999999999767	WheelMovementIntervals													-0.3942438439466116
4265.927191480005	0.5789999999997235	WheelMovementIntervals													0.20486415603984653
4267.476191480005	0.37299999999959255	WheelMovementIntervals													0.47584173256542783
4268.183191480004	1.606999999999971	WheelMovementIntervals													1.8939611673413879
4270.284191480005	0.15899999999965075	WheelMovementIntervals													0.04263676183855125
4273.016191480005	0.15399999999954161	WheelMovementIntervals													0.1100417642569056
4274.574191480005	0.40899999999965075	WheelMovementIntervals													-0.3126404881518141
4276.480191480005	0.43099999999958527	WheelMovementIntervals													0.05670996199152967
4277.093191480004	1.4590000000007421	WheelMovementIntervals													1.8549671842031898
4282.933191480004	0.23000000000047294	WheelMovementIntervals													0.013307004858233995
4283.491191480004	0.16899999999986903	WheelMovementIntervals													0.011952318104761162
4287.038191480005	0.23499999999967258	WheelMovementIntervals													0.1768341989498623
4287.718191480004	1.9200000000000728	WheelMovementIntervals													0.6845063267573863
4297.919191480004	0.27000000000043656	WheelMovementIntervals													0.0533587473313446
4300.804191480004	1.1279999999997017	WheelMovementIntervals													0.2667776254241261
4302.593191480004	3.706000000000131	WheelMovementIntervals													-0.7480327050945874
4308.045191480004	0.40200000000004366	WheelMovementIntervals													0.0468382002058263
4312.522191480004	0.18699999999989814	WheelMovementIntervals													0.06237086229856459
4330.2031914800045	0.4149999999999636	WheelMovementIntervals													-0.03938352938456546
4331.432191480005	0.8699999999998909	WheelMovementIntervals													0.30363306627870656
4333.247191480004	1.5489999999999782	WheelMovementIntervals													0.6834237425670153
4336.217191480005	0.25500000000010914	WheelMovementIntervals													0.2698067886589257
4336.764191480004	0.6140000000004875	WheelMovementIntervals													0.27656446253006095
4337.952191480004	0.05599999999958527	WheelMovementIntervals													0.030510252807459892
4340.1941914800045	0.07899999999972351	WheelMovementIntervals													0.08250391729076512
4343.776191480004	0.05900000000019645	WheelMovementIntervals													0.06384840466063224
4344.249191480005	0.6289999999999054	WheelMovementIntervals													0.3558610072379764
4345.997191480004	0.5850000000000364	WheelMovementIntervals													-0.22641218776425376
4361.800191480004	1.0839999999998327	WheelMovementIntervals													1.0796342310264038
4364.870191480004	0.2680000000000291	WheelMovementIntervals													0.048360949214583115
4371.795191480004	0.6310000000003129	WheelMovementIntervals													0.08952446422951255
4375.495191480004	1.910000000000764	WheelMovementIntervals													1.9951777891364912
4385.254191480004	0.25900000000001455	WheelMovementIntervals													-0.2529730838887616
4385.777191480004	0.15300000000024738	WheelMovementIntervals													-0.011265249478270789
4389.267191480005	1.0519999999996799	WheelMovementIntervals													0.02681586029019911
4392.0691914800045	0.31300000000010186	WheelMovementIntervals													-0.03422964039566523
4399.3101914800045	0.3760000000002037	WheelMovementIntervals													-0.35633402463685115
4402.6271914800045	0.9489999999996144	WheelMovementIntervals													-0.1149145006172887
4404.449191480005	0.8419999999996435	WheelMovementIntervals													-0.39978505493631644
4411.610191480005	1.2089999999998327	WheelMovementIntervals													-0.4920728969629664
4415.860191480005	0.7139999999999418	WheelMovementIntervals													0.07765634562917967
4423.0331914800045	0.7489999999997963	WheelMovementIntervals													-0.06931097706329581
4426.161191480004	0.10900000000037835	WheelMovementIntervals													-0.01440616580225651
4430.424191480004	0.34500000000025466	WheelMovementIntervals													0.023907532082660055
4433.793191480005	0.4579999999996289	WheelMovementIntervals													-0.09025569718812676
4435.095191480004	1.743000000000393	WheelMovementIntervals													-0.42948371780961736
4437.080191480004	0.8079999999999927	WheelMovementIntervals													-0.28852073856974414
4441.156191480004	0.13400000000001455	WheelMovementIntervals													0.05642478050222621
4447.973191480004	0.15800000000035652	WheelMovementIntervals													0.03924438924072149
4448.287191480004	0.10300000000006548	WheelMovementIntervals													-0.00398485450655528
4462.968191480005	0.7839999999996508	WheelMovementIntervals													-0.17710498075240366
4469.343191480005	0.23499999999967258	WheelMovementIntervals													-0.02459509821292727
4478.4441914800045	0.10999999999967258	WheelMovementIntervals													0.022432775219527912
4484.1451914800045	0.11599999999998545	WheelMovementIntervals													-0.04443761181261152
4495.399191480004	2.1700000000000728	WheelMovementIntervals													0.6510000946438055
4498.320191480005	1.2719999999999345	WheelMovementIntervals													-0.6957783184701327
4499.874191480005	4.020999999999731	WheelMovementIntervals													0.9658749055742817
4507.740191480005	2.331999999999425	WheelMovementIntervals													-0.5590064080261925
4511.893191480004	0.649000000000342	WheelMovementIntervals													0.06894513128933966
4526.041191480004	1.0820000000003347	WheelMovementIntervals													0.08212916991953989
4533.827191480004	0.3710000000000946	WheelMovementIntervals													-0.050111573600190695
4539.295191480004	0.4459999999999127	WheelMovementIntervals													-0.19420539379109414
4546.396191480005	0.057999999999992724	WheelMovementIntervals													-0.019449419723414962
4547.288191480005	1.511000000000422	WheelMovementIntervals													-0.2520041724075668
4549.170191480004	0.07900000000063301	WheelMovementIntervals													-0.0797909010340021
4570.1181914800045	0.6620000000002619	WheelMovementIntervals													0.3888983701676807
4582.495191480005	0.43800000000010186	WheelMovementIntervals													0.037805910449250746
4583.388191480005	0.10799999999926513	WheelMovementIntervals													-0.02761332025094987
4584.162191480004	0.6400000000003274	WheelMovementIntervals													-0.13922602462304212
4592.626191480004	0.06400000000030559	WheelMovementIntervals													-0.04485483230240561
4593.242191480004	0.11200000000008004	WheelMovementIntervals													0.11494338893687939
4608.6001914800045	0.2930000000005748	WheelMovementIntervals													-0.04245442805620314
4609.687191480005	0.295999999999367	WheelMovementIntervals													-0.2479143722622723
4616.844191480004	0.1640000000006694	WheelMovementIntervals													0.14254019245771588
4617.581191480004	0.7330000000001746	WheelMovementIntervals													-0.559998460019159
4634.407191480004	3.4140000000006694	WheelMovementIntervals													-0.8457384594306632
4649.402191480005	0.22399999999925058	WheelMovementIntervals													-0.028728036223327535
4668.305191480004	0.30500000000029104	WheelMovementIntervals													-0.026908426969313837
4669.366191480005	0.45199999999931606	WheelMovementIntervals													-0.0946447060483564
4674.878191480005	1.050000000000182	WheelMovementIntervals													0.060552563966254525
4676.870191480005	3.3539999999993597	WheelMovementIntervals													-0.47498449164439194
4682.891191480005	0.49099999999998545	WheelMovementIntervals													-0.1880457221220695
4687.638191480005	0.7319999999999709	WheelMovementIntervals													-0.16170496879600194
4694.468191480005	0.1570000000001528	WheelMovementIntervals													0.04583469544671459
4697.107191480005	0.7079999999996289	WheelMovementIntervals													-0.14285278864230122
4704.622191480004	0.08700000000044383	WheelMovementIntervals													-0.022032836971533243
4710.704191480005	0.14900000000034197	WheelMovementIntervals													0.03993995863982036
4716.691191480005	0.15799999999944703	WheelMovementIntervals													0.03625065092927571
4722.038191480005	2.713999999999942	WheelMovementIntervals													-0.44712757386535884
4734.097191480005	1.5979999999999563	WheelMovementIntervals													0.23790556393387874
4739.012191480005	1.5209999999997308	WheelMovementIntervals													0.2884681434616141
4743.195191480005	0.9740000000001601	WheelMovementIntervals													-0.3800267176750367
4746.052191480005	0.6180000000003929	WheelMovementIntervals													-0.21194377887034932
4747.982191480005	0.052999999999883585	WheelMovementIntervals													0.02368127128485753
4748.316191480005	0.4929999999994834	WheelMovementIntervals													0.05465203863421664
4752.562191480005	0.6129999999993743	WheelMovementIntervals													-0.16036301263214625
4753.517191480005	2.524999999999636	WheelMovementIntervals													-0.17629622507912757
