onset	duration	nwb_table	choice	feedback_type	reward_volume	contrast_left	contrast_right	probability_left	feedback_time	response_time	stim_off_time	stim_on_time	go_cue_time	first_movement_time	peak_amplitude
3.3330000000033334e-05	2.525	WheelMovementIntervals													-1.5102390982039426
20.894033330000003	0.08099999999999952	WheelMovementIntervals													-0.052917031071076925
21.237033330000003	0.5539999999999985	WheelMovementIntervals													0.35571526320065106
22.40603333	0.32200000000000273	WheelMovementIntervals													-0.31884776506736734
46.56703333	0.5020000000000024	WheelMovementIntervals													-0.2528067935764189
58.79803333	0.11899999999999977	WheelMovementIntervals													-0.16056341367080496
61.67349870006167	21.285596460313855	trials	1.0	-1.0	0.0		0.25	0.5	80.4018590100804	80.4008938261606	82.45901994008246	63.12255378006312	63.03976206006304	80.29703332999999	
80.29703332999999	0.8730000000000047	WheelMovementIntervals													-1.4242656396867996
83.72869296008373	3.063204603648927	trials	1.0	1.0	1.5	1.0		0.5	85.23887526008524	85.23879424363287	86.29183662008629	84.23867529008425	84.23974185008424	85.07103332999999	
85.07103332999999	2.8800000000000097	WheelMovementIntervals													-4.504731398344527
87.36409605008737	3.9114883477328135	trials	1.0	1.0	1.5	1.0		0.5	89.73189258008973	89.73178778613325	90.77552154009078	89.48868357008949	89.4896501400895	89.63603332999999	
88.53403333	0.29299999999999216	WheelMovementIntervals													-0.42130215800179194
89.63603332999999	1.4980000000000047	WheelMovementIntervals													-5.0344803737656605
91.85368038009186	8.838389599427913	trials	-1.0	1.0	1.5		1.0	0.5	99.13438557009914	99.1342701651678	100.19204646010019	92.50528188009251	92.50628178009251	98.32203333	
98.32203333	1.6140000000000043	WheelMovementIntervals													1.4989717837202754
100.32703332999999	1.480000000000004	WheelMovementIntervals													-3.016920657081828
101.31886710010131	14.335896525025206	trials	-1.0	1.0	1.5		0.0625	0.5	114.10998786011412	114.10986221513471	115.15475004011516	102.52178013010253	102.52278003010252	106.20303333	
105.47303332999999	0.05200000000000671	WheelMovementIntervals													0.02979017859677846
106.20303333	0.6200000000000045	WheelMovementIntervals													-0.1389888780447528
113.88703333	2.823999999999998	WheelMovementIntervals													-2.155962107243221
116.37486135011638	2.913218001909499	trials	1.0	1.0	1.5	1.0		0.5	117.75149034011775	117.75136891108484	118.78802001011879	117.32473302011732	117.32553294011733	117.48303333	
117.48303333	1.1929999999999978	WheelMovementIntervals													-2.006792880952041
119.85028044011985	2.2420914087822013	trials	1.0	1.0	1.5	0.125		0.5	120.54937719012055	120.54927713819102	121.5923062201216	120.30780135012031	120.30880125012031	120.46503333	
120.46503333	0.4579999999999984	WheelMovementIntervals													-1.7394140867076402
122.64886722012265	32.5920948772489	trials	-1.0	1.0	1.5		0.25	0.5	153.6956622301537	153.69556043510715	154.74092436015474	123.33786498012334	123.33876489012334	153.53903333000002	
153.53903333000002	1.6839999999999975	WheelMovementIntervals													1.0915821244230912
156.05185992015606	3.418699012586643	trials	1.0	1.0	1.5	0.0625		0.5	157.93227186015793	157.93215772706316	158.97053469015898	157.5871063801576	157.5882062701576	157.82003333	
156.39203333	0.5349999999999966	WheelMovementIntervals													-0.5414003629391111
157.82003333	0.27299999999999613	WheelMovementIntervals													-0.5132520134217877
160.0986552001601	2.3921059641405122	trials	1.0	1.0	1.5	1.0		0.5	160.94737032016096	160.94725660644195	161.990699310162	160.7078276101607	160.7087941801607	160.85403333000002	
160.85403333000002	1.5909999999999798	WheelMovementIntervals													-3.6381490799623393
163.04946009016305	9.670804035355843	trials	-1.0	1.0	1.5		0.0	0.5	171.17714724017117	171.1770618007304	172.22020959017223	164.58693966016457	164.5880728801646	168.04803333	
163.42103333	0.7019999999999982	WheelMovementIntervals													-0.6476989296011944
168.04803333	0.45300000000000296	WheelMovementIntervals													0.14018560297570914
170.92003333000002	0.4170000000000016	WheelMovementIntervals													0.18233088909900275
172.18803333000002	0.11699999999999022	WheelMovementIntervals													-0.038746066062529394
172.68503333	1.7729999999999961	WheelMovementIntervals													-0.6485382765369252
173.36006226017335	4.1766938038539365	trials	1.0	1.0	1.5	0.25		0.5	175.987066200176	175.98695710527934	177.03672789017705	175.75672257017575	175.75755582017575	175.89003333000002	
174.69503333	0.05200000000002092	WheelMovementIntervals													0.004498651270317566
175.89003333000002	0.7139999999999986	WheelMovementIntervals													-2.51448521665759
178.1196529201781	4.8037966465122395	trials	-1.0	1.0	1.5		1.0	0.5	181.37956023018137	181.37944928736823	182.42338917018242	178.57367418017859	178.57450743017858	180.84703333000002	
180.84703333000002	0.5879999999999939	WheelMovementIntervals													0.3314201082505157
182.12803333000002	0.6310000000000002	WheelMovementIntervals													-0.6281961640892462
183.04303333000001	0.1910000000000025	WheelMovementIntervals													-0.013524099381999832
183.51254691018352	6.957311755083225	trials	1.0	1.0	1.5	0.0625		0.5	188.91763968018893	188.9175544887283	189.96983445018998	184.61986950018462	184.62073608018463	188.48503333000002	
184.85803333	0.08799999999999386	WheelMovementIntervals													-0.020356394882995232
188.48503333000002	1.992999999999995	WheelMovementIntervals													-3.261617219774397
191.07245751019107	7.180390579279987	trials	-1.0	1.0	1.5		0.0	0.5	196.7119601701967	196.71184854049707	197.75275608019774	191.67253083019168	191.67363072019168	196.16403333000002	
193.95603333000003	0.8379999999999939	WheelMovementIntervals													0.09556738033336742
196.16403333000002	0.6029999999999802	WheelMovementIntervals													0.2812348094681134
197.01003333	0.13000000000002387	WheelMovementIntervals													-0.026556625461402916
197.44003333	0.2820000000000107	WheelMovementIntervals													0.013000685604573903
198.86224512019888	7.5105909633034855	trials	-1.0	1.0	1.5		0.0625	0.5	204.82244904020482	204.82233636193757	205.8728106602059	199.4892490801995	199.4901489901995	202.25303333000002	
200.20603333000003	0.07999999999998408	WheelMovementIntervals													0.0039554526622147534
202.25303333000002	0.3669999999999902	WheelMovementIntervals													0.19802803140489544
204.70503333000002	0.25	WheelMovementIntervals													0.08863856660293479
205.82003333	0.8980000000000246	WheelMovementIntervals													-0.4349556261299732
206.980733190207	10.158420612617874	trials	-1.0	1.0	1.5		1.0	0.5	215.6009377502156	215.60084898428835	216.63906726021665	207.46938432020747	207.47035089020747	209.57603333	
207.76303333	0.17799999999999727	WheelMovementIntervals													0.03509894436984595
209.57603333	0.34300000000001774	WheelMovementIntervals													0.1725610208315338
210.29603333	0.7690000000000055	WheelMovementIntervals													-0.061287992152792015
215.56003333	0.08299999999999841	WheelMovementIntervals													0.026536546279157136
216.42403333000001	1.186000000000007	WheelMovementIntervals													-2.2308567669439334
217.7817529802178	20.73698823889535	trials	-1.0	1.0	1.5		0.125	0.5	236.96943402023697	236.96934024729856	238.01866242023803	218.28563592021828	218.2865025002183	224.35803333	
224.35803333	0.10599999999999454	WheelMovementIntervals													-0.1368857085705173
236.47403333000003	0.8659999999999854	WheelMovementIntervals													0.5887378208153322
238.47003333	0.7189999999999941	WheelMovementIntervals													1.2804432736210671
239.25543873023926	3.0298807856003407	trials	-1.0	1.0	1.5		0.125	0.5	240.73902369024074	240.73892785363302	241.7852523902418	239.73849042023974	239.73945699023974	240.40003333	
239.53903333000002	0.17499999999998295	WheelMovementIntervals													0.01056515491379173
240.40003333	1.740000000000009	WheelMovementIntervals													-0.7480429677184119
242.85211236024284	2.3330105210220893	trials	1.0	1.0	1.5	1.0		0.5	243.65113245024367	243.65101527813343	244.68502905024468	243.30566700024332	243.30673356024332	243.49003333000002	
243.49003333000002	0.2879999999999825	WheelMovementIntervals													-0.49014012265243423
245.74612293024575	24.374681876022237	trials	-1.0	-1.0	0.0	0.0625		0.5	267.5623410902676	267.5615049192512	269.62073523026964	246.23844036024624	246.23937360024624	267.45803333000003	
267.45803333000003	1.0339999999999918	WheelMovementIntervals													1.1789237176674376
269.20303333000004	0.7109999999999559	WheelMovementIntervals													-1.6971545773590293
270.95170212027097	2.4192027929446454	trials	1.0	1.0	1.5	0.25		0.5	271.8164156402718	271.8163024036619	272.87087685027285	271.46798382027146	271.4690170502715	271.67803333	
271.67803333	2.7789999999999964	WheelMovementIntervals													-4.896112734721775
273.94160310027394	6.859420167810185	trials	1.0	-1.0	0.0		0.0625	0.5	278.23717350027823	278.2363144752152	280.3010004302803	274.984465470275	274.98556536027496	278.07803333000004	
278.07803333000004	0.3919999999999959	WheelMovementIntervals													-0.8795658492114882
278.86703333	0.23099999999999454	WheelMovementIntervals													0.06628927786545802
281.40972288028144	8.42459774337135	trials	-1.0	1.0	1.5		0.125	0.5	288.28610184028827	288.2860194059504	289.3342303502893	281.88754176028186	281.8884416702819	287.96203333	
284.70603333	0.23799999999999955	WheelMovementIntervals													0.045373275313956185
287.96203333	5.340000000000032	WheelMovementIntervals													-6.076260829092149
290.45451831029044	12.182684881883347	trials	-1.0	1.0	1.5		0.0625	0.5	301.0790224203011	301.0789033817698	302.1370832703021	293.92047168029393	293.92127160029395	300.81003333	
297.07203333	0.4619999999999891	WheelMovementIntervals													0.08881517905265213
297.98103333	0.22200000000003683	WheelMovementIntervals													0.02563086211718968
300.81003333	0.86099999999999	WheelMovementIntervals													0.47018920616921633
302.00203333	0.6379999999999768	WheelMovementIntervals													-1.191684434822477
303.3004002603033	2.6205087365709687	trials	1.0	1.0	1.5	0.125		0.5	304.36619367030437	304.3661025932385	305.42085486030544	304.05035859030403	304.05142515030406	304.23503333	
304.23503333	0.271000000000015	WheelMovementIntervals													-0.48031375471662585
305.01103333000003	0.20699999999999363	WheelMovementIntervals													-0.23088439811935757
306.5620074003066	2.6216856128288555	trials	1.0	1.0	1.5	0.25		0.5	307.62930066030765	307.6292007296823	308.6836285503087	307.1336502303071	307.1350500903071	307.33103333	
307.33103333	2.7749999999999773	WheelMovementIntervals													-5.285352231385616
309.76168740030977	36.9878149145116	trials	-1.0	1.0	1.5		0.0625	0.5	345.1990766403452	345.19899881537333	346.2494715903463	310.80318324031083	310.8039831603108	323.92503333	
323.92503333	0.18999999999999773	WheelMovementIntervals													-0.20038544029078054
336.27803333	0.10199999999997544	WheelMovementIntervals													0.1428227336560539
345.01003333	2.354000000000042	WheelMovementIntervals													0.9750245817991328
347.6358996003476	11.630074896461736	trials	-1.0	1.0	1.5		1.0	0.5	357.7174913403577	357.71737610577117	358.76595315035877	348.2527045803483	348.25370448034823	357.59203333	
357.59203333	2.434000000000026	WheelMovementIntervals													2.1317497503661613
359.9209709703599	3.632005589256323	trials	-1.0	1.0	1.5		1.0	0.5	361.998096570362	361.99797302291535	363.05285775036305	360.5857711503606	360.5868377103606	361.39603333	
360.48003333	0.07299999999997908	WheelMovementIntervals													-0.010533555554971485
361.39603333	4.404999999999973	WheelMovementIntervals													-5.149102153200303
364.2114752103642	11.070796053295567	trials	1.0	-1.0	0.0		0.125	0.5	372.7349894403727	372.73397063248547	374.7822180303748	366.3658264203664	366.36675966036637	372.50203333	
372.50203333	0.8659999999999854	WheelMovementIntervals													-0.32626618255213913
374.15203333	0.7720000000000482	WheelMovementIntervals													-0.5266678988201505
375.93996891037597	2.8088979303340125	trials	1.0	1.0	1.5	0.0625		0.5	377.1894772803772	377.18936710018795	378.24883800037827	376.51867770037654	376.51957761037653	376.94103333000004	
376.94103333000004	0.5799999999999841	WheelMovementIntervals													-0.8948003839798062
378.18103333	0.2950000000000159	WheelMovementIntervals													-0.5658842582738544
379.3219640103793	30.212697406437485	trials	1.0	-1.0	0.0		0.0625	0.5	406.977064890407	406.9760598058285	409.03462578040904	380.00246262038	380.00352918038	391.22403333	
391.22403333	0.33899999999999864	WheelMovementIntervals													0.19257395502719277
406.86303333	3.6820000000000164	WheelMovementIntervals													-25.013874126074356
410.36605929041036	14.934706254616117	trials	1.0	1.0	1.5	0.0625		0.5	423.7496541304238	423.7495631031182	424.8006823504248	411.24810441041126	411.24900432041125	423.64603333	
423.64603333	2.9780000000000086	WheelMovementIntervals													-11.860144830789892
425.98666374042597	14.960804357402765	trials	1.0	1.0	1.5	0.0625		0.5	439.3988557204394	439.398764957314	440.4474508504405	427.1142509704271	427.1154175204271	430.51303333000004	
427.33003333	0.08200000000005048	WheelMovementIntervals													-0.027529615393902418
430.51303333000004	0.6529999999999632	WheelMovementIntervals													0.14701935016032053
432.94103333000004	0.6919999999999504	WheelMovementIntervals													-0.38436529287976384
435.77003333	0.7530000000000427	WheelMovementIntervals													0.17881287108656352
438.06103333000004	1.717999999999961	WheelMovementIntervals													-1.5311593413925522
441.6375651604416	2.3797787940129638	trials	1.0	1.0	1.5	1.0		0.5	442.4552500504425	442.45515718783935	443.5173105004435	442.2335055604422	442.2345054604422	442.38103333000004	
442.38103333000004	1.058999999999969	WheelMovementIntervals													-4.90094897162993
444.5920363504446	3.2053204329686196	trials	1.0	1.0	1.5	0.0625		0.5	446.23653855044626	446.23644580701796	447.2972991304473	445.2806341504453	445.2818007004453	445.95003333	
445.95003333	0.5390000000000441	WheelMovementIntervals													-0.726300559066388
448.37415810044837	10.556382268682114	trials	-1.0	1.0	1.5		0.0625	0.5	457.3729581304574	457.37284128068245	458.43045237045845	449.03369214044903	449.03472537044905	456.81203333	
451.03403333	0.07699999999999818	WheelMovementIntervals													0.008830726655787657
456.07603333000003	0.05500000000000682	WheelMovementIntervals													0.020065484191860605
456.40603333	0.10899999999998045	WheelMovementIntervals													0.0703663034005757
456.81203333	0.7559999999999718	WheelMovementIntervals													0.25029639066896436
458.01003333	1.983000000000004	WheelMovementIntervals													-2.997351985076179
459.5825371504596	9.967506524974624	trials	-1.0	1.0	1.5		1.0	0.5	467.987229930468	467.98714096591925	469.04995698046906	460.73352204046074	460.73452194046075	467.19303333	
467.19303333	3.133000000000038	WheelMovementIntervals													0.6876824972923146
470.1999419704702	3.6998984480165973	trials	1.0	-1.0	0.0		0.125	0.5	471.34036125047135	471.3393408766224	473.39978862047343	471.0467906104711	471.04769052047106	471.15203333	
471.15203333	2.2770000000000437	WheelMovementIntervals													-1.751449886125144
474.05003333	0.25	WheelMovementIntervals													0.02741105931444565
474.5748377704746	9.355102552341464	trials	-1.0	1.0	1.5		1.0	0.5	482.3760575704824	482.37593823106505	483.4298855104834	475.0965522604751	475.0976188204751	481.88003333	
481.88003333	2.2520000000000095	WheelMovementIntervals													1.1601879485247366
484.56793836048456	20.21530261635513	trials	1.0	1.0	1.5	0.0		0.5	503.23383825050325	503.2337389295961	504.2831666405043	488.6832267904887	488.6840933704887	503.06503333	
484.57903333	3.5810000000000173	WheelMovementIntervals													-8.393640730249956
489.26603333	0.1150000000000091	WheelMovementIntervals													-0.04216642327598663
501.42903333000004	0.1379999999999768	WheelMovementIntervals													0.0867141333244632
503.06503333	2.122000000000014	WheelMovementIntervals													-4.0535441926139555
505.55943900050556	16.252775276439706	trials	1.0	-1.0	0.0		0.0625	0.5	519.2676013805193	519.266615619161	521.3121969005214	506.1125503505061	506.1134835905061	518.87003333	
518.87003333	3.062999999999988	WheelMovementIntervals													-5.129753999875163
522.5136100805225	11.118524288056392	trials	1.0	-1.0	0.0		0.125	0.5	531.0784201805311	531.0775272476451	533.1320481305331	523.4151199205235	523.4161864805234	530.7700333299999	
530.7700333299999	0.9809999999999945	WheelMovementIntervals													-0.7133588848780192
534.2410333299999	0.5890000000000555	WheelMovementIntervals													-0.15343052101262344
534.2766336605342	3.0222985044580355	trials	1.0	1.0	1.5	0.125		0.5	535.7532193205358	535.75313195284	536.7988814105368	535.4286517805355	535.4300183105354	535.59603333	
535.59603333	0.5850000000000364	WheelMovementIntervals													-1.088208141690842
536.56703333	2.8079999999999927	WheelMovementIntervals													-4.495356949342948
537.985829370538	8.596179665306977	trials	1.0	1.0	1.5	0.125		0.5	545.0330245805451	545.032910240939	546.0819196805461	540.0451567505401	540.0466232705401	544.67303333	
540.22603333	0.09100000000000819	WheelMovementIntervals													-0.019996936317681957
543.6460333299999	0.5440000000000964	WheelMovementIntervals													0.07567681009646776
544.67303333	0.8569999999999709	WheelMovementIntervals													-0.2857595741343175
545.82703333	1.8640000000000327	WheelMovementIntervals													-3.5457323322186767
547.2360042605472	3.009209250150434	trials	1.0	1.0	1.5	0.125		0.5	548.7025242605487	548.7024073062775	549.7451199905497	548.1782433605482	548.1791432705481	548.35503333	
548.35503333	1.6269999999999527	WheelMovementIntervals													-1.4828620592771244
550.8277117205508	7.086498660181746	trials	1.0	-1.0	0.0		1.0	0.5	555.3580253105554	555.3572095858295	557.4141863405574	551.4484829705515	551.4494162105515	555.16103333	
555.16103333	0.6809999999999263	WheelMovementIntervals													-0.49530631560784855
558.5299080905585	2.5844156407864602	trials	1.0	1.0	1.5	0.25		0.5	559.5678042905596	559.5677135681924	560.6142663005606	559.2615015905593	559.2626348105592	559.4440333299999	
559.4440333299999	0.7900000000000773	WheelMovementIntervals													-1.7543862538001065
560.5100333299999	0.06799999999998363	WheelMovementIntervals													0.004983261660868266
561.6958248005617	2.2988858403564336	trials	1.0	1.0	1.5	0.0625		0.5	562.4393171105625	562.4392195749892	563.4946449005635	562.1613115805621	562.1622448205621	562.34403333	
562.34403333	0.28499999999996817	WheelMovementIntervals													-0.8360125757340029
564.5638046405645	36.282777946722376	trials	1.0	-1.0	0.0		0.125	0.5	598.2983308505983	598.2974822771855	600.3465926706003	565.014859530565	565.015859430565	598.1700333299999	
574.35603333	0.08799999999996544	WheelMovementIntervals													-0.07269142620242519
598.1700333299999	1.9240000000000919	WheelMovementIntervals													-5.91884905875591
601.8069799506018	2.6868076798232323	trials	1.0	1.0	1.5	0.25		0.5	602.941499820603	602.9413823486911	603.993727920604	602.3938212606024	602.3949544806025	602.75903333	
602.75903333	0.40599999999994907	WheelMovementIntervals													-0.9102508742635393
605.0709868506051	2.206220177412092	trials	1.0	1.0	1.5	0.125		0.5	605.7269879106058	605.7268922547179	606.7771162206068	605.5310075106055	605.5318740906056	605.65303333	
605.65303333	2.080000000000041	WheelMovementIntervals													-4.853503754021631
607.8516087606079	2.545792419554232	trials	1.0	1.0	1.5	0.0625		0.5	608.8370102106088	608.8369050526945	609.8973041706099	608.3798892606084	608.3808558306084	608.6070333299999	
608.6070333299999	0.49300000000005184	WheelMovementIntervals													-0.749457832264568
610.968597030611	8.311707148529422	trials	1.0	-1.0	0.0		0.25	0.5	616.7293542306168	616.7283005983502	618.7802157906187	612.6434628606127	612.6444294306126	616.4440333299999	
611.23303333	0.69399999999996	WheelMovementIntervals													-1.3953935728540046
615.03803333	0.3089999999999691	WheelMovementIntervals													-0.05718955481455623
616.4440333299999	1.0160000000000764	WheelMovementIntervals													-1.7497945532592212
618.8420333299999	1.1789999999999736	WheelMovementIntervals													-2.1977354543801653
619.9123025706199	6.481094766531555	trials	1.0	-1.0	0.0		0.125	0.5	623.8435760706238	623.8425981840663	625.893337740626	620.3936544306204	620.3946210006204	620.3960333299999	
620.3960333299999	0.49900000000002365	WheelMovementIntervals													-0.2302107567038547
623.66803333	0.4230000000000018	WheelMovementIntervals													-0.8442430803477521
626.990594670627	2.289486643732971	trials	1.0	1.0	1.5	0.125		0.5	627.7353868506277	627.7352896757365	628.7800157106287	627.5135423706275	627.5145089406275	627.6650333299999	
627.6650333299999	4.392000000000053	WheelMovementIntervals													-18.576253067066716
629.8486755006298	4.764114999449134	trials	1.0	1.0	1.5	0.25		0.5	633.056987970633	633.0568842546054	634.1127157206341	632.7431526906328	632.7440859306328	632.91803333	
632.91803333	3.1140000000000327	WheelMovementIntervals													-2.5443605507557834
635.3642905506354	3.16499636153776	trials	1.0	1.0	1.5	0.25		0.5	636.979595670637	636.9794876731509	638.0291907006381	636.7098226506367	636.7110225306367	636.7850333299999	
636.7850333299999	1.6730000000000018	WheelMovementIntervals													-2.825331461037621
639.0970839006391	6.449597316372547	trials	1.0	1.0	1.5	1.0		0.5	643.987094850644	643.9869803496493	645.046655550645	643.7261876106437	643.7272541706437	643.83403333	
639.30003333	0.6679999999998927	WheelMovementIntervals													-0.09464595607641968
641.24303333	0.988999999999919	WheelMovementIntervals													0.1715331041331467
642.57903333	0.31399999999996453	WheelMovementIntervals													-0.015405388512022
643.83403333	0.46699999999998454	WheelMovementIntervals													-0.7934165953830359
644.7420333299999	0.14400000000000546	WheelMovementIntervals													0.027330609234780923
646.1475787806462	3.2453893501661923	trials	1.0	-1.0	0.0		0.0625	0.5	646.8525416106469	646.8517760358359	648.8929042206489	646.7261875806468	646.7271874806468	646.75303333	
646.75303333	0.33199999999999363	WheelMovementIntervals													-0.9001597955711418
648.27403333	1.108000000000061	WheelMovementIntervals													-3.343683872669885
649.9625639106499	2.3303108789561975	trials	1.0	1.0	1.5	0.25		0.5	650.7492852306508	650.7491669077666	651.7928475306518	650.4795455406505	650.4804787806505	650.6260333299999	
650.6260333299999	0.6460000000000719	WheelMovementIntervals													-2.3825745814001493
652.8521749206528	2.3071122666424344	trials	1.0	1.0	1.5	0.0625		0.5	653.6143653606537	653.6142783120106	654.6592608606546	653.4124855506534	653.4134187906534	653.53303333	
653.53303333	1.4260000000000446	WheelMovementIntervals													-3.7149346308501094
655.7240877006558	4.351878421137371	trials	1.0	1.0	1.5	0.0		0.5	658.5202747206586	658.5201725512205	659.5758691506596	656.8624405206568	656.8633737606568	658.32003333	
655.88303333	0.49500000000000455	WheelMovementIntervals													-0.11482403365036475
658.32003333	0.7740000000000009	WheelMovementIntervals													-2.151597421315415
660.6575609706607	3.935015854353651	trials	1.0	-1.0	0.0		0.125	0.5	662.037622950662	662.0366658261955	664.092550770664	661.2784988706613	661.2796320906613	661.95203333	
661.95203333	0.3310000000000173	WheelMovementIntervals													-0.7872510803327941
665.1650768406652	7.543987124823275	trials	1.0	-1.0	0.0		0.0	0.5	670.1561443506702	670.1553670008489	672.2090390406722	665.8624404306659	665.8632070206659	670.0160333299999	
670.0160333299999	0.20600000000001728	WheelMovementIntervals													-0.34735815427740135
672.8180333299999	1.1750000000000682	WheelMovementIntervals													-2.4907048190521834
673.3251607506734	4.183794186720775	trials	1.0	1.0	1.5	0.25		0.5	675.967663140676	675.967555815973	677.008892340677	675.6617604006757	675.6627269706756	675.8760333299999	
674.33603333	0.29200000000003	WheelMovementIntervals													-0.12132348484576028
675.8760333299999	1.7720000000000482	WheelMovementIntervals													-2.957265827581267
678.080151870678	5.699506051655476	trials	1.0	1.0	1.5	0.0		0.5	682.2248706906822	682.2247548169867	683.2795985406833	678.6123319806786	678.6133318806786	680.06003333	
680.06003333	0.12999999999999545	WheelMovementIntervals													-0.17293475769673705
682.1650333299999	0.1330000000000382	WheelMovementIntervals													-0.17924930173765574
684.3681563406843	11.257011708728442	trials	1.0	-1.0	0.0		0.25	0.5	693.0847845906931	693.0837638575518	695.1251138706951	684.9252672906849	684.926233860685	692.94003333	
692.94003333	3.9699999999999136	WheelMovementIntervals													-9.987194058516224
696.2643666006962	3.213790904794905	trials	1.0	1.0	1.5	1.0		0.5	697.9310665806979	697.9309608469912	698.978061870699	697.6449951906976	697.6460284206977	697.64203333	
697.64203333	0.75	WheelMovementIntervals													-2.416630092999071
700.0617534907001	13.529714711653924	trials	1.0	-1.0	0.0		0.25	0.5	711.043155240711	711.0422638072847	713.0913837307131	700.7750821507008	700.7759820607008	707.5200333299999	
707.5200333299999	0.14400000000000546	WheelMovementIntervals													0.2281093018686704
710.8280333299999	0.6270000000000664	WheelMovementIntervals													-0.646803020159922
714.2602668307143	36.16359066742416	trials	1.0	-1.0	0.0		0.25	0.5	747.8835375007479	747.8827562944429	749.9238001207499	714.7777150807148	714.7787483107148	746.92203333	
746.92203333	0.1029999999999518	WheelMovementIntervals													-0.13640069662022825
747.54603333	2.11099999999999	WheelMovementIntervals													-5.381905589445637
751.3728552007514	14.48418722245981	trials	1.0	1.0	1.5	0.25		0.5	764.3032287007643	764.3031420085832	765.3569566507654	751.8440080807519	751.8448080007519	763.95703333	
763.95703333	2.975999999999999	WheelMovementIntervals													-6.462191409252256
766.5259397407665	3.06440433287662	trials	1.0	1.0	1.5	0.125		0.5	768.0460210507681	768.0459408979164	769.0902499507691	767.6428947007677	767.6438946007677	767.86903333	
767.86903333	1.933999999999969	WheelMovementIntervals													-2.093595995792896
770.1645425107702	7.278681308353612	trials	1.0	-1.0	0.0		0.0625	0.5	774.8918364007749	774.8909290747212	776.9431312507769	770.8271429107708	770.8281761407709	774.63203333	
774.63203333	1.3839999999999009	WheelMovementIntervals													0.47116304999858016
776.3570333299999	1.8269999999999982	WheelMovementIntervals													-2.0158494514378162
778.0547200807781	7.98510811889571	trials	1.0	1.0	1.5	0.0		0.5	784.4978423707845	784.4977250179779	785.5398048307856	778.6899565507787	778.6910231107787	784.06603333	
784.06603333	3.02800000000002	WheelMovementIntervals													-4.254258083046807
786.6546266707867	2.80569859879904	trials	1.0	1.0	1.5	1.0		0.5	787.914234030788	787.9141251439629	788.960262750789	787.5433044607876	787.5442377007876	787.5970333299999	
787.5970333299999	1.4600000000000364	WheelMovementIntervals													-3.051684870350556
790.0285225807901	8.344405819127132	trials	1.0	1.0	1.5	0.125		0.5	796.8096110707968	796.8095256843678	797.8728714007979	790.5731014507905	790.5741680107906	796.35803333	
790.7220333299999	0.07300000000009277	WheelMovementIntervals													-0.007529822605960135
796.35803333	1.8339999999999463	WheelMovementIntervals													-1.5175777878948793
798.986626680799	11.923379554755797	trials	1.0	-1.0	0.0		0.125	0.5	808.3498902608084	808.3488090568973	810.4099509008104	799.4594127307995	799.4603793007994	806.31603333	
806.31603333	0.15999999999996817	WheelMovementIntervals													-0.14958080232429438
807.9910333299999	0.43100000000004	WheelMovementIntervals													-0.16314835214734558
811.5553030208116	2.8673112136730197	trials	1.0	1.0	1.5	0.125		0.5	812.8552063508129	812.8551067442173	813.922566270814	812.1058479608121	812.1068145308121	812.68303333	
812.68303333	2.9329999999999927	WheelMovementIntervals													-5.696438762969251
815.1195132308151	14.786088980444788	trials	1.0	-1.0	0.0		0.25	0.5	827.3488901708273	827.3481024632083	829.4055178208295	816.1091475908161	816.1100808308162	826.56203333	
826.56203333	0.4009999999999536	WheelMovementIntervals													-0.2500213876681414
827.32403333	0.06899999999995998	WheelMovementIntervals													-0.06242232546117066
830.4820333299999	0.11000000000001364	WheelMovementIntervals													-0.09427438239330854
830.5874996108306	30.888298725766163	trials	1.0	-1.0	0.0		0.25	0.5	858.9133667408589	858.912496608313	860.975693820861	831.2428007408313	831.2438339708312	848.8620333299999	
848.8620333299999	0.1650000000000773	WheelMovementIntervals													-0.15878317841742273
857.34503333	0.10000000000002274	WheelMovementIntervals													-0.047367620870318206
858.84903333	0.08999999999991815	WheelMovementIntervals													-0.05736797187586262
862.2845962508623	13.53681248930502	trials	1.0	-1.0	0.0		0.25	0.5	873.2651314208732	873.2641047585826	875.3213257808753	866.2546658708662	866.2555991108662	872.2270333299999	
862.7080333299999	0.6470000000000482	WheelMovementIntervals													0.21787941106552466
863.86303333	0.6639999999999873	WheelMovementIntervals													-0.9187531308334371
865.1120333299999	0.5020000000000664	WheelMovementIntervals													-0.6161850397955106
872.2270333299999	2.4440000000000737	WheelMovementIntervals													-0.760016617283128
876.5063072708765	4.448198303022195	trials	1.0	-1.0	0.0		0.0	0.5	878.3877191108784	878.3869057078772	880.4544457508805	877.0740504908771	877.075083720877	877.69703333	
877.69703333	1.45799999999997	WheelMovementIntervals													-1.4100210428001105
880.26903333	0.1150000000000091	WheelMovementIntervals													-0.005051553398430997
881.5477030808815	11.539783145579008	trials	1.0	-1.0	0.0		0.0	0.5	890.5265384408906	890.5254884124132	892.5873990008926	882.1087136408821	882.1096802108822	890.0400333299999	
883.06703333	0.17799999999999727	WheelMovementIntervals													0.02569621375891984
887.3620333299999	0.16200000000003456	WheelMovementIntervals													-0.023364766487276256
888.08603333	0.07000000000005002	WheelMovementIntervals													0.005831953444157989
890.0400333299999	1.5790000000000646	WheelMovementIntervals													-3.006233941837536
893.7457831508938	8.008304707582965	trials	-1.0	1.0	1.5		1.0	0.5	900.1870722909002	900.1869853286441	901.2540322509012	894.2732970608943	894.2741303108943	899.80203333	
899.80203333	0.92999999999995	WheelMovementIntervals													0.3019860576137887
901.49303333	0.07399999999995543	WheelMovementIntervals													-0.056725622973857526
901.98503333	0.10500000000001819	WheelMovementIntervals													-0.11663849959532513
902.3823860709024	3.3048115647230816	trials	-1.0	1.0	1.5		0.25	0.5	904.1226786909041	904.1225911073708	905.1871055709051	902.990891880903	902.991991770903	903.34403333	
903.34403333	1.1639999999999873	WheelMovementIntervals													0.309468179058058
906.2694973209062	3.3676943713844594	trials	-1.0	1.0	1.5		1.0	0.5	908.0784830709081	908.0783932233338	909.1370772009092	906.940730190907	906.9415967709069	907.31203333	
907.31203333	1.1040000000000418	WheelMovementIntervals													0.28795013333078145
908.80603333	0.21899999999993724	WheelMovementIntervals													0.2991419711122205
910.10003333	0.5739999999999554	WheelMovementIntervals													0.5222045590104472
910.3617880509104	4.745601404527065	trials	-1.0	-1.0	0.0	0.0		0.5	912.5528355909125	912.5518877760991	914.6072967909146	911.2911284409113	911.2921950009113	911.59503333	
911.59503333	1.3269999999999982	WheelMovementIntervals													0.3135196086561507
915.7012873809157	2.635785150006541	trials	1.0	1.0	1.5	1.0		0.5	916.7813793609168	916.7812800670182	917.8370071209179	916.1869388109162	916.1877720609162	916.08203333	
916.08203333	2.785000000000082	WheelMovementIntervals													-0.9253915958598213
918.9188655909189	5.568016432592913	trials	-1.0	1.0	1.5		1.0	0.2	922.9294644909229	922.9293759863739	923.986858740924	919.6399934709196	919.6410600309197	922.25903333	
922.25903333	2.427000000000021	WheelMovementIntervals													1.7268693221578246
925.0915815909251	3.0119089308257116	trials	-1.0	1.0	1.5		0.0625	0.2	926.5472693409265	926.5471844571894	927.6034303809276	925.5738000309256	925.5746999409256	925.88303333	
925.88303333	2.3039999999999736	WheelMovementIntervals													-1.9090989387250659
928.6870886709287	3.3994745850772006	trials	-1.0	1.0	1.5		0.0625	0.2	930.5243715909305	930.5242738550245	931.5864653709316	929.2398333909292	929.2408999509292	929.6070333299999	
929.6070333299999	1.3040000000000873	WheelMovementIntervals													0.278778916326786
931.81603333	0.2340000000000373	WheelMovementIntervals													-0.44933641629006615
932.6749565109327	3.7282034771865256	trials	-1.0	1.0	1.5		0.0625	0.2	934.8447728409349	934.8446573706103	935.9031003309359	933.3234249909333	933.3245248809334	934.0060333299999	
934.0060333299999	0.9990000000000236	WheelMovementIntervals													0.2848457031898306
936.990758220937	3.345807233660139	trials	1.0	1.0	1.5	0.125		0.2	938.7783794409388	938.7782610170282	939.8364736209398	937.4892750309375	937.4904415809375	938.21603333	
938.21603333	0.1510000000000673	WheelMovementIntervals													-0.14435366862045385
938.70703333	2.6929999999999836	WheelMovementIntervals													-2.440414944241951
940.928764380941	3.793997270039654	trials	-1.0	1.0	1.5		0.25	0.2	943.1614744209431	943.1613615975715	944.2227016209442	942.072983280942	942.074049840942	942.58603333	
942.58603333	2.4300000000000637	WheelMovementIntervals													-0.8886335625551851
945.3163589109454	2.336709161445924	trials	1.0	1.0	1.5	1.0		0.2	946.0898815509461	946.0897612812358	947.1530085609471	945.8194086009458	945.8203085109458	945.9630333299999	
945.9630333299999	0.73700000000008	WheelMovementIntervals													-1.2240901034293188
948.22303333	0.09999999999990905	WheelMovementIntervals													-0.01311662572561545
948.2268678309482	3.7287917966060604	trials	1.0	-1.0	0.0		0.125	0.2	949.3952509809494	949.3943646362325	951.4555782609515	949.0393865709491	949.0402531509491	949.1790333299999	
949.1790333299999	0.8240000000000691	WheelMovementIntervals													-0.5474007421630063
952.6816556409527	2.974211259879212	trials	-1.0	1.0	1.5		1.0	0.2	954.1024802109541	954.1023600641595	955.1557748709552	953.2194351909533	953.2205350809533	953.57603333	
953.57603333	1.95799999999997	WheelMovementIntervals													-1.1768790573802335
956.2372667109562	3.018807491325333	trials	-1.0	1.0	1.5		1.0	0.2	957.7006536909577	957.7005693727592	958.7560148109587	956.8026101709568	956.8034767509569	957.13903333	
957.13903333	1.88900000000001	WheelMovementIntervals													-0.9390823877428716
959.8380732609598	3.03477803221233	trials	-1.0	1.0	1.5		0.0	0.2	961.3147589109614	961.3146615992978	962.3728197609623	960.3025268109603	960.3034267209603	960.82103333	
960.82103333	2.3909999999999627	WheelMovementIntervals													-2.9227585749140985
963.4568446809635	3.2319181418824883	trials	-1.0	1.0	1.5		0.125	0.2	965.1216448509651	965.1215524802979	966.1887048009662	964.1858051109642	964.1870383209642	964.5200333299999	
963.99003333	0.05299999999999727	WheelMovementIntervals													0.0012736824662056279
964.5200333299999	2.1399999999999864	WheelMovementIntervals													0.29160316373059914
967.2774625809673	2.808497822352706	trials	-1.0	1.0	1.5		1.0	0.2	968.5207715709686	968.5206602890519	969.5858983809696	967.8189417609678	967.8199749909678	968.08403333	
968.08403333	2.2110000000000127	WheelMovementIntervals													-1.3656748770134755
970.6730563209707	3.2824141413188954	trials	-1.0	1.0	1.5		1.0	0.2	972.4010501709724	972.4009621859071	973.4553447309735	971.1889713909712	971.1899046309712	971.88903333	
971.88903333	1.0059999999999718	WheelMovementIntervals													0.2972758792467971
974.5413694509746	3.197891791238135	trials	-1.0	1.0	1.5		0.0625	0.2	976.1705398509762	976.170464250348	977.2392329709772	975.0355533609751	975.036519930975	975.4430333299999	
975.4430333299999	1.05600000000004	WheelMovementIntervals													0.31376581041394047
978.3285573609784	4.2235866904610475	trials	-1.0	1.0	1.5		1.0	0.2	980.990457810981	980.990347712595	982.0521183009821	979.068783330979	979.069783230979	980.4620333299999	
980.4620333299999	0.8550000000000182	WheelMovementIntervals													0.3049227450069907
981.88903333	2.171000000000049	WheelMovementIntervals													-11.061441196356668
983.1702398109832	7.618010935234906	trials	1.0	1.0	1.5	0.0625		0.2	989.2249676109892	989.2248461177113	990.2881946109903	984.5720662809846	984.5730328509845	985.82703333	
985.82703333	0.7570000000000618	WheelMovementIntervals													-0.12084660285853488
986.97603333	0.2980000000000018	WheelMovementIntervals													-0.07087323232138942
987.84903333	1.816000000000031	WheelMovementIntervals													-0.17616349071278137
989.9480333299999	0.29100000000005366	WheelMovementIntervals													-0.0974966566992066
991.4168484009914	4.505993077228254	trials	-1.0	-1.0	0.0	0.0625		0.2	993.3582542409933	993.3574445582211	995.4227811009954	991.968593220992	991.9695931209919	992.8140333299999	
992.8140333299999	1.32000000000005	WheelMovementIntervals													0.3656591669001159
996.5173383009965	3.5882159993433334	trials	-1.0	1.0	1.5		0.125	0.2	998.5535346609986	998.5534462448254	999.6055294509996	997.0851148509971	997.0861480809971	997.5390333299999	
997.5390333299999	2.2140000000000555	WheelMovementIntervals													0.28648789086264514
1000.1590333299999	0.4600000000000364	WheelMovementIntervals													-0.2671334092414668
1000.6875545710006	3.580787540708002	trials	-1.0	1.0	1.5		0.0625	0.2	1002.7073525710027	1002.7072464154444	1003.7683131310038	1001.4518781310014	1001.4527447110015	1001.97403333	
1001.97403333	2.338999999999942	WheelMovementIntervals													-1.3345421986361998
1004.8554377410048	2.962912623053853	trials	-1.0	1.0	1.5		1.0	0.2	1006.2672298810063	1006.2671428024497	1007.3182914310073	1005.3212578210054	1005.3223577110053	1005.91203333	
1005.91203333	0.5639999999999645	WheelMovementIntervals													0.32178902790099073
1007.19003333	0.2439999999999145	WheelMovementIntervals													-0.2281459961213841
1008.3948504310084	2.973383165560108	trials	-1.0	1.0	1.5		0.125	0.2	1009.8033429010098	1009.803241509771	1010.8682030710108	1009.0559509810091	1009.056950881009	1009.3950333299999	
1009.3950333299999	0.8740000000000236	WheelMovementIntervals													0.2954537459454514
1011.04103333	0.16899999999998272	WheelMovementIntervals													-0.09860737759578342
1011.48503333	1.0410000000000537	WheelMovementIntervals													-0.18429509656499476
1011.9532278910119	3.764701330531693	trials	-1.0	1.0	1.5		0.0625	0.2	1014.1651400110142	1014.165026910183	1015.2179347210152	1013.054951041013	1013.055884281013	1013.3230333299999	
1013.3230333299999	2.2170000000000982	WheelMovementIntervals													-0.7721072241013189
1016.3054259610163	2.999109264002982	trials	-1.0	1.0	1.5		0.25	0.2	1017.7523479210178	1017.7522294652518	1018.8045093610189	1016.8876677310169	1016.8885009810169	1017.13203333	
1017.13203333	1.6059999999999945	WheelMovementIntervals													0.2945848949990477
1019.88503463102	2.9026166452442794	trials	-1.0	1.0	1.5		0.0625	0.2	1021.2247339810212	1021.2246413900483	1022.2875610210223	1020.4346130010205	1020.4354462510205	1020.71903333	
1020.71903333	1.51400000000001	WheelMovementIntervals													-1.7159215525478544
1023.3752522410234	2.7627015613866206	trials	1.0	1.0	1.5	0.25		0.2	1024.5883309210246	1024.5882520484445	1025.6378259610256	1024.001322961024	1024.002389521024	1024.17203333	
1024.17203333	1.6410000000000764	WheelMovementIntervals													-2.430969230989035
1026.7135517110266	3.587587108979278	trials	-1.0	1.0	1.5		0.25	0.2	1028.7469483510288	1028.7468432714304	1029.80110959103	1027.2844946110272	1027.2853278610273	1027.89103333	
1027.89103333	1.1019999999998618	WheelMovementIntervals													0.2851932992271031
1030.886334391031	3.648009431055243	trials	-1.0	1.0	1.5		0.25	0.2	1032.981224881033	1032.9811386581816	1034.034319561034	1031.4208142710315	1031.4219141610315	1032.05503333	
1032.05503333	1.0360000000000582	WheelMovementIntervals													0.32022435900518076
1033.95603333	2.186999999999898	WheelMovementIntervals													-4.917580301497708
1035.1327430410352	4.601500434413765	trials	-1.0	1.0	1.5		0.0625	0.2	1038.1863376510382	1038.186241338544	1039.2341995210393	1036.6043292010365	1036.6054957510366	1037.55003333	
1037.55003333	2.879000000000133	WheelMovementIntervals													-0.6744235605401059
1040.4954400510405	4.04230491428666	trials	-1.0	1.0	1.5		0.0625	0.2	1042.983124591043	1042.983041844469	1044.0377191210441	1041.5875308310417	1041.5884307410415	1042.15403333	
1040.68103333	0.14200000000005275	WheelMovementIntervals													0.026438186955317633
1042.15403333	1.5050000000001091	WheelMovementIntervals													-1.2717310526387564
1045.128243391045	4.025377443167599	trials	1.0	1.0	1.5	0.125		0.2	1047.5930302210477	1047.5929283552239	1048.6535574910486	1045.6004628310457	1045.6013627410457	1047.02003333	
1047.02003333	0.15000000000009095	WheelMovementIntervals													-0.10746782792580234
1047.49703333	0.15300000000002	WheelMovementIntervals													-0.22447429750820902
1049.7426152410499	4.158023720714027	trials	1.0	1.0	1.5	0.125		0.2	1052.3448216610523	1052.3447288339894	1053.4005827410533	1050.4171477810505	1050.4182810010504	1051.95803333	
1051.06003333	0.07000000000016371	WheelMovementIntervals													-0.0684866100217505
1051.95803333	2.6259999999999764	WheelMovementIntervals													-3.414485655258602
1054.4939400610544	5.3102824469581265	trials	1.0	-1.0	0.0		0.0	0.2	1057.2491645110572	1057.2483288817136	1059.3041589910592	1055.0878473310552	1055.088847231055	1055.78603333	
1055.78603333	2.143000000000029	WheelMovementIntervals													-1.4942645880566374
1060.3997160910603	3.0872014788144497	trials	-1.0	1.0	1.5		1.0	0.2	1061.933429371062	1061.933315832156	1062.986824021063	1061.100379351061	1061.101445911061	1061.46703333	
1061.46703333	2.7439999999999145	WheelMovementIntervals													-0.9877996067583013
1064.072215471064	2.5816158665948024	trials	1.0	1.0	1.5	1.0		0.2	1065.0938133010652	1065.0937209578613	1066.153707301066	1064.833672651065	1064.834772541065	1065.00103333	
1065.00103333	2.1870000000001255	WheelMovementIntervals													-4.605334090932502
1067.2353324610672	3.5149929164927016	trials	-1.0	1.0	1.5		0.25	0.2	1069.1893370410692	1069.189227411777	1070.2501976110702	1067.7502476310679	1067.7513141910676	1068.44003333	
1068.44003333	2.3019999999999072	WheelMovementIntervals													-0.844163696532064
1071.3410218510714	5.409200992068463	trials	1.0	1.0	1.5	0.0625		0.2	1075.1916034210751	1075.191521133583	1076.2501308910762	1071.8201072710717	1071.8212404910719	1073.42703333	
1072.73103333	0.29899999999997817	WheelMovementIntervals													-0.038345074896028564
1073.42703333	2.272999999999911	WheelMovementIntervals													-0.3076073510742958
1076.11303333	0.9039999999999964	WheelMovementIntervals													-0.734091228840839
1077.3516207310774	2.8844908513651717	trials	-1.0	1.0	1.5		0.125	0.2	1078.6734218710787	1078.673315622691	1079.7360156010798	1077.836472241078	1077.8375054710777	1078.29303333	
1078.29303333	0.5709999999999127	WheelMovementIntervals													0.31090331606725385
1079.54503333	0.13099999999985812	WheelMovementIntervals													-0.046992130759861084
1080.8186073310808	3.447798459289743	trials	-1.0	1.0	1.5		1.0	0.2	1082.7144177310827	1082.7143053842972	1083.7664125210838	1081.4999391910815	1081.5007724410816	1082.01003333	
1082.01003333	2.6469999999999345	WheelMovementIntervals													-0.5918426617628825
1084.8597031810848	3.106613569195133	trials	-1.0	1.0	1.5		1.0	0.2	1086.4180140010865	1086.4179089839265	1087.4662425010874	1085.3862171910855	1085.3873837410854	1085.95703333	
1085.95703333	0.7239999999999327	WheelMovementIntervals													0.30792209838574536
1087.22103333	0.19800000000009277	WheelMovementIntervals													-0.3539281837465751
1088.7157175410887	2.404602933484739	trials	1.0	1.0	1.5	1.0		0.2	1089.5543003410896	1089.5542178666008	1090.6202270710905	1089.2197004710893	1089.2206337110892	1089.44803333	
1089.44803333	0.7279999999998381	WheelMovementIntervals													-1.377055104415831
1090.42903333	1.8339999999998327	WheelMovementIntervals													-2.261353582638037
1091.7038187010917	4.129096447742313	trials	-1.0	1.0	1.5		0.125	0.2	1094.2848272410943	1094.2847152306465	1095.3328890910952	1092.983090761093	1092.983924011093	1093.69403333	
1093.69403333	2.102000000000089	WheelMovementIntervals													-0.6686650208467313
1096.4336123410965	3.0326057515028424	trials	-1.0	1.0	1.5		1.0	0.2	1097.910198001098	1097.9101141676117	1098.966192391099	1097.1857371210972	1097.1868370110972	1097.59603333	
1097.59603333	0.8279999999999745	WheelMovementIntervals													-0.31874552834375436
1098.68703333	0.8039999999998599	WheelMovementIntervals													-0.16940572307260027
1100.0551168211	4.348179074717109	trials	-1.0	1.0	1.5		0.0625	0.2	1102.8520037711028	1102.851901432161	1103.903198641104	1101.8362053611017	1101.8371052711018	1102.3110333299999	
1100.48703333	0.5589999999999691	WheelMovementIntervals													-0.2878765492968114
1102.3110333299999	1.6420000000000528	WheelMovementIntervals													-0.8762276887639473
1104.992989651105	2.406303193116628	trials	1.0	1.0	1.5	0.25		0.2	1105.8529036511059	1105.8527900774197	1106.8992656711068	1105.4661756611056	1105.4670422411054	1105.67703333	
1105.67703333	0.3889999999998963	WheelMovementIntervals													-0.5805922156442875
1107.977891131108	3.404803673849983	trials	-1.0	1.0	1.5		0.125	0.2	1109.8217067311098	1109.8215914959976	1110.882633961111	1108.6524570011086	1108.6533235811087	1109.19503333	
1109.19503333	0.6100000000001273	WheelMovementIntervals													0.2681114004085998
1110.42803333	0.7509999999999764	WheelMovementIntervals													1.1413722024399249
1111.969591921112	2.915916558277786	trials	-1.0	1.0	1.5		1.0	0.2	1113.3306891311133	1113.3305982494487	1114.3854503111145	1112.4523769711125	1112.4536101811125	1112.82403333	
1112.82403333	0.9199999999998454	WheelMovementIntervals													0.29574198320113965
1114.53503333	1.09699999999998	WheelMovementIntervals													-0.9592603365587706
1115.4730082111155	3.52859086712283	trials	-1.0	1.0	1.5		0.0625	0.2	1117.4465108411175	1117.4464019849615	1118.5015719911185	1116.3657522611163	1116.3665521811163	1116.90403333	
1116.90403333	0.63799999999992	WheelMovementIntervals													0.28347904431063853
1117.84103333	3.7409999999999854	WheelMovementIntervals													-11.299179384876368
1119.6028951811197	5.032802786919774	trials	1.0	1.0	1.5	0.25		0.2	1123.0735147511232	1123.0733950341846	1124.1356418611242	1122.1323755411222	1122.1334421011222	1122.7440333299999	
1122.7440333299999	0.6020000000000891	WheelMovementIntervals													-0.5927316981174044
1125.2713949411252	5.077600748505574	trials	-1.0	1.0	1.5		0.0	0.2	1128.8047082411288	1128.804594070285	1129.84893714113	1126.015687171126	1126.0167204011261	1128.12203333	
1128.12203333	0.9849999999999	WheelMovementIntervals													0.30947965390299714
1129.6860333299999	0.21100000000001273	WheelMovementIntervals													-0.2753829758179904
1130.951493541131	4.597300249283535	trials	1.0	1.0	1.5	0.25		0.2	1133.998388821134	1133.9982917181312	1135.048750441135	1131.4188801311313	1131.4199800211313	1133.96403333	
1132.29303333	0.11199999999985266	WheelMovementIntervals													-0.04123762687783028
1132.8110333299999	0.07200000000011642	WheelMovementIntervals													-0.09311662908982044
1133.56403333	0.11300000000005639	WheelMovementIntervals													-0.06331361860861762
1133.96403333	0.07900000000017826	WheelMovementIntervals													-0.10447715116328027
1136.3163903311363	2.949012979397594	trials	-1.0	1.0	1.5		1.0	0.8	1137.7185834311376	1137.7184955512798	1138.7653454111387	1136.968291801137	1136.969258371137	1137.44903333	
1137.44903333	0.72199999999998	WheelMovementIntervals													-0.42187872818806227
1139.8511034911398	3.0809028740052327	trials	-1.0	1.0	1.5		0.125	0.8	1141.3787840411414	1141.378703428668	1142.4319120511425	1140.5685650711405	1140.5694983111405	1140.96203333	
1140.96203333	0.58400000000006	WheelMovementIntervals													0.31386767944798066
1142.96203333	0.19499999999993634	WheelMovementIntervals													-0.2556877051031847
1143.5189033411436	6.346303008047926	trials	1.0	1.0	1.5	0.25		0.8	1148.3160902411482	1148.3160041031158	1149.3651519911493	1147.168671661147	1147.1697048911471	1147.90203333	
1143.74003333	2.7870000000000346	WheelMovementIntervals													-3.967379001615882
1147.90203333	1.4839999999999236	WheelMovementIntervals													-0.6954627569369336
1150.5071044511506	3.67467900404813	trials	1.0	1.0	1.5	0.125		0.8	1152.6279923411525	1152.6278911793763	1153.6817536211538	1151.002188271151	1151.003321491151	1151.58703333	
1151.58703333	0.5640000000000782	WheelMovementIntervals													-0.11942638193767152
1152.49503333	0.40599999999994907	WheelMovementIntervals													-0.33383022396816386
1153.4070333299999	0.10599999999999454	WheelMovementIntervals													0.021807919512355056
1154.7736777511548	22.4784124817229	trials	1.0	1.0	1.5	0.0625		0.8	1175.6955853511756	1175.6954865762798	1176.7520463611768	1155.3179566511553	1155.3189232211553	1175.53903333	
1157.3980333299999	0.4810000000002219	WheelMovementIntervals													-0.08612062449753921
1158.32503333	0.21000000000003638	WheelMovementIntervals													0.024414328094565008
1175.53903333	0.17300000000000182	WheelMovementIntervals													-0.1737829948693843
1176.40503333	2.77800000000002	WheelMovementIntervals													-12.419261166975161
1178.006687551178	8.791090940556387	trials	1.0	1.0	1.5	0.25		0.8	1185.2469634511854	1185.2468784428108	1186.2976583711863	1179.93092844118	1179.93186168118	1184.87303333	
1184.87303333	0.6240000000000236	WheelMovementIntervals													-0.9797502488922873
1185.90103333	1.4679999999998472	WheelMovementIntervals													-2.6582998795835238
1187.4579756611874	4.756199966339182	trials	1.0	-1.0	0.0		0.25	0.8	1189.6623552011897	1189.6615747189703	1191.7140833411918	1188.0839797211881	1188.0850462811882	1188.78703333	
1188.78703333	2.877999999999929	WheelMovementIntervals													-8.863740727947743
1192.8136733711929	5.121296979120871	trials	1.0	-1.0	0.0		1.0	0.8	1195.3762837511954	1195.3753708597249	1197.4349112011973	1193.3008579811933	1193.3019912011932	1195.24803333	
1195.24803333	0.23299999999994725	WheelMovementIntervals													-0.514819917441173
1196.14603333	0.1290000000001328	WheelMovementIntervals													-0.14511542049018544
1196.87103333	0.5389999999999873	WheelMovementIntervals													0.8650921738782813
1198.24503333	0.46299999999996544	WheelMovementIntervals													0.24826159982671925
1198.5358677611985	3.3646058802728476	trials	-1.0	1.0	1.5		0.125	0.8	1200.3431870112004	1200.3430698453762	1201.4003812812014	1199.3638516211993	1199.3648848511993	1200.06503333	
1200.06503333	3.408999999999878	WheelMovementIntervals													3.6739601361537666
1202.4898723212025	3.4775951554377116	trials	1.0	1.0	1.5	1.0		0.8	1204.4103802512045	1204.410268541501	1205.4673745412056	1204.063914901204	1204.064814811204	1204.29003333	
1204.29003333	1.8269999999999982	WheelMovementIntervals													-2.9860023318801723
1206.5697642912066	4.260815500815852	trials	1.0	1.0	1.5	0.25		0.8	1209.2827596312093	1209.2826722506134	1210.3305548412104	1207.2305315412073	1207.2314314512073	1208.09503333	
1208.09503333	1.3679999999999382	WheelMovementIntervals													-0.6319339591562994
1211.4267785412114	4.407086462635334	trials	1.0	1.0	1.5	0.25		0.8	1214.2855593012143	1214.2854684627825	1215.3338211312152	1212.050649481212	1212.051749371212	1214.2340333299999	
1212.62403333	0.11300000000005639	WheelMovementIntervals													-0.057166163923056956
1213.21303333	0.08500000000003638	WheelMovementIntervals													-0.08728246714207444
1213.76703333	0.08600000000001273	WheelMovementIntervals													-0.04012186638061621
1214.2340333299999	0.10400000000004184	WheelMovementIntervals													-0.12594547508143705
1216.6089602712166	2.4083030887466066	trials	1.0	1.0	1.5	1.0		0.8	1217.4597751812175	1217.4596606558014	1218.5172027612186	1217.1468731412172	1217.1479397012172	1217.37103333	
1217.37103333	0.26299999999991996	WheelMovementIntervals													-0.6315750187166032
1219.5951616212196	3.204691605780681	trials	1.0	1.0	1.5	0.25		0.8	1221.2526625212213	1221.2525562455626	1222.2998244612222	1220.2967914512203	1220.2978913412203	1220.88703333	
1220.88703333	1.6210000000000946	WheelMovementIntervals													-3.049231525794255
1223.3843493312233	6.845820659117635	trials	1.0	-1.0	0.0		0.0	0.8	1227.6724204812276	1227.6716610168132	1229.7300480312297	1224.096644761224	1224.0974780112242	1225.03303333	
1225.03303333	0.3249999999998181	WheelMovementIntervals													-0.11554169159745697
1226.04403333	2.1109999999998763	WheelMovementIntervals													-0.236223383971776
1230.846869671231	3.0193795051939105	trials	1.0	1.0	1.5	0.0625		0.8	1232.3162560512324	1232.3161587248187	1233.3662510412335	1231.3496860512314	1231.3507192812312	1231.99303333	
1231.99303333	2.048000000000002	WheelMovementIntervals													-1.3147341339857235
1234.4481428412344	6.684304598979907	trials	1.0	1.0	1.5	0.0		0.8	1239.5777631612395	1239.5776448356785	1240.6323910212407	1235.7130830012356	1235.7139829112357	1238.8780333299999	
1234.70003333	0.3989999999998872	WheelMovementIntervals													0.0811984433004227
1238.8780333299999	2.4990000000000236	WheelMovementIntervals													-2.5865687156668855
1241.7523456812419	3.460697120488703	trials	-1.0	1.0	1.5		0.0625	0.8	1243.6535555412436	1243.653443000734	1244.7129495912448	1242.2964579312422	1242.2975244912423	1242.99103333	
1242.99103333	1.2970000000000255	WheelMovementIntervals													0.31405053943927896
1244.50503333	1.0209999999999582	WheelMovementIntervals													-1.5043344492518713
1245.8091399612458	3.5871150945604313	trials	1.0	1.0	1.5	0.125		0.8	1247.8437364812478	1247.8436473881	1248.896197891249	1246.5001375212464	1246.5011374212465	1247.26903333	
1247.26903333	1.7660000000000764	WheelMovementIntervals													-2.6900470368873926
1249.98945522125	4.777297870386519	trials	1.0	1.0	1.5	0.0		0.8	1253.2142660412533	1253.2141524337426	1254.2666607912543	1250.5162358712505	1250.5174024212506	1251.94003333	
1251.31903333	0.3220000000001164	WheelMovementIntervals													-0.09307076417195503
1251.94003333	1.3479999999999563	WheelMovementIntervals													-0.2781511038644453
1254.39603333	0.1850000000001728	WheelMovementIntervals													-0.1220844064666835
1255.3687505712553	4.163993708733642	trials	1.0	1.0	1.5	0.0625		0.8	1257.976156471258	1257.9760453796587	1259.0326508112591	1255.979389501256	1255.980322741256	1257.25403333	
1256.6190333299999	0.09200000000009823	WheelMovementIntervals													-0.090994733605271
1257.25403333	0.7449999999998909	WheelMovementIntervals													-0.1955740764527718
1260.12974109126	3.066302720953445	trials	1.0	1.0	1.5	0.125		0.8	1261.6526554512616	1261.652541449303	1262.6959844412627	1260.879232801261	1260.8802327012609	1261.38203333	
1261.38203333	0.4579999999998563	WheelMovementIntervals													-0.4890605518866096
1262.32603333	0.5460000000000491	WheelMovementIntervals													-0.8727788789531701
1263.7874419512639	2.60851322419353	trials	1.0	1.0	1.5	0.125		0.8	1264.841036581265	1264.8409464843974	1265.895897751266	1264.4824391112645	1264.4835056712645	1264.64403333	
1264.64403333	0.8900000000001	WheelMovementIntervals													-0.9592327947854642
1266.982955701267	4.049403402024836	trials	1.0	-1.0	0.0		1.0	0.8	1268.4854387712685	1268.4844562211317	1270.5323007312707	1268.2159323912683	1268.2167989712682	1268.30803333	
1267.26403333	0.27099999999995816	WheelMovementIntervals													-0.03756834844750756
1268.30803333	0.46900000000005093	WheelMovementIntervals													-1.261890074462599
1269.19303333	0.4010000000000673	WheelMovementIntervals													0.11963834085258895
1271.14303333	0.4210000000000491	WheelMovementIntervals													-0.07294813246522835
1271.6330573112716	2.982483356275452	trials	1.0	1.0	1.5	0.25		0.8	1273.058448091273	1273.058347923787	1274.115442381274	1272.7623443712728	1272.7633776012729	1272.93903333	
1271.81803333	0.25500000000010914	WheelMovementIntervals													0.030193336047886987
1272.93903333	0.9669999999998709	WheelMovementIntervals													-2.1614577695910953
1275.2010338112752	2.381104827284844	trials	1.0	1.0	1.5	0.125		0.8	1276.035750331276	1276.0356348022667	1277.082045691277	1275.7623776712758	1275.7633442412757	1275.93903333	
1275.93903333	0.3209999999999127	WheelMovementIntervals													-1.0960375926196662
1278.165537331278	6.213288567170821	trials	1.0	-1.0	0.0		0.0	0.8	1281.835303651282	1281.8344293993107	1283.8787992812838	1278.7621443312787	1278.7633442112788	1280.88103333	
1279.59603333	0.06899999999995998	WheelMovementIntervals													-0.05633011290177592
1280.88103333	0.0909999999998945	WheelMovementIntervals													-0.1186573778235811
1281.38303333	0.5370000000000346	WheelMovementIntervals													-0.14867507433660876
1282.28903333	0.06799999999998363	WheelMovementIntervals													0.010526205880694306
1284.978822601285	5.766526812836901	trials	1.0	1.0	1.5	0.0		0.8	1289.1933344412892	1289.1932407355405	1290.2452625712904	1285.4816056512855	1285.4825055612855	1289.10703333	
1289.10703333	2.5820000000001073	WheelMovementIntervals													-14.062588612019056
1291.3698501012914	3.328480148730023	trials	1.0	1.0	1.5	0.125		0.8	1293.1523385012931	1293.1522384000205	1294.1982672312943	1292.2486622112922	1292.2497287712922	1292.15503333	
1292.15503333	2.47400000000016	WheelMovementIntervals													-1.3838104505288698
1295.2937243412953	30.621690665367623	trials	1.0	1.0	1.5	0.0		0.8	1324.3558178413243	1324.3557135839872	1325.4153785413255	1295.945292511296	1295.946359071296	1324.27403333	
1324.27403333	0.5929999999998472	WheelMovementIntervals													-2.599435296058175
1325.49203333	0.21600000000012187	WheelMovementIntervals													-0.3719545521319674
1326.2820333299999	1.3940000000000055	WheelMovementIntervals													-6.078618606548787
1326.7403127013267	8.324003742614195	trials	1.0	1.0	1.5	0.25		0.8	1333.5127353913335	1333.5126141190951	1334.5642968913346	1328.1444389413282	1328.1455055013282	1329.02903333	
1329.02903333	0.18200000000001637	WheelMovementIntervals													-0.1421207247080929
1332.57603333	0.18499999999994543	WheelMovementIntervals													-0.10392582486497304
1333.5130333299999	0.1230000000000473	WheelMovementIntervals													-0.13474828938666406
1335.7206145813357	3.6435109654942153	trials	1.0	-1.0	0.0		0.0625	0.8	1336.803372961337	1336.802416946387	1338.8640002113389	1336.4444088613366	1336.4453754313365	1336.38203333	
1336.38203333	2.1130000000000564	WheelMovementIntervals													-5.251008583163809
1339.96082385134	2.466697796820654	trials	1.0	1.0	1.5	1.0		0.8	1340.8860313213409	1340.8859222749998	1341.9274271713418	1340.5939938613406	1340.5949604313405	1340.76503333	
1340.76503333	0.2769999999998163	WheelMovementIntervals													-0.5761841016216636
1343.012518651343	2.468598428365567	trials	1.0	1.0	1.5	1.0		0.8	1343.905829311344	1343.9057169972157	1344.981055111345	1343.6812851013437	1343.6825849713437	1343.83703333	
1343.83703333	1.1200000000001182	WheelMovementIntervals													-5.93773251495395
1346.068812991346	2.312309875331948	trials	1.0	1.0	1.5	0.125		0.8	1346.825903941347	1346.8258155695673	1347.881065081348	1346.5439654713466	1346.5448653813467	1346.73903333	
1346.73903333	0.28500000000008185	WheelMovementIntervals													-0.776833850441335
1348.969722871349	2.557590160532527	trials	1.0	1.0	1.5	0.125		0.8	1349.96332350135	1349.96321827231	1351.0272504313511	1349.5107021013496	1349.5115020213495	1349.80603333	
1349.80603333	0.8260000000000218	WheelMovementIntervals													-2.283435478148988
1352.115008311352	3.7122145760720286	trials	1.0	1.0	1.5	0.0625		0.8	1354.2553275913542	1354.2552155618491	1355.3271204013554	1353.3808150513535	1353.3817482913535	1353.94003333	
1353.94003333	0.6720000000000255	WheelMovementIntervals													-0.3531876919199135
1354.85703333	1.8800000000001091	WheelMovementIntervals													-2.4541075310051497
1356.6283236013567	3.9356842949832753	trials	1.0	1.0	1.5	0.125		0.8	1358.991020641359	1358.9909129730438	1360.0639133413601	1357.3469517313574	1357.3480182913574	1358.62003333	
1358.62003333	0.6559999999999491	WheelMovementIntervals													-0.6601474577078648
1361.165303191361	2.481596301580794	trials	1.0	1.0	1.5	1.0		0.8	1362.0785118613621	1362.0784010946402	1363.1468383513632	1361.8270703413618	1361.8279702513619	1361.99503333	
1361.99503333	1.4559999999999036	WheelMovementIntervals													-3.6303261364527657
1363.82703333	1.1949999999999363	WheelMovementIntervals													-1.2351378354202325
1364.2354961413641	4.911514106007644	trials	1.0	1.0	1.5	0.0		0.8	1367.5771952713676	1367.5771043778334	1368.6469882813687	1365.7768753213659	1365.7779085513657	1366.94203333	
1366.94203333	1.05600000000004	WheelMovementIntervals													-0.3542206863440356
1369.7653097713699	2.548091762073227	trials	1.0	1.0	1.5	0.0625		0.8	1370.7375125413707	1370.7374054841064	1371.813338281372	1370.3600169613703	1370.3611501813705	1370.56403333	
1370.56403333	0.5319999999999254	WheelMovementIntervals													-1.124120240161858
1372.9033959313729	3.689905611737686	trials	1.0	1.0	1.5	0.0625		0.8	1375.024117171375	1375.0239980070514	1376.093276911376	1373.4768719113736	1373.4777718213734	1374.65203333	
1374.65203333	0.4459999999999127	WheelMovementIntervals													-0.3847843901770034
1377.1943001313773	2.5520903176168304	trials	1.0	1.0	1.5	0.125		0.8	1378.1783017213781	1378.1781956275224	1379.2463282413792	1377.6966165613778	1377.6977164513778	1378.11503333	
1378.11503333	1.2699999999999818	WheelMovementIntervals													-4.403494841039276
1380.3378857413804	3.6752078556992274	trials	1.0	1.0	1.5	0.25		0.8	1382.4509077513824	1382.450788532956	1383.5130681913836	1381.060046851381	1381.060980091381	1381.87503333	
1381.87503333	1.4809999999999945	WheelMovementIntervals													-1.1860058596171257
1384.6142913913845	4.033004154923901	trials	1.0	1.0	1.5	0.125		0.8	1387.0758118813872	1387.075692706566	1388.1472047313882	1385.3097885013854	1385.3105884213853	1386.29503333	
1385.53403333	0.2749999999998636	WheelMovementIntervals													-0.02673115810625859
1386.29503333	1.0789999999999509	WheelMovementIntervals													-0.8886780681685309
1387.90403333	1.9510000000000218	WheelMovementIntervals													-4.6832399457728116
1389.2556938713892	3.0374049510649	trials	1.0	1.0	1.5	0.25		0.8	1390.7310129913908	1390.7308948189786	1391.7930734413917	1390.3430517913903	1390.3438517113905	1390.50803333	
1390.50803333	3.6389999999998963	WheelMovementIntervals													-7.082357739720237
1392.898596211393	3.610910705290962	trials	1.0	1.0	1.5	1.0		0.8	1394.952690781395	1394.9526011632493	1396.0094517613961	1394.5805280013947	1394.5814612413947	1394.74003333	
1394.74003333	0.51299999999992	WheelMovementIntervals													-1.1621816778730931
1397.1295064113972	4.463396080162738	trials	-1.0	1.0	1.5		0.0625	0.8	1400.0330826914	1400.0330025604674	1401.0928433714012	1397.6470879813976	1397.6480878813977	1399.24403333	
1399.24403333	0.931999999999789	WheelMovementIntervals													0.3052253682428727
1402.1961996914022	6.363402937809269	trials	1.0	-1.0	0.0		0.0	0.8	1405.9999526114061	1405.9991002518561	1408.059513301408	1402.7126813714028	1402.7136479414028	1403.5220333299999	
1403.5220333299999	0.45600000000013097	WheelMovementIntervals													0.11873109726599296
1404.43203333	0.15300000000002	WheelMovementIntervals													-0.16616073456083313
1405.23503333	0.15299999999979264	WheelMovementIntervals													-0.1140941780410003
1405.7720333299999	0.22700000000008913	WheelMovementIntervals													-0.07748266872425802
1409.1852007214093	3.0944009209158594	trials	-1.0	1.0	1.5		0.0625	0.8	1410.7076817914108	1410.7075996985309	1411.7795412614119	1409.6791513214098	1409.6802178814096	1410.32803333	
1410.32803333	0.7019999999999982	WheelMovementIntervals													0.30971096480823235
1412.876298241413	4.3829852947424115	trials	1.0	1.0	1.5	0.0625		0.8	1415.7025822514156	1415.7024874697092	1416.7592099114167	1413.4425082814134	1413.4435081814136	1414.36303333	
1414.36303333	0.11799999999993815	WheelMovementIntervals													-0.10785649755894156
1415.1760333299999	0.14800000000013824	WheelMovementIntervals													-0.07485997771243547
1415.62703333	0.06200000000012551	WheelMovementIntervals													-0.055285392182611304
1416.52403333	0.6359999999999673	WheelMovementIntervals													0.7710598231906829
1418.073878431418	3.738500847392743	trials	-1.0	1.0	1.5		0.125	0.8	1420.2538937414204	1420.2537777593393	1421.3123545514213	1418.6788512614187	1418.6797511714187	1419.32103333	
1419.32103333	1.1019999999998618	WheelMovementIntervals													0.29528578785101445
1421.11403333	2.3170000000000073	WheelMovementIntervals													-6.797175392438248
1422.4201770914224	4.52561732779327	trials	1.0	1.0	1.5	0.0625		0.8	1425.3725818214255	1425.3724870905878	1426.4457744914264	1423.909094851424	1423.9099947614238	1424.62203333	
1424.62203333	0.16399999999998727	WheelMovementIntervals													-0.16747426481265393
1425.2820333299999	0.11100000000010368	WheelMovementIntervals													-0.117072294672937
1427.5782945614276	4.43059898976162	trials	1.0	1.0	1.5	0.0625		0.8	1430.4386751614304	1430.4385926180835	1431.5088681314314	1428.1256398214282	1428.1266063914281	1429.44003333	
1428.83303333	0.06600000000003092	WheelMovementIntervals													-0.04648512838298302
1429.44003333	0.14699999999993452	WheelMovementIntervals													-0.10217778883708206
1430.33303333	0.1449999999999818	WheelMovementIntervals													-0.13655634099069403
1431.7340333299999	0.8810000000000855	WheelMovementIntervals													-1.4295477007402155
1432.6119911414326	3.246987280102985	trials	-1.0	1.0	1.5		0.0625	0.8	1434.2885901314344	1434.2884835412194	1435.3588830914355	1433.1949328414332	1433.1958660814332	1433.85303333	
1433.85303333	2.393000000000029	WheelMovementIntervals													-0.9464959908649462
1436.4523737314364	5.422898801077281	trials	1.0	1.0	1.5	0.0		0.8	1440.3088880414402	1440.3087714565795	1441.3751814014413	1437.145037791437	1437.1461376814373	1439.2920333299999	
1439.2920333299999	1.6490000000001146	WheelMovementIntervals													-0.6915879768492914
1441.93003333	0.5190000000000055	WheelMovementIntervals													-0.4281034698187227
1442.4873701714425	3.3045107610087143	trials	1.0	1.0	1.5	0.125		0.8	1444.2272961614442	1444.22717478406	1445.2918230314453	1443.1789010114433	1443.1800675614431	1443.70603333	
1443.70603333	0.8949999999999818	WheelMovementIntervals													-0.6409196882007677
1445.45703333	0.32999999999992724	WheelMovementIntervals													-0.7124791011314642
1446.3836805014464	2.3285089468172373	trials	1.0	1.0	1.5	1.0		0.8	1447.1388716414472	1447.1387827542003	1448.2121643014482	1446.861199411447	1446.862299301447	1447.03103333	
1447.03103333	0.46900000000005093	WheelMovementIntervals													-1.2457925325826977
1447.85203333	1.3229999999998654	WheelMovementIntervals													-2.249356277593904
1449.2964891914494	3.728702594734159	trials	1.0	1.0	1.5	0.0625		0.8	1451.4670721114514	1451.4669895376478	1452.5250996314526	1449.9751546514499	1449.97592124145	1450.6470333299999	
1450.6470333299999	1.90300000000002	WheelMovementIntervals													-1.003050318576527
1453.6224898814537	3.2389885856723595	trials	1.0	1.0	1.5	0.25		0.8	1455.3004887314553	1455.3003829324302	1456.3613826314563	1454.1115076414542	1454.112507541454	1454.60503333	
1454.60503333	0.8659999999999854	WheelMovementIntervals													-0.4635740095729375
1455.92403333	0.08799999999996544	WheelMovementIntervals													-0.008302204526387413
1456.64103333	0.4939999999999145	WheelMovementIntervals													-0.06756290793123298
1457.4471740414574	4.477795817541391	trials	1.0	1.0	1.5	0.0625		0.8	1460.3545832714603	1460.3544693781078	1461.4248762314614	1458.1083412514581	1458.1091078414581	1458.56503333	
1458.56503333	2.066000000000031	WheelMovementIntervals													-0.37525627358854763
1461.45203333	0.16599999999993997	WheelMovementIntervals													-0.0252691247719099
1462.5281658914625	3.263414223370546	trials	1.0	1.0	1.5	0.0		0.8	1464.2205633014642	1464.2204722301267	1465.2915228614654	1463.2776242714633	1463.2787241614633	1463.96303333	
1463.96303333	0.68100000000004	WheelMovementIntervals													-0.7399199609213838
1466.3833803314665	3.12779367912799	trials	-1.0	1.0	1.5		0.0625	0.8	1467.9485571314679	1467.9484761678407	1469.011150861469	1466.961355861467	1466.9623224314669	1467.56003333	
1467.56003333	0.8520000000000891	WheelMovementIntervals													0.3175436659355455
1468.76403333	0.8639999999998054	WheelMovementIntervals													-0.618824835912676
1470.14987031147	3.641410329839573	trials	1.0	1.0	1.5	0.25		0.8	1472.2316621114721	1472.2315750734344	1473.2912228114733	1470.7079811614708	1470.7089144014708	1471.38303333	
1471.38303333	0.09999999999990905	WheelMovementIntervals													-0.12454975482665986
1471.8400333299999	0.443000000000211	WheelMovementIntervals													-0.18320873534599968
1474.3858800014743	4.208589791765462	trials	1.0	-1.0	0.0		0.0	0.8	1476.034181821476	1476.033275222727	1478.0943757814782	1475.1275058314752	1475.128539061475	1475.83703333	
1475.83703333	0.27899999999999636	WheelMovementIntervals													-0.38256897506386167
1479.191466061479	2.54950157756889	trials	1.0	1.0	1.5	0.25		0.8	1480.1825669414802	1480.1824655085757	1481.2409610914813	1479.7577094314797	1479.7587759914798	1480.00003333	
1480.00003333	0.88799999999992	WheelMovementIntervals													-1.980124440039674
1481.04703333	0.36799999999993815	WheelMovementIntervals													-0.03718081288553776
1482.5431641914824	3.701105518210852	trials	1.0	-1.0	0.0		0.25	0.2	1483.6777173914836	1483.676765269065	1485.7441773914857	1483.2624589214834	1483.2633921614834	1483.47303333	
1483.47303333	0.3949999999999818	WheelMovementIntervals													-0.4942098148248988
1486.835268271487	2.775199213920132	trials	-1.0	1.0	1.5		1.0	0.2	1488.054679651488	1488.0545670474075	1489.1104407314892	1487.4076443614874	1487.4086775914875	1487.74403333	
1487.74403333	3.9019999999998163	WheelMovementIntervals													-7.778034436221503
1490.2020648914902	4.405600874937818	trials	-1.0	1.0	1.5		1.0	0.2	1493.039147821493	1493.0390641670033	1494.107540971494	1492.1740343414922	1492.1749342514922	1492.72803333	
1492.72803333	0.6069999999999709	WheelMovementIntervals													0.3261974549573665
1493.63303333	1.038000000000011	WheelMovementIntervals													-1.4121990782280704
1495.2143636114952	3.4131024717382843	trials	1.0	1.0	1.5	0.25		0.2	1497.0698447114971	1497.0697633243262	1498.127372281498	1495.827335641496	1495.8282022214958	1496.54803333	
1496.01103333	0.10400000000004184	WheelMovementIntervals													-0.03401291633372239
1496.54803333	0.4880000000000564	WheelMovementIntervals													-0.2092769500990812
1499.2201629914991	3.0901018231081707	trials	-1.0	1.0	1.5		1.0	0.2	1500.7472436015007	1500.7471629040867	1501.8102039615019	1499.7907059314998	1499.7918058214998	1500.32303333	
1500.32303333	1.6739999999999782	WheelMovementIntervals													-0.667173738958013
1502.888562781503	3.1020999491377097	trials	1.0	1.0	1.5	0.0625		0.2	1504.4235426015046	1504.4234617667498	1505.4906358815056	1503.4905692415034	1503.4917357915035	1503.94403333	
1503.94403333	2.173999999999978	WheelMovementIntervals													-1.5622304773106066
1506.5792603415066	3.3279075289799493	trials	-1.0	1.0	1.5		0.125	0.2	1508.3436505515083	1508.3435632727167	1509.4071108615094	1507.1605022115073	1507.1613354615072	1507.74103333	
1507.74103333	3.3920000000000528	WheelMovementIntervals													-4.153703515523318
1510.5036678615106	5.220087176426659	trials	-1.0	-1.0	0.0	0.0		0.2	1513.166268241513	1513.1653608129488	1515.2237291415152	1511.6605854915117	1511.6616187215118	1512.43303333	
1512.43303333	1.081000000000131	WheelMovementIntervals													0.31121352683049963
1516.3341514215163	3.1227971119790254	trials	-1.0	1.0	1.5		0.125	0.2	1517.897561731518	1517.8974489745333	1518.956922451519	1516.794072091517	1516.7952053115168	1517.38403333	
1517.38403333	0.8160000000000309	WheelMovementIntervals													0.2975957942613263
1518.74003333	0.12200000000007094	WheelMovementIntervals													-0.06511392784022974
1520.0587455915202	2.484597397521611	trials	1.0	1.0	1.5	1.0		0.2	1520.987152741521	1520.9870434983163	1522.043347111522	1520.6765838015208	1520.6775170415208	1520.8780333299999	
1520.8780333299999	0.17000000000007276	WheelMovementIntervals													-0.3778268656936348
1523.127638671523	5.812524563770921	trials	1.0	-1.0	0.0		0.0	0.2	1526.3863794315264	1526.3855513184883	1528.4401073715285	1523.6235224115237	1523.6244556515237	1526.04403333	
1524.88303333	0.09500000000002728	WheelMovementIntervals													-0.09402536568285313
1525.56003333	0.09400000000005093	WheelMovementIntervals													-0.039867202143511804
1526.04403333	0.9349999999999454	WheelMovementIntervals													-0.6640141307597673
1529.5445635815295	2.362179835041843	trials	1.0	1.0	1.5	0.125		0.2	1530.3389508015302	1530.3388561284723	1531.4066773515315	1530.06047865153	1530.0613119015302	1529.91003333	
1529.91003333	1.6710000000000491	WheelMovementIntervals													-3.750584538582075
1532.4870359715326	4.573314365993156	trials	-1.0	1.0	1.5		1.0	0.2	1535.5007345715355	1535.500644120165	1536.5602286115366	1534.5761270415346	1534.5772602615345	1535.17403333	
1532.9740333299999	0.8250000000000455	WheelMovementIntervals													-1.075324970875215
1535.17403333	4.085000000000036	WheelMovementIntervals													-11.223973365703841
1537.6794500115377	5.1770888996179565	trials	1.0	1.0	1.5	0.125		0.2	1541.2921553715414	1541.2920408700452	1542.3564489315424	1539.9065272815399	1539.9074938515398	1540.70403333	
1540.70403333	1.1560000000001764	WheelMovementIntervals													-0.6838295234562111
1543.4926353015435	5.167022372022075	trials	-1.0	1.0	1.5		0.25	0.2	1547.0976414315471	1547.097548816961	1548.1595352315483	1545.7769735115457	1545.7780734015457	1546.50603333	
1543.58903333	0.6520000000000437	WheelMovementIntervals													-0.14096065428111615
1544.70003333	0.5599999999999454	WheelMovementIntervals													-1.122547411113942
1546.50603333	0.9179999999998927	WheelMovementIntervals													0.29610168890440036
1549.2752569815493	3.247587908362675	trials	1.0	1.0	1.5	0.25		0.2	1550.969254231551	1550.9691496315647	1552.022815531552	1549.95602223155	1549.95702213155	1550.6090333299999	
1550.6090333299999	0.5470000000000255	WheelMovementIntervals													-0.8133951738169003
1553.107840351553	3.2482876784756627	trials	-1.0	1.0	1.5		0.25	0.2	1554.8016376215548	1554.8015328841545	1555.8560321715559	1553.6426868615536	1553.6436201015536	1554.4550333299999	
1554.4550333299999	0.33100000000013097	WheelMovementIntervals													0.2712902410297602
1556.943223441557	2.5166205403136246	trials	1.0	1.0	1.5	1.0		0.2	1557.887628991558	1557.8875303984053	1558.959821761559	1557.6435534015577	1557.6445533015576	1557.8010333299999	
1557.8010333299999	2.3400000000001455	WheelMovementIntervals													-6.2053812681056115
1560.0475463115602	3.3918031914231506	trials	-1.0	1.0	1.5		0.25	0.2	1561.8767300415618	1561.8766469540599	1562.939257111563	1560.6393537915606	1560.6404870115607	1561.47103333	
1561.47103333	0.9270000000001346	WheelMovementIntervals													-0.5703010686808625
1564.033147711564	3.2087907752772935	trials	-1.0	1.0	1.5		0.25	0.2	1565.6704506315657	1565.6703419844682	1566.7419101415667	1564.5097333815645	1564.5107666115646	1565.07303333	
1565.07303333	0.9279999999998836	WheelMovementIntervals													0.287173294105628
1567.8323344215678	3.17339377119697	trials	-1.0	1.0	1.5		0.0625	0.2	1569.4405402515695	1569.4404302516775	1570.5057337215706	1568.5891254015687	1568.5900586415687	1569.01003333	
1569.01003333	0.5830000000000837	WheelMovementIntervals													0.2999054644822081
1571.5962246615716	3.6261117717092475	trials	-1.0	1.0	1.5		0.25	0.2	1573.6584184215737	1573.6583302185697	1574.7222786915747	1572.2587917315723	1572.2596583115724	1572.68303333	
1572.68303333	0.36200000000008004	WheelMovementIntervals													0.23068035280431332
1573.6090333299999	0.26900000000000546	WheelMovementIntervals													0.127913793476921
1575.815436031576	4.490093886690374	trials	1.0	1.0	1.5	0.125		0.2	1578.7482427215787	1578.748130732386	1579.8054703215798	1576.3089533415764	1576.3099199115763	1577.41803333	
1577.41803333	0.1369999999999436	WheelMovementIntervals													-0.1632365774192408
1578.71003333	0.05899999999996908	WheelMovementIntervals													-0.07722033982076937
1580.906926831581	2.882090477572092	trials	-1.0	1.0	1.5		1.0	0.2	1582.2333275115823	1582.2332215291328	1583.2889552715833	1581.4419733215814	1581.4428399015815	1582.01203333	
1582.01203333	0.5980000000001837	WheelMovementIntervals													0.33170528465893767
1584.3787129515845	2.463324116884678	trials	1.0	1.0	1.5	1.0		0.2	1585.2828225315852	1585.2827210681953	1586.3419832715863	1585.025881561585	1585.026781471585	1585.19003333	
1585.19003333	2.6979999999998654	WheelMovementIntervals													-11.021655631276872
1587.4371404115875	3.4016014480848753	trials	-1.0	1.0	1.5		1.0	0.2	1589.2833224415892	1589.2832401120547	1590.3386835615904	1588.3053869115884	1588.3063868115883	1588.93303333	
1588.93303333	2.9980000000000473	WheelMovementIntervals													-1.0018032127345577
1591.4432397615915	3.595485473198778	trials	-1.0	1.0	1.5		0.125	0.2	1593.4741366515934	1593.4740304269762	1594.5386635215946	1592.4418398915925	1592.4430064415924	1592.94803333	
1592.94803333	0.7139999999999418	WheelMovementIntervals													0.29762365862450224
1594.00203333	0.08200000000010732	WheelMovementIntervals													-0.008195889148282731
1594.82303333	0.11599999999998545	WheelMovementIntervals													-0.024182277181466816
1595.6355204915956	3.3060105299803126	trials	-1.0	1.0	1.5		0.125	0.2	1597.3741132815974	1597.3740249771859	1598.4414732015985	1596.3917115315965	1596.3930114015964	1596.73203333	
1596.73203333	0.9919999999999618	WheelMovementIntervals													0.2976742882376584
1597.93503333	0.11599999999998545	WheelMovementIntervals													-0.005995430537723223
1598.43103333	0.0809999999999036	WheelMovementIntervals													-0.010564788697479344
1599.5345305515996	3.1872917843459163	trials	-1.0	1.0	1.5		0.125	0.2	1601.1562350316012	1601.1561253541927	1602.2217951316022	1600.2884218216002	1600.2895550416004	1600.72603333	
1600.72603333	0.8869999999999436	WheelMovementIntervals													-0.44903045753551396
1603.3222184116034	3.4162007914210335	trials	-1.0	1.0	1.5		0.0625	0.2	1605.1705335616052	1605.1704177577499	1606.2383601016063	1603.8094030216039	1603.8105029116039	1604.83203333	
1604.83203333	0.35399999999981446	WheelMovementIntervals													0.2984693288959761
1605.94503333	0.33900000000016917	WheelMovementIntervals													-0.07725613522586627
1607.3360169916073	3.55551705373	trials	1.0	1.0	1.5	0.125		0.2	1609.3330172716094	1609.3329254463329	1610.3914114216104	1608.4585047316084	1608.4594046416084	1609.2240333299999	
1609.2240333299999	0.19100000000003092	WheelMovementIntervals													-0.41403018074186093
1611.4929345916114	3.5319997724543555	trials	1.0	-1.0	0.0		0.0625	0.2	1612.4557049716125	1612.4546339850913	1614.5248647016144	1612.121438401612	1612.122371641612	1612.35303333	
1612.35303333	0.6469999999999345	WheelMovementIntervals													-1.1351454831502679
1615.02103333	0.27300000000013824	WheelMovementIntervals													-0.05450984796459579
1615.853331841616	3.184591646580202	trials	-1.0	1.0	1.5		0.0	0.2	1617.4753362916174	1617.4752265686773	1618.5378966916185	1616.3213517016163	1616.3222849416163	1616.89603333	
1616.89603333	0.7110000000000127	WheelMovementIntervals													0.30522989633368525
1618.58803333	2.7350000000001273	WheelMovementIntervals													-9.580016514232284
1619.6428195216197	4.511888874280203	trials	-1.0	1.0	1.5		0.0625	0.2	1622.5936244116226	1622.5935109376433	1623.6546183016237	1621.7077130116218	1621.7085462616217	1622.09603333	
1622.09603333	1.5219999999999345	WheelMovementIntervals													-0.7621966057245118
1624.792104541625	2.982809386766803	trials	-1.0	1.0	1.5		1.0	0.2	1626.2087295316262	1626.2086080495196	1627.2748895716272	1625.5413629416255	1625.5424628316255	1625.70203333	
1625.70203333	1.4400000000000546	WheelMovementIntervals													-0.7419546405842539
1628.3698134016283	4.4550968386004115	trials	1.0	1.0	1.5	0.0625		0.2	1631.2600243516313	1631.2599100533412	1632.3248178616323	1628.870996611629	1628.872096501629	1630.51903333	
1629.67703333	0.07899999999995089	WheelMovementIntervals													-0.0719816063832468
1630.51903333	0.4049999999999727	WheelMovementIntervals													-0.11555803978080803
1631.16003333	0.13799999999991996	WheelMovementIntervals													-0.13000698747100614
1633.4279075416334	3.1789931081025316	trials	-1.0	1.0	1.5		0.0	0.2	1635.0519117916351	1635.0518029994682	1636.106839621636	1633.921091551634	1633.921991461634	1634.59403333	
1634.59403333	0.5239999999998872	WheelMovementIntervals													0.28591462491488073
1636.05503333	0.07199999999988904	WheelMovementIntervals													-0.014043824868167576
1637.1996969916372	3.5044214736465165	trials	-1.0	1.0	1.5		0.0625	0.2	1639.153301611639	1639.153207847061	1640.2040298616403	1637.870896531638	1637.8719297616378	1638.13603333	
1638.13603333	1.2730000000001382	WheelMovementIntervals													0.30275695313821416
1639.91303333	0.7989999999999782	WheelMovementIntervals													-0.11935834490691377
1641.00603333	0.5009999999999764	WheelMovementIntervals													-0.39272459013454863
1641.3045198016414	3.6662805486846537	trials	1.0	1.0	1.5	0.125		0.2	1643.4210081316435	1643.4209068414568	1644.4707364816445	1642.0914744316422	1642.0925409916422	1643.25403333	
1643.25403333	0.14799999999991087	WheelMovementIntervals													-0.23362175466638746
1645.5649937116457	3.175921368649824	trials	-1.0	1.0	1.5		0.125	0.2	1647.1852983316471	1647.1852035926452	1648.2408594316482	1646.2567578616463	1646.2577910916464	1646.69103333	
1646.69103333	0.6159999999999854	WheelMovementIntervals													0.29382067821961755
1649.3347167016493	3.119398885914279	trials	-1.0	1.0	1.5		0.0625	0.2	1650.895693921651	1650.8956146430257	1651.954054741652	1649.8539647716498	1649.85506466165	1650.33303333	
1650.33303333	0.7400000000000091	WheelMovementIntervals													0.31436705791463737
1651.91303333	0.13000000000010914	WheelMovementIntervals													-0.05200191534379428
1653.050011801653	3.0565038367224133	trials	-1.0	1.0	1.5		0.25	0.2	1654.5434957716545	1654.5434126990715	1655.6064894616557	1653.6904810816536	1653.6913476616537	1654.02903333	
1654.02903333	0.775000000000091	WheelMovementIntervals													0.30833099145070264
1655.28603333	0.21499999999991815	WheelMovementIntervals													-0.08359843987000204
1656.6944139916568	2.92618627362981	trials	-1.0	1.0	1.5		0.0	0.2	1658.0633104216581	1658.0632066352762	1659.120504691659	1657.2705563716572	1657.2716229316572	1657.61603333	
1657.61603333	0.8800000000001091	WheelMovementIntervals													0.3114049872341411
1658.73603333	4.88799999999992	WheelMovementIntervals													-10.915881425900807
1660.2166950616602	6.3701986073238	trials	-1.0	1.0	1.5		1.0	0.2	1665.026614021665	1665.0264917449852	1666.086841321666	1664.2408259416643	1664.2418258416642	1664.51203333	
1664.51203333	1.54300000000012	WheelMovementIntervals													-1.0598703094240136
1666.34103333	0.08799999999996544	WheelMovementIntervals													-0.016374588858070638
1667.2645902016673	2.939012942166528	trials	-1.0	1.0	1.5		1.0	0.2	1668.6530180116686	1668.6528953704321	1669.7035462816698	1667.7237109516677	1667.7247775116678	1668.16303333	
1668.16303333	1.4629999999999654	WheelMovementIntervals													-0.5975956496949948
1670.7993033616708	2.8575921890269456	trials	-1.0	1.0	1.5		1.0	0.2	1672.094007211672	1672.093898916935	1673.1568009216733	1671.4231409716715	1671.4240408816715	1671.63003333	
1671.63003333	1.4729999999999563	WheelMovementIntervals													0.3278493230349113
1673.30503333	0.16000000000008185	WheelMovementIntervals													-0.015543725419775
1673.98003333	0.34699999999998	WheelMovementIntervals													-0.062478654460051075
1674.2507915116744	3.2194175868744423	trials	-1.0	1.0	1.5		0.25	0.2	1675.912991941676	1675.9128995588037	1676.970152881677	1674.953454571675	1674.954321151675	1675.36403333	
1675.36403333	2.020999999999958	WheelMovementIntervals													0.316678422115956
1678.065709981678	2.8581000181668514	trials	-1.0	1.0	1.5		0.0625	0.2	1679.3624136316794	1679.362309082604	1680.4237408216804	1678.6235541916787	1678.6246207516785	1678.79303333	
1678.79303333	2.269999999999982	WheelMovementIntervals													-0.6880623222845088
1681.7576074216818	3.2484880910578795	trials	1.0	1.0	1.5	0.125		0.2	1683.4514046916834	1683.4513001698547	1684.5060658816844	1683.1699328416832	1683.1708660816832	1683.32703333	
1682.13003333	0.3569999999999709	WheelMovementIntervals													-0.17148327117524786
1683.32703333	2.6900000000000546	WheelMovementIntervals													-2.863967181475573
1685.5878910216857	2.8359957452078106	trials	1.0	1.0	1.5	1.0		0.8	1686.869296201687	1686.8691877439865	1687.9238574016879	1686.5864911516867	1686.5874910516866	1686.75703333	
1686.75703333	0.7280000000000655	WheelMovementIntervals													-3.257274890368535
1689.008382271689	2.378005205701129	trials	1.0	1.0	1.5	0.25		0.8	1689.83599950169	1689.835883387213	1690.886361121691	1689.5697927916897	1689.5710926616896	1689.74403333	
1689.74403333	1.6209999999998672	WheelMovementIntervals													-5.196856987397609
1691.968186261692	2.6059136218991625	trials	1.0	1.0	1.5	0.25		0.8	1693.014181651693	1693.0140909262361	1694.074075651694	1692.6899140816927	1692.6911139616927	1692.86703333	
1692.86703333	0.48500000000012733	WheelMovementIntervals													-1.4234170593306317
1695.1589004916952	2.360906622141556	trials	1.0	1.0	1.5	0.25		0.8	1695.963586681696	1695.96350206693	1697.019714391697	1695.7363427416958	1695.7373426416957	1695.8970333299999	
1695.8970333299999	1.0540000000000873	WheelMovementIntervals													-5.986419485090664
1698.1010062516982	3.185292852607745	trials	-1.0	1.0	1.5		0.25	0.8	1699.7306766016998	1699.7306015718937	1700.7862043717007	1698.6725490916988	1698.6736156516986	1699.27703333	
1699.27703333	0.6920000000000073	WheelMovementIntervals													0.29919922745568783
1701.8756954117018	2.263187740167723	trials	1.0	1.0	1.5	1.0		0.8	1702.5715924817025	1702.5714910276515	1703.6388190817036	1702.3396156817023	1702.3405489217023	1702.43903333	
1702.43903333	1.5039999999999054	WheelMovementIntervals													-4.520616561367206
1704.7213774817048	2.464698126159874	trials	1.0	1.0	1.5	0.25		0.8	1705.6312864817057	1705.631176051747	1706.6860809917066	1705.4361393317054	1705.4371725617054	1705.54603333	
1705.54603333	0.48700000000008004	WheelMovementIntervals													-1.848057318437668
1707.7689726917079	3.5551188560766604	trials	1.0	-1.0	0.0		0.0625	0.8	1708.7661063017088	1708.7650771344029	1710.8240338217108	1708.4728356317084	1708.4738022017084	1708.63003333	
1708.63003333	0.8429999999998472	WheelMovementIntervals													-1.6950825921444448
1709.84803333	0.3079999999999927	WheelMovementIntervals													-0.051611479814823724
1711.916891191712	2.4690987688723	trials	1.0	1.0	1.5	1.0		0.8	1712.8393989317128	1712.8392896110602	1713.885927601714	1712.5858909517126	1712.5870575017127	1712.75003333	
1712.75003333	1.3279999999999745	WheelMovementIntervals													-4.271094900235539
1714.968885961715	2.400302730382464	trials	1.0	1.0	1.5	0.0625		0.8	1715.8191009317159	1715.8189862203901	1716.8691625817169	1715.5894905617156	1715.5903571417157	1715.73703333	
1715.73703333	2.5370000000000346	WheelMovementIntervals													-3.9979908313172245
1717.959486871718	2.9130884755948045	trials	1.0	1.0	1.5	0.25		0.8	1719.3167844617194	1719.3166801048706	1720.3725455417205	1719.0400788017191	1719.040945381719	1719.14403333	
1719.14403333	1.9200000000000728	WheelMovementIntervals													-2.2890932391999286
1721.4673693817215	2.6184119315348653	trials	1.0	1.0	1.5	0.125		0.8	1722.5241970217226	1722.524073389759	1723.5857575217235	1722.2689892117223	1722.2698891217224	1722.39503333	
1721.4740333299999	0.13400000000001455	WheelMovementIntervals													-0.05880660984860242
1722.39503333	0.5869999999999891	WheelMovementIntervals													-1.3110553512935894
1723.53103333	0.9329999999999927	WheelMovementIntervals													-0.9321490652700959
1724.6785815617247	2.4570983446092214	trials	1.0	1.0	1.5	0.125		0.8	1725.5825911517256	1725.5824802170073	1726.6356191717266	1725.3050189117253	1725.3058521617254	1725.42003333	
1725.42003333	1.0609999999999218	WheelMovementIntervals													-2.227814803561273
1727.7235770317277	2.778898696395572	trials	-1.0	1.0	1.5		1.0	0.8	1728.951487561729	1728.9513755720989	1730.0023824617301	1728.1897637417283	1728.190796971728	1728.52803333	
1728.52803333	2.634999999999991	WheelMovementIntervals													-0.4315732992067751
1731.096673021731	3.3090101898471858	trials	-1.0	1.0	1.5		0.125	0.8	1732.8369989717328	1732.8368773287611	1733.905658761734	1732.2054621317322	1732.2064287017322	1732.59603333	
1732.59603333	0.6100000000001273	WheelMovementIntervals													0.3506802477591009
1733.49103333	0.40399999999999636	WheelMovementIntervals													-0.09347170346597977
1734.999682681735	2.5393924597274236	trials	1.0	1.0	1.5	1.0		0.8	1735.974885151736	1735.974778634398	1737.038978731737	1735.7019791117357	1735.7030123417358	1735.86603333	
1735.86603333	0.5330000000001291	WheelMovementIntervals													-1.5370306479680949
1738.129269691738	2.939518896746222	trials	1.0	1.0	1.5	0.0625		0.8	1739.5203639017395	1739.5202772142254	1740.5686923917406	1739.2854540617393	1739.2862873117392	1739.45203333	
1738.36703333	0.24700000000007094	WheelMovementIntervals													-0.699405732550531
1739.45203333	1.0540000000000873	WheelMovementIntervals													-5.859788620500581
1741.923690211742	2.4811966029187715	trials	1.0	1.0	1.5	1.0		0.8	1742.839765261743	1742.8396882192696	1743.904858741744	1742.6216204117427	1742.6225869817426	1742.74203333	
1742.74203333	1.2110000000000127	WheelMovementIntervals													-5.319853759120861
1744.990083541745	2.5484913985469575	trials	1.0	1.0	1.5	0.0625		0.8	1745.983384201746	1745.9832794101558	1747.0384786817472	1745.5853240117456	1745.5861905917457	1745.82703333	
1745.82703333	0.2799999999999727	WheelMovementIntervals													-0.42242404714852455
1748.1199705217482	2.431800341388225	trials	1.0	1.0	1.5	0.25		0.8	1748.998782631749	1748.9986699224305	1750.0516773317502	1748.7352089917488	1748.7361422317488	1748.79103333	
1748.79103333	0.6600000000000819	WheelMovementIntervals													-1.2895902258461547
1750.28503333	0.38799999999991996	WheelMovementIntervals													-0.1339600974597488
1751.1402684617512	2.4613979010277944	trials	1.0	1.0	1.5	0.125		0.8	1752.038778601752	1752.038666965646	1753.1016056417532	1751.8379653517518	1751.839098571752	1751.86903333	
1751.86903333	1.4759999999998854	WheelMovementIntervals													-3.3719572220948066
1754.190763381754	2.247415442807551	trials	1.0	1.0	1.5	1.0		0.8	1754.873861731755	1754.8737674671102	1755.938088631756	1754.6551836017547	1754.6560501817546	1754.79703333	
1754.79703333	0.525000000000091	WheelMovementIntervals													-2.467571773135205
1757.021180311757	2.6637810918739433	trials	1.0	1.0	1.5	0.125		0.8	1758.136868731758	1758.136771555436	1759.1848639217592	1757.5849239317577	1757.5859904917577	1758.04903333	
1758.04903333	1.5499999999999545	WheelMovementIntervals													-3.38067717160709
1760.2763547617603	2.875218029003463	trials	1.0	1.0	1.5	0.25		0.8	1761.6036886817617	1761.603562160786	1762.6514838917626	1760.8548969017609	1760.855963461761	1761.02303333	
1761.02303333	2.8129999999998745	WheelMovementIntervals													-1.110549524328576
1763.7490741217637	4.669006517224489	trials	1.0	1.0	1.5	0.0625		0.8	1766.8684621517668	1766.8683771396632	1767.917990521768	1764.3379152317643	1764.3388818017643	1765.5510333299999	
1765.5510333299999	3.5410000000001673	WheelMovementIntervals													-1.074662472930413
1769.030779231769	2.9539850760154422	trials	-1.0	1.0	1.5		1.0	0.8	1770.4273728917703	1770.4272707582352	1771.4846671517714	1769.7715051517698	1769.7724717217698	1770.16803333	
1770.16803333	0.7590000000000146	WheelMovementIntervals													-0.47406475013792715
1771.68203333	0.650000000000091	WheelMovementIntervals													-0.39549331989269376
1772.5790577017726	3.9055159479157737	trials	-1.0	-1.0	0.0	0.0		0.8	1773.925756351774	1773.924962508453	1775.984517121776	1773.1213034717732	1773.122470021773	1773.56903333	
1773.56903333	0.8190000000001874	WheelMovementIntervals													0.3001924380040464
1777.0843737917771	2.916986849116256	trials	-1.0	1.0	1.5		1.0	0.8	1778.4521703317785	1778.452066687955	1779.5012654117795	1777.5378284417775	1777.5386950217776	1778.0220333299999	
1778.0220333299999	0.5830000000000837	WheelMovementIntervals													0.2949622795160849
1779.00503333	1.2519999999999527	WheelMovementIntervals													-1.145684160488372
1780.5999555317806	3.5711156125948946	trials	1.0	1.0	1.5	0.25		0.8	1782.6042550817826	1782.6041631715407	1783.6710150617837	1781.3046850517812	1781.3056182917812	1782.03903333	
1782.03903333	4.1030000000000655	WheelMovementIntervals													-4.6374755310364435
1784.773771441785	6.713400809841687	trials	1.0	1.0	1.5	0.0625		0.8	1789.93295547179	1789.9328697586973	1790.987150041791	1786.7343420317868	1786.7352086117867	1787.45803333	
1787.45803333	0.1330000000000382	WheelMovementIntervals													-0.12818001783750788
1789.86103333	0.12400000000002365	WheelMovementIntervals													-0.15652512394751739
1792.1303690417922	4.807594693294732	trials	1.0	1.0	1.5	0.125		0.8	1795.3720448417953	1795.3719641151333	1796.4379382417965	1792.7009119817926	1792.7017785617927	1794.29403333	
1793.41803333	0.12400000000002365	WheelMovementIntervals													-0.034231854854169796
1794.29403333	0.4079999999999018	WheelMovementIntervals													-0.13675806112735245
1795.24203333	0.2860000000000582	WheelMovementIntervals													-0.09831214762436957
1797.5454608117975	5.575084955612965	trials	1.0	1.0	1.5	1.0		0.8	1801.5696583518015	1801.5695485091853	1802.6204865918025	1798.2174269417983	1798.2186934817983	1801.30703333	
1801.30703333	1.6639999999999873	WheelMovementIntervals													-2.350876615605557
1803.7340418918038	2.9167151617452873	trials	1.0	1.0	1.5	0.0625		0.8	1805.095872361805	1805.0957480365346	1806.150700201806	1804.2005619018041	1804.2015951318042	1804.89403333	
1804.89403333	1.5009999999999764	WheelMovementIntervals													-1.408407615787496
1807.2420577218072	3.395102127380369	trials	1.0	1.0	1.5	0.0625		0.8	1809.086339941809	1809.0862577909995	1810.13710152181	1807.820466541808	1807.821566431808	1808.90603333	
1808.4740333299999	0.08000000000015461	WheelMovementIntervals													-0.02034124236763546
1808.90603333	0.93100000000004	WheelMovementIntervals													-0.6482035084438849
1811.2401578718113	3.3937025609459397	trials	1.0	1.0	1.5	0.25		0.8	1813.085439991813	1813.085358176805	1814.133768481814	1811.883760171812	1811.884826731812	1812.67303333	
1812.67303333	0.6860000000001492	WheelMovementIntervals													-0.993266800263541
1815.2331585318152	16.686494753017996	trials	1.0	1.0	1.5	0.25		0.8	1830.3654451518303	1830.3653519598697	1831.4195730618314	1815.7536064818157	1815.7544064018157	1829.88003333	
1829.88003333	0.6849999999999454	WheelMovementIntervals													-0.7774526540403031
1830.94203333	1.8489999999999327	WheelMovementIntervals													-6.275011507904651
1832.6403509718327	2.446899026588653	trials	1.0	1.0	1.5	0.0625		0.8	1833.5324617518336	1833.5323498878977	1834.5871562718346	1833.4332383418334	1833.4341382518335	1833.42903333	
1833.42903333	2.4199999999998454	WheelMovementIntervals													-4.2075666558768035
1835.6769472818357	4.5592880066490125	trials	1.0	1.0	1.5	0.25		0.8	1838.6840465418386	1838.6839373932617	1839.7361413218398	1836.3999416418364	1836.4011081918363	1838.33703333	
1838.33703333	2.33400000000006	WheelMovementIntervals													-1.4320384860811828
1840.8464302818409	3.0566033397733463	trials	-1.0	1.0	1.5		0.0625	0.2	1842.3413474418423	1842.3412309370433	1843.4029746018434	1841.3831099418414	1841.3840765118414	1841.97503333	
1841.97503333	0.5879999999999654	WheelMovementIntervals													0.2887210791374173
1843.82303333	0.3089999999999691	WheelMovementIntervals													-0.660855062120163
1844.4967318818444	3.4862957784857826	trials	1.0	1.0	1.5	1.0		0.2	1846.4212394118465	1846.42112789565	1847.4829332318475	1845.1828632618451	1845.1839964818453	1846.11703333	
1846.11703333	1.4329999999999927	WheelMovementIntervals													-4.1540015801545
1848.5809234218486	3.7219038647099296	trials	1.0	-1.0	0.0		0.0	0.2	1849.7532395118499	1849.7522240086817	1851.802801201852	1849.0860062418492	1849.0869394818492	1849.53003333	
1849.53003333	0.5299999999999727	WheelMovementIntervals													-0.42763576942263626
1852.892225581853	2.9948079821085685	trials	-1.0	1.0	1.5		1.0	0.2	1854.3231491418544	1854.323028439872	1855.3869427518555	1853.4994981818536	1853.5004980818535	1854.03003333	
1854.03003333	1.5480000000000018	WheelMovementIntervals													0.3328805652349729
1856.38903333	1.3550000000000182	WheelMovementIntervals													-0.4803404880626658
1856.4867327618565	3.882916950196204	trials	-1.0	1.0	1.5		0.0625	0.2	1858.8096337818588	1858.8095417052486	1859.86952778186	1858.1826298218582	1858.1837630418581	1858.56803333	
1858.56803333	0.6369999999999436	WheelMovementIntervals													-0.4708709545417378
1860.979950061861	3.752900752911046	trials	-1.0	1.0	1.5		0.0625	0.2	1863.1589321418633	1863.1588487572226	1864.2327247518642	1861.4661014418614	1861.4670346818614	1861.68103333	
1861.68103333	1.8550000000000182	WheelMovementIntervals													0.28841322836387917
1864.15103333	0.05099999999993088	WheelMovementIntervals													-0.008193462919280137
1865.3389474518654	3.276984278709733	trials	1.0	1.0	1.5	0.25		0.2	1867.069241071867	1867.0691380953326	1868.115903061868	1865.8687278018658	1865.8696277118659	1866.56603333	
1866.56603333	0.6990000000000691	WheelMovementIntervals													-0.7547037110996371
1869.2148264918692	2.684406495706753	trials	-1.0	1.0	1.5		1.0	0.2	1870.3400472918704	1870.3399283761323	1871.3991747018715	1869.7357410618697	1869.7369076118698	1870.09803333	
1870.09803333	0.28899999999998727	WheelMovementIntervals													0.3066279217216561
1872.4929319818725	3.0770012632174257	trials	-1.0	1.0	1.5		0.25	0.2	1874.018646061874	1874.0185316165703	1875.0698742618752	1873.001947741873	1873.002847651873	1873.70603333	
1873.70603333	0.6279999999999291	WheelMovementIntervals													0.3130848338250871
1876.1680311018763	4.031005774727191	trials	1.0	1.0	1.5	0.0625		0.2	1878.6404171718787	1878.6403328036754	1879.6989779718797	1876.6657479918767	1876.6667812218766	1878.56103333	
1877.42203333	0.057999999999992724	WheelMovementIntervals													-0.04308074492632841
1878.16103333	0.08300000000008367	WheelMovementIntervals													-0.07331114054454702
1878.56103333	0.5369999999998072	WheelMovementIntervals													-0.336551617879536
1879.59603333	2.6410000000000764	WheelMovementIntervals													-3.819745876973002
1880.802334291881	4.613309704672929	trials	-1.0	1.0	1.5		0.0625	0.2	1883.868327661884	1883.8682394122388	1884.915589591885	1882.853029201883	1882.8539957718829	1883.48503333	
1882.77003333	0.06100000000014916	WheelMovementIntervals													-0.0069554035793544244
1883.48503333	1.7089999999998327	WheelMovementIntervals													-1.1161480938121713
1886.0475430518861	3.0013807395971526	trials	-1.0	1.0	1.5		0.0	0.2	1887.4918319418875	1887.4917323407374	1888.5488595618885	1886.7017776218868	1886.7026108718867	1887.11503333	
1887.11503333	1.5199999999999818	WheelMovementIntervals													0.3190547916852893
1889.6475163518896	2.8012965444193014	trials	-1.0	1.0	1.5		0.125	0.2	1890.901124311891	1890.9010139106783	1891.948719541892	1890.3683109318904	1890.3692108418904	1890.64203333	
1890.64203333	1.4559999999999036	WheelMovementIntervals													0.3437970279193223
1893.046709731893	2.7558002337264043	trials	-1.0	1.0	1.5		0.125	0.2	1894.2437233518942	1894.243608964765	1895.3024174718953	1893.5018308818935	1893.5028307818936	1893.68503333	
1893.68503333	0.9110000000000582	WheelMovementIntervals													0.3532296664958494
1895.0220333299999	0.14000000000010004	WheelMovementIntervals													-0.017040082627659103
1895.46203333	0.8830000000000382	WheelMovementIntervals													-0.371477378234772
1896.4012075818964	2.6475091545314626	trials	-1.0	1.0	1.5		0.25	0.2	1897.4719338318976	1897.4718104750543	1898.5486928118985	1896.965184511897	1896.966117751897	1897.11303333	
1897.11303333	0.8889999999998963	WheelMovementIntervals													-0.7155931404995499
1899.6465163518997	2.7019047184446663	trials	-1.0	1.0	1.5		1.0	0.2	1900.781336191901	1900.781217493547	1901.848396141902	1900.3193157319004	1900.3203822919004	1900.49503333	
1900.49503333	0.72199999999998	WheelMovementIntervals													-0.47908411654930205
1901.95103333	0.4470000000001164	WheelMovementIntervals													-0.15825938618240798
1902.946319671903	2.7389075954777127	trials	1.0	1.0	1.5	1.0		0.2	1904.1213354919041	1904.121221643213	1905.1851291019052	1903.5018974419036	1903.5026640319036	1903.81703333	
1903.81703333	1.3869999999999436	WheelMovementIntervals													-5.419781654172766
1906.5521257219066	3.1661935769727734	trials	-1.0	1.0	1.5		0.25	0.2	1908.152532331908	1908.1524214646386	1909.2182590819093	1907.2317244219073	1907.2325910019072	1907.66203333	
1907.66203333	0.6639999999999873	WheelMovementIntervals													0.35363304341183266
1910.3186157019104	5.266512192080427	trials	1.0	1.0	1.5	0.0625		0.2	1914.012312961914	1914.0122228500077	1915.0850390119151	1910.815032721911	1910.8158659719109	1911.95003333	
1911.95003333	0.09200000000009823	WheelMovementIntervals													-0.1257535415907114
1912.79903333	0.1069999999999709	WheelMovementIntervals													-0.10156355784272364
1916.2041270919162	2.7606996023912416	trials	-1.0	1.0	1.5		1.0	0.2	1917.3952079719174	1917.395126057559	1918.4647010119186	1916.7816026719167	1916.7824359219169	1917.09303333	
1917.09303333	0.35799999999994725	WheelMovementIntervals													0.32570369366430896
1919.5663241719196	2.7486008584814954	trials	-1.0	1.0	1.5		0.0625	0.2	1920.7381069819207	1920.7380236853026	1921.814832631922	1920.08437236192	1920.08540559192	1920.41803333	
1920.41803333	0.625	WheelMovementIntervals													0.36818333386474933
1922.913222781923	2.9680822957966484	trials	-1.0	1.0	1.5		0.0625	0.2	1924.3110163219244	1924.3109135030757	1925.3812426219254	1923.5513256319236	1923.5523255319235	1923.84503333	
1923.84503333	0.7509999999999764	WheelMovementIntervals													0.30935921891762064
1925.08503333	0.22100000000000364	WheelMovementIntervals													-0.09064500975432566
1926.4831990819266	2.6147125952923034	trials	-1.0	1.0	1.5		1.0	0.2	1927.5240283219275	1927.5239032990498	1928.5978209319287	1926.984215641927	1926.985348861927	1927.26803333	
1927.26803333	0.5950000000000273	WheelMovementIntervals													0.31532395135366187
1929.6864120619298	2.599212862169452	trials	1.0	1.0	1.5	1.0		0.2	1930.7133093619307	1930.7132163529684	1931.7855687919318	1930.1506656319302	1930.1515655419303	1930.39203333	
1930.39203333	0.4619999999999891	WheelMovementIntervals													-0.5716999471413828
1931.35703333	1.461999999999989	WheelMovementIntervals													-4.991583564426719
1932.885725431933	2.8786896183110002	trials	-1.0	1.0	1.5		0.125	0.2	1934.1999273319343	1934.1998197798102	1935.2643875419353	1933.3977742219333	1933.3988407819334	1933.88603333	
1933.88603333	2.3700000000001182	WheelMovementIntervals													-0.7287833733985281
1936.3685104519363	3.46539574660801	trials	-1.0	1.0	1.5		0.125	0.2	1938.2623210519382	1938.2622070347145	1939.3338472219393	1937.4508355419375	1937.4517687819375	1937.89103333	
1937.89103333	1.1879999999998745	WheelMovementIntervals													0.36799590566477036
1940.4416031019405	2.8226945141293527	trials	-1.0	1.0	1.5		0.0625	0.2	1941.6958110019418	1941.6956997760385	1942.7642708119429	1940.930954161941	1940.932054051941	1941.29203333	
1941.29203333	1.3719999999998436	WheelMovementIntervals													0.29301203729505687
1943.0800333299999	0.2700000000002092	WheelMovementIntervals													-0.06633113085183595
1943.865394021944	3.248914326506565	trials	-1.0	1.0	1.5		0.0	0.2	1945.5378934219455	1945.537800367118	1946.6142191119466	1944.5849220619446	1944.5859886219446	1945.07803333	
1945.07803333	0.7789999999999964	WheelMovementIntervals													0.3022258762321144
1946.33803333	0.2840000000001055	WheelMovementIntervals													-0.035493035501986014
1947.21503333	0.0809999999999036	WheelMovementIntervals													-0.023345650668943563
1947.7188086419478	3.2285876768423805	trials	1.0	1.0	1.5	1.0		0.2	1949.3776094119494	1949.3775012834	1950.4474024219505	1948.5509254219485	1948.5519253219486	1948.92103333	
1947.85103333	0.1269999999999527	WheelMovementIntervals													-0.1167375291895496
1948.92103333	0.7100000000000364	WheelMovementIntervals													-0.9311073274058117
1949.99203333	2.576000000000022	WheelMovementIntervals													-4.198662438062229
1951.5552916219515	5.328504659972168	trials	-1.0	1.0	1.5		0.0625	0.2	1955.3088162319552	1955.3086934956375	1956.3837087319564	1954.4671670719545	1954.4681669719546	1954.97503333	
1952.80003333	0.24500000000011823	WheelMovementIntervals													-0.027576027889040233
1954.97503333	0.6719999999997981	WheelMovementIntervals													0.3191264139353507
1955.93003333	4.565000000000055	WheelMovementIntervals													-9.557823518482678
1957.5248946019576	6.5891082226441995	trials	1.0	1.0	1.5	0.125		0.2	1962.5532917119626	1962.5531993506047	1963.6138856419636	1961.9473189819619	1961.948385541962	1961.80303333	
1960.82603333	0.52800000000002	WheelMovementIntervals													-1.1346243688008144
1961.80303333	1.6779999999998836	WheelMovementIntervals													-0.8413463283537794
1963.86703333	0.07300000000009277	WheelMovementIntervals													-0.011228898618924177
1964.7889014619648	2.82479448446702	trials	-1.0	1.0	1.5		0.25	0.2	1966.053708301966	1966.0535980971645	1967.113668961967	1965.3167820019653	1965.3176485819654	1965.59203333	
1965.59203333	1.9049999999999727	WheelMovementIntervals													-0.7016675373768066
1967.7530333299999	0.05900000000019645	WheelMovementIntervals													-0.003384035956628395
1968.2129923519683	2.7174041626853978	trials	-1.0	1.0	1.5		1.0	0.2	1969.3561113619694	1969.3559928410198	1970.4303039319705	1968.7338735919689	1968.7349401519687	1968.93503333	
1968.93503333	0.9090000000001055	WheelMovementIntervals													0.3103226103687575
1970.17003333	0.3229999999998654	WheelMovementIntervals													-0.050419897872416186
1971.5317937719715	5.068198711908053	trials	-1.0	1.0	1.5		0.0	0.2	1975.040909491975	1975.0407914954412	1976.0999035819762	1974.100103581974	1974.101170141974	1974.56303333	
1971.88903333	1.634999999999991	WheelMovementIntervals													0.6712744482085782
1974.56303333	2.7949999999998454	WheelMovementIntervals													-1.9712826465071203
1977.2348900719774	2.9155139795900595	trials	-1.0	1.0	1.5		1.0	0.2	1978.5726896119786	1978.5725955684914	1979.6502818419797	1977.913488871978	1977.914422111978	1978.25403333	
1978.25403333	0.8429999999998472	WheelMovementIntervals													0.2919780246987784
1979.83303333	0.55600000000004	WheelMovementIntervals													-0.19941486727611846
1980.7565045419808	3.011183376473582	trials	1.0	1.0	1.5	0.0625		0.2	1982.1999935119823	1982.1998956149152	1983.2676534019834	1981.3300805119814	1981.3310470819813	1981.61203333	
1981.61203333	0.6789999999998599	WheelMovementIntervals													-0.3562777416929066
1982.70603333	1.6499999999998636	WheelMovementIntervals													-2.709084831910559
1984.6644803719846	3.285811066730048	trials	-1.0	1.0	1.5		0.25	0.2	1986.3833751319864	1986.383285114783	1987.4502684319875	1985.6467821319857	1985.6476487119858	1985.98003333	
1985.98003333	1.2870000000000346	WheelMovementIntervals													-0.734866282312737
1988.5566911119886	2.673206659480684	trials	-1.0	1.0	1.5		0.0625	0.2	1989.6648802819898	1989.664793043444	1990.7298737719907	1989.096703771989	1989.0975703519891	1989.26403333	
1989.26403333	1.1569999999999254	WheelMovementIntervals													-0.9519388384914009
1990.75703333	1.5699999999999363	WheelMovementIntervals													-1.5329388261500299
1991.832596821992	3.247286832501004	trials	-1.0	1.0	1.5		0.0625	0.2	1993.5205946719936	1993.5204884183654	1994.5798887319945	1992.8178316219928	1992.818831521993	1993.12503333	
1993.12503333	2.836999999999989	WheelMovementIntervals													-4.166638028897182
1995.6909776119958	3.9253133917416108	trials	1.0	1.0	1.5	0.0625		0.2	1998.046475371998	1998.0463844476758	1999.1162350519992	1996.5664900519967	1996.5674566219966	1997.87103333	
1996.98903333	0.45100000000002183	WheelMovementIntervals													0.08167005935365523
1997.87103333	1.6289999999999054	WheelMovementIntervals													-1.3770099983391901
1999.99603333	0.19499999999993634	WheelMovementIntervals													-0.16489699419946646
2000.2255907720003	3.0375040770557007	trials	-1.0	1.0	1.5		0.25	0.2	2001.7005765920017	2001.7004917805427	2002.7630370020029	2000.8797253520008	2000.880725252001	2001.39103333	
2001.39103333	0.6240000000000236	WheelMovementIntervals													0.30061399391831856
2003.866993262004	2.8328934759058484	trials	-1.0	1.0	1.5		0.25	0.2	2005.123500932005	2005.123389481544	2006.1998266220062	2004.3828083420044	2004.3836415920043	2004.78603333	
2004.78603333	0.7129999999999654	WheelMovementIntervals													0.3178002905038966
2007.3033829220074	2.776098569669557	trials	-1.0	1.0	1.5		0.25	0.2	2008.5102955520085	2008.5101814308075	2009.5794552920097	2007.7962669620078	2007.7972668620077	2008.21703333	
2008.21703333	0.7149999999999181	WheelMovementIntervals													0.28281997226486055
2010.6780787520106	2.988009827294718	trials	-1.0	1.0	1.5		0.125	0.2	2012.1008697920122	2012.100782002741	2013.1660632620133	2011.3833415520114	2011.3842081320115	2011.73103333	
2011.73103333	0.5330000000001291	WheelMovementIntervals													0.2914223118731343
2013.22203333	0.31500000000005457	WheelMovementIntervals													-0.24051293040065502
2014.2624869420142	2.900188770836394	trials	-1.0	1.0	1.5		0.0625	0.2	2015.5942870820156	2015.5941808675143	2016.6626135720167	2014.7459385920147	2014.7468051720148	2015.29603333	
2015.29603333	0.4960000000000946	WheelMovementIntervals													0.3221110423628488
2017.7547710120177	4.561515600651774	trials	1.0	1.0	1.5	0.25		0.2	2020.7533711220208	2020.753279952396	2021.8162648220218	2018.2498548320182	2018.2507547420182	2018.81603333	
2018.81603333	0.4390000000000782	WheelMovementIntervals													0.11152817421293548
2019.86203333	0.08600000000001273	WheelMovementIntervals													-0.0778448058961203
2020.68903333	0.08999999999991815	WheelMovementIntervals													-0.11983793446961499
2022.933186452023	3.046103578423981	trials	1.0	1.0	1.5	0.125		0.2	2024.4114719420245	2024.4113872179942	2025.4792318220254	2023.4792318420234	2023.4803983920235	2024.02903333	
2024.02903333	1.7740000000001146	WheelMovementIntervals													-1.126293049563401
2026.5805883420267	3.43179876173258	trials	-1.0	1.0	1.5		0.125	0.2	2028.4490681420284	2028.4489865789942	2029.5122951420296	2027.5823214920276	2027.5833213920275	2028.21003333	
2028.21003333	1.3430000000000746	WheelMovementIntervals													-1.1668606373858665
2030.6182845320307	4.24408533607766	trials	1.0	-1.0	0.0		0.125	0.2	2032.3048491920324	2032.304077912953	2034.3622767620343	2031.165296492031	2031.1662630620312	2031.87103333	
2031.87103333	1.5419999999999163	WheelMovementIntervals													-1.104510819948814
2035.4751654620354	3.1704205250580344	trials	-1.0	1.0	1.5		0.25	0.2	2037.0755720720372	2037.0754748127897	2038.1454984020381	2036.1990597320362	2036.2001262920362	2036.60703333	
2036.60703333	1.3360000000000127	WheelMovementIntervals													0.3198395310661226
2038.15403333	0.20000000000004547	WheelMovementIntervals													-0.023971701029154246
2039.2539875420393	2.841593977337652	trials	1.0	1.0	1.5	1.0		0.2	2040.5240605220406	2040.5239835095333	2041.5954533720417	2039.7824346920397	2039.78340126204	2040.17103333	
2040.17103333	0.9120000000000346	WheelMovementIntervals													-2.6559661179902605
2042.6962766120428	4.049103930632327	trials	1.0	-1.0	0.0		1.0	0.2	2044.175328692044	2044.1744769517873	2046.2452883420463	2043.3164145920434	2043.3173478320434	2043.73403333	
2043.73403333	0.987999999999829	WheelMovementIntervals													-0.8754635616126052
2047.3517776820474	3.846791465315391	trials	-1.0	-1.0	0.0	0.0		0.2	2048.635249322049	2048.6343741695746	2050.698509642051	2047.8152646620479	2047.8162645620478	2048.29203333	
2048.29203333	0.5489999999999782	WheelMovementIntervals													0.32792568862043936
2051.806665482052	5.005304494665779	trials	-1.0	1.0	1.5		0.0625	0.2	2055.252154232055	2055.252067199255	2056.3118815820562	2054.211891602054	2054.212824842054	2054.89603333	
2051.91703333	1.7029999999999745	WheelMovementIntervals													-1.9304501133644862
2054.89603333	1.5830000000000837	WheelMovementIntervals													-1.1466070579112966
2057.4446682920575	2.7540003572935348	trials	-1.0	1.0	1.5		1.0	0.2	2058.6308829920586	2058.630767584573	2059.69860954206	2057.965649522058	2057.966416112058	2058.33003333	
2058.33003333	1.0329999999999018	WheelMovementIntervals													-0.4563834828529707
2060.797666292061	3.1974915794480694	trials	-1.0	1.0	1.5		0.25	0.2	2062.4376689420624	2062.4375604348143	2063.4951298520637	2061.5449582220617	2061.5460247820615	2061.95303333	
2061.95303333	1.4200000000000728	WheelMovementIntervals													0.3161083763352508
2064.5997527120644	2.99890957201751	trials	-1.0	1.0	1.5		0.25	0.2	2066.028676472066	2066.028556319684	2067.098602802067	2065.1492310920653	2065.150330982065	2065.62403333	
2065.62403333	1.863999999999578	WheelMovementIntervals													0.3164014400912265
2068.5008625620685	2.827394453438501	trials	-1.0	1.0	1.5		0.125	0.2	2069.7623697320696	2069.7622591952913	2070.828229802071	2069.0281098320693	2069.028909752069	2069.36603333	
2069.36603333	0.5180000000000291	WheelMovementIntervals													0.30742870541087086
2070.34103333	0.4230000000002292	WheelMovementIntervals													-0.13527415638804996
2071.925253422072	4.689804448733412	trials	1.0	1.0	1.5	0.125		0.2	2075.041575092075	2075.0414550491646	2076.1149677420763	2072.664612812073	2072.665546052073	2073.25103333	
2073.25103333	2.05600000000004	WheelMovementIntervals													-0.3025029328423443
2075.71603333	0.4210000000002765	WheelMovementIntervals													-0.15971994778135468
2077.230356192077	3.1309962903515043	trials	-1.0	1.0	1.5		0.0625	0.2	2078.805065372079	2078.80495332066	2079.8612930720797	2077.8444947720777	2077.8454280120777	2078.31203333	
2078.31203333	1.5320000000001528	WheelMovementIntervals													0.31521280322624534
2080.964749382081	3.316809252382882	trials	-1.0	1.0	1.5		0.0625	0.2	2082.7218736520826	2082.721752694137	2083.781467682084	2081.4814643720815	2081.4823642820816	2082.06403333	
2082.06403333	2.917000000000371	WheelMovementIntervals													-0.6052812180397495
2084.890356782085	5.587514030872171	trials	1.0	1.0	1.5	0.25		0.8	2088.9177540020887	2088.9176647327977	2089.97778132209	2085.5777213720858	2085.5786546120858	2086.72003333	
2085.80503333	0.18100000000004002	WheelMovementIntervals													-0.030414413530706952
2086.72003333	1.6929999999997563	WheelMovementIntervals													-0.16257616407790465
2088.69703333	2.2799999999997453	WheelMovementIntervals													-1.8147850227064737
2091.100469042091	4.643879236299199	trials	1.0	1.0	1.5	0.125		0.8	2094.1844606120944	2094.1843539252827	2095.2442546220955	2091.6810109820917	2091.681877562092	2093.21703333	
2093.21703333	1.7530000000001564	WheelMovementIntervals													-1.2188863811016972
2096.3576432720965	3.2367155315773743	trials	1.0	1.0	1.5	1.0		0.8	2098.024843202098	2098.0247502416887	2099.094236252099	2097.030442652097	2097.031442552097	2097.69803333	
2097.69803333	1.3890000000001237	WheelMovementIntervals													-1.3402061981290672
2099.96003333	0.2919999999999163	WheelMovementIntervals													-0.35625504300776356
2100.1967593221	3.1640937789361487	trials	1.0	1.0	1.5	0.125		0.8	2101.796266022102	2101.7961551664916	2102.860826222103	2100.730272632101	2100.7313725221006	2101.55503333	
2101.55503333	1.2380000000002838	WheelMovementIntervals													-0.8527454872993303
2103.960849542104	3.7030049502186557	trials	1.0	1.0	1.5	0.0625		0.8	2106.100135592106	2106.1000506687324	2107.163762552107	2104.6978758321047	2104.698975722105	2105.00303333	
2105.00303333	1.3769999999999527	WheelMovementIntervals													-0.3063289325128835
2108.2710518121085	4.659506953821619	trials	1.0	1.0	1.5	0.25		0.8	2111.365142372111	2111.3650551015426	2112.4305024921123	2108.777367842109	2108.7782344221087	2109.94503333	
2109.34303333	0.20299999999997453	WheelMovementIntervals													-0.09463827970876082
2109.94503333	2.463999999999942	WheelMovementIntervals													-0.35379647576451134
2113.5477574221136	3.216189075582861	trials	1.0	1.0	1.5	0.0		0.8	2115.1987589721152	2115.198650787916	2116.263919112116	2114.243721152114	2114.2448210421144	2114.82203333	
2114.82203333	2.2399999999997817	WheelMovementIntervals													-0.9666747150785113
2117.3675420721174	3.2963105136250306	trials	1.0	1.0	1.5	0.0625		0.8	2119.096535822119	2119.0964465374873	2120.16379575212	2117.927119442118	2117.928086012118	2118.48003333	
2118.48003333	0.15300000000024738	WheelMovementIntervals													-0.1469943074434923
2118.99103333	0.1089999999999236	WheelMovementIntervals													-0.11713367910249417
2121.266452142121	3.160493673836754	trials	1.0	1.0	1.5	1.0		0.8	2122.867058732123	2122.8669479256946	2123.926919402124	2121.943617752122	2121.944684312122	2122.46303333	
2122.46303333	2.2159999999998945	WheelMovementIntervals													-2.584499668026524
2125.031942222125	3.481895213918051	trials	1.0	1.0	1.5	0.25		0.8	2126.942551142127	2126.94243849864	2128.013777342128	2126.1466974021264	2126.147597312126	2126.50503333	
2126.50503333	1.58199999999988	WheelMovementIntervals													-0.4840010998063917
2129.111034272129	3.1023990580270038	trials	1.0	1.0	1.5	0.25		0.8	2130.6443475921305	2130.6442328182125	2131.7133740121317	2129.6768776821295	2129.67787758213	2130.06603333	
2130.06603333	0.7369999999996253	WheelMovementIntervals													-0.3270009469457591
2131.43103333	1.6050000000000182	WheelMovementIntervals													-1.1208265479937154
2132.812430762133	3.500621785903604	trials	-1.0	1.0	1.5		0.25	0.8	2134.7462373621347	2134.746141691682	2135.812964012136	2133.7435376421336	2133.7444708821336	2134.24703333	
2134.24703333	0.9810000000002219	WheelMovementIntervals													0.30201658348187266
2136.913553942137	6.450194963256763	trials	1.0	1.0	1.5	0.0		0.8	2141.790432872142	2141.790348621871	2142.863692202143	2137.876857602138	2137.877724182138	2140.54403333	
2140.54403333	1.6020000000003165	WheelMovementIntervals													-0.3267619163177642
2143.23403333	0.07200000000011642	WheelMovementIntervals													-0.008300296796846851
2143.84603333	0.41600000000016735	WheelMovementIntervals													-0.21711494296698675
2143.990046222144	3.336579034541046	trials	1.0	1.0	1.5	0.125		0.8	2145.7656353121456	2145.765534001576	2146.8266292021467	2144.7931325721447	2144.793965822145	2145.38303333	
2145.38303333	0.5149999999998727	WheelMovementIntervals													-0.4320550596647763
2147.9273191221478	3.4695245109655843	trials	1.0	1.0	1.5	0.25		0.8	2149.82412942215	2149.8240314283944	2150.896822142151	2148.4633655121484	2148.4642320921484	2149.09103333	
2149.09103333	0.1550000000002001	WheelMovementIntervals													-0.14584515505953277
2149.71103333	0.2019999999997708	WheelMovementIntervals													-0.12737407691258795
2151.996245522152	3.284883867649114	trials	1.0	1.0	1.5	0.125		0.8	2153.7117406221537	2153.711636053305	2154.781033682155	2152.5263925021527	2152.5274923921525	2152.98803333	
2152.98803333	0.21800000000030195	WheelMovementIntervals													-0.2382981865292777
2153.67603333	0.11000000000012733	WheelMovementIntervals													-0.05201054993881371
2155.876724102156	3.7164043160928486	trials	-1.0	1.0	1.5		0.25	0.8	2158.023242762158	2158.023125439811	2159.093035772159	2156.4429341421564	2156.4440673621566	2157.08703333	
2157.08703333	1.1910000000002583	WheelMovementIntervals													0.2991228061681568
2158.80303333	0.3220000000001164	WheelMovementIntervals													-0.09664281943844344
2160.5140269921603	3.2664146992638052	trials	-1.0	1.0	1.5		1.0	0.8	2162.205224522162	2162.205133049167	2163.2803503321634	2161.029242132161	2161.030342022161	2161.47003333	
2161.47003333	1.1279999999997017	WheelMovementIntervals													0.30373214567248397
2163.95503333	0.08699999999998909	WheelMovementIntervals													-0.029684853318826754
2164.3753408221646	4.753799217308369	trials	1.0	1.0	1.5	0.0		0.8	2167.5658217421674	2167.565738954628	2168.629082072169	2165.0595057321652	2165.060605622165	2165.80503333	
2165.80503333	0.18800000000010186	WheelMovementIntervals													-0.18105217013408037
2166.52103333	0.4719999999997526	WheelMovementIntervals													-0.057054635062172565
2167.51803333	0.16400000000021464	WheelMovementIntervals													-0.09364215837717893
2168.26403333	0.34799999999995634	WheelMovementIntervals													-0.13871962670646099
2169.7395376821696	3.0698022681735893	trials	-1.0	1.0	1.5		0.0625	0.8	2171.253319622171	2171.253237814404	2172.3092473521724	2170.29264903217	2170.2935156121703	2170.80303333	
2170.80303333	0.6880000000001019	WheelMovementIntervals													0.31137383802547447
2172.41903333	0.07200000000011642	WheelMovementIntervals													-0.024148384667341816
2173.4026380021733	2.856592272406033	trials	-1.0	1.0	1.5		0.125	0.8	2174.701241462175	2174.7011335803877	2175.759202322176	2173.896488612174	2173.897455182174	2174.25103333	
2174.25103333	0.5049999999996544	WheelMovementIntervals													0.28708853864327466
2176.853126252177	2.4258005370779756	trials	1.0	1.0	1.5	1.0		0.8	2177.710640492178	2177.710525735107	2178.778833662179	2177.4127036221776	2177.4137368521774	2177.55403333	
2177.55403333	0.8580000000001746	WheelMovementIntervals													-0.9169799199196405
2178.66803333	0.7010000000000218	WheelMovementIntervals													-0.14709283536456041
2179.87102443218	2.4713974628712094	trials	1.0	1.0	1.5	1.0		0.8	2180.781633362181	2180.7815227606366	2181.842360612182	2180.3925056121802	2180.3933388621804	2180.55703333	
2180.55703333	1.6920000000000073	WheelMovementIntervals													-4.7543218326661645
2182.926818822183	3.5029942636315354	trials	1.0	1.0	1.5	0.25		0.8	2184.8586256221847	2184.8585140045902	2185.929751832186	2183.6457802521836	2183.6466468321837	2184.37303333	
2184.37303333	0.5309999999999491	WheelMovementIntervals													-0.3245161065033244
2187.028708592187	3.880218515375418	trials	1.0	1.0	1.5	0.125		0.8	2189.3450102721895	2189.3449184506717	2190.4088372121905	2187.659012222188	2187.659912132188	2188.28203333	
2188.28203333	0.19299999999975626	WheelMovementIntervals													-0.20082436153290928
2188.93603333	0.09200000000009823	WheelMovementIntervals													-0.05946773242408199
2189.20703333	0.18100000000004002	WheelMovementIntervals													-0.03250666987628392
2191.5044276421913	3.921185378204882	trials	1.0	1.0	1.5	0.125		0.8	2193.871324262194	2193.8712176094346	2194.925518832195	2192.3118468921925	2192.3128467921924	2192.76403333	
2192.76403333	0.250999999999749	WheelMovementIntervals													-0.1531768390760817
2193.20203333	1.6019999999998618	WheelMovementIntervals													-0.37522324229917103
2195.20703333	0.46600000000034925	WheelMovementIntervals													-0.11183352061107144
2196.029108462196	3.4797230173662683	trials	-1.0	1.0	1.5		0.125	0.8	2197.951916162198	2197.951820075285	2199.0087104721993	2196.779000132197	2196.7797667221967	2197.21203333	
2197.21203333	2.606000000000222	WheelMovementIntervals													-2.8808606010684343
2200.11503333	0.12299999999959255	WheelMovementIntervals													-0.017426620654646285
2200.1152331422	3.4966937287858855	trials	1.0	1.0	1.5	0.25		0.8	2202.051706142202	2202.051628561776	2203.111800122203	2200.744870172201	2200.7457034222007	2201.28503333	
2201.28503333	1.037000000000262	WheelMovementIntervals													-0.30892714794049425
2203.15603333	0.5920000000000982	WheelMovementIntervals													-0.11994994107146795
2204.2117234522043	3.217989408334688	trials	1.0	1.0	1.5	0.125		0.8	2205.859025372206	2205.8589170069035	2206.929651632207	2204.941883762205	2204.942983652205	2205.41403333	
2205.41403333	1.625999999999749	WheelMovementIntervals													-0.43395077086108813
2207.84903333	0.17799999999988358	WheelMovementIntervals													-0.014036944021313502
2208.027308522208	3.9311131322210713	trials	1.0	1.0	1.5	0.125		0.8	2210.3923053322105	2210.3922152192076	2211.4583987122114	2209.87522371221	2209.8762236122097	2210.16703333	
2208.68503333	0.6230000000000473	WheelMovementIntervals													-0.2516491940125434
2210.16703333	0.27100000000018554	WheelMovementIntervals													-0.3412787531566437
2211.03803333	0.2699999999999818	WheelMovementIntervals													-0.34015802837905085
2212.5650213722124	3.0638023095120843	trials	1.0	1.0	1.5	0.125		0.8	2214.0631048822142	2214.0630215235437	2215.1287649722153	2213.078670002213	2213.079569912213	2213.41203333	
2213.41203333	0.6649999999999636	WheelMovementIntervals													-0.27927733027615886
2216.2276217422163	3.067402251202566	trials	1.0	1.0	1.5	0.0		0.8	2217.7258052422176	2217.725721864902	2218.794931652219	2216.791598672217	2216.792498582217	2217.20103333	
2217.20103333	0.525000000000091	WheelMovementIntervals													-0.27476858887996514
2219.8909220422197	2.933886043212169	trials	1.0	1.0	1.5	0.125		0.8	2221.2574187122214	2221.2573146106984	2222.324778632222	2220.5248586422204	2220.5257252222204	2220.85603333	
2220.85603333	0.47899999999981446	WheelMovementIntervals													-0.3222554646754361
2222.06203333	0.4470000000001164	WheelMovementIntervals													-0.08385996933122897
2223.4156028722236	2.87581995369419	trials	1.0	1.0	1.5	0.0625		0.8	2224.729104842225	2224.7290101583885	2225.791398602226	2224.178059952224	2224.1789931922244	2224.35103333	
2224.35103333	0.4070000000001528	WheelMovementIntervals													-0.28692182619522555
2225.16003333	0.8569999999999709	WheelMovementIntervals													-0.09565151836227415
2226.889222142227	3.6519808214306977	trials	1.0	1.0	1.5	0.125		0.8	2228.979113132229	2228.9790094508976	2230.04117358223	2227.5279915922274	2227.5289581622274	2227.90103333	
2227.90103333	0.5750000000002728	WheelMovementIntervals													-0.21485721637679944
2228.74403333	1.2699999999999818	WheelMovementIntervals													-0.36161660776974713
2231.147396282231	3.9273143262648773	trials	-1.0	1.0	1.5		0.0625	0.8	2233.5098266822333	2233.509703095058	2234.5746201922348	2232.010976582232	2232.011876492232	2232.54903333	
2232.54903333	1.7829999999999018	WheelMovementIntervals													0.3105329367493823
2234.49003333	0.09899999999970532	WheelMovementIntervals													-0.0068131576033465535
2235.31903333	0.10300000000006548	WheelMovementIntervals													-0.010232249635919288
2235.6828093622357	4.378202868695098	trials	1.0	1.0	1.5	0.25		0.8	2238.4992943522384	2238.499209921048	2239.5609548422394	2236.193891582236	2236.194824822236	2237.66203333	
2237.66203333	2.038000000000011	WheelMovementIntervals													-0.6949263150756906
2240.6724103522406	8.018802388838594	trials	1.0	-1.0	0.0		0.125	0.8	2246.135663972246	2246.1347106171124	2248.1910917422483	2241.174393482241	2241.175393382241	2246.00003333	
2243.23103333	0.3819999999996071	WheelMovementIntervals													0.028423086843190504
2246.00003333	2.6599999999998545	WheelMovementIntervals													-5.4466380425958505
2249.3340107722493	52.9392654559324	trials	1.0	1.0	1.5	0.125		0.8	2300.7149055023006	2300.714775304018	2301.773199662302	2252.9274847222528	2252.928551282253	2300.60103333	
2249.66203333	2.5359999999996035	WheelMovementIntervals													-11.933250266548953
2300.60103333	8.02599999999984	WheelMovementIntervals													-36.75110746157122
2303.3682734723034	35.32070246676585	trials	1.0	1.0	1.5	0.0625		0.8	2337.138862742337	2337.138773918583	2338.1889243923383	2309.2927809623093	2309.2936475423094	2333.72703333	
2327.17403333	0.5500000000001819	WheelMovementIntervals													0.05970232087713612
2331.97503333	0.20499999999992724	WheelMovementIntervals													0.02792709293066764
2333.72703333	0.5940000000000509	WheelMovementIntervals													0.22335500092094662
2336.25903333	2.5109999999999673	WheelMovementIntervals													-1.7138144861138471
2339.6931739523397	3.148795300603524	trials	1.0	1.0	1.5	1.0		0.8	2341.281781742341	2341.281670572644	2342.3419090523425	2340.15876072234	2340.1601605823403	2341.07003333	
2341.07003333	0.27599999999983993	WheelMovementIntervals													-0.36362464741250733
2341.77903333	0.15799999999990177	WheelMovementIntervals													-0.12151983543731149
2343.4391659823436	3.2867126428927804	trials	1.0	1.0	1.5	0.0625		0.8	2345.1704595023452	2345.17037106153	2346.2257872923465	2344.055371022344	2344.0564042523442	2344.51403333	
2344.51403333	0.15200000000004366	WheelMovementIntervals													-0.1714116740732834
2345.10103333	0.14800000000013824	WheelMovementIntervals													-0.09197381375804525
2347.12003333	0.8730000000000473	WheelMovementIntervals													-0.3938884911740388
2347.3247773823473	10.380595854811418	trials	1.0	-1.0	0.0		0.0	0.8	2355.1518945923553	2355.1509727493335	2357.2052892323572	2354.0552376023543	2354.056237502354	2354.80903333	
2348.71803333	1.3279999999999745	WheelMovementIntervals													-0.4468238528352231
2350.20403333	0.6839999999997417	WheelMovementIntervals													-0.3901081771261943
2352.03903333	1.28899999999976	WheelMovementIntervals													-0.8882405943408003
2354.13903333	0.32799999999997453	WheelMovementIntervals													-0.04145629574452414
2354.80903333	0.36599999999998545	WheelMovementIntervals													-0.24647058712162107
2358.3891708323586	3.1659934384720145	trials	-1.0	1.0	1.5		1.0	0.8	2359.99757664236	2359.9974664831807	2361.055104212361	2359.1420955323592	2359.143162092359	2359.63603333	
2359.63603333	2.4400000000000546	WheelMovementIntervals													-1.3365405403169461
2362.157360642362	3.0003076869102188	trials	1.0	1.0	1.5	0.25		0.8	2363.599483082364	2363.5993633755947	2364.6576105923646	2362.7749988723626	2362.776098762363	2363.34903333	
2363.34903333	1.319999999999709	WheelMovementIntervals													-0.9764488968064597
2365.7554674623657	4.702503344183697	trials	-1.0	-1.0	0.0	0.0		0.8	2367.905685752368	2367.904668076702	2369.95794717237	2366.4384658223667	2366.4393657323662	2367.32503333	
2367.32503333	1.9269999999996799	WheelMovementIntervals													0.5801489407346025
2369.75303333	1.1140000000000327	WheelMovementIntervals													0.8332438179847941
2371.0730689823713	3.048604823560254	trials	1.0	1.0	1.5	0.25		0.8	2372.5700526023725	2372.5699698777607	2373.621547442374	2371.5715524623715	2371.572619022372	2372.15103333	
2372.15103333	1.8140000000003056	WheelMovementIntervals													-0.5518399226011752
2374.717571162375	3.020605973270449	trials	1.0	1.0	1.5	1.0		0.8	2376.177758462376	2376.177673082976	2377.238085752377	2375.2076221523753	2375.2085553923753	2375.97303333	
2375.38303333	0.06399999999985084	WheelMovementIntervals													-0.029655118174446216
2375.97303333	1.930000000000291	WheelMovementIntervals													-0.8298008474693006
2378.3362759223783	4.738499270177726	trials	1.0	1.0	1.5	1.0		0.8	2381.5212573923814	2381.521174087577	2382.5747187023826	2380.708971962381	2380.7101718423805	2381.05103333	
2378.69703333	1.2779999999997926	WheelMovementIntervals													-1.9123037981545394
2381.05103333	0.5760000000000218	WheelMovementIntervals													-0.3541277002007064
2381.99503333	0.6739999999999782	WheelMovementIntervals													-0.9352908978977439
2383.6999728323835	4.5545861207529015	trials	1.0	1.0	1.5	0.0625		0.8	2386.6905737423867	2386.69046240625	2387.7544673423877	2385.4545306923856	2385.4553972723857	2386.07303333	
2383.76103333	1.1880000000001019	WheelMovementIntervals													-3.2676167867825825
2386.07303333	1.75	WheelMovementIntervals													-0.6249555321853677
2388.880054772389	4.591013525606741	trials	1.0	1.0	1.5	0.0		0.8	2391.931049642392	2391.9309624316043	2392.971012302393	2389.3746719723895	2389.3756718723894	2390.65403333	
2390.65403333	1.9760000000001128	WheelMovementIntervals													-0.6914436164832978
2392.90203333	0.06199999999989814	WheelMovementIntervals													-0.008295506322724577
2394.082267832394	3.122197319342831	trials	1.0	1.0	1.5	0.0625		0.8	2395.6646762423957	2395.664565460285	2396.7043722623966	2394.7405686623947	2394.7415685623946	2395.37003333	
2395.37003333	0.32700000000022555	WheelMovementIntervals													-0.3064872958136675
2396.14103333	0.1390000000001237	WheelMovementIntervals													-0.04361752876866376
2397.804362252398	3.2331878659711037	trials	-1.0	1.0	1.5		1.0	0.8	2399.4855607823997	2399.485454903424	2400.5374555824005	2398.3075452623984	2398.3085118323984	2399.05203333	
2399.05203333	0.7899999999999636	WheelMovementIntervals													0.3187530359924722
2401.6382454924014	3.9687099202319587	trials	1.0	1.0	1.5	0.25		0.8	2404.042371722404	2404.0422502899996	2405.1068652624053	2402.2912135224024	2402.2921134324024	2403.96503333	
2403.02303333	0.1069999999999709	WheelMovementIntervals													-0.0845825062788208
2403.55903333	0.11400000000003274	WheelMovementIntervals													-0.0805847489085636
2403.96503333	0.09499999999979991	WheelMovementIntervals													-0.10400066632894323
2406.2131546224064	3.0244055554717306	trials	1.0	1.0	1.5	0.0		0.8	2407.703772212408	2407.7036563746306	2408.737502162409	2406.670875512407	2406.6717087624065	2407.39603333	
2407.39603333	0.3769999999999527	WheelMovementIntervals													-0.29997948660934526
2409.83685888241	21.536605554952075	trials	1.0	1.0	1.5	0.0		0.8	2429.8016622024297	2429.8015621778954	2430.873421682431	2410.4897269224107	2410.4906601624107	2429.64403333	
2429.64403333	2.55600000000004	WheelMovementIntervals													-7.376166476704384
2432.131162562432	2.7432022448874704	trials	1.0	1.0	1.5	0.125		0.8	2433.2931463524333	2433.2930622425997	2434.3742715624344	2432.7035719824325	2432.704638542433	2432.84303333	
2432.84303333	2.6150000000002365	WheelMovementIntervals													-3.221923457076173
2435.4733616424355	9.729896280062349	trials	1.0	1.0	1.5	0.25		0.8	2443.6350453924438	2443.634956844459	2444.703171902445	2435.969978642436	2435.970911882436	2443.07403333	
2443.07403333	1.9420000000000073	WheelMovementIntervals													-1.4342384844825347
2445.53803333	1.0050000000001091	WheelMovementIntervals													-1.051504933459455
2445.866755532446	3.622881620111457	trials	1.0	1.0	1.5	0.125		0.8	2447.922349952448	2447.922243969654	2448.989609882449	2447.3231765424475	2447.3240764524476	2447.51603333	
2447.51603333	2.5839999999998327	WheelMovementIntervals													-5.272258935003833
2450.10473169245	12.301100829330608	trials	1.0	1.0	1.5	0.125		0.8	2460.835225202461	2460.8351306712607	2461.9058181324617	2450.6698418424508	2450.670675092451	2460.18503333	
2460.18503333	0.23700000000008004	WheelMovementIntervals													-0.17348523628186285
2460.72703333	0.15300000000024738	WheelMovementIntervals													-0.1033100826386999
2461.59203333	0.6660000000001673	WheelMovementIntervals													-0.7947343673316709
2463.4494304224636	4.640108314748431	trials	-1.0	1.0	1.5		0.125	0.8	2466.5125240824664	2466.5124345909226	2467.5894497124677	2465.4693950724654	2465.4704949624656	2466.04203333	
2463.79703333	0.5770000000002256	WheelMovementIntervals													-0.3267985118869774
2466.04203333	1.8940000000002328	WheelMovementIntervals													-1.682334492610039
2468.7106375824687	3.025405168574707	trials	-1.0	1.0	1.5		0.125	0.8	2470.16402556247	2470.163939104544	2471.235985022471	2469.3861366924693	2469.3870366024694	2469.75503333	
2469.75503333	2.4529999999999745	WheelMovementIntervals													-1.5572849846436156
2472.3389413824725	3.1835924566094036	trials	-1.0	1.0	1.5		0.125	0.2	2473.952746652474	2473.952636545131	2475.022539662475	2473.0568029224733	2473.057669502473	2473.53703333	
2473.53703333	2.0429999999996653	WheelMovementIntervals													0.30384368191403155
2476.118530052476	3.437698099607587	trials	-1.0	1.0	1.5		0.0625	0.2	2477.986643222478	2477.9865279330565	2479.056169592479	2476.835858312477	2476.836924872477	2477.28703333	
2477.28703333	1.7519999999999527	WheelMovementIntervals													-0.30921799785164694
2480.1640254624804	2.7580996290471376	trials	-1.0	1.0	1.5		1.0	0.2	2481.3460405824812	2481.3459244464816	2482.4220663024826	2480.6356449624805	2480.6365448724805	2480.99903333	
2480.99903333	2.4329999999999927	WheelMovementIntervals													-1.9153570477700441
2483.5259225724835	3.1131976957672123	trials	-1.0	1.0	1.5		0.125	0.2	2485.064435372485	2485.0643204455314	2486.139094562486	2484.0857332524843	2484.086833142484	2484.43803333	
2484.43803333	1.19399999999996	WheelMovementIntervals													0.2869069580741552
2486.62903333	0.13599999999996726	WheelMovementIntervals													-0.04187653842382133
2487.243617432487	2.978908917048102	trials	-1.0	1.0	1.5		0.0625	0.2	2488.652243222489	2488.652120703042	2489.72250285249	2487.735601562488	2487.736434812488	2488.06703333	
2488.06703333	2.5109999999999673	WheelMovementIntervals													-2.5707449865489025
2490.826725752491	2.875517568059877	trials	-1.0	1.0	1.5		0.0625	0.2	2492.129728772492	2492.129632806433	2493.2022215124935	2491.5022581924914	2491.5033580824916	2491.73003333	
2491.73003333	1.9529999999999745	WheelMovementIntervals													-0.7916428850979855
2494.3047445824945	3.164193476023229	trials	-1.0	1.0	1.5		1.0	0.2	2495.901718202496	2495.9016402806396	2496.968811482497	2494.955312852495	2494.956312752495	2495.26103333	
2495.26103333	1.6220000000002983	WheelMovementIntervals													0.28471465794700634
2498.0725344324983	3.4794944591812964	trials	-1.0	1.0	1.5		0.125	0.2	2499.9796437025	2499.9795302996254	2501.051936462501	2498.5558860924984	2498.5569193224987	2499.06503333	
2499.06503333	2.2480000000000473	WheelMovementIntervals													-1.2953716990853081
2502.160725572502	3.328407472762592	trials	-1.0	1.0	1.5		0.0	0.2	2503.920716222504	2503.9206284662378	2504.989042712505	2502.921982772503	2502.922849352503	2503.43303333	
2503.43303333	1.1179999999999382	WheelMovementIntervals													0.3005601539125564
2506.095632042506	2.839593871912257	trials	1.0	1.0	1.5	0.125		0.2	2507.3681381125075	2507.3680279522937	2508.4351314025084	2506.618613072507	2506.6194463225065	2507.15903333	
2507.15903333	0.375999999999749	WheelMovementIntervals													-0.48958009843931904
2508.04303333	2.52599999999984	WheelMovementIntervals													-4.885046160375168
2509.5393209725094	13.399092411238144	trials	1.0	-1.0	0.0		0.0	0.2	2520.3635717725206	2520.3625132271327	2522.4383642725224	2511.054902732511	2511.055702652511	2519.96103333	
2512.06903333	0.41000000000030923	WheelMovementIntervals													-0.07119507683921711
2513.34303333	0.15399999999999636	WheelMovementIntervals													-0.030792735721888675
2519.96103333	0.7219999999997526	WheelMovementIntervals													-1.0054266181832645
2523.6388108825236	11.782221143998413	trials	1.0	-1.0	0.0		0.0625	0.2	2532.8473566025327	2532.8465258434107	2534.920982552535	2524.218219602524	2524.219152842524	2527.98003333	
2527.98003333	0.36799999999993815	WheelMovementIntervals													-0.17260409109371722
2532.79803333	0.11499999999978172	WheelMovementIntervals													-0.13717114716837386
2533.22703333	0.15200000000004366	WheelMovementIntervals													-0.22642125834124727
2533.75203333	0.09600000000000364	WheelMovementIntervals													0.0690330462766724
2535.91203333	1.94399999999996	WheelMovementIntervals													-1.576918562419337
2536.1017311325363	4.5023902900748	trials	-1.0	1.0	1.5		1.0	0.2	2539.024205522539	2539.024123531908	2540.1039975325402	2538.5343211825384	2538.5352544225384	2538.74303333	
2538.74303333	1.5320000000001528	WheelMovementIntervals													-3.4216837821007857
2541.2347177825413	3.1662930946740744	trials	-1.0	1.0	1.5		0.125	0.2	2542.8335245525427	2542.8334132861464	2543.900951132544	2542.217786132542	2542.2189193525423	2542.42703333	
2541.43203333	0.2549999999996544	WheelMovementIntervals													-0.020314984254241608
2542.42703333	1.250999999999749	WheelMovementIntervals													0.3199178744778237
2544.00003333	0.08399999999983265	WheelMovementIntervals													-0.02784562529723189
2545.007107172545	3.280311641494336	trials	1.0	1.0	1.5	1.0		0.2	2546.7105034825468	2546.7104121789007	2547.7873957825477	2545.704170792546	2545.705137362546	2546.41103333	
2546.41103333	0.7480000000000473	WheelMovementIntervals													-0.35601003671422404
2547.45403333	0.8040000000000873	WheelMovementIntervals													-0.25862042004871455
2548.892518592549	2.991907704883033	trials	-1.0	1.0	1.5		0.0625	0.2	2550.3259085725504	2550.3258213255294	2551.384302722551	2549.4008677525494	2549.4018009925494	2549.77903333	
2549.77903333	1.6770000000001346	WheelMovementIntervals													1.0642477613403116
2552.4902254525523	2.9301851700483894	trials	-1.0	1.0	1.5		0.0625	0.2	2553.8525225425537	2553.8524176286	2554.9203824125548	2553.071167352553	2553.072033932553	2553.50603333	
2553.50603333	0.7160000000003492	WheelMovementIntervals													0.3021690126286103
2556.026305142556	2.9280139527772917	trials	1.0	1.0	1.5	0.25		0.2	2557.382802812557	2557.38271021644	2558.4542289925585	2556.5341543525565	2556.5349542725567	2556.95103333	
2556.95103333	1.3589999999999236	WheelMovementIntervals													-0.28546311875970787
2558.87803333	0.06599999999980355	WheelMovementIntervals													-0.007745880873699207
2559.5604183625596	3.3569054006898114	trials	-1.0	1.0	1.5		0.125	0.2	2561.3508059725614	2561.350719642893	2562.4172326525622	2560.3175093125606	2560.3189091725603	2560.84303333	
2560.84303333	1.6010000000001128	WheelMovementIntervals													-0.574077074167576
2563.5316212025637	3.1522943079835386	trials	-1.0	1.0	1.5		0.25	0.2	2565.109296752565	2565.1092173530196	2566.1838559525663	2564.1370273225643	2564.138160542564	2564.57403333	
2564.57403333	1.1230000000000473	WheelMovementIntervals													0.28403887826982555
2567.289612032567	3.1108979136524795	trials	-1.0	1.0	1.5		0.0625	0.2	2568.8325243925688	2568.8324100060113	2569.9004175925697	2567.936547332568	2567.937447242568	2568.19903333	
2568.19903333	1.2409999999999854	WheelMovementIntervals													0.29340041980071874
2571.004707152571	3.21558897299019	trials	-1.0	1.0	1.5		1.0	0.2	2572.6539088825725	2572.6538004717563	2573.7202355725735	2571.5040572125718	2571.5050571125716	2572.19903333	
2572.19903333	2.0549999999998363	WheelMovementIntervals													0.8387439039789797
2574.8257916725747	3.0579022838460332	trials	-1.0	1.0	1.5		1.0	0.2	2576.310809822576	2576.3106918104086	2577.3836691925776	2575.3503725425753	2575.3513057825753	2575.69303333	
2575.69303333	1.2289999999998145	WheelMovementIntervals													-0.30642464368133915
2577.43503333	0.052999999999883585	WheelMovementIntervals													-0.005075399941461001
2578.19403333	0.11000000000012733	WheelMovementIntervals													-0.016535524170990357
2578.4886920125787	2.9653058908447747	trials	-1.0	1.0	1.5		0.25	0.2	2579.88041949258	2579.8802938385306	2580.953945462581	2579.1535921825794	2579.1545920825793	2579.41103333	
2579.41103333	1.2730000000001382	WheelMovementIntervals													0.3369866437893734
2582.4364971925825	3.0007079839788275	trials	-1.0	1.0	1.5		0.0625	0.2	2583.863587802584	2583.86349956274	2584.937147102585	2583.1000308325833	2583.100864082583	2583.39503333	
2583.39503333	1.5729999999998654	WheelMovementIntervals													-0.9946817733571152
2586.042903182586	3.0442046026100797	trials	-1.0	1.0	1.5		0.0625	0.2	2587.5072900625873	2587.507203953462	2588.5870487425886	2586.5667507925864	2586.5677840225867	2586.92403333	
2586.92403333	1.2559999999998581	WheelMovementIntervals													0.29453149850291993
2589.6900051025896	2.7932970362185188	trials	-1.0	1.0	1.5		0.25	0.2	2590.918015622591	2590.9179029205743	2591.983275752592	2590.2834790825905	2590.2844123225905	2590.52903333	
2590.52903333	1.050000000000182	WheelMovementIntervals													0.3037225603953857
2593.083299072593	3.1365956464997	trials	1.0	1.0	1.5	0.125		0.8	2594.6407099825947	2594.6405959181266	2595.7198353925955	2593.669673762594	2593.670673662594	2594.26803333	
2594.26803333	0.5169999999998254	WheelMovementIntervals													-0.48352752195580706
2595.25603333	0.19800000000032014	WheelMovementIntervals													-0.14580022021368677
2596.8253914925967	3.3745040155022252	trials	1.0	1.0	1.5	0.0625		0.8	2598.6427097425985	2598.642592039454	2599.6998040226	2597.4331307125976	2597.4339639625973	2597.93503333	
2597.93503333	0.7330000000001746	WheelMovementIntervals													-0.2897786270235656
2599.00103333	1.962999999999738	WheelMovementIntervals													-2.9992835946003424
2600.812992692601	4.653407000817424	trials	-1.0	1.0	1.5		0.125	0.8	2603.909483012604	2603.909396020173	2604.966343982605	2602.6364436626027	2602.6375435526024	2603.08303333	
2601.60903333	0.2680000000000291	WheelMovementIntervals													-0.13078915284654613
2603.08303333	2.0520000000001346	WheelMovementIntervals													-1.246322005556749
2606.089098362606	3.129996374483653	trials	1.0	1.0	1.5	1.0		0.8	2607.6443094926076	2607.644195567643	2608.7190353426085	2606.5709501726064	2606.5718167526065	2607.16003333	
2607.16003333	0.7290000000002692	WheelMovementIntervals													-0.4561965272650923
2609.8224916526096	3.280411728720992	trials	1.0	1.0	1.5	1.0		0.8	2611.5231882326116	2611.523096696096	2612.6028135926126	2610.5162222726103	2610.5170888526104	2610.94003333	
2610.94003333	0.6460000000001855	WheelMovementIntervals													-0.36450829187640466
2613.7069031726137	2.7958966921091815	trials	1.0	1.0	1.5	0.125		0.8	2614.922781572615	2614.9227008644734	2616.002706902616	2614.2662139026143	2614.2670471526144	2614.65403333	
2614.65403333	1.0190000000002328	WheelMovementIntervals													-0.6836807107615641
2617.104396722617	2.9316851926946583	trials	1.0	1.0	1.5	0.0625		0.8	2618.4586946126183	2618.4585889590544	2619.5360202026195	2617.832890532618	2617.8336571226178	2618.20003333	
2618.20003333	0.8969999999999345	WheelMovementIntervals													-0.6297234996902716
2620.6400764526206	2.8094229741700474	trials	1.0	1.0	1.5	0.0625		0.8	2621.883985382622	2621.8838857384662	2622.949412162623	2621.2327505126214	2621.233583762621	2621.48303333	
2621.48303333	1.625	WheelMovementIntervals													-1.0685092943807604
2624.051701922624	3.147694843084082	trials	1.0	1.0	1.5	0.25		0.8	2625.6354768626256	2625.6353983217728	2626.6993038026267	2624.785928492625	2624.786861732625	2625.05303333	
2625.05303333	1.4980000000000473	WheelMovementIntervals													-0.8099173602842029
2627.803293392628	2.7957967488205213	trials	1.0	1.0	1.5	0.25		0.8	2629.0333037126293	2629.0331910825835	2630.0989971326303	2628.4194984326286	2628.4204983326285	2628.74503333	
2628.74503333	1.887000000000171	WheelMovementIntervals													-2.47513953957764
2631.2000870126312	3.532391259765518	trials	-1.0	1.0	1.5		1.0	0.8	2633.1566913326333	2633.156580510041	2634.2324837426345	2631.919181762632	2631.920148332632	2632.46003333	
2632.46003333	0.5940000000000509	WheelMovementIntervals													0.2685083569571134
2633.30303333	0.6660000000001673	WheelMovementIntervals													-0.2506769525451773
2635.3371732626356	2.9453117775592546	trials	1.0	1.0	1.5	0.0625		0.8	2636.7149021426367	2636.7147778358726	2637.7824620426377	2635.8193583726356	2635.820358272636	2636.36903333	
2636.36903333	0.43100000000004	WheelMovementIntervals													-0.40454694233562805
2638.885685042639	3.5166911192136467	trials	1.0	1.0	1.5	0.25		0.8	2640.829190672641	2640.8290790296983	2641.902350012642	2639.5020234026397	2639.5030233026396	2640.33903333	
2639.93903333	0.08300000000008367	WheelMovementIntervals													-0.047913137933051075
2640.33903333	0.11000000000012733	WheelMovementIntervals													-0.13260651749601493
2640.78603333	0.10800000000017462	WheelMovementIntervals													-0.13901135079095184
2643.012972272643	3.85721888523949	trials	-1.0	1.0	1.5		0.0625	0.8	2645.3004768326455	2645.300382285937	2646.3701698526465	2643.598980332644	2643.599913572644	2644.2960333300002	
2644.2960333300002	0.6559999999999491	WheelMovementIntervals													0.26411301873122284
2645.27703333	0.17099999999982174	WheelMovementIntervals													0.011137863979456597
2647.4834918426477	3.348605015848534	trials	1.0	1.0	1.5	0.125		0.8	2649.2657802626495	2649.265693447749	2650.33200696265	2647.948745312648	2647.949845202648	2648.63403333	
2648.63403333	0.6999999999998181	WheelMovementIntervals													-0.35120549637326803
2650.16203333	1.5469999999995707	WheelMovementIntervals													-3.196812677270259
2651.4473954126515	3.551288454803853	trials	1.0	1.0	1.5	0.125		0.8	2653.4305970726537	2653.430487848812	2654.4986569226544	2652.4355632526526	2652.4364298326523	2653.00303333	
2653.00303333	0.543999999999869	WheelMovementIntervals													-0.2877708240910124
2653.74803333	0.34900000000016007	WheelMovementIntervals													-0.10023376007177376
2654.91603333	0.10300000000006548	WheelMovementIntervals													-0.014860308404308853
2655.605579552656	3.276513064923165	trials	1.0	1.0	1.5	0.0625		0.8	2657.320974662657	2657.3208848217987	2658.3819685526582	2656.118561582656	2656.1193948326563	2656.66603333	
2656.66603333	0.9209999999998217	WheelMovementIntervals													-0.278159872804963
2657.86803333	0.3220000000001164	WheelMovementIntervals													-0.04488061259382903
2659.4859914726594	2.6834060038609095	trials	1.0	1.0	1.5	0.0625		0.8	2660.5954805126607	2660.595393127977	2661.6693064526617	2660.11816158266	2660.11899483266	2660.34803333	
2660.34803333	0.7380000000002838	WheelMovementIntervals													-0.8583171725854299
2662.7699963726627	2.8449922641293597	trials	1.0	1.0	1.5	1.0		0.8	2664.055267832664	2664.0551919745844	2665.114928522665	2663.3818018526636	2663.3829350726633	2663.68503333	
2663.68503333	1.4390000000003056	WheelMovementIntervals													-1.8841377494354674
2666.2210845626664	3.943883173702943	trials	1.0	1.0	1.5	0.125		0.8	2668.6039795826687	2668.603873188322	2669.6649734726698	2666.968209842667	2666.969209742667	2668.16303333	
2668.16303333	1.0979999999999563	WheelMovementIntervals													-0.9029463642380051
2670.771162842671	12.081223954306097	trials	1.0	1.0	1.5	0.0625		0.8	2681.2795785626813	2681.2794819386545	2682.3522712826825	2671.4850914426715	2671.4861246726714	2680.77603333	
2680.77603333	1.9800000000000182	WheelMovementIntervals													-3.5455587217538778
2683.5378860426836	12.796687255825873	trials	1.0	1.0	1.5	0.0625		0.8	2694.7598637326946	2694.759773112973	2695.8344562626958	2684.5480516826847	2684.5489182626848	2694.63803333	
2683.84403333	0.15399999999999636	WheelMovementIntervals													-0.1858651979921433
2684.63503333	0.06999999999970896	WheelMovementIntervals													-0.03283133358149826
2694.63803333	0.14600000000018554	WheelMovementIntervals													-0.21982782911425147
2695.33203333	0.38200000000006185	WheelMovementIntervals													-0.15584361970741156
2697.025270502697	3.0723010893079845	trials	1.0	1.0	1.5	0.125		0.8	2698.5411855626985	2698.5410700533835	2699.5974799226997	2697.730866602698	2697.7317331826976	2698.12703333	
2698.12703333	0.5289999999999964	WheelMovementIntervals													-0.49619767525916814
2698.97403333	0.9639999999999418	WheelMovementIntervals													-0.7104187520328651
2700.702469412701	2.5644887599401045	trials	1.0	1.0	1.5	0.125		0.8	2701.6951701327016	2701.6950642880865	2702.766929612703	2701.184121242701	2701.1849878227013	2701.30403333	
2701.30403333	0.43899999999985084	WheelMovementIntervals													-0.29806132480246106
2702.28903333	0.24399999999968713	WheelMovementIntervals													-0.008874597132376039
2703.865453082704	3.331807659187234	trials	1.0	1.0	1.5	1.0		0.8	2705.6332762827055	2705.6331560852063	2706.697236542707	2704.547551532705	2704.5486180927046	2705.29503333	
2705.29503333	2.80600000000004	WheelMovementIntervals													-3.204817141839044
2707.798259762708	3.16942066131287	trials	1.0	1.0	1.5	0.0625		0.8	2709.4068655527094	2709.4067692334916	2710.4676594627103	2708.817457832709	2708.8185577227086	2709.10203333	
2709.10203333	0.318000000000211	WheelMovementIntervals													-0.2898407361012687
2711.5754820027114	4.7387003529620415	trials	1.0	1.0	1.5	1.0		0.8	2714.7479647227146	2714.7478809000754	2715.814058102716	2712.080698142712	2712.081831362712	2714.53903333	
2712.73603333	0.8270000000002256	WheelMovementIntervals													-0.05623377021822762
2714.53903333	0.38400000000001455	WheelMovementIntervals													-0.5291621300498264
2715.35903333	0.7770000000000437	WheelMovementIntervals													-0.07680634814175846
2716.926880142717	16.586772781799937	trials	1.0	1.0	1.5	0.0625		0.8	2731.950377642732	2731.950253678501	2733.013571312733	2717.4672594327176	2717.4687259527177	2728.53803333	
2728.53803333	0.7290000000002692	WheelMovementIntervals													-0.1619063925397768
2731.44703333	0.7150000000001455	WheelMovementIntervals													-0.5689934268885963
2734.2299496627343	19.199868178737688	trials	-1.0	-1.0	0.0	0.125		0.8	4031.6367626740316	2750.8880203189406	4031.804212594032	2734.7509975527346	2734.7521307727347	2750.71803333	
2750.71803333	0.22000000000025466	WheelMovementIntervals													0.37627858290795757
2751.25603333	1.9660000000003492	WheelMovementIntervals													3.8614676467285562
2757.54703333	1.3420000000000982	WheelMovementIntervals													-0.6258725939842407
2763.06903333	0.42200000000002547	WheelMovementIntervals													-0.05754144086142787
2763.81903333	0.28500000000030923	WheelMovementIntervals													0.025871427644005962
2765.26203333	0.1799999999998363	WheelMovementIntervals													0.03503860339083076
2767.27603333	1.9020000000000437	WheelMovementIntervals													0.7823884205768081
2774.32403333	1.6669999999999163	WheelMovementIntervals													-0.4233076818063637
2780.43503333	6.722999999999956	WheelMovementIntervals													-2.1305986683860283
2788.44303333	0.3209999999999127	WheelMovementIntervals													-0.013755515473690139
2793.67203333	2.356999999999971	WheelMovementIntervals													-2.170897149320581
2797.00403333	0.17800000000033833	WheelMovementIntervals													-0.1594629821900071
2805.79403333	0.8580000000001746	WheelMovementIntervals													-0.8405897828334901
2822.77703333	0.6460000000001855	WheelMovementIntervals													0.548487998927385
2823.78903333	1.7039999999997235	WheelMovementIntervals													-3.5545708708385746
2830.51803333	0.9290000000000873	WheelMovementIntervals													0.2759703178089694
2833.10303333	0.6909999999998035	WheelMovementIntervals													0.21250495532103741
2841.88203333	0.9529999999999745	WheelMovementIntervals													-0.16168103197378514
2846.50403333	0.374000000000251	WheelMovementIntervals													0.09029147548051242
2849.87303333	0.7690000000002328	WheelMovementIntervals													-0.23677633018087363
2851.41103333	0.8910000000000764	WheelMovementIntervals													-0.8753233366431914
2862.07803333	1.0329999999999018	WheelMovementIntervals													0.16478166685942597
2870.89503333	0.930000000000291	WheelMovementIntervals													-0.47033082821633343
2879.85303333	0.3550000000000182	WheelMovementIntervals													-0.06600008602424623
2890.48203333	0.5709999999999127	WheelMovementIntervals													-0.6471832539638172
2893.95603333	1.2419999999997344	WheelMovementIntervals													-0.41203060129453206
2903.96803333	0.3020000000001346	WheelMovementIntervals													0.04564316435164528
2912.24603333	0.8960000000001855	WheelMovementIntervals													0.1150144276963374
2919.73603333	1.7720000000003893	WheelMovementIntervals													-5.339259964565599
2923.02703333	0.5940000000000509	WheelMovementIntervals													-0.7467598639735797
2933.50803333	0.18499999999994543	WheelMovementIntervals													0.4114962577637016
2933.97403333	0.18800000000010186	WheelMovementIntervals													0.2175918338248266
2939.01303333	0.1570000000001528	WheelMovementIntervals													-0.14490594325559414
2939.59403333	0.5830000000000837	WheelMovementIntervals													0.3244322248763183
2956.95003333	1.6369999999997162	WheelMovementIntervals													0.8865897149145212
2965.13803333	1.3200000000001637	WheelMovementIntervals													-0.5465028899302524
2984.63603333	0.45200000000022555	WheelMovementIntervals													-0.12633209990804062
2990.60103333	1.7039999999997235	WheelMovementIntervals													0.5721268898618064
3020.19403333	0.11799999999993815	WheelMovementIntervals													0.11678979058933692
3025.08203333	0.3580000000001746	WheelMovementIntervals													0.2926863005936866
3033.59503333	0.6879999999996471	WheelMovementIntervals													0.45403291622676534
3041.97003333	1.393000000000029	WheelMovementIntervals													1.063171623023436
3044.84403333	1.7989999999999782	WheelMovementIntervals													0.7025251967586428
3051.62903333	1.4900000000002365	WheelMovementIntervals													-0.9420134801382574
3053.74903333	1.1609999999996035	WheelMovementIntervals													-0.22740861327577022
3055.32003333	2.992999999999938	WheelMovementIntervals													1.0988653989326167
3067.63103333	0.2250000000003638	WheelMovementIntervals													0.09660929478343405
3069.39503333	0.41200000000026193	WheelMovementIntervals													0.0660803399401857
3071.57103333	1.5790000000001783	WheelMovementIntervals													-1.8872824258803576
3076.75303333	0.6439999999997781	WheelMovementIntervals													-0.12279292246080331
3083.29203333	0.2070000000003347	WheelMovementIntervals													-0.18757208833847017
3086.47703333	0.6840000000001965	WheelMovementIntervals													-0.13491446921420902
3095.50503333	5.570000000000164	WheelMovementIntervals													-6.488731127308142
3106.7960333300002	3.62099999999964	WheelMovementIntervals													-1.6599853299550205
3111.11903333	0.9209999999998217	WheelMovementIntervals													-0.7789983447875102
3117.32003333	0.31199999999989814	WheelMovementIntervals													-0.15843638458716214
3121.92203333	0.8840000000000146	WheelMovementIntervals													-0.17918353625725558
3123.89303333	0.4090000000001055	WheelMovementIntervals													-0.05874092047884005
3126.89803333	0.8779999999997017	WheelMovementIntervals													-0.11668077379715669
3129.73303333	0.17799999999988358	WheelMovementIntervals													-0.015366661792654668
3135.5170333300002	0.46499999999969077	WheelMovementIntervals													-0.20052840180994735
3137.04803333	0.06500000000005457	WheelMovementIntervals													-0.01686591810812388
3137.60003333	0.6829999999999927	WheelMovementIntervals													-0.24057933807830523
3141.33703333	0.05999999999994543	WheelMovementIntervals													0.0066019917957191865
3141.84503333	1.3260000000000218	WheelMovementIntervals													-0.29587907225368326
3143.41603333	0.29799999999977445	WheelMovementIntervals													0.0317329144058931
3144.13203333	0.40599999999994907	WheelMovementIntervals													-0.03787064360744807
3144.77603333	0.13000000000010914	WheelMovementIntervals													-0.02474952068382663
3146.20403333	0.4259999999999309	WheelMovementIntervals													-0.025321071045368626
3147.88603333	0.5940000000000509	WheelMovementIntervals													0.061906524225719295
3149.51203333	0.10399999999981446	WheelMovementIntervals													-0.029633269756004665
3153.89003333	0.06300000000010186	WheelMovementIntervals													-0.004667712712944194
3154.31703333	0.47499999999990905	WheelMovementIntervals													-0.09042290505612982
3157.43403333	0.5850000000000364	WheelMovementIntervals													-0.23706523609598662
3159.10703333	0.5500000000001819	WheelMovementIntervals													0.05604730936056512
3161.17503333	1.8260000000000218	WheelMovementIntervals													-0.2648856352806206
3163.93103333	0.6530000000002474	WheelMovementIntervals													-0.2153238968395499
3165.89303333	1.0630000000001019	WheelMovementIntervals													-0.3886327174922144
3167.84403333	0.6849999999999454	WheelMovementIntervals													-0.3923307916302292
3169.68903333	0.20400000000017826	WheelMovementIntervals													0.02542244669405136
3175.25003333	1.2699999999999818	WheelMovementIntervals													0.5094021926586265
3179.94903333	0.5340000000001055	WheelMovementIntervals													-0.09148187926450646
3186.60403333	1.1499999999996362	WheelMovementIntervals													0.5274518258655689
3188.79903333	1.0399999999999636	WheelMovementIntervals													-0.7690995103574778
3191.75703333	0.49099999999998545	WheelMovementIntervals													0.06753541485659298
3194.37703333	0.16699999999991633	WheelMovementIntervals													-0.05598794646391525
3195.92803333	0.7830000000003565	WheelMovementIntervals													0.3192246660961473
3198.78103333	0.3969999999999345	WheelMovementIntervals													-0.15546816507753647
3201.38403333	0.6219999999998436	WheelMovementIntervals													-0.24401149631989938
3210.37403333	0.2849999999998545	WheelMovementIntervals													-0.1331374943637229
3214.78403333	0.09699999999975262	WheelMovementIntervals													-0.01824141754195807
3216.39103333	1.8820000000000618	WheelMovementIntervals													0.6201254024579157
3218.59503333	0.4639999999999418	WheelMovementIntervals													-0.050846994626454034
3219.56703333	0.1570000000001528	WheelMovementIntervals													-0.047119910471451476
3220.27503333	0.19900000000006912	WheelMovementIntervals													0.04509223465947798
3222.10703333	0.7910000000001673	WheelMovementIntervals													0.15490497588939434
3225.81403333	0.7660000000000764	WheelMovementIntervals													-0.26301717392448154
3238.54303333	1.1280000000001564	WheelMovementIntervals													-0.3712240835748162
3240.75703333	0.6669999999999163	WheelMovementIntervals													-0.31549516489951657
3246.54103333	0.9839999999999236	WheelMovementIntervals													-0.3053453426282431
3252.08103333	0.5070000000000618	WheelMovementIntervals													0.09839142843441095
3260.20203333	0.14199999999982538	WheelMovementIntervals													-0.17005855768684341
3260.94403333	0.21800000000030195	WheelMovementIntervals													-0.3365301228811859
3264.18703333	0.19900000000006912	WheelMovementIntervals													-0.34747370112779663
3264.69603333	1.4230000000002292	WheelMovementIntervals													-2.7649122632747094
3269.34103333	0.25700000000006185	WheelMovementIntervals													-0.2578582720556142
3275.71703333	4.05600000000004	WheelMovementIntervals													-8.601926695763154
3293.71603333	0.09500000000025466	WheelMovementIntervals													-0.10146446613919125
3297.11603333	0.12100000000009459	WheelMovementIntervals													-0.1851485820812968
3316.91603333	0.44499999999970896	WheelMovementIntervals													-0.4225643061579376
3322.30803333	4.813000000000102	WheelMovementIntervals													-5.5836936775208414
3334.51803333	0.874000000000251	WheelMovementIntervals													-0.3747953135533635
3336.94203333	0.11300000000028376	WheelMovementIntervals													-0.008242160140753185
3337.66503333	0.14400000000023283	WheelMovementIntervals													-0.010751973487685973
3339.23103333	0.1859999999996944	WheelMovementIntervals													0.015083138619729652
3341.97403333	0.36400000000003274	WheelMovementIntervals													0.05017376799878548
3343.43903333	0.18299999999999272	WheelMovementIntervals													-0.03181555357218713
3343.89603333	1.2909999999997126	WheelMovementIntervals													-2.037335189067221
3346.44503333	0.13799999999991996	WheelMovementIntervals													-0.06586100034780884
3351.27103333	0.06700000000000728	WheelMovementIntervals													-0.028487037553645678
3355.72603333	0.37199999999984357	WheelMovementIntervals													-0.17015536411429366
3362.77003333	0.06100000000014916	WheelMovementIntervals													-0.0276705848501706
3375.87103333	0.3510000000001128	WheelMovementIntervals													-0.1483714492424042
3381.04303333	3.5670000000000073	WheelMovementIntervals													-16.84676113396199
3402.37403333	2.2229999999999563	WheelMovementIntervals													-1.3912616791243408
3408.56903333	0.25900000000001455	WheelMovementIntervals													-0.3626432576154457
3413.60003333	4.835000000000036	WheelMovementIntervals													5.14645141449796
3418.97503333	0.43600000000014916	WheelMovementIntervals													-0.09971792027454285
3420.12803333	0.46900000000005093	WheelMovementIntervals													-0.44962279256151305
3426.42603333	1.4729999999999563	WheelMovementIntervals													0.7664338203314855
3430.88803333	1.7800000000002	WheelMovementIntervals													-0.5937908741937008
3436.50803333	0.19200000000000728	WheelMovementIntervals													-0.07481552211402231
3438.0170333300002	0.9299999999998363	WheelMovementIntervals													-0.6243043876851289
3441.73703333	2.849999999999909	WheelMovementIntervals													-1.5897867218964166
3445.56303333	0.375	WheelMovementIntervals													0.05774553766150348
3447.41403333	0.15499999999974534	WheelMovementIntervals													-0.07946890713412813
3448.64703333	0.7080000000000837	WheelMovementIntervals													-0.22919129975127817
3453.68603333	0.8229999999998654	WheelMovementIntervals													-1.5563942402044404
3457.01103333	0.4230000000002292	WheelMovementIntervals													0.05056717802710864
3457.79103333	2.7149999999996908	WheelMovementIntervals													3.0409097601328767
3461.12903333	0.6910000000002583	WheelMovementIntervals													-0.8042917424364759
3461.97703333	0.25300000000015643	WheelMovementIntervals													-0.03060819699919648
3465.4010333300002	0.6589999999996508	WheelMovementIntervals													-0.1398117638121903
3470.09403333	2.3910000000000764	WheelMovementIntervals													2.4474419496511928
3481.14403333	2.1579999999999018	WheelMovementIntervals													-2.147323836110786
3484.42503333	0.1859999999996944	WheelMovementIntervals													-0.06925730560817556
3496.74203333	2.400000000000091	WheelMovementIntervals													-2.758275261787162
3506.61603333	0.6829999999999927	WheelMovementIntervals													-0.467024135429142
3507.60903333	3.3220000000001164	WheelMovementIntervals													-4.791928857103358
3523.57703333	0.9809999999997672	WheelMovementIntervals													-0.43166185048630723
3527.06903333	0.5460000000002765	WheelMovementIntervals													0.16761809225261004
3537.59003333	0.6860000000001492	WheelMovementIntervals													-0.5477485024048292
3542.58703333	0.18499999999994543	WheelMovementIntervals													-0.08704611273731189
3543.38803333	0.09300000000030195	WheelMovementIntervals													-0.011166313503849778
3563.60703333	1.7470000000002983	WheelMovementIntervals													-3.2724215658464573
3572.06403333	0.9960000000000946	WheelMovementIntervals													-1.1720668152886446
3577.94403333	1.581000000000131	WheelMovementIntervals													-0.6523746499856315
3594.17403333	1.4270000000001346	WheelMovementIntervals													-0.849686966764466
3599.89403333	0.08899999999994179	WheelMovementIntervals													-0.028929744343372477
3610.72303333	0.15599999999994907	WheelMovementIntervals													-0.18475337948575543
3611.18903333	0.20600000000013097	WheelMovementIntervals													-0.37701703746199655
3616.34503333	0.10099999999965803	WheelMovementIntervals													0.04759770788894002
3626.32303333	0.4770000000003165	WheelMovementIntervals													-0.26592738716703934
3638.93103333	1.1590000000001055	WheelMovementIntervals													-0.897948644523126
3647.62703333	1.969000000000051	WheelMovementIntervals													-0.5529547485783723
3650.97203333	0.06500000000005457	WheelMovementIntervals													-0.015201523359564817
3657.94903333	1.0459999999998217	WheelMovementIntervals													-1.0998098590425798
3670.46703333	1.13799999999992	WheelMovementIntervals													-1.4194963459729024
3673.32903333	1.0760000000000218	WheelMovementIntervals													-0.5996840336993046
3675.37603333	0.7680000000000291	WheelMovementIntervals													-0.2151255477383529
3679.77803333	0.2559999999998581	WheelMovementIntervals													0.013517882369910694
3684.09003333	0.5639999999998508	WheelMovementIntervals													-0.5704545650678483
3685.21003333	0.3670000000001892	WheelMovementIntervals													-0.17316506842871604
3693.56803333	1.1849999999999454	WheelMovementIntervals													-0.6229418494507399
3697.56903333	0.4580000000000837	WheelMovementIntervals													-0.17813495409359348
3702.03203333	0.4119999999998072	WheelMovementIntervals													-0.463089331812057
3703.96303333	0.6239999999997963	WheelMovementIntervals													-0.39926020839391185
3705.98203333	0.525000000000091	WheelMovementIntervals													-0.31536042156619715
3708.54803333	0.3550000000000182	WheelMovementIntervals													0.06161041223595021
3712.04003333	0.55600000000004	WheelMovementIntervals													-0.2452765956068106
3714.32103333	0.6050000000000182	WheelMovementIntervals													-0.33168958902524537
3721.52103333	1.231999999999971	WheelMovementIntervals													-0.42454134947251987
3726.84703333	2.0729999999998654	WheelMovementIntervals													-1.7591619498108457
3729.96403333	0.38599999999996726	WheelMovementIntervals													-0.18561208228720716
3731.11803333	0.3930000000000291	WheelMovementIntervals													-0.2066786761882895
3733.30403333	0.8369999999999891	WheelMovementIntervals													-0.13265972532451542
3736.61703333	0.4159999999997126	WheelMovementIntervals													-0.05360020268608423
3739.67303333	0.36599999999998545	WheelMovementIntervals													-0.029094107321611773
3743.84503333	1.143999999999778	WheelMovementIntervals													0.6227191197148159
3747.47203333	0.7489999999997963	WheelMovementIntervals													-0.09519797544726316
3749.23303333	0.7849999999998545	WheelMovementIntervals													0.11990016463073516
3758.22703333	1.011000000000422	WheelMovementIntervals													-0.430112664814601
3768.20303333	3.512000000000171	WheelMovementIntervals													2.864135346340163
3772.34903333	1.4639999999999418	WheelMovementIntervals													-0.47078897158917243
3776.55203333	0.9719999999997526	WheelMovementIntervals													-1.7289508400574505
3780.69803333	0.17000000000007276	WheelMovementIntervals													-0.26070254043941077
3792.70803333	0.3710000000000946	WheelMovementIntervals													-0.11902745824113481
3799.40603333	0.06300000000010186	WheelMovementIntervals													-0.03254628018191852
3800.70503333	0.11700000000018917	WheelMovementIntervals													-0.09830524479446012
3811.07203333	0.11499999999978172	WheelMovementIntervals													-0.05294374570155469
3819.33003333	0.12200000000029831	WheelMovementIntervals													-0.11765650332074529
3821.96703333	1.0590000000001965	WheelMovementIntervals													-0.48850896203464345
3823.93503333	0.37800000000015643	WheelMovementIntervals													-0.30525926129917025
3825.61103333	0.5360000000000582	WheelMovementIntervals													-0.4195829656442811
3828.77103333	0.7660000000000764	WheelMovementIntervals													-0.8199328002446009
3837.35703333	0.7460000000000946	WheelMovementIntervals													-0.18180087638040732
3838.38003333	0.18600000000014916	WheelMovementIntervals													-0.06219245550687447
3842.60803333	1.4829999999997199	WheelMovementIntervals													-0.9819483971584759
3846.52903333	0.5599999999999454	WheelMovementIntervals													0.10754753927085403
3848.96103333	0.931999999999789	WheelMovementIntervals													-0.20609016700223037
3850.71603333	0.47100000000000364	WheelMovementIntervals													-0.053268784965212035
3851.63203333	0.6790000000000873	WheelMovementIntervals													0.25572277538799426
3860.39603333	0.6579999999999018	WheelMovementIntervals													0.09030144042242227
3863.01103333	0.7670000000002801	WheelMovementIntervals													-0.3282228026627081
3866.52503333	1.1660000000001673	WheelMovementIntervals													-0.2532924556448961
3868.95403333	0.4839999999999236	WheelMovementIntervals													-0.08937229160289917
3873.17303333	0.9800000000000182	WheelMovementIntervals													0.05182958773741575
3876.67703333	0.5679999999997563	WheelMovementIntervals													0.06843470486148817
3880.03203333	0.6230000000000473	WheelMovementIntervals													-0.1062808487622533
3881.71203333	0.8170000000000073	WheelMovementIntervals													-0.056715744103030374
3884.16803333	0.36999999999989086	WheelMovementIntervals													-0.05059306153407306
3885.29403333	1.080000000000382	WheelMovementIntervals													-0.2418275971380126
3887.33003333	0.6590000000001055	WheelMovementIntervals													0.14480383029808763
3888.78903333	0.42399999999997817	WheelMovementIntervals													-0.12146925792842467
3889.61203333	0.11799999999993815	WheelMovementIntervals													-0.022313689388397506
3892.04003333	0.16699999999991633	WheelMovementIntervals													-0.025044866136113342
3894.79103333	0.5299999999997453	WheelMovementIntervals													-0.15089575543470346
3896.84503333	0.6459999999997308	WheelMovementIntervals													-0.1019295002643048
3906.16303333	0.5970000000002074	WheelMovementIntervals													0.13181530748579462
3908.2760333300002	0.3449999999997999	WheelMovementIntervals													-0.13295646602807665
3912.78603333	0.762000000000171	WheelMovementIntervals													0.09589443222728278
3914.19903333	0.7269999999998618	WheelMovementIntervals													-0.14983220551687282
3916.83003333	0.831000000000131	WheelMovementIntervals													-0.3363709289989174
3924.28003333	0.36599999999998545	WheelMovementIntervals													-0.3709893992407842
3926.78603333	0.22499999999990905	WheelMovementIntervals													-0.042321230440734325
3930.2380333300002	0.09899999999970532	WheelMovementIntervals													-0.016083460290246876
3942.89003333	0.9980000000000473	WheelMovementIntervals													-1.2072406138908036
3946.37003333	0.9239999999999782	WheelMovementIntervals													-1.007732406996638
3952.41403333	1.2950000000000728	WheelMovementIntervals													-0.8353943170016009
3955.92303333	0.5079999999998108	WheelMovementIntervals													-0.07493232308672759
3958.04103333	0.17399999999997817	WheelMovementIntervals													0.019998266046968638
3964.07403333	0.6730000000002292	WheelMovementIntervals													-0.10438567491212325
3967.56703333	0.17399999999997817	WheelMovementIntervals													-0.055775225892944036
3969.45703333	0.9909999999999854	WheelMovementIntervals													-1.1997159328883527
3973.44203333	2.117999999999938	WheelMovementIntervals													3.6507871626481574
3975.88603333	0.5869999999999891	WheelMovementIntervals													-0.13851888375199906
3977.77703333	0.4650000000001455	WheelMovementIntervals													0.2659983392200047
3989.56903333	0.1590000000001055	WheelMovementIntervals													0.12954564303140614
3990.39803333	1.1059999999997672	WheelMovementIntervals													1.3695144728968671
3992.86703333	0.3579999999997199	WheelMovementIntervals													-0.2953838038104095
3994.7670333300002	0.8529999999996107	WheelMovementIntervals													-1.8179463679275614
3999.95103333	1.4969999999998436	WheelMovementIntervals													-2.1985576891599976
4004.21403333	0.8730000000000473	WheelMovementIntervals													-0.633812103050559
4006.83503333	0.5019999999999527	WheelMovementIntervals													-0.13309047690120224
4013.17403333	2.867999999999938	WheelMovementIntervals													-3.8346584552909917
4018.77203333	0.5740000000000691	WheelMovementIntervals													-0.36982495261975146
4020.60103333	0.10199999999986176	WheelMovementIntervals													-0.03685522483760906
4023.81103333	0.6459999999997308	WheelMovementIntervals													-0.26887335884782715
4024.90403333	0.17399999999997817	WheelMovementIntervals													-0.09718553865980084
4027.64703333	0.80600000000004	WheelMovementIntervals													-0.27014958347888296
4031.7380333300002	0.08799999999973807	WheelMovementIntervals													-0.03201019108030323
4042.30903333	2.1579999999999018	WheelMovementIntervals													1.349246484103105
