onset	duration	nwb_table	choice	feedback_type	reward_volume	contrast_left	contrast_right	probability_left	feedback_time	response_time	stim_off_time	stim_on_time	go_cue_time	first_movement_time	peak_amplitude
4.992188170000691	1.4139999999998443	WheelMovementIntervals													-0.21329243514071625
13.418188169999764	1.643999999999819	WheelMovementIntervals													0.31883306922558713
15.65218816999952	0.24499999999997257	WheelMovementIntervals													-0.29784770784474535
16.16018816999946	1.00599999999989	WheelMovementIntervals													-1.3775668914527017
19.840188169999056	0.24199999999997246	WheelMovementIntervals													0.08671899711008368
30.376188169997896	0.18099999999997962	WheelMovementIntervals													-0.025215293751679857
31.06918816999782	0.6229999999999336	WheelMovementIntervals													-0.13840901520709914
38.20218816999704	0.21399999999997732	WheelMovementIntervals													-0.03323310792216838
38.70918816999698	1.2509999999998627	WheelMovementIntervals													-0.326588099501953
52.47618816999546	0.7219999999999231	WheelMovementIntervals													0.22012639852339855
53.540188169995346	2.1379999999997636	WheelMovementIntervals													-1.1330493583323806
73.53618816999314	1.313999999999865	WheelMovementIntervals													1.7478192425862074
75.27618816999295	0.12899999999999068	WheelMovementIntervals													0.06388175025239035
76.35918816999283	0.6069999999999283	WheelMovementIntervals													-0.09183292804089527
85.38518816999184	0.5079999999999529	WheelMovementIntervals													0.361550019315792
86.19018816999174	1.0069999999998913	WheelMovementIntervals													0.6556441635747623
87.61618816999159	1.8159999999998035	WheelMovementIntervals													-1.109041934532317
90.83568219009084	8.000698835870622	trials	-1.0	1.0	1.5		1.0	0.5	97.26420594009727	97.26408045125704	98.33633205009833	91.43788863009144	91.43892186009144	96.6361881699906	
96.6361881699906	1.0809999999998752	WheelMovementIntervals													0.9213902476233122
98.4301881699904	0.19799999999997908	WheelMovementIntervals													0.1267669586291721
99.10118816999032	1.5769999999998277	WheelMovementIntervals													0.22614511462947517
99.1907799300992	3.7302236803396625	trials	1.0	1.0	1.5	0.25		0.5	101.37359496010137	101.37349261618895	102.42095688010242	101.13768522010113	101.13875178010115	101.27418816999008	
101.27418816999008	0.8269999999999129	WheelMovementIntervals													0.8795733570455524
102.85418816998991	0.7399999999999238	WheelMovementIntervals													-0.20258127159991712
103.2857037301033	14.083722772207523	trials	1.0	-1.0	0.0		0.25	0.5	114.8009187601148	114.80002071267145	116.86934523011688	104.06962533010407	104.07072522010407	104.91218816998969	
104.91218816998969	0.42799999999995464	WheelMovementIntervals													-0.1738561745781999
106.31718816998954	0.31399999999996453	WheelMovementIntervals													0.20866721611963657
109.48418816998918	0.23999999999998067	WheelMovementIntervals													-0.07777651793846707
110.64118816998905	0.5269999999999442	WheelMovementIntervals													-0.11551577804781377
112.37818816998886	0.4949999999999477	WheelMovementIntervals													-0.08163421011020366
114.38318816998864	0.3849999999999625	WheelMovementIntervals													-0.21208682425606606
117.38018816998832	0.5109999999999388	WheelMovementIntervals													-0.24775768275934484
117.74762406011774	2.6563302994386646	trials	-1.0	1.0	1.5		0.125	0.5	118.83794835011884	118.83783567477904	119.90390841011991	118.4040917401184	118.40489166011841	118.53118816998818	
118.53118816998818	0.46199999999994645	WheelMovementIntervals													0.39143077771317425
120.48818816998798	0.8489999999999043	WheelMovementIntervals													0.1882293690791772
120.75975615012077	3.944302575667578	trials	-1.0	1.0	1.5		0.25	0.5	123.14185125012314	123.14175649777168	124.2040116901242	122.85251352012286	122.85351342012285	122.78418816998771	
121.69518816998784	0.6599999999999255	WheelMovementIntervals													0.219790165856383
122.78418816998771	0.6159999999999428	WheelMovementIntervals													0.5694883803452713
125.05718816998747	0.6409999999999343	WheelMovementIntervals													-0.09145275718483337
125.07635778012508	3.0925908795414614	trials	-1.0	1.0	1.5		1.0	0.5	126.6073380001266	126.60725277029356	127.66889850012767	126.30250182012631	126.3034683901263	126.50118816998732	
126.50118816998732	0.768999999999906	WheelMovementIntervals													1.3337204649239625
128.53244547012852	5.104715586769913	trials	-1.0	-1.0	0.0	0.0625		0.5	131.07712431013107	131.0759522399555	133.13708496013314	130.45368666013044	130.45475322013044	130.65318816998683	
128.57018816998706	0.9669999999998993	WheelMovementIntervals													-0.621569091726867
130.65318816998683	1.3049999999998647	WheelMovementIntervals													0.5347380059220743
134.05166016013405	2.5005132273505524	trials	1.0	1.0	1.5	1.0		0.5	134.994065910135	134.99396439109745	136.05209343013604	134.76882177013476	134.76968835013477	134.88418816998637	
134.88418816998637	0.7569999999999197	WheelMovementIntervals													-1.2831678802569026
136.55218816998618	0.644999999999925	WheelMovementIntervals													-0.3009857487820642
136.92247305013692	2.697696399054479	trials	1.0	1.0	1.5	0.125		0.5	138.04559406013806	138.04547071857405	139.1201199301391	137.77015494013776	137.77098819013779	137.85918816998606	
137.85918816998606	0.35399999999995657	WheelMovementIntervals													-0.3749377204866362
139.42418816998588	0.5569999999999311	WheelMovementIntervals													-0.7884292458883683
139.98576669014	6.584337223091325	trials	-1.0	1.0	1.5		0.125	0.5	145.007797770145	145.00769279236258	146.07005820014606	140.55207672014055	140.55297663014056	144.15518816998537	
144.15518816998537	0.9049999999998875	WheelMovementIntervals													0.3000051035892317
146.3881881699851	0.7439999999999145	WheelMovementIntervals													-0.49649616598985247
146.94660387014696	2.6734004194136958	trials	1.0	1.0	1.5	0.0625		0.5	148.05569295014806	148.0556032144767	149.1199531801491	147.66859833014766	147.66956490014766	147.91818816998494	
147.91818816998494	0.4289999999999452	WheelMovementIntervals													-0.3523903947717706
149.35218816998477	0.7489999999999384	WheelMovementIntervals													-0.459954220749752
149.97420108014998	2.5793060257955744	trials	1.0	1.0	1.5	0.125		0.5	151.007997690151	151.00790269355736	152.05349313015205	150.73532496015073	150.73619154015074	150.8771881699846	
150.8771881699846	0.3119999999999834	WheelMovementIntervals													-0.45076598730677475
152.7101881699844	0.863999999999919	WheelMovementIntervals													-1.6746127572678857
152.92780569015292	9.890640488778757	trials	1.0	1.0	1.5	0.0625		0.5	161.26003905016125	161.25993811409978	162.31839987016232	154.06872492015407	154.06982481015407	159.9841881699836	
159.9841881699836	0.40999999999993975	WheelMovementIntervals													-0.16285613069168692
161.16818816998347	0.4299999999999784	WheelMovementIntervals													-0.26354593334948095
162.52218816998334	0.5359999999999445	WheelMovementIntervals													-0.1763456160773913
163.1939456401632	7.157714402694239	trials	-1.0	-1.0	0.0	0.0625		0.5	167.7920191201678	167.79105360590776	169.85161314016986	163.71985971016372	163.72072629016373	167.56218816998276	
167.56218816998276	1.2249999999998806	WheelMovementIntervals													0.5226687903373433
170.71945968017073	3.64890022961751	trials	-1.0	-1.0	0.0	0.125		0.5	171.8116171201718	171.81065915073987	173.86824477017387	171.33626466017134	171.33736455017134	171.52618816998233	
171.52618816998233	0.6489999999999441	WheelMovementIntervals													0.5292517710892445
174.73855773017473	3.6462005381451377	trials	-1.0	-1.0	0.0	0.0625		0.5	175.81391685017581	175.8128572994606	177.88470975017788	175.43642127017543	175.43728785017544	175.6601881699819	
175.6601881699819	0.5099999999999341	WheelMovementIntervals													0.49885461283907695
178.75425612017875	20.21497162580056	trials	-1.0	-1.0	0.0	0.0625		0.5	196.41202350019643	196.41101780826583	198.46915110019847	179.45265294017946	179.45355285017945	182.94618816998107	
182.94618816998107	1.1479999999998824	WheelMovementIntervals													-0.16344207947052108
190.9331881699802	0.8589999999998952	WheelMovementIntervals													0.12995519959394186
196.2661881699796	0.9289999999998884	WheelMovementIntervals													0.6477279012583024
197.72718816997946	3.052999999999656	WheelMovementIntervals													1.4796538412821099
199.36542813019938	3.919005195449188	trials	1.0	1.0	1.5	0.25		0.5	201.7074272402017	201.70733063729813	202.78435287020278	201.43432122020144	201.43528779020144	201.58318816997902	
201.58318816997902	0.35499999999996135	WheelMovementIntervals													-0.38397052826693834
203.18818816997884	0.6469999999999345	WheelMovementIntervals													0.25669831499314255
203.66233173020368	2.5721082943762497	trials	1.0	1.0	1.5	0.125		0.5	204.64783317020465	204.64773375853548	205.73439117020573	204.36906105020438	204.36992763020436	204.43018816997872	
204.43018816997872	0.43399999999994066	WheelMovementIntervals													-0.4958950621908792
206.02818816997853	0.9099999999999113	WheelMovementIntervals													-0.42733301044368693
206.6015377802066	13.150615816929331	trials	1.0	-1.0	0.0		0.0	0.5	217.1944783802172	217.19344810335556	219.25207260021926	207.53571102020754	207.53691090020754	217.00318816997734	
217.00318816997734	0.5769999999999413	WheelMovementIntervals													-0.38627247345777455
220.13495097022013	2.5992036041792232	trials	1.0	1.0	1.5	0.0625		0.5	221.16304815022116	221.16295160468263	222.23407437022223	220.6172694002206	220.61840262022062	220.7351881699769	
220.7351881699769	1.2029999999998893	WheelMovementIntervals													1.0402379034542755
222.43618816997673	1.3599999999998431	WheelMovementIntervals													0.43146928424938324
223.11625281022313	2.8024101402612303	trials	1.0	1.0	1.5	0.25		0.5	224.35766199022436	224.35755641588221	225.4185892202254	224.1188525402241	224.11971912022412	224.23818816997652	
224.23818816997652	0.4639999999999702	WheelMovementIntervals													-0.5263713769293275
225.82318816997636	1.5149999999998158	WheelMovementIntervals													-3.792830813541493
226.34546319022635	14.08845286629247	trials	1.0	-1.0	0.0		0.125	0.5	237.87287700023788	237.8721048071114	239.93387088023994	228.78385266022877	228.7846525802288	236.94218816997514	
227.61418816997616	0.4709999999999468	WheelMovementIntervals													-0.031008526402065417
236.94218816997514	1.8999999999997783	WheelMovementIntervals													-0.8394473874662909
240.83101449024085	4.303999985134482	trials	-1.0	-1.0	0.0	0.0		0.5	242.57217369024258	242.57131367554084	244.63493406024463	242.00176407024202	242.00283063024202	242.16118816997457	
241.06118816997468	0.30999999999997385	WheelMovementIntervals													0.07337602703308832
242.16118816997457	0.5059999999999434	WheelMovementIntervals													0.3135074629220833
245.5091133002455	11.909036519089426	trials	-1.0	1.0	1.5		0.0625	0.5	255.83494728025585	255.83484409707407	256.91810562025694	246.03359418024604	246.03446076024605	246.2451881699741	
246.2451881699741	1.95599999999979	WheelMovementIntervals													0.2694982068820586
255.73318816997306	0.9459999999999127	WheelMovementIntervals													2.120541989148679
257.3951881699729	0.6879999999999313	WheelMovementIntervals													1.2924377791172863
257.8174490102578	7.200507661121549	trials	1.0	-1.0	0.0		0.0	0.5	262.43995338026247	262.43895264373685	264.51794556026454	262.03312740026206	262.033927320262	262.2161881699724	
258.54118816997277	0.5879999999999654	WheelMovementIntervals													-0.8801816568627784
259.48118816997265	2.043999999999812	WheelMovementIntervals													-5.514023255836743
262.2161881699724	1.27599999999984	WheelMovementIntervals													-1.0851383980204403
263.8401881699722	0.5369999999999777	WheelMovementIntervals													-0.07025563179605765
265.4235549902654	10.144415375803362	trials	1.0	-1.0	0.0		0.0625	0.5	273.001163820273	273.00016498031823	275.06789046027507	266.1831456902662	266.18421225026617	272.2481881699713	
272.2481881699713	1.983999999999753	WheelMovementIntervals													-0.7815034249192605
275.95036887027595	2.3827178512871683	trials	1.0	1.0	1.5	0.25		0.5	276.7703868602768	276.77027398067804	277.83308058027785	276.4830156002765	276.4841154902765	276.63818816997076	
276.63818816997076	0.6409999999999627	WheelMovementIntervals													-0.5825335262232292
278.1631881699706	1.2409999999998718	WheelMovementIntervals													-0.7223574630015701
278.7740864702788	3.0937195860638553	trials	1.0	1.0	1.5	0.125		0.5	280.2965008802803	280.29639512375127	281.3677604102814	279.96776709027995	279.96873366027995	280.1361881699704	
280.1361881699704	0.9419999999998936	WheelMovementIntervals													0.6024049016302611
281.74618816997025	0.7269999999999186	WheelMovementIntervals													-0.8710754097676716
282.24320619028225	10.739519888410769	trials	-1.0	1.0	1.5		0.0625	0.5	291.4164221102914	291.4163214695923	292.48268214029247	283.0995872102831	283.1003871302831	290.9341881699692	
290.9341881699692	0.6559999999999491	WheelMovementIntervals													0.4285115627675715
292.936188169969	1.6049999999997908	WheelMovementIntervals													-1.37249604050188
293.3799257402934	13.153911959739162	trials	-1.0	1.0	1.5		0.0625	0.5	304.94583570030494	304.94573537683783	306.03379356030604	295.06752363029506	295.0685568602951	304.47018816996774	
304.47018816996774	1.182999999999879	WheelMovementIntervals													1.691968863336446
306.18018816996755	1.52599999999984	WheelMovementIntervals													-2.035915055701709
306.94223604030697	3.19160999529322	trials	-1.0	1.0	1.5		1.0	0.5	308.54744217030856	308.5473400612485	309.63376686030966	308.13251700030816	308.13341691030814	308.3161881699673	
308.3161881699673	0.478999999999985	WheelMovementIntervals													0.4425016464521221
309.95018816996713	0.10099999999999909	WheelMovementIntervals													0.02522927289840915
310.3201881699671	0.06399999999996453	WheelMovementIntervals													0.004737365917645064
310.5189450003105	8.514744100995472	trials	-1.0	1.0	1.5		0.0625	0.5	317.47338282031745	317.4732793858889	318.53357679031853	311.06575698031105	311.06672355031105	317.3121881699663	
317.3121881699663	0.5149999999999295	WheelMovementIntervals													0.6359695614388912
318.5841881699662	1.0689999999998463	WheelMovementIntervals													-0.4044041969262411
319.4116889703194	3.371993736875879	trials	-1.0	1.0	1.5		0.125	0.5	321.2146753203212	321.2145845522952	322.2836350803223	320.84874525032086	320.84961183032084	321.0311881699659	
320.075188169966	0.15699999999998226	WheelMovementIntervals													-0.024227793105034756
321.0311881699659	0.27399999999994407	WheelMovementIntervals													0.33245455421138814
322.34718816996576	0.5699999999999363	WheelMovementIntervals													0.20228235465100752
323.1700797603232	6.84533906799129	trials	-1.0	1.0	1.5		1.0	0.5	328.4512849203285	328.45120758650836	329.5153785003295	324.48231519032447	324.4832817603245	328.0861881699651	
323.20818816996564	0.32499999999998863	WheelMovementIntervals													-0.037255315325054994
328.0861881699651	0.7089999999999463	WheelMovementIntervals													0.6053867177253007
329.71018816996497	0.6589999999998781	WheelMovementIntervals													-0.14542880849109263
330.45231813033047	7.114418785548253	trials	-1.0	1.0	1.5		0.25	0.5	335.996230350336	335.9961304310003	337.06668996033704	331.033526670331	331.034493240331	335.90818816996426	
335.90818816996426	0.6439999999999486	WheelMovementIntervals													1.422681481153683
337.5861881699641	0.6299999999999386	WheelMovementIntervals													-0.4427434296722206
337.95183477033794	2.665198854073026	trials	1.0	1.0	1.5	0.125		0.5	339.04932501033903	339.0492330632484	340.1169182403401	338.76532008033877	338.7663866403388	338.9351881699639	
338.9351881699639	0.21300000000002228	WheelMovementIntervals													-0.5448039676828369
340.32418816996375	0.6289999999999623	WheelMovementIntervals													-0.42616707189302083
340.998930030341	8.234405976594417	trials	-1.0	1.0	1.5		0.0	0.5	347.64653187034764	347.64643324058153	348.73332318034875	341.5819383903416	341.5830382803416	346.91418816996304	
346.91418816996304	0.9739999999998759	WheelMovementIntervals													0.5038134761554529
348.99218816996284	0.8839999999999009	WheelMovementIntervals													-0.43082072405669614
349.6131351903496	2.8201129134495204	trials	1.0	1.0	1.5	1.0		0.5	350.8471451103508	350.8470404029308	351.9331698303519	350.5484083203506	350.54924157035055	350.69718816996266	
350.69718816996266	0.33299999999991314	WheelMovementIntervals													-0.4830558014312052
352.28218816996247	0.7219999999999231	WheelMovementIntervals													-0.8113710780364061
352.8206477403528	9.378925278144948	trials	-1.0	1.0	1.5		1.0	0.5	360.62586714036064	360.6257662801702	361.6995264303617	353.68156164035366	353.6825615403537	360.2611881699616	
360.2611881699616	0.9409999999998604	WheelMovementIntervals													1.0433372283243205
362.17318816996135	0.87399999999991	WheelMovementIntervals													-0.8798485694013838
362.5876709403626	10.661728842588104	trials	-1.0	-1.0	0.0	0.0625		0.5	370.6903939203707	370.6895913382282	372.7493213403728	363.64816488036365	363.64909812036365	370.35718816996047	
370.35718816996047	1.490999999999815	WheelMovementIntervals													1.0516133666583904
373.64159877037366	2.491008684225619	trials	1.0	1.0	1.5	1.0		0.5	374.5804048803746	374.5803009123954	375.63249966037563	374.2646364603743	374.2656363603743	374.43018816996	
374.43018816996	0.22500000000002274	WheelMovementIntervals													-0.38590021610613157
375.98118816995986	1.227999999999838	WheelMovementIntervals													-1.01811130206086
376.56460644037656	2.916403667524264	trials	1.0	1.0	1.5	1.0		0.5	377.94170205037796	377.9416076998676	378.980964780379	377.6980930803777	377.6992596303777	377.8281881699596	
377.8281881699596	0.6339999999999577	WheelMovementIntervals													-0.7163910417638082
379.3981881699595	1.0699999999998795	WheelMovementIntervals													-0.7955458405296802
379.8773084703799	12.220440419394947	trials	-1.0	1.0	1.5		0.0	0.5	390.5446416303906	390.544541133801	391.5977029803916	380.96586627038096	380.966899500381	390.0751881699583	
390.0751881699583	1.0739999999998417	WheelMovementIntervals													1.0757083346909067
391.9591881699581	0.842999999999904	WheelMovementIntervals													0.3174309811278526
392.4898470903925	2.792416423257407	trials	1.0	1.0	1.5	0.25		0.5	393.7255568403937	393.7254534724882	394.7821845003948	393.4824811503935	393.4834143903935	393.6171881699579	
393.6171881699579	0.3059999999999832	WheelMovementIntervals													-0.598734123369713
395.15018816995774	0.8489999999998759	WheelMovementIntervals													-1.1455801743910303
395.6591634603957	18.223038714334166	trials	-1.0	-1.0	0.0	0.0		0.5	411.3268965304113	411.3259950246863	413.3821576504134	396.53097627039654	396.53204283039656	400.67518816995715	
400.67518816995715	0.6329999999999245	WheelMovementIntervals													-0.24786428548014605
410.62118816995604	0.7669999999998822	WheelMovementIntervals													0.4853700350416297
414.28210098041427	2.6818968928545246	trials	-1.0	1.0	1.5		1.0	0.5	415.3954896304154	415.3953984452424	416.46398277041646	414.84741111041484	414.8485110004149	415.0471881699555	
415.0471881699555	0.9639999999999418	WheelMovementIntervals													0.91908080172316
416.55118816995537	1.1669999999998595	WheelMovementIntervals													-0.5336806278244453
417.35169399041735	6.180209461429513	trials	-1.0	1.0	1.5		0.25	0.5	421.970098770422	421.9699995661444	423.03182592042305	417.94840098041794	417.94946754041797	421.7151881699548	
421.7151881699548	0.6459999999999582	WheelMovementIntervals													0.6371503245894896
423.3091881699546	1.1939999999999031	WheelMovementIntervals													-1.2744801486139892
423.9283029304239	6.435512124041793	trials	-1.0	1.0	1.5		0.0625	0.5	428.8244132704288	428.8243113933716	429.86374266042986	425.1637793704252	425.1647459404252	428.71518816995405	
428.71518816995405	0.9059999999998922	WheelMovementIntervals													1.6744438028055235
430.1351881699539	0.8889999999998963	WheelMovementIntervals													-0.794580917407794
430.8185138404308	7.145245541680993	trials	-1.0	-1.0	0.0	0.0625		0.5	435.42162015043544	435.4206412407818	437.4636825904375	431.6484641704317	431.64933075043166	435.22618816995333	
435.22618816995333	1.1089999999998668	WheelMovementIntervals													0.7160329821845366
438.36825879043835	2.6119020611712926	trials	1.0	1.0	1.5	0.25		0.5	439.41995361043945	439.4198588150671	440.48011425044047	439.13124915043915	439.13224905043916	439.29218816995285	
439.29218816995285	0.2729999999999677	WheelMovementIntervals													-0.573924005823109
440.6881881699527	1.4589999999998895	WheelMovementIntervals													-1.5902135903884425
441.3572598604414	12.540939640470128	trials	-1.0	-1.0	0.0	0.0625		0.5	451.34282787045134	451.3418906245498	453.3981223204534	442.73135577044275	442.7322223504427	451.1311881699516	
442.93118816995246	0.1519999999999868	WheelMovementIntervals													-0.062706701459323
451.1311881699516	1.5829999999997995	WheelMovementIntervals													0.5286836159436135
454.3004987404543	2.597702173895641	trials	-1.0	1.0	1.5		0.25	0.5	455.3407947004553	455.34069881008753	456.3981556204564	454.8965724604549	454.8977723404549	455.15318816995114	
455.15318816995114	0.6469999999999345	WheelMovementIntervals													1.0448307484775956
456.82418816995096	0.8419999999998709	WheelMovementIntervals													-1.3981675827726594
457.2881999404573	2.826511483614752	trials	1.0	1.0	1.5	1.0		0.5	458.55170691045856	458.5516041794774	459.6146672704596	458.26316910045824	458.2640356804583	458.43918816995074	
458.43918816995074	0.3039999999999736	WheelMovementIntervals													-0.6996828076892339
459.7711881699506	2.645999999999731	WheelMovementIntervals													-4.840857857344208
460.51301076046053	15.133212538145926	trials	-1.0	1.0	1.5		0.0625	0.5	474.07852074047406	474.07842020685297	475.14618063047516	462.87954075046287	462.8806406404629	473.61318816994907	
473.61318816994907	0.7219999999999231	WheelMovementIntervals													0.5273126150354095
475.3131881699489	0.79099999999994	WheelMovementIntervals													0.2828774112765835
476.0797206004761	2.883329222007717	trials	1.0	1.0	1.5	0.125		0.5	477.4004218504774	477.4003326105851	478.4629822504785	476.6309988004766	476.63183205047665	476.85918816994877	
476.85918816994877	1.2809999999998354	WheelMovementIntervals													0.6871941165390467
478.9541881699485	0.5259999999999536	WheelMovementIntervals													-0.27060359551892077
479.43125208047945	23.049555083399923	trials	-1.0	-1.0	0.0	0.125		0.5	499.9175365804999	499.9168001477018	501.980696910502	480.2140737904802	480.2151070204802	499.75718816994623	
499.75718816994623	0.6659999999998831	WheelMovementIntervals													0.4981782296892643
502.8885061205029	3.508809932444649	trials	1.0	-1.0	0.0		0.0625	0.5	503.83551141050384	503.83460825937703	505.8972385505059	503.5125103805035	503.5135102805035	503.63018816994577	
503.63018816994577	0.8169999999999504	WheelMovementIntervals													-0.5713408157195072
506.7899159405068	2.940603378659148	trials	-1.0	1.0	1.5		0.125	0.5	508.15981227050816	508.15971658271786	509.23050519050923	507.3123636905073	507.31346358050735	507.9621881699453	
507.9621881699453	0.7309999999999377	WheelMovementIntervals													0.9195770486901225
509.54418816994513	0.852999999999895	WheelMovementIntervals													0.8254773047334893
510.1173165005101	2.7463908791431777	trials	-1.0	1.0	1.5		1.0	0.5	511.2935988605113	511.29351130951966	512.3636585105123	511.012227000511	511.013093580511	511.156188169945	
511.156188169945	0.8089999999999122	WheelMovementIntervals													1.8553224543110467
512.6651881699447	1.2929999999998927	WheelMovementIntervals													-0.7163051282730777
513.2555026505132	7.974728747712788	trials	-1.0	-1.0	0.0	0.0		0.5	518.6640284105187	518.6631207879849	520.7302217705208	514.4121869705144	514.4130535505144	518.3891881699441	
518.3891881699441	1.3699999999998909	WheelMovementIntervals													0.5646552993462315
521.6304317405217	2.4484171243706214	trials	1.0	1.0	1.5	0.25		0.5	522.5148432905225	522.5147372030564	523.5787702205236	522.1620452405222	522.1629784805222	522.3841881699436	
522.3841881699436	0.4230000000000018	WheelMovementIntervals													-0.34385991683837425
523.7291881699435	1.6519999999998163	WheelMovementIntervals													-0.9834712503760077
524.4650482505244	12.496836138536537	trials	-1.0	-1.0	0.0	0.125		0.5	534.3785234705343	534.3775745361067	536.4617817905365	524.980063410525	524.980963320525	534.2061881699424	
534.2061881699424	1.0599999999998317	WheelMovementIntervals													0.6836695576620038
537.4526826905375	2.3271990701337018	trials	1.0	1.0	1.5	1.0		0.5	538.2076738505382	538.2075814157643	539.2798666205393	537.929768310538	537.9308015405379	538.080188169942	
538.080188169942	0.4339999999999691	WheelMovementIntervals													-0.6710619656487253
539.5621881699418	1.45599999999979	WheelMovementIntervals													-1.0513718722661434
540.1648781105401	13.030023804274947	trials	-1.0	1.0	1.5		0.25	0.5	551.6284983005517	551.6283964136677	552.6948249905527	541.6448967605417	541.6457633405416	551.2941881699405	
551.2941881699405	0.876999999999839	WheelMovementIntervals													1.1864839241609744
552.6641881699403	1.27699999999993	WheelMovementIntervals													-0.438089844191877
553.6056005705536	6.489211112459998	trials	-1.0	1.0	1.5		0.0	0.5	558.5332077605585	558.5331082493336	559.5947349305596	554.5626715205545	554.5636380905546	558.2231881699397	
558.2231881699397	0.6689999999999827	WheelMovementIntervals													0.7936963823905039
559.8631881699396	1.0869999999998754	WheelMovementIntervals													-0.2696253481631441
560.4975113105605	3.5152096319417296	trials	-1.0	1.0	1.5		0.25	0.5	562.4549488805625	562.4548161169142	563.5126764305635	561.5628381005615	561.5639046605615	561.7141881699393	
561.7141881699393	1.709999999999809	WheelMovementIntervals													2.3865129548237505
564.035188169939	0.90199999999993	WheelMovementIntervals													-1.1830188254216978
564.4110199205644	7.450148198127295	trials	-1.0	-1.0	0.0	0.125		0.5	569.3087967605693	569.3078496283671	571.3611248405714	565.3946548805654	565.3955214605654	569.0161881699386	
569.0161881699386	0.8659999999998718	WheelMovementIntervals													0.6003442721550964
572.2669675805723	2.395690839209692	trials	1.0	1.0	1.5	1.0		0.5	573.0824526905731	573.082363781891	574.1625780005742	572.8292780105728	572.8304445605728	572.9651881699381	
572.9651881699381	0.83199999999988	WheelMovementIntervals													-1.45390087979942
574.2981881699379	1.2639999999998963	WheelMovementIntervals													-1.2044431405971157
575.0531556005751	2.9262024824278114	trials	1.0	1.0	1.5	0.25		0.5	576.3976544705764	576.3975562816548	577.4792796305775	576.0445231205761	576.045389700576	576.1521881699377	
576.1521881699377	0.6789999999999736	WheelMovementIntervals													-0.3288558514203448
577.5581881699376	1.543999999999869	WheelMovementIntervals													-0.3861154905409041
578.3693572805784	12.626453177847452	trials	-1.0	-1.0	0.0	0.0		0.5	588.4172523905884	588.4162987987921	590.4957445205905	580.1776097705801	580.1786763305802	588.2071881699364	
588.2071881699364	1.24799999999982	WheelMovementIntervals													0.7725082835573946
591.4924115105915	2.701893028120139	trials	-1.0	1.0	1.5		1.0	0.5	592.6247982605927	592.6247081697735	593.6941913105937	592.011026310592	592.011892890592	592.130188169936	
592.130188169936	0.7379999999999427	WheelMovementIntervals													0.5650164778433666
593.9591881699358	1.389999999999759	WheelMovementIntervals													-0.9489846885278883
594.5936013605946	3.2020077159589846	trials	1.0	1.0	1.5	0.25		0.5	596.2300043705962	596.229904281587	597.2955644705974	595.8622744805958	595.8631743905959	596.0291881699355	
596.0291881699355	0.6729999999998881	WheelMovementIntervals													-0.3779161488405727
597.9121881699353	0.19899999999995543	WheelMovementIntervals													-0.03083610935755665
598.1956077905982	11.914934569704542	trials	-1.0	1.0	1.5		0.125	0.5	608.5467392406085	608.5466360853346	609.6104328606096	598.8609079205988	598.8618078305989	608.3701881699342	
608.3701881699342	0.62399999999991	WheelMovementIntervals													1.0959963497005614
609.881188169934	1.8989999999997735	WheelMovementIntervals													2.3976600177485974
610.5240414906106	3.671223732348494	trials	-1.0	1.0	1.5		0.125	0.5	612.6327639306127	612.632653972852	613.6952243406137	612.3453593406124	612.3463259106123	612.4451881699338	
612.4451881699338	3.904999999999518	WheelMovementIntervals													3.2116597194713226
614.6053666506147	9.639794735920532	trials	-1.0	1.0	1.5		0.25	0.5	622.6797591306226	622.6796614038199	623.7450859206238	617.4603811206175	617.4612810306174	622.5441881699327	
622.5441881699327	0.6089999999999236	WheelMovementIntervals													0.8998761248193325
624.0161881699324	1.19299999999987	WheelMovementIntervals													-1.6627701686856469
624.6697601106247	2.9571294933710988	trials	1.0	1.0	1.5	1.0		0.5	626.043689370626	626.0435733479787	627.1268810406272	625.7267210706258	625.7275209906257	625.8851881699322	
625.8851881699322	0.27099999999995816	WheelMovementIntervals													-0.5000932607628155
627.1071881699321	1.4769999999998618	WheelMovementIntervals													-1.148700047873259
628.022991420628	3.3220971797410357	trials	1.0	1.0	1.5	1.0		0.5	629.7745829106298	629.7744883520346	630.8450425206308	629.3616575406294	629.3624907906294	629.5191881699319	
629.5191881699319	0.8099999999998317	WheelMovementIntervals													-0.41041493429506737
631.0261881699317	0.3609999999998763	WheelMovementIntervals													-0.31466950143515504
631.7444859006317	10.850432318491698	trials	-1.0	-1.0	0.0	0.0		0.5	640.02169143064	640.0207090262174	642.0948507606421	632.4935443206325	632.4947775306325	639.9221881699307	
639.9221881699307	0.9949999999998909	WheelMovementIntervals													0.5502853870140232
643.0929176106431	2.4520156580773573	trials	-1.0	1.0	1.5		0.0625	0.5	643.9713297606439	643.9712225029267	645.0448224006451	643.5768025506436	643.5776691306436	643.8101881699303	
643.8101881699303	0.4289999999999736	WheelMovementIntervals													0.5915572155368771
645.3081881699301	0.8849999999999909	WheelMovementIntervals													-0.9137545656357666
645.943832490646	7.067520282106102	trials	-1.0	1.0	1.5		0.25	0.5	651.4376497206514	651.437546701665	652.5113090106526	646.7433858606468	646.7442857706468	651.3351881699294	
651.3351881699294	0.7959999999999354	WheelMovementIntervals													1.662307332209954
653.1311881699293	1.210999999999899	WheelMovementIntervals													-1.833910511032446
653.4164518206534	6.711321884368658	trials	-1.0	1.0	1.5		0.0625	0.5	658.5602707206585	658.5601670605021	659.6277306306596	654.8262441606548	654.8272107306549	658.2311881699287	
658.2311881699287	1.0549999999998363	WheelMovementIntervals													1.5974937437356864
659.6721881699285	0.5119999999999436	WheelMovementIntervals													0.42232296331557073
660.5380729206605	2.8398111192382203	trials	-1.0	1.0	1.5		0.125	0.5	661.8127787706618	661.8126770136856	662.8777722606629	661.1430457506611	661.1441456406611	661.4901881699284	
661.4901881699284	0.6719999999999118	WheelMovementIntervals													0.691312310951071
663.1701881699281	0.5779999999999745	WheelMovementIntervals													-1.1715679490475566
663.7673832906638	6.075487233618901	trials	-1.0	1.0	1.5		1.0	0.5	668.2792653906683	668.2791723248279	669.3427923606694	664.4428824006644	664.4437823106645	668.1711881699276	
668.1711881699276	0.6399999999998727	WheelMovementIntervals													1.2276394209760788
669.7771881699274	0.6509999999999536	WheelMovementIntervals													-0.45316983973817315
670.2475685406703	6.57853509530878	trials	-1.0	1.0	1.5		0.125	0.5	675.2524013406753	675.2522937184526	676.3260939606763	671.0609871906711	671.062020420671	675.1221881699269	
675.1221881699269	1.1259999999998627	WheelMovementIntervals													2.38376332448797
676.5431881699267	0.4499999999999318	WheelMovementIntervals													-0.7489769911096422
677.2385027106773	2.5724055286733574	trials	1.0	1.0	1.5	0.25		0.5	678.2263039206782	678.2262036815869	679.3108621206793	677.8108788006779	677.8119453606778	677.9811881699266	
677.9811881699266	0.5709999999999127	WheelMovementIntervals													-0.7398209734205317
679.3711881699264	1.4799999999997908	WheelMovementIntervals													-1.5690215866703152
680.2090056306802	10.950229624256963	trials	-1.0	1.0	1.5		1.0	0.5	689.5803350706896	689.5802292715625	690.6591938406907	681.6259972506816	681.6269304906816	689.2041881699253	
689.2041881699253	0.7369999999999663	WheelMovementIntervals													0.7654759677190501
691.131188169925	0.4879999999999427	WheelMovementIntervals													0.37034070288791554
691.5777353106915	2.616191114245453	trials	-1.0	1.0	1.5		0.25	0.5	692.6177313006926	692.6176313812549	693.6938903406937	692.2271703606922	692.2281702606922	692.4061881699249	
692.4061881699249	2.633999999999787	WheelMovementIntervals													1.273713490289957
694.6952235306946	2.865236305102826	trials	1.0	1.0	1.5	1.0		0.5	695.987827590696	695.987739456923	697.0603869906971	695.6923238106957	695.6931237306957	695.8511881699245	
695.8511881699245	0.44399999999996	WheelMovementIntervals													-0.701119104459428
696.9901881699244	1.5549999999998363	WheelMovementIntervals													-1.7008071766814332
697.968262860698	11.490711266149106	trials	-1.0	1.0	1.5		0.125	0.5	707.8819713907079	707.8818699923153	708.958897020709	699.7090554306997	699.7100553306997	707.5111881699232	
698.8481881699242	0.1490000000000009	WheelMovementIntervals													-0.031419729972773425
707.5111881699232	0.7160000000000082	WheelMovementIntervals													0.6756730011790193
709.2031881699231	0.9409999999999172	WheelMovementIntervals													-0.5291394184621794
709.8813714307099	9.712222757609425	trials	-1.0	-1.0	0.0	0.0		0.8	717.032556240717	717.0315859764169	719.0934834607191	710.7934468807108	710.7942801307108	716.9241881699222	
716.9241881699222	2.091999999999757	WheelMovementIntervals													-1.3977695501671707
720.00769203072	2.534408533972851	trials	1.0	1.0	1.5	1.0		0.8	720.967896000721	720.9677941271377	722.042021910722	720.6587935807206	720.6598268107207	720.8241881699219	
720.8241881699219	0.5209999999998445	WheelMovementIntervals													-0.5593099391415208
722.5101881699217	1.5449999999998454	WheelMovementIntervals													-2.261425938754103
722.943298440723	15.798643980872612	trials	-1.0	1.0	1.5		1.0	0.8	737.1895403407372	737.1894353944718	738.2419017607383	724.5765684307246	724.5774683407246	736.94418816992	
736.94418816992	0.7499999999998863	WheelMovementIntervals													0.771385082597881
738.5491881699198	0.43499999999994543	WheelMovementIntervals													1.027502427625949
739.1772415507392	2.3477220082158965	trials	1.0	1.0	1.5	0.25		0.8	739.97246202074	739.9723486656284	741.0249234307411	739.7428849807397	739.7439848707397	739.8841881699198	
739.8841881699198	0.46699999999987085	WheelMovementIntervals													-1.1163984940315874
741.3691881699195	1.2729999999999109	WheelMovementIntervals													-1.1856195624718797
741.939765270742	2.9685968556917715	trials	1.0	1.0	1.5	1.0		0.8	743.3433582307433	743.3432628386084	744.4082850607444	743.1097815907431	743.1105815107431	743.1771881699193	
743.1771881699193	0.34799999999995634	WheelMovementIntervals													-0.5130603297496172
744.5391881699192	1.1339999999999009	WheelMovementIntervals													-2.2491798873293742
745.3213604107453	10.98662533616914	trials	-1.0	1.0	1.5		0.25	0.8	754.7555835607548	754.7554813080048	755.8079116507558	746.3597565607464	746.3608897807463	754.5461881699181	
754.5461881699181	0.8309999999999036	WheelMovementIntervals													0.4457840683689156
756.0251881699179	1.2679999999999154	WheelMovementIntervals													-0.35173669121963513
756.7340856907567	4.807411246507854	trials	1.0	1.0	1.5	0.125		0.8	759.98099430076	759.9808926109953	761.041421580761	757.8095781307578	757.8104447107578	757.9451881699177	
757.9451881699177	0.5529999999998836	WheelMovementIntervals													-0.21335156480240514
759.7961881699175	0.59699999999998	WheelMovementIntervals													-0.3644187944566539
761.4541881699173	1.4789999999999281	WheelMovementIntervals													-0.6870296826501416
761.965395840762	3.6092192729993258	trials	1.0	1.0	1.5	1.0		0.8	764.003592000764	764.0035050300484	765.0745848907651	763.4426814307634	763.4437146607635	763.5911881699171	
763.5911881699171	0.8159999999999172	WheelMovementIntervals													-0.37125482500280427
765.368188169917	1.20599999999979	WheelMovementIntervals													-2.4543564506827202
766.1018154907661	24.656957366404185	trials	-1.0	-1.0	0.0	0.25		0.8	788.2001387707882	788.1992660060753	790.2587328907903	767.1426114007671	767.1436779607671	788.0461881699144	
781.5621881699151	0.3170000000000073	WheelMovementIntervals													-0.04115654722296824
788.0461881699144	1.1399999999998727	WheelMovementIntervals													0.5649215823761757
791.2021718707912	2.2566026024868506	trials	1.0	1.0	1.5	1.0		0.8	791.8954692007919	791.8953720558677	792.958729530793	791.6573596807916	791.6584262407916	791.782188169914	
791.782188169914	2.3429999999997335	WheelMovementIntervals													-2.113690000712939
793.8614725807938	2.6974194851587754	trials	-1.0	1.0	1.5		0.25	0.8	794.991992850795	794.9918799082976	796.0587861607961	794.6240629807946	794.6250628807946	794.6281881699136	
794.6281881699136	0.6039999999999281	WheelMovementIntervals													0.5250755628842114
796.3811881699135	1.2959999999999354	WheelMovementIntervals													-0.22577579655176905
796.991592870797	3.299197760778384	trials	1.0	1.0	1.5	0.25		0.8	798.7317855007988	798.7316901074722	799.7907129307998	798.4407479407985	798.4416811807985	798.5491881699132	
798.5491881699132	0.5839999999999463	WheelMovementIntervals													-0.41630059637751415
800.1791881699131	0.9829999999998336	WheelMovementIntervals													-0.2299180321484826
800.7068879708007	10.45154629955232	trials	-1.0	1.0	1.5		1.0	0.8	809.5930992608096	809.5930256352677	810.6583927208106	801.6752911208017	801.6763243508017	809.4151881699121	
809.4151881699121	0.6049999999999045	WheelMovementIntervals													0.9349495508674757
811.0091881699119	0.87399999999991	WheelMovementIntervals													-0.5895348392290316
811.5879330908116	13.235700915318262	trials	-1.0	-1.0	0.0	0.0625		0.8	822.2604324008223	822.259632216253	824.3235594008244	812.5071078308125	812.5079077508125	812.6721881699117	
812.6721881699117	0.66599999999994	WheelMovementIntervals													-0.21234983994633794
822.1021881699106	1.5909999999998945	WheelMovementIntervals													1.0592544295609443
825.2544329708253	2.4869105469414308	trials	-1.0	1.0	1.5		0.25	0.8	826.1863397708262	826.1862361732193	827.2412676008272	825.8581725908259	825.8590391708259	826.0651881699102	
826.0651881699102	0.5969999999998663	WheelMovementIntervals													1.0078826593522834
827.3751881699101	0.51299999999992	WheelMovementIntervals													-0.18381037514563658
828.1641419708282	3.710620169892877	trials	-1.0	-1.0	0.0	0.0625		0.8	829.3173599708293	829.3163476128643	831.3746875508314	828.8734710308289	828.8743376108289	829.1631881699099	
829.1631881699099	0.76299999999992	WheelMovementIntervals													0.3840133752885926
832.2852631508323	2.5548218154258393	trials	-1.0	1.0	1.5		0.0625	0.8	833.2781638508333	833.2780712397421	834.3400243208343	832.973394330833	832.9742942408329	833.1741881699095	
833.1741881699095	0.33999999999991815	WheelMovementIntervals													0.41170997409078325
834.5021881699093	1.7769999999997026	WheelMovementIntervals													-1.1786176180608194
835.3671882608354	3.2894971954201537	trials	1.0	1.0	1.5	0.25		0.8	837.0934822808371	837.0933862643424	838.1565759608382	836.7914458208368	836.7922790708368	836.958188169909	
836.958188169909	0.5509999999999309	WheelMovementIntervals													-0.3488053789033927
838.2981881699088	0.7540000000000191	WheelMovementIntervals													-0.8259116216499542
839.0763839708391	10.963428086176123	trials	-1.0	1.0	1.5		0.0625	0.8	848.4766105208485	848.476507194724	849.5397375308495	839.6745241508397	839.6755573808397	848.3601881699078	
848.3601881699078	0.43899999999985084	WheelMovementIntervals													0.7207159217053416
849.8071881699076	1.779999999999859	WheelMovementIntervals													4.31663030293657
850.4704111208505	3.604197706418745	trials	1.0	1.0	1.5	0.25		0.8	852.5106070808525	852.5105086905386	853.5745340108535	852.2744973608523	852.2754306008522	852.4041881699073	
852.4041881699073	0.2279999999999518	WheelMovementIntervals													-0.5879460732511745
853.6531881699071	2.8749999999997726	WheelMovementIntervals													-2.634155483372801
854.5081073108545	9.833038886634768	trials	-1.0	1.0	1.5		0.125	0.8	862.7674479608628	862.7673391336208	863.8410405908638	857.4894424808575	857.4903757208575	862.6681881699062	
862.6681881699062	2.031999999999698	WheelMovementIntervals													2.9750322140769363
864.7780468808647	3.2628001467898002	trials	-1.0	-1.0	0.0	0.25		0.8	865.4676445808655	865.4668464896394	867.5407705808675	865.3060940708654	865.3069606508653	865.2951881699059	
865.2951881699059	3.7989999999995234	WheelMovementIntervals													12.754985513412166
868.4753437808685	3.1807076922664237	trials	1.0	1.0	1.5	0.0		0.8	870.0899489708701	870.0898461626263	871.1560090208711	869.6062306808697	869.6072639108696	869.9711881699054	
869.9711881699054	0.9729999999998427	WheelMovementIntervals													-0.6676981875821477
871.3481881699053	1.0279999999999063	WheelMovementIntervals													-0.5806754612683704
872.0883491108721	2.735916031597071	trials	1.0	1.0	1.5	0.25		0.8	873.2530659608733	873.252955083746	874.3241921708743	872.957328870873	872.958228780873	873.112188169905	
873.112188169905	0.33199999999999363	WheelMovementIntervals													-0.605604155263646
874.4341881699049	2.1449999999997544	WheelMovementIntervals													-1.3543078329060334
875.2587653708753	3.63202604115952	trials	-1.0	1.0	1.5		0.25	0.8	877.3217590508773	877.3216790257433	878.3907188108784	877.005990630877	877.006857210877	877.1141881699047	
877.1141881699047	0.6429999999999154	WheelMovementIntervals													0.7379452570903702
878.5041881699044	1.77599999999984	WheelMovementIntervals													-2.9052617419788174
879.3226922708793	3.61809800106289	trials	1.0	1.0	1.5	1.0		0.8	881.3877857408814	881.3876899885212	882.4407471008825	880.939197270881	880.9401638408809	881.1381881699042	
881.1381881699042	0.3089999999999691	WheelMovementIntervals													-0.31419582339013985
882.411188169904	1.8719999999998436	WheelMovementIntervals													-1.9355380528632384
883.3669878008834	26.388480209782756	trials	1.0	1.0	1.5	0.25		0.8	908.1779397909082	908.1778613349791	909.2553653709093	884.7891122408848	884.7901121408848	907.4171881699012	
907.4171881699012	0.9399999999999409	WheelMovementIntervals													-0.5021673489385048
909.3661881699011	1.1729999999998881	WheelMovementIntervals													-0.3635470259489235
910.2346674309102	2.722207465129145	trials	1.0	1.0	1.5	1.0		0.8	911.3802528609114	911.3801697306313	912.4567785309125	911.1067135509111	911.1075134709112	911.2521881699008	
911.2521881699008	0.22299999999995634	WheelMovementIntervals													-0.44457601023272986
912.5111881699007	0.7259999999998854	WheelMovementIntervals													-0.5356902670416019
913.4922749709135	2.7312901168476174	trials	1.0	1.0	1.5	0.25		0.8	914.6509590909146	914.6508699301598	915.7234518309157	914.1052803309141	914.1061469109142	914.2731881699005	
914.2731881699005	0.3669999999999618	WheelMovementIntervals													-0.2754312380821471
915.8911881699004	0.4959999999998672	WheelMovementIntervals													-0.784990875225601
916.6388602809167	2.9180298660631934	trials	1.0	1.0	1.5	0.125		0.8	917.978759610918	917.9786730756136	919.056785130919	917.2053036309172	917.2061368809173	917.3761881699002	
917.3761881699002	1.2469999999998436	WheelMovementIntervals													0.4148242123543433
919.2881881699	0.84599999999989	WheelMovementIntervals													-0.619783992896128
919.98559224092	36.852267433218685	trials	-1.0	-1.0	0.0	0.0		0.8	954.2737630809543	954.2727531196516	956.3377899909564	920.5220052609205	920.5231051509205	953.7511881698962	
953.7511881698962	2.3429999999997335	WheelMovementIntervals													0.686588596456259
957.3091595109573	2.696920245428487	trials	1.0	1.0	1.5	0.25		0.8	958.4373800109585	958.4372671429246	959.5060064709595	958.0559181609581	958.0570513809581	958.2141881698957	
958.2141881698957	0.2619999999999436	WheelMovementIntervals													-0.3090973683476257
959.5861881698955	1.310999999999808	WheelMovementIntervals													-0.680244058754516
960.4309806309604	2.841809575351135	trials	-1.0	1.0	1.5		0.25	0.2	961.6984872009617	961.6983840094505	962.7727464309628	961.3211916009614	961.3220581809613	961.4951881698953	
961.4951881698953	0.6729999999998881	WheelMovementIntervals													0.8678148522539608
963.0311881698951	1.4519999999998845	WheelMovementIntervals													-0.9154953799682986
963.6871883109637	3.3354949129133047	trials	-1.0	1.0	1.5		0.25	0.2	965.4450791709654	965.4449840490935	966.5226047409666	965.087614920965	965.0886481509651	965.2251881698949	
965.2251881698949	0.5430000000000064	WheelMovementIntervals													0.6146781686120963
966.5911881698947	0.8659999999998718	WheelMovementIntervals													0.27473886436766826
967.4445792009675	6.911233283160982	trials	-1.0	1.0	1.5		0.125	0.2	972.7902112509728	972.79010262361	973.8557713509739	968.0376532209681	968.038619790968	972.6291881698941	
972.6291881698941	0.6439999999998918	WheelMovementIntervals													0.8303866429826545
974.1551881698939	0.8869999999999436	WheelMovementIntervals													0.09440245798687918
974.7887113809747	7.416717703493305	trials	-1.0	1.0	1.5		0.0	0.2	980.6280273909806	980.6279229570939	981.7054196409817	975.6876881409758	975.6885547209757	980.2101881698933	
980.2101881698933	1.1759999999998172	WheelMovementIntervals													1.6208003350740174
982.068188169893	0.7919999999999163	WheelMovementIntervals													-0.75502701233704
982.6324269309827	8.038420051738626	trials	-1.0	-1.0	0.0	0.125		0.2	988.1064128109881	988.1056385411963	990.1707730209902	983.6040630909836	983.6051296509836	987.6751881698924	
987.6751881698924	1.0639999999998508	WheelMovementIntervals													0.7004791786234978
991.1084459109911	3.6623235455880376	trials	-1.0	1.0	1.5		0.0625	0.2	993.2186682009932	993.2185583248623	994.2707296509943	991.8553378809919	991.8563711109919	991.855188169892	
991.855188169892	0.4009999999999536	WheelMovementIntervals													0.23313374602266634
993.1841881698919	0.2889999999998736	WheelMovementIntervals													0.4107676156900837
994.7031881698916	1.1529999999999063	WheelMovementIntervals													-0.6701497462924806
995.2100690409952	9.095403149477193	trials	-1.0	1.0	1.5		0.25	0.2	1002.7314834910028	1002.7313699915373	1003.8053760910038	996.5386695009965	996.5396694009966	1002.5801881698908	
1002.5801881698908	0.45499999999992724	WheelMovementIntervals													0.6112288353453135
1003.9251881698906	1.1579999999999018	WheelMovementIntervals													-0.8578187107953124
1004.8635702610048	7.223334814317695	trials	-1.0	1.0	1.5		0.0625	0.2	1010.5194046210105	1010.5192959539547	1011.5868645310115	1005.5868645910056	1005.5878978210056	1010.17818816989	
1010.17818816989	0.5569999999999027	WheelMovementIntervals													0.4686509015171616
1011.7831881698897	1.05499999999995	WheelMovementIntervals													-0.8111604100587613
1012.5152050210125	6.906399462823401	trials	-1.0	1.0	1.5		0.25	0.2	1017.8532045010179	1017.8531030600502	1018.9215643210189	1013.2883610310133	1013.2891609510133	1017.3251881698892	
1017.3251881698892	0.7859999999998308	WheelMovementIntervals													0.5465243314320727
1019.012188169889	1.6879999999997608	WheelMovementIntervals													-1.0459154888967515
1019.8648033210198	6.573032950973015	trials	-1.0	1.0	1.5		0.0	0.2	1024.8668364010248	1024.8667268739825	1025.937795961026	1021.3202244310213	1021.3210910110213	1024.7211881698884	
1024.7211881698884	0.6289999999999054	WheelMovementIntervals													1.1252293853242943
1025.9781881698882	1.571999999999889	WheelMovementIntervals													-1.2678865376690265
1026.8772353410268	9.592731094952796	trials	-1.0	1.0	1.5		1.0	0.2	1034.9006662510349	1034.9005588395376	1035.969892651036	1028.3032593910284	1028.3043259510282	1034.0061881698873	
1034.0061881698873	1.1979999999998654	WheelMovementIntervals													0.6035270360422462
1036.182188169887	1.2169999999998709	WheelMovementIntervals													-0.76204800044456
1036.9155647410369	7.204103583129836	trials	-1.0	1.0	1.5		1.0	0.2	1042.5503678710425	1042.5502651971326	1043.6196609310437	1038.0880141510381	1038.088880731038	1042.4251881698865	
1042.4251881698865	0.47899999999981446	WheelMovementIntervals													0.7908522130066142
1043.7751881698862	1.2059999999999036	WheelMovementIntervals													-1.0687776996876668
1044.5752653610446	7.379020479351766	trials	-1.0	1.0	1.5		0.0	0.2	1050.3849843310504	1050.384879122801	1051.4542107310515	1045.3042257910454	1045.3051590310454	1050.1281881698856	
1050.1281881698856	0.5419999999999163	WheelMovementIntervals													0.5537817609642186
1051.5551881698855	0.8579999999997199	WheelMovementIntervals													-0.4260561467084383
1052.3893838710524	7.115043613711805	trials	-1.0	1.0	1.5		1.0	0.2	1057.924796941058	1057.9247162455167	1059.004355641059	1052.969659171053	1052.9707257310529	1057.6621881698848	
1057.6621881698848	0.5469999999997981	WheelMovementIntervals													0.47487097912139653
1059.1841881698845	0.68100000000004	WheelMovementIntervals													-0.5206494964696411
1059.9466280710599	10.690620524014548	trials	-1.0	1.0	1.5		0.0	0.2	1069.066049371069	1069.0659430193978	1070.1371422510701	1060.4861741110606	1060.4869740310605	1068.4331881698836	
1068.4331881698836	0.765999999999849	WheelMovementIntervals													0.3639825716264635
1070.4141881698833	0.9739999999999327	WheelMovementIntervals													0.4731992272389025
1071.086247331071	8.932928140034164	trials	-1.0	1.0	1.5		0.0	0.2	1078.4680757410786	1078.46796975823	1079.5191039610795	1071.985890691072	1071.986857261072	1078.3611881698823	
1078.3611881698823	0.6130000000000564	WheelMovementIntervals													1.270939871573331
1079.7141881698824	0.9529999999997472	WheelMovementIntervals													-0.3220256295985795
1080.4766748610805	2.8089106440418163	trials	1.0	1.0	1.5	0.25		0.2	1081.7261832310817	1081.7260782611502	1082.7855106210827	1081.2703954810813	1081.2714287110812	1081.452188169882	
1081.452188169882	0.35400000000004184	WheelMovementIntervals													-0.40593562511240044
1082.856188169882	1.6629999999997835	WheelMovementIntervals													0.4553699746227089
1083.7213836910837	6.947495840624697	trials	-1.0	1.0	1.5		0.25	0.2	1089.1013789710892	1089.1012789214813	1090.1687722210902	1085.020520431085	1085.021387011085	1088.9761881698812	
1088.9761881698812	0.5029999999999291	WheelMovementIntervals													0.8536644571490388
1090.3911881698812	1.602999999999838	WheelMovementIntervals													-0.7073331941229828
1091.1094781410911	8.127327532690288	trials	-1.0	1.0	1.5		0.125	0.2	1097.6676222610977	1097.6674995505828	1098.7367820010988	1092.5869637110925	1092.5879969410926	1097.5361881698802	
1097.5361881698802	0.3969999999999345	WheelMovementIntervals													0.6087321685378964
1098.8101881698801	0.48700000000008004	WheelMovementIntervals													0.6470971583148906
1099.8241065910997	2.429512422473408	trials	1.0	1.0	1.5	1.0		0.2	1100.6844205511006	1100.6843106353917	1101.7535469611018	1100.3355221111003	1100.3365553411004	1100.50818816988	
1100.50818816988	0.5429999999998927	WheelMovementIntervals													-0.6582500643137745
1101.6791881698798	1.6399999999998727	WheelMovementIntervals													-0.7469554644123519
1102.6891200611028	9.229534108851112	trials	-1.0	1.0	1.5		0.25	0.2	1110.3693519611104	1110.3692467796827	1111.4185470311115	1103.852037091104	1103.8532036411038	1110.2491881698788	
1110.2491881698788	0.5640000000000782	WheelMovementIntervals													1.0361837324053784
1111.5931881698789	1.3969999999997071	WheelMovementIntervals													-0.8746732035547709
1112.3616527111124	11.1568066096645	trials	-1.0	1.0	1.5		0.25	0.2	1121.962059241122	1121.9619566776757	1123.0183869311231	1113.4699085411135	1113.4707417911134	1121.5901881698776	
1121.5901881698776	0.724999999999909	WheelMovementIntervals													0.8030807908472166
1123.1321881698775	1.231999999999971	WheelMovementIntervals													-1.590691863961469
1123.979157511124	8.972526881956583	trials	-1.0	1.0	1.5		1.0	0.2	1131.3933826811315	1131.3932772451062	1132.4516101811325	1124.8197734411249	1124.8206400211247	1130.9041881698768	
1130.9041881698768	0.9859999999998763	WheelMovementIntervals													1.1771494648852343
1132.6841881698765	1.4589999999998327	WheelMovementIntervals													-1.4539831165522727
1133.3942825711333	3.3252213271516666	trials	1.0	1.0	1.5	0.125		0.2	1135.146407341135	1135.146292754325	1136.2194333611362	1134.8026750511349	1134.8035416311347	1134.980188169876	
1134.980188169876	0.30300000000011096	WheelMovementIntervals													-0.45693797155777816
1136.2581881698761	1.059999999999718	WheelMovementIntervals													0.5382147090295302
1137.1742045411372	3.212003001858875	trials	-1.0	1.0	1.5		0.125	0.2	1138.814007211139	1138.8139050525776	1139.8861333211398	1138.5346684811386	1138.5355017311385	1138.6951881698758	
1138.6951881698758	0.75	WheelMovementIntervals													1.6195581531007566
1139.8921881698757	1.0609999999999218	WheelMovementIntervals													-0.8509584645270571
1140.8291056811408	2.638925150344676	trials	1.0	1.0	1.5	0.125		0.2	1141.904231491142	1141.9041147044436	1142.967925111143	1141.4513767811416	1141.4524766711415	1141.6381881698755	
1141.6381881698755	0.28899999999998727	WheelMovementIntervals													-0.2944652503320082
1143.0331881698753	0.9809999999999945	WheelMovementIntervals													-0.5323625046705462
1143.904031491144	10.532102153381857	trials	-1.0	1.0	1.5		0.25	0.2	1152.8709347111528	1152.8708316217298	1153.936061521154	1144.6526232911447	1144.6537565111446	1152.6331881698743	
1152.6331881698743	0.5459999999998217	WheelMovementIntervals													0.5529892444160271
1154.1681881698742	0.8339999999998327	WheelMovementIntervals													-0.2773507225916738
1154.891332651155	8.62782624678107	trials	-1.0	1.0	1.5		0.125	0.2	1161.973957651162	1161.9738525551616	1163.0191197911631	1155.4844733311554	1155.4853399111555	1161.7451881698732	
1161.7451881698732	0.5899999999999181	WheelMovementIntervals													0.6474012633414556
1163.2191881698732	1.0789999999997235	WheelMovementIntervals													-0.6117267341634296
1163.968658161164	9.650025590923406	trials	-1.0	1.0	1.5		1.0	0.2	1172.065781701172	1172.0656779555338	1173.1186430711732	1164.7676782511649	1164.7685448311647	1171.6151881698722	
1171.6151881698722	1.05399999999986	WheelMovementIntervals													1.5545713983881129
1173.319188169872	1.3159999999998035	WheelMovementIntervals													-1.4356884143683573
1174.064181841174	6.6548231446665795	trials	-1.0	1.0	1.5		1.0	0.2	1179.1639051511793	1179.1637980444123	1180.2189329711803	1175.1504398711752	1175.151439771175	1179.0271881698714	
1179.0271881698714	0.5599999999999454	WheelMovementIntervals													0.5885050935672815
1180.3091881698713	2.105999999999767	WheelMovementIntervals													-0.8421467290629412
1181.1613053911813	10.355818305874891	trials	-1.0	1.0	1.5		0.125	0.2	1189.94572686119	1189.9456192226253	1191.017119711191	1183.1841030911833	1183.1850030011833	1189.86018816987	
1189.86018816987	0.7529999999999291	WheelMovementIntervals													1.852014584467284
1191.15118816987	1.1639999999999873	WheelMovementIntervals													-1.3581359393047823
1191.989722441192	3.3787323639467104	trials	1.0	1.0	1.5	0.125		0.2	1193.7938420111939	1193.7937391874386	1194.8684345411948	1193.4018812111933	1193.4028811111934	1193.5871881698697	
1193.5871881698697	0.30999999999994543	WheelMovementIntervals													-0.3993581679378764
1195.0451881698696	1.2389999999998054	WheelMovementIntervals													-1.59954784636707
1195.963758331196	8.104411706481415	trials	-1.0	1.0	1.5		0.125	0.2	1202.4986714412025	1202.4985653514682	1203.5681644812037	1196.8004079911968	1196.8015078811968	1202.3941881698688	
1202.3941881698688	0.8599999999999	WheelMovementIntervals													1.7202260875274558
1204.0821881698687	1.281999999999698	WheelMovementIntervals													-1.022235648779267
1204.5275685312045	12.33932045299889	trials	-1.0	1.0	1.5		0.25	0.2	1215.3023909412152	1215.3022855175982	1216.3668511512165	1206.000087931206	1206.001087831206	1215.1841881698674	
1215.1841881698674	0.6649999999999636	WheelMovementIntervals													1.1728050491252535
1216.4611881698672	2.2289999999998145	WheelMovementIntervals													-1.0855596795712277
1217.3343877212174	10.450241844038374	trials	-1.0	1.0	1.5		0.25	0.2	1226.2352308812262	1226.2351216573873	1227.2845926012274	1219.3348543212194	1219.3359208812194	1226.068188169866	
1226.068188169866	0.553000000000111	WheelMovementIntervals													0.6545583785671081
1227.438188169866	1.3819999999998345	WheelMovementIntervals													-0.43716207774422067
1228.2504293412283	10.399315109239978	trials	-1.0	1.0	1.5		0.0	0.2	1237.085945701237	1237.0858396294157	1238.1496726512382	1229.2829927412292	1229.2838593212293	1236.939188169865	
1236.939188169865	0.49299999999993815	WheelMovementIntervals													0.688306021457624
1238.2541881698648	1.0079999999998108	WheelMovementIntervals													-0.38494679721180525
1239.1227420012392	12.761542625827815	trials	-1.0	1.0	1.5		0.0625	0.2	1250.3157892512504	1250.3156776334733	1251.3842490612515	1239.6842858412397	1239.6853857312396	1250.1971881698635	
1250.1971881698635	0.4539999999999509	WheelMovementIntervals													0.7162636866962018
1251.6191881698633	2.058999999999969	WheelMovementIntervals													0.34719528163554614
1252.3567851312523	3.9261259676868576	trials	-1.0	1.0	1.5		1.0	0.2	1254.7114829712548	1254.7114001051195	1255.7828091612557	1254.2993908512542	1254.3005574012543	1254.531188169863	
1254.531188169863	0.487999999999829	WheelMovementIntervals													0.6435657832812538
1255.9081881698628	0.7139999999999418	WheelMovementIntervals													0.2691325441701444
1256.7440130312568	8.09011209761934	trials	-1.0	1.0	1.5		0.25	0.2	1263.2699270412634	1263.2698219830415	1264.3340872812644	1257.3175223412572	1257.3185222412574	1263.037188169862	
1263.037188169862	0.3220000000001164	WheelMovementIntervals													0.3349414047585366
1264.406188169862	1.3139999999998508	WheelMovementIntervals													-1.361821947545499
1265.3024237712652	8.464507700520016	trials	-1.0	1.0	1.5		0.125	0.2	1272.1931346312722	1272.193028411822	1273.2668939112732	1266.2824924212664	1266.2834256612664	1272.059188169861	
1272.059188169861	0.47499999999990905	WheelMovementIntervals													0.7206109579863895
1273.313188169861	0.6620000000000346	WheelMovementIntervals													0.16272835363619897
1274.2413297912742	9.207531871530819	trials	-1.0	1.0	1.5		0.0	0.2	1281.8764662012818	1281.8763545611996	1282.948758961283	1275.7825423212757	1275.7833422412757	1281.65918816986	
1274.353188169861	0.6709999999998217	WheelMovementIntervals													-0.29240597893882025
1281.65918816986	0.3930000000000291	WheelMovementIntervals													0.42008569202129564
1283.22918816986	1.3019999999996799	WheelMovementIntervals													-0.3277345037031818
1283.926161211284	8.590828082803682	trials	1.0	1.0	1.5	0.25		0.8	1290.942792811291	1290.9426825142998	1292.016918721292	1285.1667704712852	1285.1679036912851	1290.4661881698592	
1290.4661881698592	1.028999999999769	WheelMovementIntervals													-1.1217725925584272
1292.078188169859	1.8189999999997326	WheelMovementIntervals													-0.4014101694627925
1292.973889681293	11.208031526150762	trials	1.0	1.0	1.5	0.125		0.8	1302.6166253113026	1302.616515943912	1303.6818854413036	1294.5487321812946	1294.5497987412946	1301.8581881698578	
1301.8581881698578	0.9149999999999636	WheelMovementIntervals													-0.4298873368335592
1303.8361881698577	1.416999999999689	WheelMovementIntervals													-0.3588346996231291
1304.6643205213047	10.369016320619266	trials	-1.0	1.0	1.5		0.0	0.8	1313.4606408013135	1313.4605326697288	1314.5332668613146	1306.2497619613064	1306.2506618713062	1313.2641881698567	
1313.2641881698567	0.36799999999993815	WheelMovementIntervals													0.39052270366026853
1314.6361881698565	1.2249999999996817	WheelMovementIntervals													-1.1703052716195224
1315.5035364913156	10.061245749978752	trials	-1.0	-1.0	0.0	0.0		0.8	1322.984454991323	1322.9836697611327	1325.064746941325	1317.4150119913174	1317.4158785713175	1322.7751881698555	
1316.0111881698563	0.9119999999998072	WheelMovementIntervals													-0.2588329324781409
1322.7751881698555	0.8899999999998727	WheelMovementIntervals													0.5348810556162267
1326.043682371326	2.5057934695455515	trials	1.0	1.0	1.5	0.125		0.8	1326.964990231327	1326.9648788676768	1328.049415111328	1326.6826184713268	1326.6834183913268	1326.824188169855	
1326.824188169855	0.3420000000000982	WheelMovementIntervals													-0.5073360690067723
1328.1001881698548	0.9400000000000546	WheelMovementIntervals													0.5374496736740326
1329.1619705113292	2.552829168649396	trials	1.0	1.0	1.5	0.25		0.8	1330.1472719713302	1330.1471809964955	1331.2146985513311	1329.7979735713297	1329.7990734613297	1329.9871881698548	
1329.9871881698548	0.9709999999997763	WheelMovementIntervals													-0.44794531982174135
1331.4281881698546	1.2399999999997817	WheelMovementIntervals													-0.667068476144534
1332.1744025713322	16.206730956333104	trials	-1.0	-1.0	0.0	0.0625		0.8	1345.8179047513458	1345.8171269465918	1347.881065081348	1333.4162783713334	1333.4173449313334	1345.651188169853	
1345.651188169853	0.8550000000000182	WheelMovementIntervals													1.1945349257571287
1348.864533391349	2.5333023114103526	trials	1.0	1.0	1.5	1.0		0.8	1349.83403643135	1349.833933893177	1350.8977633813508	1349.5493315713495	1349.5501648213497	1349.6871881698526	
1349.6871881698526	0.47199999999998	WheelMovementIntervals													-0.5195597577184046
1351.2461881698523	0.9970000000000709	WheelMovementIntervals													-0.28755083181316543
1351.8587339413518	2.7069161844651717	trials	1.0	1.0	1.5	0.25		0.8	1353.004452691353	1353.0043395212058	1354.065613231354	1352.6157915613526	1352.6168247913527	1352.7921881698521	
1352.7921881698521	0.9300000000000637	WheelMovementIntervals													-0.4482133538443751
1354.1941881698522	1.2419999999997344	WheelMovementIntervals													-0.40008372060353636
1355.036949421355	3.0954127449838325	trials	1.0	1.0	1.5	1.0		0.8	1356.5719625713566	1356.5718542535453	1357.6322565313576	1356.1975000213563	1356.1984332613563	1356.329188169852	
1356.329188169852	0.7779999999997926	WheelMovementIntervals													-0.33089040320555974
1357.8931881698516	1.4479999999998654	WheelMovementIntervals													-0.1965635793639997
1358.5913606113586	19.30585397034679	trials	-1.0	1.0	1.5		0.125	0.8	1376.3077887913764	1376.307708302838	1377.3971798413775	1359.83086998136	1359.8317365613598	1376.2171881698496	
1376.2171881698496	0.6269999999999527	WheelMovementIntervals													1.3168691811504551
1377.4021881698495	1.66399999999976	WheelMovementIntervals													-0.6149751082812873
1378.3800148813784	3.7171847702468312	trials	1.0	1.0	1.5	0.125		0.8	1380.5177010913806	1380.517605548356	1381.5971264713817	1380.03208299138	1380.03318288138	1380.2321881698492	
1379.4741881698492	0.10200000000008913	WheelMovementIntervals													-0.017610915412657135
1380.2321881698492	0.8799999999998818	WheelMovementIntervals													-0.4140603811032779
1381.911188169849	0.9169999999999163	WheelMovementIntervals													-0.2607371152653801
1382.5621966213826	2.751711971779514	trials	1.0	1.0	1.5	0.25		0.8	1383.7240137613837	1383.7239012533962	1384.8138381013848	1383.3485513113833	1383.3494512213833	1383.4891881698488	
1383.4891881698488	0.4500000000000455	WheelMovementIntervals													-0.33751175362766794
1384.9251881698488	1.2729999999996835	WheelMovementIntervals													-0.9308742629323525
1385.7674094013857	11.364348302871804	trials	-1.0	1.0	1.5		0.125	0.8	1395.5709622813956	1395.5708502071489	1396.6316562013967	1386.831936271387	1386.8331028213868	1395.3991881698475	
1395.3991881698475	0.849999999999909	WheelMovementIntervals													1.4856093545700464
1396.7961881698473	1.3289999999999509	WheelMovementIntervals													0.24502817459133297
1397.6067586813977	10.091610166822647	trials	-1.0	-1.0	0.0	0.0		0.8	1405.1322060614052	1405.1310655161828	1407.1983327614073	1398.6802513213986	1398.6812845513987	1404.9031881698465	
1404.9031881698465	1.324999999999818	WheelMovementIntervals													0.6267894422183353
1407.1581881698462	1.5079999999998108	WheelMovementIntervals													-1.1219786117271848
1408.1862672914083	8.561730516994885	trials	-1.0	-1.0	0.0	0.0		0.8	1414.1997658814141	1414.1987866153597	1416.2479277114162	1409.2966562414092	1409.2974894914094	1414.0251881698455	
1409.426188169846	0.2839999999998781	WheelMovementIntervals													-0.06302070765865686
1414.0251881698455	1.046999999999798	WheelMovementIntervals													0.5183539184828891
1417.2280963514172	2.385113450750623	trials	1.0	1.0	1.5	0.0625		0.8	1418.054313721418	1418.0541999711204	1419.113107831419	1417.6966161614178	1417.6977160514177	1417.830188169845	
1417.830188169845	0.35399999999981446	WheelMovementIntervals													-0.40088757730001845
1419.4461881698448	1.0879999999999654	WheelMovementIntervals													0.6321478860641712
1420.09230990142	2.972192778706358	trials	-1.0	1.0	1.5		0.0625	0.8	1421.4924032114216	1421.4923060289327	1422.5644626614226	1421.1811676714212	1421.182034251421	1421.3461881698447	
1421.3461881698447	0.5099999999999909	WheelMovementIntervals													0.8574448385536471
1422.7201881698445	0.8599999999999	WheelMovementIntervals													-0.2071428927697596
1423.5303993914235	2.549214517330711	trials	1.0	1.0	1.5	0.25		0.8	1424.5209336614246	1424.5208042545785	1425.5795944514257	1424.2631594414242	1424.2639926914244	1424.4171881698444	
1424.4171881698444	0.6889999999998508	WheelMovementIntervals													-1.4038291449671334
1425.5981881698442	1.2159999999998945	WheelMovementIntervals													-0.31190647629028234
1426.7074149914267	2.756911465676012	trials	1.0	1.0	1.5	0.25		0.8	1427.891329921428	1427.8912186265445	1428.964289281429	1427.4312092714274	1427.4322758314274	1427.621188169844	
1427.621188169844	0.9519999999999982	WheelMovementIntervals													0.5933512553440767
1429.294188169844	0.6609999999998308	WheelMovementIntervals													-0.4360275172353312
1429.9314258914299	19.63285535532873	trials	-1.0	-1.0	0.0	0.0		0.8	1447.016383891447	1447.0154723199753	1449.064245751449	1430.6298227114307	1430.6309226014307	1446.7641881698419	
1446.7641881698419	1.0389999999999873	WheelMovementIntervals													0.7579398727027673
1450.05907959145	2.853604532161853	trials	1.0	1.0	1.5	0.25		0.8	1451.3727815414513	1451.3726802967506	1452.4126775414525	1450.7293458914507	1450.7303457914506	1450.8821881698414	
1450.8821881698414	0.8109999999999218	WheelMovementIntervals													-0.36069455369504055
1452.6361881698413	1.0279999999997926	WheelMovementIntervals													-0.7789215573726676
1453.3742813714534	2.5717255803365333	trials	1.0	1.0	1.5	0.25		0.8	1454.3917796114545	1454.3916907001526	1455.4459408514554	1454.1471707414541	1454.147970661454	1453.894188169841	
1453.894188169841	0.8569999999999709	WheelMovementIntervals													-1.1127900056202709
1455.802188169841	0.76299999999992	WheelMovementIntervals													-1.156033770528051
1456.4182102814564	16.262025939474142	trials	-1.0	1.0	1.5		0.125	0.8	1471.1199399614711	1471.1198328278929	1472.1801672614722	1457.014017361457	1457.014950601457	1470.8081881698392	
1470.8081881698392	2.9799999999995634	WheelMovementIntervals													2.6717186932185086
1473.1696349714732	3.3938133891961115	trials	1.0	1.0	1.5	0.125		0.8	1475.004351481475	1475.0042405875975	1476.0634122314761	1474.4621723714745	1474.4630722814745	1474.6101881698387	
1474.6101881698387	0.6150000000000091	WheelMovementIntervals													-0.3221691448045849
1476.2601881698386	1.155999999999949	WheelMovementIntervals													-0.5212836201793039
1477.050446851477	10.896528121237907	trials	-1.0	-1.0	0.0	0.25		0.8	1485.3742810514855	1485.3732668030027	1487.4468737714874	1478.028849001478	1478.030015551478	1478.2021881698383	
1478.2021881698383	0.6420000000000528	WheelMovementIntervals													-0.1612646926321819
1484.9081881698376	1.2870000000000346	WheelMovementIntervals													0.7296037590163511
1488.4428741614884	2.7374125245357845	trials	-1.0	1.0	1.5		0.0625	0.8	1489.6166901014897	1489.6165786740326	1490.6802504014906	1489.1785339214891	1489.1795671514892	1489.3081881698372	
1489.3081881698372	0.7529999999999291	WheelMovementIntervals													0.7633523583274986
1490.724188169837	2.383999999999787	WheelMovementIntervals													-1.0431810709515315
1491.6524865014917	3.777708925213574	trials	1.0	1.0	1.5	1.0		0.8	1493.862898771494	1493.8627905533729	1494.930158701495	1493.4951688814936	1493.4961687814935	1493.6361881698367	
1493.6361881698367	0.38999999999987267	WheelMovementIntervals													-0.43320221363376454
1495.0181881698365	1.1619999999998072	WheelMovementIntervals													-0.6640024971836613
1495.907394301496	17.155637419732784	trials	-1.0	1.0	1.5		0.25	0.8	1511.4995349315116	1511.4994255841314	1512.5629285815126	1496.7618755114968	1496.7628087514968	1511.3071881698347	
1511.3071881698347	0.5619999999998981	WheelMovementIntervals													0.6557211567828407
1512.6811881698345	1.7789999999999964	WheelMovementIntervals													0.2921314725977613
1513.5516297015135	3.5114319572592194	trials	1.0	1.0	1.5	1.0		0.8	1515.4923356115155	1515.4922462575948	1516.5629952015165	1515.144770371515	1515.1459369215152	1515.3051881698343	
1515.3051881698343	0.32199999999988904	WheelMovementIntervals													-0.3250313292038811
1516.5961881698342	1.4119999999998072	WheelMovementIntervals													-2.0891982448671644
1517.5439637615175	2.917696562864421	trials	1.0	1.0	1.5	1.0		0.8	1518.8959618815188	1518.8958612422527	1519.96155531152	1518.6115569915187	1518.6125568915186	1518.760188169834	
1518.760188169834	0.6199999999998909	WheelMovementIntervals													-0.9847167243508039
1520.1411881698339	1.4579999999998563	WheelMovementIntervals													-0.5748578500962616
1520.9300584515208	18.914560685378774	trials	-1.0	-1.0	0.0	1.0		0.8	1537.2777568515373	1537.276809169868	1539.3445168215394	1522.2794568315223	1522.2805233915224	1537.1481881698319	
1537.1481881698319	1.0299999999999727	WheelMovementIntervals													0.8953920747632225
1540.3360176615404	2.341889805248684	trials	-1.0	1.0	1.5		1.0	0.8	1541.113106611541	1541.1130132837666	1542.1778334615421	1540.8458666715408	1540.846666591541	1540.9721881698315	
1540.9721881698315	0.5429999999998927	WheelMovementIntervals													0.9618854421430001
1542.1191881698314	1.3399999999996908	WheelMovementIntervals													-0.9417290068253656
1543.161601741543	2.7675088234675513	trials	1.0	1.0	1.5	1.0		0.8	1544.3594152815444	1544.3593046945552	1545.4290749715453	1544.029148311544	1544.030281531544	1544.182188169831	
1544.182188169831	0.6349999999999909	WheelMovementIntervals													-0.45140516793389907
1545.630188169831	1.12299999999982	WheelMovementIntervals													0.3552694576211408
1546.4144097615465	12.113055408079845	trials	-1.0	-1.0	0.0	0.25		0.8	1555.975486891556	1555.9747511251098	1558.027415011558	1547.3608817715474	1547.3619150015475	1555.8631881698298	
1555.8631881698298	0.6030000000000655	WheelMovementIntervals													0.8371079127661893
1559.1935650515593	2.384013466609076	trials	1.0	1.0	1.5	1.0		0.8	1560.01434963156	1560.0142689989746	1561.0774433115612	1559.6956148415597	1559.6964480915597	1559.8651881698295	
1559.8651881698295	0.34699999999998	WheelMovementIntervals													-0.5439259876439806
1560.8091881698292	1.474999999999909	WheelMovementIntervals													-0.2405168728010061
1562.046079771562	3.0147885997450885	trials	1.0	1.0	1.5	0.25		0.8	1563.5021674815634	1563.5020737828513	1564.5608282715646	1562.8787631615628	1562.879763061563	1562.993188169829	
1562.993188169829	0.8720000000000709	WheelMovementIntervals													-0.4663551355650384
1564.6911881698288	1.15099999999984	WheelMovementIntervals													-0.9815523777128732
1565.5324644315656	2.6130227303253832	trials	1.0	1.0	1.5	1.0		0.8	1566.5835926415666	1566.5834723674814	1567.6454531115676	1566.2454931215664	1566.2463930315662	1566.4011881698286	
1566.4011881698286	0.7239999999999327	WheelMovementIntervals													-0.4513691476498174
1568.1761881698285	0.5769999999999982	WheelMovementIntervals													-0.5377091731140915
1568.6314878315686	14.779041736202771	trials	-1.0	-1.0	0.0	0.25		0.8	1580.842933231581	1580.8418198351253	1582.910493121583	1569.4106432415695	1569.4116764715695	1580.726188169827	
1580.726188169827	1.2049999999999272	WheelMovementIntervals													1.602475296372159
1583.896527841584	2.8486040293084898	trials	1.0	1.0	1.5	0.0625		0.8	1585.1793328815852	1585.179228305072	1586.2450929615864	1584.6449863215846	1584.6458862315847	1584.7821881698267	
1584.7821881698267	0.9669999999998709	WheelMovementIntervals													-0.46877101086374395
1586.3451881698265	1.584999999999809	WheelMovementIntervals													-1.5170587423226216
1587.2175290415873	3.2606245485269483	trials	-1.0	1.0	1.5		0.125	0.8	1588.908326611589	1588.9082407335372	1589.97805296159	1588.5936580815885	1588.5947913015887	1588.7491881698263	
1588.7491881698263	0.7189999999998236	WheelMovementIntervals													1.2695010322562688
1589.9781881698261	1.421999999999798	WheelMovementIntervals													-0.4814776230223643
1590.958454911591	14.036214875314045	trials	-1.0	-1.0	0.0	0.0625		0.8	1602.4129760116025	1602.4120654179017	1604.4946344916045	1592.010183061592	1592.011082971592	1602.1901881698248	
1602.1901881698248	1.6599999999998545	WheelMovementIntervals													2.1931112935241366
1605.4903682416054	2.7528084866587506	trials	1.0	1.0	1.5	0.0625		0.8	1606.6664839516068	1606.666371012713	1607.7431429416079	1606.110039601606	1606.1109395116061	1606.4041881698242	
1606.4041881698242	0.8360000000000127	WheelMovementIntervals													-0.42449569317152935
1607.846188169824	1.3869999999999436	WheelMovementIntervals													-0.826898210520433
1608.7368768916087	7.072912277857085	trials	-1.0	1.0	1.5		1.0	0.8	1614.2471924716142	1614.2470848986543	1615.3097195416153	1609.7279777716099	1609.7288776816097	1614.1381881698235	
1614.1381881698235	0.6309999999998581	WheelMovementIntervals													1.3978594209282207
1615.4971881698232	1.09699999999998	WheelMovementIntervals													0.24945094986554395
1616.2929878716163	2.784937264685368	trials	1.0	1.0	1.5	0.125		0.8	1617.5094995416175	1617.5094032746588	1618.5777927016186	1617.2612243716173	1617.2621242816174	1617.398188169823	
1617.398188169823	0.49499999999989086	WheelMovementIntervals													-0.8592832270809794
1618.610188169823	0.6599999999998545	WheelMovementIntervals													0.5844806152129962
1619.5561281916196	2.670289638829672	trials	1.0	1.0	1.5	1.0		0.8	1620.6566181316207	1620.656523097727	1621.7263444816217	1620.2430594916202	1620.2440927216203	1620.3981881698228	
1620.3981881698228	0.5389999999999873	WheelMovementIntervals													-0.4300473021591422
1621.8731881698225	1.2339999999999236	WheelMovementIntervals													-0.743118964286257
1622.7014136316227	17.674748513926033	trials	-1.0	-1.0	0.0	0.0625		0.8	1637.8109025316378	1637.8099533921602	1639.87606266164	1623.5275310116235	1623.5283975916236	1637.7021881698208	
1637.7021881698208	1.0909999999998945	WheelMovementIntervals													0.9951603999106915
1640.887661491641	2.471606667678998	trials	-1.0	1.0	1.5		1.0	0.2	1641.802969951642	1641.8028632200178	1642.859197651643	1641.5774258416416	1641.5785257316415	1641.6671881698203	
1641.6671881698203	0.6210000000000946	WheelMovementIntervals													1.1761035682494771
1643.1851881698203	1.7419999999997344	WheelMovementIntervals													-0.1682755240353302
1643.8317670516437	7.878830312156879	trials	-1.0	1.0	1.5		0.125	0.2	1650.1393029016501	1650.139189717031	1651.2105291016512	1645.4107091416454	1645.4118090316454	1649.9971881698195	
1649.9971881698195	0.4699999999997999	WheelMovementIntervals													0.7570983253890375
1651.2151881698194	0.6519999999998163	WheelMovementIntervals													0.22693515632916572
1652.1969971116523	3.145605171863963	trials	-1.0	1.0	1.5		0.0625	0.2	1653.7573077316538	1653.757198684878	1654.8425325316548	1652.842432561653	1652.843365801653	1653.1771881698191	
1653.1771881698191	0.987999999999829	WheelMovementIntervals													0.8438133075307839
1654.378188169819	1.7089999999998327	WheelMovementIntervals													1.2579406761918843
1655.8267007716559	6.533631404550761	trials	-1.0	1.0	1.5		0.125	0.2	1660.7756058316609	1660.7755222863452	1661.860297351662	1656.5772257116566	1656.5783256016566	1660.6201881698182	
1660.6201881698182	0.4960000000000946	WheelMovementIntervals													0.6284784010843154
1662.0421881698182	1.0779999999997472	WheelMovementIntervals													-0.522533794943552
1662.853831321663	11.756421904659646	trials	-1.0	1.0	1.5		0.0625	0.2	1673.053744561673	1673.0536485908535	1674.1102055716742	1663.7589074716639	1663.7599073716638	1672.9081881698169	
1672.9081881698169	2.035999999999831	WheelMovementIntervals													3.9887082074268942
1675.2985533916753	2.361614067107439	trials	-1.0	1.0	1.5		0.125	0.2	1676.094373801676	1676.0942577944077	1677.160067221677	1675.7753390416758	1675.7764389316758	1675.9401881698166	
1675.9401881698166	0.7329999999999472	WheelMovementIntervals													1.4705099886193196
1677.3481881698165	1.1009999999998854	WheelMovementIntervals													0.4693942816677552
1678.150468171678	6.342917323133179	trials	-1.0	1.0	1.5		0.125	0.2	1682.933289841683	1682.9331797256873	1683.993350491684	1679.5254639916795	1679.5263972316795	1682.7871881698159	
1682.7871881698159	0.43499999999994543	WheelMovementIntervals													0.6127293913777425
1684.2501881698156	0.9839999999999236	WheelMovementIntervals													-0.8470715236767745
1684.984684681685	2.925395808494386	trials	-1.0	1.0	1.5		0.25	0.2	1686.3425822116862	1686.342481343811	1687.4099754616875	1685.958520621686	1685.959653841686	1686.1231881698154	
1686.1231881698154	0.49900000000002365	WheelMovementIntervals													0.6172813422365362
1687.3611881698153	1.5219999999999345	WheelMovementIntervals													0.3868833440431789
1688.4016762816884	6.440039274657465	trials	-1.0	1.0	1.5		0.0625	0.2	1693.2890874916934	1693.2890038104233	1694.3416155616944	1689.4417389316895	1689.4426055116894	1693.0971881698147	
1693.0971881698147	0.42200000000002547	WheelMovementIntervals													0.492890039540578
1694.4831881698146	1.0519999999999072	WheelMovementIntervals													0.40107910563576965
1695.3433153816954	6.149802785185557	trials	-1.0	1.0	1.5		1.0	0.2	1699.9081255217	1699.9080159645005	1700.993083681701	1696.1263037416961	1696.1272036516962	1699.805188169814	
1699.805188169814	0.7309999999997672	WheelMovementIntervals													1.1987550971917447
1701.2771881698138	1.7999999999997272	WheelMovementIntervals													-0.44886923691999137
1702.000816231702	7.275423335744108	trials	-1.0	1.0	1.5		0.125	0.2	1707.6975465017076	1707.697432937473	1708.7761719617088	1703.7581404817038	1703.7591070517037	1707.522188169813	
1707.522188169813	0.8330000000000837	WheelMovementIntervals													1.1559440042561455
1708.963188169813	1.1609999999998308	WheelMovementIntervals													-0.3283914096204388
1709.7721390217098	7.65411688873769	trials	-1.0	1.0	1.5		0.25	0.2	1715.8499645117158	1715.8498508440348	1716.926223541717	1711.2079954217113	1711.2089953217112	1715.7631881698123	
1715.7631881698123	0.8529999999998381	WheelMovementIntervals													1.9546505810072983
1717.227188169812	1.1429999999998017	WheelMovementIntervals													-0.5981225696347288
1717.935855901718	5.840332049952394	trials	-1.0	1.0	1.5		1.0	0.2	1722.1972630517223	1722.1971778272728	1723.2761218217233	1718.8745953517189	1718.875595251719	1722.0281881698115	
1722.0281881698115	0.45499999999992724	WheelMovementIntervals													0.5038720942473676
1723.4161881698114	0.8369999999997617	WheelMovementIntervals													0.576402131316291
1724.2756885217243	6.833603277420025	trials	-1.0	1.0	1.5		0.125	0.2	1729.5441949517297	1729.5440895065578	1730.6092551017307	1724.8412319617248	1724.842231861725	1729.3851881698108	
1729.3851881698108	0.39299999999980173	WheelMovementIntervals													0.5408132449656273
1730.8281881698106	0.4519999999999982	WheelMovementIntervals													0.20214523261698503
1731.6045888917315	9.287921227735751	trials	-1.0	1.0	1.5		0.0	0.2	1739.3294163317394	1739.3293048833398	1740.3924433517404	1732.2244602317323	1732.2254268017323	1739.1361881698097	
1739.1361881698097	0.7509999999999764	WheelMovementIntervals													1.3045858153110386
1740.4671881698096	1.931999999999789	WheelMovementIntervals													2.6538823835729217
1741.4008091717415	6.406737590233433	trials	-1.0	-1.0	0.0	0.0625		0.2	1745.2332925517453	1745.2322304557688	1747.3074517817474	1742.924023501743	1742.924990071743	1745.131188169809	
1745.131188169809	4.857999999999265	WheelMovementIntervals													20.361535869649664
1748.3475477617483	5.0115143617765625	trials	1.0	-1.0	0.0		0.0625	0.2	1750.7842374017507	1750.7834537703363	1752.858963241753	1750.5254632817505	1750.5265631717505	1750.6721881698084	
1750.6721881698084	2.9789999999998145	WheelMovementIntervals													5.001154194782824
1753.877261401754	4.515000236858896	trials	1.0	-1.0	0.0		0.0	0.2	1755.8165007917557	1755.8155606448338	1757.892193201758	1754.940621721755	1754.941521631755	1755.063188169808	
1755.063188169808	1.2259999999998854	WheelMovementIntervals													-0.35918617339817516
1757.8231881698075	2.9209999999998217	WheelMovementIntervals													10.758962602470742
1758.896359441759	4.279018763450495	trials	-1.0	1.0	1.5		0.125	0.2	1761.6201870317616	1761.6200701121465	1762.6753148417627	1761.2072283317611	1761.2081282417612	1761.3441881698072	
1761.3441881698072	0.7279999999998381	WheelMovementIntervals													0.2918732232797012
1762.890188169807	1.8499999999996817	WheelMovementIntervals													-0.6245871313942395
1763.6977792517637	3.3773128227417146	trials	-1.0	1.0	1.5		1.0	0.2	1765.5139976117655	1765.5138850715516	1766.5750248317665	1765.2571233017652	1765.2580898717654	1765.3441881698068	
1765.3441881698068	0.7289999999998145	WheelMovementIntervals													1.501531178107495
1766.5951881698065	1.0429999999998927	WheelMovementIntervals													-0.450140424809355
1767.5828907017676	7.725410123220854	trials	-1.0	1.0	1.5		1.0	0.2	1773.7484074217737	1773.7482971846546	1774.8082347617749	1768.1905632617681	1768.1913965117683	1773.465188169806	
1773.465188169806	0.45499999999992724	WheelMovementIntervals													0.38879157806822207
1774.9431881698058	0.9169999999999163	WheelMovementIntervals													0.4895877588474207
1775.8188003617759	6.17143308473851	trials	-1.0	1.0	1.5		0.0625	0.2	1780.4229399017804	1780.422824297692	1781.4901998317814	1776.3403815317763	1776.3412814417763	1780.312188169805	
1780.312188169805	0.5899999999999181	WheelMovementIntervals													1.1066764157854934
1781.685188169805	1.1729999999997744	WheelMovementIntervals													-1.2564230290844378
1782.4817340017826	7.541828120990658	trials	-1.0	-1.0	0.0	0.0625		0.2	1787.4845003417875	1787.4837513261828	1789.5234964217896	1783.2917196617834	1783.2925529117833	1787.2661881698043	
1787.2661881698043	0.6749999999999545	WheelMovementIntervals													0.44672497493228747
1790.5256628617906	2.4312072174400328	trials	-1.0	1.0	1.5		0.125	0.2	1791.3905430317914	1791.3904650733898	1792.4567697317925	1791.041211301791	1791.042111211791	1791.2581881698038	
1791.2581881698038	0.4660000000001219	WheelMovementIntervals													0.7456477620563717
1792.5891881698037	1.1359999999999673	WheelMovementIntervals													-0.3092196684225357
1793.4505703417935	7.289521618007257	trials	-1.0	1.0	1.5		0.0	0.2	1799.1865633517991	1799.1864857786404	1800.2399913318002	1794.1914629117941	1794.1924294817943	1799.049188169803	
1799.049188169803	0.6859999999999218	WheelMovementIntervals													1.1620145377833495
1800.4841881698028	1.155999999999949	WheelMovementIntervals													-0.5167498645740451
1801.2498903318012	6.308119774120087	trials	-1.0	1.0	1.5		1.0	0.2	1806.001681771806	1806.00160296723	1807.057942801807	1802.3246828418023	1802.3260160418024	1805.8681881698024	
1805.8681881698024	0.6429999999998017	WheelMovementIntervals													0.9817019087069738
1807.2671881698022	0.8569999999997435	WheelMovementIntervals													-0.6163905773231875
1808.067908461808	2.538598511146347	trials	1.0	1.0	1.5	1.0		0.2	1809.0436108818092	1809.0435071210204	1810.10647125181	1808.6729812818087	1808.6739478518086	1808.851188169802	
1808.851188169802	0.5979999999999563	WheelMovementIntervals													-0.5255777594168833
1810.3441881698018	1.0190000000000055	WheelMovementIntervals													-0.7353181735624617
1811.109404281811	5.863628692231032	trials	-1.0	1.0	1.5		0.125	0.2	1815.4216063518154	1815.4215231759056	1816.4729345418166	1812.024346111812	1812.025212691812	1815.2461881698014	
1815.2461881698014	0.35999999999989996	WheelMovementIntervals													0.4440141029981106
1816.6771881698012	0.7369999999998527	WheelMovementIntervals													0.1959492991762275
1817.4860332218175	2.7386102828245384	trials	1.0	1.0	1.5	0.0625		0.2	1818.6592158918186	1818.659137198184	1819.7245426818197	1818.1577660418181	1818.1588326018182	1818.4411881698009	
1818.4411881698009	0.4860000000001037	WheelMovementIntervals													-0.3401154545079663
1819.9131881698008	1.05399999999986	WheelMovementIntervals													-1.4599799733104355
1820.7194431818207	6.153403073863274	trials	-1.0	1.0	1.5		1.0	0.2	1825.3157501718254	1825.3156432369917	1826.3727444618264	1821.6563494818217	1821.6574493718217	1825.0471881698002	
1825.0471881698002	0.4339999999999691	WheelMovementIntervals													0.37395280903956873
1826.5281881698	0.8160000000000309	WheelMovementIntervals													-0.530412780319228
1827.3846432618275	8.388010873210533	trials	-1.0	1.0	1.5		0.125	0.2	1834.2144602118342	1834.2143504865953	1835.2725877218352	1828.007447641828	1828.008380881828	1834.0601881697992	
1834.0601881697992	0.31500000000005457	WheelMovementIntervals													0.5144773188912524
1835.425188169799	1.0139999999998963	WheelMovementIntervals													0.3731484817561892
1836.2895526818363	7.234326821025206	trials	-1.0	1.0	1.5		0.0625	0.2	1841.958885691842	1841.9587713493095	1843.023812521843	1836.957419221837	1836.958285801837	1841.7591881697983	
1841.7591881697983	0.34699999999998	WheelMovementIntervals													0.4135130230285142
1843.1331881697981	0.9239999999999782	WheelMovementIntervals													-0.33935793304410566
1844.0337781818441	4.105336135994321	trials	-1.0	1.0	1.5		0.0	0.2	1846.5772904718467	1846.5771993304681	1847.6390509518476	1844.5892226318447	1844.5901892018446	1846.3171881697979	
1846.3171881697979	0.6549999999999727	WheelMovementIntervals													0.6961582082390336
1847.8261881697977	1.29099999999994	WheelMovementIntervals													-1.721491874520023
1848.6495165618487	5.989517073851175	trials	-1.0	1.0	1.5		0.0	0.2	1853.0822065818531	1853.0821277174261	1854.1389342318541	1849.5737907918497	1849.5748240218495	1852.9061881697971	
1852.9061881697971	0.25099999999997635	WheelMovementIntervals													0.34301412697148237
1854.236188169797	0.7769999999998163	WheelMovementIntervals													-0.4138284505076477
1855.1421339018552	6.963620180255248	trials	-1.0	1.0	1.5		0.0	0.2	1860.5419272018605	1860.5418479991463	1861.6056208218615	1855.7567057718559	1855.7577390018557	1860.3251881697963	
1860.3251881697963	0.38799999999991996	WheelMovementIntervals													0.42348282142612703
1861.8021881697962	1.099999999999909	WheelMovementIntervals													-0.4386961925769377
1862.6227524318626	5.58279210073988	trials	-1.0	1.0	1.5		1.0	0.2	1866.6540492618667	1866.6539452838574	1867.7054441118678	1863.4736006718636	1863.4746672318636	1866.4561881697957	
1866.4561881697957	0.4089999999998781	WheelMovementIntervals													0.47771339980494787
1867.9101881697954	0.7019999999999982	WheelMovementIntervals													-0.305122248969532
1868.7304416018687	7.042843092802741	trials	-1.0	1.0	1.5		0.125	0.2	1874.2093603218743	1874.2092735691524	1875.2732539218753	1869.3067839618693	1869.3076172118692	1873.8601881697948	
1873.8601881697948	0.5760000000000218	WheelMovementIntervals													0.521667961251346
1875.4131881697947	1.1209999999998672	WheelMovementIntervals													-0.7794470261240036
1876.2886857018764	6.933192515500878	trials	-1.0	-1.0	0.0	0.125		0.2	1880.6508161118807	1880.6498797358308	1882.7218423218828	1877.4550357218775	1877.4558356418775	1880.505188169794	
1880.505188169794	0.987999999999829	WheelMovementIntervals													0.6477997717883142
1883.7229755318838	2.6488164444315316	trials	-1.0	1.0	1.5		0.0	0.2	1884.7961015418848	1884.7959809780702	1885.871760631886	1884.3233154918844	1884.3244153818844	1884.6461881697937	
1884.6461881697937	0.4919999999999618	WheelMovementIntervals													0.7122405087260049
1885.8461881697935	1.850999999999658	WheelMovementIntervals													-2.132171280555454
1886.894991631887	20.927752092870378	trials	-1.0	-1.0	0.0	0.125		0.2	1905.2672208919053	1905.2664356059536	1907.3226819919073	1888.073140471888	1888.074107041888	1895.6341881697924	
1895.6341881697924	2.0299999999997453	WheelMovementIntervals													-0.23782002463715202
1905.1681881697914	1.5409999999997126	WheelMovementIntervals													0.9625927273374018
1908.3688440319083	3.3037165281612033	trials	-1.0	1.0	1.5		0.0	0.2	1910.1148694119101	1910.1147522380434	1911.1724636419112	1909.021512091909	1909.0225119919091	1909.3931881697908	
1909.3931881697908	0.94399999999996	WheelMovementIntervals													0.4469096778773931
1911.4111881697906	1.750999999999749	WheelMovementIntervals													-0.5030048975611408
1912.1984610319123	12.28955195920912	trials	-1.0	-1.0	0.0	0.25		0.2	1921.926021511922	1921.9252005728345	1923.987948631924	1913.6378837419136	1913.6387836519136	1921.7881881697895	
1921.7881881697895	1.1359999999999673	WheelMovementIntervals													0.7526476768469053
1925.009713111925	3.627990851529148	trials	1.0	-1.0	0.0		0.125	0.2	1926.059974741926	1926.0591098872287	1928.1377002819281	1925.7725034919258	1925.7736367119257	1925.883188169789	
1925.883188169789	0.3630000000000564	WheelMovementIntervals													-0.5175514865215902
1929.1361004319292	2.6364181569358607	trials	-1.0	1.0	1.5		0.25	0.2	1930.1987274919302	1930.1986065403446	1931.2724201119313	1929.7390401319299	1929.7399400419297	1930.0941881697886	
1930.0941881697886	0.6449999999999818	WheelMovementIntervals													1.2694822526478973
1931.5271881697884	1.1359999999999673	WheelMovementIntervals													-1.2158517530974322
1932.2879185519323	7.884425894407741	trials	1.0	1.0	1.5	0.25		0.8	1938.6004205719387	1938.6003376822428	1939.6722800419398	1933.1709969019332	1933.1718968119333	1938.2851881697877	
1938.2851881697877	0.5769999999999982	WheelMovementIntervals													-0.6102337653000021
1939.7851881697875	0.875	WheelMovementIntervals													0.3463948198187268
1940.6988440419407	6.572025082449727	trials	-1.0	1.0	1.5		0.0625	0.8	1945.6901448619458	1945.6900615722338	1946.770803451947	1941.2375235019413	1941.2384900719412	1945.5431881697868	
1945.5431881697868	0.43800000000010186	WheelMovementIntervals													0.6786644746669808
1946.8911881697868	1.546999999999798	WheelMovementIntervals													-1.0506223627539626
1947.7826689219478	3.2212946421784636	trials	1.0	1.0	1.5	0.125		0.8	1949.4241714219495	1949.4240651728028	1950.5038967719506	1948.988914951949	1948.989714871949	1949.2331881697864	
1949.2331881697864	0.3869999999999436	WheelMovementIntervals													-0.37975447312712873
1950.6531881697863	1.2010000000000218	WheelMovementIntervals													-0.6715415361135584
1951.5346603519515	18.270550925249836	trials	-1.0	-1.0	0.0	0.125		0.8	1967.2391897419673	1967.2383024034812	1969.3051831219693	1952.6055865819526	1952.6066864719526	1967.1241881697845	
1967.1241881697845	1.1620000000000346	WheelMovementIntervals													0.8738359396543913
1970.3522117419705	2.8515270743596375	trials	1.0	1.0	1.5	0.0		0.8	1971.6333169519717	1971.6332234555398	1972.7036432419727	1971.0870049219711	1971.087838171971	1971.323188169784	
1971.323188169784	0.5170000000000528	WheelMovementIntervals													-0.4551128409908287
1972.7671881697838	1.4089999999998781	WheelMovementIntervals													-0.9808010154251541
1973.7205415419737	12.234323657119603	trials	-1.0	-1.0	0.0	0.125		0.8	1983.3833751619834	1983.382558645613	1985.4547346719855	1974.905056411975	1974.906122971975	1983.2651881697827	
1983.2651881697827	1.0	WheelMovementIntervals													0.9167709273690079
1986.4931641519865	2.4434057884789127	trials	1.0	1.0	1.5	1.0		0.8	1987.3654769119873	1987.365365504327	1988.4365031319885	1986.986581471987	1986.987648031987	1987.1271881697824	
1987.1271881697824	0.28099999999994907	WheelMovementIntervals													-0.3014771653390582
1988.5931881697823	1.2909999999997126	WheelMovementIntervals													-0.5570970870867455
1989.4470687319895	3.2077960238523247	trials	1.0	1.0	1.5	0.125		0.8	1991.077672321991	1991.0775656943617	1992.154797931992	1990.8046662919908	1990.8056328619907	1990.972188169782	
1990.972188169782	0.48900000000003274	WheelMovementIntervals													-0.6212981058047653
1992.3541881697818	0.9889999999998054	WheelMovementIntervals													-0.8063488522072504
1993.1829617719932	17.20465915442628	trials	-1.0	-1.0	0.0	0.0625		0.8	2007.8250974120078	2007.8241104103558	2009.8875911420098	1993.8699264019938	1993.870926301994	2007.68718816978	
2007.68718816978	0.9489999999998417	WheelMovementIntervals													0.8830072501614232
2010.925120712011	2.8791245592772157	trials	1.0	1.0	1.5	0.0625		0.8	2012.2446220820123	2012.2445310502035	2013.3041827820134	2011.6196512520116	2011.6207511420116	2011.8271881697797	
2011.8271881697797	0.6719999999997981	WheelMovementIntervals													-0.42750797290524645
2013.5671881697795	1.472999999999729	WheelMovementIntervals													-1.0898572902211257
2014.3250473520143	3.3111869828849194	trials	1.0	1.0	1.5	1.0		0.8	2016.077738732016	2016.0776394035424	2017.1361328820171	2015.6859779120157	2015.6870444720157	2015.8731881697793	
2015.8731881697793	0.45899999999983265	WheelMovementIntervals													-0.6674140119018617
2017.472188169779	0.9120000000000346	WheelMovementIntervals													-1.0456790156436
2018.1550309820182	2.715909651187303	trials	1.0	1.0	1.5	1.0		0.8	2019.2919506120193	2019.2918346031624	2020.3709427020203	2018.987581052019	2018.9886476120191	2019.1371881697787	
2019.1371881697787	0.48299999999994725	WheelMovementIntervals													-0.6079017164746752
2020.6641881697788	1.0119999999997162	WheelMovementIntervals													-0.4049598691597325
2021.3948403020215	18.89085738357585	trials	-1.0	-1.0	0.0	0.0625		0.8	2037.7118084420376	2037.7109872734427	2039.7856343720398	2022.2527878320222	2022.2536210820222	2037.5641881697768	
2037.5641881697768	1.1779999999998836	WheelMovementIntervals													1.104572103405971
2040.833296262041	2.6204169946265665	trials	1.0	1.0	1.5	0.0625		0.8	2041.877591822042	2041.877502237227	2042.953684202043	2041.3370125520414	2041.3381457720413	2041.5221881697764	
2041.5221881697764	0.8799999999998818	WheelMovementIntervals													-0.5108888969271064
2043.143188169776	1.1639999999999873	WheelMovementIntervals													-0.3363794084122951
2043.985914302044	2.7346078493292225	trials	1.0	1.0	1.5	1.0		0.8	2045.1493979420452	2045.149316790563	2046.2204908220463	2044.8690593120448	2044.870059212045	2044.990188169776	
2044.990188169776	0.6879999999998745	WheelMovementIntervals													-0.9494913976294796
2046.2391881697758	0.8299999999999272	WheelMovementIntervals													-0.6054265866000037
2047.2491212820473	2.7048119799587766	trials	1.0	1.0	1.5	0.0625		0.8	2048.3851076720484	2048.3850250532405	2049.4538674520495	2047.8522942920479	2047.853360852048	2048.228188169776	
2048.228188169776	0.21000000000003638	WheelMovementIntervals													-0.34288795232097513
2049.5721881697755	1.4149999999999636	WheelMovementIntervals													0.4721619277993767
2050.4750319920504	3.395009416137782	trials	1.0	1.0	1.5	0.0625		0.8	2052.2947166720523	2052.2946354308706	2053.3700091320534	2051.7190409120517	2051.7199741520517	2051.9511881697754	
2051.9511881697754	0.4639999999999418	WheelMovementIntervals													-0.31302682833092277
2053.452188169775	0.5540000000000873	WheelMovementIntervals													-0.06764809951589612
2054.3906403920546	12.19623776465096	trials	-1.0	-1.0	0.0	0.125		0.8	2064.030176342064	2064.0293686569803	2066.086837322066	2054.985514232055	2054.986280822055	2063.8651881697742	
2063.8651881697742	0.6889999999998508	WheelMovementIntervals													0.992014068423142
2067.3525774020673	2.7161103281146097	trials	1.0	1.0	1.5	0.25		0.8	2068.5080618420684	2068.507980519366	2069.5685891120697	2067.868625792068	2067.869459042068	2068.0541881697736	
2068.0541881697736	0.7699999999999818	WheelMovementIntervals													-0.478342880528988
2069.5211881697737	1.7619999999997162	WheelMovementIntervals													-0.6700274351291
2070.5882871320705	24.59644949328049	trials	-1.0	-1.0	0.0	0.25		0.8	2092.611517922093	2092.6106305503567	2094.684710582095	2071.6697456420716	2071.670778872072	2071.8361881697733	
2071.8361881697733	0.5529999999998836	WheelMovementIntervals													-0.17670995644493104
2082.576188169772	0.49799999999959255	WheelMovementIntervals													0.06056947853605266
2092.489188169771	1.1970000000001164	WheelMovementIntervals													0.987176699009801
2095.756236752096	2.7633055520636844	trials	1.0	1.0	1.5	0.125		0.8	2096.952850412097	2096.952738290127	2098.019477072098	2096.4863637320964	2096.4874636220966	2096.6441881697706	
2096.6441881697706	0.7529999999997017	WheelMovementIntervals													-0.5207826292690925
2098.1651881697703	1.0709999999999127	WheelMovementIntervals													-0.4494576891206954
2099.046940982099	3.0543103210752633	trials	1.0	1.0	1.5	0.125		0.8	2100.5373585921006	2100.5372450422406	2101.6011522021017	2099.9347521921	2099.9357520921	2100.1161881697703	
2100.1161881697703	0.9389999999998508	WheelMovementIntervals													-0.3979224301110378
2101.64618816977	1.9379999999996471	WheelMovementIntervals													-2.0770370138326513
2102.6257497321026	17.641948502175183	trials	-1.0	-1.0	0.0	0.0625		0.8	2117.719573532118	2117.7184886593477	2119.76770203212	2104.1858270421044	2104.186726952104	2117.6081881697683	
2117.6081881697683	1.2279999999996107	WheelMovementIntervals													1.400030357950513
2120.821296662121	2.6965087200474045	trials	1.0	1.0	1.5	0.0		0.8	2121.943117802122	2121.942999457549	2123.017710332123	2121.5025285321217	2121.5035284321216	2121.769188169768	
2121.769188169768	0.4600000000000364	WheelMovementIntervals													-0.3905663566682236
2123.0161881697677	1.419999999999618	WheelMovementIntervals													-0.6027964898301903
2124.063505742124	2.6042173743267085	trials	1.0	1.0	1.5	1.0		0.8	2125.1086345521253	2125.1085119114505	2126.167695302126	2124.802365182125	2124.8034984021247	2124.9321881697674	
2124.9321881697674	0.4119999999998072	WheelMovementIntervals													-0.6861836986108578
2126.1861881697673	1.350999999999658	WheelMovementIntervals													-0.38041725296272233
2127.210724322127	13.72473801056367	trials	-1.0	1.0	1.5		0.125	0.8	2139.3803739021396	2139.380256252187	2140.4354350521403	2128.218823502128	2128.219790072128	2139.284188169766	
2139.284188169766	0.8559999999997672	WheelMovementIntervals													1.8096528139568733
2140.5531881697657	0.8119999999998981	WheelMovementIntervals													0.34260181445778315
2141.5107608421417	2.506599506364182	trials	1.0	1.0	1.5	1.0		0.8	2142.4604658621424	2142.4603595186145	2143.5172935021437	2142.200425202142	2142.201325112142	2142.3331881697654	
2142.3331881697654	0.47400000000016007	WheelMovementIntervals													-0.8288436861340287
2143.6341881697654	1.3969999999999345	WheelMovementIntervals													-0.148712999533835
2144.5528566021444	3.1825266988489602	trials	1.0	1.0	1.5	0.25		0.8	2146.1847933921463	2146.1846687535176	2147.2352883321473	2145.8854899921457	2145.886589882146	2146.039188169765	
2146.039188169765	0.7809999999999491	WheelMovementIntervals													-0.8881480971454359
2147.394188169765	1.1629999999995562	WheelMovementIntervals													-0.5354758699478133
2148.2659852521483	14.652546835053272	trials	-1.0	-1.0	0.0	0.25		0.8	2160.3657751521605	2160.364722272847	2162.4185031921625	2149.083703472149	2149.084570052149	2160.2581881697633	
2160.2581881697633	0.8139999999998508	WheelMovementIntervals													1.0624236497152566
2163.4757307921636	2.492499523788865	trials	1.0	1.0	1.5	1.0		0.8	2164.3957387821642	2164.395629878276	2165.4681648621654	2164.033575002164	2164.034408252164	2164.208188169763	
2164.208188169763	0.23099999999976717	WheelMovementIntervals													-0.31483726912810184
2165.473188169763	1.1849999999999454	WheelMovementIntervals													0.42301389289246316
2166.5055277821666	14.212625073139407	trials	-1.0	-1.0	0.0	0.125		0.8	2178.157595792178	2178.1568466972158	2180.21805639218	2167.1669949621673	2167.168061522167	2178.0051881697614	
2178.0051881697614	0.6710000000002765	WheelMovementIntervals													0.9065585359814889
2181.2644517421813	2.4522290560794318	trials	-1.0	1.0	1.5		0.25	0.8	2182.155462632182	2182.1553615718203	2183.216589842183	2181.799931522182	2181.800898092182	2182.0491881697612	
2182.0491881697612	0.5359999999996035	WheelMovementIntervals													1.060782237454724
2183.4351881697607	1.7300000000000182	WheelMovementIntervals													-0.45033702270301745
2184.2662848621844	8.801732456026912	trials	-1.0	-1.0	0.0	0.0625		0.8	2190.5131601121907	2190.5122057648887	2192.5679212821924	2185.867824692186	2185.8688579221857	2190.39818816976	
2190.39818816976	0.38599999999996726	WheelMovementIntervals													0.7329141260261274
2193.6190161621935	2.8307991081701402	trials	1.0	1.0	1.5	1.0		0.8	2194.8987215121947	2194.898614855007	2195.949749732196	2194.2995147721945	2194.3004480121945	2194.4521881697597	
2194.4521881697597	0.7899999999999636	WheelMovementIntervals													-0.6477481190431149
2195.87018816976	1.2289999999998145	WheelMovementIntervals													0.4954170565846354
2196.986412722197	2.4647003108439094	trials	-1.0	1.0	1.5		1.0	0.8	2197.888422512198	2197.88831210409	2198.951016242199	2197.5511229121976	2197.5520894821975	2197.6801881697593	
2197.6801881697593	0.6010000000001128	WheelMovementIntervals													0.7556231666839892
2199.0801881697594	1.0609999999996944	WheelMovementIntervals													-0.35737108293729136
2200.0068106522	14.109333379890813	trials	-1.0	-1.0	0.0	0.0625		0.8	2211.5416237222116	2211.5405363038053	2213.6161162522135	2200.6329813622006	2200.6341145822007	2211.4491881697577	
2211.4491881697577	1.0770000000002256	WheelMovementIntervals													2.039711941355801
2214.6692442622148	2.4648297056592128	trials	1.0	1.0	1.5	0.0625		0.8	2215.5685543222157	2215.568454369691	2216.6340477622166	2215.1841927622154	2215.185259322215	2215.3771881697576	
2215.3771881697576	0.6019999999998618	WheelMovementIntervals													-0.7235661843786616
2216.5841881697575	1.2929999999996653	WheelMovementIntervals													-0.3698564795580772
2217.674477042218	2.6428869055380346	trials	1.0	1.0	1.5	0.125		0.8	2218.7446700122186	2218.744570930533	2219.81732940222	2218.4158695622186	2218.4168694622185	2218.585188169757	
2218.585188169757	0.44499999999970896	WheelMovementIntervals													-0.45099258641785056
2219.808188169757	1.1119999999996253	WheelMovementIntervals													-0.36355345612197
2220.855858872221	15.25995108478628	trials	-1.0	-1.0	0.0	0.0		0.8	2233.5570552922336	2233.5561988915583	2235.615782732236	2221.5993511822217	2221.600184432222	2233.4591881697556	
2233.4591881697556	1.2359999999998763	WheelMovementIntervals													1.1575497146706297
2236.6887087622367	4.695018210062699	trials	-1.0	-1.0	0.0	0.25		0.8	2238.8356607122387	2238.834716171562	2240.8836558922408	2237.4171692422374	2237.4180358222375	2238.423188169755	
2237.7851881697547	0.21199999999998909	WheelMovementIntervals													-0.04494518688653315
2238.423188169755	1.1429999999995744	WheelMovementIntervals													0.44052024667859513
2240.5211881697546	0.14600000000018554	WheelMovementIntervals													-0.04799868362759696
2242.165727672242	3.6831114865567542	trials	-1.0	-1.0	0.0	0.0		0.8	2243.2963146022435	2243.2954305820076	2245.3488093322453	2242.965347702243	2242.966314272243	2243.0851881697545	
2243.0851881697545	1.3409999999998945	WheelMovementIntervals													0.8546655476394314
2246.3898385522466	2.4591028115964946	trials	1.0	1.0	1.5	0.0		0.8	2247.300547472247	2247.3004384824817	2248.3488426322483	2246.850225842247	2246.8512590722466	2247.151188169754	
2247.151188169754	0.3830000000002656	WheelMovementIntervals													-0.47707134342159563
2248.5321881697537	0.5259999999998399	WheelMovementIntervals													-0.6322810068608717
2249.3918383222494	2.3916078648549046	trials	1.0	1.0	1.5	0.125		0.8	2250.21115638225	2250.2110403311494	2251.2834158122514	2249.9169191422498	2249.91788571225	2250.0761881697536	
2250.0761881697536	0.36799999999993815	WheelMovementIntervals													-0.5108958638454553
2251.3011881697535	0.7449999999998909	WheelMovementIntervals													-0.5535031347635808
2252.3197455022523	15.030341256655447	trials	-1.0	-1.0	0.0	0.0625		0.8	2264.7803993122648	2264.7794772159477	2266.850058992267	2252.815262612253	2252.816195852253	2264.657188169752	
2264.657188169752	0.6359999999999673	WheelMovementIntervals													0.9974192426164308
2267.921085212268	2.3940081357736744	trials	1.0	1.0	1.5	0.0625		0.8	2268.748702442269	2268.7485869874754	2269.81506246227	2268.4150691422683	2268.4160357122682	2268.5811881697514	
2268.5811881697514	0.2680000000000291	WheelMovementIntervals													-0.37961856272071515
2269.8561881697515	1.2279999999996107	WheelMovementIntervals													-0.7131294830719845
2270.857791512271	2.9422172618051263	trials	1.0	1.0	1.5	1.0		0.8	2272.235720372272	2272.2355986592024	2273.299913942273	2271.849858962272	2271.850658882272	2272.0201881697512	
2272.0201881697512	0.23799999999982901	WheelMovementIntervals													-0.29582308841213845
2273.367188169751	1.5960000000000036	WheelMovementIntervals													0.16129067367993244
2274.343309592274	3.389606806035772	trials	1.0	1.0	1.5	0.25		0.8	2276.1588280222763	2276.158711630707	2277.2328872722774	2275.848259082276	2275.849292312276	2275.996188169751	
2275.996188169751	0.3409999999998945	WheelMovementIntervals													-0.486725751409125
2277.4271881697505	0.9890000000000327	WheelMovementIntervals													0.8724066713599257
2278.2886150222785	2.5095245563202297	trials	1.0	1.0	1.5	0.125		0.8	2279.2267212022794	2279.226623453365	2280.29811405228	2278.864957382279	2278.865923952279	2278.9951881697502	
2278.9951881697502	0.32100000000036744	WheelMovementIntervals													-0.3468516455690249
2280.2971881697504	0.625	WheelMovementIntervals													0.6047769924279116
2281.3559415922814	8.077003130677895	trials	-1.0	1.0	1.5		0.0625	0.8	2287.8807557122877	2287.880642505657	2288.932917152289	2281.983078872282	2281.983912122282	2287.7451881697493	
2287.7451881697493	0.6109999999998763	WheelMovementIntervals													1.029952541632511
2289.2281881697495	0.682999999999538	WheelMovementIntervals													-0.5310154159784624
2289.99964380229	2.6485140778122513	trials	1.0	1.0	1.5	0.125		0.8	2291.098467242291	2291.0983488126285	2292.1481289322924	2290.681475612291	2290.6824755122907	2290.885188169749	
2290.885188169749	0.431999999999789	WheelMovementIntervals													-0.6035104097841355
2292.453188169749	1.2269999999998618	WheelMovementIntervals													-0.23992995552766416
2293.1968573822933	7.219121721343981	trials	-1.0	1.0	1.5		0.0	0.8	2298.858991112299	2298.858872065592	2299.9159187423	2294.1828254422944	2294.1837920122944	2298.7421881697483	
2298.7421881697483	0.7809999999999491	WheelMovementIntervals													1.410810484451492
2300.122188169748	0.9790000000002692	WheelMovementIntervals													0.33208013115602597
2300.993877602301	5.720837482157549	trials	-1.0	1.0	1.5		0.0	0.8	2305.151795102305	2305.1517033902437	2306.2145888123064	2301.7811322023017	2301.7820321123017	2305.0511881697475	
2305.0511881697475	0.5920000000000982	WheelMovementIntervals													1.207023397899178
2306.5701881697473	0.5880000000001928	WheelMovementIntervals													-0.40872799530751536
2307.2706165323075	2.510596490921216	trials	1.0	1.0	1.5	1.0		0.8	2308.2089893523084	2308.2089144733714	2309.2811487923095	2307.949182002308	2307.949981922308	2308.0831881697472	
2308.0831881697472	0.5479999999997744	WheelMovementIntervals													-0.796603970220648
2309.411188169747	0.9579999999996289	WheelMovementIntervals													-0.18672893005832591
2310.3376098023105	8.194823532075588	trials	-1.0	1.0	1.5		0.0625	0.8	2316.955714592317	2316.955627191294	2318.032340252318	2310.8159286323107	2310.816995192311	2316.680188169746	
2316.680188169746	0.51299999999992	WheelMovementIntervals													0.35966448736770573
2318.222188169746	1.2130000000001928	WheelMovementIntervals													-0.3235206389391969
2319.1063328423193	2.3580077082224307	trials	1.0	1.0	1.5	0.25		0.8	2319.89002113232	2319.8899347392485	2320.964213702321	2319.5973170723196	2319.5981836523197	2319.742188169746	
2319.742188169746	0.3569999999999709	WheelMovementIntervals													-0.7225250380346537
2321.025188169746	0.8029999999998836	WheelMovementIntervals													0.3201398473593642
2322.035139932322	11.228720636979233	trials	-1.0	-1.0	0.0	0.25		0.8	2330.6947405523306	2330.693854303708	2332.7638669523326	2323.149028532323	2323.149828452323	2330.5811881697446	
2330.5811881697446	0.9949999999998909	WheelMovementIntervals													0.967209103252948
2333.838059522334	2.494025158943259	trials	-1.0	1.0	1.5		1.0	0.8	2334.761867132335	2334.7617680996786	2335.8320267723357	2334.4319667923346	2334.4330333523344	2334.6321881697445	
2334.6321881697445	0.5299999999997453	WheelMovementIntervals													0.9395096288328801
2335.9551881697444	0.7919999999999163	WheelMovementIntervals													-0.21497907878413614
2336.887887842337	2.475999256146679	trials	-1.0	1.0	1.5		1.0	0.8	2337.802796342338	2337.802686459109	2338.863823562339	2337.4971602423375	2337.4983601223375	2337.674188169744	
2337.674188169744	0.45100000000002183	WheelMovementIntervals													0.736193000982734
2339.192188169744	0.6279999999997017	WheelMovementIntervals													-0.39110657235108093
2339.92348425234	12.041438832246968	trials	-1.0	1.0	1.5		0.0	0.8	2350.3913040323505	2350.3912162709466	2351.4648966623513	2340.5485217423407	2340.5496549623404	2350.204188169743	
2350.204188169743	0.36999999999989086	WheelMovementIntervals													0.42863585720516895
2351.6911881697424	0.9159999999997126	WheelMovementIntervals													-1.1729489767527248
2352.5461218623527	2.834197365705222	trials	-1.0	1.0	1.5		1.0	0.2	2353.8192278723536	2353.8191193316743	2354.880255092355	2353.2803817623535	2353.281215012353	2353.5481881697424	
2353.5481881697424	0.3269999999997708	WheelMovementIntervals													0.31557310236528835
2355.305188169742	0.8369999999999891	WheelMovementIntervals													-0.1867499994072901
2355.936516122356	4.828427713975998	trials	-1.0	1.0	1.5		0.25	0.2	2359.2018228923594	2359.2017335113956	2360.26488324236	2356.5149249423566	2356.5157915223567	2359.0871881697417	
2359.0871881697417	0.42499999999972715	WheelMovementIntervals													0.7399987018964005
2360.4071881697414	1.0419999999999163	WheelMovementIntervals													-0.2761463677018945
2361.325643822361	7.254418960250405	trials	-1.0	1.0	1.5		0.0625	0.2	2367.007275602367	2367.0071563221027	2368.079968322368	2362.180025042362	2362.1810916023624	2366.7871881697406	
2366.7871881697406	0.43200000000024374	WheelMovementIntervals													0.4832102572359318
2368.2801881697405	1.41399999999976	WheelMovementIntervals													-0.5728146010254918
2369.1526610423693	5.512124305977977	trials	-1.0	1.0	1.5		0.125	0.2	2373.0910671623733	2373.090976979598	2374.1647597823744	2370.29784651237	2370.2989797323703	2372.36718816974	
2372.36718816974	1.038000000000011	WheelMovementIntervals													0.65871936543207
2374.27218816974	0.9940000000001419	WheelMovementIntervals													0.5060294075765412
2375.239085672375	8.474228680544002	trials	-1.0	-1.0	0.0	0.125		0.2	2381.144195102381	2381.1434035649886	2383.2131881823834	2375.7797982623756	2375.7809314823758	2381.043188169739	
2381.043188169739	1.1619999999998072	WheelMovementIntervals													1.26066535579087
2384.2873140923843	2.493498697241648	trials	-1.0	1.0	1.5		0.0	0.2	2385.2195208623853	2385.219412857775	2386.2807813923864	2384.797729712385	2384.798829602385	2385.0541881697386	
2385.0541881697386	0.7290000000002692	WheelMovementIntervals													0.9539992653480098
2386.3111881697387	0.7080000000000837	WheelMovementIntervals													0.24884400542016394
2387.3374090523876	6.427131481621018	trials	-1.0	1.0	1.5		0.125	0.2	2392.188323912392	2392.188231303388	2393.2644496223934	2388.029706482388	2388.0308063723883	2392.057188169738	
2392.057188169738	0.4810000000002219	WheelMovementIntervals													0.6391976206556933
2393.606188169738	0.7919999999999163	WheelMovementIntervals													-1.058802158950563
2394.3484412123944	5.631014625759235	trials	-1.0	1.0	1.5		0.0625	0.2	2398.4072352923986	2398.4071495919793	2399.4793947323997	2395.146294752395	2395.1473946423953	2398.2561881697375	
2398.2561881697375	0.3269999999997708	WheelMovementIntervals													0.5457702004945375
2399.693188169737	0.7270000000003165	WheelMovementIntervals													-0.6262775958173066
2400.5530540224004	5.4431015195741566	trials	-1.0	1.0	1.5		0.125	0.2	2404.4336659224045	2404.433553679895	2405.4960930024054	2401.080967892401	2401.082001122401	2404.3171881697367	
2404.3171881697367	0.6549999999997453	WheelMovementIntervals													1.1251186248923233
2405.7041881697364	0.9389999999998508	WheelMovementIntervals													0.4020477831641607
2406.5577534924064	5.288414607984123	trials	-1.0	1.0	1.5		1.0	0.2	2410.27008222241	2410.269962342596	2411.3461079424114	2407.047571172407	2407.048604402407	2410.145188169736	
2410.145188169736	0.5330000000003565	WheelMovementIntervals													0.8935637158529843
2411.616188169736	0.7689999999997781	WheelMovementIntervals													-0.38076157492713847
2412.4174674624123	5.045136742883187	trials	-1.0	1.0	1.5		1.0	0.2	2415.895386302416	2415.8952907227895	2416.962512912417	2413.047404462413	2413.048537682413	2415.6751881697355	
2415.6751881697355	0.5889999999999418	WheelMovementIntervals													0.8219679525240053
2416.928188169735	0.931999999999789	WheelMovementIntervals													-0.533508914320425
2418.040805072418	4.388306191407537	trials	-1.0	1.0	1.5		0.0625	0.2	2420.863189472421	2420.863107768087	2421.929016212422	2418.5806510824186	2418.5814843324188	2420.726188169735	
2420.726188169735	0.5309999999999491	WheelMovementIntervals													0.9410382719296351
2422.2581881697347	0.6439999999997781	WheelMovementIntervals													-0.6123003161560661
2422.993009802423	2.602715148448624	trials	1.0	1.0	1.5	0.25		0.2	2424.025806512424	2424.0257150194643	2425.0956661824252	2423.5806177024238	2423.5817842524234	2423.7551881697345	
2423.7551881697345	0.3710000000000946	WheelMovementIntervals													-0.3244318178459764
2425.2141881697344	1.069999999999709	WheelMovementIntervals													-0.3383487281515123
2426.156226782426	7.507525853246534	trials	-1.0	-1.0	0.0	0.125		0.2	2431.098365852431	2431.097542482195	2433.163659302433	2426.7805310124268	2426.7817975524267	2430.9981881697336	
2430.9981881697336	0.5760000000000218	WheelMovementIntervals													1.0255341953508719
2434.241851472434	2.58698966367092	trials	1.0	1.0	1.5	0.25		0.2	2435.2451511324352	2435.245046300811	2436.3288094224363	2434.795462772435	2434.796329352435	2435.0131881697334	
2435.0131881697334	0.49499999999989086	WheelMovementIntervals													-0.5791691896788329
2436.7041881697332	1.1969999999996617	WheelMovementIntervals													-1.1007263007021386
2437.3940362224375	9.818127669239857	trials	-1.0	-1.0	0.0	0.0625		0.2	2444.6265462324445	2444.6257551295785	2446.7120709924466	2438.846857592439	2438.8479574824387	2444.507188169732	
2444.507188169732	0.7039999999997235	WheelMovementIntervals													0.7466211433719003
2447.797662422448	2.6643101291761013	trials	-1.0	1.0	1.5		0.0625	0.2	2448.869788532449	2448.8696652909193	2449.96191264245	2448.296479202448	2448.2975124324485	2448.6541881697317	
2448.6541881697317	0.36400000000003274	WheelMovementIntervals													0.4235349690710706
2450.0501881697314	1.2699999999999818	WheelMovementIntervals													-0.3209092170673671
2451.034072082451	9.762532371567431	trials	-1.0	-1.0	0.0	0.125		0.2	2458.2214199424584	2458.2203944393423	2460.2965457424602	2451.896585822452	2451.897485732452	2458.1061881697306	
2458.1061881697306	0.6570000000001528	WheelMovementIntervals													0.7620884966152168
2461.3779042624615	2.817225324570245	trials	1.0	1.0	1.5	0.0625		0.2	2462.622813092463	2462.6227145685825	2463.6950725224638	2462.045004212462	2462.046070772462	2462.24718816973	
2462.24718816973	2.3729999999995925	WheelMovementIntervals													0.7660755088089601
2464.773131372465	11.77163189100338	trials	-1.0	1.0	1.5		0.0625	0.2	2474.970344882475	2474.970256399171	2476.0447374324763	2465.246450702465	2465.247350612465	2474.853188169729	
2474.853188169729	0.47499999999990905	WheelMovementIntervals													0.847757368535504
2476.1821881697288	1.3779999999997017	WheelMovementIntervals													-1.7879082294992017
2477.1351617124774	2.8762922584151056	trials	1.0	1.0	1.5	0.125		0.2	2478.4666618824785	2478.4665567403495	2479.5114240624794	2478.129495602478	2478.1305621624783	2478.3161881697283	
2478.3161881697283	0.5579999999999927	WheelMovementIntervals													-0.4740482241084045
2479.7971881697285	1.0209999999997308	WheelMovementIntervals													0.7543350049655828
2480.5974487824806	6.980640948200289	trials	-1.0	1.0	1.5		0.0	0.2	2486.026772462486	2486.0266790746487	2487.0780006624873	2481.3961689024813	2481.3971688024812	2485.3731881697277	
2485.3731881697277	0.6430000000000291	WheelMovementIntervals													0.28164563804718057
2487.5381881697276	1.0109999999995125	WheelMovementIntervals													0.10951624156611572
2488.1644920024883	8.113398046291877	trials	-1.0	1.0	1.5		0.0	0.2	2494.7171033424947	2494.7169896170303	2495.7778639224957	2489.1793238424893	2489.180423732489	2494.617188169727	
2494.617188169727	0.751999999999498	WheelMovementIntervals													1.8588123417018636
2495.8481881697267	0.7219999999997526	WheelMovementIntervals													0.4900092697567118
2496.871987832497	2.6392118740091064	trials	-1.0	1.0	1.5		0.0	0.2	2497.946213732498	2497.9460918510117	2499.011140562499	2497.5956487924977	2497.5966820224976	2497.7961881697265	
2497.7961881697265	0.39099999999962165	WheelMovementIntervals													0.503570685001776
2499.169188169726	1.38799999999992	WheelMovementIntervals													-0.7339146715322045
2500.0847998525	10.0761352678187	trials	-1.0	-1.0	0.0	0.25		0.2	2507.5945821325076	2507.5937238990805	2509.6608754825097	2501.2292853925014	2501.2303186225013	2507.403188169725	
2507.403188169725	0.81899999999996	WheelMovementIntervals													0.5349516756497863
2510.7424339825106	2.5200195018128397	trials	-1.0	1.0	1.5		0.125	0.2	2511.7012380925116	2511.701140640834	2512.7623319725126	2511.3456736525113	2511.3465735625114	2511.563188169725	
2511.563188169725	0.5069999999996071	WheelMovementIntervals													0.7062803171150236
2512.8601881697246	1.1979999999998654	WheelMovementIntervals													-0.4720571241977396
2513.8496565625137	5.044606344053591	trials	-1.0	1.0	1.5		0.25	0.2	2517.3490732525174	2517.3489602695354	2518.394168732518	2514.3108771025145	2514.3118770025144	2517.235188169724	
2517.235188169724	0.6050000000000182	WheelMovementIntervals													0.9379364404064177
2518.464188169724	1.0019999999999527	WheelMovementIntervals													-0.16123388835735142
2519.4662615125194	5.5945161481672585	trials	-1.0	1.0	1.5		0.0625	0.2	2523.5127901525234	2523.512671745628	2524.5606853525246	2519.97891024252	2519.97981015252	2523.4041881697235	
2523.4041881697235	0.9130000000000109	WheelMovementIntervals													1.8872762962938978
2524.6841881697233	1.4459999999999127	WheelMovementIntervals													-0.4095410497389125
2525.6427771325257	6.267818570054715	trials	-1.0	1.0	1.5		0.0	0.2	2530.3677045925306	2530.367589623379	2531.4105003025315	2526.6452768725267	2526.646410092527	2530.2281881697227	
2530.2281881697227	0.5219999999999345	WheelMovementIntervals													0.7925641052471022
2531.4311881697226	0.9639999999999418	WheelMovementIntervals													-0.2040751829725096
2532.7767969925326	6.583417265443131	trials	-1.0	1.0	1.5		0.0	0.2	2537.800527902538	2537.800408641142	2538.860221922539	2533.3955017825333	2533.3966683325334	2537.687188169722	
2537.687188169722	0.6319999999996071	WheelMovementIntervals													1.396469735002185
2539.032188169722	0.81899999999996	WheelMovementIntervals													-0.2778147776017619
2539.95301263254	4.4072281267544895	trials	-1.0	1.0	1.5		1.0	0.2	2542.795328372543	2542.7952288367537	2543.8601885425437	2542.1618917225424	2542.162924952542	2542.2771881697213	
2540.244188169722	1.4529999999995198	WheelMovementIntervals													4.989789099993644
2542.2771881697213	2.6789999999996326	WheelMovementIntervals													2.138038452108134
2544.988742342545	5.721504236807505	trials	-1.0	1.0	1.5		0.0625	0.2	2549.1390606025493	2549.138943965055	2550.21022014255	2545.6117467025456	2545.6128799225457	2549.0151881697207	
2549.0151881697207	0.7449999999998909	WheelMovementIntervals													1.6029274350656095
2550.1821881697206	4.818999999999505	WheelMovementIntervals													19.52421893339654
2551.3067438125513	7.18651435234915	trials	1.0	-1.0	0.0		0.25	0.2	2555.926448462556	2555.9254517512945	2557.9932417625582	2555.6949049525556	2555.6957715325557	2555.80618816972	
2555.80618816972	1.7239999999997053	WheelMovementIntervals													4.492891106362663
2558.5051881697195	0.47100000000000364	WheelMovementIntervals													-0.6026498520177199
2559.160958312559	3.049130508516555	trials	-1.0	1.0	1.5		0.0625	0.2	2560.6512759325606	2560.6511727343814	2561.709970052562	2560.3947015925605	2560.3957348225604	2560.5331881697193	
2560.5331881697193	0.599999999999909	WheelMovementIntervals													1.0119638991137094
2561.9601881697195	2.190999999999349	WheelMovementIntervals													1.2197766584138776
2562.816792692563	3.7279033210361376	trials	-1.0	1.0	1.5		0.125	0.2	2564.973377012565	2564.97329345675	2566.044569882566	2564.728001552565	2564.7290681125646	2564.613188169719	
2564.613188169719	3.201000000000022	WheelMovementIntervals													0.848368436494539
2567.134394222567	3.2421175070230674	trials	1.0	1.0	1.5	1.0		0.2	2568.829691342569	2568.8296018078618	2569.87645332257	2568.5265883225684	2568.5276548825686	2568.6821881697183	
2568.6821881697183	0.680000000000291	WheelMovementIntervals													-1.0693473994504075
2570.1311881697184	0.8969999999999345	WheelMovementIntervals													-0.7131949320348951
2570.962711352571	5.98051025875975	trials	-1.0	1.0	1.5		0.125	0.2	2575.3989010225755	2575.3988174785927	2576.4431299225766	2571.4280648125714	2571.4289647225714	2575.220188169718	
2575.220188169718	0.4299999999998363	WheelMovementIntervals													0.49036468563561186
2576.7791881697176	0.6750000000001819	WheelMovementIntervals													-0.16967946362490238
2577.5379204325777	9.973213249912988	trials	-1.0	-1.0	0.0	0.0625		0.2	2584.944179732585	2584.9431280432377	2587.011073022587	2578.194621422578	2578.195554662578	2584.5561881697167	
2580.1311881697175	0.06599999999980355	WheelMovementIntervals													0.01671788869417412
2584.5561881697167	1.2519999999999527	WheelMovementIntervals													0.6184911453750175
2588.095031282588	3.0813290245578173	trials	-1.0	1.0	1.5		0.0625	0.2	2589.6097464625896	2589.6096445663866	2590.6762731325907	2589.3429731425895	2589.344106362589	2589.468188169716	
2588.4271881697164	0.40200000000004366	WheelMovementIntervals													-0.05348518815659986
2589.468188169716	0.5329999999999018	WheelMovementIntervals													0.9382931320310064
2590.8061881697163	0.9619999999995343	WheelMovementIntervals													-0.41872646268872415
2591.772163532592	7.055502515793705	trials	-1.0	1.0	1.5		0.125	0.2	2597.2659807625973	2597.26586393421	2598.3276412525984	2592.4777596325926	2592.4787595325924	2597.0961881697153	
2597.0961881697153	0.5599999999999454	WheelMovementIntervals													0.9196167104583992
2598.414188169715	0.68100000000004	WheelMovementIntervals													-0.3064795136900358
2599.4324640925993	7.228217922947806	trials	-1.0	1.0	1.5		0.0625	0.2	2605.088298452605	2605.0881765514946	2606.160624542606	2600.1258614126	2600.1269946326	2604.8841881697144	
2604.8841881697144	0.3809999999998581	WheelMovementIntervals													0.42597946781116036
2606.2441881697146	0.9129999999995562	WheelMovementIntervals													-0.22406397930208755
2607.249482312607	7.361034586323967	trials	-1.0	-1.0	0.0	0.25		0.2	2612.042202992612	2612.041304176338	2614.110429482614	2607.8091596726076	2607.810259562608	2611.767188169714	
2611.767188169714	0.9369999999998981	WheelMovementIntervals													0.2925011760172964
2615.2184186726154	2.4072019716845716	trials	-1.0	1.0	1.5		0.25	0.2	2616.066433862616	2616.0663190148766	2617.1255279426173	2615.7423329426156	2615.7431661926157	2615.929188169713	
2615.929188169713	0.4980000000000473	WheelMovementIntervals													0.717315951827544
2617.317188169713	0.33199999999987995	WheelMovementIntervals													-0.30469841622603155
2618.2160188826183	6.1774213043872805	trials	-1.0	1.0	1.5		0.0625	0.2	2622.833557082623	2622.833433311998	2623.893417752624	2618.910616082619	2618.911482662619	2622.6881881697127	
2622.6881881697127	0.47799999999961074	WheelMovementIntervals													0.6375182738556191
2624.1841881697123	0.9760000000001128	WheelMovementIntervals													-0.5452243209077494
2625.003240092625	4.857021524774154	trials	-1.0	1.0	1.5		0.125	0.2	2628.3129424226286	2628.3128527155523	2629.3602043526294	2625.7421328626256	2625.7430661026256	2628.097188169712	
2628.097188169712	0.3730000000000473	WheelMovementIntervals													0.4137256783483707
2629.548188169712	0.5270000000000437	WheelMovementIntervals													-0.511463022212908
2630.287188169712	0.44299999999975626	WheelMovementIntervals													-0.05231762195035117
2630.4515618726305	5.291910447269402	trials	-1.0	1.0	1.5		1.0	0.2	2634.171156542634	2634.1710685127996	2635.2434159726354	2631.2753794826313	2631.276346052631	2634.0501881697114	
2634.0501881697114	0.25999999999976353	WheelMovementIntervals													0.556913116271545
2635.4981881697113	0.9669999999996435	WheelMovementIntervals													-0.5204856625770873
2636.3555714126364	9.003138613649753	trials	-1.0	1.0	1.5		0.125	0.2	2643.790994462644	2643.790900824515	2644.858587692645	2637.075332762637	2637.076299332637	2643.6861881697105	
2643.6861881697105	0.8229999999998654	WheelMovementIntervals													1.4459152635293862
2644.99718816971	0.8539999999998145	WheelMovementIntervals													0.2716501573372483
2645.964510422646	5.7454996624765045	trials	-1.0	1.0	1.5		0.25	0.2	2650.14612555265	2650.146009449214	2651.209985822651	2646.4599942026466	2646.4608607826467	2649.9921881697096	
2649.9921881697096	0.6410000000000764	WheelMovementIntervals													0.8706841782697552
2651.4081881697093	0.8009999999999309	WheelMovementIntervals													0.4216848346007822
2652.3220079426524	2.536417025278297	trials	-1.0	1.0	1.5		0.0625	0.2	2653.2909110426535	2653.2908136816836	2654.3583709526542	2652.908282642653	2652.909149222653	2653.1221881697093	
2653.1221881697093	0.38200000000006185	WheelMovementIntervals													0.5530861980690389
2653.648188169709	0.2780000000002474	WheelMovementIntervals													-0.07035220580816315
2654.170188169709	1.3779999999997017	WheelMovementIntervals													-0.30343951862495544
2655.4686265826554	5.77312838820535	trials	-1.0	1.0	1.5		0.25	0.2	2659.6737393626595	2659.6736450748604	2660.741632562661	2656.143125792656	2656.144092362656	2659.4641881697085	
2659.4641881697085	0.48500000000012733	WheelMovementIntervals													0.5559249187820114
2660.7681881697085	1.0049999999996544	WheelMovementIntervals													-0.21939574250932026
2661.853854662662	6.388901753647133	trials	-1.0	1.0	1.5		0.125	0.2	2666.6755724426666	2666.675454476744	2667.742732382668	2662.3597707326626	2662.3607039726626	2666.530188169708	
2666.530188169708	0.306999999999789	WheelMovementIntervals													0.4073585698307909
2668.0701881697078	0.9129999999995562	WheelMovementIntervals													-0.5716394229222601
2668.855854392669	8.220417726339747	trials	-1.0	-1.0	0.0	0.25		0.2	2674.4912574626746	2674.490464486704	2676.5762156126766	2669.6911375226696	2669.6919707726697	2674.329188169707	
2674.329188169707	1.0589999999997417	WheelMovementIntervals													0.5714113171595727
2677.6867712126777	2.606010909770248	trials	-1.0	1.0	1.5		0.0	0.2	2678.7215010626787	2678.7213751469235	2679.79272726268	2678.4247640726785	2678.4255639926782	2678.5301881697064	
2678.5301881697064	0.6799999999998363	WheelMovementIntervals													1.13672208904471
2679.7551881697063	0.9690000000000509	WheelMovementIntervals													0.2130256883325643
2680.897683422681	9.059932446614312	trials	-1.0	1.0	1.5		1.0	0.2	2688.4001331026884	2688.400008634834	2689.4575606826893	2681.5911140726816	2681.5921806326814	2688.2321881697053	
2688.2321881697053	0.36200000000008004	WheelMovementIntervals													0.4629996591871901
2689.470188169705	1.293999999999869	WheelMovementIntervals													-0.9347337696709843
2690.5716159326907	5.86941987743694	trials	-1.0	1.0	1.5		0.0625	0.2	2694.880518332695	2694.8804297908505	2695.940945612696	2691.2427154826914	2691.2437820426912	2694.7271881697047	
2694.7271881697047	0.5279999999997926	WheelMovementIntervals													0.8306363141262381
2696.0641881697047	1.1169999999997344	WheelMovementIntervals													-0.4891479837696835
2697.3528377426974	7.137927102738104	trials	-1.0	1.0	1.5		0.25	0.2	2702.921547482703	2702.921457326478	2703.990673892704	2698.092330452698	2698.093397012698	2702.7911881697037	
2702.7911881697037	0.4270000000001346	WheelMovementIntervals													0.6405192443263985
2704.0921881697036	0.8609999999998763	WheelMovementIntervals													-0.296013091337727
2705.089963952705	2.6176109040966367	trials	1.0	1.0	1.5	1.0		0.2	2706.1509578427062	2706.1508671561915	2707.207518842707	2705.6756720427056	2705.6766386127056	2705.8971881697034	
2705.8971881697034	0.6320000000000618	WheelMovementIntervals													-0.8403315401297249
2707.2291881697033	1.168999999999869	WheelMovementIntervals													-0.5165369301362404
2708.315574692708	5.641908754949327	trials	-1.0	1.0	1.5		0.125	0.2	2712.4010661027123	2712.400980308204	2713.4573937927134	2708.875585352709	2708.876585252709	2712.296188169703	
2712.296188169703	0.7039999999997235	WheelMovementIntervals													1.5856263413882488
2713.5801881697025	1.3299999999999272	WheelMovementIntervals													0.36406035461747877
2714.5722822927146	6.019735087061235	trials	-1.0	1.0	1.5		0.0	0.2	2719.009505192719	2719.0094059439643	2720.09196360272	2715.5587169727155	2715.5595502227156	2718.867188169702	
2718.867188169702	0.3550000000000182	WheelMovementIntervals													0.5146552108936078
2720.289188169702	0.7759999999998399	WheelMovementIntervals													0.38957348751441145
2721.207918662721	5.416100315904259	trials	-1.0	1.0	1.5		0.0625	0.2	2725.0377023127253	2725.0376181789998	2726.123960342726	2721.707235392722	2721.7081353027215	2724.9091881697013	
2724.9091881697013	0.6039999999998145	WheelMovementIntervals													1.0048442746869028
2726.4291881697013	0.5149999999998727	WheelMovementIntervals													-0.21373280602459488
2727.2249169027273	5.000307469728796	trials	-1.0	1.0	1.5		1.0	0.2	2730.643241702731	2730.6431199582275	2731.7251668327317	2727.858520202728	2727.859420112728	2730.175188169701	
2730.175188169701	1.0639999999998508	WheelMovementIntervals													0.9439912281430907
2731.9391881697006	1.25	WheelMovementIntervals													0.32509057215027326
2732.840821922733	8.916145545198106	trials	-1.0	1.0	1.5		0.125	0.2	2740.2011524827403	2740.201057869088	2741.2568469027415	2733.806825312734	2733.807725222734	2740.0431881696995	
2740.0431881696995	0.5090000000000146	WheelMovementIntervals													0.6335867713399779
2741.4691881696995	0.9299999999998363	WheelMovementIntervals													0.18816281122589373
2742.3742684827425	8.067329488355881	trials	-1.0	1.0	1.5		0.25	0.2	2748.879184592749	2748.8790906470617	2749.94147835275	2743.008205082743	2743.009271642743	2748.6631881696985	
2748.6631881696985	0.6030000000000655	WheelMovementIntervals													0.7232711642945873
2750.3061881696985	1.0529999999998836	WheelMovementIntervals													0.293810920828804
2751.067199102751	5.272911040128747	trials	-1.0	1.0	1.5		1.0	0.2	2754.7823942127548	2754.7823061766717	2755.840021772756	2752.023470132752	2752.024503362752	2754.645188169698	
2754.645188169698	0.6459999999997308	WheelMovementIntervals													1.1388349844619654
2756.096188169698	0.40399999999999636	WheelMovementIntervals													-0.5204098389640848
2756.954510312757	5.403500532838734	trials	-1.0	1.0	1.5		0.0625	0.2	2760.795926132761	2760.7958099806565	2761.857919922762	2757.5080882827574	2757.5091215127577	2760.6571881696973	
2760.6571881696973	0.5169999999998254	WheelMovementIntervals													0.8036802981979605
2761.9681881696974	0.7319999999995161	WheelMovementIntervals													-0.22528511787025707
2762.969108792763	7.171818686203096	trials	-1.0	1.0	1.5		0.125	0.2	2768.5562166927684	2768.556121012677	2769.64084155277	2763.4563933927634	2763.4573932927633	2768.3891881696964	
2768.3891881696964	0.3040000000000873	WheelMovementIntervals													0.37854825963339067
2769.6351881696964	1.5169999999998254	WheelMovementIntervals													-0.9203759754445429
2770.787326892771	3.6358084411035634	trials	1.0	1.0	1.5	0.125		0.2	2772.838755062773	2772.8386310910028	2773.923079952774	2772.1063283127723	2772.1073282127722	2772.2751881696963	
2772.2751881696963	1.3709999999996398	WheelMovementIntervals													1.2447971981941066
2774.083188169696	0.8490000000001601	WheelMovementIntervals													-0.8094829392071574
2775.043134602775	9.714332166391614	trials	-1.0	1.0	1.5		0.0625	0.2	2783.176087892783	2783.1759590208344	2784.2573797527843	2775.5742481527755	2775.5752813827758	2782.842188169695	
2782.842188169695	0.43899999999985084	WheelMovementIntervals													0.32188713818685244
2784.375188169695	1.013999999999669	WheelMovementIntervals													-0.27566574230047536
2785.3881666627854	7.052530053810187	trials	-1.0	1.0	1.5		0.0625	0.2	2790.858986192791	2790.858889200135	2791.940678012792	2785.889283212786	2785.890183122786	2790.716188169694	
2790.716188169694	0.4329999999999927	WheelMovementIntervals													0.6474070887807954
2792.0481881696937	0.8589999999999236	WheelMovementIntervals													-0.48972867694075717
2793.070898312793	6.453224004835647	trials	-1.0	1.0	1.5		0.0625	0.2	2797.968108542798	2797.9680157703283	2799.024036272799	2793.6060114627935	2793.6071113527937	2797.8381881696932	
2797.8381881696932	0.49099999999998545	WheelMovementIntervals													0.8474460587017205
2799.198188169693	0.930000000000291	WheelMovementIntervals													-0.2039202644738225
2800.1511235528	7.2060163170681335	trials	-1.0	1.0	1.5		1.0	0.2	2805.792426032806	2805.7923355437288	2806.857086222807	2800.822423082801	2800.823422982801	2805.6491881696925	
2805.6491881696925	0.3969999999999345	WheelMovementIntervals													0.559481025454204
2806.9941881696923	0.9290000000000873	WheelMovementIntervals													-0.34042887221498574
2807.993639222808	6.345504891336532	trials	-1.0	1.0	1.5		0.125	0.2	2812.7839601428127	2812.783840650572	2813.8390879528138	2808.5224863328085	2808.5232862528087	2812.5651881696917	
2812.5651881696917	0.29399999999986903	WheelMovementIntervals													0.3151746321369302
2814.0831881696913	1.4270000000001346	WheelMovementIntervals													-0.9795585474199555
2814.972141302815	3.051629035098358	trials	-1.0	1.0	1.5		1.0	0.2	2816.4489602728163	2816.448854385363	2817.5237194528177	2816.207084462816	2816.208217682816	2816.3151881696913	
2816.3151881696913	0.5650000000000546	WheelMovementIntervals													1.003139308744096
2817.4471881696913	0.7199999999997999	WheelMovementIntervals													-0.2057572667400649
2818.6462738528185	8.15892134221258	trials	-1.0	-1.0	0.0	0.0625		0.2	2824.2521465428244	2824.251087140052	2826.3051412228265	2819.238714602819	2819.2395145228193	2824.0051881696904	
2824.0051881696904	1.2590000000000146	WheelMovementIntervals													0.8088493433995154
2827.4369946928273	3.5533153415844936	trials	-1.0	-1.0	0.0	0.0		0.2	2828.4237626728286	2828.422898394587	2830.4901893428305	2827.940111042828	2827.941110942828	2828.21818816969	
2828.21818816969	0.3979999999996835	WheelMovementIntervals													0.44710186689812303
2831.6131103728317	2.593711988834457	trials	-1.0	1.0	1.5		0.0625	0.2	2832.6397077028328	2832.6396143260763	2833.7068009828336	2832.188619482832	2832.1897193728323	2832.4611881696896	
2832.4611881696896	0.4739999999997053	WheelMovementIntervals													0.3996893326325761
2834.041188169689	0.7090000000002874	WheelMovementIntervals													-0.34270686722399546
2834.822522732835	6.682602949161719	trials	-1.0	1.0	1.5		0.25	0.2	2839.95060987284	2839.9505234611893	2841.005071082841	2835.4219294528352	2835.4230293428354	2839.792188169689	
2839.792188169689	0.35199999999986176	WheelMovementIntervals													0.5068772460383997
2841.1691881696884	0.9320000000002437	WheelMovementIntervals													0.4107529882322325
2842.144723772842	7.010434911873745	trials	-1.0	1.0	1.5		1.0	0.2	2847.5894459128476	2847.589349333714	2848.6551393328486	2843.2400142328434	2843.2409474728433	2847.4601881696876	
2842.398188169688	0.21700000000009823	WheelMovementIntervals													-0.10478775915028393
2847.4601881696876	0.7590000000000146	WheelMovementIntervals													1.091511997837955
2848.8891881696877	0.8109999999996944	WheelMovementIntervals													-0.3690578403477929
2849.7852596428497	6.3860997543242775	trials	-1.0	1.0	1.5		1.0	0.2	2854.6213759828547	2854.6212579422677	2855.6713376428556	2850.4229958628503	2850.4238624428503	2854.437188169687	
2854.437188169687	0.6349999999997635	WheelMovementIntervals													0.7299885045869843
2855.937188169687	0.8089999999997417	WheelMovementIntervals													0.264766717043841
2856.8092571728566	8.29553922555806	trials	-1.0	1.0	1.5		0.25	0.2	2863.5373842928634	2863.5372873643455	2864.6047442128647	2857.4397607828573	2857.4407940128576	2863.406188169686	
2863.406188169686	0.5549999999998363	WheelMovementIntervals													0.8586290244474526
2864.785188169686	0.9509999999995671	WheelMovementIntervals													-0.513208523360106
2865.7408972528656	7.630408866704784	trials	-1.0	1.0	1.5		1.0	0.2	2871.8094236728716	2871.80930191861	2872.871250812873	2866.272944042866	2866.2740439328663	2871.635188169685	
2871.635188169685	0.5650000000000546	WheelMovementIntervals													0.7691518483314042
2872.998188169685	0.8969999999999345	WheelMovementIntervals													-0.7322658925583596
2873.999904602874	4.954536525848653	trials	-1.0	1.0	1.5		0.125	0.2	2877.3937318528774	2877.3936289371254	2878.4543924428785	2874.5059206628744	2874.5069872228746	2877.2431881696843	
2877.2431881696843	0.5500000000001819	WheelMovementIntervals													0.7509542941788823
2878.557188169684	1.3460000000000036	WheelMovementIntervals													-1.1335306303975017
2879.90894697288	5.428898428122466	trials	-1.0	1.0	1.5		0.125	0.2	2883.769127582884	2883.7690444331756	2884.837787372885	2880.4059306028803	2880.4068971728802	2883.5321881696836	
2883.5321881696836	0.43400000000019645	WheelMovementIntervals													0.40262903491336033
2884.946188169684	0.8869999999997162	WheelMovementIntervals													-0.1992166377307143
2885.958141992886	9.579542546724497	trials	-1.0	1.0	1.5		0.0625	0.2	2893.970474012894	2893.9703759057625	2895.037567292895	2886.6558388828867	2886.6568387828866	2893.756188169683	
2893.756188169683	0.4399999999995998	WheelMovementIntervals													0.4685938611106337
2895.1901881696826	1.4699999999998	WheelMovementIntervals													-0.20377281068373065
2896.1810862628963	6.891215258360717	trials	-1.0	1.0	1.5		0.25	0.2	2901.5077868729018	2901.507697283992	2902.5722804129027	2897.205717122897	2897.206717022897	2901.263188169682	
2901.263188169682	0.40899999999965075	WheelMovementIntervals													0.4028436035028591
2902.8681881696816	0.8449999999997999	WheelMovementIntervals													-0.5708355155382492
2903.701400822904	6.102524299851211	trials	-1.0	1.0	1.5		0.125	0.2	2908.2488127029083	2908.248717439714	2909.3038738529094	2904.387332222904	2904.3883654529045	2908.116188169681	
2908.116188169681	0.5450000000000728	WheelMovementIntervals													0.8337691522468447
2909.348188169681	1.3719999999998436	WheelMovementIntervals													-0.6670947400434386
2910.4443264629103	6.8762161899121566	trials	-1.0	1.0	1.5		0.0625	0.2	2915.753628812916	2915.75353819123	2916.820455452917	2911.255378682911	2911.2562452629113	2915.5481881696805	
2915.5481881696805	0.46499999999969077	WheelMovementIntervals													0.5330559957821634
2916.94118816968	0.18499999999994543	WheelMovementIntervals													0.17122090811274404
2917.44018816968	1.4079999999999018	WheelMovementIntervals													-0.845202541108435
2917.954342052918	8.382630007057742	trials	-1.0	1.0	1.5		0.125	0.2	2924.7798594329247	2924.7797648572187	2925.836953712926	2919.4218619529192	2919.4228285229196	2924.5471881696794	
2924.5471881696794	0.4800000000000182	WheelMovementIntervals													0.4840485794252771
2926.065188169679	0.680000000000291	WheelMovementIntervals													-0.4256135937320664
2926.975373192927	6.346305651598868	trials	-1.0	1.0	1.5		0.125	0.2	2931.7600613429317	2931.759975945938	2932.821655172933	2927.5547152529275	2927.555748482928	2931.6291881696784	
2931.6291881696784	0.5799999999999272	WheelMovementIntervals													0.9348218588087178
2932.8991881696784	0.6619999999998072	WheelMovementIntervals													0.2272670975276725
2933.944576202934	5.210315869492661	trials	-1.0	1.0	1.5		0.25	0.2	2937.5898783029374	2937.5897859062247	2938.6548384629386	2934.6535386329347	2934.654338552935	2937.354188169678	
2937.354188169678	0.4030000000002474	WheelMovementIntervals													0.4134534519658928
2938.6741881696776	0.8810000000003129	WheelMovementIntervals													-0.17306034910828316
2939.77869273294	6.524817716173857	trials	-1.0	1.0	1.5		0.0625	0.2	2944.7472958229446	2944.7472047004767	2945.803423532946	2940.4700569229403	2940.4709568329404	2944.578188169677	
2944.578188169677	0.3580000000001746	WheelMovementIntervals													0.450253054515116
2945.975188169677	1.2559999999998581	WheelMovementIntervals													-0.5123042413375742
2946.948609002947	8.12272290555211	trials	-1.0	1.0	1.5		0.0	0.2	2953.4868217829535	2953.486725830179	2954.5712466629548	2947.988038382948	2947.988871632948	2953.307188169676	
2953.307188169676	0.3949999999999818	WheelMovementIntervals													0.41532315717314816
2954.624188169676	0.9789999999998145	WheelMovementIntervals													-0.2908254605669498
2955.7219315829557	6.7158312168226075	trials	-1.0	1.0	1.5		0.0	0.2	2960.8821488429608	2960.882053263405	2961.937709942962	2956.2365134529564	2956.2374800229563	2960.7021881696755	
2960.7021881696755	0.3609999999998763	WheelMovementIntervals													0.4490078059737215
2962.0381881696753	0.656999999999698	WheelMovementIntervals													-0.25802653012038945
2963.078762492963	8.892414832498616	trials	-1.0	-1.0	0.0	0.0		0.8	2969.4116624729695	2969.4108716307264	2971.4710898429717	2963.553048392964	2963.5540482929637	2969.2251881696743	
2969.2251881696743	1.0090000000000146	WheelMovementIntervals													0.5147434160729176
2972.6069762429725	2.5639128657771835	trials	1.0	1.0	1.5	0.0625		0.8	2973.6022767029735	2973.6021800724548	2974.6708031729745	2973.1695199829733	2973.170619872973	2973.455188169674	
2973.455188169674	0.5059999999998581	WheelMovementIntervals													-0.46129620131644344
2974.750188169674	0.9589999999998327	WheelMovementIntervals													-0.33414444918706465
2975.816488592976	10.58714249892455	trials	-1.0	1.0	1.5		0.25	0.8	2984.8350199829847	2984.834923091132	2985.903579782986	2976.5360166329765	2976.5369832029764	2984.6881881696727	
2984.6881881696727	0.4470000000001164	WheelMovementIntervals													0.5300502592787382
2985.9831881696728	0.5899999999996908	WheelMovementIntervals													0.7208186484524788
2987.0522315729872	8.985104909710117	trials	-1.0	1.0	1.5		0.125	0.8	2994.4724561429944	2994.472333975891	2995.5372829829957	2987.5193848529875	2987.5204847429877	2994.2631881696716	
2994.2631881696716	0.2699999999999818	WheelMovementIntervals													0.31533600211955104
2995.5451881696713	1.3340000000002874	WheelMovementIntervals													-0.20235171395826512
2996.6867346929967	3.0157304055019267	trials	1.0	1.0	1.5	1.0		0.8	2998.1223577829983	2998.122248214259	2999.202416432999	2997.5024864429975	2997.5033863529975	2997.9511881696712	
2997.9511881696712	0.6779999999998836	WheelMovementIntervals													-0.9324584707771209
2999.267188169671	0.7019999999997708	WheelMovementIntervals													-0.4547270574428808
3000.3420691230003	10.193216354379274	trials	-1.0	1.0	1.5		0.125	0.8	3008.961473763009	3008.9613812609623	3010.03526637301	3000.8534513130007	3000.854351223001	3008.83618816967	
3008.83618816967	0.4899999999997817	WheelMovementIntervals													0.8305694907947441
3010.05718816967	0.6579999999999018	WheelMovementIntervals													0.12259644671763681
3010.9861881696697	0.17200000000002547	WheelMovementIntervals													0.05258643302869359
3011.178385383011	10.708432370431638	trials	-1.0	-1.0	0.0	0.0		0.8	3019.3278370230196	3019.3270084935084	3021.3867977730215	3011.8703161830117	3011.871282753012	3019.1821881696687	
3019.1821881696687	0.9200000000000728	WheelMovementIntervals													0.48134180534323434
3022.5319165830224	2.453421722651001	trials	1.0	1.0	1.5	1.0		0.8	3023.4236274030236	3023.4235237505045	3024.4852878930246	3023.118491253023	3023.1194578230234	3023.2611881696685	
3023.2611881696685	0.6320000000000618	WheelMovementIntervals													-0.8110906152940061
3024.342188169668	1.1050000000000182	WheelMovementIntervals													-0.46420331854207575
3025.6169413830257	2.4350979209093566	trials	1.0	1.0	1.5	0.0625		0.8	3026.5011196230266	3026.5010395389872	3027.5519478630276	3026.120024403026	3026.1210909630263	3026.301188169668	
3026.301188169668	0.7660000000000764	WheelMovementIntervals													-0.5690801543297255
3027.682188169668	0.6309999999998581	WheelMovementIntervals													-0.36342165572426666
3028.6805349930287	12.03793025457162	trials	-1.0	1.0	1.5		0.125	0.8	3039.155054103039	3039.154959577851	3040.21838109304	3029.303406033029	3029.304372603029	3038.8771881696666	
3038.8771881696666	0.5340000000001055	WheelMovementIntervals													0.5075429732724643
3039.9001881696668	1.3209999999999127	WheelMovementIntervals													0.551426835883106
3041.3811648030414	7.3551340008166335	trials	-1.0	1.0	1.5		0.25	0.8	3047.162686593047	3047.1625891709014	3048.2362125630484	3041.903179263042	3041.904279153042	3046.9661881696657	
3046.9661881696657	0.4839999999999236	WheelMovementIntervals													0.6419615930689417
3048.1711881696656	0.8369999999999891	WheelMovementIntervals													0.3866893380810552
3049.3766985030493	2.6082085622233535	trials	1.0	1.0	1.5	1.0		0.8	3050.4100951530504	3050.410001102827	3051.4848210030514	3050.06809602305	3050.06919591305	3050.2731881696654	
3050.2731881696654	0.7170000000000982	WheelMovementIntervals													-0.6208926792269409
3051.4981881696654	1.16399999999976	WheelMovementIntervals													0.3344180976457096
3052.6279066830525	9.408228244399652	trials	-1.0	-1.0	0.0	0.25		0.8	3059.4674226630596	3059.4665257594875	3061.536082443062	3053.2028825130533	3053.2038157530533	3059.3151881696645	
3059.3151881696645	1.0589999999997417	WheelMovementIntervals													0.7612379052392129
3062.679834723063	2.389498775208267	trials	1.0	1.0	1.5	0.25		0.8	3063.4989194730633	3063.498833617768	3064.5693124230647	3063.184584243063	3063.185384163063	3063.362188169664	
3063.362188169664	0.487999999999829	WheelMovementIntervals													-0.7857245412727565
3064.530188169664	1.2429999999994834	WheelMovementIntervals													0.23190515574043502
3065.7104316330656	2.4908176047401867	trials	1.0	1.0	1.5	0.125		0.8	3066.6330393630665	3066.6329374124784	3067.7011992030675	3066.318070863066	3066.3190374330666	3066.457188169664	
3066.457188169664	0.5589999999997417	WheelMovementIntervals													-0.3832865481046781
3067.7671881696638	0.76299999999992	WheelMovementIntervals													-0.3916517348871196
3068.846951283069	2.9558067958532774	trials	1.0	1.0	1.5	0.125		0.8	3070.2231469830704	3070.223053981381	3071.3026723530716	3069.3692657130696	3069.3703322730694	3069.5841881696633	
3069.5841881696633	0.9329999999999927	WheelMovementIntervals													-0.35506306156439393
3071.219188169663	1.469000000000051	WheelMovementIntervals													-1.366918038498909
3072.4525573530723	3.34990104552071	trials	1.0	1.0	1.5	1.0		0.8	3074.246577933074	3074.246456841941	3075.3024056730756	3073.6175075130736	3073.618607403074	3073.751188169663	
3073.751188169663	2.905999999999949	WheelMovementIntervals													1.1114718278577698
3076.4535572130767	3.6656324999926255	trials	1.0	1.0	1.5	0.125		0.8	3078.5631795630784	3078.5630747653736	3079.6191072930797	3077.7176307930777	3077.7185640330777	3077.9611881696624	
3077.9611881696624	1.3600000000001273	WheelMovementIntervals													0.7297455577626693
3080.199188169662	0.42499999999972715	WheelMovementIntervals													-0.08742165604603258
3080.7705921330808	23.131451084947003	trials	-1.0	-1.0	0.0	0.125		0.8	3101.3263363531014	3101.3253357502535	3103.4019621031034	3081.3509674230813	3081.3519006630813	3101.2181881696597	
3101.2181881696597	0.7919999999999163	WheelMovementIntervals													1.2460339753871494
3104.922343383105	2.463020845814299	trials	1.0	1.0	1.5	0.0625		0.8	3105.802755333106	3105.802650118775	3106.8852470731067	3105.4670555731054	3105.4679888131054	3105.5891881696593	
3105.5891881696593	0.33199999999987995	WheelMovementIntervals													-0.3644778967181992
3106.9861881696593	0.75	WheelMovementIntervals													-0.38390158931906626
3108.0184670731082	2.400099375064201	trials	1.0	1.0	1.5	0.25		0.8	3108.8452510531088	3108.8451658245226	3109.91854371311	3108.6006088531085	3108.601608753109	3108.724188169659	
3108.724188169659	0.35399999999981446	WheelMovementIntervals													-0.800578659561026
3109.858188169659	1.0209999999997308	WheelMovementIntervals													-0.28232104423597093
3111.064162473111	2.370900796857768	trials	1.0	1.0	1.5	1.0		0.8	3111.8546500831117	3111.8545620720133	3112.935008703113	3111.5504471731115	3111.5512804231116	3111.705188169659	
3111.705188169659	0.9639999999999418	WheelMovementIntervals													-0.5529666665353972
3113.0961881696585	0.36599999999998545	WheelMovementIntervals													0.09203388847576832
3114.079160943114	22.355663143749098	trials	-1.0	1.0	1.5		1.0	0.8	3134.876614323135	3134.876517824825	3135.934708503136	3114.767092143115	3114.7682253631147	3134.731188169656	
3134.731188169656	0.38100000000031287	WheelMovementIntervals													0.5240190107939782
3136.110188169656	1.0579999999999927	WheelMovementIntervals													0.2934670522859193
3137.1135239431374	11.91964115333667	trials	-1.0	-1.0	0.0	0.0625		0.8	3146.4565895431465	3146.4555546296046	3148.5330485431487	3137.950006953138	3137.951006853138	3146.342188169655	
3146.342188169655	0.7669999999998254	WheelMovementIntervals													0.7570336850580901
3149.6988652831496	2.5358116729489666	trials	1.0	1.0	1.5	0.25		0.8	3150.6579693631506	3150.657868941305	3151.7345616931516	3150.3178700431504	3150.3188699431503	3150.4361881696545	
3150.4361881696545	0.36400000000003274	WheelMovementIntervals													-0.41165440614666693
3151.6301881696545	1.6739999999995234	WheelMovementIntervals													-0.7612203099651254
3152.899778493153	2.9668059307255135	trials	1.0	1.0	1.5	0.125		0.8	3154.2965721331543	3154.296480814422	3155.3665317931554	3154.066128513154	3154.067161743154	3154.152188169654	
3154.152188169654	0.24499999999989086	WheelMovementIntervals													-0.4324194684223386
3155.404188169654	0.6829999999999927	WheelMovementIntervals													0.18518682873219916
3156.5159835031563	2.5170131780605516	trials	1.0	1.0	1.5	0.0625		0.8	3157.4592891631573	3157.459187691928	3158.5329151231585	3157.084493313157	3157.085493213157	3157.2961881696538	
3157.2961881696538	0.4159999999997126	WheelMovementIntervals													-0.6413671581650675
3158.6261881696537	0.5799999999999272	WheelMovementIntervals													-0.13013697539146563
3159.6976986331597	2.9034114862161005	trials	1.0	1.0	1.5	0.125		0.8	3161.020599663161	3161.0205034107175	3162.101058273162	3160.2677082931605	3160.2687748531603	3160.503188169653	
3160.503188169653	0.7530000000001564	WheelMovementIntervals													-0.4563715395176615
3162.190188169653	0.7809999999999491	WheelMovementIntervals													0.3418965898115829
3163.2362114131633	16.946239758292904	trials	-1.0	1.0	1.5		0.25	0.8	3178.6075407931785	3178.607445662152	3179.6824332931797	3163.866148413164	3163.867081653164	3178.4051881696514	
3178.4051881696514	0.5769999999997708	WheelMovementIntervals													0.6191204876817693
3179.7331881696514	1.095999999999549	WheelMovementIntervals													0.16713090322733137
3180.8519496631807	12.280639381645415	trials	-1.0	-1.0	0.0	0.125		0.8	3190.5841430131904	3190.5833784927377	3192.632538153193	3181.4670548131817	3181.4679213931813	3190.46918816965	
3190.46918816965	0.9230000000002292	WheelMovementIntervals													0.7969820616939529
3193.800388023194	2.598507998140576	trials	1.0	1.0	1.5	0.25		0.8	3194.8377842731948	3194.837690417601	3195.8988448231958	3194.2837063531942	3194.2847729131945	3194.4161881696496	
3194.4161881696496	0.724999999999909	WheelMovementIntervals													-0.46579465810114584
3195.8931881696494	0.81899999999996	WheelMovementIntervals													0.3367351894766131
3197.058195543197	8.24221049454809	trials	-1.0	1.0	1.5		1.0	0.8	3203.7357277232036	3203.735602425035	3204.800354583205	3197.766791343198	3197.767757913198	3203.5471881696485	
3203.5471881696485	0.4580000000000837	WheelMovementIntervals													0.5392318086270649
3204.8901881696484	0.7159999999998945	WheelMovementIntervals													0.061061488561037436
3205.965504723206	2.716425769426678	trials	1.0	1.0	1.5	1.0		0.8	3207.129021693207	3207.128914903345	3208.1818497332083	3206.6155063832066	3206.6163396332067	3206.9551881696484	
3206.9551881696484	0.4519999999997708	WheelMovementIntervals													-0.534845161161627
3208.212188169648	0.5	WheelMovementIntervals													-0.1941698643316272
3209.3368342232093	2.696697672121445	trials	1.0	1.0	1.5	0.25		0.8	3210.4677211232106	3210.467632408413	3211.5334812032115	3210.01676622321	3210.01763280321	3210.187188169648	
3210.187188169648	0.3829999999998108	WheelMovementIntervals													-0.36708767503867534
3211.6571881696477	0.3269999999997708	WheelMovementIntervals													-0.07682038032399419
3212.7140298032127	2.501314819126492	trials	1.0	1.0	1.5	0.125		0.8	3213.660035193214	3213.659935029098	3214.7152963232147	3213.2986713332134	3213.2996045732134	3213.4831881696473	
3213.4831881696473	0.3830000000002656	WheelMovementIntervals													-0.5238952752843886
3214.8121881696475	0.058999999999741704	WheelMovementIntervals													-0.011312031894178176
3215.872547253216	3.0592986745846247	trials	1.0	1.0	1.5	0.0625		0.8	3217.3822629332176	3217.3821456123032	3218.4317913032187	3216.5666778332165	3216.5675444132166	3216.8381881696473	
3216.8381881696473	0.8259999999995671	WheelMovementIntervals													-0.4788342423422307
3218.369188169647	0.6700000000000728	WheelMovementIntervals													0.4520053339748529
3219.5892422132197	16.342364503719637	trials	-1.0	-1.0	0.0	0.0625		0.8	3233.3580651932334	3233.357194028258	3235.4315244932354	3220.09992447322	3220.10085771322	3233.2171881696454	
3233.2171881696454	0.9929999999999382	WheelMovementIntervals													0.7740706119146665
3236.613506283237	2.7861209232014517	trials	1.0	1.0	1.5	1.0		0.8	3237.820418913238	3237.820314046668	3238.899544323239	3237.2497426532373	3237.2506758932373	3237.391188169645	
3237.391188169645	0.5189999999997781	WheelMovementIntervals													-0.34417935027857993
3238.681188169645	2.1099999999996726	WheelMovementIntervals													0.5107515100283848
3240.0582284432403	14.291035337387257	trials	-1.0	1.0	1.5		0.0625	0.8	3252.7947546632527	3252.7946581541237	3253.849149213254	3241.3146694532415	3241.3156360232415	3252.694188169643	
3241.2201881696446	0.3449999999997999	WheelMovementIntervals													-0.05157448957578481
3252.694188169643	0.5309999999999491	WheelMovementIntervals													0.7141020266895026
3254.004188169643	1.2309999999997672	WheelMovementIntervals													-0.2648709771672344
3255.040563393255	7.673901263331572	trials	1.0	1.0	1.5	0.125		0.8	3261.1566850532613	3261.156562009153	3262.2143792732622	3255.7479593132557	3255.748825893256	3260.833188169642	
3260.833188169642	0.56899999999996	WheelMovementIntervals													-0.6417322338103872
3262.254188169642	0.875	WheelMovementIntervals													-0.32415955160330157
3263.3919615032632	2.3906246261021806	trials	-1.0	1.0	1.5		1.0	0.2	3264.219078783264	3264.21896898455	3265.2824724332654	3263.8992774332637	3263.900410653264	3264.031188169642	
3264.031188169642	0.8159999999998035	WheelMovementIntervals													1.243522688969179
3265.407188169642	1.0799999999999272	WheelMovementIntervals													-0.2774823201605727
3266.4484891532666	2.534113185275146	trials	-1.0	1.0	1.5		0.25	0.2	3267.4270912832676	3267.426993086134	3268.4825523932686	3267.014565873267	3267.015399123267	3267.1831881696417	
3267.1831881696417	0.6169999999997344	WheelMovementIntervals													0.7080346828139312
3268.5661881696415	0.6159999999999854	WheelMovementIntervals													-0.41532225546856694
3269.6431029932696	8.305703598004584	trials	-1.0	-1.0	0.0	0.125		0.2	3275.3909614832755	3275.3900040989647	3277.4487890132773	3270.11448918327	3270.11535576327	3275.2851881696406	
3275.2851881696406	1.0520000000001346	WheelMovementIntervals													1.062593787276981
3278.6349037232785	2.562710196649732	trials	1.0	1.0	1.5	1.0		0.2	3279.6283377032796	3279.6282069002896	3280.6975307732805	3279.264207453279	3279.2652740132794	3279.40118816964	
3279.40118816964	0.3340000000002874	WheelMovementIntervals													-0.3560873883124458
3280.92718816964	0.86200000000008	WheelMovementIntervals													-0.2886519830471599
3281.864614053282	6.599237230127983	trials	-1.0	1.0	1.5		0.125	0.2	3286.889144883287	3286.889040876261	3287.963804073288	3282.3489656132824	3282.3499321832824	3286.7561881696392	
3286.7561881696392	0.5160000000000764	WheelMovementIntervals													0.7860668579035917
3288.1651881696394	0.8739999999997963	WheelMovementIntervals													-0.7367437426308072
3289.132553853289	7.714726331641941	trials	-1.0	1.0	1.5		0.0625	0.2	3295.2880715732954	3295.2879740648814	3296.3471989832965	3289.7486589032897	3289.7498254532898	3295.1601881696383	
3295.1601881696383	0.5579999999999927	WheelMovementIntervals													0.9153698502438061
3296.4511881696385	0.7619999999997162	WheelMovementIntervals													0.7300009838097736
3297.5228814032976	6.191013958042731	trials	-1.0	1.0	1.5		0.25	0.2	3302.1642838833022	3302.1641911177467	3303.2138455833033	3298.065193833298	3298.066060413298	3301.6371881696377	
3301.6371881696377	0.7449999999998909	WheelMovementIntervals													0.4186432012026984
3303.2971881696376	0.5289999999999964	WheelMovementIntervals													0.9741219000110561
3304.3884947733045	5.425322608785791	trials	-1.0	1.0	1.5		1.0	0.2	3308.256407943308	3308.2563087527747	3309.3137022033093	3304.881578793305	3304.8823453833047	3307.609188169637	
3307.609188169637	2.881999999999607	WheelMovementIntervals													2.1383546054274376
3310.5003168633107	7.979901263157899	trials	-1.0	1.0	1.5		0.125	0.2	3316.931107053317	3316.9310162695174	3317.980135473318	3311.2318103733114	3311.232943593311	3316.605188169636	
3316.605188169636	0.7309999999997672	WheelMovementIntervals													0.7752977567067774
3318.038188169636	0.9549999999994725	WheelMovementIntervals													0.06608923685080015
3319.1641170633193	8.850746017747042	trials	-1.0	1.0	1.5		0.125	0.2	3326.4547545933265	3326.454653321617	3327.5148152433276	3319.6481686533198	3319.6492018833196	3326.0871881696353	
3326.0871881696353	0.7569999999996071	WheelMovementIntervals													0.8029550356945094
3327.282188169635	0.95699999999988	WheelMovementIntervals													-0.2459514026728158
3328.698963483329	6.297401588040884	trials	-1.0	1.0	1.5		0.0	0.2	3333.4301569833333	3333.4300631738333	3334.4963170233345	3329.2965037233294	3329.2974036333294	3333.2721881696343	
3333.2721881696343	0.38999999999987267	WheelMovementIntervals													0.49307361823413487
3334.4371881696343	0.7729999999996835	WheelMovementIntervals													0.22370148670550805
3336.036363003336	4.893640877005055	trials	-1.0	1.0	1.5		0.0625	0.2	3339.3567975933393	3339.3566887028096	3340.4298902733403	3336.5479451733368	3336.5490117333366	3339.1861881696336	
3339.1861881696336	0.34700000000020736	WheelMovementIntervals													0.4348379359672663
3340.5141881696336	0.7779999999997926	WheelMovementIntervals													-0.43744347719868415
3341.6048061033416	7.591508162925038	trials	-1.0	1.0	1.5		0.125	0.2	3347.6277037533478	3347.6276109927653	3348.6962968833486	3342.247841793342	3342.2489416833423	3346.962188169633	
3346.962188169633	1.0379999999995562	WheelMovementIntervals													0.8677421514148591
3348.9011881696324	0.6220000000002983	WheelMovementIntervals													0.0646878335317922
3349.87021281335	6.592607484700238	trials	-1.0	1.0	1.5		1.0	0.2	3354.883411443355	3354.8833169839872	3355.962803493356	3350.4644533833507	3350.4655199433505	3354.683188169632	
3354.683188169632	0.48099999999976717	WheelMovementIntervals													0.6098663346562887
3356.149188169632	0.7849999999998545	WheelMovementIntervals													-0.183203892869642
3357.142318863357	10.205141624730913	trials	-1.0	1.0	1.5		1.0	0.2	3365.792353773366	3365.792251601886	3366.847414923367	3357.697163373358	3357.698096613358	3365.583188169631	
3365.583188169631	0.3930000000000291	WheelMovementIntervals													0.44098145428277746
3366.8411881696306	1.0579999999999927	WheelMovementIntervals													-0.34837508058339495
3368.051661153368	7.527514176486875	trials	-1.0	-1.0	0.0	0.0625		0.2	3373.013264943373	3373.012269177634	3375.079091673375	3368.6791983933686	3368.6802982833688	3372.84918816963	
3372.84918816963	1.0209999999997308	WheelMovementIntervals													0.4906745458510926
3376.2613734333763	2.702625578945117	trials	-1.0	1.0	1.5		0.0625	0.2	3377.3896939233773	3377.3895832763965	3378.4639531533785	3376.964003163377	3376.964869743377	3377.2291881696297	
3377.2291881696297	0.3269999999997708	WheelMovementIntervals													0.4686248482914692
3378.8641881696294	1.0789999999997235	WheelMovementIntervals													-0.25656638727937775
3379.6335028533795	7.097021157268955	trials	-1.0	1.0	1.5		0.25	0.2	3385.150317783385	3385.150216967535	3386.2304764233863	3380.4124249533807	3380.4134915133804	3385.024188169629	
3385.024188169629	0.4099999999998545	WheelMovementIntervals													0.6422041180034768
3386.3551881696285	0.9739999999997053	WheelMovementIntervals													0.2636806347080949
3387.4234237833875	2.807090268875072	trials	1.0	1.0	1.5	0.25		0.2	3388.654134033389	3388.6540186406023	3389.7304597233897	3388.1787149133884	3388.179748143388	3388.3541881696283	
3388.3541881696283	0.5509999999999309	WheelMovementIntervals													-0.5852768355054536
3389.913188169628	0.9659999999998945	WheelMovementIntervals													-0.4457048904078249
3390.912208203391	7.633234448484927	trials	-1.0	1.0	1.5		0.25	0.2	3396.973235373397	3396.973133174052	3398.045394813398	3391.4957165133915	3391.4967164133914	3396.8181881696273	
3396.8181881696273	0.4290000000000873	WheelMovementIntervals													0.4620513939744342
3398.092188169627	0.6479999999996835	WheelMovementIntervals													0.06899464125051225
3399.235142493399	7.843313786780072	trials	-1.0	1.0	1.5		0.125	0.2	3405.5047821334056	3405.504651915096	3406.5784414234067	3399.8467479933997	3399.8476479034	3405.0831881696263	
3405.0831881696263	0.8350000000000364	WheelMovementIntervals													0.8733043735632009
3406.605188169626	0.8159999999998035	WheelMovementIntervals													0.08819040846810822
3407.772655323408	6.674030417855647	trials	-1.0	1.0	1.5		0.0625	0.2	3412.894476423413	3412.8943763641587	3413.946604533414	3408.2966362534085	3408.2975361634085	3412.7571881696254	
3412.7571881696254	0.4940000000001419	WheelMovementIntervals													0.6776038763132277
3414.0461881696256	1.019999999999527	WheelMovementIntervals													-0.361778512332009
3415.136085573415	9.575639553767815	trials	-1.0	1.0	1.5		0.0625	0.2	3423.136218813423	3423.1361169479587	3424.2117112534243	3415.761822993416	3415.762789563416	3423.0131881696243	
3423.0131881696243	0.6489999999998872	WheelMovementIntervals													0.99030615957696
3424.4961881696245	0.6909999999998035	WheelMovementIntervals													-0.34231206120009006
3425.3992258234252	8.795719596199888	trials	-1.0	1.0	1.5		0.125	0.2	3432.6243365734326	3432.6242394559395	3433.694862843434	3426.079791093426	3426.080691003426	3432.4671881696236	
3432.4671881696236	0.5429999999996653	WheelMovementIntervals													0.6915019092575392
3433.559188169623	0.5770000000002256	WheelMovementIntervals													0.237587389931889
3434.885943723435	8.843613006985834	trials	-1.0	1.0	1.5		1.0	0.2	3442.1536502134422	3442.1535527688866	3443.2295426134433	3435.5296793434354	3435.5305792534355	3441.929188169622	
3441.929188169622	0.41600000000016735	WheelMovementIntervals													0.42742950288962334
3443.3071881696223	1.0989999999997053	WheelMovementIntervals													-0.2326767820465534
3444.4229565934443	7.054923740156937	trials	-1.0	1.0	1.5		0.0625	0.2	3449.9070747934497	3449.906974270095	3450.977801043451	3445.0114310734452	3445.012464303445	3449.7841881696213	
3449.7841881696213	0.6300000000001091	WheelMovementIntervals													1.1159480293895996
3451.0971881696214	0.42299999999977445	WheelMovementIntervals													0.030525031755217924
3452.182080603452	7.463848342321853	trials	-1.0	1.0	1.5		0.0625	0.2	3458.067525333458	3458.0674171449446	3459.145817493459	3452.862679203453	3452.8637124334527	3457.9361881696204	
3457.9361881696204	0.3769999999999527	WheelMovementIntervals													0.554336508565882
3459.1061881696205	0.9259999999999309	WheelMovementIntervals													0.2712569171083743
3460.3413312634602	7.704095827407855	trials	-1.0	-1.0	0.0	0.125		0.8	3465.4732513534655	3465.472427152379	3467.5453774534676	3461.1107209834613	3461.1116208934613	3465.1551881696196	
3465.1551881696196	0.9729999999999563	WheelMovementIntervals													0.8141087419236044
3468.741124533469	2.837712865096364	trials	1.0	1.0	1.5	0.0625		0.8	3470.00643132347	3470.0063293777125	3471.078824073471	3469.3775942134694	3469.3785274534694	3469.606188169619	
3469.606188169619	0.5260000000002947	WheelMovementIntervals													-0.42559764320724014
3470.9821881696193	1.1219999999998436	WheelMovementIntervals													0.3049997917497649
3472.2722380534724	11.72185442790078	trials	-1.0	-1.0	0.0	0.0		0.8	3481.4257226134814	3481.4248789901476	3483.4940490934837	3472.960602543473	3472.961502453473	3481.2601881696182	
3481.2601881696182	0.6979999999998654	WheelMovementIntervals													0.8737380528687311
3483.4221881696176	1.8090000000001965	WheelMovementIntervals													5.537908494747896
3484.7144937034845	3.0128979434562098	trials	1.0	1.0	1.5	0.125		0.8	3486.1598824834864	3486.1597917575455	3487.227342393487	3485.8622122534857	3485.863345473486	3486.0361881696176	
3486.0361881696176	0.4739999999997053	WheelMovementIntervals													-0.7574483696833738
3487.1981881696174	1.1739999999999782	WheelMovementIntervals													-0.5980862870122508
3488.4206897134886	2.791415151399633	trials	1.0	1.0	1.5	0.25		0.8	3489.6450006034897	3489.6448959197423	3490.7119938934907	3489.178713903489	3489.179647143489	3489.3691881696172	
3489.3691881696172	0.36599999999998545	WheelMovementIntervals													-0.3649172199755242
3490.684188169617	1.0590000000001965	WheelMovementIntervals													0.5075269160151947
3491.910107403492	9.068422461596583	trials	-1.0	1.0	1.5		0.0625	0.8	3499.4159234134995	3499.4158251667454	3500.4784838135006	3492.3937257034922	3492.3946256134923	3499.2771881696162	
3499.2771881696162	0.35099999999965803	WheelMovementIntervals													0.5232114804274914
3500.566188169616	0.6189999999996871	WheelMovementIntervals													0.21624489415827952
3501.6877295435015	19.87364184923581	trials	-1.0	-1.0	0.0	0.0625		0.8	3518.984399703519	3518.983263353021	3521.061358653521	3502.2102106235025	3502.2111771935024	3518.803188169614	
3518.803188169614	0.5599999999999454	WheelMovementIntervals													0.5178126972806325
3522.2830698035223	2.611530172311177	trials	1.0	1.0	1.5	0.125		0.8	3523.3302984035236	3523.3301810994076	3524.3944919735245	3522.810083763523	3522.810950343523	3523.0001881696135	
3523.0001881696135	0.6559999999999491	WheelMovementIntervals													-0.49700007802054813
3524.2901881696134	1.4739999999997053	WheelMovementIntervals													-0.2563118201761654
3525.5924055035257	2.7007957670789438	trials	-1.0	1.0	1.5		1.0	0.8	3526.7241923135266	3526.7241028917842	3527.793118743528	3526.193312073526	3526.194278643526	3526.328188169613	
3526.328188169613	0.7010000000000218	WheelMovementIntervals													0.5246065238046071
3527.9921881696127	0.6559999999999491	WheelMovementIntervals													0.14650759231886923
3528.993898653529	11.015828211343432	trials	-1.0	1.0	1.5		0.0625	0.8	3538.4444201735387	3538.444321140106	3539.5096803035394	3529.5775736135297	3529.5785401835296	3538.2361881696115	
3538.2361881696115	0.3690000000001419	WheelMovementIntervals													0.3887712147286777
3539.6231881696117	0.7519999999999527	WheelMovementIntervals													-0.22226583885971252
3540.7236255635407	9.15264600692035	trials	-1.0	1.0	1.5		0.125	0.8	3548.3026675835486	3548.302562003894	3549.3761935535495	3541.2444401435414	3541.2454067135413	3548.179188169611	
3548.179188169611	0.5499999999997272	WheelMovementIntervals													0.99045884607402
3549.5211881696105	0.7339999999999236	WheelMovementIntervals													0.23596943369467738
3550.5819729635505	8.978829791451062	trials	-1.0	-1.0	0.0	0.0625		0.8	3557.007896973557	3557.0068928500896	3559.060691673559	3551.2609383935514	3551.2619382935513	3556.8321881696097	
3556.8321881696097	1.219000000000051	WheelMovementIntervals													0.3921562012140214
3560.2808029835605	2.66329940459309	trials	1.0	1.0	1.5	0.0625		0.8	3561.3686941835613	3561.3686019234915	3562.4440533035627	3560.892541803561	3560.893508373561	3561.150188169609	
3561.150188169609	2.520999999999731	WheelMovementIntervals													-0.6604527503193651
3563.646599703564	2.6623996171324507	trials	1.0	1.0	1.5	1.0		0.8	3564.7343909135648	3564.7342987300653	3565.808916783566	3564.2760034235644	3564.2771366435645	3564.4721881696087	
3564.4721881696087	0.5309999999999491	WheelMovementIntervals													-0.6682638588200263
3566.0341881696086	0.443000000000211	WheelMovementIntervals													0.18819519533298035
3567.009696693567	21.55047186916181	trials	-1.0	-1.0	0.0	0.25		0.8	3586.000564083586	3585.9997582615774	3588.060091443588	3567.5103799535677	3567.5114465135675	3585.7731881696063	
3585.2361881696065	0.15200000000004366	WheelMovementIntervals													-0.01456152083808604
3585.7731881696063	0.3350000000000364	WheelMovementIntervals													0.3682183371874004
3586.3741881696064	0.4490000000000691	WheelMovementIntervals													0.03359009518085543
3589.2852689135893	2.6568989582297036	trials	1.0	1.0	1.5	0.125		0.8	3590.3972910335906	3590.397167640624	3591.4421198735913	3589.92530490359	3589.92620481359	3590.033188169606	
3590.033188169606	0.4519999999997708	WheelMovementIntervals													-0.3412797195688597
3591.416188169606	1.2229999999999563	WheelMovementIntervals													-0.29290277988540936
3592.656865053593	2.603323072107287	trials	-1.0	1.0	1.5		0.125	0.8	3593.715392523594	3593.7152736206813	3594.7601547035947	3593.3768930435936	3593.3778262835935	3593.5281881696055	
3593.5281881696055	0.4459999999999127	WheelMovementIntervals													0.561177744605672
3594.8741881696055	0.7399999999997817	WheelMovementIntervals													-0.245563299935327
3596.3569950035962	11.519343810239207	trials	-1.0	-1.0	0.0	0.0		0.8	3605.3253647436054	3605.3246275522265	3607.3762596336073	3596.808616503597	3596.8094497535967	3605.180188169604	
3605.180188169604	0.7820000000001528	WheelMovementIntervals													0.5224416142506101
3608.5788393636085	2.5812066202365713	trials	1.0	1.0	1.5	0.0625		0.8	3609.5980374336095	3609.5979407929353	3610.6599645636106	3609.2083430736093	3609.2093096436092	3609.413188169604	
3609.413188169604	0.4119999999998072	WheelMovementIntervals													-0.4605553869579637
3610.8341881696037	0.6239999999997963	WheelMovementIntervals													0.1983359304081347
3611.865743973612	2.4607890741849587	trials	1.0	1.0	1.5	1.0		0.8	3612.7653206736127	3612.765239248823	3613.826514543614	3612.4416530436124	3612.4426196136124	3612.6291881696034	
3612.6291881696034	0.375	WheelMovementIntervals													-0.7968453852315349
3613.8281881696034	1.1239999999997963	WheelMovementIntervals													0.2662267800828033
3615.031727343615	21.35959061425092	trials	-1.0	-1.0	0.0	0.0625		0.8	3633.8243812236337	3633.8236053052306	3635.891274513636	3615.7582880136156	3615.759254583616	3628.7611881696016	
3628.7611881696016	0.1950000000001637	WheelMovementIntervals													0.1589834882709198
3633.763188169601	1.0059999999998581	WheelMovementIntervals													1.0013864263675742
3637.113418953637	2.677797125248617	trials	1.0	1.0	1.5	0.25		0.8	3638.243505933638	3638.243416896551	3639.291167823639	3637.775919363638	3637.7769859236378	3637.9751881696006	
3637.9751881696006	0.5500000000001819	WheelMovementIntervals													-0.353924185370289
3639.3231881696006	1.0229999999996835	WheelMovementIntervals													-0.6983024036516241
3640.5082127736405	2.283003155042934	trials	1.0	1.0	1.5	1.0		0.8	3641.238206433641	3641.2381131429197	3642.291167793642	3640.976065983641	3640.977299193641	3641.1111881696006	
3641.1111881696006	0.5409999999997126	WheelMovementIntervals													-0.8793425200947382
3642.4851881696004	0.46499999999969077	WheelMovementIntervals													-0.15678683661086268
3643.4928142836434	2.6165011210869125	trials	1.0	1.0	1.5	1.0		0.8	3644.5521083436447	3644.552013927846	3645.6093026136455	3644.209109313644	3644.2102425336443	3644.3901881696	
3644.3901881696	0.4989999999997963	WheelMovementIntervals													-0.8833572907163472
3645.7671881696	0.7009999999995671	WheelMovementIntervals													0.37132172075702385
3646.7681881696	0.2480000000000473	WheelMovementIntervals													0.04637435228717379
3646.8270141636467	13.865441595632092	trials	-1.0	-1.0	0.0	0.0625		0.8	3658.127417343658	3658.1266464320806	3660.1924108236603	3647.6410994136477	3647.641899333648	3658.0081881695987	
3658.0081881695987	1.4419999999995525	WheelMovementIntervals													3.987435772489306
3661.4188548336615	2.5720326777773153	trials	-1.0	1.0	1.5		0.125	0.8	3662.4321868236625	3662.4320669186923	3663.4908142836634	3662.090754303662	3662.0917208736623	3662.328188169598	
3662.328188169598	0.8049999999998363	WheelMovementIntervals													1.4360707932181072
3663.422188169598	1.0369999999998072	WheelMovementIntervals													0.45284882711901275
3664.694493903665	2.647600005412187	trials	-1.0	1.0	1.5		1.0	0.8	3665.775585783666	3665.775493089287	3666.842045793667	3665.3254308036653	3665.3263307136654	3665.577188169598	
3665.577188169598	0.7880000000000109	WheelMovementIntervals													1.2346193561298833
3666.7681881695976	0.8559999999997672	WheelMovementIntervals													0.8251266527338998
3668.0527913736682	2.5728065608400357	trials	1.0	1.0	1.5	1.0		0.8	3669.054091233669	3669.0539927593604	3670.12548408367	3668.5906709136684	3668.591637483669	3668.9121881695974	
3668.9121881695974	0.36799999999993815	WheelMovementIntervals													-0.6236944883657287
3670.357188169597	0.9540000000001783	WheelMovementIntervals													-0.2840679368503487
3671.3402959236714	2.9837996752526124	trials	1.0	1.0	1.5	1.0		0.8	3672.7593873336727	3672.759294342529	3673.823980863674	3672.3572608836726	3672.3582607836724	3672.506188169597	
3672.506188169597	0.21500000000014552	WheelMovementIntervals													-0.2688338249984099
3673.707188169597	1.0149999999998727	WheelMovementIntervals													0.14723525141167215
3675.037792803675	8.170941912434046	trials	-1.0	-1.0	0.0	0.125		0.8	3680.638832643681	3680.6380208443784	3682.7086923036827	3675.5586740436756	3675.5595739536757	3680.519188169596	
3680.519188169596	1.08199999999988	WheelMovementIntervals													0.8240982959431165
3683.925237303684	2.4666158557456583	trials	1.0	1.0	1.5	1.0		0.8	3684.816448173685	3684.8163423092965	3685.891773963686	3684.4903474536845	3684.4914806736847	3684.6261881695955	
3684.6261881695955	0.36300000000028376	WheelMovementIntervals													-0.4427595181313393
3686.0041881695956	0.4519999999997708	WheelMovementIntervals													0.17547961265275092
3687.0904540836873	2.501511794652288	trials	1.0	1.0	1.5	1.0		0.8	3688.0266604536882	3688.0265573747783	3689.091920583689	3687.6737624136877	3687.6747623136876	3687.825188169595	
3687.825188169595	0.6530000000002474	WheelMovementIntervals													-0.42627627516789346
3689.044188169595	0.8289999999997235	WheelMovementIntervals													0.36621847445397293
3690.31026540369	24.66435852968243	trials	-1.0	-1.0	0.0	0.25		0.8	3712.4138548237124	3712.413016062274	3714.4745487337145	3690.923570733691	3690.924403983691	3712.2891881695928	
3712.2891881695928	1.3359999999997854	WheelMovementIntervals													1.1022720331196183
3715.7252236537156	2.5663077444282862	trials	1.0	1.0	1.5	1.0		0.8	3716.725723593717	3716.7256255031957	3717.7914503437178	3716.4398188537166	3716.4407854237165	3716.581188169592	
3716.581188169592	0.48099999999976717	WheelMovementIntervals													-0.6617462497988527
3717.888188169592	0.8530000000000655	WheelMovementIntervals													-0.5918956173198922
3718.997729703719	2.325599454254643	trials	1.0	1.0	1.5	1.0		0.8	3719.75202093372	3719.7519288781255	3720.823247133721	3719.5064121637197	3719.5074787237195	3719.6381881695916	
3719.6381881695916	0.5390000000002146	WheelMovementIntervals													-1.0941930314005646
3720.8371881695916	0.8289999999997235	WheelMovementIntervals													0.4848202173124889
3722.030626383722	9.660227252099048	trials	-1.0	1.0	1.5		0.0625	0.8	3730.12195050373	3730.121847534396	3731.190843603731	3722.657830323723	3722.6587302337225	3730.0011881695905	
3722.0491881695916	0.15499999999974534	WheelMovementIntervals													-0.05543150536050234
3730.0011881695905	1.9899999999997817	WheelMovementIntervals													2.545625495005865
3732.4245535537325	3.965128653224383	trials	-1.0	-1.0	0.0	0.0625		0.8	3733.825613433734	3733.824662612029	3735.8896070137357	3733.1228503837333	3733.123616973733	3733.4021881695903	
3733.4021881695903	1.3589999999999236	WheelMovementIntervals													0.5242349927985117
3736.70418816959	0.919999999999618	WheelMovementIntervals													2.8194863930659295
3737.120283933737	2.8526094790186107	trials	1.0	1.0	1.5	1.0		0.8	3738.4035889237384	3738.403486848225	3739.4728486537397	3738.140715213738	3738.141548463738	3738.2731881695895	
3738.2731881695895	0.8630000000002838	WheelMovementIntervals													-1.4677122746355167
3739.4961881695895	1.3049999999998363	WheelMovementIntervals													0.42166054704865985
3740.6953930537406	3.1108153580494218	trials	1.0	1.0	1.5	0.25		0.8	3742.227806463742	3742.2277001261436	3743.306165283743	3741.3576934837415	3741.3588600337416	3741.5201881695893	
3741.5201881695893	0.9949999999998909	WheelMovementIntervals													-0.3856785257399764
3743.354188169589	0.8209999999999127	WheelMovementIntervals													0.36314345655306113
3744.5281097437446	10.645929101630372	trials	-1.0	-1.0	0.0	0.125		0.8	3752.6057352337525	3752.6047303046166	3754.6739283937545	3745.1242167937453	3745.1251500337453	3752.482188169588	
3752.482188169588	1.4960000000000946	WheelMovementIntervals													5.519250560130246
3755.9040387037558	2.3866933060312476	trials	1.0	1.0	1.5	0.25		0.8	3756.726723093757	3756.726635707295	3757.7906500237577	3756.4726151737564	3756.4737483937565	3756.6141881695876	
3756.6141881695876	0.7669999999998254	WheelMovementIntervals													-1.4706254871332902
3757.9071881695877	2.712999999999738	WheelMovementIntervals													-1.0912160496370689
3759.017127363759	16.689556417910353	trials	-1.0	-1.0	0.0	0.125		0.8	3773.1371818837733	3773.1363725549286	3775.2066415837753	3761.189276793761	3761.1903100237614	3761.688188169587	
3761.688188169587	0.7149999999996908	WheelMovementIntervals													-0.24545903047776108
3772.918188169586	0.5520000000001346	WheelMovementIntervals													1.2774289422875569
3776.4571831837766	4.216407070203786	trials	1.0	1.0	1.5	0.0625		0.8	3779.1139841437794	3779.1138857483584	3780.1735448437803	3778.5052783537785	3778.5061116037787	3778.6651881695852	
3776.6961881695856	1.182999999999538	WheelMovementIntervals													2.3129881922537976
3778.6651881695852	0.5610000000001492	WheelMovementIntervals													-0.5124231897381719
3780.247188169585	0.6799999999998363	WheelMovementIntervals													-0.38562852969906203
3781.4088879637816	8.796544748226097	trials	-1.0	1.0	1.5		1.0	0.8	3788.639031543789	3788.638923099302	3789.70539156379	3781.888473333782	3781.889406573782	3788.506188169584	
3788.506188169584	0.9379999999996471	WheelMovementIntervals													2.025650898738874
3789.8031881695842	1.7939999999994143	WheelMovementIntervals													3.178718873919834
3790.944534303791	3.2457039196042388	trials	-1.0	1.0	1.5		1.0	0.8	3792.6083345737925	3792.6082347751667	3793.690193043794	3792.2731347637923	3792.2743013137924	3792.4391881695838	
3792.4391881695838	0.5879999999997381	WheelMovementIntervals													0.765982104386822
3793.6921881695835	3.375	WheelMovementIntervals													12.745791379205926
3794.932835433795	4.6222238745208415	trials	1.0	1.0	1.5	0.0		0.8	3797.968665153798	3797.9685491434443	3799.055023173799	3797.5885698337975	3797.589569733798	3797.7141881695834	
3797.7141881695834	0.7219999999997526	WheelMovementIntervals													-0.860046408815748
3799.274188169583	3.000999999999749	WheelMovementIntervals													8.97182603873145
3800.3445608738	4.228503419444678	trials	1.0	1.0	1.5	0.125		0.8	3802.995162453803	3802.9950623903514	3804.073021323804	3802.7062580138027	3802.7071912538026	3802.8961881695827	
3802.8961881695827	2.6349999999997635	WheelMovementIntervals													1.4772536408824521
3805.3255627238054	2.879406539204865	trials	1.0	1.0	1.5	0.0625		0.8	3806.643264273807	3806.643164800923	3807.704924763808	3806.071488123806	3806.0724880238063	3806.1861881695822	
3806.1861881695822	0.95699999999988	WheelMovementIntervals													-0.4300293867829339
3807.658188169582	1.150000000000091	WheelMovementIntervals													0.6085808821582646
3808.9349684138087	9.838040391804952	trials	-1.0	-1.0	0.0	0.125		0.8	3816.2120406338163	3816.2111968084414	3818.272934523818	3810.00649458381	3810.0074611538103	3816.006188169581	
3811.6201881695815	0.13500000000021828	WheelMovementIntervals													-0.04896735854373446
3816.006188169581	1.125	WheelMovementIntervals													1.5475064834052148
3819.5208097238196	3.385421455800497	trials	-1.0	-1.0	0.0	0.125		0.8	3820.34232756382	3820.341314196842	3822.4061544938227	3820.15487964382	3820.1556795638203	3820.2511881695805	
3820.2511881695805	0.6140000000000327	WheelMovementIntervals													2.0155064192441614
3823.6297321238235	2.5416060246707275	trials	1.0	1.0	1.5	0.125		0.8	3824.609334153825	3824.6092336748784	3825.671294613826	3824.104417983824	3824.105284563824	3824.33018816958	
3824.33018816958	0.9539999999997235	WheelMovementIntervals													-1.2604121158778696
3825.8661881695803	0.6659999999997126	WheelMovementIntervals													0.32512317413198843
3826.900938303827	5.103615469247416	trials	1.0	1.0	1.5	0.0625		0.8	3830.4378512438307	3830.437748331028	3831.5045112338316	3827.6227661138278	3827.6235993638275	3830.2981881695796	
3830.2981881695796	0.6359999999999673	WheelMovementIntervals													-1.0502154138068818
3831.5691881695793	0.8820000000000618	WheelMovementIntervals													0.3494123583705573
3832.734954843833	2.6541919281330593	trials	1.0	1.0	1.5	0.0		0.8	3833.8320451238337	3833.8319510943666	3834.889139403835	3833.3225294138333	3833.323529313833	3833.575188169579	
3833.575188169579	0.41899999999986903	WheelMovementIntervals													-0.3875169816248274
3834.996188169579	0.5720000000001164	WheelMovementIntervals													0.7858346358962081
3836.541340833837	2.7298184435462645	trials	1.0	1.0	1.5	1.0		0.8	3837.6899592938375	3837.689847752072	3838.771151163839	3837.2877995138374	3837.2888327438372	3837.5261881695787	
3837.5261881695787	0.5769999999997708	WheelMovementIntervals													-0.4996449827857248
3838.8361881695787	0.6799999999998363	WheelMovementIntervals													-0.2566103605047374
3839.99936166384	4.988526645295224	trials	-1.0	1.0	1.5		1.0	0.8	3843.4142868038434	3843.414177849849	3844.4877794438444	3840.6557960138407	3840.6567959138406	3843.3031881695783	
3843.3031881695783	0.544999999999618	WheelMovementIntervals													1.0287396290622723
3844.585188169578	0.20400000000017826	WheelMovementIntervals													0.19849079715999096
3845.727288813846	2.645098987250549	trials	1.0	1.0	1.5	0.0625		0.8	3846.797281803847	3846.7971875952385	3847.872307623848	3846.3722243138463	3846.3730575638465	3846.586188169578	
3846.586188169578	0.39800000000013824	WheelMovementIntervals													-0.49884670917614926
3847.990188169578	0.19099999999980355	WheelMovementIntervals													-0.06051278704075003
3849.0986849738492	2.62210052488399	trials	1.0	1.0	1.5	1.0		0.8	3850.1491799138503	3850.1490843829256	3851.2207060838514	3849.82101273385	3849.8220126338497	3849.9691881695776	
3849.9691881695776	0.42399999999997817	WheelMovementIntervals													-0.4524098128912044
3851.246188169577	0.40000000000009095	WheelMovementIntervals													0.10571014824995473
3852.4404840938523	13.930263879134145	trials	-1.0	-1.0	0.0	0.125		0.8	3863.823179043864	3863.82213546893	3865.870640943866	3853.005360933853	3853.006327503853	3863.635188169576	
3863.635188169576	1.2599999999997635	WheelMovementIntervals													0.48232575253987875
3867.119749353867	3.050892494656182	trials	1.0	1.0	1.5	0.0		0.8	3868.6232323238687	3868.623144669897	3869.67059424387	3867.7054241138676	3867.706490673868	3867.9631881695755	
3867.9631881695755	1.0889999999999418	WheelMovementIntervals													-0.5640980542568457
3869.7501881695753	0.4090000000001055	WheelMovementIntervals													0.19615391163114282
3870.903937563871	21.282860059465293	trials	-1.0	-1.0	0.0	0.125		0.8	3889.6288982138894	3889.6278886426535	3891.6867257438917	3871.6218324338715	3871.6227656738715	3889.311188169573	
3889.311188169573	1.0429999999996653	WheelMovementIntervals													0.6519064049092265
3890.841188169573	1.1349999999997635	WheelMovementIntervals													0.43177083988337017
3892.956798723893	2.8147102850625743	trials	1.0	1.0	1.5	0.0625		0.8	3894.198407883894	3894.198302819321	3895.2714672338952	3893.6216988938936	3893.6225321438937	3893.7891881695728	
3893.7891881695728	0.7719999999999345	WheelMovementIntervals													-0.6371461996269261
3895.2461881695726	1.643999999999778	WheelMovementIntervals													-0.21333144463525855
3896.5157094638967	31.738813492491317	trials	-1.0	-1.0	0.0	0.0		0.8	3925.715189223926	3925.714211112788	3927.754418613928	3897.3867223538973	3897.3878222438975	3925.5621881695693	
3925.5621881695693	1.1199999999998909	WheelMovementIntervals													0.7498892906826882
3929.046622713929	2.6743953492077708	trials	1.0	1.0	1.5	0.0		0.8	3930.16031133393	3930.1602199445915	3931.2209385939314	3929.5194420939297	3929.5204753239295	3929.763188169569	
3929.763188169569	0.849999999999909	WheelMovementIntervals													-0.4049250930282824
3931.3041881695685	0.81899999999996	WheelMovementIntervals													0.15971796943682648
3932.4646142139327	3.0394198617996153	trials	1.0	1.0	1.5	0.25		0.8	3933.941433183934	3933.9413228921267	3935.003993583935	3933.552872043934	3933.5537719539334	3933.7401881695682	
3932.8481881695684	0.11400000000003274	WheelMovementIntervals													0.04435729335642691
3933.7401881695682	0.6539999999999964	WheelMovementIntervals													-0.7561539975887968
3935.074188169568	0.7909999999997126	WheelMovementIntervals													0.20689853256106971
3936.242236413936	2.8120106244664385	trials	1.0	1.0	1.5	0.0625		0.8	3937.4977441839374	3937.4976402642733	3938.5541385339384	3936.7860486939367	3936.787048593937	3937.210188169568	
3937.210188169568	0.5809999999996762	WheelMovementIntervals													-0.6268270831802738
3938.5161881695676	0.6630000000000109	WheelMovementIntervals													0.5323016521908812
3939.79944732394	2.5047090917073547	trials	1.0	1.0	1.5	1.0		0.8	3940.744752783941	3940.7446496227685	3941.8040801739417	3940.4193186639404	3940.4203518939403	3940.5911881695674	
3940.5911881695674	0.6269999999999527	WheelMovementIntervals													-0.9325654337995672
3941.813188169567	0.54300000000012	WheelMovementIntervals													0.2717221359703217
3943.0435562139432	7.592332039530447	trials	-1.0	1.0	1.5		0.0625	0.8	3949.075352973949	3949.075280078831	3950.13581358395	3943.6525619739436	3943.653661863944	3948.9451881695663	
3948.9451881695663	0.5889999999999418	WheelMovementIntervals													0.8633872387249539
3950.2291881695664	0.5369999999998072	WheelMovementIntervals													0.6170819509887906
3951.3891882339512	29.896263734025524	trials	-1.0	-1.0	0.0	0.25		0.8	3978.716288583979	3978.715243746619	3980.785414983981	3951.853841763952	3951.854874993952	3978.594188169563	
3963.164188169565	0.4139999999997599	WheelMovementIntervals													-0.02588230274977832
3978.594188169563	1.043999999999869	WheelMovementIntervals													0.7309983809471987
3982.085851593982	3.6510235659138743	trials	-1.0	-1.0	0.0	0.0		0.8	3983.1688766139832	3983.1680582827867	3985.236803133985	3982.6364965239827	3982.6375630839825	3982.9601881695626	
3982.9601881695626	1.0720000000001164	WheelMovementIntervals													0.6498919186417709
3986.4898778139864	2.58010351970006	trials	1.0	1.0	1.5	0.0625		0.8	3987.5052762639875	3987.5051780184945	3988.5699031239888	3987.051921603987	3987.052854843987	3987.279188169562	
3987.279188169562	0.3520000000003165	WheelMovementIntervals													-0.37836591039737755
3988.572188169562	0.42399999999997817	WheelMovementIntervals													-0.10133581970430328
3989.81617848399	27.251694034346656	trials	-1.0	-1.0	0.0	0.0		0.8	4014.5068758340144	4014.5060618665966	4016.5677697240167	3990.4017532539906	3990.4028198139904	4014.325188169559	
4014.325188169559	0.9940000000001419	WheelMovementIntervals													0.485549383395238
4015.7341881695593	0.9719999999997526	WheelMovementIntervals													0.6232657761013058
4017.866073214018	3.101988106644967	trials	-1.0	1.0	1.5		0.25	0.8	4019.4008530540195	4019.400765845607	4020.4680129940207	4018.3861212040183	4018.3871877640186	4019.259188169559	
4019.259188169559	0.81899999999996	WheelMovementIntervals													1.3252435931736386
4020.4711881695584	0.7409999999999854	WheelMovementIntervals													-0.45458331778510797
4021.7067557740215	11.679055813377545	trials	-1.0	1.0	1.5		0.0	0.8	4031.8248105340317	4031.824702394304	4032.885704434033	4022.4858778540224	4022.4868110940224	4031.6361881695575	
4031.6361881695575	0.47699999999986176	WheelMovementIntervals													0.5088587879746171
4032.8201881695572	0.9719999999997526	WheelMovementIntervals													0.6677706743897431
4034.142512074034	16.47644106579446	trials	-1.0	1.0	1.5		0.125	0.8	4049.058853624049	4049.0587465352573	4050.11888094405	4034.6509945540347	4034.6519944540346	4048.4701881695555	
4048.4701881695555	1.0900000000001455	WheelMovementIntervals													1.0440384455079652
4050.089188169555	0.8240000000000691	WheelMovementIntervals													0.3727589601525665
4051.4085519640516	22.591860820971306	trials	-1.0	-1.0	0.0	0.25		0.8	4071.4302829240714	4071.429404977253	4073.5003092340735	4052.084084404052	4052.085150964052	4071.259188169553	
4071.259188169553	0.7950000000000728	WheelMovementIntervals													0.6603811325253446
4074.796912894075	27.72118263043012	trials	-1.0	-1.0	0.0	0.0625		0.8	4099.9506639341	4099.949786054264	4102.018023844102	4075.4518473940757	4075.4529139540755	4099.77018816955	
4099.77018816955	1.4169999999994616	WheelMovementIntervals													1.063923125257844
4103.298395794103	3.7191166464426715	trials	-1.0	-1.0	0.0	0.0		0.8	4104.455946694105	4104.455000348987	4106.517440524107	4103.9165006441035	4103.917600534104	4104.246188169549	
4104.246188169549	0.918999999999869	WheelMovementIntervals													0.5317183022114023
4105.952188169549	2.3479999999999563	WheelMovementIntervals													3.3631082066086435
4107.787813474108	17.079847198290736	trials	-1.0	-1.0	0.0	0.125		0.8	4122.293062804122	4122.291851856052	4124.3675553341245	4108.749750604109	4108.750550524109	4122.110188169548	
4122.110188169548	0.907999999999447	WheelMovementIntervals													0.6128875219802978
4123.3191881695475	0.24399999999968713	WheelMovementIntervals													-0.022732887964679094
4125.646760734126	2.7874112371446245	trials	1.0	1.0	1.5	1.0		0.8	4126.858672864127	4126.858564749898	4127.934131974128	4126.299262144126	4126.3000287341265	4126.567188169547	
4126.567188169547	0.36999999999989086	WheelMovementIntervals													-0.33338900381252756
4127.9971881695465	0.9059999999999491	WheelMovementIntervals													0.3769646096201029
4129.195472494129	2.9206126785584274	trials	1.0	1.0	1.5	1.0		0.8	4130.54597076413	4130.545876969206	4131.616030414131	4130.16594210413	4130.167008664131	4130.366188169546	
4130.366188169546	0.6420000000007349	WheelMovementIntervals													-1.3096648304935172
4131.579188169547	0.3919999999998254	WheelMovementIntervals													0.0998781701746907
4132.873784683612	63.06191097957071	trials	0.0	-1.0	0.0	0.25		0.8		4193.43568537845	4177.716719884178	4133.434215244133	4133.435281804133		
4196.770697430277	14.160547926348954	trials	-1.0	-1.0	0.0	1.0		0.8		4208.3683358634535					
4207.754188169538	1.542000000000371	WheelMovementIntervals													0.6974028130031513
4209.744188169538	0.6350000000002183	WheelMovementIntervals													0.15287590300846432
4242.815188169534	0.24899999999979627	WheelMovementIntervals													0.2194334841725265
4263.917188169532	1.2719999999999345	WheelMovementIntervals													-0.45339639032491164
4265.773188169532	1.3699999999998909	WheelMovementIntervals													2.5006029167361135
4267.386188169531	0.26600000000053114	WheelMovementIntervals													0.09791061877967877
4268.8211881695315	0.9699999999993452	WheelMovementIntervals													0.5509754513282132
4270.556188169531	2.857999999999265	WheelMovementIntervals													0.8319122130683354
4275.39618816953	2.081000000000131	WheelMovementIntervals													1.2785600333018863
4278.25118816953	0.42299999999977445	WheelMovementIntervals													0.05178324037640891
4280.70718816953	1.381999999999607	WheelMovementIntervals													-0.5372984252102526
4285.25018816953	0.6129999999993743	WheelMovementIntervals													-0.07989066406406664
4287.103188169529	1.4949999999998909	WheelMovementIntervals													-0.643609393169811
4291.997188169529	2.9819999999990614	WheelMovementIntervals													1.0122575299834011
4295.316188169529	2.021999999999025	WheelMovementIntervals													-1.4144930077605977
4310.128188169527	0.4390000000003056	WheelMovementIntervals													0.1307926035682101
4310.896188169527	1.7839999999996508	WheelMovementIntervals													1.3230422596678295
4316.345188169526	0.5419999999994616	WheelMovementIntervals													0.11117821611955492
4318.511188169526	0.8519999999998618	WheelMovementIntervals													0.33209617815367665
4320.225188169526	0.25	WheelMovementIntervals													0.05589734773008104
4320.786188169525	0.3510000000005675	WheelMovementIntervals													0.1958039759792598
4342.598188169523	3.7369999999991705	WheelMovementIntervals													-0.8992149229927406
4346.901188169522	0.568000000000211	WheelMovementIntervals													-0.11157506180759924
4369.9411881695205	0.8129999999991924	WheelMovementIntervals													0.28483847725789246
4371.90918816952	1.4059999999990396	WheelMovementIntervals													0.2529285359667881
4392.626188169517	0.7490000000007058	WheelMovementIntervals													0.17239829378158333
4395.993188169517	1.332999999999629	WheelMovementIntervals													0.13307404743139273
4405.424188169516	1.4510000000000218	WheelMovementIntervals													-0.29554142154887586
4411.846188169516	0.09699999999975262	WheelMovementIntervals													0.01165039364835252
4413.908188169516	0.23399999999946886	WheelMovementIntervals													0.02356847642531079
4415.819188169515	2.645999999999731	WheelMovementIntervals													-1.5248980024212813
4431.836188169514	1.5499999999992724	WheelMovementIntervals													0.22937518917413513
4433.968188169513	0.9679999999998472	WheelMovementIntervals													0.18227789931611937
4436.275188169513	0.1529999999993379	WheelMovementIntervals													0.06893701027550492
4446.036188169512	0.8559999999997672	WheelMovementIntervals													0.27651876064308567
4457.36018816951	1.6570000000001528	WheelMovementIntervals													0.4333795170468022
4484.367188169507	0.36300000000028376	WheelMovementIntervals													0.014767579894765959
4485.137188169508	0.26299999999991996	WheelMovementIntervals													0.08454248464937564
4489.159188169507	0.12200000000029831	WheelMovementIntervals													0.00500677859193388
4492.434188169506	1.5140000000001237	WheelMovementIntervals													0.2075288249346272
4507.310188169505	0.08399999999983265	WheelMovementIntervals													0.014820925332401202
4507.616188169505	0.3289999999997235	WheelMovementIntervals													0.042509684373044365
4508.602188169505	0.6349999999993088	WheelMovementIntervals													0.879360342318023
4510.097188169505	0.10899999999946886	WheelMovementIntervals													0.0646183581104367
4514.141188169504	0.9480000000003201	WheelMovementIntervals													0.5171127940713234
4518.003188169504	0.16499999999996362	WheelMovementIntervals													0.09505308031080517
4518.560188169504	0.4929999999994834	WheelMovementIntervals													0.3733025671146777
4522.394188169504	1.5679999999993015	WheelMovementIntervals													-0.6975384667010189
4535.202188169502	1.113999999999578	WheelMovementIntervals													-1.850560111347562
4537.092188169502	0.3929999999991196	WheelMovementIntervals													-0.03618288795851754
4551.8181881695	0.5159999999996217	WheelMovementIntervals													1.104589983121258
4564.590188169499	1.7099999999991269	WheelMovementIntervals													-1.2399128345235795
4578.349188169497	0.1999999999998181	WheelMovementIntervals													-0.05369376528534531
4578.951188169497	0.7250000000003638	WheelMovementIntervals													-0.18830373479059404
4609.059188169494	0.28800000000046566	WheelMovementIntervals													-0.04348146036559797
4609.645188169494	1.0299999999997453	WheelMovementIntervals													-0.29975250468214654
4623.969188169493	1.4049999999997453	WheelMovementIntervals													-0.3096212530430478
4649.15118816949	0.11799999999948341	WheelMovementIntervals													0.014866312492415545
4649.67418816949	1.3499999999994543	WheelMovementIntervals													-0.19534010996611073
4665.107188169488	0.49799999999959255	WheelMovementIntervals													0.15971781715421685
4689.407188169485	0.29499999999916326	WheelMovementIntervals													-0.027722551940144058
4696.094188169484	0.0749999999998181	WheelMovementIntervals													-0.008680555369352305
4696.457188169484	0.9650000000001455	WheelMovementIntervals													0.2495830630876128
4714.281188169482	0.8339999999998327	WheelMovementIntervals													0.23518723171810052
4723.958188169481	0.5429999999996653	WheelMovementIntervals													0.2154881995265896
4724.956188169481	0.24700000000029831	WheelMovementIntervals													0.03776719326322109
4725.606188169481	2.081999999999425	WheelMovementIntervals													-0.40017983441660476
4729.629188169481	0.3739999999997963	WheelMovementIntervals													0.048105170318876844
4742.251188169479	1.8739999999997963	WheelMovementIntervals													-1.8183558830342008
4744.5741881694785	0.954000000000633	WheelMovementIntervals													0.9107564424538452
4746.1591881694785	1.1419999999998254	WheelMovementIntervals													-2.1126440465457392
4756.991188169478	0.9769999999998618	WheelMovementIntervals													-0.09447498637436524
4758.363188169477	0.9089999999996508	WheelMovementIntervals													-0.2693962972924737
4794.463188169473	1.8119999999998981	WheelMovementIntervals													-0.1584150110307121
4799.106188169473	0.6049999999995634	WheelMovementIntervals													0.07560274802420963
4822.41618816947	0.19700000000011642	WheelMovementIntervals													0.02402184144531816
4823.058188169471	1.9359999999996944	WheelMovementIntervals													0.16599945549941708
4846.878188169468	1.1589999999996508	WheelMovementIntervals													0.3441052774502964
4864.326188169466	0.6069999999990614	WheelMovementIntervals													0.2603131970327013
4878.721188169464	0.7219999999997526	WheelMovementIntervals													0.05647265181914918
4902.849188169462	0.4329999999999927	WheelMovementIntervals													0.38384079485553
4903.622188169461	0.6970000000001164	WheelMovementIntervals													0.09597921744631321
4913.52118816946	1.2229999999999563	WheelMovementIntervals													-1.0853153873649717
4915.49318816946	2.28899999999976	WheelMovementIntervals													1.212016399770249
4918.30818816946	0.5609999999996944	WheelMovementIntervals													-0.07414454144591787
4941.994188169457	0.0860000000002401	WheelMovementIntervals													0.04995476404883448
4942.896188169457	2.280999999999949	WheelMovementIntervals													-0.46853064757132756
4950.105188169457	2.659999999998945	WheelMovementIntervals													0.6401855596453174
4971.493188169454	3.3809999999994034	WheelMovementIntervals													-1.8989249590951545
5015.433188169449	1.6710000000002765	WheelMovementIntervals													0.17090283961115915
5017.572188169449	1.9299999999993815	WheelMovementIntervals													0.9155400432757403
5072.327188169443	0.42000000000007276	WheelMovementIntervals													0.3392458194036294
5103.23218816944	0.10899999999946886	WheelMovementIntervals													0.014652085450023833
5103.67418816944	4.312999999999192	WheelMovementIntervals													-2.1169387245114137
5108.250188169439	0.12700000000040745	WheelMovementIntervals													-0.012649494842378317
5165.504188169432	0.8320000000003347	WheelMovementIntervals													0.22527299984969318
5195.58418816943	1.6849999999994907	WheelMovementIntervals													-0.17061583647256384
5223.902188169426	0.7649999999994179	WheelMovementIntervals													-0.3726119533232577
5230.110188169426	1.5279999999993379	WheelMovementIntervals													-0.20712637746041196
5233.167188169425	0.16300000000046566	WheelMovementIntervals													-0.014934383005822838
5239.780188169424	0.4390000000003056	WheelMovementIntervals													0.6097128140206678
5240.587188169424	1.0170000000007349	WheelMovementIntervals													0.2933766896385066
5242.112188169424	0.11200000000008004	WheelMovementIntervals													0.027429012543592535
5243.534188169424	1.1739999999999782	WheelMovementIntervals													0.3602540873342548
5248.211188169424	1.2349999999996726	WheelMovementIntervals													0.47928124619363643
5256.787188169423	0.5450000000000728	WheelMovementIntervals													-0.198493226026784
5257.612188169423	0.28099999999994907	WheelMovementIntervals													0.06434740496530367
5266.719188169422	0.10599999999976717	WheelMovementIntervals													-0.016121753122121163
5267.9241881694215	0.8489999999992506	WheelMovementIntervals													0.13918551202974072
5272.312188169421	0.6590000000005602	WheelMovementIntervals													0.32480561251998097
5273.93518816942	0.08800000000064756	WheelMovementIntervals													0.026417148674426016
5282.76418816942	0.8759999999992942	WheelMovementIntervals													0.5978294140253411
5284.805188169419	0.4290000000000873	WheelMovementIntervals													-0.02230135132333544
5295.265188169418	3.2849999999998545	WheelMovementIntervals													2.3383645539136637
5298.958188169418	0.1430000000000291	WheelMovementIntervals													0.106283648918577
5302.344188169417	0.8780000000006112	WheelMovementIntervals													0.472300497182772
5308.082188169416	0.5070000000005166	WheelMovementIntervals													-0.13437303231899023
5309.291188169416	0.16499999999996362	WheelMovementIntervals													0.06897969862774289
5317.547188169416	0.850999999999658	WheelMovementIntervals													-0.16288291925357612
5324.875188169415	0.21500000000014552	WheelMovementIntervals													0.28451073059571286
5325.503188169415	2.113999999999578	WheelMovementIntervals													-0.8843008826644336
5331.914188169414	0.47699999999986176	WheelMovementIntervals													-0.1390487290117619
5348.240188169412	0.8930000000000291	WheelMovementIntervals													-0.3589476646444325
5354.475188169412	0.5739999999996144	WheelMovementIntervals													0.3307376950930916
5366.91218816941	1.024000000000342	WheelMovementIntervals													0.3113022226991973
5375.33918816941	1.3809999999994034	WheelMovementIntervals													-0.42578784936608827
5383.540188169409	0.7059999999992215	WheelMovementIntervals													0.37176359294278427
5388.377188169408	1.7969999999995707	WheelMovementIntervals													0.4334874701596618
5401.439188169406	1.662000000000262	WheelMovementIntervals													-0.928692046418746
5407.626188169406	1.7929999999996653	WheelMovementIntervals													-0.3957740754775898
5410.757188169406	0.4349999999994907	WheelMovementIntervals													0.06255268350224696
5422.082188169405	0.2039999999997235	WheelMovementIntervals													-0.026832669769873974
5422.621188169404	0.5929999999998472	WheelMovementIntervals													0.2499674138288981
5430.365188169403	1.51299999999992	WheelMovementIntervals													-0.7452109078654701
5435.5581881694025	0.5450000000000728	WheelMovementIntervals													0.145810326155555
5436.4111881694025	0.17799999999988358	WheelMovementIntervals													-0.04140121719547096
5443.143188169402	0.6730000000006839	WheelMovementIntervals													0.08040990979208118
5446.505188169402	0.31999999999970896	WheelMovementIntervals													0.06441847048580485
5455.9081881694	0.1640000000006694	WheelMovementIntervals													-0.057540351610072094
5456.2491881694	0.6980000000003201	WheelMovementIntervals													-0.1004726401220637
5457.1811881694	0.2359999999998763	WheelMovementIntervals													0.02009561684747041
5458.022188169401	1.1909999999998035	WheelMovementIntervals													0.6144040879926536
5465.3291881693995	0.5180000000000291	WheelMovementIntervals													0.35862943081727394
5466.6071881694	0.07299999999941065	WheelMovementIntervals													0.02216079561577544
5469.517188169399	0.2250000000003638	WheelMovementIntervals													0.09883274193001057
5473.535188169399	0.6459999999997308	WheelMovementIntervals													0.1887100252020275
5478.381188169398	0.22800000000006548	WheelMovementIntervals													0.0921523510059501
5488.538188169397	0.4600000000000364	WheelMovementIntervals													-0.11731892531278731
5498.419188169396	0.6589999999996508	WheelMovementIntervals													-0.15227932279489664
5512.160188169394	1.1239999999997963	WheelMovementIntervals													0.21361085489013476
5519.051188169394	0.30599999999958527	WheelMovementIntervals													-0.0824562765304222
5519.882188169394	0.6509999999998399	WheelMovementIntervals													-0.07738311369271855
5520.911188169393	0.6999999999998181	WheelMovementIntervals													0.49448321380151583
5530.616188169392	1.0919999999996435	WheelMovementIntervals													-0.6383406726290275
5532.397188169392	1.0339999999996508	WheelMovementIntervals													-0.7307888844441379
5540.3391881693915	0.9139999999997599	WheelMovementIntervals													0.4491412741190004
5551.33918816939	0.39800000000013824	WheelMovementIntervals													0.2361798361895353
5555.53618816939	0.4179999999996653	WheelMovementIntervals													0.13832730976676544
