onset	duration	nwb_table	choice	feedback_type	reward_volume	contrast_left	contrast_right	probability_left	feedback_time	response_time	stim_off_time	stim_on_time	go_cue_time	first_movement_time	peak_amplitude
9.807640756281335	2.052725588334953	trials	-1.0	1.0	1.5		1.0	0.5	10.860467538841647	10.86045001954096	11.954690131961028	10.411979594491529	10.412846173456533	10.669802991931439	
10.669802991931439	3.2230000000000025	WheelMovementIntervals													0.8373232703201487
12.828768338009027	7.910132792562798	trials	-1.0	-1.0	0.0	0.25		0.5	18.739736788266203	18.73889060136534	20.795028783535976	14.211995015957473	14.213128234604017	14.703802991931441	
14.703802991931441	0.5290000000000017	WheelMovementIntervals													-0.12165074995382993
18.553802991931445	1.083000000000002	WheelMovementIntervals													0.40415594355071416
21.07780299193145	0.6839999999999975	WheelMovementIntervals													0.22833439095377098
21.72960086733334	1.7685876776939935	trials	-1.0	1.0	1.5		0.25	0.5	22.49828973925269	22.498297585302208	23.56161545927364	22.31864125381518	22.31967448258115	22.36880299193145	
22.36880299193145	2.4130000000000003	WheelMovementIntervals													1.0157778073894996
24.480589121700916	2.1392168350344605	trials	-1.0	1.0	1.5		0.125	0.5	25.619907150960735	25.619896585447393	26.678333366833385	25.14562181742163	25.14062232339276	25.09580299193145	
25.09580299193145	3.8370000000000033	WheelMovementIntervals													0.8534074030070993
27.574009387086118	3.119817593857647	trials	-1.0	1.0	1.5		0.25	0.5	29.693928175169127	29.693920193813444	30.80854870392631	29.46358482027884	29.443553514203156	29.553802991931455	
29.553802991931455	4.244000000000007	WheelMovementIntervals													4.161529253678486
31.641031119654084	3.911404148429238	trials	-1.0	1.0	1.5		1.0	0.5	34.55253646230868	34.55253421063441	35.6434927193292	34.32815917029286	34.32915906909863	34.46280299193146	
34.46280299193146	1.6970000000000027	WheelMovementIntervals													0.5722576264822816
36.530236310250345	6.071318888743235	trials	-1.0	-1.0	0.0	0.0625		0.5	40.60242418664815	40.60154567940238	42.678480747117845	37.07801420601388	37.07911409470024	37.637802991931466	
37.637802991931466	0.21399999999999864	WheelMovementIntervals													-0.1542380885496053
40.47780299193146	0.659000000000006	WheelMovementIntervals													0.5961239972296744
43.20380299193147	0.3339999999999961	WheelMovementIntervals													-0.20997037485964132
43.624851636823344	3.000129706806426	trials	-1.0	-1.0	0.0	1.0		0.5	44.62568368148338	44.62496068686409	46.70940613279734	44.31131549694783	44.3123487257138	44.53180299193147	
44.53180299193147	0.9979999999999976	WheelMovementIntervals													0.6714898836583352
47.55518720264192	5.145112624954187	trials	-1.0	-1.0	0.0	0.125		0.5	50.70126880513125	50.700294084850945	52.770359403920715	48.06123598824447	48.06230254697063	50.55880299193147	
50.55880299193147	1.8060000000000045	WheelMovementIntervals													1.232830775445236
53.68070060665814	1.9224054439823206	trials	-1.0	1.0	1.5		0.125	0.5	54.60320724486582	54.60320372421812	55.64433521139857	54.22767858337706	54.228545162342066	54.47680299193148	
54.47680299193148	1.926000000000002	WheelMovementIntervals													0.504094912746484
56.54921030066443	2.127618008887474	trials	1.0	1.0	1.5	0.0625		0.5	57.67692950377726	57.67691769309788	58.72758983892506	57.075323722302855	57.07615697130767	57.41580299193148	
57.41580299193148	2.159000000000006	WheelMovementIntervals													-0.3373869140240462
59.63323151727535	2.246605966774652	trials	1.0	1.0	1.5	0.125		0.5	60.87993867827536	60.87993523014861	61.92763264696603	60.33429389996414	60.33512714896895	60.339802991931485	
60.339802991931485	1.908999999999999	WheelMovementIntervals													-0.3295677680327209
62.842340074488675	4.323695756010309	trials	1.0	1.0	1.5	0.0625		0.5	66.16613702472435	66.16613926329435	67.24429457703096	63.32832422405534	63.32942411274169	66.04380299193149	
66.04380299193149	1.9519999999999982	WheelMovementIntervals													-0.41495578069426386
68.12493878523686	4.250736473148962	trials	-1.0	-1.0	0.0	0.0625		0.5	70.37631093631906	70.37565557514331	72.46226649496592	68.62755458493959	68.62835450398421	69.96380299193149	
69.96380299193149	2.6990000000000123	WheelMovementIntervals													0.8155093292397284
73.33977768691373	2.865010048186079	trials	-1.0	-1.0	0.0	0.125		0.5	74.205590062834	74.2047806969569	76.27218091460902	73.92728489522672	73.9282514640723	74.0728029919315	
74.0728029919315	1.1239999999999952	WheelMovementIntervals													0.3785251343047662
77.16079098330096	2.79321731393145	trials	-1.0	-1.0	0.0	0.0625		0.5	77.95487728488698	77.95398868134131	80.01713524183698	77.82729019727013	77.82822343615553	77.8668029919315	
77.8668029919315	0.9040000000000106	WheelMovementIntervals													0.4522517174500278
80.89078015840248	2.285935319801794	trials	1.0	1.0	1.5	0.0625		0.5	82.17681667242964	82.17679537475753	83.2271437079755	81.56044571858995	81.56147894735592	81.88180299193151	
81.88180299193151	2.495999999999995	WheelMovementIntervals													0.5035892492832561
84.12571943476499	2.0151960531582063	trials	1.0	1.0	1.5	0.25		0.5	85.14101668214856	85.14101988505391	86.22913989255271	84.91014004789518	84.91110661674077	85.0228029919315	
85.0228029919315	2.2320000000000135	WheelMovementIntervals													-0.38654814163951645
87.08691974806658	2.176313080728704	trials	1.0	1.0	1.5	0.125		0.5	88.26333402302063	88.26332660019108	89.34709100863958	87.82711150402136	87.82811140282713	88.14380299193151	
88.14380299193151	2.1509999999999962	WheelMovementIntervals													-0.4155054090786523
90.20133788837305	3.879807346166757	trials	1.0	-1.0	0.0		0.0	0.5	92.08204755215458	92.08113938193559	94.15603765509233	90.79367794091395	90.79467783971972	91.56780299193152	
91.56780299193152	1.9620000000000033	WheelMovementIntervals													-0.8201675373985893
95.09354277538664	2.416122144313647	trials	1.0	1.0	1.5	0.0625		0.5	96.50976611392564	96.50975343496414	97.59902254297634	95.56019554804166	95.56129543672802	96.10780299193151	
96.10780299193151	2.6140000000000043	WheelMovementIntervals													-0.8782551221682615
98.47496722679512	1.8975079637185388	trials	1.0	1.0	1.5	0.25		0.5	99.37257638473902	99.37256719604227	100.4100047256904	98.97694975725419	98.97791632609977	99.08480299193151	
99.08480299193151	3.6500000000000057	WheelMovementIntervals													6.195411983063105
101.44026712520039	3.4917132896854355	trials	-1.0	1.0	1.5		0.125	0.5	103.9320816091112	103.9320757045795	105.00897262293047	103.42896586000558	103.42983243897058	103.60280299193153	
103.60280299193153	2.2109999999999985	WheelMovementIntervals													-0.3327412425654419
105.89968247911453	4.105017887187401	trials	1.0	1.0	1.5	0.0		0.5	109.00480156052728	109.00479481408271	110.04349643996599	106.57674729046472	106.57781384919089	108.85880299193153	
108.85880299193153	1.8799999999999955	WheelMovementIntervals													-0.42144226833091203
110.97050262279966	1.8964080750321841	trials	-1.0	1.0	1.5		0.0625	0.5	111.86701189205719	111.86700507037789	112.90990634648014	111.50691500213756	111.5080482207841	111.65180299193153	
111.65180299193153	1.4539999999999935	WheelMovementIntervals													0.4625652033036829
113.84731147689388	3.011228583550519	trials	1.0	-1.0	0.0		0.0	0.5	114.85934238817858	114.85851947551672	116.92669982903803	114.4439177643394	114.44501765302576	114.67680299193152	
114.67680299193152	1.38900000000001	WheelMovementIntervals													-1.2469557377398477
117.82784196276234	2.564707106851756	trials	-1.0	1.0	1.5		0.0625	0.5	119.39261693387927	119.39264139351069	120.44284397954456	118.6048633247298	118.60596321341616	118.52580299193153	
118.52580299193153	2.4200000000000017	WheelMovementIntervals													0.6173372081014268
121.46394064000162	3.573005062594902	trials	-1.0	-1.0	0.0	0.25		0.5	123.03788135017149	123.03694110997628	125.09280671587915	122.03181650176123	122.03058329323412	122.94880299193154	
122.94880299193154	1.2249999999999943	WheelMovementIntervals													0.40758437308836193
126.05164301069664	1.8626114953970045	trials	1.0	1.0	1.5	0.125		0.5	126.91435570031899	126.91434629955056	128.00877827319954	126.59278824438188	126.59385480310803	126.77380299193155	
126.77380299193155	2.717000000000013	WheelMovementIntervals													-0.8754461969031553
128.91785293744965	2.704126330336919	trials	-1.0	1.0	1.5		0.0625	0.5	130.62208046201195	130.62206410590863	131.71077028173937	130.12643062398945	130.12746385275543	130.49080299193156	
130.49080299193156	1.6690000000000111	WheelMovementIntervals													-0.616867351335463
132.62987726400743	3.21700775777893	trials	1.0	-1.0	0.0		0.0625	0.5	133.84772067948074	133.8468783188463	135.94570835375708	133.1929869414595	133.19408683014586	133.60180299193155	
133.60180299193155	1.1510000000000105	WheelMovementIntervals													-0.40069710124955193
136.86548193522898	1.7434235577486845	trials	-1.0	1.0	1.5		1.0	0.5	137.60900668720302	137.6089885813143	138.6762320125665	137.34273363522524	137.3437002040708	137.50380299193156	
137.50380299193156	1.0980000000000132	WheelMovementIntervals													1.3058439620766746
139.58920628215913	2.634700023255988	trials	-1.0	1.0	1.5		0.0625	0.5	141.22400749964046	141.22400620070977	142.31069752175634	140.15168269036755	140.14931626319387	140.41980299193156	
140.41980299193156	2.115000000000009	WheelMovementIntervals													0.39242390697573093
143.22390510107033	1.7512227684337063	trials	-1.0	1.0	1.5		0.125	0.5	143.9752290637294	143.97520869099336	145.04282101865496	143.79264754179493	143.79358078068032	143.87880299193156	
143.87880299193156	1.5109999999999957	WheelMovementIntervals													0.9457523067355318
146.04511958156348	1.810216797974391	trials	-1.0	1.0	1.5		1.0	0.5	146.85543757376323	146.85542516404007	147.92599589514595	146.72668393753966	146.72755051650466	146.73980299193158	
146.73980299193158	1.539999999999992	WheelMovementIntervals													1.5605779945769154
148.82973776576526	1.8810096334232753	trials	-1.0	1.0	1.5		0.25	0.5	149.71084859341389	149.7108399553675	150.77590747136483	149.43760957975587	149.43850948868106	149.62980299193157	
149.62980299193157	1.7120000000000175	WheelMovementIntervals													1.0031602683747174
151.71334593173876	3.1853109656358924	trials	-1.0	-1.0	0.0	0.125		0.5	152.8994592251088	152.8986483045657	154.9955804216144	152.24359226844103	152.24445884740604	152.7948029919316	
152.7948029919316	0.9050000000000011	WheelMovementIntervals													0.4702948737387569
155.91205433702723	4.931834209682478	trials	-1.0	1.0	1.5		0.0	0.5	159.84395641097487	159.84397658711208	160.9091486087666	157.75926739081532	157.76040060946187	159.7068029919316	
156.3318029919316	0.8639999999999759	WheelMovementIntervals													0.4409826097279179
159.7068029919316	1.7169999999999845	WheelMovementIntervals													-0.6861810855309418
161.8358029919316	0.929000000000002	WheelMovementIntervals													0.5006254801199628
161.84798692746858	2.890307487972194	trials	1.0	1.0	1.5	1.0		0.5	163.73839560966613	163.73838984106857	164.82551892126452	163.42952686856233	163.42966018840312	163.6248029919316	
163.6248029919316	1.899000000000001	WheelMovementIntervals													-0.7285816352212429
165.74109292775216	1.9592017200348266	trials	-1.0	1.0	1.5		1.0	0.5	166.70039584201234	166.70039322484075	167.79148541887363	166.35913037960145	166.360263598248	166.53680299193158	
166.53680299193158	1.342000000000013	WheelMovementIntervals													0.4101549650199914
168.68649483992252	2.859010655351426	trials	1.0	1.0	1.5	0.0625		0.5	170.5456066894993	170.54560077596494	171.6384294242906	169.3254635067727	169.32656339545906	170.4278029919316	
170.4278029919316	1.4579999999999984	WheelMovementIntervals													-0.6838419002497176
172.51800707377035	1.8924084798090917	trials	1.0	1.0	1.5	1.0		0.5	173.4105167478048	173.4105087211571	174.5064058389338	173.14231055813585	173.14317713710085	173.0908029919316	
173.0908029919316	1.1699999999999875	WheelMovementIntervals													0.38312242472843394
175.43891146519925	3.1876440628493583	trials	1.0	1.0	1.5	1.0		0.5	177.62662339231377	177.62663216530407	178.69218221966761	177.25889394151005	177.25979385043524	177.4888029919316	
175.7318029919316	0.9679999999999893	WheelMovementIntervals													-1.225444530392588
177.4888029919316	1.2729999999999961	WheelMovementIntervals													0.48598428039242236
179.64675227958048	2.6758958540538913	trials	-1.0	1.0	1.5		0.0	0.5	181.32274932785973	181.3227507304111	182.41737188050143	180.16240009371845	180.16339999252423	181.1828029919316	
181.1828029919316	1.7010000000000218	WheelMovementIntervals													0.6549342287330866
183.31314789063472	1.9317045028760447	trials	1.0	1.0	1.5	0.25		0.5	184.24495358773612	184.24494868603793	185.30877925715996	183.97538086969928	183.97634743854485	184.1358029919316	
184.1358029919316	1.7120000000000175	WheelMovementIntervals													-0.36966277344767917
186.252650399851	4.03732473803646	trials	1.0	1.0	1.5	0.0		0.5	189.29007633211285	189.29006349739183	190.3923314456386	186.9023846438434	186.89398549387488	188.4398029919316	
188.4398029919316	1.7820000000000107	WheelMovementIntervals													-0.42081731604226924
191.29767315434717	1.8813096030649774	trials	-1.0	1.0	1.5		1.0	0.5	192.1790839516375	192.17908277515738	193.27827270882557	191.85871637426732	191.85958295323232	192.0498029919316	
192.0498029919316	1.3940000000000055	WheelMovementIntervals													2.1584300460889487
194.2796047028885	2.570706499686395	trials	1.0	-1.0	0.0		0.25	0.5	194.85351328744295	194.8503057798905	196.9372357387569	194.77525454091096	194.77618777979637	194.72480299193163	
194.72480299193163	1.2769999999999868	WheelMovementIntervals													-1.068769472421696
196.2388029919316	0.7490000000000236	WheelMovementIntervals													0.6686980292395077
197.83631141494928	7.257032222590993	trials	1.0	-1.0	0.0		0.0625	0.5	203.09441260495598	203.09332724903007	205.1583703898758	200.05828654114168	200.05945308974842	200.33180299193162	
198.29680299193163	1.024000000000001	WheelMovementIntervals													-0.4585727619784681
200.33180299193162	0.4159999999999968	WheelMovementIntervals													0.22188028149532713
202.74880299193163	1.1500000000000057	WheelMovementIntervals													-0.6699116099838989
206.1523364627362	2.4863150404790133	trials	1.0	1.0	1.5	0.0625		0.5	207.63875269744057	207.63874121354638	208.69164613992126	207.5122321685499	207.51169888918682	207.48480299193162	
206.24080299193162	0.6220000000000141	WheelMovementIntervals													-0.3956524101773198
207.48480299193162	2.106000000000023	WheelMovementIntervals													-0.6881003215774264
209.66444768805943	2.320898448043721	trials	1.0	1.0	1.5	0.25		0.5	210.9854473303285	210.98544687571015	212.04164043886826	210.4591672588891	210.46030047753564	210.74880299193163	
210.74880299193163	1.9410000000000025	WheelMovementIntervals													-0.3937397251569834
212.97824565023734	4.480413228835403	trials	1.0	1.0	1.5	0.0625		0.5	216.4587600732981	216.45877246222798	217.52488550997523	213.59111695825683	213.59191687730143	216.38080299193163	
216.38080299193163	1.1829999999999927	WheelMovementIntervals													0.5308875889060829
218.48748809029448	2.221708486510863	trials	-1.0	1.0	1.5		0.25	0.5	219.7092644410705	219.70928985164988	220.77482326842434	219.12612345754272	219.12719001626888	219.27280299193163	
219.27280299193163	1.4639999999999986	WheelMovementIntervals													0.8733881220613107
221.73489277176895	2.9605003841375606	trials	1.0	1.0	1.5	1.0		0.5	223.69549435013187	223.69550307946207	224.7580534810684	223.40205738059723	223.40312393932336	223.57080299193163	
222.08580299193164	0.789999999999992	WheelMovementIntervals													-0.7046479538718131
223.57080299193163	1.7210000000000036	WheelMovementIntervals													0.4122532772773564
225.56980299193165	0.18999999999999773	WheelMovementIntervals													-0.04146877591102616
225.7958151216217	1.933004371323534	trials	-1.0	1.0	1.5		0.0625	0.5	226.72892068717059	226.7289160251535	227.81501077000303	226.35702499134283	226.35812488002918	226.62280299193165	
226.62280299193165	1.134999999999991	WheelMovementIntervals													0.5432097378480272
228.73201796477895	2.0773897588773877	trials	1.0	1.0	1.5	0.125		0.5	229.8095089178817	229.8095250499402	230.87460112579285	229.24136641644054	229.2423663152463	229.69280299193164	
229.69280299193164	1.818000000000012	WheelMovementIntervals													-0.8746748796585369
231.82473830100008	3.6658956616513763	trials	1.0	1.0	1.5	0.125		0.5	234.49073515687684	234.49073387148258	235.59095714283086	232.55599762762327	232.55699752642906	234.34080299193164	
234.34080299193164	1.6780000000000257	WheelMovementIntervals													-0.44575608866007776
236.51283051179487	2.3662271939055017	trials	-1.0	1.0	1.5		0.0625	0.5	237.87915889992573	237.8791403228447	238.9410847616186	237.14116692134365	237.14226681003	237.74580299193164	
237.74580299193164	1.8310000000000173	WheelMovementIntervals													0.48444084677299415
239.90505387030575	1.8705106959625937	trials	-1.0	1.0	1.5		0.125	0.5	240.77566576049372	240.7756565214107	241.87192148118484	240.47696265724863	240.4721964729411	240.68380299193166	
240.68380299193166	1.2290000000000134	WheelMovementIntervals													0.4812412567412654
242.78276263332515	2.20021066218672	trials	-1.0	1.0	1.5		1.0	0.5	243.98307448973722	243.98306612211314	245.0769304532945	243.4077327168945	243.40883260558084	243.60680299193166	
243.60680299193166	1.9180000000000064	WheelMovementIntervals													0.939352523619684
245.98447193937574	8.60882874807794	trials	-1.0	-1.0	0.0	0.0		0.5	252.59403635526746	252.5932868422014	254.6575275207446	246.4910206743812	246.49212056306754	247.97180299193167	
247.97180299193167	0.8019999999999925	WheelMovementIntervals													0.1865520181075233
252.50580299193166	1.2350000000000136	WheelMovementIntervals													0.5823980081987621
255.6500937352769	2.15331540819588	trials	1.0	1.0	1.5	0.25		0.5	256.8035103376981	256.80349892296624	257.88780060268016	256.2058041615662	256.206970710173	256.45280299193166	
256.45280299193166	1.9989999999999668	WheelMovementIntervals													0.6197315424362273
258.80360791888916	2.000630860554054	trials	1.0	1.0	1.5	0.125		0.5	259.8043066437084	259.8043167820619	260.8741650359271	259.2741602968867	259.275260185573	259.5698029919316	
259.5698029919316	2.008000000000038	WheelMovementIntervals													0.4027884138635862
261.8231356625276	1.7793865847963843	trials	1.0	1.0	1.5	1.0		0.5	262.6026234415493	262.60263125424774	263.6797477650899	262.3267846909963	262.32788457968263	262.48180299193166	
262.48180299193166	0.9809999999999945	WheelMovementIntervals													-0.37723240978513317
264.6140198792456	2.006530263508182	trials	-1.0	1.0	1.5		0.25	0.5	265.6206513369791	265.62063063627824	266.67404472886267	265.22409147060887	265.22519135929525	265.43980299193163	
265.43980299193163	1.414000000000044	WheelMovementIntervals													0.42123051023650326
267.60205081050213	4.291499014464364	trials	1.0	-1.0	0.0		0.0	0.5	269.89445214258126	269.89356379140304	271.95724337889436	268.21278900106927	268.21248903142754	269.77580299193164	
269.77580299193164	1.511000000000024	WheelMovementIntervals													-0.6470510811888719
272.90448084756486	1.8703773761218372	trials	-1.0	1.0	1.5		0.25	0.5	273.7749594179121	273.7749836594653	274.8405182452659	273.49568768145923	273.4967209102252	273.63580299193166	
273.63580299193166	1.4189999999999827	WheelMovementIntervals													0.5947307472695922
275.7770901266748	2.1758797912462455	trials	1.0	1.0	1.5	0.125		0.5	276.9530711121464	276.9530901259603	278.0416942719534	276.35366510804465	276.35469833681066	276.66880299193167	
276.66880299193167	1.617999999999995	WheelMovementIntervals													-0.8743474388603953
279.06089112467953	1.8888088441082687	trials	1.0	1.0	1.5	1.0		0.5	279.94980116301315	279.94979257688084	281.00719415011986	279.6071691722344	279.607969091279	279.8128029919317	
279.8128029919317	1.2350000000000136	WheelMovementIntervals													-0.3100954620183227
281.978095890527	1.895208196465262	trials	1.0	1.0	1.5	0.25		0.5	282.87340528121763	282.8733978290051	283.9237323167635	282.56063693477137	282.55793720799574	282.74180299193165	
282.74180299193165	1.3000000000000114	WheelMovementIntervals													-0.6119100049914721
284.8803021742879	3.193610125723808	trials	1.0	1.0	1.5	0.0		0.5	287.0740134942371	287.0740056705022	288.18160140139366	285.6426250238105	285.64355826269593	286.7018029919317	
286.7018029919317	1.9730000000000132	WheelMovementIntervals													-0.4014975545766095
289.10540790804885	1.859311829337969	trials	-1.0	1.0	1.5		1.0	0.5	289.96482093161217	289.9648174235653	291.02354711712655	289.60695714902545	289.6078237279904	289.80180299193165	
289.80180299193165	1.6000000000000227	WheelMovementIntervals													0.7498181905709256
292.3622449682578	4.411720180878717	trials	1.0	1.0	1.5	0.25		0.5	295.77403301340166	295.7740533605305	296.87052204381416	292.9055899793158	292.8884583797768	295.44780299193167	
295.44780299193167	2.018000000000029	WheelMovementIntervals													-0.46312647864629497
297.83825743800304	2.5030133505354684	trials	-1.0	1.0	1.5		0.125	0.5	299.34137198276386	299.3413611684109	300.44056073995193	298.50652313986245	298.50735638886727	298.7238029919317	
298.7238029919317	2.3249999999999886	WheelMovementIntervals													0.386335794474455
301.374566214426	2.045792956614946	trials	-1.0	1.0	1.5		0.125	0.5	302.4204603652663	302.42047316473884	303.4566554976906	301.90674568881946	301.90764559774465	302.2688029919317	
302.2688029919317	1.315999999999974	WheelMovementIntervals													0.4398577290090575
304.4652867530356	2.04289325007818	trials	-1.0	1.0	1.5		0.25	0.5	305.50828119733916	305.5082909881334	306.5934713712464	305.2274762827174	305.22860950136396	305.40680299193167	
305.40680299193167	1.0790000000000077	WheelMovementIntervals													1.162596421794488
306.7908029919317	0.08800000000002228	WheelMovementIntervals													-0.028300476884252745
307.6318996110035	1.9248052011162144	trials	1.0	1.0	1.5	1.0		0.5	308.55677267638487	308.5567989914896	309.62309809282317	308.10645158422415	308.1072515032688	308.3848029919317	
308.3848029919317	1.2730000000000246	WheelMovementIntervals													-0.28661757229061813
310.6059986188996	2.3230982254164587	trials	1.0	1.0	1.5	1.0		0.5	311.9291980385414	311.9292079499485	312.98995735162754	311.55943546016596	311.5605353488523	311.8128029919317	
310.6068029919317	0.26499999999998636	WheelMovementIntervals													0.1816497352241253
311.8128029919317	1.1040000000000418	WheelMovementIntervals													-0.3633833051195232
313.99302250362047	5.1415129892533855	trials	1.0	1.0	1.5	0.0		0.5	318.1346366870992	318.13462737668385	319.22339316674703	314.756378581909	314.75747847059534	317.7888029919317	
317.7888029919317	2.073000000000036	WheelMovementIntervals													-0.9198007980140464
320.1888287936826	2.162114517686746	trials	-1.0	1.0	1.5		0.0625	0.5	321.3510445055947	321.35103294754856	322.43936769576	320.65638147526283	320.6573813740686	321.1878029919317	
321.1878029919317	1.674000000000035	WheelMovementIntervals													0.49023762542205596
323.3701401640954	1.9204056463707957	trials	-1.0	1.0	1.5		0.25	0.5	324.29064700469155	324.29064739277715	325.3397075017501	323.9062859037518	323.90735246247795	324.1388029919317	
324.1388029919317	1.4510000000000218	WheelMovementIntervals													0.9321469954909123
326.4174650945344	3.1879107025308713	trials	-1.0	1.0	1.5		0.0625	0.5	328.60544366133047	328.60546742832713	329.6728356364949	326.923347230336	326.92231400157004	328.22380299193173	
328.22380299193173	1.9389999999999645	WheelMovementIntervals													-0.4001904939363321
330.6545696139646	6.218803962595018	trials	-1.0	1.0	1.5		0.125	0.5	335.873474770785	335.87348987141576	336.9762631636738	331.29430486989924	331.29523810878464	335.28380299193174	
335.28380299193174	2.2509999999999764	WheelMovementIntervals													0.44058792878430886
337.9596969691134	2.0040971764141204	trials	-1.0	1.0	1.5		1.0	0.5	338.96389533975287	338.96390103331413	340.02278817506823	338.639428177279	338.64046140604495	338.8328029919317	
338.8328029919317	1.507000000000005	WheelMovementIntervals													0.9530169283847343
341.1267097866036	1.8407137115505066	trials	-1.0	1.0	1.5		0.125	0.5	341.9674913624193	341.96751245979704	343.0225512523125	341.7012516404017	341.70208488940654	341.87480299193174	
341.87480299193174	1.0699999999999932	WheelMovementIntervals													0.7605502022944677
344.0007189240417	3.8635089956326283	trials	-1.0	-1.0	0.0	0.25		0.5	345.86503024740847	345.8642186685777	347.97218366073776	344.59219239761757	344.58872608175756	345.6768029919317	
345.6768029919317	1.3000000000000114	WheelMovementIntervals													0.582989287758112
348.93801924719565	2.0099299194478135	trials	-1.0	1.0	1.5		1.0	0.5	349.94801703090866	349.948027461136	351.03917326769033	349.65594658974186	349.65697981850786	349.8668029919317	
349.8668029919317	1.7590000000000146	WheelMovementIntervals													1.5962978419292888
351.9958431150953	2.0009974901162195	trials	-1.0	1.0	1.5		0.25	0.5	352.99694179943685	352.9969404949353	354.0556346549911	352.58924972636237	352.5902829551283	352.79280299193175	
352.79280299193175	1.9300000000000068	WheelMovementIntervals													0.7604181806087666
355.03883515070925	4.804547091707377	trials	1.0	1.0	1.5	1.0		0.5	358.84345010668176	358.8434573772596	359.90564260805616	355.67113782552093	355.6722377142073	358.50480299193174	
358.50480299193174	1.399000000000001	WheelMovementIntervals													-0.3522658133728136
360.95526971443803	2.4632173780656217	trials	-1.0	1.0	1.5		0.125	0.5	362.418588286729	362.41857546449955	363.50104540390043	361.6590984838228	361.6584985445393	362.31180299193176	
362.31180299193176	1.8729999999999905	WheelMovementIntervals													-0.48539180903210877
364.4428834190198	4.842909875888893	trials	-1.0	-1.0	0.0	0.0		0.8	367.2867622724438	367.28579915034356	369.3388212615749	365.08885137751037	365.0897846163958	367.1738029919317	
367.1738029919317	1.4560000000000173	WheelMovementIntervals													0.4474308958309674
370.37641625232726	1.9738002425991112	trials	1.0	1.0	1.5	1.0		0.8	371.3503176891517	371.35031370020255	372.4390408388394	371.0370160633424	371.0380492921083	371.2198029919318	
371.2198029919318	3.315999999999974	WheelMovementIntervals													-0.6821784282423842
373.4195082778218	2.830313559625665	trials	-1.0	1.0	1.5		1.0	0.8	375.24992303167284	375.24992231652027	376.3055495308893	374.95541950341203	374.9563194123372	375.10980299193176	
375.10980299193176	1.589999999999975	WheelMovementIntervals													0.5986184749494949
377.3996388041679	2.050592470882634	trials	1.0	1.0	1.5	0.25		0.8	378.45033246927596	378.4503332581596	379.53292290628815	378.0019445148064	378.00294441361217	378.24980299193174	
378.24980299193174	1.3389999999999986	WheelMovementIntervals													-0.3950279116718587
380.51662335140924	2.1477159748835106	trials	1.0	1.0	1.5	1.0		0.8	381.66444052051816	381.66442729741823	382.7568966257473	380.98870890757564	380.9895754865406	381.1548029919318	
381.1548029919318	2.48599999999999	WheelMovementIntervals													-1.2092663298374084
383.71163333546116	2.1117196178756217	trials	-1.0	1.0	1.5		0.25	0.8	384.82345414756213	384.823437370005	385.8968788455214	384.3718998468743	384.37283308575974	384.5368029919318	
384.5368029919318	1.98599999999999	WheelMovementIntervals													0.9665260027820537
386.8817458392492	4.0185266404879485	trials	1.0	1.0	1.5	0.125		0.8	389.9003736739625	389.9003576874872	390.9808643234826	387.37189623383995	387.3727961427652	389.53080299193175	
389.53080299193175	1.6690000000000396	WheelMovementIntervals													-0.6715965765413472
391.96436478884254	4.268634661772296	trials	1.0	1.0	1.5	1.0		0.8	395.2331006448402	395.2330810994585	396.3178241993047	392.4552151125973	392.4560816915623	395.0798029919318	
395.0798029919318	1.315999999999974	WheelMovementIntervals													-0.7340644373917318
397.30049141565985	6.21943723183864	trials	1.0	1.0	1.5	0.25		0.8	402.52002984172384	402.5200096668656	403.58842171569404	397.905163553472	397.9063634320389	402.13580299193177	
402.13580299193177	2.134999999999991	WheelMovementIntervals													-0.32912579858469293
404.6229170201485	1.9153061624613201	trials	1.0	1.0	1.5	1.0		0.8	405.5383243768352	405.5383261455758	406.60494976291517	405.1167337103604	405.11790025896715	405.32180299193175	
405.32180299193175	3.2250000000000227	WheelMovementIntervals													0.6050583347278149
407.61224781985254	2.7228910979253556	trials	-1.0	1.0	1.5		0.25	0.8	409.33524011200325	409.3352524258221	410.3882002144043	408.9837090218531	408.9845089408977	409.09280299193176	
409.09280299193176	3.333000000000027	WheelMovementIntervals													1.099649198657703
411.47255713930673	8.450111477641315	trials	-1.0	-1.0	0.0	0.25		0.8	417.9233709548016	417.9226683049786	419.9879953389253	415.10068995606	415.1017565147862	417.80880299193177	
413.10280299193175	1.2590000000000146	WheelMovementIntervals													1.0367592798930936
417.80880299193177	1.233000000000004	WheelMovementIntervals													-0.8303384772300895
421.187373956452	1.8409136913116413	trials	-1.0	1.0	1.5		1.0	0.8	422.02838884198906	422.0283757055371	423.1226114351084	421.7236530159491	421.72465291475487	421.9278029919318	
421.9278029919318	2.223000000000013	WheelMovementIntervals													1.5194574802534309
424.09197999734675	2.6925275041899113	trials	1.0	1.0	1.5	0.0625		0.8	425.784608695762	425.7845867258583	426.8726319162856	425.32135557904667	425.32225548797186	425.2258029919318	
424.5478029919318	0.3369999999999891	WheelMovementIntervals													-0.0321436452469932
425.2258029919318	1.8389999999999986	WheelMovementIntervals													-0.5500076426901561
427.89499511523	2.134517310647311	trials	-1.0	1.0	1.5		0.25	0.8	429.0296136201027	429.0295981664034	430.0878398562142	428.5046000871506	428.5055666559962	428.7668029919318	
428.7668029919318	1.725999999999999	WheelMovementIntervals													0.5215736770664581
431.1034037432793	5.2418361694328155	trials	1.0	1.0	1.5	0.0625		0.8	435.34534110693744	435.34531947792067	436.40436726209356	431.829563585993	431.8304968248784	434.8868029919318	
434.8868029919318	1.920000000000016	WheelMovementIntervals													-0.5116831133571633
437.4578273138975	2.46161753997643	trials	-1.0	1.0	1.5		0.0625	0.8	438.9195460480993	438.91952961915126	440.0028697442357	438.17552134672235	438.17642125564754	438.8058029919318	
438.8058029919318	1.8810000000000286	WheelMovementIntervals													0.5011533555858332
441.01553392476404	6.8550395727094156	trials	1.0	1.0	1.5	0.25		0.8	446.8706746916988	446.87065615410273	447.9374667275798	441.68773256192617	441.68869913077174	446.5708029919318	
446.5708029919318	1.4710000000000036	WheelMovementIntervals													-0.30676650787888526
448.9519640559187	1.942636729819185	trials	-1.0	1.0	1.5		0.0625	0.8	449.8946686500031	449.89467342533777	450.98542492726244	449.5744343924736	449.57530097143865	449.7688029919318	
449.7688029919318	1.941000000000031	WheelMovementIntervals													-0.48818292210493475
451.96009295317134	6.8626054736731135	trials	1.0	1.0	1.5	0.25		0.8	457.8227996210698	457.82281312440387	458.9253880341975	452.65415604421975	452.6552559329061	457.4228029919318	
457.4228029919318	1.8210000000000264	WheelMovementIntervals													-0.38159489006842584
459.9078029919318	0.13999999999998636	WheelMovementIntervals													-0.03411693798846471
459.92352035208194	3.419520595908523	trials	-1.0	1.0	1.5		0.125	0.8	462.3431088122556	462.3431254776388	463.43133201254034	460.70397469994924	460.7047746189939	460.91380299193185	
460.91380299193185	3.176999999999964	WheelMovementIntervals													-0.9546068542066326
464.4304308992704	3.925802691232377	trials	1.0	1.0	1.5	0.25		0.8	467.3563347847281	467.3563385589165	468.4205270837141	464.93727960391755	464.9383794926039	466.6698029919318	
466.6698029919318	2.535000000000025	WheelMovementIntervals													-0.6845205251279349
469.5770433724332	8.091747745651674	trials	1.0	1.0	1.5	0.0		0.8	476.66885898235006	476.6688721150178	477.72028590658226	470.0982906198835	470.09932384864953	476.13180299193186	
476.13180299193186	0.7899999999999636	WheelMovementIntervals													-0.3595515576106152
477.49780299193185	0.8319999999999936	WheelMovementIntervals													-0.3758342409998541
478.76088059375195	4.925101557723565	trials	1.0	1.0	1.5	0.25		0.8	482.68608334570087	482.6860948183216	483.7682071632704	479.372285383523	479.37085219523465	482.32380299193187	
482.32380299193187	1.8799999999999955	WheelMovementIntervals													0.7306442967955391
484.8025024879637	2.6207014399751074	trials	-1.0	1.0	1.5		0.25	0.8	486.42330512216415	486.42331398458566	487.5222272396707	485.3370150595706	485.338114948257	486.31480299193186	
486.31480299193186	1.663000000000011	WheelMovementIntervals													0.528531865805931
488.49602868661464	1.9911984818195947	trials	1.0	1.0	1.5	1.0		0.8	489.4873283626596	489.4873251759257	490.58515059147976	489.1035672010033	489.1043671200479	489.35780299193186	
489.35780299193186	2.048000000000002	WheelMovementIntervals													-0.6178962512511568
491.5678178078349	6.042921762659262	trials	1.0	1.0	1.5	0.25		0.8	496.6108407647195	496.61084728858094	497.6867985396534	492.05353531772005	492.0546685363666	496.14980299193184	
496.14980299193184	2.5790000000000077	WheelMovementIntervals													-0.4045088829387531
498.7295596742356	5.593500579423733	trials	-1.0	-1.0	0.0	1.0		0.8	502.3238625813935	502.32307143509286	504.4140510449848	499.29886872428347	499.2999019530494	502.1698029919319	
502.1698029919319	2.9710000000000036	WheelMovementIntervals													-0.6645439916061742
505.4295816020897	2.112786176601844	trials	1.0	1.0	1.5	0.25		0.8	506.5424689729169	506.5424844784217	507.6031282961224	506.0366201670755	506.0374867460405	505.9528029919319	
505.9528029919319	2.703999999999951	WheelMovementIntervals													0.5889739121388198
508.63159087778206	6.175008394902079	trials	1.0	1.0	1.5	0.125		0.8	513.8067004669094	513.8067110024426	514.8697595472489	509.4370426957937	509.4381092545199	513.6688029919319	
513.6688029919319	2.5989999999999327	WheelMovementIntervals													1.2065471833011472
515.9362182835279	4.684392585213459	trials	1.0	1.0	1.5	0.0		0.8	519.6207120629667	519.6207276769658	520.7060022267544	516.8530254985427	516.8539920673883	519.5158029919319	
519.5158029919319	1.774000000000001	WheelMovementIntervals													-0.44089797503756323
521.7191330267256	4.684125945531832	trials	1.0	1.0	1.5	0.25		0.8	525.4033268365226	525.40333400982	526.4879170711463	522.4529920902437	522.4539253291291	524.6688029919319	
524.6688029919319	2.3640000000000327	WheelMovementIntervals													-0.9343895236603466
527.6321346045545	2.068423999585548	trials	-1.0	1.0	1.5		0.25	0.2	528.7006597983655	528.7006398806708	529.7695849516987	528.1195186124492	528.120518511255	528.5278029919319	
528.5278029919319	1.4349999999999454	WheelMovementIntervals													0.5259824995709206
530.7631510650368	1.9073069720151352	trials	-1.0	1.0	1.5		0.25	0.2	531.6705592312773	531.6705598161349	532.7699146382663	531.3678565328091	531.3577908848309	531.5578029919319	
531.5578029919319	1.94399999999996	WheelMovementIntervals													-1.160090192165005
533.7792791527356	1.8894087833917865	trials	-1.0	1.0	1.5		0.125	0.2	534.6687891303527	534.6687783529574	535.7628450736711	534.33585615799	534.3367560669152	534.5278029919319	
534.5278029919319	2.9559999999999036	WheelMovementIntervals													-0.921560181698494
536.7601774725109	4.96023133576648	trials	1.0	-1.0	0.0		0.0	0.2	539.7213444558523	539.720386600279	541.8367970292696	538.1527698692735	538.1537031081589	539.1878029919319	
539.1878029919319	1.23599999999999	WheelMovementIntervals													-0.918485118099496
542.8426952278788	2.3328305737926485	trials	1.0	1.0	1.5	0.125		0.2	544.1755936659366	544.1756031837041	545.2525513396763	543.402705219033	543.4036384579184	543.7368029919319	
543.7368029919319	1.6240000000000236	WheelMovementIntervals													-0.9485210200273766
546.2546165928635	2.13641711837829	trials	-1.0	1.0	1.5		0.0625	0.2	547.3911015755069	547.3911191070329	548.5038222965331	547.0327711734775	547.0335710925222	547.2788029919319	
547.2788029919319	1.7309999999999945	WheelMovementIntervals													-0.6233942059353432
549.4778237232382	1.9029074172697165	trials	-1.0	1.0	1.5		0.25	0.2	550.3808323347333	550.3808230742402	551.4525572047228	550.069097217053	550.0698638061374	550.2358029919319	
550.2358029919319	1.413000000000011	WheelMovementIntervals													0.4552341986345021
552.4633215775201	2.392124572975149	trials	-1.0	1.0	1.5		0.0625	0.2	553.8555473447205	553.8555256846874	554.9357380245989	553.0857252541547	553.0731598591622	553.7608029919319	
553.7608029919319	1.4060000000000628	WheelMovementIntervals													0.6284708868658591
555.9933309914668	1.8415136305951592	trials	-1.0	1.0	1.5		0.25	0.2	556.8349458162872	556.8349416796547	557.9387341079819	556.5587404361721	556.5464750108213	556.7268029919319	
556.7268029919319	1.3460000000000036	WheelMovementIntervals													1.32803345978156
558.9197681562875	4.857208428811532	trials	1.0	-1.0	0.0		0.0	0.2	561.7777122529128	561.7769667083231	563.8522023052535	559.552370800741	559.553404029507	561.440802991932	
561.440802991932	1.0069999999999482	WheelMovementIntervals													-0.9149957712568124
564.8682661417215	2.053125547857235	trials	-1.0	1.0	1.5		1.0	0.2	565.9214928838041	565.9214724983831	567.0186485134204	565.6676519069781	565.6629857125512	565.8128029919319	
565.8128029919319	2.0529999999999973	WheelMovementIntervals													0.6383341398337516
567.9858839582065	1.9121064862828234	trials	-1.0	1.0	1.5		1.0	0.2	568.8980916387146	568.8980922440913	569.9686499600974	568.6354515523979	568.6362848014027	568.791802991932	
568.791802991932	1.1340000000000146	WheelMovementIntervals													1.386760118133319
570.9992123292491	4.559105264849904	trials	-1.0	1.0	1.5		0.0	0.2	574.5584187883243	574.5584090466206	575.6666066347643	571.5335915810152	571.521592795346	571.800802991932	
571.800802991932	0.6359999999999673	WheelMovementIntervals													-0.2299346186590414
572.944802991932	0.6419999999999391	WheelMovementIntervals													0.27930583910365225
574.391802991932	1.3339999999999463	WheelMovementIntervals													1.0439162558246942
576.6599061084208	1.8346143288353005	trials	-1.0	1.0	1.5		1.0	0.2	577.4946216314816	577.494616117049	578.5685462788437	577.2185829011673	577.2195161400527	577.391802991932	
577.391802991932	1.37399999999991	WheelMovementIntervals													0.6961479583847892
579.5958423118966	4.771217131514845	trials	-1.0	1.0	1.5		0.0	0.2	583.3671273076766	583.3671474489392	584.4352525419653	580.1675511190783	580.1684843579637	583.275802991932	
583.275802991932	1.2679999999999154	WheelMovementIntervals													1.1054116603619235
585.4554492934972	2.830313559625665	trials	-1.0	1.0	1.5		0.0	0.2	587.2858640473481	587.2858505672838	588.3519228241049	586.1765096523014	586.1594113827226	587.1638029919319	
587.1638029919319	3.711999999999989	WheelMovementIntervals													0.5700606408111817
589.3808520252072	8.396450241731372	trials	1.0	1.0	1.5	0.25		0.2	596.777403461164	596.7773976026294	598.1184344095087	591.6064601170606	591.5986609063756	596.353802991932	
596.353802991932	1.3840000000000146	WheelMovementIntervals													-0.2738590433660333
598.068802991932	1.31899999999996	WheelMovementIntervals													3.4568207914656
599.00521133039	2.3226982658941324	trials	-1.0	1.0	1.5		0.25	0.2	600.3280107905096	600.3280057926646	601.3850038180939	599.9414165822368	599.9422165012815	600.185802991932	
600.185802991932	1.7910000000000537	WheelMovementIntervals													-0.7208210137766162
602.4409969468725	1.951035879787696	trials	-1.0	1.0	1.5		0.125	0.2	603.3921006909253	603.3921043172483	604.4515601355639	603.0444025461973	603.0451691352818	603.252802991932	
603.252802991932	1.2240000000000464	WheelMovementIntervals													0.5658652788196861
605.4912215838482	6.633628647150772	trials	-1.0	-1.0	0.0	1.0		0.2	610.1257525486137	610.1248321407656	612.2213404657562	606.035399843911	606.0364664026372	610.0088029919319	
610.0088029919319	1.2570000000000618	WheelMovementIntervals													-0.5514927758914272
613.2316382191109	1.906307073209291	trials	-1.0	1.0	1.5		0.25	0.2	614.1380464865456	614.138047123536	615.224303219179	613.7513189584322	613.7523521871981	614.035802991932	
614.035802991932	1.1240000000000236	WheelMovementIntervals													0.5965306903530827
616.2248686241575	2.0021973686831416	trials	-1.0	1.0	1.5		0.25	0.2	617.2271671870659	617.2271638898795	618.3092910046355	616.7180520451257	616.7189852840111	616.968802991932	
616.968802991932	1.2999999999999545	WheelMovementIntervals													0.404799936395305
619.344652888055	1.7312247923181303	trials	-1.0	1.0	1.5		1.0	0.2	620.0759788745985	620.0759553470865	621.1693015587927	619.8012400127318	619.8022732414978	619.9848029919319	
619.9848029919319	1.636000000000081	WheelMovementIntervals													0.8865842572487619
622.2040635029286	4.674726896757647	trials	-1.0	-1.0	0.0	0.125		0.2	624.8795260675	624.8787848590168	626.9652149864654	622.9346229003878	622.9355561392732	624.784802991932	
624.784802991932	1.0069999999999482	WheelMovementIntervals													1.2313731323230712
627.020802991932	0.7719999999999345	WheelMovementIntervals													0.6778170310908997
628.004409815307	2.3214983873270967	trials	-1.0	1.0	1.5		0.125	0.2	629.3260093968595	629.3260041157216	630.4170989737207	628.7345359232836	628.735469162169	629.228802991932	
629.228802991932	0.9759999999999991	WheelMovementIntervals													0.6764106598695534
631.4549939341149	9.573064496446591	trials	1.0	1.0	1.5	0.125		0.2	640.0281262948266	640.0281280610966	641.0842194134858	631.917847091308	631.9187803301933	639.380802991932	
639.380802991932	3.867999999999938	WheelMovementIntervals													-1.109878054804721
642.2201377868059	3.128116753945619	trials	-1.0	1.0	1.5		0.25	0.2	644.348355734977	644.3483562349812	645.4301129229843	643.9851591587594	643.9862923774059	644.215802991932	
644.215802991932	0.9839999999999236	WheelMovementIntervals													0.4890123352257003
645.405802991932	0.39800000000002456	WheelMovementIntervals													-0.02971292705940698
646.4765736831479	7.666924073038217	trials	-1.0	1.0	1.5		0.125	0.2	653.1435989504114	653.1435765284884	654.200791957757	646.9341273766703	646.9348939657548	652.240802991932	
652.240802991932	1.77800000000002	WheelMovementIntervals													1.2281256226519872
655.3222784583138	1.9009076196581418	trials	-1.0	1.0	1.5		1.0	0.2	656.2232872721974	656.2232870109768	657.2838799354824	655.9010198870961	655.9021197757825	656.080802991932	
656.080802991932	1.4629999999999654	WheelMovementIntervals													0.7179794871017169
658.3335070418643	1.8161162009284908	trials	-1.0	1.0	1.5		1.0	0.2	659.149691107058	659.1497079793133	660.2350146008059	658.8850178931694	658.8860844518956	659.048802991932	
659.048802991932	1.1589999999999918	WheelMovementIntervals													0.9678907595772142
661.2743094195281	2.0295945959613846	trials	-1.0	1.0	1.5		0.125	0.2	662.3040052097149	662.3040137926278	663.383995909832	661.9673392818105	661.9683725105765	662.199802991932	
662.199802991932	1.5880000000000791	WheelMovementIntervals													1.2350056672823992
664.4353228441837	4.094518949726762	trials	-1.0	-1.0	0.0	0.125		0.2	666.5306441216446	666.5298234839762	668.5838363294223	665.1839470800671	665.1849803088331	666.413802991932	
666.413802991932	1.1789999999999736	WheelMovementIntervals													0.5800168489347062
669.6893244490867	1.8511126591306493	trials	-1.0	1.0	1.5		0.125	0.2	670.5405383024427	670.5405335410197	671.6359274441688	670.215937820128	670.2169043889736	670.443802991932	
670.443802991932	1.1270000000000664	WheelMovementIntervals													1.0336486178197326
672.6685562708525	2.085988888607062	trials	-1.0	1.0	1.5		0.25	0.2	673.7546463536848	673.7546597251226	674.8539017707933	673.3004589861418	673.3015588748282	673.575802991932	
673.575802991932	1.4789999999999281	WheelMovementIntervals													0.5257591458850612
675.8618664269345	1.9265050290860017	trials	-1.0	1.0	1.5		0.25	0.2	676.7884726502459	676.7884634824376	677.8503651819785	676.4669051943088	676.4678384331942	676.668802991932	
676.668802991932	1.1639999999999873	WheelMovementIntervals													0.5907838167081856
678.922256701769	2.843912183384191	trials	-1.0	1.0	1.5		0.0	0.2	680.7662700793786	680.7662626680794	681.8168970845662	679.4549361255654	679.4558027045304	680.660802991932	
680.660802991932	1.2180000000000746	WheelMovementIntervals													1.044179700459182
682.176802991932	0.05200000000002092	WheelMovementIntervals													-0.00805935579214001
683.0713701262911	2.607236136057395	trials	-1.0	1.0	1.5		0.0625	0.2	684.6787074565738	684.6786787358212	685.7638309705607	683.5668866444728	683.5677532234378	684.5848029919321	
684.5848029919321	1.3059999999999263	WheelMovementIntervals													1.079310502316977
686.8250902330497	1.9181058791174337	trials	-1.0	1.0	1.5		1.0	0.2	687.7432973063925	687.7432971585106	688.8001903440963	687.4001986961711	687.4010319451759	687.6178029919321	
687.6178029919321	2.144999999999982	WheelMovementIntervals													1.6890000997022057
689.890313352112	1.8973079839573757	trials	-1.0	1.0	1.5		0.25	0.2	690.7877225302948	690.7877119969994	691.8837782712247	690.4837866232995	690.4846532022644	690.6808029919321	
690.6808029919321	1.5720000000000027	WheelMovementIntervals													1.458316037878518
692.8995088080908	2.0104298688506788	trials	-1.0	1.0	1.5		0.125	0.2	693.9100398711669	693.9100124382912	694.9667662590697	693.4833830507428	693.484282959668	693.765802991932	
693.765802991932	1.5780000000000882	WheelMovementIntervals													0.4741417960252754
696.0707212005652	7.933630414498566	trials	1.0	-1.0	0.0		0.0	0.2	702.005153942798	702.0043517559419	704.1007418599404	696.8547751841334	696.8555417732177	701.5068029919321	
701.5068029919321	0.8859999999999673	WheelMovementIntervals													-0.7168314285554338
705.1692670537514	2.739422758180808	trials	-1.0	-1.0	0.0	0.25		0.8	705.9120918765614	705.9086688497041	708.0046800972865	705.8497981809616	705.8507647498072	705.7808029919321	
705.7808029919321	0.9319999999999027	WheelMovementIntervals													0.6930973488081733
709.0193774053866	2.176013111086945	trials	1.0	1.0	1.5	0.125		0.8	710.195491710699	710.1954774069811	711.2866812774408	709.6497802724674	709.6507135113527	709.9638029919321	
709.9638029919321	1.0799999999999272	WheelMovementIntervals													-0.8053516679212969
711.3828029919321	0.7119999999999891	WheelMovementIntervals													1.2624323652645835
712.3228764098651	11.233163153714031	trials	1.0	-1.0	0.0		0.0	0.8	721.5568752212736	721.5560085510532	723.6161334818062	712.9664112812617	712.9673445201471	717.855802991932	
717.855802991932	0.45699999999999363	WheelMovementIntervals													-0.22326526565202442
721.452802991932	0.636000000000081	WheelMovementIntervals													-0.8354380530267278
724.0398029919321	3.766999999999939	WheelMovementIntervals													5.038662914592081
724.7410196383026	8.985157328611308	trials	-1.0	-1.0	0.0	0.0		0.8	731.7270792845287	731.7261422937219	733.7826379194801	728.3355891851421	728.3364557641071	730.1938029919321	
730.1938029919321	7.217999999999961	WheelMovementIntervals													5.909847576706195
734.9534527611218	4.294632030722482	trials	1.0	1.0	1.5	0.125		0.8	738.2481859860696	738.2481804819222	739.2992462807397	737.8874891568665	737.8883224058713	738.1168029919321	
738.1168029919321	2.7269999999999754	WheelMovementIntervals													0.3571732308073443
740.4269988138127	2.4026901703560952	trials	1.0	1.0	1.5	0.25		0.8	741.8297901783942	741.829801571232	742.8824503111535	741.4534615978608	741.4542948468657	741.6938029919321	
741.6938029919321	1.481999999999971	WheelMovementIntervals													-0.4170583556535412
743.971306780682	6.317227335043299	trials	1.0	1.0	1.5	0.0625		0.8	749.2886019799905	749.2886151595171	750.3491279833553	744.6834680401148	744.6845679288011	749.1328029919321	
749.1328029919321	1.6359999999999673	WheelMovementIntervals													-0.438599862160725
751.0728029919321	2.759999999999991	WheelMovementIntervals													-0.8354390316703473
751.4403175500971	4.352626161457465	trials	1.0	1.0	1.5	1.0		0.8	754.7930449057799	754.7930309950743	755.886367589974	754.4984080576783	754.4994412864443	754.6888029919321	
754.6888029919321	1.5849999999999227	WheelMovementIntervals													-0.6272349684070733
757.1334413805362	1.8627114852776003	trials	1.0	1.0	1.5	0.25		0.8	757.9962540600392	757.9962487218919	759.0753448512312	757.5990609244253	757.600060823231	757.8768029919321	
757.8768029919321	1.375	WheelMovementIntervals													-0.7654140316352489
760.1716672318427	2.215109154392735	trials	1.0	1.0	1.5	1.0		0.8	761.3868442505005	761.386864882038	762.4783671168443	760.7822054426487	760.7830053616933	761.0698029919321	
761.0698029919321	1.7269999999999754	WheelMovementIntervals													-0.7912129969118524
763.539559719413	2.0800228257326125	trials	-1.0	1.0	1.5		0.125	0.8	764.619683739371	764.6196624215524	765.6821762103871	764.0989031113634	764.0999696700894	764.455802991932	
764.455802991932	1.9090000000001055	WheelMovementIntervals													0.5200027986947724
766.7537677605358	3.668728708267736	trials	1.0	1.0	1.5	0.125		0.8	769.4225976630289	769.4225737615352	771.1819862717098	767.3033121441895	767.3042453830749	769.1208029919321	
769.1208029919321	1.3719999999999573	WheelMovementIntervals													-0.26684837391643157
771.586878628128	2.032627622338964	trials	1.0	1.0	1.5	0.25		0.8	772.6196074446923	772.6195811167441	773.6820999157085	771.6872684682278	772.2498448663168	772.5078029919321	
772.5078029919321	2.0579999999999927	WheelMovementIntervals													-0.3448659021249867
774.7942873573716	1.990131923093486	trials	-1.0	1.0	1.5		0.125	0.8	775.7845204746903	775.7844924589599	776.83204779358	775.4292230990385	775.4301563379239	775.6388029919322	
775.6388029919322	2.352999999999952	WheelMovementIntervals													0.5201619255771739
777.9378025529261	5.383021880808201	trials	-1.0	-1.0	0.0	0.0		0.8	781.321726751349	781.320820591052	783.3818849208069	778.9312020164632	778.9284356297673	781.1368029919321	
781.1368029919321	1.2760000000000673	WheelMovementIntervals													-0.6771605147615247
784.4989385366581	8.83453923850152	trials	1.0	1.0	1.5	0.0		0.8	792.3335789693849	792.3335538476321	793.3983045477339	785.1041772837935	785.1050105327984	791.9308029919321	
787.4398029919321	0.28100000000006276	WheelMovementIntervals													0.019263405435868464
791.9308029919321	1.9620000000001028	WheelMovementIntervals													-0.7065211115539789
794.5255571314041	3.483514119478059	trials	1.0	1.0	1.5	0.0625		0.8	797.0091724451075	797.0091734826497	798.0817305641018	795.0461044496903	795.0362387814735	796.5408029919321	
796.5408029919321	3.4260000000000446	WheelMovementIntervals													-0.7873862936090212
799.1642876711538	3.8824070830617075	trials	-1.0	1.0	1.5		0.0625	0.8	802.046795948441	802.0467984102535	803.1148545228092	800.6831006271653	800.6741348678735	800.9568029919321	
800.9568029919321	3.433999999999969	WheelMovementIntervals													1.8184996057387757
804.2375075719729	3.2420052279233005	trials	1.0	1.0	1.5	0.25		0.8	806.4796139941215	806.4796171358926	807.5481391879324	806.1360487644573	806.1270830051656	806.3518029919321	
804.9638029919321	0.61099999999999	WheelMovementIntervals													0.3279931081702543
806.3518029919321	1.6090000000000373	WheelMovementIntervals													-0.6345225297183745
808.6716254861009	6.6159304382883874	trials	-1.0	-1.0	0.0	0.25		0.8	813.2883249221633	813.2875295926397	815.3939784872839	809.2040049402555	809.2050381690215	813.1758029919322	
813.1758029919322	1.0179999999999154	WheelMovementIntervals													0.3646366661252607
814.5298029919321	0.5470000000000255	WheelMovementIntervals													0.7284061828974053
816.5075324573149	13.589957968885074	trials	1.0	1.0	1.5	0.0		0.8	829.0975916204254	829.0975897170648	830.1643503263462	819.1479652337241	819.1488984726094	828.9538029919322	
816.9208029919322	1.1680000000000064	WheelMovementIntervals													-0.7649898462707476
818.3828029919322	0.09299999999996089	WheelMovementIntervals													0.030765605166859444
828.9538029919322	2.3169999999998936	WheelMovementIntervals													-0.8460139274516223
831.3219998337119	2.695727180368408	trials	1.0	1.0	1.5	0.25		0.8	833.0177948783454	833.0178040805845	834.081053938446	832.7008269569149	832.697727270617	832.8938029919321	
831.7808029919322	0.1490000000000009	WheelMovementIntervals													-0.02331684717529825
832.8938029919321	2.2480000000000473	WheelMovementIntervals													-1.12168018542895
835.1693104686909	2.4657171250801184	trials	1.0	1.0	1.5	0.25		0.8	836.6351287879963	836.6351149690857	837.7578484970803	835.689824457017	835.690691035982	835.8358029919322	
835.8358029919322	1.72199999999998	WheelMovementIntervals													-0.3115619726683647
837.8628029919322	0.2969999999999118	WheelMovementIntervals													0.05623942333931353
839.0149212757002	2.513412298115554	trials	-1.0	1.0	1.5		0.125	0.8	840.528434768041	840.528431716611	841.6317897702532	839.5642656795928	839.5652989083587	839.8398029919322	
839.8398029919322	1.8700000000000045	WheelMovementIntervals													0.3660721407396501
842.7058477374561	2.7723860888112313	trials	1.0	1.0	1.5	0.125		0.8	844.4783350204926	844.4783485349279	845.5474268236269	843.3474494711616	843.348582689808	844.1398029919321	
844.1398029919321	1.5289999999999964	WheelMovementIntervals													-0.5210960793405448
846.640749507821	7.077917016516608	trials	1.0	1.0	1.5	0.25		0.8	852.718767718563	852.7187715564962	853.780726910216	848.9817459218608	848.9828791405074	852.0368029919322	
847.0118029919322	1.384999999999991	WheelMovementIntervals													-0.7833546131912534
852.0368029919322	2.2390000000000327	WheelMovementIntervals													-0.7548326199597089
854.917478532541	2.1623144974478237	trials	-1.0	1.0	1.5		0.0625	0.8	856.0798942242143	856.0798776007657	857.1816827182973	855.6967330018414	855.6887338113952	855.9698029919322	
855.9698029919322	1.899000000000001	WheelMovementIntervals													0.4942314323475916
858.227476879257	2.286235289443539	trials	1.0	1.0	1.5	1.0		0.8	859.5138133629259	859.5137835899087	860.6036697312601	858.763889258595	858.7646891776395	859.0378029919322	
859.0378029919322	2.3730000000000473	WheelMovementIntervals													-0.6969865802694031
861.6822939030094	2.587238159941876	trials	-1.0	1.0	1.5		0.25	0.8	863.2695999272164	863.2696016058602	864.3470908803192	862.9304342522977	862.9313008312627	863.0998029919322	
861.8238029919322	0.5599999999999454	WheelMovementIntervals													-0.15906033666156283
863.0998029919322	1.0879999999999654	WheelMovementIntervals													0.8209917949653107
864.7078029919322	0.5480000000000018	WheelMovementIntervals													0.2638523929634111
865.4444131597364	2.1228184946197644	trials	1.0	1.0	1.5	1.0		0.8	866.5673328485816	866.5673138255539	867.6786203813195	866.2276338942997	866.2222677707088	866.3998029919322	
866.3998029919322	1.419999999999959	WheelMovementIntervals													-0.4713634289774902
868.0958029919321	0.10200000000008913	WheelMovementIntervals													-0.012379752741781047
868.728714107144	1.9722337344701373	trials	1.0	1.0	1.5	1.0		0.8	869.7010157058793	869.7010182890641	870.8056039166186	869.2969565984657	869.2978898373511	869.5318029919322	
869.5318029919322	1.7060000000000173	WheelMovementIntervals													-0.3543137057537553
871.8786286550555	2.15841489210527	trials	1.0	1.0	1.5	1.0		0.8	873.0371447413862	873.0371396502619	874.1425662011303	872.6303859071971	872.6311858262417	872.9158029919322	
872.9158029919322	1.7980000000000018	WheelMovementIntervals													-0.5995671680426042
875.2000591781175	1.8728104632159557	trials	-1.0	1.0	1.5		1.0	0.8	876.0729708355587	876.0729578657846	877.1755592486865	875.7135738748032	875.7144737837284	875.9438029919322	
875.9438029919322	1.1889999999999645	WheelMovementIntervals													1.4414524770727635
878.2090546543352	1.7518227077171105	trials	1.0	1.0	1.5	1.0		0.8	878.9609785562777	878.960956317155	880.0302703391731	878.7303352317457	878.7311018208301	878.7228029919322	
878.7228029919322	1.5080000000000382	WheelMovementIntervals													-0.9116547570587166
881.1099610696485	3.633932229826769	trials	1.0	1.0	1.5	0.25		0.8	883.7439944937007	883.7439683066173	884.8505158421311	881.8145564281177	881.8150897074809	883.1638029919322	
883.1638029919322	1.967999999999961	WheelMovementIntervals													-0.8192752117631663
885.9198742849469	4.350626363845777	trials	1.0	1.0	1.5	1.0		0.8	889.2706018430181	889.2705980684302	890.3467929276733	886.4301559754939	886.431055884419	888.9838029919322	
888.9838029919322	1.6050000000000182	WheelMovementIntervals													-0.3503633322326962
891.4599136082219	10.46134126553659	trials	1.0	1.0	1.5	0.25		0.8	900.9213560679838	900.9213300251373	902.0363765562633	892.0294559679911	892.0229566257535	900.5428029919323	
900.5428029919323	2.173000000000002	WheelMovementIntervals													-1.1913292351577507
903.1172338353455	4.326728782387818	trials	1.0	1.0	1.5	1.0		0.8	906.4440638119587	906.4440593854038	907.513155615093	903.5965186629135	903.5977852014008	905.9068029919322	
905.9068029919322	2.5370000000000346	WheelMovementIntervals													-1.2777597003186827
908.6184770849565	5.146112523759939	trials	1.0	1.0	1.5	0.25		0.8	912.7646908029417	912.7646952803163	913.8293497213704	909.2243491013355	909.2253823301014	912.1938029919322	
912.1938029919322	2.04200000000003	WheelMovementIntervals													-0.635930515785768
914.9415038330733	7.374620322150122	trials	1.0	1.0	1.5	0.0625		0.8	921.3162253494488	921.3162020611423	922.4122477604185	915.7432893554638	915.7343235961721	920.8658029919322	
920.8658029919322	1.8830000000000382	WheelMovementIntervals													-0.6571776821431037
923.5187024489286	2.6827284958933433	trials	-1.0	1.0	1.5		0.125	0.8	925.2015321390473	925.201521491504	926.2794897115928	924.2292638702722	924.2302304391178	924.7858029919322	
924.7858029919322	1.5579999999999927	WheelMovementIntervals													1.0505228307657255
927.3787451287012	2.706792727152333	trials	-1.0	-1.0	0.0	0.0625		0.8	928.0908063982536	928.0855456389186	930.1962266536527	928.0002488964105	927.9974825097146	927.9648029919323	
927.9648029919323	1.58299999999997	WheelMovementIntervals													0.7115294211840091
931.3031479616055	14.468635709439582	trials	1.0	1.0	1.5	0.0625		0.8	944.7718848652705	944.771881464961	945.8457761826725	931.9126529436455	931.9137528323319	932.1438029919323	
932.1438029919323	0.30999999999994543	WheelMovementIntervals													0.22066777459506604
940.2278029919322	0.3690000000000282	WheelMovementIntervals													-0.3278013499097323
944.6978029919322	2.4139999999999873	WheelMovementIntervals													-0.5948141697015963
947.0452881200399	1.9024074678668512	trials	-1.0	1.0	1.5		1.0	0.8	947.9477967821321	947.9477949908577	949.0490853268122	947.6260960063543	947.6248961277872	947.7998029919322	
947.7998029919322	2.2210000000000036	WheelMovementIntervals													1.1003247808651508
950.1177105105038	2.0455929768537544	trials	1.0	1.0	1.5	0.125		0.8	951.163404681583	951.1634134649979	952.2550941977277	950.5790638194883	950.5801970381348	950.8618029919322	
950.8618029919322	1.9750000000000227	WheelMovementIntervals													-0.48784777521283296
953.3219195635688	2.5533082604659967	trials	1.0	1.0	1.5	1.0		0.8	954.8753290182601	954.8753282733223	955.9288557299845	953.9956180489396	953.9964846279046	954.3318029919322	
954.3318029919322	1.75	WheelMovementIntervals													-0.3353779611822105
957.0668405608367	4.259002303276702	trials	-1.0	-1.0	0.0	0.0625		0.8	959.3267451817281	959.3258441783322	961.3788041708592	957.7210076895346	957.7220742482608	958.9528029919322	
958.9528029919322	1.6399999999999864	WheelMovementIntervals													1.0853651403118967
962.5788493875897	1.9833992711346582	trials	-1.0	1.0	1.5		1.0	0.2	963.5623498529496	963.5623520315872	964.6469734175336	963.27497893617	963.276012164936	963.4808029919323	
963.4808029919323	1.3139999999999645	WheelMovementIntervals													1.4738170981870073
965.7776589871036	1.7652213517145583	trials	-1.0	1.0	1.5		0.125	0.2	966.5429815330435	966.5429594580764	967.6339711200242	966.2454783083654	966.2466448569721	966.4608029919323	
966.4608029919323	1.4610000000000127	WheelMovementIntervals													0.6012636164459373
968.7338598063762	2.0195289479833036	trials	-1.0	1.0	1.5		0.0625	0.2	969.7534899485848	969.7534725405275	970.8459793837743	969.3620628960844	969.3629294750493	969.6288029919323	
969.6288029919323	1.2709999999999582	WheelMovementIntervals													-0.4115073325310945
971.9589000845616	1.7748870401703698	trials	-1.0	1.0	1.5		0.125	0.2	972.7338883189574	972.7338998470678	973.7786159211909	972.4119875634183	972.4128874723435	972.6478029919323	
972.6478029919323	1.1399999999999864	WheelMovementIntervals													0.6963633910846596
974.9321991734131	2.7906175770364143	trials	-1.0	1.0	1.5		0.0625	0.2	976.7229179446749	976.7228970078407	977.7785444438914	975.5789003910279	975.5798336299133	976.5938029919323	
976.5938029919323	1.15300000000002	WheelMovementIntervals													0.6446115279408211
978.9323943357952	1.9759333600513855	trials	-1.0	1.0	1.5		0.125	0.2	979.908428890072	979.9083980173737	980.9969187300383	979.4378765120744	979.4387764209996	979.7838029919322	
979.7838029919322	1.5830000000000837	WheelMovementIntervals													0.9861778489326731
982.1077063133732	1.925338480479354	trials	-1.0	1.0	1.5		0.125	0.2	983.0331126581177	983.033110506604	984.0785068595551	982.7118785017825	982.7127450807475	982.9318029919323	
982.9318029919323	1.4500000000000455	WheelMovementIntervals													0.4890287811619416
985.2602205981798	3.575938099091786	trials	-1.0	1.0	1.5		0.25	0.2	987.8362265615368	987.8362293901167	988.9298492153727	987.5048267673428	987.5056933463079	987.7008029919323	
985.5578029919322	0.7880000000000109	WheelMovementIntervals													0.41147767765400545
987.7008029919323	1.0629999999999882	WheelMovementIntervals													1.2106747264302733
990.0395369100214	2.018829018819133	trials	-1.0	1.0	1.5		0.0625	0.2	991.058467123066	991.058448072273	992.1547895036774	990.611745666606	990.6126455755312	990.9568029919322	
990.9568029919322	1.150000000000091	WheelMovementIntervals													1.7161993574886303
993.29977362617	3.4016890672055524	trials	-1.0	1.0	1.5		1.0	0.2	995.7015638876009	995.7015722199923	996.8077519364293	995.4116598938466	995.4125598027719	995.6078029919323	
993.7858029919323	0.7369999999999663	WheelMovementIntervals													0.4777980191347755
995.6078029919323	1.058999999999969	WheelMovementIntervals													1.7689189965831638
997.9476699049726	2.443319391830755	trials	-1.0	1.0	1.5		0.125	0.2	999.3910904910288	999.3910823621719	1000.4747474867671	998.6782626323919	998.6791958712773	999.0948029919323	
999.0948029919323	1.3170000000000073	WheelMovementIntervals													0.4220164729997613
1001.5895013353651	1.914706223177859	trials	-1.0	1.0	1.5		0.25	0.2	1002.5043087527682	1002.5042972504742	1003.5614684301536	1002.2615666526864	1002.2624665616115	1002.4138029919324	
1002.4138029919324	1.086999999999989	WheelMovementIntervals													1.5542623768625035
1004.680288533895	1.871410604887842	trials	-1.0	1.0	1.5		1.0	0.2	1005.5518003330081	1005.5517956775877	1006.6296912456332	1005.1747051633904	1005.1757717221166	1005.3278029919323	
1005.3278029919323	1.3840000000000146	WheelMovementIntervals													1.05553680300158
1007.7363125839443	2.0357939685571864	trials	-1.0	1.0	1.5		0.125	0.2	1008.7722077467267	1008.7722133324195	1009.855664762704	1008.2780910868731	1008.2790576557187	1008.5218029919323	
1008.5218029919323	1.7390000000000327	WheelMovementIntervals													0.5107772812871403
1010.9968159397744	9.445644058630705	trials	-1.0	1.0	1.5		0.0	0.2	1019.4425611926305	1019.4425556315624	1020.5266181478911	1011.6113204158432	1011.6123536446092	1019.3488029919323	
1019.3488029919323	2.6299999999999955	WheelMovementIntervals													-1.310156239029805
1021.7077652771925	4.226005642686232	trials	-1.0	-1.0	0.0	0.0625		0.2	1023.9345065876925	1023.9337706049698	1025.9777331373725	1022.4778206774798	1022.4788539062457	1023.8388029919323	
1022.3678029919323	0.10300000000006548	WheelMovementIntervals													0.005032508344239517
1023.8388029919323	0.8160000000001446	WheelMovementIntervals													0.7434027411699375
1025.8068029919325	1.7429999999999382	WheelMovementIntervals													0.8068424506777134
1027.1679793458065	2.433520383534187	trials	-1.0	1.0	1.5		0.0625	0.2	1028.6015675936058	1028.6015786852772	1029.6925571805866	1028.1255491021366	1028.1264490110618	1028.4498029919325	
1028.4498029919325	2.196999999999889	WheelMovementIntervals													0.7953550871679838
1030.807577668866	2.718224903498367	trials	-1.0	1.0	1.5		0.0	0.2	1032.5259037665896	1032.5258932420982	1033.5775306705832	1031.3943182880946	1031.3954181767808	1032.4198029919326	
1032.4198029919326	1.2569999999998345	WheelMovementIntervals													0.6289198743681617
1034.7374132852817	1.782886230616441	trials	-1.0	1.0	1.5		0.125	0.2	1035.5204007101236	1035.5204127040874	1036.6125235157508	1035.2885241770646	1035.2893574260693	1035.4358029919324	
1035.4358029919324	1.0330000000001291	WheelMovementIntervals													0.989348858746478
1037.7236110687277	1.8845092792435025	trials	-1.0	1.0	1.5		1.0	0.2	1038.6082215421966	1038.6082164473626	1039.698477870053	1038.2774883472064	1038.2783215962113	1038.5248029919323	
1038.5248029919323	1.3320000000001073	WheelMovementIntervals													1.6994291581187042
1040.8399290167652	1.9026074476278154	trials	-1.0	1.0	1.5		1.0	0.2	1041.7426376586184	1041.7426340951051	1042.7941979026914	1041.4442345250152	1041.445267753781	1041.6168029919324	
1041.6168029919324	2.1639999999999873	WheelMovementIntervals													-0.927386015497234
1043.960146570145	1.8885088744666518	trials	-1.0	1.0	1.5		0.0625	0.2	1044.8487233088767	1044.8487424870473	1045.894084180354	1044.507457846466	1044.5085577351522	1044.7278029919325	
1044.7278029919325	1.1809999999998126	WheelMovementIntervals													0.7344995968163239
1047.0654323013587	5.8806381864822015	trials	1.0	1.0	1.5	0.0625		0.2	1051.946171682066	1051.9461645063554	1053.0373945787683	1047.5564492749145	1047.5575158336408	1051.4068029919324	
1051.4068029919324	1.8540000000000418	WheelMovementIntervals													-0.3838651042629593
1054.1771792274708	1.8007844192397897	trials	-1.0	1.0	1.5		0.125	0.2	1054.978064840936	1054.9780774699946	1056.043990297852	1054.693926930295	1054.6947601793	1054.8808029919326	
1054.8808029919326	1.2819999999999254	WheelMovementIntervals													0.6025151489549074
1057.1970736006713	5.461213967419781	trials	-1.0	1.0	1.5		0.0	0.2	1061.6583887623165	1061.6583883943342	1062.7613771349663	1057.842374959958	1057.8180440890176	1061.5548029919325	
1061.5548029919325	2.237999999999829	WheelMovementIntervals													0.9013104265224499
1063.9038948404047	1.959335039875441	trials	-1.0	1.0	1.5		1.0	0.2	1064.8632977445454	1064.8632972189214	1065.951320965069	1064.6103566766446	1064.61128991553	1064.7628029919324	
1064.7628029919324	1.0910000000001219	WheelMovementIntervals													0.671920662149013
1067.1188028106915	2.3651273052191755	trials	1.0	1.0	1.5	1.0		0.2	1068.484031310136	1068.4840161440025	1069.576287435604	1067.6437496837232	1067.644582932728	1067.9198029919326	
1067.9198029919326	1.7559999999998581	WheelMovementIntervals													-0.7573011293500507
1070.7143389263765	1.836514136566393	trials	-1.0	1.0	1.5		0.125	0.2	1071.550920927208	1071.5509377240892	1072.6483098665456	1071.1936570839048	1071.1945236628696	1071.4428029919325	
1071.4428029919325	1.7770000000000437	WheelMovementIntervals													1.2340955577580566
1073.7213346049825	7.804943438195323	trials	-1.0	-1.0	0.0	0.0625		0.2	1079.527080370912	1079.526266062071	1081.5934379129658	1074.4101648922808	1074.4111647910865	1079.4258029919324	
1079.4258029919324	1.6929999999999836	WheelMovementIntervals													0.5305862740945777
1082.796882785636	2.065890922611061	trials	-1.0	1.0	1.5		1.0	0.2	1083.8628749024722	1083.8628827614796	1084.9267339018563	1083.5401742278887	1083.5410408068537	1083.7748029919326	
1083.7748029919326	2.5349999999998545	WheelMovementIntervals													1.163915123249378
1086.091282710982	2.4520185114408832	trials	-1.0	1.0	1.5		0.125	0.2	1087.5434024166482	1087.5433935921203	1088.6471907083428	1086.992224864945	1086.9933247536314	1087.1918029919325	
1087.1918029919325	1.5170000000000528	WheelMovementIntervals													-0.5173377918811095
1089.7712102858743	1.9404036224862011	trials	-1.0	1.0	1.5		0.0625	0.2	1090.7116817726258	1090.7117046068838	1091.7767073206164	1090.2600274820572	1090.2609607209426	1090.5868029919325	
1090.5868029919325	1.0950000000000273	WheelMovementIntervals													1.2094476744747027
1092.92359125084	2.5036132898189862	trials	-1.0	1.0	1.5		0.0	0.2	1094.4273057348842	1094.4272998082856	1095.4932645217605	1093.460170279979	1093.461236838705	1094.3358029919325	
1094.3358029919325	1.3949999999999818	WheelMovementIntervals													0.9367743499781973
1096.6562134927967	6.251833953145706	trials	-1.0	1.0	1.5		0.0	0.2	1101.9081486401678	1101.9081426005314	1102.9765071841778	1098.071103632928	1098.0581716083734	1101.8218029919326	
1096.7468029919326	0.80600000000004	WheelMovementIntervals													0.5657893912183276
1101.8218029919326	1.5079999999998108	WheelMovementIntervals													0.7992832314487046
1104.1599540807324	3.2270067458368885	trials	-1.0	1.0	1.5		0.0	0.2	1106.3870620207945	1106.3870615868516	1107.459653469749	1104.8040555614523	1104.8050887902184	1106.1978029919326	
1106.1978029919326	1.3029999999998836	WheelMovementIntervals													0.6649674363613407
1108.6224691209445	1.8487129019968052	trials	-1.0	1.0	1.5		1.0	0.2	1109.4712498872063	1109.4712664128035	1110.5830373693473	1109.2110762179439	1109.2026770679754	1109.3758029919325	
1109.3758029919325	1.7110000000000127	WheelMovementIntervals													0.7178254390817855
1111.6832593553013	1.9202056666097178	trials	-1.0	1.0	1.5		0.125	0.2	1112.6035662161362	1112.6035641622786	1113.7090210058404	1112.2762993370063	1112.277299235812	1112.4858029919326	
1112.4858029919326	1.224999999999909	WheelMovementIntervals													0.46523299509261307
1114.0248029919326	0.8949999999999818	WheelMovementIntervals													-0.1582214985502013
1114.8152757145895	2.7725194086517604	trials	-1.0	-1.0	0.0	0.125		0.2	1115.5885974509754	1115.5877814707696	1117.6595545275356	1115.4095155748612	1115.4106154635476		
1115.1988029919326	0.6349999999999909	WheelMovementIntervals													0.3009332001456677
1116.1478029919326	1.599999999999909	WheelMovementIntervals													-0.6970917053684182
1118.8034054313816	2.932003268173048	trials	-1.0	1.0	1.5		0.0	0.2	1120.73550989378	1120.7355109554205	1121.7929028808867	1119.426975656623	1119.4265423671404	1120.6178029919324	
1120.6178029919324	1.6330000000000382	WheelMovementIntervals													0.5808958793138963
1122.957918309455	3.392090038670176	trials	1.0	1.0	1.5	0.125		0.2	1125.3501095423505	1125.3501180953413	1126.4260006573638	1123.5299270862783	1123.5308269952036	1124.6048029919325	
1124.6048029919325	1.808999999999969	WheelMovementIntervals													-0.5080267911404839
1127.583016895486	2.8924072754641657	trials	-1.0	1.0	1.5		0.0	0.2	1129.4755253651756	1129.475524661301	1130.564881784107	1129.0029065296462	1129.003739778651	1129.3618029919326	
1127.8308029919326	0.4579999999998563	WheelMovementIntervals													-0.1656961945200166
1129.3618029919326	1.3999999999998636	WheelMovementIntervals													0.37737253154087114
1131.6979337808505	6.523439798754453	trials	1.0	1.0	1.5	0.25		0.2	1137.2214747738303	1137.2214619417616	1138.292566374576	1132.1759853998915	1132.1770186286574	1136.8268029919325	
1136.8268029919325	1.913000000000011	WheelMovementIntervals													-0.7935146230422241
1139.537173748084	2.132117553513581	trials	-1.0	1.0	1.5		0.125	0.2	1140.6693591658625	1140.6693711594257	1141.7748139555667	1140.330893420108	1140.3189279643987	1140.5568029919325	
1140.5568029919325	3.3450000000000273	WheelMovementIntervals													1.59346306063793
1142.9069660433852	2.80391623115338	trials	-1.0	1.0	1.5		0.25	0.2	1144.7109834687637	1144.710976114308	1145.8068058999725	1144.4425439693734	1144.4435438681794		
1144.2288029919325	2.47199999999998	WheelMovementIntervals													1.4325241005165097
1146.9648886968207	7.022322642915469	trials	-1.0	-1.0	0.0	0.25		0.8	1151.9880803273907	1151.987204668655	1154.0887343984825	1147.4587720469528	1147.4598386056791	1151.7828029919326	
1151.7828029919326	1.6929999999999836	WheelMovementIntervals													0.4577678211048344
1153.7618029919327	0.29899999999997817	WheelMovementIntervals													0.22438988345606603
1155.2675151006101	2.767419924742626	trials	-1.0	1.0	1.5		0.0625	0.8	1157.035036219578	1157.035028686584	1158.1087275572188	1156.642175978789	1156.6430425577541	1156.9178029919326	
1155.4128029919325	0.8720000000000709	WheelMovementIntervals													0.90286301490573
1156.9178029919326	1.5319999999999254	WheelMovementIntervals													1.124050178135171
1159.5531480420807	2.5061130368333124	trials	1.0	1.0	1.5	0.125		0.8	1161.0593289431793	1161.0593419720112	1162.1254877098165	1160.2597431981615	1160.2606431070867	1160.5568029919325	
1160.5568029919325	1.5540000000000873	WheelMovementIntervals													-0.5375895893362816
1163.3264328354724	7.401350950224469	trials	-1.0	-1.0	0.0	0.125		0.8	1168.7285194535104	1168.727766038386	1170.791910629107	1164.0846560998912	1164.0855893387766	1168.6458029919327	
1168.6458029919327	1.030999999999949	WheelMovementIntervals													1.2834002006113288
1172.0112872227492	6.328826161190364	trials	1.0	1.0	1.5	0.0		0.8	1177.3401812482048	1177.3402071933215	1178.4084398023342	1172.7736100722718	1172.7748099508387	1177.0488029919325	
1177.0488029919325	2.4450000000001637	WheelMovementIntervals													0.8102804272521134
1179.633815788811	7.731217566249597	trials	1.0	1.0	1.5	0.125		0.8	1186.365134549286	1186.365131036758	1187.4595237922063	1182.154560678169	1182.1556938968154	1186.1348029919325	
1179.9028029919325	1.5399999999999636	WheelMovementIntervals													1.121350950836412
1186.1348029919325	1.8880000000001473	WheelMovementIntervals													-0.41663432026582115
1188.6638352438415	1.897707943479645	trials	1.0	1.0	1.5	1.0		0.8	1189.5616443815466	1189.561638734431	1190.6249034416471	1189.1416202232008	1189.1425867920464	1189.4038029919325	
1189.4038029919325	1.8050000000000637	WheelMovementIntervals													-0.56421851376221
1191.8356475755993	4.348826545995507	trials	1.0	1.0	1.5	0.125		0.8	1195.1845753158202	1195.1845672980987	1196.2924631926185	1192.4934809999186	1192.4898813642178	1195.0428029919326	
1195.0428029919326	5.962999999999965	WheelMovementIntervals													-2.5572063249156614
1197.4288815153416	5.53620637785275	trials	1.0	1.0	1.5	0.0625		0.8	1201.9651890874197	1201.9651896613966	1203.0414468319955	1201.5247336634761	1201.525766892242	1201.7868029919325	
1201.7868029919325	1.6870000000001255	WheelMovementIntervals													-0.3822513871339517
1203.6448029919327	0.31199999999989814	WheelMovementIntervals													0.08330386385002697
1204.2346927368467	2.457417964992146	trials	1.0	1.0	1.5	0.0625		0.8	1205.6922118960642	1205.6922025017177	1206.7914006532521	1204.974451203319	1204.9737179441947	1205.2608029919327	
1205.2608029919327	2.4739999999999327	WheelMovementIntervals													1.3877757875980272
1207.932418510482	1.8303814238906853	trials	1.0	1.0	1.5	1.0		0.8	1208.762901128598	1208.762914824649	1209.8243937008085	1208.408070372389	1208.4090036112743	1208.6528029919325	
1208.6528029919325	0.8670000000001892	WheelMovementIntervals													-0.4186766477223536
1210.0108029919327	1.0979999999999563	WheelMovementIntervals													0.9626511990314057
1211.0430037053661	4.919535454371498	trials	1.0	1.0	1.5	1.0		0.8	1214.962640353963	1214.9626268794202	1216.058362795291	1214.625341156815	1214.6195750737018	1214.7728029919326	
1211.6288029919326	2.38799999999992	WheelMovementIntervals													1.8495517033711515
1214.7728029919326	1.2170000000000982	WheelMovementIntervals													-0.3595052064492812
1217.2667405020698	3.641398140909814	trials	1.0	1.0	1.5	0.0625		0.8	1219.908239837205	1219.9082406817129	1221.0072952745522	1218.0243304972448	1218.02519707621	1219.7748029919326	
1219.7748029919326	1.4500000000000455	WheelMovementIntervals													-0.3730332867874857
1222.194041837166	4.626431784438637	trials	1.0	1.0	1.5	0.0625		0.8	1225.82057481583	1225.8205625223059	1226.9212634212267	1222.6910915335166	1222.6921580922426	1225.3808029919326	
1225.3808029919326	2.8250000000000455	WheelMovementIntervals													0.8606436406744038
1228.127474680593	4.520509170946752	trials	1.0	1.0	1.5	1.0		0.8	1231.6480850457651	1231.64808046796	1232.7076444802844	1228.7576775679124	1228.7587441266385	1231.4868029919326	
1231.4868029919326	1.7019999999999982	WheelMovementIntervals													-0.42432323198656263
1233.4918029919327	0.21199999999998909	WheelMovementIntervals													0.13833180325668337
1233.9515852545885	4.702324103796855	trials	1.0	1.0	1.5	0.0625		0.8	1237.6540105526108	1237.6540014471145	1238.724135584511	1234.5822214313905	1234.5833213200767	1237.5328029919326	
1237.5328029919326	1.3579999999999472	WheelMovementIntervals													-0.3766971006183617
1239.9503114900324	6.678324123768789	trials	1.0	1.0	1.5	0.0625		0.8	1245.6287368080266	1245.6287329828483	1246.728158874936	1240.6921697439968	1240.6932363027229	1240.5188029919327	
1240.5188029919327	1.7409999999999854	WheelMovementIntervals													-0.27276347180942295
1243.8728029919325	0.28100000000017644	WheelMovementIntervals													0.15954867592741095
1245.5418029919326	1.4390000000000782	WheelMovementIntervals													0.29128897276011756
1247.897140568767	3.803915026808454	trials	1.0	1.0	1.5	0.125		0.8	1250.701156789801	1250.701147879105	1251.8071448588682	1248.4905471800341	1248.4914470889594	1250.2938029919326	
1250.2938029919326	2.1690000000000964	WheelMovementIntervals													-0.44015880011198405
1253.0346539627974	1.7407238309731383	trials	1.0	1.0	1.5	0.25		0.8	1253.7754456580358	1253.7754537684755	1254.8406045258673	1253.5406694184398	1253.541735977166	1253.4728029919327	
1253.4728029919327	1.9010000000000673	WheelMovementIntervals													-0.3509195293609011
1256.0066531832015	6.061153250884445	trials	1.0	1.0	1.5	0.25		0.8	1261.0678742983512	1261.0678895287115	1262.6235501903354	1256.5380660685105	1256.5373328093863	1260.4798029919327	
1260.4798029919327	2.9249999999999545	WheelMovementIntervals													1.759850048314842
1263.3877061876688	2.4183885816066777	trials	1.0	1.0	1.5	0.125		0.8	1264.8061959635008	1264.8062042501606	1265.873554608705	1264.1940579146055	1264.1859254043186	1264.5418029919326	
1264.5418029919326	1.3050000000000637	WheelMovementIntervals													-0.2936998955498886
1266.1518029919328	0.6449999999999818	WheelMovementIntervals													0.13499245214512356
1267.0603011713188	6.496942480401231	trials	1.0	1.0	1.5	0.125		0.8	1272.5573115159852	1272.5573315942852	1273.669965577091	1267.7740289388807	1267.7748621878854	1271.8578029919327	
1271.8578029919327	1.9649999999999181	WheelMovementIntervals													-0.9315427773623455
1274.858145327993	4.253502859844957	trials	1.0	1.0	1.5	0.0625		0.8	1278.1117493820634	1278.111750467241	1279.173475263995	1275.4569847227715	1275.4580846114577	1277.3238029919326	
1277.3238029919326	1.4390000000000782	WheelMovementIntervals													-0.3644053408910537
1279.1658029919327	1.1929999999999836	WheelMovementIntervals													2.6185596016817385
1280.381053051729	5.088218382905779	trials	1.0	1.0	1.5	0.0		0.8	1284.4693726288601	1284.4693650876902	1285.5729276108334	1281.1029133295779	1281.1023467202547	1284.2988029919327	
1284.2988029919327	2.464999999999918	WheelMovementIntervals													1.0571817067008098
1286.782171896577	1.9816994431646435	trials	1.0	1.0	1.5	1.0		0.8	1287.763972533967	1287.7639803444156	1288.8399636388613	1287.2733555199336	1287.2742554288589	1287.5558029919328	
1287.5558029919328	1.4639999999999418	WheelMovementIntervals													-0.48112433557166767
1290.1122015493686	2.121185326570412	trials	-1.0	1.0	1.5		0.125	0.8	1291.2334880701644	1291.2334984731865	1292.306646128442	1290.8163636183554	1290.8172301973202	1291.0948029919327	
1291.0948029919327	0.9549999999999272	WheelMovementIntervals													0.3062548413784434
1293.5077912338588	2.0476261044254898	trials	1.0	1.0	1.5	1.0		0.8	1294.5555185325097	1294.5555013550788	1295.6231104874353	1294.24388340471	1294.2448499735556	1294.4358029919326	
1294.4358029919326	1.80600000000004	WheelMovementIntervals													-0.3850492996371173
1296.8151231837594	1.8924084798090917	trials	1.0	1.0	1.5	0.25		0.8	1297.7075995278337	1297.7076266360052	1298.7731583551877	1297.3728334076604	1297.3661340856618	1297.5858029919327	
1297.5858029919327	0.9549999999999272	WheelMovementIntervals													-0.36784091587550094
1299.987535454801	4.846109552067219	trials	1.0	1.0	1.5	0.25		0.8	1303.8337462010936	1303.8337433201766	1304.9063709800082	1300.5547780473169	1300.5557446161624	1303.5698029919326	
1303.5698029919326	1.5650000000000546	WheelMovementIntervals													-1.341299542004208
1306.1215479986663	3.2816012206319556	trials	-1.0	-1.0	0.0	1.0		0.8	1307.4040182069527	1307.403149403896	1309.5227371164688	1306.7047223121542	1306.7056555510396	1306.9188029919326	
1306.9188029919326	1.6330000000000382	WheelMovementIntervals													-0.6632315742231114
1310.683253000411	2.3624275784436577	trials	1.0	1.0	1.5	0.125		0.8	1312.0457484431197	1312.0457646567556	1313.1367047001404	1311.1729701055192	1311.173936674365	1311.8688029919326	
1311.8688029919326	1.0370000000000346	WheelMovementIntervals													-0.7243851834967074
1314.327584177818	1.8861091173328077	trials	-1.0	1.0	1.5		0.25	0.8	1315.2137611594158	1315.2137796669244	1316.289452294668	1314.8726956767662	1314.873895555333	1315.1018029919328	
1315.1018029919328	1.2669999999998254	WheelMovementIntervals													1.80955418370338
1317.4488682899241	2.221308526988423	trials	1.0	1.0	1.5	0.0625		0.8	1318.670278011138	1318.6702736032203	1319.7394698041528	1318.1556634257659	1318.1518304803437	1318.5198029919327	
1318.5198029919327	1.04300000000012	WheelMovementIntervals													-0.5498232701247687
1320.9225834011056	3.366625949082845	trials	1.0	1.0	1.5	1.0		0.8	1323.2893105444139	1323.2892987904013	1324.3560025904144	1322.9396459320344	1322.9351130574482	1323.1358029919327	
1321.3268029919327	0.9320000000000164	WheelMovementIntervals													-0.8187155603445788
1323.1358029919327	2.1970000000001164	WheelMovementIntervals													-1.1476359788410626
1325.5648135866754	1.8813096030651195	trials	-1.0	1.0	1.5		1.0	0.8	1326.4462243839657	1326.4462151223138	1327.5406469568463	1326.1576535886193	1326.1497543880537	1326.3158029919327	
1326.3158029919327	1.3279999999999745	WheelMovementIntervals													0.7306558247126382
1328.793020211079	7.596231227470071	trials	-1.0	-1.0	0.0	0.0625		0.8	1334.3899537764025	1334.3892422305612	1336.455911358934	1329.2725716783286	1329.2733715973732	1334.2658029919328	
1334.2658029919328	1.5779999999999745	WheelMovementIntervals													-0.6304890611646314
1336.5288029919327	0.2699999999999818	WheelMovementIntervals													-0.025323980378285427
1337.6796541773613	3.3324960698460018	trials	1.0	1.0	1.5	0.0625		0.8	1340.0122514414327	1340.0122545222316	1341.0723108253546	1338.2285652917715	1338.2282319921696	1339.8538029919328	
1339.8538029919328	2.2690000000000055	WheelMovementIntervals													-0.3452284262470222
1342.2840548581128	2.511712470145767	trials	1.0	1.0	1.5	0.125		0.8	1343.795868522484	1343.7958611107545	1344.8555279468837	1342.8394986447206	1342.8384987459149	1343.1748029919327	
1343.1748029919327	1.75	WheelMovementIntervals													0.40228952206862445
1346.0812705629226	3.5977358930576884	trials	1.0	1.0	1.5	0.0		0.8	1348.6790743202455	1348.679092463101	1349.7634645751082	1346.7244721347172	1346.7254387035628	1348.5388029919327	
1348.5388029919327	1.025000000000091	WheelMovementIntervals													0.43005519107434864
1350.945911572857	2.567906783030139	trials	1.0	1.0	1.5	0.25		0.8	1352.5139195501126	1352.5139148723815	1353.6194409997372	1351.6890030353486	1351.6900362641145	1351.9658029919328	
1351.9658029919328	1.6759999999999309	WheelMovementIntervals													-0.6521920472995433
1354.808120700042	6.186107271646279	trials	-1.0	-1.0	0.0	0.0		0.8	1358.9949303095418	1358.9942245094767	1361.0803859187859	1355.5054501271893	1355.5066500057562	1358.7288029919328	
1358.7288029919328	1.1890000000000782	WheelMovementIntervals													-0.771171364535423
1362.3258265412985	7.947628997779475	trials	1.0	1.0	1.5	0.0		0.8	1369.2735567333034	1369.273546339858	1370.3386156112542	1362.8053113486278	1362.8062112575528	1364.3398029919326	
1364.3398029919326	0.39800000000013824	WheelMovementIntervals													-0.13103942027563065
1369.1438029919327	1.025000000000091	WheelMovementIntervals													-0.5912912570936442
1371.606253987255	3.4672157689440155	trials	1.0	1.0	1.5	0.125		0.8	1374.0735709504245	1374.073564169843	1375.1384631785745	1372.1453327634085	1372.1464326520947	1373.8618029919328	
1373.8618029919328	2.2210000000000036	WheelMovementIntervals													-0.790862450033913
1376.3531735777897	2.2876351477716526	trials	1.0	1.0	1.5	0.0625		0.8	1377.6408765898263	1377.6408857610243	1378.7050688888123	1376.872321037748	1376.8716877685042	1377.3928029919327	
1377.3928029919327	1.5219999999999345	WheelMovementIntervals													-0.8036941675687288
1380.277909710296	2.186412058666974	trials	1.0	1.0	1.5	0.0625		0.8	1381.4643896332282	1381.4644148645616	1382.552279533911	1380.813288860868	1380.8049563708198	1380.8658029919327	
1380.8658029919327	2.0620000000001255	WheelMovementIntervals													-0.4463990998946059
1383.7518248012386	2.012396336501979	trials	1.0	1.0	1.5	1.0		0.8	1384.764322331966	1384.764325394532	1385.8383136392486	1384.4882502716916	1384.4892501704974	1384.6618029919327	
1384.6618029919327	0.8959999999999582	WheelMovementIntervals													-0.4262287181064899
1387.0265267201107	1.878809856050566	trials	1.0	1.0	1.5	0.25		0.8	1387.9054377703867	1387.9054288141056	1388.9716631969443	1387.6142339081848	1387.604201590167	1387.7838029919328	
1387.7838029919328	1.143000000000029	WheelMovementIntervals													-0.30791973886894297
1390.2444343868149	3.1504144973143866	trials	-1.0	-1.0	0.0	0.125		0.8	1391.3958178616642	1391.3948370377518	1393.489206001434	1390.7732475352288	1390.774147444154	1391.0728029919328	
1391.0728029919328	1.3920000000000528	WheelMovementIntervals													0.36527591556574635
1394.7432457536765	2.3024003201367123	trials	-1.0	1.0	1.5		0.0625	0.8	1396.0457472680387	1396.045746943839	1397.1048734130754	1395.3548838531688	1395.3561503916562	1395.9298029919328	
1395.9298029919328	1.4559999999999036	WheelMovementIntervals													0.7456216015048547
1398.3436480435496	2.573839515944428	trials	1.0	1.0	1.5	0.125		0.8	1399.9175554237593	1399.917562879582	1400.9880470852215	1399.0701411858652	1399.0653750015576	1399.5398029919327	
1399.5398029919327	1.8450000000000273	WheelMovementIntervals													-0.4261941980467121
1402.2605849653708	3.8597093801706706	trials	-1.0	1.0	1.5		0.0	0.8	1405.1203955397668	1405.1203906806793	1406.188054154613	1402.7851318788803	1402.7859984578452	1404.7588029919327	
1404.7588029919327	1.83400000000006	WheelMovementIntervals													0.5788964458438635
1407.428395293216	7.285829308197435	trials	1.0	-1.0	0.0		0.0	0.8	1412.7151602489882	1412.7142087128161	1414.824080150208	1408.2040834567758	1408.2052500053826	1412.2778029919327	
1412.2778029919327	1.206000000000131	WheelMovementIntervals													-0.7020850702051042
1416.094018293462	2.341129733880507	trials	1.0	1.0	1.5	1.0		0.8	1417.4352158916076	1417.4352292781514	1418.5440370072913	1416.771049774852	1416.7721163335782	1417.0768029919327	
1417.0768029919327	3.4880000000000564	WheelMovementIntervals													-0.748106833159131
1419.759647315432	2.8194146626426573	trials	-1.0	1.0	1.5		0.0625	0.8	1421.5791298423399	1421.579152558943	1422.6376893780532	1420.7710116275127	1420.7720448562786	1421.4678029919328	
1421.4678029919328	1.6479999999999109	WheelMovementIntervals													1.0177807536885268
1423.9228593131154	2.468016892333253	trials	1.0	1.0	1.5	0.25		0.8	1425.390944069714	1425.390966335611	1426.4929658735182	1424.454038888703	1424.4523390607333	1425.0358029919328	
1425.0358029919328	1.5850000000000364	WheelMovementIntervals													-0.3630132990772843
1427.696877365631	2.4998136743570285	trials	1.0	1.0	1.5	0.25		0.8	1429.1967589042533	1429.1967781711444	1430.2542852112008	1428.3542775004678	1428.3552773992735	1428.6118029919328	
1428.6118029919328	1.9079999999999018	WheelMovementIntervals													-0.38303327200058135
1431.6185804717597	1.8680109489482675	trials	-1.0	1.0	1.5		1.0	0.8	1432.4866926149334	1432.48668389038	1433.5869146008874	1432.237951122017	1432.2372178628925	1432.3808029919328	
1432.3808029919328	1.05600000000004	WheelMovementIntervals													0.47974961183659204
1434.798391993964	1.8686108882316148	trials	-1.0	1.0	1.5		1.0	0.8	1435.667104076421	1435.6670959040594	1436.7374290880823	1435.4041640204625	1435.4051639192683	1435.5758029919327	
1435.5758029919327	2.185000000000173	WheelMovementIntervals													0.626776423804678
1437.9518061876956	7.099014881318453	trials	1.0	-1.0	0.0		0.0	0.8	1443.0517233866287	1443.0508141719772	1445.1428450891055	1438.6038735289014	1438.6048067677868	1442.9268029919328	
1442.9268029919328	1.2819999999999254	WheelMovementIntervals													-0.5425414736392966
1444.6078029919329	1.2110000000000127	WheelMovementIntervals													0.42799443272765103
1446.3751203773422	1.9796329856328612	trials	-1.0	1.0	1.5		1.0	0.2	1447.35482122724	1447.3548303887044	1448.4548765633933	1447.0371867066058	1447.0380532855709	1447.2568029919328	
1447.2568029919328	2.106999999999971	WheelMovementIntervals													1.6936869735285214
1449.6748530963189	1.7895855526153355	trials	-1.0	1.0	1.5		0.25	0.2	1450.4645398431594	1450.464549052107	1451.5372312819945	1450.1873012342785	1450.1883011330842	1450.346802991933	
1450.346802991933	1.1549999999999727	WheelMovementIntervals													1.196336754833176
1452.7867381596507	2.146316116555454	trials	-1.0	1.0	1.5		0.0625	0.2	1453.9331554704315	1453.9331445241219	1455.0037804517347	1453.5508274970634	1453.5519273857499	1453.8298029919329	
1453.8298029919329	1.0319999999999254	WheelMovementIntervals													1.0535326234354514
1455.2278029919328	0.11599999999998545	WheelMovementIntervals													0.012281113027011514
1456.2213572275264	3.306432040975551	trials	-1.0	1.0	1.5		0.125	0.2	1458.527857132767	1458.5278704694638	1459.5871165976444	1458.2267876023482	1458.2215214686378	1458.4208029919328	
1456.3998029919328	0.9200000000000728	WheelMovementIntervals													0.5639400290368464
1458.4208029919328	1.6130000000000564	WheelMovementIntervals													1.1637791674749458
1460.9059831224613	2.766819985458824	trials	-1.0	-1.0	0.0	0.125		0.2	1461.6734721158136	1461.672786917772	1463.736996611251	1461.4387292061779	1461.435796169681	1461.528802991933	
1461.528802991933	1.0079999999998108	WheelMovementIntervals													0.41362137715819003
1463.8608029919328	0.6759999999999309	WheelMovementIntervals													0.7358868324147352
1464.9881033269965	10.93392677110569	trials	1.0	-1.0	0.0		0.0	0.2	1473.9229657456772	1473.9220211457127	1476.0356852623586	1465.5227158884838	1465.52208261924	1473.5128029919329	
1473.5128029919329	0.70699999999988	WheelMovementIntervals													-0.4479139107370216
1477.2621278075617	2.068823959107931	trials	-1.0	1.0	1.5		0.125	0.2	1478.3310529608948	1478.331036167574	1479.4386741980118	1477.9534911718345	1477.9545577305605	1478.2098029919327	
1478.2098029919327	0.5420000000001437	WheelMovementIntervals													0.34917119941283303
1480.6252541108245	7.982825435742598	trials	1.0	-1.0	0.0		0.0625	0.2	1486.6087818844208	1486.6080691941218	1488.6699732826446	1481.186730620227	1481.1875305392716	1481.645802991933	
1481.645802991933	0.46499999999991815	WheelMovementIntervals													0.22792201468841
1486.4408029919327	0.3810000000000855	WheelMovementIntervals													-0.32468631665734904
1490.2660784163425	1.8364141466856836	trials	-1.0	1.0	1.5		0.125	0.2	1491.1025937572533	1491.1025819689285	1492.1695524429354	1490.8155561400756	1490.8163893890805	1490.9848029919328	
1490.9848029919328	2.9370000000001255	WheelMovementIntervals													-0.791915397590774
1493.427091840998	2.034394110228959	trials	-1.0	1.0	1.5		1.0	0.2	1494.4615871454523	1494.461599275201	1495.553576631239	1494.210612545203	1494.211679103929	1494.3108029919329	
1494.3108029919329	1.5239999999998872	WheelMovementIntervals													1.6668200184720128
1496.8099161507346	4.347793317229389	trials	-1.0	1.0	1.5		1.0	0.2	1500.1578106621894	1500.157828333568	1501.2544663424028	1499.903069776438	1499.9039696853633	1500.0608029919329	
1497.124802991933	0.8099999999999454	WheelMovementIntervals													-0.5064313352938683
1498.3788029919328	0.9380000000001019	WheelMovementIntervals													1.3737421162019459
1500.0608029919329	1.0960000000000036	WheelMovementIntervals													1.6398369093188947
1502.190802991933	0.5749999999998181	WheelMovementIntervals													0.2398088169244339
1502.5327369757051	2.0180957596949156	trials	-1.0	1.0	1.5		0.0625	0.2	1503.5509339296254	1503.5509352187394	1504.6196591031976	1503.2863273756573	1503.2871939546221	1503.4558029919328	
1503.4558029919328	1.3969999999999345	WheelMovementIntervals													1.4572051676196267
1505.8835311936966	1.9394037236804706	trials	1.0	1.0	1.5	0.25		0.2	1506.8230361116025	1506.8230314544066	1507.9184585832888	1506.5064681496942	1506.5075013784603	1506.6858029919329	
1506.6858029919329	1.3869999999999436	WheelMovementIntervals													-0.6146458405908675
1509.1583331024494	2.701026644039075	trials	-1.0	-1.0	0.0	0.125		0.2	1509.8600954143021	1509.8593381163682	1511.9194203347554	1509.7195763021307	1509.7204428810958	1509.7138029919329	
1509.7138029919329	0.8550000000000182	WheelMovementIntervals													-0.627390552426629
1511.3028029919328	0.8710000000000946	WheelMovementIntervals													0.8818309556781756
1513.1574617061053	3.464316062407079	trials	1.0	1.0	1.5	0.25		0.2	1515.6218789627378	1515.621870201133	1516.697370118229	1515.1843899052512	1515.1853564740968	1515.4758029919328	
1513.555802991933	0.5749999999998181	WheelMovementIntervals													0.48629350805045135
1515.4758029919328	1.7110000000000127	WheelMovementIntervals													-0.740090304404518
1517.866802991933	0.2749999999998636	WheelMovementIntervals													0.15018122669502887
1517.9447772083931	7.263831534470228	trials	1.0	1.0	1.5	0.0625		0.2	1524.2087099370888	1524.208694374972	1525.2525043004368	1518.8027570436682	1518.8036569525932	1523.700802991933	
1523.700802991933	2.2100000000000364	WheelMovementIntervals													0.3764561671178299
1526.6032009372375	1.964201214063678	trials	-1.0	1.0	1.5		0.0625	0.2	1527.5675033455266	1527.567501137996	1528.6359285494568	1527.123314966041	1527.1155490853164	1527.479802991933	
1527.479802991933	1.3209999999999127	WheelMovementIntervals													0.5130757144972122
1529.89010162154	2.439319796607606	trials	1.0	1.0	1.5	0.125		0.2	1531.329522612373	1531.329508188103	1532.4024806908897	1530.540302484975	1530.5388359667265	1531.0048029919328	
1531.0048029919328	1.2860000000000582	WheelMovementIntervals													-0.5846786348139723
1533.6720188746215	3.912437377195147	trials	1.0	1.0	1.5	0.0625		0.2	1536.584557446042	1536.5845385515715	1537.6522493908483	1534.3692816418484	1534.370114890853	1536.114802991933	
1536.114802991933	2.20699999999988	WheelMovementIntervals													-0.7136189175543244
1538.9208543356947	1.9206056261318736	trials	-1.0	1.0	1.5		0.0625	0.2	1539.841561156052	1539.8415538946201	1540.9023871290585	1539.41523763523	1539.4160375542745	1539.709802991933	
1539.709802991933	0.9549999999999272	WheelMovementIntervals													0.4320092493484573
1542.2202537550695	2.0734234936144276	trials	1.0	1.0	1.5	0.125		0.2	1543.2937784429093	1543.293760754578	1544.3522046587818	1542.7801970863031	1542.7812969749896	1543.1308029919328	
1543.1308029919328	1.29300000000012	WheelMovementIntervals													0.6585985798879577
1545.6332750087404	2.4351202216234924	trials	-1.0	1.0	1.5		0.0	0.2	1547.068463094629	1547.0684827493926	1548.135621760072	1546.2521790395547	1546.2532789282411	1546.940802991933	
1546.940802991933	1.0619999999998981	WheelMovementIntervals													0.5916999082854666
1549.3856952470514	6.748716999695489	trials	1.0	-1.0	0.0		0.0	0.2	1554.1351479145605	1554.1344019547714	1556.218770375994	1550.0001663931603	1550.0011996219262	1553.602802991933	
1553.602802991933	1.4139999999999873	WheelMovementIntervals													-0.4402220123376992
1557.4258029919329	0.9539999999999509	WheelMovementIntervals													-0.3157452968636427
1557.506506717991	3.575604799489838	trials	-1.0	1.0	1.5		0.0	0.2	1560.0822127117062	1560.082223185648	1561.202132704134	1559.5361679738728	1559.5224027003133	1559.942802991933	
1559.942802991933	1.9459999999999127	WheelMovementIntervals													0.7743230745445757
1562.134802991933	0.9639999999999418	WheelMovementIntervals													1.2030796897568479
1562.4539393490436	2.9299034806808777	trials	1.0	1.0	1.5	0.25		0.2	1564.3839440239497	1564.3839408136096	1565.502064198527	1563.8852278295894	1563.8863277182759	1564.200802991933	
1564.200802991933	1.3109999999999218	WheelMovementIntervals													-0.5966958694076112
1566.7136415814844	1.9793996759112815	trials	-1.0	1.0	1.5		0.125	0.2	1567.693142451621	1567.6931505940313	1568.7686336071124	1567.335212009114	1567.33627856784	1567.595802991933	
1567.595802991933	1.0670000000000073	WheelMovementIntervals													1.2902044939372388
1570.025673055772	1.8096835186113367	trials	-1.0	1.0	1.5		0.25	0.2	1570.8354577686086	1570.8354678967194	1571.9550777913948	1570.5400210014625	1570.534921517553	1570.7358029919328	
1570.7358029919328	0.9980000000000473	WheelMovementIntervals													1.078230467801827
1573.1996518349424	1.960834888084264	trials	-1.0	1.0	1.5		0.0625	0.2	1574.160554587292	1574.1605598510178	1575.2570102877442	1573.7517292955708	1573.7525292146154	1574.0238029919328	
1574.0238029919328	1.4670000000000982	WheelMovementIntervals													0.6281235734566266
1576.5467797573128	3.4257199685043815	trials	-1.0	1.0	1.5		0.0	0.2	1578.9726009200426	1578.9725857373921	1580.078988948632	1577.1017235945178	1577.102823483204	1578.872802991933	
1578.872802991933	1.2519999999999527	WheelMovementIntervals													0.6043392899188653
1581.3697916469669	3.16671284784843	trials	-1.0	1.0	1.5		0.0	0.2	1583.5366056890407	1583.5365982311764	1584.646926652933	1582.0017276922165	1582.0027609209824	1583.4448029919329	
1583.4448029919329	1.4760000000001128	WheelMovementIntervals													0.5367648759924322
1585.2918029919329	0.05100000000015825	WheelMovementIntervals													-0.003287942509498265
1585.8465052502208	1.8421135698786202	trials	-1.0	1.0	1.5		1.0	0.2	1586.6887200143249	1586.688708073122	1587.7682440949993	1586.4015824072665	1586.402348996351	1586.593802991933	
1586.593802991933	1.1340000000000146	WheelMovementIntervals													1.5107529063592935
1589.0250169039775	3.816713731522441	trials	-1.0	1.0	1.5		0.0625	0.2	1591.8418318297252	1591.8418242989167	1592.9528860527419	1589.70594799071	1589.6876498425643	1591.711802991933	
1591.711802991933	0.9900000000000091	WheelMovementIntervals													0.4855010112629472
1594.1616303890826	2.0276281283099706	trials	-1.0	1.0	1.5		0.25	0.2	1595.189359711618	1595.1893372456748	1596.301880452883	1594.884790535379	1594.8859570839857	1595.094802991933	
1595.094802991933	1.3769999999999527	WheelMovementIntervals													1.635395211534206
1597.8788541894303	2.4687168214975372	trials	-1.0	1.0	1.5		0.0625	0.2	1599.3476722051532	1599.3476593226358	1600.4345955369904	1598.6514759966524	1598.6525092254185	1599.191802991933	
1599.191802991933	1.2339999999999236	WheelMovementIntervals													0.37667928398010275
1601.6897685078793	1.8834093905570626	trials	-1.0	1.0	1.5		0.125	0.2	1602.5732790926618	1602.57327060021	1603.6346050150712	1602.2808420219328	1602.279808793167	1602.480802991933	
1602.480802991933	2.8689999999999145	WheelMovementIntervals													1.273204668020341
1604.9177751525217	7.771246848440796	trials	-1.0	-1.0	0.0	1.0		0.2	1610.6896910088558	1610.6889996758814	1612.7511823767215	1609.6677944293542	1609.6680277390756	1610.133802991933	
1605.621802991933	0.8160000000000309	WheelMovementIntervals													0.44495384399281335
1606.7248029919328	0.8240000000000691	WheelMovementIntervals													0.7371783025865319
1608.072802991933	0.84699999999998	WheelMovementIntervals													0.8366293646946517
1610.133802991933	1.3450000000000273	WheelMovementIntervals													0.7112236234339235
1614.0845141042616	1.9564020033787983	trials	-1.0	1.0	1.5		0.125	0.2	1615.0410173018658	1615.041013484138	1616.101110015748	1614.5857633755966	1614.5866299545617	1614.936802991933	
1614.936802991933	2.586999999999989	WheelMovementIntervals													0.8434440988499787
1617.399411955126	3.6172339197703423	trials	-1.0	-1.0	0.0	0.0625		0.2	1619.0175815224713	1619.016621898709	1621.0843723540074	1618.199730959268	1618.1965646130498	1618.921802991933	
1618.921802991933	0.9839999999999236	WheelMovementIntervals													1.2006265474294189
1622.3674425015774	8.207236057718774	trials	-1.0	1.0	1.5		0.0625	0.2	1629.5747464235612	1629.574765274757	1630.6646361218557	1622.8929226539722	1622.8938558928576	1627.123802991933	
1627.123802991933	1.4639999999999418	WheelMovementIntervals													0.14034223976091198
1629.429802991933	2.25	WheelMovementIntervals													1.1774562000251443
1631.9492727775548	2.044093128645045	trials	-1.0	1.0	1.5		0.125	0.2	1632.9934671004253	1632.9934791782794	1634.092622527653	1632.6507351197658	1632.6517016886114	1632.858802991933	
1632.858802991933	1.3719999999998436	WheelMovementIntervals													0.5692483118447811
1635.3653937175236	4.691391876853913	trials	1.0	-1.0	0.0		0.0625	0.2	1638.0576212520718	1638.056800582409	1640.151609331125	1636.050624369121	1636.051657597887	1637.941802991933	
1637.941802991933	1.4770000000000891	WheelMovementIntervals													-0.6673588829841393
1639.993802991933	0.7539999999999054	WheelMovementIntervals													0.5486524573227847
1641.4695092870963	2.6376997196732646	trials	1.0	1.0	1.5	0.25		0.2	1643.107310200995	1643.1073070727805	1644.1915671360168	1642.033952162956	1642.0349187318016	1642.4828029919329	
1642.4828029919329	2.247000000000071	WheelMovementIntervals													-0.9713054696946486
1645.4654048846135	1.9404369524463618	trials	-1.0	1.0	1.5		0.25	0.2	1646.405909701325	1646.4059153566454	1647.4672689536947	1645.9839857352483	1645.9848523142134	1646.206802991933	
1646.206802991933	1.418999999999869	WheelMovementIntervals													-0.5987256148335334
1648.7382403257147	4.318196312578721	trials	-1.0	1.0	1.5		0.0625	0.2	1652.0565378325186	1652.0565534733826	1653.1171971557242	1649.467566514647	1649.468466423572	1651.945802991933	
1651.945802991933	1.125	WheelMovementIntervals													0.45810625745790645
1653.489802991933	0.7300000000000182	WheelMovementIntervals													0.5099666686729307
1654.433963893049	2.2758030119032355	trials	-1.0	1.0	1.5		0.125	0.2	1655.7098680991776	1655.7098637939855	1656.767061106523	1655.115494919065	1655.11639482799	1655.369802991933	
1655.369802991933	1.55600000000004	WheelMovementIntervals													0.43080440768931894
1658.0696626107658	1.876910048319587	trials	-1.0	1.0	1.5		1.0	0.2	1658.9466738533108	1658.9466655004453	1660.0514620438112	1658.6584696875263	1658.6593362664914	1658.817802991933	
1658.817802991933	1.1730000000000018	WheelMovementIntervals													0.5071545372178541
1661.2594731210277	2.071223716241775	trials	-1.0	1.0	1.5		0.125	0.2	1662.3307647015347	1662.3307788230986	1663.3835581541348	1661.9337048857615	1661.9346381246469	1662.220802991933	
1662.220802991933	1.2390000000000327	WheelMovementIntervals													0.6518134331713838
1664.692092391292	1.7977847228225983	trials	-1.0	1.0	1.5		0.25	0.2	1665.48997830834	1665.4899963646924	1666.583467642335	1665.2174058938856	1665.2182391428905	1665.393802991933	
1665.393802991933	1.094000000000051	WheelMovementIntervals													0.47663711589283864
1667.8407070707558	2.020095557306604	trials	-1.0	1.0	1.5		0.0625	0.2	1668.8609038222878	1668.8609045677806	1669.9167303012653	1668.4169487525237	1668.417881991409	1668.760802991933	
1668.760802991933	1.3900000000001	WheelMovementIntervals													1.3553673286655972
1670.479802991933	0.47700000000008913	WheelMovementIntervals													0.11388589262270088
1671.21619878925	1.9523024182749396	trials	-1.0	1.0	1.5		0.25	0.2	1672.1686024017504	1672.1686070250864	1673.2743571610963	1671.9043624773444	1671.905162396389	1672.055802991933	
1672.055802991933	1.259999999999991	WheelMovementIntervals													0.751506797569025
1674.5540276527267	1.8446133168931738	trials	-1.0	1.0	1.5		0.125	0.2	1675.398708833885	1675.3987290275672	1676.466734078293	1675.066775760328	1675.0677756591338	1675.311802991933	
1675.311802991933	1.0709999999999127	WheelMovementIntervals													1.1606769419291112
1677.785833912831	2.1379169665869995	trials	1.0	1.0	1.5	0.25		0.2	1678.9238187436833	1678.9238383023533	1680.0143083812611	1678.4803302933622	1678.4813968520882	1678.7128029919331	
1678.7128029919331	1.3699999999998909	WheelMovementIntervals													-0.7804743315413738
1681.2758473745469	4.452416062273642	trials	-1.0	1.0	1.5		0.0	0.2	1684.728364631046	1684.728355063213	1685.7999228512344	1682.0000740795695	1682.0010739783752	1684.5878029919331	
1684.5878029919331	1.9409999999998035	WheelMovementIntervals													0.37976833531413234
1687.0864593146644	1.9174059499534906	trials	-1.0	1.0	1.5		1.0	0.2	1688.0039664588433	1688.003960112515	1689.066392269939	1687.8002870721068	1687.8012536409526	1687.901802991933	
1687.901802991933	1.8079999999999927	WheelMovementIntervals													0.6115596332863156
1690.352062154404	6.0874172595163145	trials	1.0	-1.0	0.0		0.0625	0.2	1694.4401817517737	1694.4394836487204	1696.499706651988	1690.869243146711	1690.8658768207315	1693.724802991933	
1693.724802991933	1.2860000000000582	WheelMovementIntervals													-0.9024662139442405
1697.866401669681	2.1747132426394273	trials	-1.0	1.0	1.5		0.25	0.2	1699.0412161065458	1699.0412043138226	1700.0997089823388	1698.648189215956	1698.6481225560356	1698.931802991933	
1698.931802991933	1.5340000000001055	WheelMovementIntervals													0.5227553384829449
1701.4106096466696	4.981129220807134	trials	1.0	1.0	1.5	1.0		0.2	1705.3918400617022	1705.3918225950943	1706.4496330083311	1702.0431789611628	1702.0330799832245	1705.228802991933	
1705.228802991933	1.484000000000151	WheelMovementIntervals													0.33204307338699124
1707.7928304040884	1.8501127603249188	trials	-1.0	1.0	1.5		0.125	0.2	1708.6430443586385	1708.6430319046908	1709.6991708072578	1708.3831706590177	1708.3839705780624	1708.5498029919331	
1708.5498029919331	1.9420000000000073	WheelMovementIntervals													1.0107495321966873
1711.030036117744	2.4304206972362863	trials	-1.0	1.0	1.5		0.0	0.2	1712.4605580092054	1712.4605404052004	1713.5161511784618	1711.7021347650254	1711.70293468407	1712.342802991933	
1712.342802991933	1.115000000000009	WheelMovementIntervals													0.8068686761109092
1714.8687476229934	4.218739711364151	trials	1.0	-1.0	0.0		0.0625	0.2	1717.0881896722112	1717.0874579254516	1719.1493144105145	1715.39109475913	1715.3892282813592	1716.428802991933	
1716.428802991933	1.19399999999996	WheelMovementIntervals													-0.3151890869757885
1719.613802991933	1.6840000000001965	WheelMovementIntervals													-0.6389091536235689
1720.852175406709	2.360527770712679	trials	-1.0	1.0	1.5		1.0	0.2	1722.2127710416867	1722.2127828814444	1723.2826627638656	1721.971062170371	1721.9701955914059	1722.112802991933	
1722.112802991933	1.288000000000011	WheelMovementIntervals													1.2096360911792416
1724.5916969504256	1.950002651021805	trials	-1.0	1.0	1.5		0.125	0.2	1725.5418007956728	1725.5417958156786	1726.5992271127395	1725.217033663557	1725.2137673274583	1725.4438029919331	
1725.4438029919331	1.280999999999949	WheelMovementIntervals													0.5245898738088428
1727.2408029919332	0.18599999999992178	WheelMovementIntervals													-0.12920331368875182
1727.9346919577322	1.9104066583129224	trials	-1.0	1.0	1.5		0.25	0.2	1728.8451998102705	1728.8452013738006	1729.9480215331196	1728.5340313019135	1728.5290318078846	1728.710802991933	
1728.710802991933	1.1520000000000437	WheelMovementIntervals													1.0702025808302267
1731.221825951756	1.9084068607014615	trials	-1.0	1.0	1.5		1.0	0.2	1732.1303006767228	1732.1303257305638	1733.1825275199997	1731.8825257526519	1731.8836589712982	1732.041802991933	
1732.041802991933	1.2889999999999873	WheelMovementIntervals													1.5407484079046085
1734.5135261503265	3.920603217442249	trials	1.0	-1.0	0.0		0.0625	0.2	1736.4349316955029	1736.434137664144	1738.531986130894	1735.1000334598336	1735.100966698719	1735.602802991933	
1735.602802991933	0.9550000000001546	WheelMovementIntervals													-0.34747365792651763
1739.8089568957487	3.2608033254718976	trials	-1.0	1.0	1.5		0.125	0.2	1742.069861415446	1742.0698553545394	1743.1729497779766	1741.665702318152	1741.6665355671566	1741.891802991933	
1739.969802991933	1.2330000000001746	WheelMovementIntervals													-0.7512190435358619
1741.891802991933	1.68100000000004	WheelMovementIntervals													0.7465857150666402
1744.4513537311195	1.965301102750118	trials	1.0	1.0	1.5	0.125		0.2	1745.416756028095	1745.4167620889048	1746.5169113541288	1744.9656350168898	1744.9665015958547	1745.253802991933	
1745.253802991933	1.4890000000000327	WheelMovementIntervals													-0.4029055896883733
1747.7888826249546	2.070790426759231	trials	-1.0	1.0	1.5		0.0625	0.2	1748.8597742459392	1748.8597860000243	1749.9418647335485	1748.2988310158996	1748.299764254785	1748.679802991933	
1748.679802991933	1.1200000000001182	WheelMovementIntervals													-0.5106719496482626
1751.3024936984864	1.5803067325666689	trials	-1.0	1.0	1.5		0.0625	0.2	1751.8829016252785	1751.8828931254984	1752.948760422274	1751.7987101458323	1751.799710044638	1751.7778029919332	
1751.7778029919332	1.1730000000000018	WheelMovementIntervals													0.4361349682232252
1754.2959907432146	3.4168208691328346	trials	1.0	-1.0	0.0		0.0625	0.2	1755.7136806000021	1755.7127955446763	1757.7878373527408	1754.8248372215887	1754.8256704705936	1755.4218029919332	
1755.4218029919332	1.3809999999998581	WheelMovementIntervals													-0.9866730669457411
1759.0764069437425	2.008496731159539	trials	-1.0	1.0	1.5		1.0	0.2	1760.0850048691275	1760.0850126184741	1761.162795791872	1759.748672240825	1759.7496054797105	1759.994802991933	
1759.994802991933	1.1390000000001237	WheelMovementIntervals													1.837002101604
1762.4228029919332	0.48099999999999454	WheelMovementIntervals													0.7914718643179555
1762.5086262544844	2.250905531639546	trials	-1.0	1.0	1.5		0.125	0.2	1763.7596329803494	1763.7596256192546	1764.827791544598	1763.4153011616006	1763.4163010604063	1763.629802991933	
1763.629802991933	2.088999999999942	WheelMovementIntervals													0.49099977957972385
1766.1499244055137	2.939935798698798	trials	-1.0	1.0	1.5		1.0	0.2	1768.0899280684778	1768.0899356082523	1769.1485209341513	1767.7484959562657	1767.7494958550717	1767.9728029919331	
1766.5468029919332	0.6649999999999636	WheelMovementIntervals													0.8586940670356817
1767.9728029919331	1.1099999999999	WheelMovementIntervals													1.3009617371063875
1770.5121495955066	2.89090742725557	trials	-1.0	-1.0	0.0	0.0625		0.2	1771.403792690576	1771.4030491818014	1773.4651174086407	1771.1497850639491	1771.1507849627549	1771.264802991933	
1771.264802991933	0.65300000000002	WheelMovementIntervals													0.28976268791436866
1774.8136475980286	2.5351434321610213	trials	1.0	1.0	1.5	0.0		0.2	1776.348858894455	1776.3488620302514	1777.4150509910523	1775.3406942585525	1775.3417274873184	1776.021802991933	
1776.021802991933	1.9680000000000746	WheelMovementIntervals													-0.5248074610535092
1778.731484428775	1.9491027420965565	trials	-1.0	1.0	1.5		0.0625	0.2	1779.680688365097	1779.6806832125862	1780.7816769401354	1779.3482220121768	1779.3493552308234	1779.5578029919332	
1779.5578029919332	1.946999999999889	WheelMovementIntervals													1.2979367985313495
1782.0673801545606	1.8688108679928064	trials	-1.0	1.0	1.5		0.25	0.2	1782.9362922167788	1782.9362894201302	1784.0276484333217	1782.664986340812	1782.6659529096576	1782.7198029919332	
1782.7198029919332	1.08199999999988	WheelMovementIntervals													0.5846745419190391
1785.3361160105583	1.9412035415309674	trials	-1.0	1.0	1.5		1.0	0.2	1786.2774207463146	1786.2774157358233	1787.3606444525703	1785.931522419437	1785.932588978163	1786.1458029919331	
1786.1458029919331	2.11200000000008	WheelMovementIntervals													0.8024374021336769
1788.649214043572	1.912806415446994	trials	-1.0	1.0	1.5		1.0	0.2	1789.5621216532445	1789.5621141246722	1790.6696095705204	1789.2981150385597	1789.299548226848	1789.4698029919332	
1789.4698029919332	1.6289999999999054	WheelMovementIntervals													1.3454948061512368
1791.9301153350402	1.9401036528445275	trials	-1.0	1.0	1.5		0.25	0.2	1792.87032018211	1792.8703244404269	1793.9314461247582	1792.5813827572013	1792.5824826458877	1792.773802991933	
1792.773802991933	1.359000000000151	WheelMovementIntervals													0.8952578649217955
1795.2457464450285	1.8709106554849768	trials	-1.0	1.0	1.5		1.0	0.2	1796.1167249647788	1796.1167473442258	1797.2315788032572	1795.7885581767234	1795.7894580856487	1796.0098029919332	
1796.0098029919332	1.02800000000002	WheelMovementIntervals													1.789587982597027
1798.5061498109783	1.9937982187145735	trials	-1.0	1.0	1.5		0.125	0.2	1799.5000492239183	1799.500054876667	1800.6105368376116	1799.0313633236915	1799.0323965524574	1799.3848029919332	
1799.3848029919332	1.2839999999998781	WheelMovementIntervals													0.6774463422222041
1801.9554673912987	4.182710024396101	trials	-1.0	1.0	1.5		0.125	0.2	1805.1382786099202	1805.1382659554038	1806.248499583932	1804.6645598857044	1804.6656597743909	1804.8938029919332	
1802.042802991933	0.6920000000000073	WheelMovementIntervals													1.2883663733755313
1803.0578029919332	0.8609999999998763	WheelMovementIntervals													0.6902610997166789
1804.8938029919332	1.3679999999999382	WheelMovementIntervals													0.7923747422812859
1807.5797648539403	2.9486349183091534	trials	-1.0	1.0	1.5		0.0625	0.2	1809.528500966475	1809.5284771490487	1810.6534871128517	1808.2811938661914	1808.2823270848378	1809.146802991933	
1809.146802991933	2.352000000000089	WheelMovementIntervals													0.8617753319871326
1811.9202922398479	3.2180076565848594	trials	-1.0	1.0	1.5		0.25	0.2	1814.138401090658	1814.1384044401561	1815.2142922056714	1813.8477638377794	1813.8488637264659	1814.004802991933	
1812.301802991933	0.9729999999999563	WheelMovementIntervals													0.9237815604552146
1814.004802991933	1.27800000000002	WheelMovementIntervals													1.2848174921546303
1816.6061180133497	2.1678139408795687	trials	-1.0	1.0	1.5		0.125	0.2	1817.7739998184943	1817.774016071643	1818.8474245164537	1817.28148299673	1817.2698175106627	1817.589802991933	
1817.589802991933	1.4070000000001528	WheelMovementIntervals													0.3310860532631743
1820.279612905925	5.287631534737102	trials	-1.0	1.0	1.5		0.0625	0.2	1824.5673456348875	1824.5673302863531	1825.6724004650694	1820.8494552353359	1820.8327569252795	1824.4328029919332	
1824.4328029919332	2.4880000000000564	WheelMovementIntervals													0.8248954138573374
1826.9394389017868	5.3974204236112655	trials	-1.0	1.0	1.5		0.125	0.2	1831.3369605196235	1831.3369479269832	1832.4140848431641	1827.4974490953296	1827.4983490042548	1827.7688029919332	
1827.7688029919332	0.6579999999999018	WheelMovementIntervals													-0.2037020331204431
1831.2318029919331	1.61200000000008	WheelMovementIntervals													1.1915264491713131
1833.7186528150582	2.5908377956427557	trials	-1.0	1.0	1.5		0.125	0.2	1835.3095584749663	1835.309559601884	1836.3807167356324	1834.348355752975	1834.3385900746387	1835.1068029919331	
1835.1068029919331	1.2100000000000364	WheelMovementIntervals													0.662995654393363
1838.1432716905315	1.989332004048947	trials	-1.0	1.0	1.5		0.25	0.2	1839.1326715588455	1839.1326794223496	1840.2139954573704	1838.8942956835488	1838.8878630012316	1839.0448029919332	
1839.0448029919332	0.94399999999996	WheelMovementIntervals													0.9554159724160591
1841.5065979735555	2.2753030625003703	trials	-1.0	1.0	1.5		0.0625	0.2	1842.7820022302813	1842.7819964084433	1843.8895568074777	1842.2412569561184	1842.2421235350832	1842.6838029919331	
1842.6838029919331	1.3430000000000746	WheelMovementIntervals													0.8737372358376376
1845.1640944852384	7.859137953468235	trials	1.0	-1.0	0.0		0.0	0.2	1851.0240014364806	1851.0232283205805	1853.0970916304932	1845.7472687987263	1845.748435347333	1850.598802991933	
1850.598802991933	1.5310000000001764	WheelMovementIntervals													-0.935398810657361
1854.5210475197969	6.188607018660605	trials	1.0	-1.0	0.0		0.0	0.2	1858.7105568560723	1858.7096622847753	1860.7801807342248	1855.0601929558707	1855.0572932493337	1858.3278029919331	
1858.3278029919331	1.372000000000071	WheelMovementIntervals													-0.681688092212724
1862.1597744465123	4.349993094602041	trials	1.0	1.0	1.5	0.0		0.8	1865.5098687353398	1865.5098851767361	1866.6171566728547	1862.6861545078323	1862.6775220481425	1865.2778029919332	
1865.2778029919332	1.9649999999999181	WheelMovementIntervals													-0.6759661652823326
1867.4468029919333	0.25499999999988177	WheelMovementIntervals													-0.05161116340737948
1867.9064928529408	4.633697715760718	trials	1.0	1.0	1.5	0.0625		0.8	1871.540291762927	1871.5403041769782	1872.6461131821932	1868.4801347978137	1868.4811013666592	1870.5158029919332	
1870.5158029919332	1.9179999999998927	WheelMovementIntervals													-0.5331767497946736
1873.9775117720424	2.214509215109274	trials	-1.0	1.0	1.5		0.25	0.8	1875.192122181377	1875.1921122087929	1876.3011099468617	1874.7298356335073	1874.730668882512	1875.0458029919332	
1875.0458029919332	1.5399999999999636	WheelMovementIntervals													0.3987344300755886
1877.587713070212	2.793817253214911	trials	-1.0	1.0	1.5		0.125	0.8	1879.3816315176523	1879.381616138186	1880.4630554060577	1878.0798965923746	1878.0809631511006	1879.271802991933	
1879.271802991933	1.2409999999999854	WheelMovementIntervals													-0.3215283532786124
1881.7983202712892	2.36252756832414	trials	1.0	1.0	1.5	1.0		0.8	1883.1609490338387	1883.1609268120985	1884.2570047747688	1882.4200573487199	1882.4118915084728	1882.6898029919332	
1882.6898029919332	1.7519999999999527	WheelMovementIntervals													-0.5074499608538758
1885.5717383845217	2.3580280236981253	trials	-1.0	1.0	1.5		0.125	0.8	1886.929867602445	1886.9298447267038	1888.040988485382	1886.0964852777922	1886.0975185065581	1886.5448029919332	
1886.5448029919332	1.2849999999998545	WheelMovementIntervals													0.3730555326735896
1889.3403569834863	2.4575179548726283	trials	1.0	1.0	1.5	0.0		0.8	1890.7979761325844	1890.797959836158	1891.9129632909037	1890.0464855201242	1890.0475187488903	1890.3328029919332	
1890.3328029919332	1.393000000000029	WheelMovementIntervals													-0.5294629041176897
1893.2274635909353	1.9912318117796985	trials	1.0	1.0	1.5	1.0		0.8	1894.2187632669802	1894.2187697609074	1895.3219516193913	1893.8464342816699	1893.8474341804756	1894.1138029919332	
1894.1138029919332	0.91599999999994	WheelMovementIntervals													-0.44276344154033254
1896.6405848344866	7.791744773959181	trials	1.0	1.0	1.5	0.0625		0.8	1903.432397472711	1903.4324068869248	1904.512888122231	1897.1629653005837	1897.1640318593097	1903.1548029919331	
1903.1548029919331	1.8230000000000928	WheelMovementIntervals													-0.7198194415479904
1905.6308029919333	0.8849999999999909	WheelMovementIntervals													-0.318535259502422
1905.8857158525993	3.377724825827272	trials	-1.0	1.0	1.5		0.125	0.8	1908.2635418726518	1908.263522561202	1909.383861824602	1907.3289031289341	1907.3168710133048	1908.0848029919332	
1908.0848029919332	1.1880000000001019	WheelMovementIntervals													0.5182162797953715
1910.7018284404935	1.8423135496398118	trials	-1.0	1.0	1.5		0.25	0.8	1911.5442431843587	1911.5442284140302	1912.6388324070401	1911.2125767504833	1911.2134766594083	1911.2438029919333	
1911.2438029919333	1.4169999999999163	WheelMovementIntervals													0.48098531034892034
1913.986629337304	2.166414082551455	trials	1.0	1.0	1.5	1.0		0.8	1915.153144614081	1915.1531415056252	1916.2668319039526	1914.6793592299446	1914.680459118631	1915.0198029919331	
1915.0198029919331	2.0210000000001855	WheelMovementIntervals													-0.4044091496973401
1917.5786658071688	5.260100987618216	trials	1.0	1.0	1.5	0.25		0.8	1921.8388679890124	1921.8388799161369	1922.9377567765587	1918.1458084098042	1918.1467416486896	1921.0138029919333	
1921.0138029919333	1.9049999999999727	WheelMovementIntervals													-0.6604053482408077
1924.2761879880086	2.9667997466137876	trials	1.0	1.0	1.5	0.25		0.8	1926.2430889288478	1926.243097586	1927.341744406673	1924.779270407154	1924.7803036359198	1925.9378029919333	
1925.9378029919333	1.3989999999998872	WheelMovementIntervals													-0.4436305556029936
1928.6752094540539	5.995626549146209	trials	1.0	1.0	1.5	0.125		0.8	1933.670903867465	1933.6709201701212	1934.7456950937924	1929.2957799828778	1929.2969132015244	1933.1588029919333	
1933.1588029919333	1.6790000000000873	WheelMovementIntervals													-0.4908247116220821
1936.0837263457197	4.324529005015165	trials	-1.0	-1.0	0.0	0.125		0.8	1938.4091243383893	1938.4082332852631	1940.5136780148237	1936.650668968594	1936.6294711139114	1938.2858029919332	
1938.2858029919332	1.7049999999999272	WheelMovementIntervals													-0.8809017105620072
1940.5058029919333	0.9510000000000218	WheelMovementIntervals													0.5390535790606776
1941.852042566353	2.738922808777943	trials	1.0	1.0	1.5	1.0		0.8	1943.5910332393962	1943.5910480486093	1944.6776232716313	1942.49564409767	1942.4967439863563	1943.0268029919332	
1943.0268029919332	3.369000000000142	WheelMovementIntervals													-0.6270790953213279
1946.0044556569342	6.047321317404567	trials	1.0	1.0	1.5	0.125		0.8	1951.0518781685641	1951.0518809155656	1952.1415678870974	1947.37858325575	1947.3796498144761	1950.9038029919332	
1950.9038029919332	1.1560000000001764	WheelMovementIntervals													-0.3383095810254453
1953.536793350715	6.029023169259062	trials	-1.0	-1.0	0.0	0.125		0.8	1957.5665188578278	1957.565799137912	1959.6611068761645	1954.1121017935977	1954.113235012244	1957.4728029919333	
1957.4728029919333	1.45699999999988	WheelMovementIntervals													-0.6431275261021945
1961.0062040796527	7.9694267917452635	trials	-1.0	-1.0	0.0	0.0625		0.8	1966.976399869172	1966.9756331954954	1969.0284921882633	1961.5285845457495	1961.5294844546747	1966.8188029919334	
1961.4008029919332	0.22199999999998	WheelMovementIntervals													-0.07288183113251989
1966.8188029919334	0.6059999999999945	WheelMovementIntervals													0.38607400058271324
1970.4234510121994	1.9626013759743728	trials	1.0	1.0	1.5	0.25		0.8	1971.3861535823992	1971.386148081721	1972.4450464177146	1971.0204905891273	1971.0213571680924	1971.2098029919332	
1971.2098029919332	5.855000000000018	WheelMovementIntervals													1.1139380634223635
1973.8294396442698	2.339829865433103	trials	1.0	1.0	1.5	1.0		0.8	1975.169370703928	1975.1693464913385	1976.256427355606	1974.4174468019855	1974.417313482145		
1977.5918588706386	2.0020307188822244	trials	-1.0	1.0	1.5		1.0	0.8	1978.5939574537858	1978.593964959102	1979.6447844387346	1978.2616910806269	1978.262590989552	1978.4678029919332	
1978.4678029919332	1.231999999999971	WheelMovementIntervals													0.6860873825695428
1981.0003805796835	10.656421522543269	trials	-1.0	-1.0	0.0	0.0625		0.8	1989.657771079762	1989.6568063154773	1991.7112965871415	1981.6353829812708	1981.6365495298776	1989.5498029919333	
1989.5498029919333	2.1639999999999873	WheelMovementIntervals													-1.0282175113795589
1993.159116727943	5.920234179190629	trials	1.0	1.0	1.5	0.25		0.8	1998.079452101359	1998.0794292720068	1999.1502770624234	1993.801318400932	1993.7983853644348	1997.7058029919333	
1997.7058029919333	2.4300000000000637	WheelMovementIntervals													-0.744673252131939
2000.5580345910735	5.081319081145693	trials	1.0	1.0	1.5	0.125		0.8	2004.6394548664446	2004.6394475450209	2005.7092465987428	2001.2778950713107	2001.278961630037	2004.0338029919333	
2004.0338029919333	2.395999999999958	WheelMovementIntervals													-0.5730937982785882
2007.5837568899285	7.707853264154664	trials	1.0	1.0	1.5	0.0625		0.8	2014.2916780183482	2014.2916825730879	2015.327606511091	2008.1277685001903	2008.128901718837	2013.7298029919334	
2013.7298029919334	4.16599999999994	WheelMovementIntervals													1.1161888897948842
2016.7871921278404	5.658827301401061	trials	1.0	1.0	1.5	0.125		0.8	2021.4461206234669	2021.446116524493	2022.535110412836	2018.5102177499514	2018.511050998956	2021.1298029919333	
2021.1298029919333	1.4700000000000273	WheelMovementIntervals													-0.4639164183740405
2023.9899298452779	8.19163763634856	trials	-1.0	1.0	1.5		0.25	0.8	2031.1816353458917	2031.1816439369602	2032.2272961870106	2024.5940353737667	2024.594968612652	2031.0818029919333	
2031.0818029919333	1.3070000000000164	WheelMovementIntervals													0.4656559279730317
2032.8058029919334	0.22999999999979082	WheelMovementIntervals													-0.06104805253553636
2033.6735498196829	2.1866120384281658	trials	1.0	1.0	1.5	0.125		0.8	2034.8602630523364	2034.8602600721813	2035.894058427627	2034.2770554088884	2034.278188627535	2034.1248029919334	
2034.1248029919334	2.769999999999982	WheelMovementIntervals													-0.7477407908751239
2037.3150812804336	7.418115920201444	trials	1.0	1.0	1.5	0.25		0.8	2043.7332983948602	2043.733304958649	2044.824987911005	2037.811031088098	2037.8121309767841	2043.0118029919333	
2043.0118029919333	1.7980000000000018	WheelMovementIntervals													-0.7030596657223427
2045.0658029919334	0.8889999999998963	WheelMovementIntervals													0.6786171293788534
2046.222513141876	2.0087967008009855	trials	-1.0	1.0	1.5		1.0	0.8	2047.2314110369027	2047.2314183057838	2048.293803518038	2046.9269751805045	2046.9280417392306	2047.1068029919334	
2047.1068029919334	1.0979999999999563	WheelMovementIntervals													1.1888578316336371
2049.6711307930327	2.9086056361174997	trials	1.0	1.0	1.5	1.0		0.8	2051.5798376233756	2051.579828482556	2052.6599283133737	2050.360927649176	2050.3619608779422	2050.702802991933	
2050.702802991933	2.531000000000404	WheelMovementIntervals													-0.4221735750902518
2054.00472554722	20.879186933022083	trials	1.0	1.0	1.5	0.25		0.8	2073.8840136744675	2073.8840135847627	2074.9764364497364	2054.6936224944384	2054.694589063284	2073.548802991933	
2073.548802991933	1.611000000000331	WheelMovementIntervals													0.4797415585117655
2075.509802991933	0.5459999999998217	WheelMovementIntervals													-0.1701507091914216
2076.409324768372	24.31777226616032	trials	1.0	1.0	1.5	0.125		0.8	2099.7271982287575	2099.727190809429	2100.800622926717	2076.9933323308646	2076.99429889971	2099.305802991933	
2099.305802991933	3.1970000000001164	WheelMovementIntervals													-0.5337957699199549
2102.352099243717	53.46768883106779	trials	1.0	1.0	1.5	0.0625		0.8	2154.81988926901	2154.8198933242206	2155.8752824585054	2103.609538651899	2103.610605210625	2140.203802991933	
2140.203802991933	2.6770000000001346	WheelMovementIntervals													-0.2679166668921411
2154.5128029919333	2.4909999999999854	WheelMovementIntervals													1.6128072512466005
2157.641003759623	6.644627534014035	trials	-1.0	-1.0	0.0	0.0625		0.8	2162.286500281292	2162.285610598642	2164.358490586618	2158.194281098818	2158.195247667664	2160.806802991933	
2160.806802991933	0.3220000000001164	WheelMovementIntervals													0.1407629820774119
2162.118802991933	1.3460000000000036	WheelMovementIntervals													0.41882171623711173
2165.7668147245913	2.782818366351421	trials	1.0	1.0	1.5	1.0		0.8	2167.549734285168	2167.549715850768	2168.6250587908585	2166.4401799103603	2166.4277811651687	2166.9258029919333	
2166.9258029919333	2.02599999999984	WheelMovementIntervals													-1.0778328481745163
2170.022017412406	6.146944568420167	trials	1.0	-1.0	0.0		0.0625	0.8	2174.16969764864	2174.168920031813	2190.691292256136	2170.6509870911987	2170.6520536499247	2173.8858029919334	
2173.8858029919334	1.4769999999998618	WheelMovementIntervals													-0.38921943064851305
2176.533802991933	0.2090000000002874	WheelMovementIntervals													-0.13513958776048796
2190.2478029919334	1.4369999999998981	WheelMovementIntervals													-0.8736298228705728
2195.801802991933	0.12100000000009459	WheelMovementIntervals													0.09386598439088445
2196.3858029919334	0.11099999999987631	WheelMovementIntervals													0.04273858202569514
