onset	duration	nwb_table	choice	feedback_type	reward_volume	contrast_left	contrast_right	probability_left	feedback_time	response_time	stim_off_time	stim_on_time	go_cue_time	first_movement_time	peak_amplitude
5.896218830000992	0.6909999999999235	WheelMovementIntervals													0.4169771392664307
7.081218830000862	0.38699999999995693	WheelMovementIntervals													0.09812928469804588
23.68521882999903	0.13099999999998602	WheelMovementIntervals													0.07246398720796088
41.2592188299971	0.10899999999998755	WheelMovementIntervals													0.03754055448251736
44.61921882999673	0.06399999999999295	WheelMovementIntervals													0.0065423686496743905
51.99821882999592	0.37899999999995515	WheelMovementIntervals													0.16799868379042882
54.40745871005441	2.7560917132677574	trials	-1.0	1.0	1.5		1.0	0.5	55.58627415005559	55.58615431073562	56.66356641005667	55.04732805005505	55.04876124005505	55.30521882999555	
55.30521882999555	0.5149999999999437	WheelMovementIntervals													0.3738289587038912
57.45121882999532	0.12699999999998113	WheelMovementIntervals													0.06298990255538661
57.52344708005752	2.923634974870538	trials	1.0	1.0	1.5	0.25		0.5	58.87067901005887	58.87056273456992	59.94703803005995	58.12868655005813	58.12968645005813	58.30521882999522	
58.30521882999522	0.6809999999999263	WheelMovementIntervals													-0.3003603206944303
60.808085250060806	2.387490668727878	trials	-1.0	1.0	1.5		0.25	0.5	61.612271490061616	61.612181770533084	62.695463160062694	61.31206818006131	61.31300142006131	61.465218829994875	
61.465218829994875	0.4249999999999545	WheelMovementIntervals													0.8141563351410721
63.153218829994685	0.9429999999998984	WheelMovementIntervals													1.1093782007538666
63.595073190063594	2.91850559893323	trials	-1.0	1.0	1.5		0.125	0.5	64.92797322006493	64.92787483359791	66.01349799006601	64.63026966006463	64.63130289006463	64.70821882999451	
64.70821882999451	0.3559999999999661	WheelMovementIntervals													0.416731303361527
66.8874772500669	2.709524876715548	trials	-1.0	1.0	1.5		0.25	0.5	68.01069825006802	68.01058673256192	69.0969229500691	67.46195313006746	67.46295303006747	67.5842188299942	
67.5842188299942	0.6859999999999218	WheelMovementIntervals													0.5139923934886199
69.96100320006997	2.517483312344453	trials	-1.0	1.0	1.5		1.0	0.5	70.91977398007091	70.91969608354916	71.97846810007198	70.6120714200706	70.61323797007061	70.72521882999385	
70.72521882999385	0.6619999999999351	WheelMovementIntervals													1.010916137983561
72.0952188299937	0.0799999999999983	WheelMovementIntervals													0.030894619854472616
72.84118182007285	3.6725267016158085	trials	1.0	1.0	1.5	0.0625		0.5	74.94620463007494	74.9460965509963	76.01363121007601	73.7970862200738	73.7978861400738	73.61921882999354	
72.86021882999361	0.22199999999998	WheelMovementIntervals													0.12902016801883498
73.61921882999354	0.8739999999998957	WheelMovementIntervals													-0.18245251132623785
74.68721882999341	0.6259999999999337	WheelMovementIntervals													-0.11761346538574369
76.89071016007689	2.62130113989393	trials	1.0	1.0	1.5	1.0		0.5	77.94810441007795	77.94801021650302	79.01193135007901	77.5951063800776	77.5961729400776	77.74621882999308	
77.74621882999308	0.27799999999996317	WheelMovementIntervals													-0.3829671944501776
79.23621882999292	0.5379999999999399	WheelMovementIntervals													0.5055218393431122
79.88881032007988	45.65699702105964	trials	1.0	1.0	1.5	0.125		0.5	80.78982021008079	80.78971221476328	125.04572751012505	80.41345785008042	80.41445775008042	80.57321882999277	
80.57321882999277	0.3709999999999667	WheelMovementIntervals													-0.373901963206813
83.19121882999248	0.234999999999971	WheelMovementIntervals													0.0456096388445042
84.58221882999233	1.0969999999998805	WheelMovementIntervals													-0.6296851364917115
87.32321882999203	0.17399999999997817	WheelMovementIntervals													0.06651857524876803
87.96221882999195	1.5999999999998238	WheelMovementIntervals													1.755779712217243
99.92921882999063	1.222999999999871	WheelMovementIntervals													1.5786086748906003
103.60921882999023	0.789999999999921	WheelMovementIntervals													0.5982087152006912
125.26721882998785	0.6159999999999286	WheelMovementIntervals													0.4674390974221314
125.9162071201259	3.9610970617169983	trials	-1.0	1.0	1.5		0.125	0.5	128.3179002601283	128.31780412606506	129.3772609801294	127.96073598012796	127.96160256012796	128.05521882998752	
126.16521882998775	1.3669999999998481	WheelMovementIntervals													0.5893555031784352
128.05521882998752	0.5509999999999593	WheelMovementIntervals													0.5738094115645058
130.3038016501303	3.3402986091084585	trials	-1.0	-1.0	0.0	0.0625		0.5	131.08525683013107	131.0843008578095	133.14408426013316	130.8124507801308	130.81325070013082	130.86621882998722	
130.86621882998722	0.5719999999999459	WheelMovementIntervals													0.4646579116657694
131.75821882998713	0.1599999999999966	WheelMovementIntervals													0.013380934315556203
134.007697890134	2.5697072269891805	trials	1.0	1.0	1.5	0.125		0.5	135.012530730135	135.012399933778	136.07732424013608	134.6955957601347	134.6965290001347	134.8552188299868	
134.8552188299868	0.5219999999999345	WheelMovementIntervals													-0.35069834866250993
136.94760387013696	2.3797224001912127	trials	1.0	1.0	1.5	0.0625		0.5	137.77232139013776	137.7722112856054	138.82724922013884	137.41205742013742	137.41315731013742	137.59321882998648	
137.59321882998648	0.5739999999999554	WheelMovementIntervals													-0.40012273638422435
139.6998286201397	3.410691784592217	trials	-1.0	-1.0	0.0	0.0625		0.5	140.54081118014054	140.54002610365316	142.6104375301426	140.22880905014023	140.22980895014024	140.33921882998618	
140.33921882998618	0.7399999999999238	WheelMovementIntervals													0.4200174822509606
143.4793173001435	2.516211334412503	trials	1.0	1.0	1.5	0.125		0.5	144.42652257014444	144.42642081362217	145.4955156601455	144.0954890101441	144.0964222501441	144.25921882998577	
144.25921882998577	0.5429999999999211	WheelMovementIntervals													-0.38926295648202824
146.3717280301464	3.1552138119223514	trials	1.0	1.0	1.5	0.0625		0.5	147.95363649014794	147.95353395182707	149.02686249014903	147.07705749014707	147.07805739014708	147.19121882998544	
147.19121882998544	1.0549999999998647	WheelMovementIntervals													-0.3504451424790549
149.9057412601499	2.704395600769999	trials	1.0	1.0	1.5	0.0625		0.5	151.03726143015103	151.03713858300029	152.1100874701521	150.6121039501506	150.6130371901506	150.67921882998505	
150.67921882998505	0.7829999999999302	WheelMovementIntervals													-0.5181856302357666
152.97813399015297	5.4989398082628895	trials	1.0	1.0	1.5	0.25		0.5	156.8948422801569	156.8947609191367	157.97703405015798	156.12861891015612	156.12965214015614	156.28721882998443	
153.40321882998475	2.16399999999976	WheelMovementIntervals													1.9149923696232154
156.28721882998443	0.18999999999999773	WheelMovementIntervals													-0.16939661082208168
156.78821882998437	0.4849999999999568	WheelMovementIntervals													-0.168648057640711
158.9034747301589	2.5585081756970567	trials	1.0	1.0	1.5	0.125		0.5	159.88467660015988	159.8845770983323	160.96193553016096	159.42845556015942	159.42958878015943	159.58921882998408	
159.58921882998408	0.677999999999912	WheelMovementIntervals													-0.375756975082183
161.83248180016184	4.660798723030126	trials	1.0	-1.0	0.0		0.0	0.5	163.91957307016392	163.9187803333022	165.993265680166	163.02672903016304	163.02756228016304	163.27521882998366	
162.0242188299838	0.4869999999999379	WheelMovementIntervals													-0.24651944728441322
163.27521882998366	0.7039999999999225	WheelMovementIntervals													-0.34960077429342284
166.86737826016687	2.6275009649704373	trials	1.0	1.0	1.5	0.0625		0.5	167.9131736701679	167.9130782462257	168.99483216016898	167.36176215016735	167.36252874016736	167.5472188299832	
167.5472188299832	0.6759999999999309	WheelMovementIntervals													-0.448958595024072
169.86747822016986	2.3772234059639175	trials	1.0	1.0	1.5	0.25		0.5	170.66869809017066	170.66858543382597	171.74459049017176	170.3765273101704	170.3774938801704	170.50521882998285	
170.50521882998285	0.5059999999999718	WheelMovementIntervals													-0.44292947806860106
172.6194030001726	58.491213922306656	trials	-1.0	1.0	1.5		0.125	0.5	229.54960941022955	173.325704363748	230.6105366402306	173.29316895017328	173.2941688501733	173.42321882998255	
173.42321882998255	0.4149999999999636	WheelMovementIntervals													0.5036177738364742
176.06721882998227	0.06599999999997408	WheelMovementIntervals													-0.014105982928125371
176.5802188299822	2.1799999999997794	WheelMovementIntervals													1.3945160206356473
180.45121882998177	0.22199999999998	WheelMovementIntervals													0.018502197761145922
181.17621882998168	0.4669999999999561	WheelMovementIntervals													0.7869212731839639
182.9902188299815	0.46099999999992747	WheelMovementIntervals													0.6742651771573325
208.67421882997866	0.9959999999998956	WheelMovementIntervals													0.8446493471546805
209.9952188299785	0.6799999999999216	WheelMovementIntervals													0.044305996086857036
211.0522188299784	0.34399999999996567	WheelMovementIntervals													-0.026733919414848373
231.47721663023148	40.18087295855295	trials	-1.0	-1.0	0.0	0.0		0.5	269.0984208002691	269.09738306663206	271.15801482027115	232.1756134502322	232.17687999023218	261.35021882997285	
261.35021882997285	0.4989999999999668	WheelMovementIntervals													0.1581633566172993
267.86121882997213	0.38199999999994816	WheelMovementIntervals													0.0407566141689788
268.79821882997203	0.5509999999999309	WheelMovementIntervals													0.14098102674478064
271.7982188299717	0.40599999999994907	WheelMovementIntervals													0.06482094926325743
272.0892883502721	28.601665683775877	trials	-1.0	1.0	1.5		0.0625	0.5	299.13585009029913	299.13574857126514	300.19084458030017	272.6099362802726	272.6110361702726	272.46521882997166	
272.46521882997166	0.9229999999998881	WheelMovementIntervals													0.2257065003389478
299.0262188299687	0.17500000000001137	WheelMovementIntervals													0.12764954648851656
299.92021882996863	0.6939999999999031	WheelMovementIntervals													0.21176501549235027
301.1069529603011	20.483911668974315	trials	-1.0	1.0	1.5		0.0	0.5	320.02906056032003	320.0289628157643	321.0908543703211	301.6757627403017	301.67676264030166	319.9342188299664	
308.1582188299677	0.6619999999999209	WheelMovementIntervals													-0.06409526976575108
313.3182188299671	0.35599999999999454	WheelMovementIntervals													0.08410753363487089
314.05521882996703	1.0759999999999081	WheelMovementIntervals													0.07892767215563623
319.9342188299664	0.27499999999997726	WheelMovementIntervals													0.20954327967556097
321.996063840322	2.946432782115096	trials	-1.0	1.0	1.5		0.0625	0.5	323.3683932603234	323.368278176186	324.4424525103245	322.75892088032276	322.75988745032276	322.8682188299661	
322.8682188299661	0.5169999999999391	WheelMovementIntervals													0.2836455513710341
325.3155985203253	2.7916871607421285	trials	1.0	1.0	1.5	0.25		0.5	326.53017705032653	326.5300920646654	327.6072360003276	326.15711436032615	326.15814759032617	326.3342188299657	
326.3342188299657	0.49199999999990496	WheelMovementIntervals													-0.42207277486066985
328.48368168032846	2.406920220507743	trials	1.0	1.0	1.5	0.125		0.5	329.3234976903293	329.323388036948	330.3905243103304	329.008629180329	329.009462430329	329.1622188299654	
329.1622188299654	0.4969999999999004	WheelMovementIntervals													-0.42452423207025447
331.27230279033125	3.8347122218779646	trials	1.0	-1.0	0.0		0.0625	0.5	332.5324101003325	332.5314061466198	334.60696929033463	331.9088058003319	331.9097390403319	332.05021882996505	
332.05021882996505	0.6979999999999222	WheelMovementIntervals													-0.3281897667450302
335.4927140403355	2.5659051461230433	trials	-1.0	1.0	1.5		0.0625	0.5	336.4886144403365	336.48851564940355	337.5585741003376	336.0754890903361	336.07638900033606	336.3382188299646	
336.3382188299646	0.41299999999995407	WheelMovementIntervals													0.585731648927446
338.44471881033843	2.664093521790221	trials	-1.0	1.0	1.5		1.0	0.5	339.53880939033957	339.5387153288045	340.6087690503406	339.27373590033926	339.27466914033926	339.2532188299643	
339.2532188299643	0.7919999999999163	WheelMovementIntervals													1.1614335834029674
341.5430089503416	8.59723379360355	trials	-1.0	1.0	1.5		0.0625	0.5	348.5820383103486	348.58193579988205	349.64019915034964	342.0734892303421	342.07432248034206	348.0582188299633	
348.0582188299633	0.8919999999998822	WheelMovementIntervals													0.6335172211864624
350.53254324035055	2.5089825207010676	trials	-1.0	1.0	1.5		0.125	0.5	351.4770487803515	351.47693628465385	352.54150899035255	351.0914873403511	351.0925539003511	351.18721882996294	
351.18721882996294	0.6749999999999545	WheelMovementIntervals													0.9457636657296291
353.4109220403534	2.512312578116223	trials	-1.0	1.0	1.5		1.0	0.5	354.36132699035437	354.36122604161756	355.4232207903554	354.0564574803541	354.05749071035405	354.1482188299626	
354.1482188299626	0.5139999999999532	WheelMovementIntervals													0.737297187248469
356.2894341603563	2.600603447154697	trials	-1.0	1.0	1.5		0.25	0.5	357.33496293035734	357.3348347420891	358.3900240803584	356.8750089303569	356.87580885035686	357.04221882996234	
357.04221882996234	0.7769999999998731	WheelMovementIntervals													0.6654181547596885
359.2725358203593	2.3173289676367403	trials	1.0	1.0	1.5	0.125		0.5	360.03765930036	360.0375447230582	361.0897540803611	359.75802060035977	359.75912049035975	359.765218829962	
359.765218829962	0.6679999999999495	WheelMovementIntervals													-0.5270490165245896
360.8642188299619	0.3229999999999791	WheelMovementIntervals													0.04047199169168891
361.959567090362	2.5821032926560292	trials	-1.0	1.0	1.5		0.0	0.5	362.994063630363	362.9939680088092	364.04155887036404	362.5249105503625	362.52574380036253	362.8672188299617	
362.8672188299617	0.5019999999998959	WheelMovementIntervals													1.066590226357654
363.89021882996155	0.21999999999997044	WheelMovementIntervals													0.20772003145820506
364.4202188299615	2.6869999999996708	WheelMovementIntervals													6.458421593435968
364.9328697303649	5.556898539023052	trials	1.0	1.0	1.5	1.0		0.5	368.93946903036897	368.93936723501696	369.98969733037	368.53974234036855	368.54067558036854	368.59921882996105	
367.2462188299612	0.5989999999999327	WheelMovementIntervals													0.11721503196066152
368.59921882996105	0.7549999999999386	WheelMovementIntervals													-0.3717709198711745
369.70021882996093	0.2859999999999445	WheelMovementIntervals													0.05469098556410401
370.96986597037096	2.538108900844861	trials	-1.0	1.0	1.5		1.0	0.5	371.9294700003719	371.92936857915527	373.007928810373	371.60796882037164	371.6089687203716	371.7442188299607	
371.7442188299607	1.1389999999998963	WheelMovementIntervals													1.2152803020353495
373.8901739103739	3.001326883789318	trials	1.0	1.0	1.5	0.0625		0.5	375.31469811037533	375.31458572007165	376.3914570903764	374.53960896037455	374.54060886037456	374.7832188299604	
374.7832188299604	1.317999999999813	WheelMovementIntervals													-0.4109904435195233
377.27580198037725	2.5988015208566253	trials	1.0	1.0	1.5	1.0		0.5	378.30399915037833	378.303902186431	379.37452542037937	377.90653890037794	377.9075721303779	378.04321882996	
378.04321882996	0.9459999999999127	WheelMovementIntervals													-0.3619438258635128
380.2695025803803	2.572105094178937	trials	1.0	1.0	1.5	1.0		0.5	381.2628032403813	381.26270416132076	382.34152869038235	380.73965556038075	380.74058880038075	380.8682188299597	
380.8682188299597	0.8199999999999363	WheelMovementIntervals													-0.3814515955719422
382.0382188299596	1.4509999999997945	WheelMovementIntervals													2.3237891382269957
383.2222072803832	54.267899420978836	trials	-1.0	1.0	1.5		0.0	0.5	435.92510313043596	397.33263261122266	436.99002996043697	383.98936389038397	383.990163810384	400.27621882995754	
400.27621882995754	1.6419999999998254	WheelMovementIntervals													0.49007827153541683
406.4482188299569	0.3109999999999786	WheelMovementIntervals													-0.1783352092031265
407.2022188299568	1.2339999999998668	WheelMovementIntervals													0.47246607661949014
408.73721882995665	0.30999999999994543	WheelMovementIntervals													-0.026562156299860362
424.07021882995497	1.2159999999998377	WheelMovementIntervals													1.6506908398416016
425.72121882995475	0.5099999999999341	WheelMovementIntervals													-0.1570006974819691
428.4972188299545	0.08999999999997499	WheelMovementIntervals													0.03600583070049623
429.20421882995436	0.9699999999999136	WheelMovementIntervals													0.5469877665853602
430.51921882995424	1.0209999999999013	WheelMovementIntervals													0.3634538640985383
437.9018054404379	52.10420822111604	trials	-1.0	-1.0	0.0	0.25		0.5	487.4329518304874	487.43200641410976	489.50591118048953	438.58857009043857	438.5898699604386	438.8432188299533	
438.8432188299533	0.9309999999999263	WheelMovementIntervals													-0.1450675573191731
484.6272188299483	0.16699999999997317	WheelMovementIntervals													0.1205683302931746
485.0942188299482	1.185999999999865	WheelMovementIntervals													0.19043939926066145
486.75421882994806	0.727999999999895	WheelMovementIntervals													0.0833842202650672
487.8402188299479	2.53899999999976	WheelMovementIntervals													0.8927925081446375
490.4911126504905	63.11440727094856	trials	0.0	-1.0	0.0	0.0		0.5	551.1062172005511	551.1055137515826	552.6218989505526	491.1043179904911	491.1052512304911		
521.1732188299442	0.3909999999999627	WheelMovementIntervals													0.08823890220997299
551.127218829941	0.12599999999997635	WheelMovementIntervals													0.06700491824126686
551.4362188299408	0.1349999999999909	WheelMovementIntervals													0.015358571204494353
552.3392188299407	0.38200000000006185	WheelMovementIntervals													0.12198440036414837
553.2972188299407	0.8159999999999172	WheelMovementIntervals													1.208629581303704
554.0906187305541	2.5474078375273166	trials	-1.0	1.0	1.5		1.0	0.5	555.0428235005551	555.0427209123494	556.1379806405562	554.7032907905547	554.7041907005547	554.7762188299405	
554.7762188299405	0.6109999999998763	WheelMovementIntervals													0.7326791092591876
557.023125450557	2.6488252266824475	trials	-1.0	1.0	1.5		0.25	0.5	558.0760534805581	558.0759350797633	559.1718438905592	557.5367074205575	557.5378073105576	557.6412188299402	
557.6412188299402	0.738999999999919	WheelMovementIntervals													0.5098665208881386
560.0768533805601	3.194707717167148	trials	-1.0	1.0	1.5		0.0625	0.5	561.6902586905617	561.6901567726791	562.7714505605628	560.8364107505608	560.8374439805608	560.9132188299399	
560.9132188299399	0.9959999999998672	WheelMovementIntervals													0.40596430911065795
562.7182188299396	0.23099999999999454	WheelMovementIntervals													0.044449054443575164
563.2392188299395	0.34799999999995634	WheelMovementIntervals													0.04850175173886129
563.6676609305637	3.0188939324009425	trials	1.0	1.0	1.5	0.0625		0.5	565.1021508005651	565.1020575724662	566.1864756905662	564.3696240605643	564.3707239505644	564.5292188299394	
564.5292188299394	0.8229999999999791	WheelMovementIntervals													-0.38231644366714335
567.080552940567	2.9574008862039136	trials	1.0	1.0	1.5	0.25		0.5	568.4769466205685	568.4768524147022	569.5379071805695	567.8710738805679	567.8720071205679	568.026218829939	
568.026218829939	0.6339999999999009	WheelMovementIntervals													-0.32939459973502494
570.4261516805705	2.761711301604123	trials	1.0	1.0	1.5	0.0625		0.5	571.6417634405716	571.6416557744589	572.6877921605727	570.986395650571	570.987328890571	571.1972188299387	
571.1972188299387	0.6199999999998909	WheelMovementIntervals													-0.3667537155215541
573.6505625405737	2.5024121293924964	trials	-1.0	1.0	1.5		0.25	0.5	574.5989676905746	574.5988663791667	575.6529622805757	574.2360706505742	574.2369372305742	574.4352188299383	
574.4352188299383	0.5229999999999109	WheelMovementIntervals													0.8171414185742094
576.5335742105765	2.6027024834210124	trials	1.0	1.0	1.5	1.0		0.5	577.5794696105776	577.5793748066349	578.6362639205786	577.1212487705772	577.1222486705772	577.242218829938	
577.242218829938	0.5240000000000009	WheelMovementIntervals													-0.3399004936183587
579.5162759105796	2.386620996128272	trials	-1.0	1.0	1.5		0.0625	0.5	580.3433931905804	580.3432828395962	581.4027872405815	580.03769043058	580.03852368058	580.1842188299377	
580.1842188299377	0.5009999999999764	WheelMovementIntervals													0.858557580437008
582.2840991005822	2.4535877832582855	trials	1.0	1.0	1.5	0.125		0.5	583.1872754405832	583.1871938678104	584.2376370605842	582.7875487505828	582.7885153205827	582.8562188299373	
582.8562188299373	0.54200000000003	WheelMovementIntervals													-0.3996353740288896
585.1144827005851	2.7734166752464944	trials	1.0	1.0	1.5	0.125		0.5	586.3269947705863	586.3268891159078	587.3878220105873	585.8026472105859	585.8034804605858	585.962218829937	
585.962218829937	0.6870000000000118	WheelMovementIntervals													-0.3903322990483957
588.2799994505883	2.4911120310920296	trials	-1.0	1.0	1.5		0.0625	0.5	589.2149059505892	589.2148035900691	590.2710669905903	588.9026705105889	588.9037704005889	589.0052188299367	
589.0052188299367	0.5960000000000036	WheelMovementIntervals													0.6882611127143079
591.1525121705912	2.618300199432042	trials	-1.0	1.0	1.5		0.125	0.5	592.2177056405923	592.2176118449278	593.2707669905933	591.6691605005917	591.6700604105916	591.8392188299364	
591.8392188299364	0.47899999999992815	WheelMovementIntervals													0.3194988036290525
594.1614112505941	2.509503718320161	trials	-1.0	1.0	1.5		1.0	0.5	595.1173156505952	595.1172119050548	596.1708436205962	594.7692837905947	594.7703503505948	594.8912188299361	
594.8912188299361	0.6679999999998927	WheelMovementIntervals													0.9370024790768738
597.1407132905971	3.4952121342818145	trials	1.0	1.0	1.5	0.0		0.5	599.0895183905991	599.0894189408214	600.1359137406001	597.6358637705977	597.6366636905976	597.7452188299358	
597.7452188299358	1.69199999999978	WheelMovementIntervals													-0.36859334420575607
601.027624560601	2.509910691554296	trials	1.0	1.0	1.5	0.25		0.5	601.972930020602	601.9728278337395	603.0374235606031	601.5707035806016	601.5716034906015	601.7532188299353	
601.7532188299353	0.59599999999989	WheelMovementIntervals													-0.5113886088756345
603.9269346006039	2.5939987709639354	trials	1.0	1.0	1.5	0.125		0.5	604.957231560605	604.9571337153487	606.020858520606	604.4024870406045	604.4035869306044	604.623218829935	
604.623218829935	0.6819999999999027	WheelMovementIntervals													-0.3811411714712776
606.952632000607	2.3513224524484713	trials	1.0	1.0	1.5	1.0		0.5	607.7396532906077	607.7395391800075	608.8039135206088	607.4355837006075	607.4365836006075	607.5682188299347	
607.5682188299347	0.6229999999999336	WheelMovementIntervals													-0.6142085970700322
609.7015570806097	2.602502225770877	trials	-1.0	1.0	1.5		0.25	0.5	610.7352537006108	610.7351571702761	611.8039801506118	610.3189620006103	610.3198619106104	610.4842188299343	
610.4842188299343	0.43200000000001637	WheelMovementIntervals													0.4083157883077604
612.6986573406127	3.603802036048819	trials	1.0	-1.0	0.0		0.0	0.5	613.7388199806137	613.7377573510068	615.8023469406158	613.2854653206133	613.2864985506133	613.395218829934	
613.395218829934	0.70699999999988	WheelMovementIntervals													-0.5065776964824735
616.6978573806167	2.504210199052636	trials	-1.0	1.0	1.5		0.25	0.5	617.6354636106176	617.6353604501022	618.7020569406187	617.2535684706172	617.2544350506173	617.4492188299336	
617.4492188299336	0.58299999999997	WheelMovementIntervals													0.7713700049457088
619.6024668906196	2.4831055605594656	trials	1.0	1.0	1.5	0.125		0.5	620.5082763006205	620.5081685540632	621.5855352306216	620.1535784406202	620.1547449906202	620.2952188299332	
620.2952188299332	0.48900000000003274	WheelMovementIntervals													-0.4264744200800479
622.5480723006226	2.387490251502186	trials	1.0	1.0	1.5	1.0		0.5	623.3839553706234	623.383868537862	624.4355502006244	623.1038167206231	623.1047166306231	623.2222188299329	
623.2222188299329	0.5330000000000155	WheelMovementIntervals													-0.5174881374474012
625.3401597306254	2.6786241534612145	trials	1.0	1.0	1.5	0.25		0.5	626.4696801006264	626.4695690713633	627.5187085206276	625.8705733506259	625.8713399406258	626.0972188299327	
626.0972188299327	0.7159999999998945	WheelMovementIntervals													-0.37492055547654957
628.4185851906284	3.2018078332638424	trials	1.0	1.0	1.5	0.0		0.5	630.05788791063	630.0577881770361	631.1202816606311	629.1366800406291	629.1376132806291	629.7172188299322	
629.7172188299322	0.46299999999996544	WheelMovementIntervals													-0.3606209584093918
632.0192917506321	2.332496716349283	trials	-1.0	1.0	1.5		1.0	0.5	632.8057797606328	632.805689969256	633.8517751506339	632.5185084906325	632.5195750506325	632.6642188299319	
632.6642188299319	0.6009999999999991	WheelMovementIntervals													0.9523208216584109
633.7972188299318	0.06799999999998363	WheelMovementIntervals													0.010109457752015771
634.7474855706348	2.5227087702703557	trials	1.0	1.0	1.5	0.25		0.5	635.7237879306357	635.7236881904995	636.7700832906368	635.2201049706352	635.2212048606352	635.3702188299316	
635.3702188299316	0.5349999999999682	WheelMovementIntervals													-0.40200029712151064
637.6687934106377	2.517907881351107	trials	-1.0	1.0	1.5		0.125	0.5	638.6378964906387	638.6377960588869	639.6866916006397	638.3185617606383	638.3195283306384	638.4742188299313	
638.4742188299313	0.5019999999999527	WheelMovementIntervals													0.7966363671267871
640.5887013906406	3.829911511574778	trials	1.0	-1.0	0.0		0.125	0.5	641.8754727006419	641.874404583681	643.9185683706439	641.1350134206411	641.1361466406412	641.275218829931	
641.275218829931	0.6949999999999363	WheelMovementIntervals													-0.3732503896939079
644.8166118906448	2.5867024059290316	trials	-1.0	1.0	1.5		0.25	0.5	645.8424093006458	645.8423120516071	646.903236540647	645.5532048906456	645.5541048006455	645.7012188299304	
645.7012188299304	0.5710000000000264	WheelMovementIntervals													1.0131507042265966
647.8116123606478	2.7083133710270886	trials	1.0	1.0	1.5	1.0		0.5	648.948931950649	648.9488171352749	650.01992484065	648.3015633606483	648.3023966106483	648.3922188299301	
648.3922188299301	0.9319999999999027	WheelMovementIntervals													-0.37999434230386697
651.010325790651	2.8763065325349544	trials	1.0	1.0	1.5	1.0		0.5	652.3242277206523	652.3241283177316	653.3865881406534	652.034956650652	652.036023210652	652.1642188299297	
652.1642188299297	0.6069999999999709	WheelMovementIntervals													-0.4507707057891608
654.2804320806542	3.2877970835282895	trials	1.0	1.0	1.5	0.0		0.5	656.007226050656	656.0071300237867	657.0681866106571	655.018191630655	655.019291520655	655.2172188299294	
655.2172188299294	1.1549999999999727	WheelMovementIntervals													-0.38440229974455775
657.990927660658	2.5105095963490385	trials	-1.0	1.0	1.5		0.0625	0.5	658.9373330106589	658.9372305239997	660.00135993066	658.4695797906585	658.4705796906585	658.707218829929	
658.707218829929	0.5029999999999291	WheelMovementIntervals													0.5365143086837847
660.902536470661	2.4840108947195176	trials	-1.0	1.0	1.5		0.25	0.5	661.8154451706619	661.815339739217	662.8864713906629	661.4531480706614	661.4542146306615	661.5572188299287	
661.5572188299287	0.6609999999999445	WheelMovementIntervals													0.7245897568223327
663.7985468406638	2.5379067665418233	trials	-1.0	1.0	1.5		0.0625	0.5	664.7695497306647	664.7694486641525	665.8364097006659	664.2679332306643	664.2688664706643	664.3872188299284	
664.3872188299284	0.7839999999998781	WheelMovementIntervals													0.6859279217079148
666.7429523706668	2.5435052939225216	trials	-1.0	1.0	1.5		0.125	0.5	667.7241542406678	667.7240540269537	668.7864146706688	667.3513915206673	667.3524914106673	667.567218829928	
667.567218829928	0.37999999999999545	WheelMovementIntervals													0.33040020653042035
669.6928573506697	2.6251984176956285	trials	-1.0	1.0	1.5		1.0	0.5	670.7489517306708	670.7488563119251	671.8180114806718	670.3678898406704	670.3687897506704	670.5282188299277	
670.5282188299277	0.625	WheelMovementIntervals													0.581905632261936
672.7223543706727	2.463805001191986	trials	-1.0	1.0	1.5		0.125	0.5	673.6174648506736	673.6173554608848	674.6860913106747	673.2694996506733	673.2703995606732	673.4052188299274	
673.4052188299274	0.4479999999999791	WheelMovementIntervals													0.4533770784450937
675.6859579806757	2.7003217443146923	trials	1.0	1.0	1.5	0.25		0.5	676.8198779106768	676.819766270898	677.8862046006778	676.2344031306762	676.2353697006762	676.4192188299271	
676.4192188299271	0.9499999999999318	WheelMovementIntervals													-0.3995294387855495
678.7918806906788	2.6094001087561765	trials	-1.0	1.0	1.5		1.0	0.5	679.8270771606798	679.8269799404585	680.9011697406809	679.5180080706796	679.5190079706796	679.6422188299267	
679.6422188299267	0.45299999999997453	WheelMovementIntervals													0.5833901190311934
681.8134785006819	2.5559034082277776	trials	-1.0	1.0	1.5		0.25	0.5	682.8087789606828	682.8086794383818	683.8693395606839	682.4191512606824	682.4199845106824	682.5602188299264	
682.5602188299264	0.6889999999999645	WheelMovementIntervals													0.6296708652832166
684.7851813006848	2.4493124439762823	trials	1.0	1.0	1.5	1.0		0.5	685.6830915006857	685.682985495515	686.7344196906868	685.3844213706853	685.3852879506854	685.464218829926	
685.464218829926	0.7339999999999236	WheelMovementIntervals													-0.6203206965673616
687.6509946906876	2.6165998201497587	trials	-1.0	1.0	1.5		0.125	0.5	688.7198877906887	688.719793800287	689.7675496806897	688.3025295306883	688.3035627606884	688.4102188299257	
688.4102188299257	0.5430000000000064	WheelMovementIntervals													0.45336876108279256
690.6758921706906	5.491510949092344	trials	1.0	1.0	1.5	0.0		0.8	694.6081989006946	694.6080985787045	695.6673596406956	691.3024961706913	691.3035294006913	694.0962188299252	
694.0962188299252	0.8669999999998481	WheelMovementIntervals													-0.40235905442646924
696.5791017906965	2.7550168942392474	trials	1.0	1.0	1.5	1.0		0.8	697.7725157706977	697.7724086751208	698.8340429406989	697.2190377906973	697.2201376806972	697.3682188299248	
697.3682188299248	0.7679999999999154	WheelMovementIntervals													-0.35562908174763663
699.7303199706997	2.3870198456509115	trials	-1.0	1.0	1.5		1.0	0.8	700.5522377707006	700.5521264589065	701.6172979207016	700.2359360707003	700.2367693207002	700.3542188299244	
700.3542188299244	0.38900000000001	WheelMovementIntervals													0.46145405859477506
702.5105419207025	2.475003218847746	trials	1.0	1.0	1.5	0.25		0.8	703.4242172107034	703.424142370617	704.4854777407045	703.0854510907031	703.0864176607031	703.2362188299242	
703.2362188299242	0.6359999999999673	WheelMovementIntervals													-0.4095836442206817
705.4955433907055	2.338596217650661	trials	1.0	1.0	1.5	1.0		0.8	706.2648331207063	706.2647414888072	707.3340928507073	705.967362870706	705.968362770706	706.1132188299238	
706.1132188299238	0.6129999999999427	WheelMovementIntervals													-0.5719592444128452
708.2295366307083	2.639398449665805	trials	-1.0	1.0	1.5		0.25	0.8	709.2926303107093	709.2925352008369	710.3688560107104	708.902402670709	708.9033692407089	708.9992188299235	
708.9992188299235	0.4759999999999991	WheelMovementIntervals													0.41217474327478953
711.2701325407113	2.813909865288906	trials	1.0	1.0	1.5	0.125		0.8	712.5108417907126	712.5107364492629	713.5840344607136	711.7672494907117	711.7683160507117	711.9112188299232	
711.9112188299232	0.9829999999998336	WheelMovementIntervals													-0.37896542475856876
714.5013427207145	2.4174169857381003	trials	1.0	1.0	1.5	1.0		0.8	715.3435584907154	715.343447940984	716.4186509707164	715.002025980715	715.002925890715	715.1622188299228	
715.1622188299228	0.48599999999999	WheelMovementIntervals													-0.4421778284993749
717.3259602307173	2.5431065389446985	trials	1.0	1.0	1.5	0.25		0.8	718.2958632307183	718.2957619616226	719.3689559107194	717.950364450718	717.951231030718	718.1222188299225	
718.1222188299225	0.5489999999998645	WheelMovementIntervals													-0.39432042356411756
720.2730654907202	2.3122975601374947	trials	1.0	1.0	1.5	1.0		0.8	721.021557300721	721.0214640537137	722.0852842507221	720.7337860807207	720.7348526407208	720.8622188299222	
720.8622188299222	0.5289999999998827	WheelMovementIntervals													-0.3585404033974058
722.991660270723	2.4086174938835256	trials	-1.0	1.0	1.5		0.25	0.8	723.8313762907238	723.8312656716421	724.9002360607249	723.4838777107235	723.4848442807235	723.6432188299219	
723.6432188299219	0.3869999999999436	WheelMovementIntervals													0.48143686326388746
725.8100784007258	2.9917948027950843	trials	1.0	1.0	1.5	0.25		0.8	727.2346692607273	727.234575450022	728.3018292007283	726.5520042007265	726.5531374207266	726.6822188299216	
726.6822188299216	0.9509999999999081	WheelMovementIntervals													-0.4058604254431799
729.2135713507292	2.3535208571087196	trials	-1.0	1.0	1.5		1.0	0.8	729.99779292073	729.9976779663878	731.0670193207311	729.7167210307297	729.7177542607297	729.8562188299212	
729.8562188299212	0.49899999999990996	WheelMovementIntervals													0.864489854278915
731.979894690732	3.55349620553784	trials	-1.0	-1.0	0.0	0.0625		0.8	732.968395830733	732.9674930803176	735.0333893107351	732.5517708307326	732.5527374007326	732.6832188299209	
732.6832188299209	0.43600000000003547	WheelMovementIntervals													0.36602473666990676
736.0457880607361	2.5211073645971283	trials	-1.0	1.0	1.5		0.25	0.8	737.015291100737	737.0151901235008	738.0668526007381	736.6686924307367	736.6697589907367	736.7812188299205	
736.7812188299205	0.6079999999999472	WheelMovementIntervals													0.6569638119095558
738.982994310739	3.1520105211931195	trials	1.0	1.0	1.5	0.0625		0.8	740.5776015007406	740.5774991272167	741.6348957607416	739.6849241107396	739.6859906707397	739.8132188299201	
739.8132188299201	1.2639999999998963	WheelMovementIntervals													-0.4180143011383066
742.5418050607426	14.793042263169127	trials	-1.0	1.0	1.5		0.0625	0.8	755.7671490607557	755.767041950733	756.8348089507568	743.2332025807433	743.2342691407432	755.5182188299184	
743.4572188299197	0.17399999999997817	WheelMovementIntervals													0.010353018954909032
755.5182188299184	0.5329999999999018	WheelMovementIntervals													0.5521502493047024
756.4982188299183	2.2419999999997344	WheelMovementIntervals													2.550917318911118
757.7818475707578	10.46951059879666	trials	1.0	1.0	1.5	0.25		0.8	766.6904566207667	766.6903548874745	767.7513171907677	759.4166507407595	759.4177506307594	766.3102188299172	
766.1072188299172	0.07399999999995543	WheelMovementIntervals													-0.015614136985412586
766.3102188299172	0.7009999999999081	WheelMovementIntervals													-0.36157304494707887
768.6911565307687	2.576901665406808	trials	-1.0	1.0	1.5		0.0625	0.8	769.6939562407697	769.6938564005749	770.7679821607708	769.2995956807694	769.3006289107693	769.4602188299168	
769.4602188299168	0.29700000000002547	WheelMovementIntervals													0.323278900009889
771.6947561407717	2.6398253709901383	trials	1.0	1.0	1.5	0.25		0.8	772.7729816407727	772.7728660939326	773.8345421407738	772.3827540007724	772.3839538807724	772.5542188299165	
772.5542188299165	0.2579999999999245	WheelMovementIntervals													-0.3091813946294195
774.7460843107748	2.6048993433031455	trials	-1.0	1.0	1.5		0.125	0.8	775.7856803407758	775.7855836496608	776.8508738107769	775.3659556507754	775.3669222207753	775.5472188299161	
775.5472188299161	0.26300000000003365	WheelMovementIntervals													0.2879560223115618
777.7649823907777	2.4363148239945076	trials	1.0	1.0	1.5	0.25		0.8	778.6362952507786	778.6361869765245	779.7011887507797	778.2825306307783	778.2835305307783	778.4412188299159	
778.4412188299159	0.39799999999991087	WheelMovementIntervals													-0.459737020901521
780.6146973907806	2.6015003112191835	trials	1.0	1.0	1.5	0.0		0.8	781.6461942307817	781.646096721241	782.7160872307827	781.1161805707811	781.1171804707811	781.3252188299156	
781.3252188299156	0.3209999999999127	WheelMovementIntervals													-0.27391331956427933
783.6339954307837	2.4654019096285538	trials	1.0	1.0	1.5	0.25		0.8	784.5286059607845	784.528495397995	785.5992988807856	784.2175704007842	784.2184703107843	784.3532188299152	
784.3532188299152	0.33299999999997	WheelMovementIntervals													-0.3692747391081852
786.6347953207867	2.5495037924931694	trials	-1.0	1.0	1.5		0.25	0.8	787.6007987107876	787.6006963787464	788.6842570207887	787.2007387207872	787.2017719507872	787.4072188299149	
787.4072188299149	0.48099999999988086	WheelMovementIntervals													0.49754953432407234
789.6019985707896	2.5638016598041986	trials	1.0	1.0	1.5	1.0		0.8	790.5835004107906	790.5833988233568	791.6657921707916	790.2324355207902	790.2334020907903	790.3802188299145	
790.3802188299145	0.26300000000003365	WheelMovementIntervals													-0.3276163712746083
792.5939993407926	2.457012140849997	trials	1.0	1.0	1.5	0.25		0.8	793.4877099607935	793.4876030289718	794.5509036307946	793.1008153207931	793.1016819007931	793.2372188299142	
793.2372188299142	0.2829999999999018	WheelMovementIntervals													-0.29519768538050073
795.4748112307955	2.4593127026629418	trials	1.0	1.0	1.5	1.0		0.8	796.3657221307964	796.3656151074777	797.4340819507975	796.032522120796	796.033655340796	796.1662188299139	
796.1662188299139	0.37800000000004275	WheelMovementIntervals													-0.3828656139973887
798.3494237407983	2.5514050469151925	trials	1.0	1.0	1.5	0.25		0.8	799.3326254107993	799.3325249148284	800.4007852508004	798.965628780799	798.966628680799	799.1142188299136	
799.1142188299136	0.4119999999999209	WheelMovementIntervals													-0.41640832404954153
801.3137272808013	2.4688104687674013	trials	1.0	1.0	1.5	0.125		0.8	802.2204366008023	802.2203307579485	803.2824303908033	801.8825703908019	801.8836036208019	801.8972188299133	
801.8972188299133	0.5319999999999254	WheelMovementIntervals													-0.39547617305819927
804.2026383608043	2.61479736403669	trials	1.0	1.0	1.5	0.0		0.8	805.2421344008053	805.2420369154858	806.3173935308063	804.7338185708047	804.7348851308047	804.8642188299129	
804.8642188299129	0.46899999999993724	WheelMovementIntervals													-0.28073005810525586
807.2446341308073	2.6042006956555497	trials	1.0	1.0	1.5	0.25		0.8	808.2887297108083	808.288633607908	809.3487903608094	807.982293690808	807.983193600808	808.1142188299126	
808.1142188299126	0.6319999999999482	WheelMovementIntervals													-0.35079096569312185
810.2594326208102	2.407716293501039	trials	-1.0	1.0	1.5		0.25	0.2	811.0950490508111	811.0949375808178	812.1671418308122	810.7336851908108	810.7344851108107	810.9202188299123	
810.9202188299123	0.7789999999998827	WheelMovementIntervals													0.9177879585261124
813.0910494308131	2.457912082390635	trials	-1.0	1.0	1.5		0.25	0.2	813.975660960814	813.9755530590597	815.0489202908151	813.6487269908137	813.6497935508137	813.810218829912	
813.810218829912	0.51400000000001	WheelMovementIntervals													0.6796329109501542
815.9725612508159	2.6095974812852774	trials	-1.0	1.0	1.5		0.125	0.2	817.010357460817	817.0102598516096	818.0821169408181	816.5339384408165	816.5347716908166	816.7332188299116	
816.7332188299116	0.30999999999994543	WheelMovementIntervals													0.2905807373338618
819.0132571508191	4.187325970200504	trials	1.0	-1.0	0.0		0.0	0.2	820.6400611208206	820.6390664577074	822.7004550608227	819.6335951108197	819.6347283308196	820.1182188299113	
820.1182188299113	0.6649999999999636	WheelMovementIntervals													-0.41211828993197486
823.7420842208237	2.7747851282613283	trials	1.0	1.0	1.5	0.125		0.2	824.951863230825	824.9517768654368	826.016756730826	824.2817635808243	824.2826634908243	824.4672188299107	
824.4672188299107	0.8839999999999009	WheelMovementIntervals													-0.33503042315812337
826.9359648008269	11.297426973185338	trials	-1.0	1.0	1.5		0.0625	0.2	836.6770905908367	836.6769863335473	837.7332849608378	827.6817568808277	827.6826567908277	836.4722188299095	
836.4722188299095	0.5069999999999482	WheelMovementIntervals													0.7111472828061594
837.3142188299094	1.2849999999998545	WheelMovementIntervals													1.079777100205753
838.6752907508387	2.8732046359680226	trials	-1.0	1.0	1.5		0.25	0.2	839.97649395084	839.9763919445097	841.0484200808411	839.2817967608393	839.2828633208393	839.4362188299091	
839.4362188299091	4.222999999999615	WheelMovementIntervals													10.892439176385338
841.977993780842	18.338454166321753	trials	-1.0	1.0	1.5		0.0625	0.2	858.7501497308588	858.7500414912995	859.8163764308598	844.7501498708448	844.7511164408447	858.556218829907	
858.556218829907	2.1839999999997417	WheelMovementIntervals													1.96451684724601
860.7747472508607	2.4249128002549014	trials	-1.0	1.0	1.5		0.25	0.2	861.6267620408616	861.6266513964473	862.6995547508627	861.2978282708613	861.2989281608614	861.4762188299067	
861.4762188299067	0.44399999999996	WheelMovementIntervals													0.8505995626577061
862.3362188299067	0.12199999999995725	WheelMovementIntervals													0.045895763398675626
863.6352611708636	29.56386167848916	trials	-1.0	1.0	1.5		0.0	0.2	891.6099967508916	891.6099185875829	892.6990211708927	864.2646315608642	864.2655648008642	891.4172188299034	
891.4172188299034	0.4249999999999545	WheelMovementIntervals													0.4064302380733693
892.2272188299033	0.6999999999999318	WheelMovementIntervals													0.44705344215671516
893.3612188299032	0.2459999999999809	WheelMovementIntervals													0.10619184975736573
893.6822228408937	2.665492583989817	trials	-1.0	1.0	1.5		1.0	0.2	894.7674143108948	894.7673194148164	895.8476062808959	894.4641113108945	894.4648779008945	894.619218829903	
894.619218829903	0.5339999999999918	WheelMovementIntervals													0.9613046751679803
895.4752188299029	0.3569999999999709	WheelMovementIntervals													0.4285453895825384
896.7797130608968	3.25089937662608	trials	-1.0	1.0	1.5		1.0	0.2	898.4526124208985	898.4525122255654	899.5305379508995	897.4322144708974	897.4332477008975	898.0862188299027	
898.0862188299027	2.430999999999699	WheelMovementIntervals													2.293074641648275
900.4644112209005	7.417844702336083	trials	-1.0	1.0	1.5		0.0	0.2	906.3160260009063	906.3159456952978	907.3821527109073	901.082382750901	901.0834826409011	905.7042188299018	
905.7042188299018	2.9189999999996417	WheelMovementIntervals													2.0914638125729965
908.3333575809083	3.44718110123074	trials	-1.0	1.0	1.5		1.0	0.2	910.2262349409102	910.2261466548293	911.2805295009113	909.8803028709099	909.8813694309099	910.0602188299014	
908.9492188299015	0.39799999999991087	WheelMovementIntervals													0.1801738235120638
910.0602188299014	0.62399999999991	WheelMovementIntervals													1.1978337851310386
911.0462188299012	0.42999999999995	WheelMovementIntervals													0.20426799658201844
912.2242351209122	12.37295004315581	trials	-1.0	1.0	1.5		0.0	0.2	923.0491858509231	923.049078027774	924.0970810509241	912.7654476609127	912.7663475709128	922.8172188299	
922.8172188299	1.1539999999998827	WheelMovementIntervals													1.0300358873453916
925.0479859509251	3.117310904412534	trials	-1.0	1.0	1.5		0.0	0.2	926.6191954809266	926.6190909426863	927.6652575309276	925.6983542409257	925.6991874909257	926.1562188298996	
926.1562188298996	2.9679999999997335	WheelMovementIntervals													4.417479364929605
928.6013972409286	10.046916971775772	trials	1.0	1.0	1.5	0.25		0.2	937.0778161809371	937.077710715886	938.1482757909382	929.7802126809298	929.7811459209298	936.6792188298984	
936.6792188298984	1.1279999999998154	WheelMovementIntervals													-0.3943624006561066
938.1802188298983	0.3589999999999236	WheelMovementIntervals													0.06976414365556138
939.1001139309391	2.448209635244666	trials	-1.0	1.0	1.5		0.25	0.2	939.98962497094	939.9895170680127	941.048252430941	939.5800659309396	939.5810325009396	939.7652188298981	
939.7652188298981	0.6619999999999209	WheelMovementIntervals													0.8507406227794831
941.997624150942	2.5659006668353186	trials	-1.0	1.0	1.5		0.125	0.2	942.995424360943	942.9953240213974	944.0634508809441	942.5798992509426	942.5806658409426	942.7452188298978	
942.7452188298978	0.6129999999999427	WheelMovementIntervals													0.6601291193463226
945.001223760945	2.9620962141709697	trials	1.0	1.0	1.5	1.0		0.2	946.4022169809464	946.4021210245882	947.4632442009474	945.5149057209455	945.5159722809456	945.6832188298974	
945.6832188298974	0.18499999999994543	WheelMovementIntervals													-0.1378648718468014
946.1502188298974	0.6929999999998699	WheelMovementIntervals													-0.21932321127061982
948.4006171209484	2.430713170772833	trials	-1.0	1.0	1.5		0.25	0.2	949.2733298409493	949.2732211311546	950.3312907009504	948.931464030949	948.9325972509489	949.1022188298971	
949.1022188298971	0.4799999999999045	WheelMovementIntervals													0.7104068140076123
951.2685303009513	2.461410181501833	trials	-1.0	1.0	1.5		0.25	0.2	952.1651406309521	952.1650332808449	953.2298341509533	951.7631141709518	951.7642140609518	951.9372188298968	
951.9372188298968	0.7329999999998336	WheelMovementIntervals													0.42641986865058357
954.1717399509541	2.3596175584582397	trials	-1.0	1.0	1.5		1.0	0.2	954.965827200955	954.965745522835	956.0313206409561	954.6482589609546	954.6491922009546	954.7952188298964	
954.7952188298964	0.4819999999999709	WheelMovementIntervals													0.7366311936728636
956.974759620957	3.2384990682996886	trials	1.0	1.0	1.5	0.125		0.2	958.6408596609587	958.6407586272218	959.7131524209598	957.7128858009577	957.7138190409577	958.1292188298961	
958.1292188298961	0.6899999999999409	WheelMovementIntervals													-0.33747926987048515
960.6630574209606	2.9680952127864657	trials	-1.0	1.0	1.5		0.125	0.2	962.0765493909621	962.0764541889127	963.1311105909631	961.3979172609614	961.3987838409614	961.6332188298957	
961.6332188298957	0.7299999999999045	WheelMovementIntervals													0.6100013001782258
964.074049620964	3.407215524653111	trials	1.0	1.0	1.5	0.125		0.2	965.931163890966	965.9310569921973	966.981225540967	964.5294374109645	964.5304039809646	964.6602188298954	
964.6602188298954	1.4549999999998136	WheelMovementIntervals													-0.4039230275038648
967.920964890968	2.7084048822172235	trials	-1.0	1.0	1.5		0.25	0.2	969.0859817109691	969.0858665607336	970.1293107009701	968.5795656909686	968.5806989109686	968.8062188298949	
968.8062188298949	0.58299999999997	WheelMovementIntervals													0.3522855055144305
971.2068696009712	2.489206011418787	trials	-1.0	1.0	1.5		0.125	0.2	972.1482754509722	972.1481714960566	973.1960373309732	971.6646238209717	971.6656570509717	971.8692188298945	
971.8692188298945	0.5230000000000246	WheelMovementIntervals													0.5882302575521123
974.1473755209742	2.516804063995096	trials	-1.0	1.0	1.5		1.0	0.2	975.1097792709751	975.1096763101433	976.1640738309761	974.6976538209747	974.6986203909747	974.8682188298942	
974.8682188298942	4.361999999999512	WheelMovementIntervals													4.876076295570627
977.1226779609772	5.356618805861785	trials	-1.0	1.0	1.5		1.0	0.2	980.9215980309809	980.9214898793739	981.979258920982	979.8125422809799	979.8135421809799	979.9862188298937	
979.9862188298937	1.22099999999989	WheelMovementIntervals													0.6904557249689702
981.6252188298935	1.9509999999997945	WheelMovementIntervals													1.5786179466398806
982.9395962109829	37.0221787362633	trials	-1.0	1.0	1.5		0.125	0.2	1018.4247806710184	1018.4246716782391	1019.4616769710195	984.3140587509844	984.3151586409844	1018.2252188298894	
1018.2252188298894	3.395999999999617	WheelMovementIntervals													3.4278988079478125
1020.4807750510205	11.664420691731607	trials	1.0	1.0	1.5	0.125		0.2	1030.5824981110306	1030.582391238425	1031.6450918410317	1022.3633534410224	1022.3643866710224	1030.0342188298882	
1029.5642188298882	0.19499999999993634	WheelMovementIntervals													0.01252920022486137
1030.0342188298882	1.9489999999996144	WheelMovementIntervals													-0.3869138975076112
1032.1562188298878	0.47100000000000364	WheelMovementIntervals													0.03490520102907624
1032.6183945010325	11.043118145795916	trials	-1.0	1.0	1.5		0.125	0.2	1042.0990130110422	1042.0989083621937	1043.1614400910432	1033.3300233310333	1033.3309232410334	1041.539218829887	
1041.539218829887	1.6049999999997908	WheelMovementIntervals													1.4043399954779119
1044.1158113110441	3.0638150081977074	trials	-1.0	1.0	1.5		0.25	0.2	1045.6210274410457	1045.6209181926067	1046.6796215710467	1044.7464815710448	1044.7474481410447	1045.2902188298865	
1045.2902188298865	0.4149999999999636	WheelMovementIntervals													0.3359744400328424
1046.3172188298863	2.528999999999769	WheelMovementIntervals													1.4416695219181719
1047.6218273410477	13.806238897568392	trials	-1.0	1.0	1.5		0.25	0.2	1059.87156891106	1059.8714609657975	1060.928029921061	1049.4447117010495	1049.4457449310494	1059.6702188298848	
1059.6702188298848	0.4149999999999636	WheelMovementIntervals													0.45956145365508405
1060.3982188298849	1.5449999999998454	WheelMovementIntervals													1.778748107772003
1061.895266521062	12.18423455755783	trials	-1.0	1.0	1.5		0.0	0.2	1072.5293696710726	1072.5292949363059	1073.5794646510735	1062.5959964410627	1062.5968963510627	1072.1082188298835	
1072.1082188298835	0.6389999999998963	WheelMovementIntervals													0.612318018939277
1073.1122188298834	1.0969999999997526	WheelMovementIntervals													0.7180097143636885
1074.5557003510746	9.673519937212177	trials	1.0	-1.0	0.0		0.0625	0.2	1081.6666891810817	1081.6657135348812	1083.7291495810837	1075.027553161075	1075.0284197410751	1081.1052188298825	
1080.2662188298825	0.4490000000000691	WheelMovementIntervals													0.08218013994024886
1081.1052188298825	0.7719999999999345	WheelMovementIntervals													-0.43429997705268875
1084.6999191610846	2.5275923554509063	trials	-1.0	1.0	1.5		1.0	0.2	1085.6625228910857	1085.6624154884817	1086.7274163910868	1085.2774947310852	1085.2783279810853	1085.452218829882	
1085.452218829882	0.5009999999999764	WheelMovementIntervals													0.6665771513978456
1087.818607261088	2.5773261475076197	trials	-1.0	1.0	1.5		0.25	0.2	1088.8273063810889	1088.8272171023038	1089.8957995210899	1088.3956828810883	1088.3966161210883	1088.5722188298816	
1088.5722188298816	0.2799999999999727	WheelMovementIntervals													0.28322110934011846
1090.855336891091	2.9388964169213523	trials	-1.0	1.0	1.5		0.125	0.2	1092.2305326910923	1092.2304347466868	1093.2941596510932	1091.4439446910915	1091.4449112610914	1091.6282188298815	
1091.6282188298815	0.27299999999991087	WheelMovementIntervals													0.2565072628083982
1092.1922188298813	0.21299999999996544	WheelMovementIntervals													0.043760845493039824
1094.2411316110943	4.554200104083293	trials	1.0	-1.0	0.0		0.0	0.2	1096.2278662510962	1096.2268307844463	1098.2953261510984	1094.995522831095	1094.996556061095	1095.9232188298809	
1095.497218829881	0.05400000000008731	WheelMovementIntervals													-0.006216014354166077
1095.9232188298809	0.5199999999999818	WheelMovementIntervals													-0.42267119095797057
1099.2615295210992	3.034017719679696	trials	1.0	1.0	1.5	0.25		0.8	1100.7394483811008	1100.7393371778319	1101.7954761011017	1099.9437946210999	1099.9448611811	1100.1472188298803	
1100.1472188298803	0.8479999999999563	WheelMovementIntervals													-0.41971425121680284
1102.7472475811028	10.848334883234656	trials	-1.0	-1.0	0.0	0.125		0.8	1111.032019021111	1111.0311726911548	1113.095479321113	1103.3938495811035	1103.3947828211035	1110.7552188298794	
1110.7552188298794	0.31999999999993634	WheelMovementIntervals													0.31327567918215493
1114.0695819011141	11.273924842503902	trials	-1.0	1.0	1.5		0.0	0.8	1123.7631791111237	1123.763102401322	1124.843437741125	1114.7268495011147	1114.7276494211148	1123.420218829878	
1123.420218829878	0.6069999999997435	WheelMovementIntervals													0.7764267742873585
1124.4322188298777	0.2039999999999509	WheelMovementIntervals													0.09800347301076329
1125.4392188298777	0.5869999999997617	WheelMovementIntervals													0.40705369314301265
1125.819906751126	14.506734206690908	trials	-1.0	-1.0	0.0	0.0		0.8	1137.7577128511377	1137.7568340753912	1139.82657261114	1126.5616992311266	1126.5628324511265	1137.0712188298764	
1137.0712188298764	0.7459999999998672	WheelMovementIntervals													0.2968743647790433
1140.8086410611409	17.852733725996814	trials	-1.0	-1.0	0.0	0.125		0.8	1156.0938457211562	1156.093068223014	1158.161338951158	1141.4282457611414	1141.4293456511414	1155.9222188298743	
1155.9222188298743	2.5479999999997744	WheelMovementIntervals													1.5890998339937568
1158.758218829874	0.13999999999987267	WheelMovementIntervals													0.053895034103874195
1159.147573651159	23.163135418464208	trials	-1.0	-1.0	0.0	0.25		0.8	1179.7355479811797	1179.7347033531078	1181.8106404511818	1159.7763107711598	1159.7771106911598	1165.1432188298734	
1165.1432188298734	0.5609999999999218	WheelMovementIntervals													0.25006914090120347
1179.6582188298717	1.2819999999999254	WheelMovementIntervals													1.2929544734476366
1182.8039077811827	11.190134050669258	trials	-1.0	-1.0	0.0	0.0625		0.8	1191.4277453111915	1191.4269324791633	1193.4939720011935	1183.4923056011835	1183.4931721811836	1191.2242188298703	
1191.2242188298703	1.5039999999999054	WheelMovementIntervals													1.4412915605498853
1194.4686411911946	19.523432467657813	trials	1.0	1.0	1.5	1.0		0.8	1212.4332778812125	1212.4331701462286	1213.4920386612134	1195.1421405011952	1195.1430404111952	1211.6052188298681	
1211.6052188298681	1.1589999999998781	WheelMovementIntervals													-0.4209372489887073
1214.4774734412144	3.1327082042362235	trials	1.0	1.0	1.5	0.25		0.8	1216.026985141216	1216.0268765097617	1217.1101101512172	1214.960225161215	1214.961125071215	1215.7242188298676	
1215.7242188298676	0.6730000000000018	WheelMovementIntervals													-0.4668977606507383
1217.3802188298675	0.06999999999993634	WheelMovementIntervals													0.007136173742708252
1218.072580561218	3.0528031366447976	trials	1.0	1.0	1.5	1.0		0.8	1219.5409003812194	1219.5407811078705	1220.6253585912207	1218.7084503012188	1218.7094168712188	1219.3022188298673	
1218.8372188298674	0.12599999999997635	WheelMovementIntervals													-0.045920170036026775
1219.3022188298673	0.47299999999995634	WheelMovementIntervals													-0.332653483177765
1221.7252819212217	2.7848095431941147	trials	-1.0	1.0	1.5		0.125	0.8	1222.931394631223	1222.9312851879142	1224.0099867612241	1222.5767301012227	1222.5777300012226	1222.761218829867	
1221.852218829867	0.06099999999992178	WheelMovementIntervals													-0.003931475625989833
1222.761218829867	0.5219999999999345	WheelMovementIntervals													0.7772179251127511
1223.4412188298668	0.32799999999997453	WheelMovementIntervals													0.03382892842643059
1224.970390711225	2.6065232740161264	trials	1.0	1.0	1.5	0.125		0.8	1225.990188721226	1225.9900994251348	1227.076880041227	1225.4916052512256	1225.4926718112256	1225.4942188298667	
1225.4942188298667	1.2169999999998709	WheelMovementIntervals													-0.3534458578304225
1228.0410169512281	2.5856978608437657	trials	1.0	1.0	1.5	0.25		0.8	1229.055515491229	1229.0554153273906	1230.12660837123	1228.7249485512286	1228.7259817812287	1228.8602188298662	
1228.8602188298662	0.37799999999992906	WheelMovementIntervals													-0.3961574807899666
1230.049218829866	0.1330000000000382	WheelMovementIntervals													0.005514647132542905
1231.0895120712312	6.185303115479883	trials	-1.0	1.0	1.5		0.125	0.8	1235.7012175212358	1235.701112902904	1236.7748101512368	1234.9247618412348	1234.925895061235	1235.0862188298656	
1231.304218829866	2.975999999999658	WheelMovementIntervals													-1.8143019011526746
1235.0862188298656	0.9839999999999236	WheelMovementIntervals													1.0131807429699506
1237.7435132712378	9.899330080834488	trials	-1.0	-1.0	0.0	0.0		0.8	1245.0814460712452	1245.08043408344	1247.1428065812472	1238.2762933212382	1238.2771932312382	1244.8652188298645	
1244.8652188298645	3.437999999999647	WheelMovementIntervals													4.493323801125229
1248.1149426912482	14.04474838361216	trials	-1.0	-1.0	0.0	0.0		0.8	1259.5755965112596	1259.57458053738	1261.6595880912616	1248.9247617012488	1248.925728271249	1259.3182188298629	
1259.3182188298629	0.7459999999998672	WheelMovementIntervals													0.5804896742195922
1262.6339906412627	25.506932548989425	trials	-1.0	-1.0	0.0	0.0625		0.8	1285.5829621812857	1285.5819190250734	1287.6408563712876	1263.124341601263	1263.125241511263	1271.8642188298616	
1271.8642188298616	0.5099999999999909	WheelMovementIntervals													0.1342692022258376
1272.5732188298614	0.21000000000003638	WheelMovementIntervals													0.02038219650096096
1273.7772188298613	0.2239999999999327	WheelMovementIntervals													0.09078699734759255
1285.54121882986	0.17099999999982174	WheelMovementIntervals													0.10384348117553088
1288.6430228112886	8.366017857303632	trials	-1.0	1.0	1.5		0.0625	0.8	1295.4495420912954	1295.449435712451	1296.5090028012964	1289.2925245212894	1289.2935910812894	1295.2582188298588	
1295.2582188298588	0.3610000000001037	WheelMovementIntervals													0.42961231686859946
1296.1832188298588	0.8050000000000637	WheelMovementIntervals													0.506037388266023
1297.4747395512975	12.734045460770176	trials	1.0	1.0	1.5	0.25		0.8	1308.6421893613087	1308.6420776649604	1309.7086827013097	1298.107042981298	1298.107809571298	1307.9282188298575	
1307.9282188298575	0.9239999999999782	WheelMovementIntervals													-0.39970446661369863
1310.6890846513106	2.7861100148406877	trials	1.0	1.0	1.5	0.25		0.8	1311.916795201312	1311.9166881827744	1312.975089361313	1311.1904345113112	1311.1913344213112	1311.360218829857	
1311.360218829857	0.9339999999999691	WheelMovementIntervals													-0.4336075396843171
1313.928893971314	11.09450941032378	trials	-1.0	-1.0	0.0	0.0		0.8	1322.4668734213226	1322.4659996734783	1324.5233677513245	1314.5735628313146	1314.5746293913146	1322.212218829856	
1316.5452188298566	0.27700000000004366	WheelMovementIntervals													0.09521788208137139
1322.212218829856	0.51299999999992	WheelMovementIntervals													0.5297021801971908
1325.5170017113255	3.8062081411987947	trials	-1.0	-1.0	0.0	0.25		0.8	1326.7605106813269	1326.7596037162255	1328.8231710613288	1326.2083659013263	1326.2091658213262	1326.5412188298556	
1326.5412188298556	0.8569999999997435	WheelMovementIntervals													0.39827235847856457
1329.7811085913297	10.010250422312993	trials	-1.0	-1.0	0.0	0.25		0.8	1337.2393960213371	1337.2383446640158	1339.2913241413394	1330.2747925513304	1330.2757924513303	1337.0342188298544	
1337.0342188298544	1.321999999999889	WheelMovementIntervals													1.1940163403392887
1338.7242188298542	0.05600000000004002	WheelMovementIntervals													0.0045921318762935925
1340.2725593413402	11.869014774389598	trials	-1.0	1.0	1.5		0.125	0.8	1350.5818616413505	1350.5817713055262	1351.6415556613517	1340.8066059313408	1340.8077058213407	1350.3032188298528	
1350.3032188298528	0.5480000000000018	WheelMovementIntervals													0.7442932122992261
1351.2512188298529	4.2849999999994	WheelMovementIntervals													5.075632211253236
1352.792673871353	17.663348254688117	trials	-1.0	-1.0	0.0	0.125		0.8	1367.8993630513678	1367.8984134284779	1369.95592404137	1356.1561374913563	1356.1571707213561	1366.838218829851	
1362.2622188298515	0.17300000000000182	WheelMovementIntervals													-0.01038561190945586
1362.6902188298516	0.38199999999983447	WheelMovementIntervals													0.024313402633893588
1366.838218829851	0.4390000000000782	WheelMovementIntervals													0.1484275567123916
1367.802218829851	0.6609999999998308	WheelMovementIntervals													0.8347171905315065
1368.6832188298508	1.8079999999997654	WheelMovementIntervals													3.1927270976905078
1370.8412188298505	0.3170000000000073	WheelMovementIntervals													0.1901479530226453
1370.981221501371	11.041114634666883	trials	-1.0	-1.0	0.0	0.25		0.8	1379.4739054813795	1379.4728319876565	1381.5223006213816	1372.5075021913726	1372.5083021113726	1372.6522188298504	
1371.5242188298505	0.3269999999999982	WheelMovementIntervals													0.052532606233356205
1372.6522188298504	0.6909999999998035	WheelMovementIntervals													-0.12023004699979367
1379.2602188298497	1.8439999999998236	WheelMovementIntervals													3.59168868580187
1382.5044357313825	14.21942771590193	trials	-1.0	1.0	1.5		0.0625	0.8	1395.1630697413952	1395.1629595146098	1396.2237636613963	1383.2407287613833	1383.2415286813832	1394.874218829848	
1394.874218829848	0.7039999999999509	WheelMovementIntervals													0.8479050169590607
1396.5412188298478	1.8139999999998508	WheelMovementIntervals													1.5858969923075108
1397.2263633913972	56.49622596107247	trials	-1.0	-1.0	0.0	1.0		0.8	1451.1435044714513	1451.1424826456655	1453.2225298814533	1398.938825461399	1398.939692041399	1450.9692188298418	
1450.9692188298418	0.2619999999999436	WheelMovementIntervals													0.34515989442442674
1451.5622188298416	0.9659999999998945	WheelMovementIntervals													0.30482197824403556
1454.2917896114543	4.464307688222789	trials	-1.0	1.0	1.5		0.25	0.8	1457.1886998914572	1457.1885933024332	1458.2560598114583	1454.871364981455	1454.872464871455	1456.4542188298412	
1456.4542188298412	0.8209999999999127	WheelMovementIntervals													0.33346625009411923
1457.831218829841	0.9329999999999927	WheelMovementIntervals													0.3780388108314696
1459.2283959014592	19.077243931471003	trials	-1.0	-1.0	0.0	1.0		0.8	1475.7522766814757	1475.7512322183838	1477.8055713314777	1459.97105496146	1459.97208819146	1475.375218829839	
1475.375218829839	0.4149999999999636	WheelMovementIntervals													0.2844688066493859
1478.7963389114789	51.29001654819149	trials	-1.0	-1.0	0.0	1.0		0.8	1527.5357644815276	1527.534847761279	1529.5863260715296	1479.3540498014793	1479.3549163814794	1517.8962188298344	
1517.8962188298344	0.22000000000002728	WheelMovementIntervals													0.1267920462020129
1527.4422188298333	0.1590000000001055	WheelMovementIntervals													0.18175370235897503
1527.9462188298332	0.10400000000004184	WheelMovementIntervals													0.06109304588670739
1528.4452188298333	1.65099999999984	WheelMovementIntervals													0.888170274722853
1530.6334546815306	31.87116049760789	trials	1.0	1.0	1.5	1.0		0.8	1560.9391238115609	1560.9390112564433	1562.004550591562	1531.3714808715313	1531.3723807815313	1559.7292188298297	
1559.7292188298297	1.4039999999999964	WheelMovementIntervals													-0.3849520286185566
1561.5942188298295	0.28899999999998727	WheelMovementIntervals													0.25754660252687245
1563.025515151563	2.9937190515577186	trials	-1.0	1.0	1.5		1.0	0.8	1564.4543389215644	1564.4542237664045	1565.5191990915655	1563.5526291015635	1563.5537289915635	1563.6782188298293	
1563.6782188298293	0.20000000000004547	WheelMovementIntervals													0.22622277288732562
1564.3932188298293	0.06799999999998363	WheelMovementIntervals													0.040158257558914556
1565.0652188298293	0.43699999999989814	WheelMovementIntervals													0.2855319773665599
1566.4833360015664	2.9527222590036217	trials	1.0	1.0	1.5	1.0		0.8	1567.855932061568	1567.8558454185284	1568.9359573815689	1567.004150581567	1567.005017161567	1567.203218829829	
1567.203218829829	0.8550000000000182	WheelMovementIntervals													-0.4076959061658556
1569.91425954157	2.7383834631275477	trials	1.0	1.0	1.5	0.25		0.8	1571.0870422515711	1571.0869516032942	1572.1525690215722	1570.5875588715705	1570.5886587615705	1570.7652188298287	
1570.7652188298287	0.34600000000000364	WheelMovementIntervals													-0.2949270796334815
1573.131737761573	2.887227648442604	trials	1.0	1.0	1.5	1.0		0.8	1574.4397402815744	1574.4396498332985	1575.5188656915755	1573.6539855315737	1573.6549521015736	1573.6952188298283	
1573.6952188298283	0.9579999999998563	WheelMovementIntervals													-0.381266542987845
1576.4882687415766	2.564197243363651	trials	1.0	1.0	1.5	0.25		0.8	1577.5000675515776	1577.4999672594038	1578.5524289715786	1577.003817181577	1577.004917071577	1577.1372188298278	
1577.1372188298278	0.39599999999995816	WheelMovementIntervals													-0.2966743253885511
1579.5325642815797	2.8530153851606883	trials	1.0	1.0	1.5	1.0		0.8	1580.8389669615808	1580.8388704102242	1581.885495631582	1580.4870021615804	1580.4879020715805	1580.6132188298275	
1579.7292188298277	0.29099999999994	WheelMovementIntervals													-0.10438146019316719
1580.6132188298275	0.2860000000000582	WheelMovementIntervals													-0.33711679149104157
1583.034580711583	3.0527131059152453	trials	1.0	1.0	1.5	0.25		0.8	1584.5195655315845	1584.5194861137393	1585.5871587615857	1583.6206221015836	1583.6215220115837	1584.1262188298272	
1583.804218829827	0.060000000000172804	WheelMovementIntervals													-0.01727403692089524
1584.1262188298272	0.515999999999849	WheelMovementIntervals													-0.28226317239739274
1586.5721935815866	3.265093278744871	trials	1.0	1.0	1.5	0.0625		0.8	1588.2611913315882	1588.2610895877049	1589.3372503815895	1587.3355505715874	1587.3364838115874	1587.5852188298268	
1587.5852188298268	0.9509999999997945	WheelMovementIntervals													-0.32929810504842294
1590.3272847015903	2.6765153674111843	trials	-1.0	1.0	1.5		0.125	0.8	1591.4286078915914	1591.428490612813	1592.5037337015924	1591.035247231591	1591.0361138115911	1590.9272188298264	
1590.9272188298264	0.5169999999998254	WheelMovementIntervals													0.2828193616910255
1592.1312188298261	2.906999999999698	WheelMovementIntervals													3.306384384249327
1593.4905016815935	5.478304688641174	trials	1.0	1.0	1.5	0.0625		0.8	1597.4002106715975	1597.4001036003472	1598.4687704715984	1595.6519855115957	1595.6527521015958	1596.8172188298258	
1596.0662188298259	0.4259999999999309	WheelMovementIntervals													0.09992035359289275
1596.8172188298258	0.9579999999998563	WheelMovementIntervals													-0.47340212148151295
1598.0312188298255	1.1879999999998745	WheelMovementIntervals													0.46594936602011217
1599.4606046115994	11.024514497955124	trials	-1.0	-1.0	0.0	0.0625		0.8	1607.912625991608	1607.911714958786	1609.98501873161	1600.0700436616	1600.0710435616002	1607.6942188298244	
1600.2122188298254	0.21900000000005093	WheelMovementIntervals													0.016656021755238726
1607.6942188298244	2.640999999999849	WheelMovementIntervals													2.759573167092583
1610.985018721611	14.434539151859099	trials	-1.0	1.0	1.5		1.0	0.8	1623.844765951624	1623.8446527108458	1624.9195251316248	1611.4700035516114	1611.4709034616114	1623.5782188298228	
1611.843218829824	0.19200000000000728	WheelMovementIntervals													0.033405895718345846
1623.5782188298228	0.5499999999999545	WheelMovementIntervals													0.4743386740741471
1624.4442188298226	1.1159999999999854	WheelMovementIntervals													0.6870245627760312
1625.922058201626	6.679314792687592	trials	-1.0	-1.0	0.0	0.125		0.8	1630.03104726163	1630.0301660697594	1632.1013068816321	1626.4182752416264	1626.4194751216264	1629.5772188298222	
1629.5772188298222	0.9719999999997526	WheelMovementIntervals													0.661936392005714
1633.116871981633	5.569526062760133	trials	1.0	1.0	1.5	1.0		0.8	1637.105406421637	1637.105289929437	1638.1863649816382	1633.8196683616338	1633.8206682616337	1636.3762188298213	
1636.3762188298213	1.1079999999999472	WheelMovementIntervals													-0.3559912405149248
1639.1768992516393	3.5925955430582235	trials	-1.0	-1.0	0.0	0.0625		0.8	1640.1922643716402	1640.1911974286497	1642.2694233016423	1639.8179351416397	1639.8189350416399	1639.952218829821	
1639.952218829821	0.6949999999999363	WheelMovementIntervals													0.581019364350027
1643.2496919316432	9.519830445728758	trials	-1.0	1.0	1.5		1.0	0.2	1651.2031298416512	1651.2030165320223	1652.2694565316524	1643.934523441644	1643.935556671644	1651.0262188298198	
1651.0262188298198	1.52599999999984	WheelMovementIntervals													1.1265708127909022
1653.2720229316533	3.7641085852376364	trials	-1.0	1.0	1.5		0.125	0.2	1655.4662368216555	1655.4661267701968	1656.5360964916565	1653.7509083716538	1653.7518082816537	1655.1072188298192	
1655.1072188298192	0.5099999999999909	WheelMovementIntervals													0.3885846210781665
1655.9892188298193	0.3739999999997963	WheelMovementIntervals													0.09770741570321206
1656.919218829819	0.47299999999995634	WheelMovementIntervals													0.0796687663211344
1657.5304303816577	13.103738513437293	trials	-1.0	1.0	1.5		0.0625	0.2	1669.0788754216692	1669.0787634422738	1670.13413655167	1658.167466671658	1658.1683999116583	1668.3772188298178	
1668.3772188298178	0.9669999999998709	WheelMovementIntervals													0.6035566241620529
1669.7182188298177	0.2519999999999527	WheelMovementIntervals													0.04650004813589703
1670.1322188298177	0.2849999999998545	WheelMovementIntervals													0.07982022334365979
1670.7862188298175	0.21700000000009823	WheelMovementIntervals													0.052380161569686834
1671.1394693416712	8.562828475879996	trials	-1.0	1.0	1.5		0.125	0.2	1678.1262705916781	1678.1261909442997	1679.2021963216791	1671.6024230416717	1671.6032562916716	1675.535218829817	
1672.3622188298175	0.05999999999994543	WheelMovementIntervals													0.02182904471612801
1675.535218829817	0.8239999999998417	WheelMovementIntervals													0.2250437653868289
1677.1122188298168	1.3299999999999272	WheelMovementIntervals													-0.25219043858103873
1678.7912188298167	0.25900000000001455	WheelMovementIntervals													0.21509834089937385
1680.19199733168	10.641919933225608	trials	-1.0	1.0	1.5		0.0625	0.2	1689.2844213316894	1689.2843126535904	1690.3338497116904	1680.8172681316807	1680.8181680416808	1688.9702188298156	
1688.9702188298156	0.34999999999990905	WheelMovementIntervals													0.3015275706674174
1689.8192188298156	1.5249999999998636	WheelMovementIntervals													0.9228883411377922
1691.3364161116913	6.932224259885061	trials	-1.0	1.0	1.5		0.125	0.2	1696.7169113416967	1696.716833388609	1697.7685728316978	1692.1020395416922	1692.1031061016922	1696.0212188298149	
1696.0212188298149	0.9799999999997908	WheelMovementIntervals													0.5152767093587443
1697.5132188298146	0.7490000000000236	WheelMovementIntervals													0.34293226921965925
1698.7638399616987	2.6382039134764455	trials	-1.0	1.0	1.5		0.125	0.2	1699.8520311317	1699.851940750893	1700.901959461701	1699.3670463016995	1699.3679795416995	1699.5482188298145	
1699.5482188298145	0.47100000000000364	WheelMovementIntervals													0.352344081159373
1700.7052188298144	1.1549999999997453	WheelMovementIntervals													0.47351906840884794
1702.072842361702	6.277524097021569	trials	-1.0	1.0	1.5		0.25	0.2	1706.8042358417067	1706.8041590160394	1707.8503312217078	1702.7503746017028	1702.7512745117028	1706.5022188298137	
1706.5022188298137	0.44699999999988904	WheelMovementIntervals													0.38300234182528925
1707.5132188298135	0.8260000000000218	WheelMovementIntervals													0.47428464908153956
1708.8102188298135	0.6529999999997926	WheelMovementIntervals													0.2525015354763127
1708.834166161709	12.466004305915703	trials	-1.0	1.0	1.5		0.0625	0.2	1719.7450749617199	1719.7449681799492	1720.800069451721	1710.1017393917102	1710.1028726117102	1710.1442188298133	
1710.1442188298133	0.54099999999994	WheelMovementIntervals													0.2668704013308911
1719.7232188298121	2.028999999999769	WheelMovementIntervals													1.4133148112090055
1721.8088685617217	2.7077124892152824	trials	-1.0	1.0	1.5		1.0	0.2	1722.947588011723	1722.9474729724805	1724.0165811017241	1722.4514043017225	1722.4524375317226	1722.684218829812	
1722.684218829812	0.612999999999829	WheelMovementIntervals													0.9314129254351826
1725.017580991725	6.7155110861331195	trials	-1.0	1.0	1.5		0.125	0.2	1730.1696990617302	1730.1695887296075	1731.2329927217313	1727.801369251728	1727.8023691517278	1729.936218829811	
1725.3632188298116	1.668999999999869	WheelMovementIntervals													1.375226486292263
1729.936218829811	0.4090000000001055	WheelMovementIntervals													0.46111275516210526
1731.415218829811	1.909999999999627	WheelMovementIntervals													2.227026043989156
1732.2416918417323	64.27754452636896	trials	0.0	-1.0	0.0		0.25	0.2	1794.0200800517941	1794.0192288246878	1794.7002786917947	1734.018080851734	1734.018980761734		
1794.227218829804	2.6159999999995307	WheelMovementIntervals													1.826972459656588
1797.1297357217973	19.35194617012985	trials	-1.0	1.0	1.5		1.0	0.2	1814.9324886018148	1814.9323763556924	1815.981617011816	1797.6151871717977	1797.6160537517976	1814.1812188298018	
1814.1812188298018	3.3249999999995907	WheelMovementIntervals													3.522461852055244
1817.007381091817	27.00847845517751	trials	-1.0	1.0	1.5		0.125	0.2	1842.4543361418425	1842.4542531264235	1843.5158299818436	1818.1165701618181	1818.117503401818	1841.9982188297988	
1841.9982188297988	1.5109999999997399	WheelMovementIntervals													1.9536841212794513
1843.7772188297986	0.6089999999999236	WheelMovementIntervals													0.27515841070822944
1844.5580590818445	17.82273303986608	trials	-1.0	1.0	1.5		0.0	0.2	1860.8368977018608	1860.83678743269	1861.8807599718618	1845.1977951018453	1845.1988616618453	1860.2702188297967	
1860.2702188297967	0.7719999999999345	WheelMovementIntervals													0.6511233394523117
1862.5392188297965	0.12099999999986721	WheelMovementIntervals													0.05186641207831144
1862.9033910318628	26.328680062817966	trials	-1.0	-1.0	0.0	0.0625		0.2	1886.6640813918866	1886.6631614780315	1888.7320079118888	1863.949153111864	1863.950652961864	1885.974218829794	
1863.0562188297963	0.38400000000001455	WheelMovementIntervals													0.07017993696402414
1885.974218829794	2.10799999999972	WheelMovementIntervals													1.225410653386291
1889.7707706918898	13.877827312970794	trials	-1.0	1.0	1.5		0.0625	0.2	1902.075673411902	1902.0755931357207	1903.1484994519033	1890.2805197118903	1890.2813862918904	1901.4122188297922	
1901.4122188297922	0.8559999999997672	WheelMovementIntervals													0.43499793237620565
1902.734218829792	0.2300000000000182	WheelMovementIntervals													0.13743923574497785
1903.254218829792	0.47699999999986176	WheelMovementIntervals													0.517064238058424
1903.953218829792	0.09799999999995634	WheelMovementIntervals													0.007861565184072106
1904.1732969619043	12.47333481008809	trials	-1.0	1.0	1.5		0.0	0.2	1915.0839057919152	1915.0838256611587	1916.1465328519162	1904.7800029519049	1904.780902861905	1914.7792188297908	
1914.7792188297908	0.47099999999977626	WheelMovementIntervals													0.38153758310244257
1915.7932188297907	0.9909999999997581	WheelMovementIntervals													0.6172733444608127
1917.163631131917	22.184127522156587	trials	-1.0	1.0	1.5		0.125	0.2	1937.7730699819379	1937.7729557713237	1938.847695841939	1917.6980110219176	1917.6994442119178	1937.3552188297883	
1937.3552188297883	0.6659999999997126	WheelMovementIntervals													0.5245269657708604
1938.425218829788	1.3949999999999818	WheelMovementIntervals													1.0322851536933797
1939.88965830194	23.42266956324852	trials	-1.0	1.0	1.5		1.0	0.2	1961.7257078119617	1961.7256212882958	1962.8122991419627	1940.4626676619405	1940.4635675719405	1961.2192188297856	
1961.2192188297856	0.7039999999999509	WheelMovementIntervals													0.49453671658207554
1962.5452188297854	1.209999999999809	WheelMovementIntervals													0.491779157313772
1963.8624274519639	10.001515536854185	trials	-1.0	1.0	1.5		1.0	0.2	1972.3003502419724	1972.3002397160296	1973.3638438819735	1964.4972972919645	1964.4983305219646	1971.8382188297844	
1970.2312188297847	0.6789999999998599	WheelMovementIntervals													-0.013461998369194816
1971.8382188297844	2.4609999999997854	WheelMovementIntervals													2.3735394549728994
1974.3752427319744	10.188641447807413	trials	-1.0	1.0	1.5		0.0625	0.2	1982.987981371983	1982.987876923203	1984.063773781984	1974.9122890219749	1974.9132222619749	1982.0252188297834	
1982.0252188297834	3.4499999999995907	WheelMovementIntervals													3.0106828189497037
1985.2747860019854	14.521929043758519	trials	1.0	1.0	1.5	0.0625		0.2	1998.2282905219984	1998.2282101247638	1999.2966170119994	1985.962017271986	1985.963083831986	1996.6842188297817	
1996.6842188297817	2.0969999999997526	WheelMovementIntervals													-0.38832417520504237
1999.0362188297813	0.9110000000000582	WheelMovementIntervals													0.48724478983874064
2000.3263140320003	9.018614065028487	trials	-1.0	1.0	1.5		0.125	0.2	2007.7678364720077	2007.7677239870577	2008.844862092009	2000.8617938120008	2000.862627062001	2007.2542188297805	
2007.2542188297805	0.8009999999999309	WheelMovementIntervals													0.5571253872669786
2008.4392188297804	0.42200000000002547	WheelMovementIntervals													0.08456734099667074
2009.86442679201	8.513928664747027	trials	-1.0	1.0	1.5		0.0	0.2	2016.8069324720168	2016.806849350381	2017.878291992018	2010.4635668720105	2010.4645334420104	2016.5292188297794	
2016.5292188297794	0.3220000000001164	WheelMovementIntervals													0.3093810805791293
2017.4462188297794	1.071999999999889	WheelMovementIntervals													0.7727264809467727
2018.9031561620188	8.143001830902449	trials	-1.0	1.0	1.5		1.0	0.2	2025.5029627820256	2025.5028560249696	2026.5460917920266	2019.6130518320197	2019.6141183920197	2024.8872188297785	
2024.8872188297785	0.8959999999999582	WheelMovementIntervals													0.5714334376140755
2026.1502188297784	1.2779999999997926	WheelMovementIntervals													0.7599150222875153
2027.5707559820275	6.2239259048583335	trials	1.0	1.0	1.5	1.0		0.2	2032.2484881620323	2032.2483746993826	2033.2946502020334	2028.078038582028	2028.0790384820282	2031.7642188297777	
2031.7642188297777	0.8460000000000036	WheelMovementIntervals													-0.4185772929288305
2033.0802188297778	0.0749999999998181	WheelMovementIntervals													0.012904950124806192
2033.4402188297777	0.12099999999986721	WheelMovementIntervals													0.016909130635127667
2034.3007829120343	2.428808100642982	trials	-1.0	1.0	1.5		0.125	0.2	2035.1805949220352	2035.1804851216568	2036.2295566820362	2034.7628367020347	2034.7636366220347	2034.9282188297775	
2034.9282188297775	0.39400000000000546	WheelMovementIntervals													0.3799405649819505
2035.9592188297775	0.6069999999997435	WheelMovementIntervals													0.3803185645587348
2037.2269902620371	8.769005220368626	trials	1.0	1.0	1.5	0.0625		0.2	2044.4463015920444	2044.4461937365134	2045.4959632820455	2037.894456842038	2037.895256762038	2044.1182188297764	
2044.1182188297764	0.5889999999999418	WheelMovementIntervals													-0.32121227129457
2046.5146947320466	2.564423860227407	trials	-1.0	1.0	1.5		1.0	0.2	2047.5165278720476	2047.5164036616522	2048.5790216120486	2047.2274234520473	2047.2284900120474	2047.362218829776	
2047.362218829776	0.35599999999999454	WheelMovementIntervals													0.5232497806792367
2048.242218829776	0.3580000000001746	WheelMovementIntervals													0.04877994634395577
2049.5749220120497	2.887597580900092	trials	-1.0	1.0	1.5		0.125	0.2	2050.904722352051	2050.9046199771165	2051.962449902052	2050.2109917320504	2050.21179165205	2050.358218829776	
2050.358218829776	0.7739999999998872	WheelMovementIntervals													0.4523651201755001
2051.9082188297757	0.22599999999965803	WheelMovementIntervals													0.09124366705293596
2052.4452188297755	0.19099999999980355	WheelMovementIntervals													0.04797000291000586
2052.959716832053	7.784535886240519	trials	-1.0	1.0	1.5		0.0625	0.2	2059.1854275320593	2059.185344732079	2060.2441883120605	2053.4442017120537	2053.4454349220537	2058.5862188297747	
2058.5862188297747	0.2110000000002401	WheelMovementIntervals													0.21609926136869717
2059.120218829775	0.09900000000016007	WheelMovementIntervals													0.05374518783611393
2059.884218829775	0.6209999999996398	WheelMovementIntervals													0.38426774868739244
2061.2538540020614	2.442005088903443	trials	-1.0	1.0	1.5		0.0	0.2	2062.126733372062	2062.126655463484	2063.195826452063	2061.7622031620617	2061.763069742062	2061.8982188297746	
2061.8982188297746	0.35599999999976717	WheelMovementIntervals													0.42321341674531254
2063.1052188297745	0.44499999999970896	WheelMovementIntervals													0.14135882170322134
2064.204158942064	2.8747979605682303	trials	-1.0	1.0	1.5		0.0	0.2	2065.5149611820657	2065.514857100378	2066.5788881120666	2064.7106082920645	2064.711641522065	2064.8192188297744	
2064.8192188297744	0.1959999999999127	WheelMovementIntervals													0.1447940404609085
2065.2542188297743	0.22699999999986176	WheelMovementIntervals													0.10646653113431626
2067.584654192068	4.594322247422497	trials	-1.0	1.0	1.5		0.0	0.2	2070.6139512320706	2070.613867541972	2071.6789113920718	2068.210458272068	2068.2115914920682	2070.3622188297736	
2070.3622188297736	0.44000000000005457	WheelMovementIntervals													0.46411925554724576
2071.5062188297734	0.2860000000000582	WheelMovementIntervals													0.24220701524831156
2072.3162188297733	0.06599999999980355	WheelMovementIntervals													0.03178229588573345
2072.6923767020726	2.418107381070513	trials	-1.0	1.0	1.5		1.0	0.2	2073.5429583020737	2073.5428785947142	2074.610418212075	2073.2438548820733	2073.244888112073	2073.400218829773	
2073.400218829773	0.31199999999989814	WheelMovementIntervals													0.5380471960563113
2075.6267832320755	2.835500321044492	trials	-1.0	1.0	1.5		0.125	0.2	2076.896089622077	2076.8959829281675	2077.962282992078	2076.2121580220764	2076.2131579220763	2076.358218829773	
2076.358218829773	0.6199999999998909	WheelMovementIntervals													0.36327282495702207
2078.967782432079	3.2107972375079044	trials	1.0	1.0	1.5	0.125		0.2	2080.6319826620806	2080.631879963766	2081.6785446620815	2079.4770648320796	2079.4781313920794	2080.2042188297723	
2079.8312188297728	0.05499999999983629	WheelMovementIntervals													-0.01589575534137566
2080.2042188297723	0.4839999999999236	WheelMovementIntervals													-0.2541798513941842
2082.6892769120827	2.4211088982256115	trials	-1.0	1.0	1.5		0.0	0.2	2083.5676890620834	2083.567579414543	2084.6103181220847	2083.2602198120835	2083.261086392083	2083.403218829772	
2083.403218829772	0.25700000000006185	WheelMovementIntervals													0.36583805309550144
2084.2752188297723	0.22299999999995634	WheelMovementIntervals													0.020122054688073376
2085.605885222086	2.8060312126417557	trials	1.0	1.0	1.5	0.125		0.2	2086.8594931820867	2086.8593982719863	2087.9118546020877	2086.128566282086	2086.129399532086	2086.447218829772	
2086.447218829772	0.5409999999997126	WheelMovementIntervals													-0.33514684916494275
2088.926519792089	2.5019832974212477	trials	-1.0	1.0	1.5		0.0	0.2	2089.87172526209	2089.8716131051583	2090.928452912091	2089.5768547520897	2089.5776880020894	2089.7112188297715	
2089.7112188297715	0.29700000000002547	WheelMovementIntervals													0.42761804431526684
2092.154596952092	3.007315427294998	trials	1.0	1.0	1.5	0.25		0.2	2093.5926198020934	2093.592503372168	2094.6618462020947	2092.626749732093	2092.627649642093	2092.776218829771	
2092.776218829771	0.15299999999979264	WheelMovementIntervals													-0.11239706051733833
2093.365218829771	0.5479999999997744	WheelMovementIntervals													-0.2975049083590875
2095.664212622096	2.6127190339175286	trials	-1.0	1.0	1.5		0.125	0.2	2096.713141052097	2096.713019459911	2097.7768680020977	2096.4100047020966	2096.4109712720965	2096.5232188297705	
2096.5232188297705	0.5720000000001164	WheelMovementIntervals													0.7007910791137419
2098.793233022099	2.435106590321084	trials	-1.0	1.0	1.5		0.25	0.2	2099.6627460621	2099.662634660973	2100.7282395021007	2099.3785744820993	2099.379607712099	2099.49921882977	
2099.49921882977	0.649000000000342	WheelMovementIntervals													1.042509104763127
2101.737438572102	2.8245007206260198	trials	1.0	1.0	1.5	0.25		0.8	2103.002245412103	2103.002138447009	2104.061839442104	2102.226889622102	2102.227889522102	2102.39221882977	
2102.39221882977	1.02599999999984	WheelMovementIntervals													-0.4148088912147614
2105.0737382421053	2.436204534668832	trials	-1.0	1.0	1.5		0.0625	0.8	2105.944851122106	2105.9447395058337	2107.009911272107	2105.5933529421054	2105.5941861921056	2105.7222188297696	
2105.7222188297696	0.5610000000001492	WheelMovementIntervals													0.5093841801047461
2108.030542532108	4.0313131055922895	trials	1.0	1.0	1.5	0.125		0.8	2110.4964625821103	2110.4963493249925	2111.5617560421115	2109.6447144321096	2109.64581432211	2109.8252188297693	
2108.4272188297696	0.6059999999997672	WheelMovementIntervals													-0.34159634835390307
2109.8252188297693	0.1999999999998181	WheelMovementIntervals													-0.1397996477175809
2110.300218829769	0.38200000000006185	WheelMovementIntervals													-0.32981111630718374
2112.5716550421125	2.805003480549658	trials	1.0	1.0	1.5	0.125		0.8	2113.808164712114	2113.808055694715	2114.876657852115	2113.309747892113	2113.3107811221134	2113.5502188297687	
2113.5502188297687	0.7110000000002401	WheelMovementIntervals													-0.3595416017593891
2115.887156792116	2.9893157121623517	trials	1.0	1.0	1.5	0.0		0.8	2117.308181342117	2117.3080633098957	2118.3764078421186	2116.6113843621165	2116.612417592117	2116.8892188297687	
2116.8892188297687	0.5619999999998981	WheelMovementIntervals													-0.35944614884670045
2119.3926728721194	2.5838190380932247	trials	1.0	1.0	1.5	0.125		0.8	2120.4201701121206	2120.420080044629	2121.4764311421213	2120.06137266212	2120.06237256212	2120.186218829768	
2120.186218829768	0.33999999999969077	WheelMovementIntervals													-0.31079961002077994
2122.5081946221226	4.584791183370726	trials	1.0	1.0	1.5	1.0		0.8	2125.5247929321254	2125.524687505488	2126.5929527721264	2125.227789302125	2125.228655882125	2125.3712188297677	
2122.702218829768	2.0399999999999636	WheelMovementIntervals													-1.3525109808610978
2125.3712188297677	0.5059999999998581	WheelMovementIntervals													-0.4824244174998569
2127.6284825421276	2.7826043574264077	trials	1.0	1.0	1.5	0.125		0.8	2128.8539933121288	2128.853883580289	2129.9110542621297	2128.244254292128	2128.2452875221284	2128.441218829767	
2128.441218829767	0.649000000000342	WheelMovementIntervals													-0.48092503493276695
2130.933485342131	3.4775297960977696	trials	-1.0	-1.0	0.0	0.0625		0.8	2131.8385948221317	2131.837592568713	2133.910987562134	2131.4595660621317	2131.4605992921315	2131.6182188297666	
2131.6182188297666	0.34900000000016007	WheelMovementIntervals													0.37413344959907135
2134.945717412135	3.597190861134095	trials	-1.0	-1.0	0.0	0.0625		0.8	2135.999878652136	2135.998814443927	2138.042874332138	2135.6262826821358	2135.6272159221357	2135.790218829766	
2135.790218829766	0.34799999999995634	WheelMovementIntervals													0.4216378027232679
2139.061305812139	2.6815122662437716	trials	1.0	1.0	1.5	1.0		0.8	2140.2011251521403	2140.2010101755286	2141.242820972141	2139.5110275021393	2139.5121607221395	2139.683218829766	
2139.683218829766	0.8710000000000946	WheelMovementIntervals													-0.4581001383865555
2142.2714181021424	2.5379240471261255	trials	1.0	1.0	1.5	1.0		0.8	2143.2392213121434	2143.239126508694	2144.3093142921443	2142.911020802143	2142.9121206921427	2143.0762188297654	
2143.0762188297654	0.5730000000003201	WheelMovementIntervals													-0.5119721830776314
2145.3380447421455	2.772804603178429	trials	1.0	1.0	1.5	0.0625		0.8	2146.5536231721467	2146.5535458832883	2147.6107507821475	2146.094135792146	2146.095102362146	2146.2542188297653	
2146.2542188297653	0.4919999999997344	WheelMovementIntervals													-0.4524211330930541
2148.6400478421488	2.585991932736306	trials	1.0	1.0	1.5	0.0625		0.8	2149.6599458421497	2149.6598442664367	2150.7259392321507	2149.1423642721493	2149.143397502149	2149.3322188297648	
2149.3322188297648	0.7029999999999745	WheelMovementIntervals													-0.4531704822680638
2151.748736942152	2.6104168155802654	trials	1.0	1.0	1.5	1.0		0.8	2152.7935657821527	2152.7934432716534	2153.859125882154	2152.277317412152	2152.2783506421524	2152.4442188297644	
2152.4442188297644	0.6179999999999382	WheelMovementIntervals													-0.45704786983523604
2154.891355982155	2.5695215892505985	trials	1.0	1.0	1.5	0.0625		0.8	2155.899155192156	2155.8990636646117	2156.960849012157	2155.4939623821556	2155.4949956121554	2155.548218829764	
2155.548218829764	0.5579999999999927	WheelMovementIntervals													-0.4100885785037178
2157.988279592158	3.50419826410689	trials	1.0	1.0	1.5	0.0625		0.8	2159.92945212216	2159.929377522716	2160.992379152161	2159.5589225121594	2159.5599557421597	2159.7312188297637	
2158.528218829764	0.30999999999994543	WheelMovementIntervals													0.1775988263145507
2159.7312188297637	0.3049999999998363	WheelMovementIntervals													-0.4097585873480796
2162.030975282162	2.6627958041726743	trials	1.0	1.0	1.5	0.125		0.8	2163.123666002163	2163.1235727398926	2164.193758982164	2162.6272489821627	2162.6282488821626	2162.8122188297634	
2162.8122188297634	0.47699999999986176	WheelMovementIntervals													-0.33213344403159795
2165.4433673421654	2.3821089179118644	trials	1.0	1.0	1.5	0.25		0.8	2166.2697846921665	2166.2696700887204	2167.325445782167	2165.958782462166	2165.959549052166	2166.091218829763	
2166.091218829763	0.5410000000001673	WheelMovementIntervals													-0.557007136031757
2168.3465769921686	2.3291125733776425	trials	1.0	1.0	1.5	0.25		0.8	2169.115200122169	2169.1150808108696	2170.17559407217	2168.843793932169	2168.8448604921687	2168.8602188297627	
2168.8602188297627	0.5830000000000837	WheelMovementIntervals													-0.5484408985252287
2171.2042911921712	2.63951630954989	trials	1.0	1.0	1.5	0.125		0.8	2172.279083702172	2172.27899701845	2173.3437105621733	2171.927085572172	2171.928152132172	2172.0312188297626	
2172.0312188297626	0.5599999999999454	WheelMovementIntervals													-0.3415271348422664
2174.3659083321745	4.809400292567261	trials	1.0	1.0	1.5	0.125		0.8	2177.616116612178	2177.6160071783247	2178.675277352179	2177.158862342177	2177.159762252177	2177.184218829762	
2175.188218829762	1.4900000000002365	WheelMovementIntervals													-0.7700234475340721
2177.184218829762	0.9339999999997417	WheelMovementIntervals													-0.4069765034455486
2179.71770643218	7.807632977127923	trials	-1.0	-1.0	0.0	0.0625		0.8	2184.968014682185	2184.967027259092	2187.025208942187	2180.31041382218	2180.3114803821804	2184.698218829761	
2184.698218829761	1.7999999999997272	WheelMovementIntervals													1.327901144189724
2188.052839502188	4.38890863905408	trials	-1.0	-1.0	0.0	0.0		0.8	2189.87332410219	2189.872442254681	2191.941683912192	2188.760002112189	2188.761002012189	2189.4532188297603	
2189.4532188297603	1.5470000000000255	WheelMovementIntervals													0.8489927061593505
2191.28721882976	0.07999999999992724	WheelMovementIntervals													0.007753239511572474
2192.977846952193	9.780233076955028	trials	1.0	1.0	1.5	1.0		0.8	2201.1878592022013	2201.1877738788985	2202.2580521722025	2193.4600320621935	2193.4609319721935	2200.2702188297594	
2200.2702188297594	1.0889999999999418	WheelMovementIntervals													-0.5821006699634381
2201.542218829759	0.3890000000001237	WheelMovementIntervals													0.012314271627786866
2203.304780822203	5.6550145044084275	trials	1.0	-1.0	0.0		0.125	0.8	2206.3951384222064	2206.394387653964	2208.4596652822083	2203.976613632204	2203.977513542204	2205.3952188297585	
2204.3272188297587	0.07400000000006912	WheelMovementIntervals													-0.020737487868899507
2205.3952188297585	0.34799999999995634	WheelMovementIntervals													-0.19780407558494062
2206.0692188297585	0.7829999999999018	WheelMovementIntervals													-0.23459654162527954
2209.5004945222095	3.042708186883374	trials	1.0	1.0	1.5	1.0		0.8	2210.986579232211	2210.986498032153	2212.043173562212	2210.2080904222103	2210.20909032221	2210.3852188297583	
2210.3852188297583	1.0669999999995525	WheelMovementIntervals													-0.38140015089501844
2213.082202982213	2.844197349761089	trials	1.0	1.0	1.5	0.25		0.8	2214.3545090722146	2214.35440090218	2215.4263685422156	2213.5916520322135	2213.5927852522136	2214.0672188297576	
2214.0672188297576	0.7210000000000036	WheelMovementIntervals													-0.36687358439044715
2216.4705974422163	2.5374963429139825	trials	1.0	1.0	1.5	0.25		0.8	2217.4484996422175	2217.4483952623173	2218.5080270122185	2217.007910372217	2217.009043592217	2217.1652188297576	
2217.1652188297576	0.8539999999998145	WheelMovementIntervals													-0.3755302743918776
2219.5386906022195	3.1543282523934977	trials	1.0	1.0	1.5	1.0		0.8	2221.1349976222214	2221.1349038869557	2222.1929584822224	2220.09276852222	2220.09366843222	2220.665218829757	
2220.665218829757	0.863999999999578	WheelMovementIntervals													-0.3637600544035422
2223.2310213322235	6.161696868333365	trials	1.0	1.0	1.5	0.125		0.8	2227.836027452228	2227.835918244454	2228.892655112229	2223.7078736422236	2223.708973532224	2227.310218829756	
2227.310218829756	0.7010000000000218	WheelMovementIntervals													-0.424963170093946
2229.94201683223	2.465927742837266	trials	-1.0	1.0	1.5		0.25	0.8	2230.837627262231	2230.8375265439786	2231.907920222232	2230.4744302522304	2230.4752301722306	2230.669218829756	
2230.669218829756	0.557999999999538	WheelMovementIntervals													0.7742362475527784
2232.948949442233	7.758503988362008	trials	-1.0	-1.0	0.0	0.0625		0.8	2238.1317977722383	2238.1307507702336	2240.2074235222403	2233.6262150422335	2233.6271816122335	2237.729218829755	
2237.729218829755	0.9939999999996871	WheelMovementIntervals													0.8346261763509517
2241.2601515722413	2.9989119980650685	trials	1.0	1.0	1.5	1.0		0.8	2242.6746434422425	2242.6745567593625	2243.758968332244	2241.959414972242	2241.960448202242	2242.3242188297545	
2242.3242188297545	0.5779999999999745	WheelMovementIntervals													-0.47768063902256586
2244.796764542245	2.410804564007776	trials	-1.0	1.0	1.5		1.0	0.8	2245.650279182246	2245.6501658038687	2246.7074734522466	2245.3409101222455	2245.341743372245	2245.505218829754	
2245.505218829754	0.5270000000000437	WheelMovementIntervals													0.9178075415418618
2246.4572188297543	3.6159999999995307	WheelMovementIntervals													2.420055943137612
2247.7527689122476	19.371338588660365	trials	-1.0	-1.0	0.0	0.0625		0.8	2264.5595547322646	2264.5586006551684	2266.6240149322666	2250.5759199022505	2250.5770197922507	2264.199218829752	
2264.199218829752	0.7149999999996908	WheelMovementIntervals													0.5824795242704965
2267.707206602268	14.601550012522694	trials	-1.0	-1.0	0.0	0.0625		0.8	2279.7384033622798	2279.737646160517	2281.808662982282	2268.225454772268	2268.2265213322685	2279.4362188297505	
2279.4362188297505	2.3659999999999854	WheelMovementIntervals													2.9052016474580853
2282.873656472283	7.351710552023633	trials	-1.0	-1.0	0.0	0.125		0.8	2287.6503120922875	2287.6492626771933	2289.7252712422896	2283.4068364822833	2283.4077030622834	2287.4852188297496	
2286.2362188297498	0.29300000000012005	WheelMovementIntervals													0.029064129069382716
2287.4852188297496	2.7039999999997235	WheelMovementIntervals													2.105689635030643
2290.770266732291	15.119730679742133	trials	-1.0	-1.0	0.0	0.0		0.8	2303.3291773823034	2303.3282913834532	2305.3899379523054	2291.3899714222916	2291.3909713222915	2303.165218829748	
2303.165218829748	1.1889999999998508	WheelMovementIntervals													2.1683636854617134
2306.4606975323063	15.597450174748701	trials	1.0	1.0	1.5	0.25		0.8	2320.4994268523205	2320.499340892478	2321.5580876423214	2307.2083894223074	2307.209455982307	2319.472218829746	
2319.472218829746	1.2020000000002256	WheelMovementIntervals													-0.3059370081549275
2321.093218829746	2.0969999999997526	WheelMovementIntervals													1.2231647251244055
2322.6264474623226	18.79783044183978	trials	-1.0	-1.0	0.0	0.0		0.8	2338.855824362339	2338.8548720165522	2340.924250832341	2323.8727561523237	2323.873622732324	2338.571218829744	
2338.571218829744	0.7649999999998727	WheelMovementIntervals													0.7627561366218742
2339.773218829744	1.4959999999996398	WheelMovementIntervals													1.614429166561166
2341.8652188297438	0.22600000000011278	WheelMovementIntervals													0.09016436515571513
2341.998076772342	13.125931362967549	trials	-1.0	-1.0	0.0	0.0		0.8	2352.5540210723525	2352.5532003843614	2354.6239473923547	2342.4725293223423	2342.4734625623423	2352.2652188297425	
2352.2652188297425	1.5619999999998981	WheelMovementIntervals													1.488705533922655
2355.6904074023555	20.464961972138553	trials	-1.0	-1.0	0.0	0.125		0.8	2373.596816582374	2373.5957598736127	2375.6552773823755	2356.222420862356	2356.223320772356	2373.38921882974	
2373.38921882974	1.0740000000000691	WheelMovementIntervals													1.6191757585291384
2376.7381690823768	4.917019700552828	trials	-1.0	-1.0	0.0	0.0625		0.8	2379.085401002379	2379.0844780059274	2381.155127342381	2377.240018892377	2377.2410854523773	2378.6412188297395	
2378.6412188297395	1.0219999999999345	WheelMovementIntervals													0.6459197553055844
2382.196689842382	16.174824291652385	trials	-1.0	-1.0	0.0	0.0625		0.8	2395.792563452396	2395.7915094188425	2397.871488872398	2382.7069721423827	2382.7080387023825	2393.455218829738	
2392.696218829738	0.1410000000000764	WheelMovementIntervals													0.01159513493553277
2393.455218829738	0.2019999999997708	WheelMovementIntervals													0.16197807585703572
2395.0522188297377	1.2609999999999673	WheelMovementIntervals													0.370272797971154
2397.5312188297376	0.23500000000012733	WheelMovementIntervals													0.061631843670539865
2398.953713972399	8.901221268431073	trials	-1.0	-1.0	0.0	1.0		0.8	2405.277481532405	2405.2765276593636	2407.3548737724072	2399.6899403423995	2399.6908735823995	2403.443218829737	
2403.443218829737	0.20499999999992724	WheelMovementIntervals													0.16239066889798437
2405.1732188297365	1.5289999999999964	WheelMovementIntervals													0.6267135340261518
2408.4146344524083	63.059763501470115	trials	0.0	-1.0	0.0	0.25		0.8	2468.975477762469	2468.9743895511424	2469.020306612469	2408.973011942409	2408.974111832409		
2472.110297582472	19.128029280278497	trials	-1.0	-1.0	0.0	0.125		0.8	2488.6829401524888	2488.6820212169628	2490.7382679324905	2472.1720247424723	2472.6044481624726	2488.3992188297275	
2479.7512188297283	0.08900000000039654	WheelMovementIntervals													0.03271828752207284
2488.3992188297275	2.213999999999942	WheelMovementIntervals													2.053304731160523
2491.391218829727	0.5450000000000728	WheelMovementIntervals													0.11046231555857844
2491.8271257024917	63.27747346735987	trials	0.0	-1.0	0.0		0.0625	0.8	2552.6053139425526	2552.6045903954046	2553.337207412553	2492.6031814224925	2492.604247982493		
2552.7382188297206	0.9149999999995089	WheelMovementIntervals													0.5787706097697765
2554.0672188297203	2.4169999999999163	WheelMovementIntervals													3.010426937699208
2555.755098932556	63.94813798327914	trials	0.0	-1.0	0.0	0.125		0.8	2617.203986762617	2617.203230560572	2617.3845020426174	2557.2020542225573	2557.2029208025574	2583.730218829717	
2583.730218829717	0.6340000000000146	WheelMovementIntervals													0.19256885013612646
2613.1592188297136	0.10800000000017462	WheelMovementIntervals													0.022405818661184185
2620.3646373326205	22.204455238664195	trials	-1.0	1.0	1.5		0.0	0.8	2641.005006422641	2641.004886820856	2642.069033342642	2620.4360635226203	2620.868620262621	2640.648218829711	
2639.556218829711	0.12800000000015643	WheelMovementIntervals													0.06465488101042638
2640.648218829711	0.5619999999998981	WheelMovementIntervals													0.4113165305892039
2642.5632188297104	0.6350000000002183	WheelMovementIntervals													0.45269077607707686
2643.149391962643	13.85262525240023	trials	-1.0	1.0	1.5		0.0	0.8	2655.4547279726553	2655.4546126176388	2656.5019565726566	2644.5673168226444	2644.5683500526447	2644.7012188297103	
2644.7012188297103	1.2609999999999673	WheelMovementIntervals													0.25002234283837765
2655.413218829709	0.42000000000007276	WheelMovementIntervals													0.34273022101521633
2656.107218829709	0.849999999999909	WheelMovementIntervals													0.5701055100501264
2657.5725161726577	3.6613124020218493	trials	1.0	1.0	1.5	1.0		0.8	2659.6690398326596	2659.6689221286806	2660.7338000126606	2658.2505150326583	2658.251548262658	2658.6462188297087	
2658.6462188297087	1.3139999999998508	WheelMovementIntervals													-0.3155302219145142
2660.3452188297088	1.1779999999998836	WheelMovementIntervals													1.158305700068297
2661.785728142662	3.19952091828236	trials	-1.0	1.0	1.5		0.0625	0.8	2663.4063327326635	2663.4062382309776	2664.4852248326647	2662.268646512662	2662.2695130926622	2662.4102188297084	
2662.4102188297084	1.15099999999984	WheelMovementIntervals													0.3749585854571933
2664.288218829708	0.6649999999999636	WheelMovementIntervals													0.23757480752485094
2665.5509515826657	3.100802273851059	trials	1.0	1.0	1.5	0.25		0.8	2667.079465382667	2667.079352210553	2668.1517581426683	2666.0504349626663	2666.051468192666	2666.506218829708	
2666.1482188297077	0.15399999999999636	WheelMovementIntervals													0.01201530408235385
2666.506218829708	0.8569999999999709	WheelMovementIntervals													-0.30471812029281864
2669.2022530826694	2.6813097715116783	trials	1.0	1.0	1.5	0.25		0.8	2670.3194746826703	2670.3193559038555	2671.3834682726715	2669.86698660267	2669.86808649267	2670.0092188297076	
2670.0092188297076	0.4259999999999309	WheelMovementIntervals													-0.28606258438347254
2671.7202188297074	0.35599999999976717	WheelMovementIntervals													0.11972463381621878
2672.4531612926726	2.481898959837963	trials	-1.0	1.0	1.5		1.0	0.8	2673.3631702826733	2673.363060178107	2674.4350297526744	2673.051801422673	2673.052734662673	2673.203218829707	
2673.203218829707	0.43200000000024374	WheelMovementIntervals													0.6461873354506906
2674.048218829707	0.9510000000000218	WheelMovementIntervals													0.509904402256069
2675.4900575726756	2.7435306349639177	trials	-1.0	1.0	1.5		1.0	0.8	2676.654774422677	2676.6546697280446	2677.733499872678	2676.100229882676	2676.1010298026763	2676.3862188297066	
2676.3862188297066	0.3420000000000982	WheelMovementIntervals													0.3458264219077307
2677.5542188297068	1.224999999999909	WheelMovementIntervals													1.1881369781133913
2678.8098922226786	11.756732630411989	trials	-1.0	1.0	1.5		0.0	0.8	2689.016304812689	2689.016218813739	2690.06653311269	2679.4351630226793	2679.4359962726794	2686.0022188297057	
2686.0022188297057	0.6199999999998909	WheelMovementIntervals													0.232548805102482
2688.9502188297056	0.2339999999999236	WheelMovementIntervals													0.1987023471148177
2689.660218829705	2.436999999999898	WheelMovementIntervals													3.8336394880814737
2691.153724382691	3.7293100837509883	trials	-1.0	1.0	1.5		1.0	0.2	2693.333406392693	2693.33332910726	2694.3830014226946	2692.7848612526927	2692.7858611526926	2692.947218829705	
2692.947218829705	0.7409999999999854	WheelMovementIntervals													0.7420768136650793
2694.173218829705	0.3009999999999309	WheelMovementIntervals													0.13962693778424295
2695.1862188297046	3.4149999999999636	WheelMovementIntervals													-1.330525856292013
2695.720934282696	6.846992424552809	trials	-1.0	1.0	1.5		0.25	0.2	2701.018537802701	2701.018426874208	2702.067899522702	2699.8010595626997	2699.8020927927	2700.6092188297043	
2698.9572188297043	0.4230000000002292	WheelMovementIntervals													0.042984090481581916
2700.6092188297043	0.7179999999998472	WheelMovementIntervals													0.6741475282619263
2701.730218829704	1.4020000000000437	WheelMovementIntervals													0.49212058717330365
2703.157523882703	18.493351020991213	trials	-1.0	1.0	1.5		0.0625	0.2	2720.08366443272	2720.0835687491794	2721.1507910427213	2704.5164546427045	2704.5173878827045	2719.628218829702	
2719.628218829702	0.8020000000001346	WheelMovementIntervals													0.6422418804677932
2720.697218829702	1.699999999999818	WheelMovementIntervals													2.1105143487597218
2722.314474662722	63.36936299288709	trials	0.0	-1.0	0.0		0.125	0.2	2783.1845537127833	2783.183829304219	2783.799592202784	2723.182521182723	2723.183521082723		
2786.3479373427863	4.2170198945937045	trials	-1.0	-1.0	0.0	0.125		0.2	2787.992506202788	2787.991744707957	2790.06483228279	2786.4147306627865	2786.850520412787	2787.4872188296945	
2787.4872188296945	2.7419999999997344	WheelMovementIntervals													2.798758855067234
2791.133058782791	37.4328934628893	trials	-1.0	1.0	1.5		0.0	0.2	2827.013137082827	2827.013046451337	2828.065831802828	2791.649773772792	2791.6508070027917	2826.4692188296904	
2826.4692188296904	0.8299999999999272	WheelMovementIntervals													0.545255803661945
2827.57021882969	1.6050000000000182	WheelMovementIntervals													1.336933403728267
2829.199151792829	7.681506524597808	trials	-1.0	1.0	1.5		0.125	0.2	2835.337037942835	2835.3369562071844	2836.3805669128365	2829.8807836228298	2829.88178352283	2834.8132188296895	
2834.8132188296895	0.7189999999995962	WheelMovementIntervals													0.40372329241515104
2835.912218829689	0.956000000000131	WheelMovementIntervals													1.5786631287101898
2837.4721577428377	25.726364938319875	trials	-1.0	1.0	1.5		0.0625	0.2	2861.6392074628616	2861.6391178055337	2862.698468192863	2838.032535032838	2838.033368282838	2861.2652188296865	
2861.2652188296865	0.5829999999996289	WheelMovementIntervals													0.45191717335362114
2862.3262188296862	1.3460000000000036	WheelMovementIntervals													1.2662271168943562
2863.8148232128638	13.883316643115904	trials	-1.0	1.0	1.5		0.125	0.2	2876.136357602876	2876.1362370960956	2877.198118082877	2864.3300383528644	2864.331138242864	2875.710218829685	
2875.710218829685	0.4290000000000873	WheelMovementIntervals													0.27531000338245804
2876.826218829685	1.7219999999997526	WheelMovementIntervals													1.3327742879355071
2878.3166395528783	9.048334685058762	trials	-1.0	1.0	1.5		1.0	0.2	2885.8172894128857	2885.8171666468334	2886.864884642887	2879.91344652288	2879.91434643288	2885.254218829684	
2878.8442188296845	0.5709999999999127	WheelMovementIntervals													0.41837753453330606
2885.254218829684	0.8359999999997854	WheelMovementIntervals													0.6040487648478461
2886.6162188296835	0.6530000000002474	WheelMovementIntervals													0.6563216338856535
2887.967074412888	2.5960144388727713	trials	-1.0	1.0	1.5		1.0	0.2	2889.002070902889	2889.001979371663	2890.06303146289	2888.5964114728886	2888.5972113928888	2888.7562188296833	
2888.7562188296833	0.5729999999998654	WheelMovementIntervals													0.7400151990196377
2889.6292188296834	1.4929999999999382	WheelMovementIntervals													2.289094781683275
2891.147689652891	9.383635455767944	trials	-1.0	1.0	1.5		0.0625	0.2	2898.959008442899	2898.9589175025053	2900.0312678729	2891.6810696428915	2891.6818695628917	2898.3812188296824	
2898.3812188296824	0.6959999999999127	WheelMovementIntervals													0.36692009616334076
2899.9502188296824	0.6439999999997781	WheelMovementIntervals													0.23876218168655328
2901.124325222901	3.0400047695743524	trials	1.0	1.0	1.5	0.25		0.2	2902.587412232903	2902.5873265557584	2903.664237872904	2901.7127997029015	2901.713766272902	2902.027218829682	
2902.027218829682	0.7429999999999382	WheelMovementIntervals													-0.3872194354052567
2903.204218829682	0.34900000000016007	WheelMovementIntervals													0.026700844647137956
2904.757528532905	2.638711506252548	trials	1.0	1.0	1.5	0.125		0.2	2905.827921482906	2905.827832388794	2906.896114652907	2905.3293713429052	2905.3304045729055	2905.5132188296816	
2905.5132188296816	0.49499999999989086	WheelMovementIntervals													-0.40486744391864704
2906.7322188296816	1.0119999999997162	WheelMovementIntervals													0.5044113393076088
2907.974640122908	2.888189573036925	trials	1.0	1.0	1.5	0.25		0.2	2909.2921416929094	2909.292034910708	2910.3628012829104	2908.5144528029086	2908.5153527129087	2908.6792188296813	
2908.6792188296813	0.7010000000000218	WheelMovementIntervals													-0.2819047641434338
2910.062218829681	0.40499999999974534	WheelMovementIntervals													0.09967397391608301
2911.4449263929114	3.0193079111477346	trials	1.0	1.0	1.5	0.0625		0.2	2912.8937481629127	2912.8936292291564	2913.964207772914	2912.097494462912	2912.098327712912	2911.974218829681	
2911.974218829681	1.25	WheelMovementIntervals													-0.3429847216749522
2913.639218829681	0.3329999999996289	WheelMovementIntervals													0.0885767649899094
2915.040833432915	3.4734265562037763	trials	1.0	-1.0	0.0		0.0625	0.2	2915.968640642916	2915.967839986605	2918.014169402918	2915.4959545829156	2915.4969544829155	2915.6242188296806	
2915.6242188296806	0.7319999999999709	WheelMovementIntervals													-0.4055988456157138
2919.087662042919	2.676608035598292	trials	1.0	1.0	1.5	0.125		0.2	2920.2144493529204	2920.2143645835686	2921.264177702921	2919.6791028929197	2919.67993614292	2919.87121882968	
2919.87121882968	0.7109999999997854	WheelMovementIntervals													-0.39059049103207144
2922.3471693929223	2.7821988135974607	trials	1.0	1.0	1.5	0.0625		0.2	2923.5722802029236	2923.5721684302516	2924.6293411529246	2922.996037832923	2922.996904412923	2923.1892188296797	
2923.1892188296797	0.8249999999998181	WheelMovementIntervals													-0.2989473034801051
2925.706566752926	2.789097357843275	trials	-1.0	1.0	1.5		0.0625	0.2	2926.944676262927	2926.9445651362794	2927.995637822928	2926.163954342926	2926.164854252926	2926.1832188296794	
2926.1832188296794	1.0489999999999782	WheelMovementIntervals													0.7356201490267154
2927.5552188296792	0.19499999999970896	WheelMovementIntervals													0.05026444210079717
2929.083662342929	2.7455305189018873	trials	1.0	1.0	1.5	0.125		0.2	2930.28537549293	2930.285274824549	2931.3291044429316	2929.5975442829294	2929.5984775229294	2929.7672188296788	
2929.7672188296788	0.8339999999998327	WheelMovementIntervals													-0.352933572303499
2932.4049968429326	2.557391526084757	trials	-1.0	1.0	1.5		0.0	0.2	2933.3893983929333	2933.389292811703	2934.4623577529346	2932.997237612933	2932.998137522933	2933.1752188296787	
2933.1752188296787	0.43699999999989814	WheelMovementIntervals													0.46633859384061793
2935.5327840329355	4.031104731697724	trials	1.0	-1.0	0.0		0.0	0.2	2936.9897383229372	2936.988685380701	2939.063864222939	2936.113825922936	2936.114759162936	2936.340218829678	
2936.340218829678	0.724999999999909	WheelMovementIntervals													-0.31609535072891504
2940.1561883129402	3.889524056847222	trials	1.0	-1.0	0.0		0.0	0.2	2941.4740231829414	2941.4729957803374	2943.5456160029435	2940.8788827029407	2940.879715952941	2941.0822188296775	
2941.0822188296775	0.8730000000000473	WheelMovementIntervals													-0.6182631527186118
2944.887415142945	2.758002157314422	trials	1.0	1.0	1.5	0.25		0.2	2946.085428662946	2946.0853152112722	2947.1453226629474	2945.5637475029457	2945.5646474129458	2945.734218829677	
2945.734218829677	0.8110000000001492	WheelMovementIntervals													-0.4690435863106188
2948.2185153329483	2.5603178667774955	trials	-1.0	1.0	1.5		0.125	0.2	2949.2153156429495	2949.2152215097267	2950.27870929295	2948.830454132949	2948.831287382949	2949.0312188296766	
2949.0312188296766	0.4030000000002474	WheelMovementIntervals													0.5275560452015782
2951.3570347829514	2.454898705807409	trials	-1.0	1.0	1.5		0.25	0.2	2952.2417463029524	2952.241633595921	2953.3118726129533	2951.8300208129517	2951.8309207229518	2952.0522188296763	
2952.0522188296763	0.6159999999999854	WheelMovementIntervals													0.7306265448346778
2954.3975307029546	6.247715542713195	trials	-1.0	1.0	1.5		0.0625	0.2	2959.079962412959	2959.079840852454	2960.1451558829604	2954.930510732955	2954.931577292955	2958.951218829676	
2958.951218829676	2.6529999999997926	WheelMovementIntervals													3.9759691131412467
2961.2483455529614	11.363335452957017	trials	-1.0	1.0	1.5		0.0	0.2	2971.051765112971	2971.0516752760736	2972.111625782972	2962.1802523529623	2962.1811522629623	2970.8052188296742	
2970.8052188296742	0.3910000000000764	WheelMovementIntervals													0.40398719983824094
2971.6762188296743	0.849999999999909	WheelMovementIntervals													0.5365169345689935
2973.2175818429732	9.328841273564194	trials	-1.0	1.0	1.5		0.0	0.2	2980.996603862981	2980.996513757703	2982.046332212982	2973.846318962974	2973.847385522974	2980.0102188296732	
2980.0102188296732	1.125	WheelMovementIntervals													0.3045466989077852
2981.830218829673	1.0799999999999272	WheelMovementIntervals													0.3902279327120368
2983.142722562983	2.835593528303434	trials	-1.0	1.0	1.5		1.0	0.2	2984.4036964529846	2984.403619240562	2985.4782556529854	2983.6779357029836	2983.6789356029835	2983.830218829673	
2983.830218829673	0.8930000000000291	WheelMovementIntervals													0.661978320403108
2985.241218829673	0.5779999999995198	WheelMovementIntervals													0.527831779252125
2986.5659135429864	5.063802635329466	trials	-1.0	1.0	1.5		0.0625	0.2	2990.0606307029902	2990.060513981436	2991.1296904529913	2987.1965171429874	2987.1975837029872	2989.8852188296723	
2989.8852188296723	0.5409999999997126	WheelMovementIntervals													0.7306663541349394
2990.754218829672	1.699999999999818	WheelMovementIntervals													1.0743102514523457
2992.224914252992	10.002938075387647	trials	-1.0	1.0	1.5		0.25	0.2	3000.6695363730005	3000.6694455522234	3001.727797203002	2993.177952272993	2993.178852182993	3000.486218829671	
3000.486218829671	0.5309999999999491	WheelMovementIntervals													0.7979595985702588
3001.416218829671	1.4110000000000582	WheelMovementIntervals													1.3113412837896306
3002.830753563003	7.865419783527614	trials	-1.0	1.0	1.5		0.0625	0.2	3009.129356973009	3009.129267803794	3010.19608362301	3003.879482013004	3003.880415253004	3008.7732188296704	
3008.7732188296704	0.5249999999996362	WheelMovementIntervals													0.34762514344899387
3009.98821882967	0.3969999999999345	WheelMovementIntervals													0.2082541699853664
3010.83121882967	0.5589999999997417	WheelMovementIntervals													0.25780067037757703
3011.3049727230114	3.9560099294412794	trials	-1.0	1.0	1.5		0.125	0.2	3013.6871678130137	3013.6870780998606	3014.7609604230147	3011.944508763012	3011.945408673012	3013.1892188296697	
3012.12121882967	0.4479999999998654	WheelMovementIntervals													0.059346980344628264
3013.1892188296697	0.7080000000000837	WheelMovementIntervals													0.38959082223439623
3014.6012188296695	1.4670000000000982	WheelMovementIntervals													0.8728214885118746
3015.8681830230157	3.6595048922727074	trials	1.0	1.0	1.5	1.0		0.2	3017.956207533018	3017.9560852437216	3019.027600383019	3016.8294202230168	3016.830320133017	3017.0422188296693	
3017.0422188296693	1.2300000000000182	WheelMovementIntervals													-0.3371733591784789
3018.6112188296693	0.7889999999997599	WheelMovementIntervals													0.5967324778662544
3020.15548758302	7.9403420433322935	trials	-1.0	1.0	1.5		0.125	0.2	3026.5315165830266	3026.53142053998	3027.595810143028	3020.6289735630207	3020.6299401330207	3026.041218829668	
3020.975218829669	0.3409999999998945	WheelMovementIntervals													0.026354146975165804
3026.041218829668	0.7800000000002001	WheelMovementIntervals													0.47604330698692365
3027.329218829668	1.9599999999995816	WheelMovementIntervals													1.036745712427944
3028.712331813029	3.8482911851615427	trials	1.0	1.0	1.5	0.0625		0.2	3030.985337823031	3030.985226016147	3032.060563623032	3029.94387531303	3029.9448418830298	3030.2572188296676	
3030.2572188296676	2.474999999999909	WheelMovementIntervals													1.3478998375420588
3033.1586204730334	8.787127578340915	trials	-1.0	1.0	1.5		0.0625	0.2	3040.37233236304	3040.3722414710733	3041.4456916830413	3033.678668463034	3033.679801683034	3040.0632188296668	
3040.0632188296668	0.6779999999998836	WheelMovementIntervals													0.7261840481102126
3040.9882188296665	1.6159999999999854	WheelMovementIntervals													1.4701786329197262
3042.5509478130425	12.859120615225038	trials	-1.0	1.0	1.5		0.125	0.2	3053.853584103054	3053.853464174883	3054.909978453055	3043.3769652030433	3043.3780317630435	3053.524218829665	
3053.524218829665	0.6159999999999854	WheelMovementIntervals													0.5870091268155875
3054.425218829665	1.3040000000000873	WheelMovementIntervals													1.0032259174855085
3056.021267313056	10.157254683884275	trials	-1.0	1.0	1.5		0.0625	0.2	3064.6141079430645	3064.6140118821027	3065.6784348330657	3056.7119315730565	3056.712898143057	3064.373218829664	
3064.373218829664	0.6970000000001164	WheelMovementIntervals													1.0852274406890388
3066.118218829664	1.6369999999997162	WheelMovementIntervals													1.44661541740453
3066.7947231930666	9.115294613427068	trials	1.0	1.0	1.5	0.25		0.2	3074.3366355930743	3074.336517908956	3075.4099615830755	3068.3268366330685	3068.3277698730685	3072.790218829663	
3072.790218829663	0.23300000000017462	WheelMovementIntervals													0.10956547264362371
3073.3432188296633	1.2909999999997126	WheelMovementIntervals													-0.5048480025395747
3074.847218829663	0.9769999999998618	WheelMovementIntervals													0.4675270795045776
3076.5286163730766	2.7812252369635644	trials	-1.0	1.0	1.5		0.25	0.2	3077.7191306430777	3077.7190263188777	3078.809788233079	3077.078328063077	3077.079361293077	3077.2682188296626	
3077.2682188296626	0.7559999999998581	WheelMovementIntervals													0.8535773885353137
3078.3622188296627	0.13299999999981083	WheelMovementIntervals													0.07137312224625703
3079.91224464308	8.664206591945913	trials	-1.0	1.0	1.5		0.0625	0.2	3087.014667663087	3087.0145484072327	3088.076428143088	3080.6281397130806	3080.6293062630807	3086.6162188296616	
3086.6162188296616	0.5289999999999964	WheelMovementIntervals													0.35783800593412707
3087.7362188296615	0.4619999999999891	WheelMovementIntervals													0.4714282595761574
3088.4662188296616	2.100999999999658	WheelMovementIntervals													2.69902364651972
3089.1954495630894	12.847352020011385	trials	-1.0	1.0	1.5		0.125	0.2	3100.4853871231007	3100.485293519083	3101.5427480431017	3091.5945429630915	3091.595542863092	3099.9382188296604	
3099.9382188296604	0.9689999999995962	WheelMovementIntervals													0.824621861456194
3101.34221882966	1.199999999999818	WheelMovementIntervals													1.2867928366126193
3102.6695020231027	6.006605018497339	trials	-1.0	1.0	1.5		1.0	0.2	3107.115290733107	3107.115204997336	3108.176051313108	3103.2275795431033	3103.2287460931034	3106.9092188296595	
3106.9092188296595	0.569999999999709	WheelMovementIntervals													0.7169460963965548
3107.7052188296593	1.1649999999999636	WheelMovementIntervals													0.5856223957577527
3109.291206453109	9.019436278400008	trials	-1.0	1.0	1.5		0.125	0.2	3116.7515270131166	3116.7514348057334	3117.810587763118	3109.97743782311	3109.97833773311	3116.610218829658	
3116.610218829658	2.2539999999999054	WheelMovementIntervals													1.8972701793960596
3118.924143063119	2.6684076242308947	trials	-1.0	1.0	1.5		0.25	0.2	3120.0105344131202	3120.0104453527297	3121.092459543121	3119.4425578831197	3119.4435911131195	3119.738218829658	
3119.738218829658	0.6510000000002947	WheelMovementIntervals													0.6361080278061877
3121.035218829658	0.3220000000001164	WheelMovementIntervals													0.11560019583947678
3122.1883499431224	6.904016116252478	trials	-1.0	1.0	1.5		0.0625	0.2	3127.5266493931276	3127.5265608578616	3128.5922761531288	3122.794189353123	3122.7952225831227	3127.187218829657	
3127.187218829657	0.47299999999995634	WheelMovementIntervals													0.3603615951384995
3128.201218829657	1.0429999999996653	WheelMovementIntervals													0.7310247591402117
3129.70066530313	9.191520328547085	trials	-1.0	1.0	1.5		0.25	0.2	3137.321869773137	3137.321781329325	3138.3920960731384	3130.3603326631305	3130.3611325831303	3137.050218829656	
3137.050218829656	0.5720000000001164	WheelMovementIntervals													0.6665106968184773
3137.870218829656	1.7609999999995125	WheelMovementIntervals													1.9823138591413567
3139.8201865831397	12.521918195561284	trials	-1.0	1.0	1.5		0.125	0.2	3150.7903227931506	3150.79020164757	3151.8420176131517	3140.3437675531404	3140.3447007931404	3150.4722188296546	
3150.4722188296546	0.6539999999999964	WheelMovementIntervals													0.6188482553920949
3151.6592188296545	1.6229999999995925	WheelMovementIntervals													1.8571289642553097
3152.971604643153	8.038533254610684	trials	1.0	1.0	1.5	0.25		0.2	3159.4547229331597	3159.454629849795	3160.5100507231605	3153.943607433154	3153.944574003154	3158.4962188296536	
3158.4962188296536	1.2690000000002328	WheelMovementIntervals													-0.34577099622168816
3160.1622188296537	0.9689999999995962	WheelMovementIntervals													0.9774591904359227
3161.6339383231616	9.741030221314304	trials	-1.0	1.0	1.5		0.0	0.2	3169.80175479317	3169.8016619863565	3170.874880803171	3162.3417342031626	3162.3428007631624	3169.0372188296524	
3169.0372188296524	0.9140000000002146	WheelMovementIntervals													0.4500870966504067
3170.4372188296525	0.4110000000000582	WheelMovementIntervals													0.28310505602092917
3171.999268353172	2.9774082433441436	trials	-1.0	1.0	1.5		1.0	0.2	3173.4153600631735	3173.4152713223966	3174.4766539231746	3172.6932322831726	3172.694032203173	3172.964218829652	
3172.964218829652	0.49499999999989086	WheelMovementIntervals													0.3055249577402037
3174.155218829652	1.3270000000002256	WheelMovementIntervals													1.8114304586620165
3175.5902758831758	5.219516811785525	trials	-1.0	1.0	1.5		0.0625	0.2	3179.2472768131793	3179.247186961269	3180.3097705531804	3176.074727433176	3176.075660673176	3179.0592188296514	
3179.0592188296514	0.27700000000004366	WheelMovementIntervals													0.3490421802040373
3181.4132935231814	2.496392883252156	trials	-1.0	1.0	1.5		0.25	0.2	3182.336601183182	3182.3364901516966	3183.4096272031834	3182.157885723182	3182.1592855831823	3181.964218829651	
3181.964218829651	1.9159999999997126	WheelMovementIntervals													1.9963029845832807
3184.5266821531845	26.199380286884207	trials	1.0	1.0	1.5	1.0		0.2	3209.175550353209	3209.175456747488	3210.22594530321	3185.1081573331853	3185.109257223185	3185.452218829651	
3185.452218829651	0.5919999999996435	WheelMovementIntervals													-0.24638269223140696
3187.0962188296508	0.2179999999998472	WheelMovementIntervals													0.12695467155276674
3187.5622188296506	0.3789999999999054	WheelMovementIntervals													0.23927010911410207
3208.003218829648	1.4329999999999927	WheelMovementIntervals													-0.5277869783375309
3209.732218829648	1.94399999999996	WheelMovementIntervals													2.3928754326636295
3211.3780634132113	12.380931950969625	trials	-1.0	1.0	1.5		0.125	0.2	3222.1996811432223	3222.19958959179	3223.2589085432232	3212.3241687932123	3212.3253020132124	3221.543218829647	
3221.543218829647	0.8469999999997526	WheelMovementIntervals													0.463605991923032
3222.8172188296467	1.4679999999998472	WheelMovementIntervals													2.1292337502262058
3224.3951949032244	6.663807969232948	trials	-1.0	1.0	1.5		0.0	0.2	3229.4968180232295	3229.496699472995	3230.558911803231	3225.0407303432253	3225.041830233225	3229.213218829646	
3229.213218829646	0.4270000000001346	WheelMovementIntervals													0.3506860064696866
3230.4192188296456	0.2139999999999418	WheelMovementIntervals													0.08074082906955482
3231.662701413232	10.51241864785743	trials	-1.0	1.0	1.5		0.0625	0.2	3240.6170392232407	3240.6169164452353	3241.6750667432416	3232.140486963232	3232.141420203232	3240.2892188296446	
3240.2892188296446	2.2469999999998436	WheelMovementIntervals													2.481843540032685
3242.807820123243	27.43198954688478	trials	-1.0	1.0	1.5		1.0	0.2	3268.6709002232687	3268.6708026627743	3269.7397266632697	3243.4236252032433	3243.4246251032437	3268.4232188296414	
3268.4232188296414	0.45299999999997453	WheelMovementIntervals													0.5042429602913217
3269.5192188296414	1.6700000000000728	WheelMovementIntervals													1.7890694317364932
3270.908209803271	8.948109722100071	trials	-1.0	1.0	1.5		0.125	0.2	3278.2852053632782	3278.285116169444	3279.3562649132796	3271.824851463272	3271.825684713272	3277.9702188296405	
3277.9702188296405	0.4099999999998545	WheelMovementIntervals													0.37368058138520155
3278.9772188296406	1.2419999999997344	WheelMovementIntervals													0.9318365655843763
3280.4912180732804	2.548614640683354	trials	-1.0	1.0	1.5		0.25	0.2	3281.4775194332815	3281.477422964684	3282.5397798632825	3281.057794743281	3281.058561333281	3281.11321882964	
3281.11321882964	0.6170000000001892	WheelMovementIntervals													0.4872599630152763
3282.19621882964	1.1849999999999454	WheelMovementIntervals													0.6261064967166021
3283.6667338232837	5.9244119895583935	trials	-1.0	1.0	1.5		1.0	0.2	3288.032530533288	3288.032441921506	3289.091124663289	3284.3411663732845	3284.3421996032844	3287.7612188296393	
3287.7612188296393	0.5320000000001528	WheelMovementIntervals													0.46883545950089456
3289.0042188296393	1.1480000000001382	WheelMovementIntervals													0.6358549640967794
3290.21134596329	3.263411860061751	trials	-1.0	1.0	1.5		0.0625	0.2	3291.903343413292	3291.9032510752068	3292.974669603293	3290.755924833291	3290.756791413291	3291.6782188296393	
3291.6782188296393	0.5459999999998217	WheelMovementIntervals													0.6818334872514242
3292.828218829639	1.543999999999869	WheelMovementIntervals													2.3644992267174416
3294.093657693294	7.845918872008951	trials	-1.0	1.0	1.5		0.125	0.2	3300.3837619533006	3300.38367202115	3301.4394897033017	3294.856014783295	3294.8571146732947	3300.243218829638	
3300.243218829638	2.3719999999998436	WheelMovementIntervals													2.687823314919001
3302.566476993303	9.656237188198247	trials	1.0	1.0	1.5	0.125		0.2	3310.6405028433105	3310.6404064154285	3311.7225946233116	3303.1242545433033	3303.125354433303	3309.154218829637	
3309.154218829637	3.4099999999998545	WheelMovementIntervals													2.011913767444071
3312.857114493313	9.415427062333947	trials	-1.0	1.0	1.5		0.0625	0.2	3320.703229803321	3320.7031362114612	3321.772422873322	3313.3573311333134	3313.3582310433135	3318.707218829636	
3318.707218829636	1.3530000000000655	WheelMovementIntervals													-0.2329597304510571
3320.527218829636	0.5210000000001855	WheelMovementIntervals													0.8348208445216869
3321.231218829636	2.286999999999807	WheelMovementIntervals													3.0874102001264987
3322.911142323323	7.344303776282686	trials	-1.0	1.0	1.5		0.0625	0.2	3328.701129933329	3328.7010437236604	3329.75539116333	3324.007466013324	3324.008499243324	3328.409218829635	
3328.409218829635	0.5349999999998545	WheelMovementIntervals													0.502193377460685
3329.2342188296348	1.2970000000000255	WheelMovementIntervals													1.2031511685210035
3330.891044253331	11.364335029487393	trials	-1.0	1.0	1.5		0.0625	0.2	3340.6943638233406	3340.694272745593	3341.7553243833418	3331.4070259833316	3331.4080258833314	3339.1152188296337	
3339.1152188296337	0.3850000000002183	WheelMovementIntervals													0.22603947091397458
3340.096218829634	0.9219999999995707	WheelMovementIntervals													0.7687524377390105
3341.5242188296334	0.6340000000000146	WheelMovementIntervals													0.2921116018432599
3342.874879083343	2.5802131698133053	trials	-1.0	1.0	1.5		1.0	0.2	3343.894577103344	3343.894483497238	3344.955071043345	3343.5402125433434	3343.5412457733437	3343.7212188296335	
3343.7212188296335	0.43699999999989814	WheelMovementIntervals													0.596042965668687
3344.5102188296332	0.5219999999999345	WheelMovementIntervals													0.31089570281517354
3346.0695929133462	2.452296222532368	trials	-1.0	1.0	1.5		0.125	0.2	3346.957004163347	3346.9568911847464	3348.021831003348	3346.6067725233465	3346.607539113347	3346.808218829633	
3346.808218829633	0.39800000000013824	WheelMovementIntervals													0.62240409798477
3349.128886953349	2.5781114804808567	trials	-1.0	1.0	1.5		1.0	0.2	3350.1275870733502	3350.127491012852	3351.2069124633513	3349.79008749335	3349.79085408335	3349.9562188296327	
3349.9562188296327	0.6140000000000327	WheelMovementIntervals													1.0793950323670742
3350.8812188296324	0.7390000000000327	WheelMovementIntervals													0.34421753478818573
3352.3316999733524	3.4916202657245776	trials	1.0	1.0	1.5	0.0625		0.2	3354.250708053354	3354.250610011753	3355.3232674533556	3352.955137623353	3352.956137523353	3353.5842188296324	
3353.5842188296324	0.9989999999997963	WheelMovementIntervals													-0.34499962462115263
3356.4492215133564	3.455894642702333	trials	-1.0	-1.0	0.0	0.0		0.2	3357.3247672833572	3357.323719651626	3359.4050259033593	3356.971502613357	3356.972769153357	3357.129218829632	
3357.129218829632	0.5249999999996362	WheelMovementIntervals													0.55791671944678
3360.5358128133607	3.335802929375859	trials	-1.0	1.0	1.5		0.0625	0.2	3362.2888374933623	3362.288713827211	3363.3715625433633	3361.139885733361	3361.1407189833612	3362.156218829631	
3362.156218829631	2.076000000000022	WheelMovementIntervals													1.770728146325439
3364.5124151133646	5.760727760954978	trials	-1.0	1.0	1.5		0.25	0.2	3368.7054291033687	3368.705333863355	3369.7730889933696	3365.1398190333653	3365.1406856133653	3368.4052188296305	
3368.4052188296305	1.6720000000000255	WheelMovementIntervals													1.517838233909572
3371.212145073371	6.742627291599547	trials	-1.0	1.0	1.5		1.0	0.2	3376.3901605533765	3376.3900652636917	3377.4547207533774	3371.8213508133717	3371.8222840533717	3376.1672188296297	
3376.1672188296297	0.4980000000000473	WheelMovementIntervals													0.5599626127506667
3377.18321882963	1.5859999999997854	WheelMovementIntervals													1.5628387281432197
3378.5903738433785	7.065799181618331	trials	-1.0	1.0	1.5		1.0	0.2	3384.086890803384	3384.0867716509943	3385.1561505333852	3379.4062255833796	3379.4071921533796	3383.8652188296287	
3383.8652188296287	2.4580000000000837	WheelMovementIntervals													2.396452642703707
3386.286970773386	9.91884184362334	trials	-1.0	1.0	1.5		0.25	0.2	3394.6361024433945	3394.6360051528854	3395.7057954633956	3386.971335663387	3386.972435553387	3394.4142188296278	
3394.4142188296278	0.5830000000000837	WheelMovementIntervals													0.8123069303860575
3395.5042188296275	1.7010000000000218	WheelMovementIntervals													1.0920325590863058
3396.850914273397	4.136622302824435	trials	-1.0	1.0	1.5		1.0	0.2	3399.4161243933995	3399.4160268631445	3400.4874839134004	3398.5875405933984	3398.5886738133986	3399.1352188296273	
3397.4912188296275	0.22599999999965803	WheelMovementIntervals													0.04418023941309457
3399.1352188296273	0.63799999999992	WheelMovementIntervals													0.6903890585015802
3400.2422188296273	0.7969999999995707	WheelMovementIntervals													0.40812300575754534
3401.6165376634017	5.939208927126401	trials	-1.0	1.0	1.5		0.125	0.2	3405.9800346034062	3405.979943487287	3407.055727023407	3402.139352043402	3402.140285283402	3405.7112188296264	
3405.7112188296264	0.7390000000000327	WheelMovementIntervals													0.8970819778859891
3406.893218829626	1.3200000000001637	WheelMovementIntervals													1.3273901591522304
3408.1947464434083	7.560814395218131	trials	-1.0	1.0	1.5		0.125	0.2	3414.1793479234143	3414.1792562544288	3415.2554736334155	3408.887543823409	3408.888610383409	3413.9392188296256	
3413.9392188296256	0.5070000000000618	WheelMovementIntervals													0.6309746248072656
3414.8972188296257	1.2329999999997199	WheelMovementIntervals													0.9222772149342973
3416.3928598834163	7.079426536722622	trials	-1.0	1.0	1.5		0.0625	0.2	3421.8968760934217	3421.8967797370124	3422.972201883423	3417.103955433417	3417.104822013417	3421.5102188296246	
3421.5102188296246	0.387000000000171	WheelMovementIntervals													0.27682763482357586
3422.6382188296247	0.9409999999998035	WheelMovementIntervals													0.5164920231739529
3424.113587733424	3.4067976767069013	trials	-1.0	1.0	1.5		0.25	0.2	3425.963969343426	3425.9638859284787	3427.020363693427	3424.637402013425	3424.638401913425	3425.4242188296244	
3424.8472188296246	0.40499999999974534	WheelMovementIntervals													0.055954766177706006
3425.4242188296244	0.7680000000000291	WheelMovementIntervals													0.48086869972365776
3426.923218829624	1.3479999999999563	WheelMovementIntervals													0.490425809002204
3428.152583793428	7.219613339792431	trials	-1.0	1.0	1.5		0.125	0.2	3433.816517343434	3433.81639268953	3434.872145103435	3429.2387418334292	3429.239675073429	3433.3862188296234	
3433.3862188296234	0.8119999999998981	WheelMovementIntervals													0.8714076524949519
3434.5952188296233	2.0459999999998217	WheelMovementIntervals													1.5683688341482593
3436.028096163436	9.408528302965806	trials	-1.0	1.0	1.5		0.0625	0.2	3443.874711423444	3443.8746180995768	3444.936605223445	3437.570341923438	3437.571275163438	3443.6732188296223	
3443.6732188296223	0.5289999999999964	WheelMovementIntervals													0.6649195440913331
3444.6862188296222	1.6849999999999454	WheelMovementIntervals													1.3312244737703054
3446.079424263446	13.72572731701166	trials	-1.0	1.0	1.5		0.125	0.2	3458.2252762234584	3458.225146666149	3459.305068233459	3446.955436653447	3446.956503213447	3458.048218829621	
3458.048218829621	0.4639999999999418	WheelMovementIntervals													0.6129231678833662
3458.766218829621	2.1169999999997344	WheelMovementIntervals													2.2942687499082695
3460.4790508234605	7.324234995798179	trials	-1.0	1.0	1.5		0.125	0.2	3466.2424744234663	3466.2423767873383	3467.3031683434674	3461.5031150734617	3461.5040149834617	3465.88421882962	
3465.88421882962	2.3739999999997963	WheelMovementIntervals													1.9031170972565974
3468.4523867434687	14.750427274870617	trials	-1.0	1.0	1.5		0.25	0.2	3481.6396345534818	3481.639509339615	3482.702761563483	3469.154649843469	3469.155616413469	3481.464218829618	
3481.464218829618	0.34600000000000364	WheelMovementIntervals													0.4614596935394957
3482.367218829618	1.9049999999997453	WheelMovementIntervals													1.5920413120700232
3483.853613133484	25.698761976262176	trials	-1.0	1.0	1.5		0.0625	0.2	3508.000198233508	3508.0000694869454	3509.052293013509	3484.987799703485	3484.988799603485	3507.6302188296154	
3507.6302188296154	0.44299999999975626	WheelMovementIntervals													0.34863269012600995
3508.7282188296153	2.1789999999996326	WheelMovementIntervals													2.0714720323574625
3510.23527470351	16.802052641825867	trials	-1.0	1.0	1.5		0.0	0.2	3525.4775169935256	3525.4774206437364	3526.5372443435267	3511.5040144835116	3511.5048477335117	3525.2012188296135	
3525.2012188296135	0.5989999999997053	WheelMovementIntervals													0.6505472342695384
3526.219218829613	1.6260000000002037	WheelMovementIntervals													2.205354434023718
3527.706927363528	10.245242662735563	trials	-1.0	1.0	1.5		0.0	0.2	3536.3875592135364	3536.387461816033	3537.4521194135373	3528.3354311735284	3528.3363310835284	3536.2442188296122	
3536.2442188296122	0.5059999999998581	WheelMovementIntervals													0.9209415403450407
3537.0412188296123	0.9299999999998363	WheelMovementIntervals													0.39248939039634934
3538.6065706235386	5.578624141214732	trials	-1.0	-1.0	0.0	0.0		0.8	3541.6322013635418	3541.6313826288306	3545.4517527035455	3539.103687573539	3539.104554153539	3541.3212188296116	
3541.3212188296116	3.063999999999851	WheelMovementIntervals													3.6838351241997316
3559.3622188296094	1.7860000000000582	WheelMovementIntervals													1.7281900936256989
3563.175218829609	1.0960000000000036	WheelMovementIntervals													0.8401739086464204
3570.7542188296084	0.7199999999997999	WheelMovementIntervals													0.6249648115637001
3579.2132188296073	0.8809999999998581	WheelMovementIntervals													0.4240091522900684
3581.979218829607	1.8460000000000036	WheelMovementIntervals													2.5136353270888776
3585.7672188296065	1.3809999999998581	WheelMovementIntervals													0.9751063715396526
3601.358218829605	0.987999999999829	WheelMovementIntervals													0.6524391313308229
3606.3442188296044	3.962999999999738	WheelMovementIntervals													3.440392006723812
3612.8132188296036	2.1169999999997344	WheelMovementIntervals													1.2539459813132225
3615.2162188296033	0.5970000000002074	WheelMovementIntervals													0.5330712930204982
3616.2412188296034	0.15299999999979264	WheelMovementIntervals													0.007988175196828706
3617.9502188296033	2.6939999999995052	WheelMovementIntervals													2.3054652809511254
3621.189218829603	0.2529999999997017	WheelMovementIntervals													0.048148617249353265
3621.647218829603	1.3609999999994216	WheelMovementIntervals													1.1081339410453097
3635.772218829601	2.9479999999998654	WheelMovementIntervals													3.6978157574179704
3645.5832188296	0.41200000000026193	WheelMovementIntervals													0.47159974650668346
3648.6662188295995	0.21500000000014552	WheelMovementIntervals													0.2002273742684224
3661.2282188295985	0.23999999999978172	WheelMovementIntervals													0.11446214611038386
3665.8272188295978	0.3330000000000837	WheelMovementIntervals													0.3543314937277273
3671.0502188295973	1.8389999999999418	WheelMovementIntervals													3.3937666915549585
3673.081218829597	0.5589999999997417	WheelMovementIntervals													0.8052849664623523
3675.033218829597	0.6629999999995562	WheelMovementIntervals													0.333414617971016
3681.218218829596	1.0659999999998035	WheelMovementIntervals													1.0760822804096506
3692.053218829595	0.8519999999998618	WheelMovementIntervals													0.6077937671286122
3696.6282188295945	0.8049999999998363	WheelMovementIntervals													0.8104429655428476
3697.6352188295946	0.29599999999982174	WheelMovementIntervals													0.02254496809757711
3704.7212188295935	0.7959999999998217	WheelMovementIntervals													1.0577521377565517
3705.7802188295937	2.157999999999447	WheelMovementIntervals													1.5035274650961128
3713.1452188295925	0.5219999999999345	WheelMovementIntervals													0.7647035602811343
3714.2022188295923	0.22000000000025466	WheelMovementIntervals													0.06583258494566735
3733.9022188295903	0.25300000000015643	WheelMovementIntervals													0.14666727051979933
3734.3982188295904	0.4499999999998181	WheelMovementIntervals													0.20131871960091985
3772.343218829586	0.8270000000002256	WheelMovementIntervals													0.6205096301886215
3778.2842188295854	0.7849999999998545	WheelMovementIntervals													0.7208105667107247
3780.2012188295853	0.3269999999997708	WheelMovementIntervals													0.16037514339205927
3787.2622188295845	0.9609999999997854	WheelMovementIntervals													1.3022253996321638
3814.0342188295817	1.6149999999997817	WheelMovementIntervals													2.407364895568435
3872.7502188295753	1.9669999999996435	WheelMovementIntervals													1.4274133576751638
3881.1292188295743	0.38499999999976353	WheelMovementIntervals													0.04746310923275132
3882.586218829574	0.9939999999996871	WheelMovementIntervals													1.1104490033501406
3884.665218829574	0.4420000000000073	WheelMovementIntervals													0.26153091978176235
3900.753218829572	0.8290000000001783	WheelMovementIntervals													0.4440789539928005
3912.2392188295707	1.0670000000000073	WheelMovementIntervals													0.7556022464603984
3925.4932188295693	2.061999999999898	WheelMovementIntervals													2.180828619363922
3965.541218829565	0.8299999999999272	WheelMovementIntervals													0.5842658823614215
3993.8662188295616	0.7150000000001455	WheelMovementIntervals													0.6266067089244984
4040.8382188295564	4.741999999999734	WheelMovementIntervals													6.480941293478168
4047.354218829556	0.7469999999998436	WheelMovementIntervals													0.3291981789120655
4094.1022188295506	3.255999999999858	WheelMovementIntervals													4.542145625408523
4098.69621882955	1.7719999999999345	WheelMovementIntervals													1.4820672309615475
4105.285218829549	2.4840000000003783	WheelMovementIntervals													2.535440427149922
4109.467218829549	1.3019999999996799	WheelMovementIntervals													1.3959440955659943
4114.883218829548	0.34500000000025466	WheelMovementIntervals													0.318730509187219
4122.383218829547	0.4600000000000364	WheelMovementIntervals													0.11513900217346418
4137.474218829546	1.625	WheelMovementIntervals													1.841548310123983
4182.386218829541	2.680000000000291	WheelMovementIntervals													2.720534492103809
4197.522218829539	1.1599999999998545	WheelMovementIntervals													1.7684146080925984
4218.308218829537	2.411000000000058	WheelMovementIntervals													2.7516729263680304
4230.458218829535	0.24499999999989086	WheelMovementIntervals													0.037393267179197665
4232.119218829535	0.10900000000037835	WheelMovementIntervals													0.011299140231301408
4233.924218829536	2.2809999999990396	WheelMovementIntervals													1.5818658855823742
4262.0872188295325	2.4119999999993524	WheelMovementIntervals													0.9284379683987254
4264.739218829532	0.09000000000014552	WheelMovementIntervals													0.015237433909874198
4273.352218829531	0.05900000000019645	WheelMovementIntervals													0.010359561692268926
4274.158218829531	0.3829999999998108	WheelMovementIntervals													0.07218747497262257
4275.382218829531	0.5739999999996144	WheelMovementIntervals													0.8626493042183938
4277.71521882953	2.356999999999971	WheelMovementIntervals													1.8848241599885114
4337.211218829524	2.298999999999978	WheelMovementIntervals													2.1452546818267706
4340.369218829524	1.8149999999995998	WheelMovementIntervals													1.476910501039356
4358.686218829522	1.188999999999396	WheelMovementIntervals													0.5543417572071121
4360.229218829521	0.06899999999950523	WheelMovementIntervals													0.02457880846492344
4360.804218829521	0.06700000000000728	WheelMovementIntervals													0.007020756121505656
4362.357218829521	0.3000000000001819	WheelMovementIntervals													0.3313089749251503
4363.012218829521	0.4420000000000073	WheelMovementIntervals													0.5546832272107167
4363.718218829521	1.5460000000002765	WheelMovementIntervals													2.0712622863439947
4365.786218829521	0.05599999999958527	WheelMovementIntervals													0.009175025554668537
4366.73721882952	0.8760000000002037	WheelMovementIntervals													0.7577491594625485
4438.479218829512	2.2409999999999854	WheelMovementIntervals													1.3947856410525787
4443.814218829512	0.05400000000008731	WheelMovementIntervals													-0.00243658289502946
4444.559218829512	3.2819999999992433	WheelMovementIntervals													2.1055453550192738
4461.47221882951	1.1900000000005093	WheelMovementIntervals													0.9983939355031453
4473.2372188295085	1.9130000000004657	WheelMovementIntervals													2.2615027065012896
4476.918218829508	0.4860000000007858	WheelMovementIntervals													0.74260173121462
4481.758218829508	0.22299999999995634	WheelMovementIntervals													0.06638752766326661
4544.646218829501	1.8230000000003201	WheelMovementIntervals													2.228824892326429
4549.3182188295	1.09900000000016	WheelMovementIntervals													0.6745539694708782
4550.7462188295	3.545999999999367	WheelMovementIntervals													3.77115147716529
4569.2862188294985	1.7150000000001455	WheelMovementIntervals													2.131420652741326
4572.968218829498	3.039999999999054	WheelMovementIntervals													2.6664325592616365
4577.789218829497	1.4539999999997235	WheelMovementIntervals													2.286737185751292
4581.360218829497	1.2860000000000582	WheelMovementIntervals													0.8683969860316552
4585.713218829496	0.8410000000003492	WheelMovementIntervals													0.5825453954097952
4587.834218829496	1.4780000000000655	WheelMovementIntervals													0.8991254986424906
4590.268218829496	0.17000000000007276	WheelMovementIntervals													0.008871858908321428
4660.195218829488	0.5410000000001673	WheelMovementIntervals													0.5439447252758782
4661.657218829489	1.2219999999997526	WheelMovementIntervals													1.0480581846218797
4734.65621882948	3.0999999999994543	WheelMovementIntervals													3.0013240150712477
4754.870218829478	0.20599999999922147	WheelMovementIntervals													0.07752845536668929
4804.983218829472	1.86200000000008	WheelMovementIntervals													2.0741699504285407
4908.006218829461	1.2599999999993088	WheelMovementIntervals													2.0435572715128956
4910.026218829461	2.9749999999994543	WheelMovementIntervals													3.25431562427201
4913.30421882946	1.1170000000001892	WheelMovementIntervals													0.7685481696200327
4927.316218829459	3.1229999999995925	WheelMovementIntervals													2.2980741086250873
4932.196218829458	1.6520000000000437	WheelMovementIntervals													2.299272851127
4934.806218829458	0.3419999999996435	WheelMovementIntervals													0.24868298816915058
4951.171218829456	2.2619999999997162	WheelMovementIntervals													1.9615597832677167
4971.717218829454	2.0999999999994543	WheelMovementIntervals													1.9960578984429276
5001.472218829451	1.094000000000051	WheelMovementIntervals													0.7602055857284995
5003.423218829451	0.5609999999996944	WheelMovementIntervals													0.7180441051964976
5004.8632188294505	1.90099999999984	WheelMovementIntervals													1.8144072731362826
5009.13121882945	0.3530000000000655	WheelMovementIntervals													0.07445409647488077
5009.78321882945	0.23800000000028376	WheelMovementIntervals													0.14270225763061717
5071.173218829443	2.713999999999942	WheelMovementIntervals													2.2335064854415236
5080.664218829442	0.2579999999998108	WheelMovementIntervals													0.11668781055209365
5081.793218829442	0.4830000000001746	WheelMovementIntervals													0.2277050753806975
5083.336218829441	3.2849999999998545	WheelMovementIntervals													2.8022915401347746
5097.12821882944	2.6729999999997744	WheelMovementIntervals													2.2189513492662627
5123.075218829437	2.6700000000000728	WheelMovementIntervals													2.772479035104709
