onset	duration	nwb_table	choice	feedback_type	reward_volume	contrast_left	contrast_right	probability_left	feedback_time	response_time	stim_off_time	stim_on_time	go_cue_time	first_movement_time	peak_amplitude
3.9054653200000105	0.2739999999999996	WheelMovementIntervals													-0.07414791197634041
5.463465320000009	1.1259999999999986	WheelMovementIntervals													0.3234100673326363
10.459465320000005	0.1850000000000005	WheelMovementIntervals													0.04569650400031966
12.585465320000003	0.3360000000000003	WheelMovementIntervals													0.08508210122458722
13.363465320000003	1.6419999999999977	WheelMovementIntervals													-0.3493712107276168
17.587465319999996	0.6700000000000017	WheelMovementIntervals													0.12878904959533577
23.053465319999994	0.08699999999999974	WheelMovementIntervals													-0.024448613199606645
24.61146531999999	0.6509999999999998	WheelMovementIntervals													0.17523395254957458
26.02546531999999	0.27099999999999724	WheelMovementIntervals													-0.09327629122834585
27.36346531999999	0.5519999999999996	WheelMovementIntervals													0.15762997141059304
31.246465319999984	0.5330000000000013	WheelMovementIntervals													-0.17994028876740634
34.703465319999985	1.1950000000000003	WheelMovementIntervals													-0.22590330940062672
42.19046531999998	0.4069999999999965	WheelMovementIntervals													0.05367189586790448
45.732465319999974	0.6189999999999998	WheelMovementIntervals													0.10379581952903791
58.477465319999965	0.2809999999999988	WheelMovementIntervals													-0.04206825398757136
65.38646531999996	4.10199999999999	WheelMovementIntervals													-0.7518504473394789
70.44046531999994	0.5580000000000069	WheelMovementIntervals													0.1769540730582519
72.29246531999995	0.0799999999999983	WheelMovementIntervals													-0.02037139435973434
72.84346531999995	0.4299999999999926	WheelMovementIntervals													-0.16560290148149315
73.5059820000735	2.302204725742385	trials	-1.0	1.0	1.5		1.0	0.5		74.25548288746042					
74.16846531999995	1.637999999999991	WheelMovementIntervals													1.2852362447018726
76.14118512007614	2.751724255628602	trials	1.0	1.0	1.5	0.125		0.5	77.34809775007734	77.34799488061438	78.39285993007839	77.05999323007705	77.06082648007707	77.11946531999995	
77.11946531999995	0.7719999999999914	WheelMovementIntervals													-0.4245975004649216
78.20746531999994	0.7480000000000047	WheelMovementIntervals													-0.1571745385963188
79.22481006007922	2.551612208887576	trials	1.0	1.0	1.5	1.0		0.5	80.21781075008022	80.2177140326441	81.27630489008128	79.95790341007996	79.95880332007997	80.05946531999994	
80.05946531999994	0.8699999999999903	WheelMovementIntervals													-0.45858058929647655
81.38346531999994	0.7759999999999962	WheelMovementIntervals													-0.08454586394138969
82.1091216000821	3.5504809957651986	trials	1.0	1.0	1.5	0.125		0.5	84.1052219700841	84.10511035421774	85.15958319008516	83.65806669008366	83.65873329008366	83.78646531999993	
83.78646531999993	1.179000000000002	WheelMovementIntervals													-0.3755989077436533
85.43846531999993	0.10899999999999466	WheelMovementIntervals													-0.012172217839577337
85.91846531999994	0.055999999999997385	WheelMovementIntervals													-0.0060479005337694125
85.994299710086	2.3154023538336617	trials	-1.0	1.0	1.5		0.125	0.5	86.76582255008677	86.76570016112981	87.80961816008781	86.52444669008652	86.52527994008652	86.68046531999994	
86.68046531999994	0.5259999999999962	WheelMovementIntervals													1.0499726714676796
87.66746531999993	0.12600000000000477	WheelMovementIntervals													0.018974681327865617
88.23546531999993	0.5529999999999973	WheelMovementIntervals													-0.09892219310885603
88.64520126008864	3.1976139988153562	trials	-1.0	1.0	1.5		0.25	0.5	90.28510392009028	90.28500741334268	91.34279814009135	90.04119498009004	90.04189491009004	90.15646531999994	
90.15646531999994	0.8369999999999891	WheelMovementIntervals													1.0339706821534278
91.36446531999994	0.12599999999999056	WheelMovementIntervals													0.005851017641587575
91.98746531999993	0.6270000000000095	WheelMovementIntervals													-0.047650334436037056
92.17891452009218	2.6805244711725464	trials	-1.0	1.0	1.5		0.25	0.5	93.31183455009331	93.31172401657615	94.35936312009436	93.07435830009308	93.07515822009307	93.19146531999993	
93.19146531999993	0.36599999999999966	WheelMovementIntervals													0.7425022707395301
94.07646531999993	0.42600000000000193	WheelMovementIntervals													0.05399408728150412
95.25414030009526	2.753593875233193	trials	-1.0	1.0	1.5		1.0	0.5	96.45092061009645	96.45083676911713	97.50764826009751	96.22434327009623	96.22510986009623	96.33846531999993	
95.63946531999993	0.08599999999999852	WheelMovementIntervals													-0.03425104454362615
96.33846531999993	0.2680000000000007	WheelMovementIntervals													0.6828327461926476
98.34503118009835	2.346100739786408	trials	-1.0	1.0	1.5		0.25	0.5	99.13921842009914	99.13913075354587	100.1910798901002	98.9093414100989	98.91004134009891	99.02946531999993	
99.02946531999993	0.2740000000000009	WheelMovementIntervals													0.67855855577942
101.02582974010103	6.233510300729421	trials	1.0	1.0	1.5	0.125		0.5	105.7048284601057	105.70473597067301	106.75928967010677	101.59247307010159	101.5933396501016	105.50046531999992	
105.50046531999992	1.054000000000002	WheelMovementIntervals													-0.4003697634850045
106.80646531999992	0.6659999999999968	WheelMovementIntervals													-0.13884413034248988
107.6042385001076	3.4217239398262933	trials	-1.0	-1.0	0.0	0.0		0.5	108.48021756010849	108.47954411249873	110.52584631011052	108.19087983010819	108.1915131001082	108.32446531999992	
108.32446531999992	0.7759999999999962	WheelMovementIntervals													0.3372494193595559
110.47246531999991	0.06499999999999773	WheelMovementIntervals													0.0022835085717769488
111.35046531999991	0.058000000000006935	WheelMovementIntervals													0.012346107611207024
111.36286260011137	2.229380986034073	trials	-1.0	1.0	1.5		0.0625	0.5	112.04966058011205	112.0495561273934	113.0921896501131	111.82404981011183	111.82474974011183	111.94646531999992	
111.94646531999992	0.29699999999999704	WheelMovementIntervals													0.6250158274468882
112.79246531999992	0.20599999999998886	WheelMovementIntervals													0.03458056760887018
113.3194653199999	0.9150000000000063	WheelMovementIntervals													-0.6076282844633139
113.93873832011394	3.1034219260581466	trials	-1.0	1.0	1.5		0.25	0.5	115.48405044011548	115.48394824140195	116.54211129011654	115.2903698101153	115.2911030701153	115.3844653199999	
115.3844653199999	1.0290000000000106	WheelMovementIntervals													1.3913955317185795
117.38386044011739	2.2417083904161785	trials	-1.0	1.0	1.5		0.0625	0.5	118.08165732011808	118.08156274028738	119.12545293011912	117.84064809011784	117.84161466011784	117.99046531999991	
117.99046531999991	0.3739999999999952	WheelMovementIntervals													1.067018751437006
119.96516895011996	2.95869932578816	trials	1.0	1.0	1.5	0.0625		0.5	121.37856093012138	121.378467672714	122.42382306012243	120.4904830801205	120.4912496701205	120.5954653199999	
120.5954653199999	1.558000000000007	WheelMovementIntervals													-0.3109506670347786
123.32856591012333	4.228310645798558	trials	-1.0	-1.0	0.0	0.0		0.5	125.00349840012501	125.00276933343508	127.05682638012706	124.75872288012476	124.75948947012476	124.87646531999991	
124.87646531999991	0.5079999999999956	WheelMovementIntervals													0.4002060589437537
126.7984653199999	2.1310000000000002	WheelMovementIntervals													-0.7653433943251997
127.9012752601279	3.3240012358960485	trials	1.0	1.0	1.5	1.0		0.5	129.6821638201297	129.68207538650682	130.72522617013072	129.45861951012947	129.45938610012945	129.5844653199999	
129.5844653199999	1.0339999999999918	WheelMovementIntervals													-0.46640328282072474
131.56497552013155	5.9919006595732185	trials	1.0	1.0	1.5	0.0		0.5	136.004464860136	136.00437526790932	137.05682628013705	132.49024965013248	132.4909829101325	135.8384653199999	
131.8994653199999	0.14700000000001978	WheelMovementIntervals													-0.14543867649381248
135.8384653199999	0.6770000000000209	WheelMovementIntervals													-0.30646991094831044
137.9012751601379	3.60730649269442	trials	-1.0	1.0	1.5		0.0625	0.5	139.95846942013995	139.9583777221418	141.008564400141	139.74165777013974	139.74249102013974	139.8574653199999	
138.0044653199999	0.7980000000000018	WheelMovementIntervals													-0.2740615812607876
139.08046531999992	0.2389999999999759	WheelMovementIntervals													0.015895360350233645
139.8574653199999	0.3199999999999932	WheelMovementIntervals													0.792324531517453
140.4464653199999	0.36299999999999955	WheelMovementIntervals													0.17153604250048637
141.85168008014185	2.271706980124719	trials	1.0	1.0	1.5	0.25		0.5	142.57737417014258	142.57728167083397	143.62333623014362	142.35676290014237	142.35746283014237	142.4974653199999	
142.4974653199999	0.6550000000000011	WheelMovementIntervals													-0.6365587868406584
144.40146531999991	0.3119999999999834	WheelMovementIntervals													-0.23141755604468628
144.46088580014447	2.8475146527912614	trials	1.0	1.0	1.5	0.0625		0.5	145.75169004014575	145.7515915353319	146.80838436014682	145.22497605014522	145.22570931014522	145.4534653199999	
145.4534653199999	1.024000000000001	WheelMovementIntervals													-0.3475473814344632
147.65209998014765	2.4728111077771473	trials	1.0	1.0	1.5	0.25		0.5	148.57350783014857	148.57340374603706	149.62480269014964	148.33989786014834	148.34066445014835	148.4894653199999	
148.4894653199999	0.7599999999999909	WheelMovementIntervals													-0.5719650046255946
150.53401176015055	2.207483580303716	trials	1.0	1.0	1.5	0.125		0.5	151.18851297015118	151.18840629974812	152.24144100015224	150.989866170151	150.99096606015098	151.0574653199999	
151.0574653199999	0.9170000000000016	WheelMovementIntervals													-0.3918106278793241
153.0794905201531	2.278806328219474	trials	1.0	1.0	1.5	0.0625		0.5	153.8104174201538	153.81029190819066	154.85824596015485	153.57310782015358	153.57387441015356	153.6524653199999	
153.6524653199999	1.0629999999999882	WheelMovementIntervals													-0.3643077391028502
155.6961954901557	3.295204837412456	trials	1.0	-1.0	0.0		0.0625	0.5	156.44615382015644	156.44539613527226	158.4913826101585	156.18964614015619	156.1905127201562	156.3324653199999	
156.3324653199999	0.5029999999999859	WheelMovementIntervals													0.300848813150008
157.18646531999988	1.8880000000000052	WheelMovementIntervals													-1.4013171545532828
159.33119862015934	2.3436003938388694	trials	-1.0	1.0	1.5		0.125	0.5	160.1179199401601	160.11779808107192	161.17474758016118	159.88980942015988	159.8907426601599	159.8364653199999	
159.8364653199999	1.1810000000000116	WheelMovementIntervals													0.7502326397726176
162.01599678016203	2.341828389028791	trials	1.0	1.0	1.5	0.25		0.5	162.80281809016282	162.80270598117824	163.85771259016386	162.5893061101626	162.5900393701626	162.7234653199999	
162.7234653199999	0.7349999999999852	WheelMovementIntervals													-0.43985986788622977
164.7016281901647	2.2897041425413818	trials	-1.0	1.0	1.5		0.125	0.5	165.44892012016544	165.44882921567282	166.4912492101665	165.15608274016515	165.15694932016515	165.35146531999987	
165.35146531999987	0.4440000000000168	WheelMovementIntervals													0.8252858044512745
166.13646531999987	0.29000000000002046	WheelMovementIntervals													0.03172991783639567
167.33193180016733	2.3095032627867056	trials	-1.0	1.0	1.5		1.0	0.5	168.0985218001681	168.09843221927326	169.14138417016915	167.85604605016786	167.85691263016787	167.9684653199999	
167.9684653199999	0.3529999999999802	WheelMovementIntervals													0.6702298728811869
169.98383325017	2.6238983088602765	trials	-1.0	1.0	1.5		0.0625	0.5	171.05762586017107	171.0575317397566	172.1076875101721	170.52261270017053	170.52321264017053	170.69746531999988	
170.69746531999988	1.1239999999999952	WheelMovementIntervals													0.4823627101033878
172.97446531999987	0.06200000000001182	WheelMovementIntervals													-0.0015653969892719388
173.02632897017304	2.3479000007104958	trials	1.0	1.0	1.5	0.25		0.5	173.82381588017384	173.82372829116963	174.87417750017488	173.57264100017358	173.57347425017358	173.65846531999986	
173.65846531999986	0.8400000000000034	WheelMovementIntervals													-0.5055253490017133
175.71562668017572	2.4736171270271825	trials	1.0	1.0	1.5	0.25		0.5	176.64483375017664	176.64473273758796	177.68919597017768	176.42252265017643	176.4233892301764	176.5384653199999	
176.5384653199999	0.9359999999999786	WheelMovementIntervals													-0.3230866641416563
178.53174504017852	2.440790421329922	trials	1.0	1.0	1.5	0.125		0.5	179.42072280017942	179.42064118759905	180.47248428018048	179.22394248017923	179.22467574017924	179.27946531999987	
178.65746531999986	0.05700000000001637	WheelMovementIntervals													-0.00854761468054921
179.27946531999987	0.7930000000000064	WheelMovementIntervals													-0.5909376161970208
181.08446531999988	0.11299999999999955	WheelMovementIntervals													-0.019217316043985022
181.31893296018131	2.3054033567350416	trials	-1.0	1.0	1.5		0.25	0.5	182.06852466018208	182.068433401264	183.12428574018313	181.80768408018182	181.8086173201818	181.92846531999987	
181.92846531999987	0.4449999999999932	WheelMovementIntervals													0.6411319877544983
182.69646531999987	0.13100000000000023	WheelMovementIntervals													0.0339973842822463
183.96973452018398	2.719396058765085	trials	-1.0	1.0	1.5		0.125	0.5	185.13735108018514	185.13723196947916	186.1890459001862	184.8891425701849			
185.00846531999986	0.4590000000000032	WheelMovementIntervals													0.6919278108906282
187.03642782018704	2.2526079840454543	trials	-1.0	1.0	1.5		1.0	0.5	187.74855660018775	187.74842971161766	188.7889858801888	187.50741405018752			
187.62246531999986	1.3689999999999998	WheelMovementIntervals													0.9854832271002385
189.63383472018964	2.3568266185407083	trials	-1.0	1.0	1.5		0.125	0.5	190.43595450019043	190.4358434379684	191.4905490301915	190.1904790501902	190.1914456201902	190.31346531999986	
190.31346531999986	0.6140000000000043	WheelMovementIntervals													0.4653348882731301
192.33946413019234	2.400887464824251	trials	1.0	1.0	1.5	1.0		0.5	193.17864687019318	193.17855939973242	194.24034069019424	192.97220085019296	192.97303410019296	193.09246531999986	
193.09246531999986	0.5979999999999848	WheelMovementIntervals													-0.47923808787384026
195.16514820019518	2.3402989899278452	trials	-1.0	1.0	1.5		1.0	0.5	195.93837087019594	195.93824753618367	197.005430820197	195.63903414019563	195.63966741019564	195.73446531999986	
195.73446531999986	0.5260000000000105	WheelMovementIntervals													0.6822380323510888
197.85464589019784	2.5174133582200398	trials	1.0	1.0	1.5	0.25		0.5	198.80325102019881	198.80315016971764	199.87197747019988	198.37379397019836			
198.50346531999986	0.8309999999999889	WheelMovementIntervals													-0.2937523134585742
200.66846531999985	0.33600000000001273	WheelMovementIntervals													0.026515910656383923
200.72485884020074	3.2806049432188615	trials	1.0	1.0	1.5	0.125		0.5	202.44875310020245	202.44866038672197	203.5053807602035	201.6903289502017			
201.83046531999986	1.1869999999999834	WheelMovementIntervals													-0.3195963721025432
203.63146531999985	1.86099999999999	WheelMovementIntervals													-0.4103940280539806
204.35856210020435	3.7133955140704984	trials	-1.0	1.0	1.5		1.0	0.5	206.5082804402065	206.5081583456542	207.57187407020757	206.2903689002063	206.2911021602063	206.38146531999985	
206.38146531999985	0.35200000000000387	WheelMovementIntervals													0.877345021197991
207.61546531999986	0.10299999999998022	WheelMovementIntervals													0.007338514634740889
208.13146531999985	0.16300000000001091	WheelMovementIntervals													0.014611073599251512
208.42925499020842	3.042425157559137	trials	1.0	1.0	1.5	1.0		0.5	209.9133732302099	209.9132667736051	210.97166739021097	209.6901622202097	209.69099547020969	209.82646531999984	
208.59546531999985	0.15399999999999636	WheelMovementIntervals													0.011274145254606793
209.82646531999984	0.22700000000000387	WheelMovementIntervals													-0.3704858799708113
210.62446531999984	0.0730000000000075	WheelMovementIntervals													0.026961638144570088
211.39546531999986	0.3459999999999752	WheelMovementIntervals													-0.09934960809718163
211.82588196021183	2.43079187420895	trials	-1.0	1.0	1.5		0.125	0.5	212.6922619802127	212.69217835153748	213.75662220021377	212.4736838402125	212.4746504102125	212.58846531999984	
212.58846531999984	0.3079999999999927	WheelMovementIntervals													0.6952033799744832
214.60817037021462	2.7654212299425467	trials	-1.0	1.0	1.5		0.0625	0.5	215.8109834102158	215.81087873350208	216.87351048021688	215.6051706602156	215.6059039202156	215.66646531999984	
215.66646531999984	0.7580000000000098	WheelMovementIntervals													0.9383236616769661
217.72449204021774	3.6471944189668193	trials	1.0	1.0	1.5	0.25		0.5	219.8081836502198	219.80808770927013	220.87161063022089	219.57170730021957	219.57254055021957	219.70946531999985	
218.13746531999985	0.25199999999998113	WheelMovementIntervals													0.028561016738901657
219.70946531999985	0.8269999999999982	WheelMovementIntervals													-0.31123943896327866
221.45746531999984	0.4000000000000057	WheelMovementIntervals													-0.03461191932049701
221.80898355022182	2.5645082706310234	trials	-1.0	1.0	1.5		1.0	0.5	222.8042840102228	222.80418637171888	223.87344375022388	222.6066371102226	222.6074703602226	222.63646531999984	
222.63646531999984	0.5029999999999859	WheelMovementIntervals													1.1835659229099669
223.56446531999984	0.2609999999999957	WheelMovementIntervals													0.02316868875124989
224.72599182022472	5.447320028856609	trials	1.0	-1.0	0.0		0.0	0.5	227.60960343022762	227.60880136138616	229.67319705022967	225.67149726022566	225.67233051022566	227.49746531999983	
227.49746531999983	0.4269999999999925	WheelMovementIntervals													-0.4263762906101274
230.50146531999982	3.216000000000008	WheelMovementIntervals													0.5909277794512988
230.53321104023053	5.323399521873171	trials	-1.0	1.0	1.5		0.0625	0.5	234.3012008702343	234.30110928621417	235.35656199023535	234.07135719023407	234.0721571102341	234.09746531999983	
234.09746531999983	0.5699999999999932	WheelMovementIntervals													0.940450718263234
236.22580839023624	2.3787959995147787	trials	1.0	1.0	1.5	0.0625		0.5	237.04159347023705	237.04150633264766	238.1045871602381	236.73805716023674	236.73879042023674	236.88346531999983	
236.88346531999983	0.7259999999999991	WheelMovementIntervals													-0.3357179367298908
238.96120149023898	2.3450981417123273	trials	1.0	1.0	1.5	0.0625		0.5	239.73652395023973	239.73640054539925	240.8062503002408	239.43958698023945	239.44035357023944	239.64546531999983	
239.64546531999983	0.6219999999999857	WheelMovementIntervals													-0.3135377630743026
241.66049820024168	2.5458103262045597	trials	-1.0	1.0	1.5		1.0	0.5	242.63620062024265	242.63610139100243	243.70626027024372	242.4044571302424	242.4052903802424	242.50046531999982	
242.50046531999982	0.2920000000000016	WheelMovementIntervals													0.5556522299893363
243.14246531999981	0.0589999999999975	WheelMovementIntervals													0.03603853313211225
244.56520770024457	2.739314683947015	trials	-1.0	1.0	1.5		0.0	0.5	245.73742380024575	245.73731312748637	246.80448375024682	245.05445877024505	245.05522536024506	245.0694653199998	
245.0694653199998	1.8360000000000127	WheelMovementIntervals													0.761424850832201
247.75072245024776	2.438690837636699	trials	1.0	1.0	1.5	0.125		0.5	248.62933458024864	248.62921842920045	249.6893952302497	248.37286023024836	248.37352683024838	248.51346531999982	
248.51346531999982	0.9399999999999977	WheelMovementIntervals													-0.45168684778635004
250.54500966025054	3.1945111775246176	trials	-1.0	1.0	1.5		0.0625	0.5	252.17641317025218	252.1763148574929	253.23947352025326	251.85421206025185	251.85507864025186	252.05446531999982	
252.05446531999982	0.5999999999999943	WheelMovementIntervals													0.5872886866817026
253.09046531999982	0.06499999999999773	WheelMovementIntervals													0.03823388359903568
253.8744653199998	0.0759999999999934	WheelMovementIntervals													0.0022835704218628905
254.0981209802541	2.889508434060957	trials	1.0	1.0	1.5	1.0		0.5	255.42872124025544	255.42862440334275	256.4875486802565	255.22107534025523	255.22200858025522	255.3504653199998	
254.2774653199998	0.3009999999999877	WheelMovementIntervals													-0.0176482260067079
255.3504653199998	0.6049999999999898	WheelMovementIntervals													-0.40505025418540264
257.3475293402573	2.690097450818314	trials	-1.0	1.0	1.5		1.0	0.5	258.47405001025845	258.47392743542315	259.53757698025953	258.2893684802583	258.2902683902583	258.3374653199998	
257.5854653199998	0.16200000000003456	WheelMovementIntervals													-0.02398911662139369
258.3374653199998	0.4759999999999991	WheelMovementIntervals													1.1062116986744037
260.1294653199998	0.25200000000000955	WheelMovementIntervals													-0.15482023600103645
260.3988241802604	2.7052256731681723	trials	-1.0	1.0	1.5		1.0	0.5	261.54114327026156	261.5410341756296	262.6040036402626	261.3558618002614	261.3565617302614	261.4124653199998	
261.4124653199998	0.3720000000000141	WheelMovementIntervals													0.9274054336942754
263.46365100026344	2.923906191116032	trials	1.0	1.0	1.5	0.25		0.5	264.8174489402648	264.81735294065464	265.8874752602659	264.005996760264	264.006830010264	264.2424653199998	
264.2424653199998	0.7630000000000337	WheelMovementIntervals													-0.2936068978691715
266.4624653199998	0.2799999999999727	WheelMovementIntervals													-0.025629550634917564
266.74955571026675	2.304401991360237	trials	1.0	1.0	1.5	1.0		0.5	267.4999473302675	267.4998557074537	268.5539085902686	267.22217511026724	267.22310835026724	267.3404653199998	
267.3404653199998	0.6499999999999773	WheelMovementIntervals													-0.3282253562158104
269.4160557002694	2.5046127389539947	trials	-1.0	1.0	1.5		0.25	0.5	270.36216108027037	270.3620601341295	271.4205552302714	270.13898340027015	270.13968333027015	270.24546531999977	
270.24546531999977	0.2960000000000491	WheelMovementIntervals													0.7434744101810402
272.2814691302723	3.390786182080035	trials	1.0	1.0	1.5	0.125		0.5	274.1129526302741	274.11286058688387	275.1722133602752	273.83888004027386	273.83961330027387	274.0104653199998	
272.6144653199998	0.09499999999997044	WheelMovementIntervals													0.005840983824430879
274.0104653199998	1.1329999999999814	WheelMovementIntervals													-0.3498172737112668
276.12715119027615	3.6782982946626817	trials	-1.0	-1.0	0.0	0.0625		0.5	277.24620594027726	277.2454500637567	279.3054333302793	276.75378852027677	276.7545551102768	276.8564653199998	
276.8564653199998	0.8599999999999568	WheelMovementIntervals													0.7707275581504618
279.0694653199998	0.49900000000002365	WheelMovementIntervals													-0.30439630936232476
279.8724653199998	0.7060000000000173	WheelMovementIntervals													0.06038911337087072
280.16744712028014	3.2044091835504105	trials	-1.0	1.0	1.5		0.0	0.5	281.81368248028184	281.8135513241679	282.8718099902829	281.57017350028156	281.57114007028156	281.6474653199998	
281.6474653199998	0.6259999999999764	WheelMovementIntervals													0.9281154837462715
283.74245625028374	2.3462255454326737	trials	-1.0	1.0	1.5		0.25	0.5	284.52077841028455	284.52066439163895	285.58857162028556	284.3201984702843	284.32106505028435	284.3374653199998	
284.3374653199998	0.4329999999999927	WheelMovementIntervals													1.0044804915206882
285.0924653199998	0.31699999999995043	WheelMovementIntervals													0.050238371516087454
286.4580846602865	2.2621036522094187	trials	-1.0	1.0	1.5		0.25	0.5	287.1661805102872	287.1660854903839	288.22007511028824	286.93683678028697	286.93763670028693	286.9564653199998	
286.9564653199998	0.3580000000000041	WheelMovementIntervals													0.5594903203551702
287.8214653199998	0.06799999999998363	WheelMovementIntervals													0.03848265798795225
289.0935877502891	2.8781804396726898	trials	1.0	1.0	1.5	0.0625		0.5	290.41128930029043	290.4111778802775	291.47174991029146	289.6050366002896	289.6059365102896	290.1364653199998	
290.1364653199998	0.6959999999999695	WheelMovementIntervals													-0.2855380238445946
292.3361634602923	2.418820665635508	trials	1.0	1.0	1.5	1.0		0.5	293.2000770602932	293.1999701261442	294.2549382302943	292.970166720293	292.970866650293	293.10646531999976	
293.10646531999976	0.9200000000000159	WheelMovementIntervals													-0.4448200658538255
295.1209849502951	2.4675164732275903	trials	1.0	1.0	1.5	1.0		0.5	296.018495190296	296.01839021402924	297.08845485029707	295.8033833702958	295.80414996029583	295.9204653199998	
295.9204653199998	0.6089999999999804	WheelMovementIntervals													-0.3063491655629633
297.95450157029796	2.4005840165910968	trials	1.0	1.0	1.5	1.0		0.5	298.7980838702988	298.79799560283175	299.85501150029984	298.5868383302986	298.58773824029856	298.7084653199998	
298.7084653199998	0.7659999999999627	WheelMovementIntervals													-0.415470853028193
300.82388127030083	2.462815971198836	trials	-1.0	1.0	1.5		0.125	0.5	301.7177918703017	301.7176867036499	302.7866516403028	301.3699933203014	301.3706932503014	301.50046531999976	
301.50046531999976	0.4689999999999941	WheelMovementIntervals													0.3112594642801447
303.5094653199998	0.16699999999997317	WheelMovementIntervals													-0.08286621415874507
303.65169846030363	4.453287280861787	trials	1.0	1.0	1.5	0.0625		0.5	306.5460090003065	306.54588889433893	307.6049364303076	305.02146147030504	305.022261390305	305.1794653199998	
305.1794653199998	1.8009999999999877	WheelMovementIntervals													-0.3784839769379822
307.31546531999976	0.14400000000000546	WheelMovementIntervals													0.009048289354648631
308.4773825103085	2.3090299112999446	trials	1.0	1.0	1.5	1.0		0.5	309.2224080003092	309.2222915146867	310.28636826031027	309.003129930309	309.003863190309	309.12346531999975	
309.12346531999975	0.5640000000000214	WheelMovementIntervals													-0.3270634054610291
311.15361486031117	3.1676823338485747	trials	-1.0	1.0	1.5		0.0	0.5	312.7563212403128	312.7562054167512	313.82121474031385	312.021361410312	312.022128000312	312.16646531999976	
312.16646531999976	0.8279999999999745	WheelMovementIntervals													0.5326142651613672
314.6952939903147	2.324327298034632	trials	1.0	1.0	1.5	0.0625		0.5	315.45491802031546	315.4548025835896	316.5195782103165	315.20304321031523	315.2037431403152	315.12546531999976	
315.12546531999976	1.149000000000001	WheelMovementIntervals													-0.4285516344241209
317.3901244803174	2.6643989444353906	trials	1.0	1.0	1.5	0.25		0.5	318.4862148603185	318.4861232234129	319.5544746903196	318.23803968031825	318.23897292031825	318.04646531999975	
318.04646531999975	1.0129999999999768	WheelMovementIntervals													-0.4099374440025976
320.4246210003204	3.861610861531233	trials	1.0	1.0	1.5	0.0		0.5	322.7241243603227	322.72402627694004	323.7861848103238	320.986131510321	320.98693143032096	322.4874653199997	
322.4874653199997	0.7560000000000286	WheelMovementIntervals													-0.35837026657039317
324.6603307203247	2.9757003132983755	trials	-1.0	1.0	1.5		0.0625	0.5	326.08302177032607	326.08292991395973	327.13598313032713	325.7879179503258	325.78881786032576	325.92946531999974	
325.92946531999974	0.4759999999999991	WheelMovementIntervals													0.9808117776647869
326.72746531999974	0.05200000000002092	WheelMovementIntervals													0.0160945375848236
327.4254653199998	0.6339999999999577	WheelMovementIntervals													-0.46344481302682894
328.01232882032804	3.2423065374505313	trials	-1.0	1.0	1.5		0.0	0.5	329.6851281903297	329.68503116119376	330.75455457033075	329.27100294032925	329.27176953032927	329.42446531999974	
328.39846531999973	0.16800000000000637	WheelMovementIntervals													0.020229789323185088
329.42446531999974	1.1659999999999968	WheelMovementIntervals													0.7300470938993797
331.62803388033166	2.376213052049877	trials	-1.0	1.0	1.5		0.25	0.5	332.4338199603324	332.43373796682795	333.5041462503335	332.1858780903322	332.1866780103322	332.15946531999975	
332.15946531999975	0.9250000000000114	WheelMovementIntervals													1.080944257736352
334.4829483603345	3.7028948188051345	trials	-1.0	1.0	1.5		0.25	0.5	336.6268339503366	336.6267442027722	337.6857947103377	336.4025230503364	336.40332297033643	336.44846531999974	
334.81146531999974	1.0570000000000164	WheelMovementIntervals													-0.17156867103872742
336.44846531999974	1.1480000000000246	WheelMovementIntervals													1.1664140606627633
338.52446531999976	0.34499999999997044	WheelMovementIntervals													0.025157247166681884
338.5616404503386	3.2242077191489784	trials	-1.0	1.0	1.5		0.0625	0.5	340.22614065034026	340.226043402682	341.2858346703413	339.98743119034	339.98826444034	339.97646531999976	
339.97646531999976	0.4479999999999791	WheelMovementIntervals													0.6941861959703637
340.7764653199997	0.05200000000002092	WheelMovementIntervals													0.03160833569847554
342.16404684034217	2.8884078712418955	trials	1.0	1.0	1.5	0.125		0.5	343.4849480703435	343.48484952512644	344.55234132034457	342.67076283034265	342.67146276034265	342.8224653199997	
342.8224653199997	1.1200000000000045	WheelMovementIntervals													-0.33749974383167114
345.4306534803454	2.3881926336931656	trials	1.0	1.0	1.5	0.0625		0.5	346.25303790034627	346.25295059967743	347.3188313103473	346.03742613034603	346.038059400346	346.17646531999975	
346.17646531999975	0.7699999999999818	WheelMovementIntervals													-0.4339300230564085
348.1938438003482	2.2585052477909926	trials	-1.0	1.0	1.5		0.125	0.5	348.88614123034887	348.8860447957518	349.95226794034994	348.6704961303487	348.67136271034866	348.7784653199997	
348.7784653199997	0.42200000000002547	WheelMovementIntervals													0.9174814431322211
350.82244758035085	2.7315216613351367	trials	-1.0	1.0	1.5		0.125	0.5	351.994863660352	351.99475601855926	353.0538910803531	351.7537877703518	351.75462102035175	351.8924653199997	
351.8924653199997	0.32200000000000273	WheelMovementIntervals													0.7183283824955531
352.62846531999975	0.05699999999995953	WheelMovementIntervals													0.014796438150959546
353.2504653199997	0.48500000000001364	WheelMovementIntervals													-0.066972138685923
353.93166996035393	3.2705042273395293	trials	1.0	1.0	1.5	0.25		0.5	355.64036574035566	355.6402711239772	356.7020928903567	355.4019562503554	355.4028561603554	355.54446531999974	
355.54446531999974	0.9669999999999845	WheelMovementIntervals													-0.40596270793245637
357.57317244035755	3.5306103586502218	trials	-1.0	-1.0	0.0	0.0		0.5	358.53580950035854	358.53517471787893	360.6036693603606	358.27060269035826	358.2715026003583	358.2764653199997	
358.2764653199997	0.7400000000000091	WheelMovementIntervals													0.4587942027674039
361.4802816903615	2.7217833745719417	trials	1.0	1.0	1.5	0.125		0.5	362.64056565036265	362.6404741773134	363.7019928303637	362.0854211703621	362.0860544403621	362.1894653199997	
362.1894653199997	1.170000000000016	WheelMovementIntervals													-0.3105266180298827
364.6876609203647	3.0324254145835425	trials	-1.0	1.0	1.5		0.125	0.5	366.15258108036613	366.15247223076545	367.22004099036724	365.9034060003659	365.9043392403659	365.9114653199997	
365.0224653199997	0.09000000000003183	WheelMovementIntervals													-0.017684389715391546
365.9114653199997	0.47399999999998954	WheelMovementIntervals													0.7964151378691859
368.0911872003681	2.3107002797059977	trials	1.0	1.0	1.5	0.0625		0.8	368.8447785003689	368.84468663939504	369.9018727803699	368.5850378103686	368.58590439036857	368.7784653199997	
368.7784653199997	0.7649999999999864	WheelMovementIntervals													-0.5750105468588451
369.7544653199997	0.7869999999999777	WheelMovementIntervals													-0.1303572579695178
370.77758520037077	2.3759947434518267	trials	1.0	1.0	1.5	0.25		0.8	371.5963699803716	371.5962826999789	372.65349759037264	371.42022093037144	371.42115417037144	371.5164653199997	
371.5164653199997	0.9039999999999964	WheelMovementIntervals													-0.4184279576672054
373.52797680037355	2.3906224985405515	trials	1.0	1.0	1.5	0.25		0.8	374.3619933903744	374.36188395076204	375.41852106037544	374.15161443037414	374.15244768037417	374.2944653199997	
374.2944653199997	0.6779999999999973	WheelMovementIntervals													-0.52105150023311
376.2908004903763	2.261003390827625	trials	1.0	1.0	1.5	0.25		0.8	376.998196410377	376.99810123828945	378.05172438037806	376.7701525503768	376.7710857903768	376.8964653199997	
376.8964653199997	0.6579999999999586	WheelMovementIntervals													-0.2910037411370965
378.6644653199997	0.4259999999999877	WheelMovementIntervals													-0.11122596374720217
378.9293032803789	3.5725062297418617	trials	1.0	1.0	1.5	0.25		0.8	380.93960223038096	380.9395056603991	382.001729340382	380.7533541903808	380.75398746038076	380.8544653199997	
379.7034653199997	0.13100000000002865	WheelMovementIntervals													-0.04035948930154376
380.8544653199997	0.6829999999999927	WheelMovementIntervals													-0.4608798639274525
382.8821079603829	2.5378805871897043	trials	1.0	1.0	1.5	0.0625		0.8	383.85801036038384	383.8578997273541	384.91990416038493	383.6198008503836	383.62056744038364	383.7454653199997	
383.7454653199997	0.7029999999999745	WheelMovementIntervals													-0.30217175803314333
385.7941833903858	2.3923218379724176	trials	1.0	1.0	1.5	0.0625		0.8	386.63019978038665	386.6300903220195	387.6864608103877	386.2682359803863	386.2692025503863	386.4994653199997	
386.4994653199997	0.7139999999999986	WheelMovementIntervals													-0.35129627414308473
388.5642063603886	2.422089007351758	trials	1.0	1.0	1.5	1.0		0.8	389.4290198703894	389.428902078964	390.4862474703905	389.2180409703892	389.2187742303892	389.3474653199997	
389.3474653199997	0.799000000000035	WheelMovementIntervals													-0.39662961709079525
390.6514653199997	1.5639999999999645	WheelMovementIntervals													-0.29652829583847407
391.3694924703914	3.4167189939991545	trials	1.0	1.0	1.5	0.0625		0.8	393.2238070203932	393.22370223550496	394.2862007703943	392.81804760039284	392.81871420039283	392.9494653199997	
392.9494653199997	0.8499999999999659	WheelMovementIntervals													-0.31746321535310784
394.84846531999966	0.06100000000003547	WheelMovementIntervals													-0.021238235498469038
395.16901248039517	3.5505965283949195	trials	1.0	1.0	1.5	0.0		0.8	397.16021334039715	397.16010941203865	398.21954073039825	395.86784259039587	395.8686425103959	395.9884653199997	
395.9884653199997	1.731999999999971	WheelMovementIntervals													-0.5407423277672159
398.51646531999967	0.9060000000000059	WheelMovementIntervals													-0.43037413742198183
399.23120622039926	2.5549074276361807	trials	1.0	1.0	1.5	0.125		0.8	400.22270706040024	400.22260832653035	401.28600072040126	400.0010958904	400.0018958104	400.1064653199997	
400.1064653199997	0.8650000000000091	WheelMovementIntervals													-0.30426107805450187
402.16851246040216	3.2177069259359428	trials	1.0	1.0	1.5	0.125		0.8	403.8313128304038	403.831215522543	404.88614067040487	403.2678025204033	403.2685024504033	403.41346531999966	
403.41346531999966	1.0160000000000196	WheelMovementIntervals													-0.2848781605159303
405.7685190904058	2.2825010000022417	trials	1.0	1.0	1.5	0.25		0.8	406.49281332040647	406.49271909040647	407.5510074904075	406.2844674904063	406.2851007604063	406.4024653199997	
406.4024653199997	0.5559999999999832	WheelMovementIntervals													-0.3960380948062294
408.08446531999965	0.3830000000000382	WheelMovementIntervals													-0.06209416369897269
408.4349190904084	2.7995136412114903	trials	1.0	1.0	1.5	0.0625		0.8	409.6828276204097	409.68272472487814	410.73438912041075	409.45251732040947	409.45338390040945	409.5904653199997	
409.5904653199997	0.5819999999999936	WheelMovementIntervals													-0.38525550867380076
411.1524653199997	0.5809999999999604	WheelMovementIntervals													-0.2371936854050425
411.6239334904116	3.5271097875332202	trials	1.0	1.0	1.5	0.125		0.8	413.5876371004136	413.587537825869	414.6509640904147	413.3525939404134	413.3532605404134	413.5064653199997	
413.5064653199997	0.44700000000000273	WheelMovementIntervals													-0.4656164142891015
414.3804653199997	0.18499999999994543	WheelMovementIntervals													0.037579708691385605
415.53714213041553	2.280401914510719	trials	1.0	1.0	1.5	0.25		0.8	416.25353715041626	416.25344210356235	417.31753074041734	416.035958910416	416.03689215041607	416.1714653199997	
416.1714653199997	0.7339999999999804	WheelMovementIntervals													-0.3149178316616137
418.2045420304182	3.4314169731629818	trials	1.0	-1.0	0.0		0.0	0.8	419.06982216041905	419.0692460555946	421.1358488704211	418.6859605504187	418.6868271304187	418.79146531999965	
418.79146531999965	0.5980000000000132	WheelMovementIntervals													-0.33393771582599996
420.97546531999967	1.641999999999996	WheelMovementIntervals													-0.5384687690126668
422.026259820422	4.209408420210025	trials	1.0	1.0	1.5	0.25		0.8	424.67986110042466	424.6797638675592	425.73558885042576	424.4674156804245	424.4680489504245	424.58146531999967	
422.88946531999966	0.3860000000000241	WheelMovementIntervals													0.04207919640595392
424.58146531999967	0.8500000000000227	WheelMovementIntervals													-0.4790786773341793
426.62236683042664	2.3465962397318094	trials	1.0	1.0	1.5	0.25		0.8	427.4146542604274	427.4145648857916	428.4688488304285	427.2007423204272	427.2016422304272	427.3404653199997	
427.3404653199997	0.5790000000000077	WheelMovementIntervals													-0.4870789465309251
428.69246531999966	0.4200000000000159	WheelMovementIntervals													-0.12394452528446465
429.3558601204294	3.6114018195057156	trials	1.0	1.0	1.5	0.0625		0.8	431.40775491043144	431.40766001788245	432.46718229043245	431.000495640431	431.001228900431	431.11046531999966	
429.7034653199997	0.3289999999999509	WheelMovementIntervals													0.026392436018451093
431.11046531999966	0.6970000000000027	WheelMovementIntervals													-0.3256494341497742
432.00246531999966	0.1560000000000059	WheelMovementIntervals													0.010023346791797394
433.35745992043337	2.944701088379304	trials	1.0	1.0	1.5	0.125		0.8	434.73735525043475	434.7372599618453	435.8020821004358	434.48528046043447	434.4861470404345	434.64646531999966	
433.6554653199997	0.1339999999999577	WheelMovementIntervals													0.020429368891043964
434.64646531999966	0.8349999999999795	WheelMovementIntervals													-0.5591938322145289
436.6894600204367	2.8109125822039687	trials	1.0	1.0	1.5	0.0625		0.8	437.93476881043796	437.934665151233	439.000328910439	437.7002922604377	437.7010921804377	437.8334653199997	
437.8334653199997	0.8919999999999959	WheelMovementIntervals													-0.30555203213349813
439.63946531999966	0.44700000000000273	WheelMovementIntervals													-0.10522016114448363
439.89057321043987	3.8264124051711974	trials	1.0	1.0	1.5	0.0625		0.8	442.1593796404422	442.15927997264595	443.2169405404432	441.95186706044194	441.95266698044196	442.0664653199996	
440.40346531999967	0.25	WheelMovementIntervals													-0.028223749131793596
440.80346531999965	0.6190000000000282	WheelMovementIntervals													0.05472602320150344
442.0664653199996	0.7900000000000205	WheelMovementIntervals													-0.4061902993611497
443.98346531999965	0.42099999999999227	WheelMovementIntervals													-0.05215867668703922
444.1077847804441	2.343995912019068	trials	1.0	1.0	1.5	0.0625		0.8	444.8952726904449	444.89518273536214	445.951767030446	444.66856203044466	444.66929529044467	444.79146531999965	
444.79146531999965	0.6009999999999991	WheelMovementIntervals													-0.3092879139105591
445.65946531999964	0.40699999999998226	WheelMovementIntervals													0.08350723828810303
446.5594653199996	0.4070000000000391	WheelMovementIntervals													-0.1014627853431378
446.8452776704469	3.856508522449303	trials	-1.0	1.0	1.5		0.125	0.8	449.13558195044914	449.1354821376864	450.2016753304502	448.9002054904489	448.9008720904489	449.05146531999964	
447.2994653199996	0.6480000000000246	WheelMovementIntervals													-0.1521080605621492
449.05146531999964	0.3380000000000223	WheelMovementIntervals													1.0442292433871287
450.22146531999965	0.08100000000001728	WheelMovementIntervals													0.010646907273756057
451.0952859604511	3.60470115328377	trials	1.0	1.0	1.5	0.0		0.8	453.14428104045317	453.14418604757714	454.1999421304542	452.31676380045235	452.31743040045234	452.85846531999965	
451.1744653199996	0.40800000000001546	WheelMovementIntervals													0.056487542340406094
452.85846531999965	1.0539999999999736	WheelMovementIntervals													-0.35294280946475
455.0931861304551	3.0752190505228327	trials	1.0	1.0	1.5	0.0625		0.8	456.6168004204566	456.6166945775332	457.6683619204577	456.2185069204562	456.21934017045623	456.39646531999966	
455.26046531999964	0.36700000000001864	WheelMovementIntervals													-0.0817145386187974
456.39646531999966	0.5240000000000009	WheelMovementIntervals													-0.32103679697521414
458.39246531999964	0.3369999999999891	WheelMovementIntervals													-0.09776785480356409
458.56690539045854	2.568105479556891	trials	1.0	1.0	1.5	0.25		0.8	459.5795041204596	459.5794067623088	460.63493190046063	459.2164071004592	459.21727368045924	459.34246531999963	
459.34246531999963	0.9180000000000064	WheelMovementIntervals													-0.2972913970579576
461.5265094004615	2.9900971372592835	trials	1.0	1.0	1.5	1.0		0.8	462.953799990463	462.95370707943584	464.01656037046405	462.74992038046275	462.7509536104628	462.86846531999964	
461.64746531999964	0.17099999999999227	WheelMovementIntervals													0.009577395478856943
462.1704653199996	0.26200000000000045	WheelMovementIntervals													0.013016269711290107
462.86846531999964	0.8899999999999864	WheelMovementIntervals													-0.36000274369784435
464.6174653199996	0.6570000000000391	WheelMovementIntervals													-0.09621573883624279
464.91460389046495	3.586702521967254	trials	1.0	-1.0	0.0		0.0	0.8	465.9455007904659	465.94460432753124	468.001261860468	465.5015451904655	465.50217846046553	465.6244653199996	
465.6244653199996	0.7889999999999873	WheelMovementIntervals													-0.42744136535255706
467.8504653199996	0.617999999999995	WheelMovementIntervals													-0.0659217136174135
468.8973055804689	2.6191995758158555	trials	1.0	1.0	1.5	0.0625		0.8	469.95369993046995	469.95360500610843	471.016393650471	469.74975366046976	469.75042026046975	469.3004653199996	
468.97446531999964	0.05899999999996908	WheelMovementIntervals													0.005821531307471872
469.3004653199996	1.5060000000000286	WheelMovementIntervals													-0.29916899212860315
471.58746531999964	1.7110000000000127	WheelMovementIntervals													-0.4527853769113577
471.91340394047194	3.7862154274712907	trials	-1.0	1.0	1.5		0.0625	0.8	474.14841375047416	474.14831186637116	475.1995086304752	473.86787514047387	473.8686750604739	474.05846531999964	
474.05846531999964	0.32200000000000273	WheelMovementIntervals													0.6979831187712016
475.86346531999965	6.630999999999972	WheelMovementIntervals													-3.3061425882754207
476.0979187804761	10.302912666147733	trials	-1.0	-1.0	0.0	0.0		0.8	483.8491435804838	483.8484268042327	485.9007717304859	483.65119671048365	483.65216328048365	483.7324653199996	
482.7624653199996	0.20900000000000318	WheelMovementIntervals													0.01494760495805636
483.7324653199996	1.9669999999999845	WheelMovementIntervals													1.1279644475670203
486.3354653199996	3.2029999999999745	WheelMovementIntervals													3.9208887477437777
486.984130050487	5.166909812795666	trials	1.0	1.0	1.5	0.125		0.8	490.5861364804906	490.58603549686643	491.65092999049165	490.0992851704901			
490.2564653199996	2.3069999999999595	WheelMovementIntervals													0.9312103686238693
492.5658384904926	2.301599076873174	trials	1.0	1.0	1.5	1.0		0.8	493.3175299804933	493.3174375359304	494.36739165049437	493.0992518104931			
493.2214653199996	1.413000000000011	WheelMovementIntervals													-0.5323503116263026
495.26653506049524	8.26570046718939	trials	-1.0	-1.0	0.0	0.0		0.8	500.976064050501	500.9753340018424	503.03219175050305	500.6990250905007	500.6997583505007	500.8844653199996	
495.8054653199996	0.160000000000025	WheelMovementIntervals													0.01068700591894256
496.2214653199996	0.1430000000000291	WheelMovementIntervals													0.007433484401950352
497.1814653199996	2.1310000000000286	WheelMovementIntervals													-1.5007924093061646
499.6754653199996	0.27899999999999636	WheelMovementIntervals													-0.21643953689646622
500.8844653199996	0.5219999999999914	WheelMovementIntervals													0.6089837476033466
501.6854653199996	0.5930000000000177	WheelMovementIntervals													0.5831443398154015
503.94843345050396	3.369022973499341	trials	-1.0	-1.0	0.0	0.0		0.8	504.76568505050477	504.7650385341933	506.81741319050684	504.4670482505045	504.4680148205045	504.6854653199996	
504.6854653199996	0.5600000000000023	WheelMovementIntervals													0.8024828722221677
505.85246531999957	0.43100000000004	WheelMovementIntervals													-0.05303399518401619
506.5524653199996	0.4159999999999968	WheelMovementIntervals													0.03586314851400729
507.7136568905077	2.735190421042091	trials	1.0	1.0	1.5	0.0625		0.8	508.8881727605089	508.88805191890845	509.94883335051	508.44868338050844	508.44961662050844	508.61446531999957	
508.61446531999957	0.8650000000000091	WheelMovementIntervals													-0.3968232161943561
510.8459436305109	2.436416290809234	trials	1.0	1.0	1.5	1.0		0.8	511.72335588051175	511.72324877634765	512.7822499805128	511.5337748405115	511.5345414305115	511.6304653199996	
511.6304653199996	0.9540000000000077	WheelMovementIntervals													-0.5011891743332022
513.6794602505137	5.570903265738934	trials	1.0	1.0	1.5	0.25		0.8	517.6847596805177	517.6846611605166	518.7502864505187	517.4337514505174	517.4343847205174	517.5644653199996	
514.4004653199996	2.4599999999999227	WheelMovementIntervals													-1.5238826108767398
517.5644653199996	0.4879999999999427	WheelMovementIntervals													-0.3686987135428268
518.3884653199996	0.05899999999996908	WheelMovementIntervals													0.032068511218660944
519.6652616105197	2.3166979284247873	trials	1.0	1.0	1.5	0.0625		0.8	520.4192862005204	520.4191602855498	521.4819132605215	520.1319149405201	520.1326815305201	520.3114653199996	
520.3114653199996	0.8849999999999909	WheelMovementIntervals													-0.30917506708810194
522.3793568405224	2.552706151159441	trials	1.0	1.0	1.5	1.0		0.8	523.3822898705234	523.3821584712582	524.4320182205245	523.1668780805231	523.1676446705231	523.2794653199995	
523.2794653199995	0.8210000000000264	WheelMovementIntervals													-0.2968350200623462
525.2044653199996	0.13599999999996726	WheelMovementIntervals													-0.014650160739556384
525.3310616405254	2.6690242616982687	trials	1.0	1.0	1.5	0.0		0.8	526.4372843405264	526.4371712807483	527.5000447205275	525.8833730705259	525.8842063205259	526.2164653199995	
526.2164653199995	0.4840000000000373	WheelMovementIntervals													-0.3732937763107138
528.3968883605284	2.4348864225329407	trials	1.0	1.0	1.5	0.125		0.8	529.2778669205293	529.2777830866833	530.3317281905304	529.065188190529	529.0661880905291	529.1964653199996	
529.1964653199996	0.23900000000003274	WheelMovementIntervals													-0.3793174695971686
529.9554653199996	0.1309999999999718	WheelMovementIntervals													0.11932818249716348
530.4404653199996	0.06299999999998818	WheelMovementIntervals													0.015152999100639164
531.2330713805312	2.7503047503047355	trials	1.0	1.0	1.5	0.0625		0.8	532.4274852605324	532.4273725748325	533.4833463305334	531.9335346605319	531.934434570532	532.0844653199996	
532.0844653199996	0.9979999999999336	WheelMovementIntervals													-0.28580811466175504
534.3184653199995	0.37600000000009004	WheelMovementIntervals													0.0340120180127883
534.5330746805346	2.633428066583974	trials	1.0	1.0	1.5	0.25		0.8	535.6145998505356	535.6144853847126	536.6664613205367	535.2317048105352	535.2324047405352	535.2254653199996	
535.2254653199996	0.8400000000000318	WheelMovementIntervals													-0.3229879708864942
536.3464653199995	0.07400000000006912	WheelMovementIntervals													0.0537751007992604
537.5659047005375	2.2658021871041	trials	1.0	1.0	1.5	0.25		0.8	538.2822997205383	538.2822047596877	539.3316614405394	538.081719780538	538.082952990538	538.2024653199995	
538.2024653199995	0.55600000000004	WheelMovementIntervals													-0.42095216725854456
540.1884653199995	0.09900000000004638	WheelMovementIntervals													0.01522569452097855
540.2301049205403	2.5531055729471746	trials	1.0	1.0	1.5	1.0		0.8	541.2209058305413	541.2208063069787	542.2831662605423	540.999994590541	541.000561200541	541.1214653199995	
541.1214653199995	0.47700000000008913	WheelMovementIntervals													-0.34430237014125
542.0124653199996	0.16099999999994452	WheelMovementIntervals													0.03595691922649635
543.0104653199995	0.23599999999999	WheelMovementIntervals													0.03412023426630384
543.1884090605432	2.9613980008708722	trials	1.0	1.0	1.5	1.0		0.8	544.5868025405446	544.586707644429	545.6497295705457	544.3647580805443	544.3654913405444	544.5034653199996	
544.5034653199996	0.80499999999995	WheelMovementIntervals													-0.34848214437809943
546.5555056505466	2.377591940325715	trials	1.0	1.0	1.5	0.25		0.8	547.3839228005473	547.3838021459953	548.4330512105485	547.1812764005472	547.1821096505472	547.3054653199996	
547.3054653199996	0.5989999999999327	WheelMovementIntervals													-0.3994642926103964
549.3396938705494	2.9765267448303803	trials	1.0	1.0	1.5	0.0625		0.8	550.7598185105508	550.7597056755671	551.8161128705518	549.8478430505498	549.8487429605499	549.9874653199995	
549.9874653199995	1.600999999999999	WheelMovementIntervals													-0.42157051972395365
552.7246220105527	3.1565107508595247	trials	1.0	1.0	1.5	0.25		0.8	554.3227288505543	554.3226264407332	555.3810896705554	554.0980179905541	554.0989512305541	554.2194653199996	
552.8894653199995	0.11599999999998545	WheelMovementIntervals													0.014125269108532734
553.3074653199996	0.1230000000000473	WheelMovementIntervals													0.015189569156330407
554.2194653199996	0.45799999999997	WheelMovementIntervals													-0.28704707177016076
554.8244653199996	1.155999999999949	WheelMovementIntervals													-0.4328893186758904
556.2294653199996	0.4619999999999891	WheelMovementIntervals													0.03713954269466413
556.2920319005563	6.207404872027723	trials	1.0	1.0	1.5	0.125		0.8	560.948032920561	560.9479340547382	561.999327780562	560.6994577805607	560.7001910405608	560.8204653199996	
557.8554653199996	2.094000000000051	WheelMovementIntervals													-0.8883748439090304
560.8204653199996	2.731999999999971	WheelMovementIntervals													-0.33041794642391054
562.9273349705629	5.272000154897341	trials	1.0	-1.0	0.0		0.0	0.8	565.6377305705656	565.6371340221833	567.6992910605677	565.2477695705652	565.2484028405653	565.3664653199995	
563.8044653199995	0.3160000000000309	WheelMovementIntervals													0.04426742467045841
565.3664653199995	0.5740000000000691	WheelMovementIntervals													-0.32453041250604997
568.0504653199995	0.3180000000000973	WheelMovementIntervals													-0.03809258467762078
568.6133329805687	2.5026095547355	trials	1.0	1.0	1.5	1.0		0.8	569.5593383705695	569.5592358360065	570.6158660405706	569.3309278805693	569.3316611405693	569.4504653199996	
569.4504653199996	0.6839999999999691	WheelMovementIntervals													-0.3941169720666977
570.5274653199996	0.19200000000000728	WheelMovementIntervals													-0.013423589467386421
571.5251417705715	3.755715896284073	trials	-1.0	-1.0	0.0	0.0		0.8	572.7235552505728	572.7226465202308	574.7808161705748	572.1641112005722	572.1649111205721	572.2974653199996	
572.2974653199996	0.9370000000000118	WheelMovementIntervals													0.3736265311829534
575.6927583005757	2.4879818010613235	trials	1.0	1.0	1.5	0.0625		0.8	576.6184323905766	576.618350786057	577.6806928205776	576.3323276705763	576.3331609205763	576.4624653199995	
576.4624653199995	0.6340000000000146	WheelMovementIntervals													-0.3184445860871179
577.2704653199995	0.18399999999996908	WheelMovementIntervals													0.013978770568272125
578.5947347405786	3.936030426333332	trials	-1.0	1.0	1.5		0.125	0.8	580.9672641305809	580.9671518743689	582.030724440582	580.6989576305807	580.6997242205807	580.7894653199995	
579.4684653199995	0.05200000000002092	WheelMovementIntervals													0.0040909003666271815
580.7894653199995	0.4070000000000391	WheelMovementIntervals													0.7603533937016032
582.3264653199996	0.4819999999999709	WheelMovementIntervals													-0.15598437901781637
582.946666170583	3.302298022291211	trials	-1.0	1.0	1.5		1.0	0.8	584.6907584105847	584.6906640698894	585.7488859205857	584.4988776005845	584.4996775205846	584.5894653199995	
584.5894653199995	0.6009999999999991	WheelMovementIntervals													1.0169402027145011
586.1684653199995	0.10799999999994725	WheelMovementIntervals													-0.07737968624505598
586.6576617005867	3.65799383554031	trials	1.0	1.0	1.5	0.0625		0.8	588.7666507805887	588.7665575701534	589.8156125405898	587.1972744005872	587.1979410005872	587.2294653199996	
587.2294653199996	4.487999999999943	WheelMovementIntervals													0.6725810541690187
590.7371537105907	8.611628950520185	trials	1.0	1.0	1.5	0.0625		0.8	597.7975809305979	597.7974758062192	598.8486758105988	596.6136660005966	596.6144325905966	596.7494653199996	
592.0184653199996	3.908999999999992	WheelMovementIntervals													1.4832502166759305
596.7494653199996	2.0389999999999873	WheelMovementIntervals													-0.387977309002558
599.7863820305998	6.510706648349924	trials	-1.0	1.0	1.5		0.125	0.8	604.7347871406048	604.7346863234908	605.7969809106058	604.4968776006045	604.4975775306045	604.6184653199995	
599.9264653199995	0.18200000000001637	WheelMovementIntervals													0.013416978256756806
600.3504653199996	0.20499999999992724	WheelMovementIntervals													0.013504375416793835
600.7504653199995	0.10099999999999909	WheelMovementIntervals													0.006486649672449829
601.7044653199995	1.711999999999989	WheelMovementIntervals													-0.5289411795472816
604.6184653199995	0.900000000000091	WheelMovementIntervals													0.8870928977981904
605.7274653199995	0.6340000000000146	WheelMovementIntervals													0.12633041689827706
606.7254880506067	3.223204355614257	trials	1.0	1.0	1.5	0.25		0.8	608.3928879606084	608.3927892691204	609.4486157106095	608.0981841006081	608.0992173306081	608.2234653199995	
607.1384653199995	0.49700000000007094	WheelMovementIntervals													-0.027122672972531348
608.2234653199995	1.191000000000031	WheelMovementIntervals													-0.4315712723294567
610.3651907106104	7.7165195794892725	trials	1.0	1.0	1.5	0.25		0.8	616.5312073806166	616.5311047575674	617.5816023306176	616.096617510616	616.097317440616	616.2234653199995	
610.3934653199995	0.2440000000000282	WheelMovementIntervals													0.024372783378815654
610.9794653199995	0.45900000000006	WheelMovementIntervals													0.0328264728670149
612.0164653199995	1.225999999999999	WheelMovementIntervals													-0.8057002256253654
613.7494653199996	0.20899999999994634	WheelMovementIntervals													-0.07372736200328944
614.4354653199995	0.12999999999999545	WheelMovementIntervals													0.011999009610395461
616.2234653199995	1.4230000000000018	WheelMovementIntervals													-0.43414759976172945
618.3504653199994	3.633000000000038	WheelMovementIntervals													-0.3003260393911802
618.5121092706186	9.969094321527564	trials	1.0	1.0	1.5	0.25		0.2	626.9266010706269	626.9265027896197	627.981195600628	626.6463291006266	626.6470956906267	626.7814653199995	
622.7184653199995	3.3730000000000473	WheelMovementIntervals													-1.225116741285781
626.7814653199995	1.032000000000039	WheelMovementIntervals													-0.3936578713036809
628.9246012506289	4.921630835397536	trials	-1.0	1.0	1.5		1.0	0.2	632.2961307306323	632.2960210034776	633.3461923806334	632.1130490406321	632.1139822806322	632.1364653199995	
629.3924653199995	0.8949999999999818	WheelMovementIntervals													-0.3751857311340885
630.6694653199995	0.7959999999999354	WheelMovementIntervals													-0.13692530822417837
632.1364653199995	1.43100000000004	WheelMovementIntervals													1.591054432668038
634.0424653199995	1.2100000000000364	WheelMovementIntervals													-0.5600862681530074
634.2771326106343	3.2539999560617616	trials	-1.0	1.0	1.5		0.0625	0.2	635.979029070636	635.9789320646684	637.031023860637	635.7480521706358	635.7488854206357	635.8354653199995	
635.8354653199995	1.2889999999999873	WheelMovementIntervals													1.3422982776885704
637.9552314306379	3.5408053783243076	trials	-1.0	-1.0	0.0	0.0625		0.2	638.9411328306389	638.9403323705344	640.995960660641	638.4627806706385	638.4634806006385	638.5264653199995	
638.5264653199995	0.8730000000000473	WheelMovementIntervals													0.5696721946285379
641.9170352106419	2.3289948131354095	trials	-1.0	1.0	1.5		0.125	0.2	642.6898245906427	642.6897328262341	643.7459856306438	642.4811121306425	642.4817454006425	642.6074653199995	
642.6074653199995	0.7579999999999245	WheelMovementIntervals													1.9613982188449057
644.3064653199995	0.3690000000000282	WheelMovementIntervals													-0.18861279934949948
644.6683267206447	2.4611123625371647	trials	-1.0	1.0	1.5		1.0	0.2	645.5822353206456	645.5821305682246	646.6293639306466	645.3976204506454	645.3983537106454	645.3494653199995	
645.3494653199995	0.7200000000000273	WheelMovementIntervals													1.0520976077573962
647.5468388406475	2.284097674051395	trials	-1.0	1.0	1.5		0.0625	0.2	648.2793322506483	648.2792377741777	649.3308937506494	648.047622090648	648.048621990648	647.9924653199995	
647.9924653199995	1.6240000000000236	WheelMovementIntervals													1.1253033319117947
650.2526349006503	5.461526379056295	trials	-1.0	1.0	1.5		1.0	0.2	654.1624438806542	654.1623523527718	655.2141387006552	653.979262200654	653.980162110654	654.0724653199994	
650.3184653199995	0.1150000000000091	WheelMovementIntervals													0.01911620278166737
650.7204653199994	0.58400000000006	WheelMovementIntervals													0.05449713055915595
651.6844653199995	1.8859999999999673	WheelMovementIntervals													1.4343622888284315
654.0724653199994	0.4230000000000018	WheelMovementIntervals													1.4560840936326755
654.8394653199995	0.2720000000000482	WheelMovementIntervals													0.11482856370881933
655.7734653199994	0.22800000000006548	WheelMovementIntervals													0.03702904057152523
656.3147619606564	3.8827037372105906	trials	-1.0	1.0	1.5		1.0	0.2	658.6449622506586	658.644863003197	659.6974236606598	658.4291171706584	658.4297504406584	658.4514653199994	
656.6664653199995	0.05600000000004002	WheelMovementIntervals													0.010004638600520366
657.0744653199995	0.5240000000000009	WheelMovementIntervals													0.20432896158139613
657.8504653199994	0.06299999999998818	WheelMovementIntervals													0.008632448247347213
658.4514653199994	1.0020000000000664	WheelMovementIntervals													1.545600063397778
660.2934653199994	1.011000000000081	WheelMovementIntervals													-0.5077428460354767
660.6283638906606	6.183905946678124	trials	-1.0	1.0	1.5		0.0625	0.2	665.2564677006652	665.2563675927294	666.3122621106663	664.9456654506649	664.9465986906649	665.1374653199995	
661.5274653199995	0.16399999999998727	WheelMovementIntervals													0.023664572570602616
661.9534653199995	1.2709999999999582	WheelMovementIntervals													0.20644143881125387
663.8314653199994	0.07799999999997453	WheelMovementIntervals													0.006266230840410003
664.2134653199995	0.11799999999993815	WheelMovementIntervals													0.007082412150182904
665.1374653199995	0.3930000000000291	WheelMovementIntervals													0.9140726270217101
666.2644653199994	0.16800000000000637	WheelMovementIntervals													0.024703179025166833
667.2414691806672	2.9873942200113106	trials	-1.0	1.0	1.5		0.25	0.2	668.6771589306687	668.6770659225335	669.7287537606697	668.4638136006685	668.4645135306685	668.4554653199995	
667.4634653199995	0.3039999999999736	WheelMovementIntervals													0.021264571544278965
668.4554653199995	1.13900000000001	WheelMovementIntervals													1.0618319869102635
670.5654653199995	0.16499999999996362	WheelMovementIntervals													0.015984330934074364
670.6518614406707	3.910201864683927	trials	-1.0	1.0	1.5		0.25	0.2	673.006459290673	673.0063613591911	674.0620203906741	672.7804818906728	672.7814151306728	672.8494653199995	
672.8494653199995	0.51400000000001	WheelMovementIntervals													0.9193611598748248
673.7284653199995	0.16499999999996362	WheelMovementIntervals													0.015048331261084513
674.986261290675	2.4259143666459977	trials	-1.0	1.0	1.5		0.0625	0.2	675.8595739506759	675.8594657420317	676.912068690677	675.6137318706756	675.6143651406757	675.5714653199994	
675.5714653199994	0.5159999999999627	WheelMovementIntervals													0.7305187568009401
676.4734653199995	0.5179999999999154	WheelMovementIntervals													0.10421103631125561
677.5614653199995	1.0570000000000164	WheelMovementIntervals													0.07216232604314854
677.8404758406779	4.221401897538158	trials	1.0	1.0	1.5	0.25		0.2	680.5032762006805	680.5031764068109	681.5618370006815	679.94693184068	679.9475984406799	679.9954653199994	
679.9954653199994	1.6970000000000027	WheelMovementIntervals													-0.3814679532072631
681.9494653199995	2.089999999999918	WheelMovementIntervals													-0.5025380085559021
682.4967768306825	3.6317962888642796	trials	1.0	1.0	1.5	0.25		0.2	684.5688696006846	684.56877357239	685.6284636306856	684.2968634706843	684.2974967406843	684.2924653199995	
684.2924653199995	1.4049999999999727	WheelMovementIntervals													-0.379588785586229
686.5602704406866	3.903232121669248	trials	-1.0	1.0	1.5		0.0625	0.2	688.9110020106889	688.9108885806639	689.96339676069	688.6133651106886	688.6140650406886	688.7664653199994	
688.7664653199994	0.7700000000000955	WheelMovementIntervals													0.7597577724824731
689.8324653199994	0.09500000000002728	WheelMovementIntervals													0.006678970065074452
690.8922038706909	4.9209987221039455	trials	-1.0	1.0	1.5		1.0	0.2	694.2631000806942	694.2630023103718	695.3131617306954	694.0616202306941	694.0622868306941	694.1764653199995	
690.9444653199995	1.8169999999998936	WheelMovementIntervals													0.33904163701613044
694.1764653199995	1.0399999999999636	WheelMovementIntervals													1.986333646542576
695.9934653199995	0.3429999999999609	WheelMovementIntervals													0.043907188097215055
696.2498013906962	3.496708509844666	trials	-1.0	1.0	1.5		0.25	0.2	698.1871076406982	698.1870049972006	699.2464683606993	697.9614302106979	697.9621968006979	698.0264653199995	
696.6094653199995	0.15199999999992997	WheelMovementIntervals													0.007659054144006916
698.0264653199995	1.01299999999992	WheelMovementIntervals													1.1726571877858945
699.6974653199994	0.18700000000001182	WheelMovementIntervals													-0.051953876641626096
700.1763087007001	2.286598196729301	trials	-1.0	1.0	1.5		0.0	0.2	700.9056024307009	700.9055074878327	701.9628633607019	700.6782918307007	700.6791250807007	700.4694653199995	
700.4694653199995	0.5489999999999782	WheelMovementIntervals													0.5034528761982102
702.2984653199994	1.0819999999999936	WheelMovementIntervals													0.12263534132200249
702.8878041907029	3.125412175362044	trials	-1.0	1.0	1.5		0.0625	0.2	704.4615134707045	704.4614093138679	705.5131083007055	704.1781418107042	704.1790750507042	704.1624653199995	
704.1624653199995	0.4460000000000264	WheelMovementIntervals													0.516061316801526
706.4385157507064	3.689491339810047	trials	-1.0	1.0	1.5		0.125	0.2	708.5758020007086	708.5757095756296	709.6279301107096	708.2946301207083	708.2953633807083	708.3574653199994	
706.6164653199994	0.6900000000000546	WheelMovementIntervals													0.0993479925720635
708.3574653199994	0.44500000000005	WheelMovementIntervals													0.4463868509645508
709.4394653199994	0.23900000000003274	WheelMovementIntervals													0.02149124428828486
710.1224653199994	0.11600000000009913	WheelMovementIntervals													0.018015722860234007
710.5114653199994	0.33600000000001273	WheelMovementIntervals													0.03601347292381263
710.5571038507105	3.670821672253851	trials	-1.0	1.0	1.5		0.0625	0.2	712.6753253407127	712.6752157788703	713.7278534107137	712.3962199207124	712.3968865207124	712.4694653199995	
711.6754653199994	0.08500000000003638	WheelMovementIntervals													0.003886387160640936
712.4694653199995	0.44899999999995543	WheelMovementIntervals													0.6121940813965736
713.3164653199995	0.37000000000000455	WheelMovementIntervals													0.05260003248945111
714.3074653199994	0.28700000000003456	WheelMovementIntervals													-0.0773086479957854
714.6590269507146	3.635409667640033	trials	-1.0	1.0	1.5		1.0	0.2	716.7401188207167	716.7400313398741	717.7943467207178	716.5295065507165	716.5302064807165	716.6124653199994	
715.0044653199994	0.61099999999999	WheelMovementIntervals													0.08957940812306475
716.6124653199994	0.4680000000000746	WheelMovementIntervals													1.1201979585868074
718.902435900719	3.3935880560039777	trials	-1.0	1.0	1.5		0.0625	0.2	720.7436184307207	720.7435283358097	721.7959131907218	720.4959432007205	720.4967097907205	720.5234653199994	
718.9734653199994	0.6750000000000682	WheelMovementIntervals													0.1653394811471216
720.5234653199994	0.49500000000000455	WheelMovementIntervals													0.657350238385348
722.3664653199994	0.38900000000001	WheelMovementIntervals													-0.11530797575584018
722.7258201907227	3.436812509290462	trials	1.0	1.0	1.5	0.0625		0.2	724.6141313407246	724.614026513999	725.6625264907257	724.2276033307243	724.2283032607243	724.2384653199994	
723.0364653199994	0.6829999999999927	WheelMovementIntervals													0.07444704562164617
724.2384653199994	0.9910000000000991	WheelMovementIntervals													-0.3700182230189526
725.4084653199994	0.22100000000000364	WheelMovementIntervals													0.09268604557846061
726.1174653199994	0.6650000000000773	WheelMovementIntervals													-0.049380904519566116
726.5958331507265	4.84840664445494	trials	-1.0	1.0	1.5		0.0625	0.2	729.8904369907299	729.890336306644	730.944164940731	729.6608599507297	729.6615598807297	729.7004653199994	
727.3694653199994	0.8259999999999081	WheelMovementIntervals													0.12394188579751386
729.7004653199994	1.0310000000000628	WheelMovementIntervals													1.184442406195224
731.8624653199994	0.5030000000000427	WheelMovementIntervals													0.06939306264688128
731.8780382107319	3.1495089179337583	trials	-1.0	1.0	1.5		0.25	0.2	733.4797446907335	733.479641728673	734.5274399107345	733.2457014307332	733.2464346907333	733.2444653199994	
733.2444653199994	1.2919999999999163	WheelMovementIntervals													0.7609868024408186
735.1744653199994	0.18899999999996453	WheelMovementIntervals													-0.07033909525841153
735.4655460907355	2.2968960670449405	trials	-1.0	1.0	1.5		0.25	0.2	736.2072385807362	736.2071441751642	737.2623997207372	735.995526420736	735.996359670736	735.9704653199994	
735.9704653199994	0.4209999999999354	WheelMovementIntervals													0.7148558577524042
736.8854653199994	0.1449999999999818	WheelMovementIntervals													0.2651307754001735
737.4094653199994	0.6709999999999354	WheelMovementIntervals													-0.22820801509536892
738.2026390207382	2.576328399818067	trials	-1.0	1.0	1.5		0.125	0.2	739.2217371007392	739.2216498581421	740.2789313707403	739.0107248707391	739.011624780739	738.9794653199993	
738.3794653199994	0.09600000000000364	WheelMovementIntervals													0.08173383092737652
738.9794653199993	0.48900000000003274	WheelMovementIntervals													0.8172578509325419
739.8914653199994	0.4010000000000673	WheelMovementIntervals													0.09390532790620654
740.9964653199994	0.07500000000004547	WheelMovementIntervals													0.008863783627624855
741.2152710607412	2.247099959833122	trials	-1.0	1.0	1.5		0.25	0.2	741.9121680307419	741.9120707381975	742.962263010743	741.6938232007417	741.6945897907417	741.7794653199994	
741.7794653199994	0.3569999999999709	WheelMovementIntervals													0.6322043732598459
742.4824653199994	0.28499999999996817	WheelMovementIntervals													0.0909231834850388
743.7994653199994	0.5919999999999845	WheelMovementIntervals													0.06956534158780414
743.8940698207439	2.81810868215382	trials	-1.0	1.0	1.5		1.0	0.2	745.1663759107452	745.166272837326	746.2121046607463	744.960663150745	744.961496400745	745.0034653199993	
745.0034653199993	0.52800000000002	WheelMovementIntervals													1.1640621579504327
745.7994653199994	0.12199999999995725	WheelMovementIntervals													0.00979927921446233
746.5154653199994	0.24699999999995725	WheelMovementIntervals													-0.04374176020009202
747.1498775407472	3.778982824263835	trials	-1.0	1.0	1.5		0.0625	0.2	749.3673557707493	749.3672662890258	750.4288162807504	749.0771514607491	749.0780847007491	749.1404653199994	
747.3144653199994	0.07600000000002183	WheelMovementIntervals													0.011977109487702364
749.1404653199994	0.63900000000001	WheelMovementIntervals													0.4598439390845783
750.0094653199994	0.2299999999999045	WheelMovementIntervals													0.03298196279668986
750.9524653199994	0.06499999999994088	WheelMovementIntervals													0.004605773454386508
751.3632561607513	3.2486294093118886	trials	-1.0	1.0	1.5		0.0	0.2	753.064885980753	753.0647705167556	754.1118479407542	752.6769914407527	752.6776580407527	752.7584653199993	
751.5814653199994	0.42399999999997817	WheelMovementIntervals													0.033411599898443
752.7584653199993	4.326999999999998	WheelMovementIntervals													0.7669773532145996
755.051687280755	5.7769813499487555	trials	-1.0	-1.0	0.0	0.0		0.2	758.2792311607583	758.278575746113	760.3286262007604	757.5770347207576	757.5779013007576	757.6934653199994	
757.6934653199994	0.9959999999999809	WheelMovementIntervals													0.3545493518257885
759.8114653199993	0.24700000000007094	WheelMovementIntervals													-0.06614596341191259
760.4204653199994	0.13999999999998636	WheelMovementIntervals													0.019666156828591852
760.8124653199994	3.6499999999999773	WheelMovementIntervals													-0.2948211821133313
761.2734650407613	6.620026928649281	trials	-1.0	1.0	1.5		0.0	0.2	766.3459910707663	766.3458841416741	767.3934196507674	766.0101579907661	766.011057900766	766.1454653199994	
766.1454653199994	0.7139999999999418	WheelMovementIntervals													0.9443175587650359
767.0594653199994	0.14699999999993452	WheelMovementIntervals													0.010436911112705616
768.3399916507683	2.205202868251149	trials	-1.0	1.0	1.5		0.25	0.2	768.988393470769	768.9882922000095	770.04515445077	768.7952127907688	768.7959793807688	768.7054653199993	
768.7054653199993	0.6259999999999764	WheelMovementIntervals													1.0659221725193504
769.8214653199993	0.44299999999998363	WheelMovementIntervals													0.10934100911644862
770.8424653199994	2.4489999999999554	WheelMovementIntervals													-0.6724674393297647
770.983993890771	5.292695149476458	trials	-1.0	1.0	1.5		0.0625	0.2	774.7304858707747	774.7303890416784	775.7766145807758	774.4434145807744	774.4442145007745	774.5534653199994	
774.5534653199994	0.3969999999999345	WheelMovementIntervals													0.7134501820009831
776.1134653199994	0.13199999999994816	WheelMovementIntervals													0.01135033145521902
776.5554653199994	3.70799999999997	WheelMovementIntervals													-0.8495575493468834
776.7243864607767	6.586910811915573	trials	-1.0	1.0	1.5		0.0625	0.2	781.7637158107817	781.7635932021865	782.8112443807828	781.5112410607816	781.5120743107815	781.6704653199994	
780.5824653199994	0.05599999999992633	WheelMovementIntervals													0.010758847196086663
781.6704653199994	0.24900000000002365	WheelMovementIntervals													0.5978170813184818
782.3384653199994	0.20600000000001728	WheelMovementIntervals													0.0786096520581765
783.960196140784	4.051116429336503	trials	-1.0	1.0	1.5		1.0	0.2	786.4417146307865	786.4416055916358	787.5112743307875	786.1930395007862	786.1939394107862	786.1734653199993	
784.1704653199994	0.3450000000000273	WheelMovementIntervals													0.03817371461911989
786.1734653199993	0.9200000000000728	WheelMovementIntervals													1.0641581923502912
787.2894653199994	0.3949999999999818	WheelMovementIntervals													0.0438149296582111
788.4552132607885	2.489207547963133	trials	-1.0	1.0	1.5		0.125	0.2	789.3720215707893	789.3719153039403	790.4443809907905	789.1262128207891	789.1269127507892	789.1594653199993	
789.1594653199993	1.2600000000001046	WheelMovementIntervals													0.8658116298806959
791.3895198007914	3.5036064084448526	trials	-1.0	1.0	1.5		1.0	0.2	793.3434243907933	793.3433222591812	794.3930194207944	793.1261461207931	793.1268127207932	793.0994653199994	
791.4554653199993	0.125	WheelMovementIntervals													0.007229238017188777
791.9104653199994	0.3129999999999882	WheelMovementIntervals													0.041232515470028375
793.0994653199994	1.2029999999999745	WheelMovementIntervals													1.1098466293352374
794.7664653199994	3.7169999999999845	WheelMovementIntervals													2.120832791566471
795.3394247707954	8.904827858575004	trials	-1.0	1.0	1.5		0.25	0.2	802.7020217708027	802.701946977497	803.7441842108037	802.4942758808025	802.4949424808025	802.4634653199994	
798.7304653199993	0.1430000000000291	WheelMovementIntervals													0.07313547865713588
799.3754653199993	0.1230000000000473	WheelMovementIntervals													0.023527406403999862
799.8474653199994	2.0319999999999254	WheelMovementIntervals													-0.5263727625333274
802.4634653199994	2.117999999999938	WheelMovementIntervals													1.2591055283422747
804.7221530708048	2.788682092418867	trials	-1.0	1.0	1.5		1.0	0.2	805.955129760806	805.9550442695571	807.010757520807	805.7592160208058	805.7601825908058	805.7374653199994	
804.7994653199993	0.07500000000004547	WheelMovementIntervals													0.007111845003137773
805.7374653199994	0.49899999999990996	WheelMovementIntervals													1.3780072604574372
806.5064653199994	0.3089999999999691	WheelMovementIntervals													0.1164889522976722
807.9524300108079	10.87323070303023	trials	1.0	-1.0	0.0		0.0	0.2	816.2552996408162	816.2545526901944	818.3256259208183	814.7422842908147	814.7429842208147	814.8714653199993	
808.3514653199993	0.12800000000004275	WheelMovementIntervals													0.011650955603286661
808.7954653199994	0.18499999999994543	WheelMovementIntervals													0.017410419926576992
809.1664653199994	0.13400000000001455	WheelMovementIntervals													0.006520621753637101
809.5634653199993	0.11800000000005184	WheelMovementIntervals													0.010836377794873897
810.1724653199993	3.647000000000048	WheelMovementIntervals													-1.484037990256283
814.8714653199993	1.6460000000000719	WheelMovementIntervals													-0.3308725914104258
816.9474653199993	2.980000000000018	WheelMovementIntervals													0.8031738049495658
819.3077610308193	3.136309650161479	trials	-1.0	1.0	1.5		0.0625	0.2	820.8745710008209	820.8744648523607	821.944030710822	820.6272624008207	820.6282289708206	820.7394653199993	
820.7394653199993	0.31999999999993634	WheelMovementIntervals													0.7296976477833255
821.4054653199993	0.42200000000002547	WheelMovementIntervals													0.17804628682789314
822.3404653199993	0.1190000000000282	WheelMovementIntervals													0.008740969828565426
822.8867697608229	2.4573102028605263	trials	-1.0	1.0	1.5		0.25	0.2	823.7767474208238	823.776672731449	824.8439406908249	823.5588692108236	823.5598024508236	823.5364653199994	
823.5364653199994	2.259999999999991	WheelMovementIntervals													1.577867164363738
825.7895794508258	4.302394276235191	trials	-1.0	1.0	1.5		0.125	0.2	828.5214729008285	828.5213745466395	829.5919658408296	828.2420341808282	828.2427007808283	828.2924653199993	
826.8964653199994	0.07499999999993179	WheelMovementIntervals													0.0036313151299509627
828.2924653199993	0.6029999999999518	WheelMovementIntervals													0.6587610952275469
829.2174653199993	0.4840000000000373	WheelMovementIntervals													0.0741232443787112
830.5410709208305	3.569399391965135	trials	-1.0	1.0	1.5		0.0	0.2	832.5359714108325	832.5358700221622	833.6104306208337	832.2604323008322	832.2612655508323	832.3404653199993	
830.9864653199993	0.34400000000005093	WheelMovementIntervals													0.031958843983645124
832.3404653199993	0.375	WheelMovementIntervals													0.515598414608192
832.9784653199994	0.6589999999999918	WheelMovementIntervals													0.10505833663900432
834.5587691108345	3.6182256462894884	trials	-1.0	1.0	1.5		0.0625	0.2	836.6030646608366	836.6029824704383	837.6768906008377	836.3585891108364	836.3595223508364	836.3874653199994	
834.9784653199994	0.6249999999998863	WheelMovementIntervals													0.051982885126037104
836.3874653199994	0.38599999999996726	WheelMovementIntervals													0.5579632176222162
837.4914653199993	0.20199999999999818	WheelMovementIntervals													0.05330317515442573
838.6258956908387	2.317893847589744	trials	-1.0	1.0	1.5		0.0625	0.2	839.3755873808394	839.3754930543826	840.4437138908404	839.1418107608391	839.1424773608392	839.1434653199993	
839.1434653199993	0.39199999999993906	WheelMovementIntervals													0.6808291928053052
840.5864653199993	0.34199999999998454	WheelMovementIntervals													-0.07679231969382272
841.3894859708414	4.169005968592501	trials	-1.0	1.0	1.5		0.0625	0.2	843.990492510844	843.9903884467127	845.058419040845	843.7750807208438	843.7756806608438	843.8774653199993	
841.5054653199993	0.8479999999999563	WheelMovementIntervals													-0.3478553909591682
842.6644653199993	0.38900000000001	WheelMovementIntervals													0.41896156926607375
843.8774653199993	0.3330000000000837	WheelMovementIntervals													0.9632473440107816
844.7634653199993	0.11899999999991451	WheelMovementIntervals													0.08558161565490252
846.011690370846	4.080013100099791	trials	-1.0	1.0	1.5		0.0625	0.2	848.5236058208485	848.5234978201164	849.5916656708496	848.043187200848	848.0439204608481	848.0204653199993	
846.1054653199993	0.3590000000000373	WheelMovementIntervals													0.03885926543303242
847.1614653199993	0.4660000000000082	WheelMovementIntervals													0.05401284983200583
848.0204653199993	1.8870000000000573	WheelMovementIntervals													0.9179898381256777
850.5435038108506	4.24819850565973	trials	-1.0	1.0	1.5		0.25	0.2	853.2335014508533	853.2334015982848	854.2916289608543	853.0098238208531	853.010523750853	853.1004653199993	
850.5964653199993	0.09199999999998454	WheelMovementIntervals													0.026559745064560047
853.1004653199993	0.6569999999999254	WheelMovementIntervals													1.1707665018804079
853.9604653199993	0.17699999999990723	WheelMovementIntervals													0.015302707374843294
854.4754653199993	0.39400000000000546	WheelMovementIntervals													-0.11684429208470704
855.2483999408553	5.628004559484339	trials	-1.0	-1.0	0.0	0.125		0.2	858.3017279108583	858.3011018715653	860.3763870908604	858.0764504408581	858.0774170108581	858.1504653199993	
856.1984653199993	0.057999999999992724	WheelMovementIntervals													0.0032278638225733403
856.5844653199993	0.08699999999998909	WheelMovementIntervals													0.009541527285804818
858.1504653199993	0.6240000000000236	WheelMovementIntervals													0.35918641519724304
861.5413039208615	2.350018293863286	trials	1.0	1.0	1.5	1.0		0.2	862.3305249908624	862.3304093921281	863.3912189108634	862.0746839108621	862.0753505108621	862.2264653199993	
862.2264653199993	0.9610000000000127	WheelMovementIntervals													-0.43605043244977537
863.4684653199993	0.32000000000005	WheelMovementIntervals													-0.09926615891711776
864.3465233708644	4.394584840802281	trials	1.0	1.0	1.5	0.25		0.2	867.1682078408671	867.1681123536227	868.2410672108682	866.9427303908669	866.943530310867	867.0794653199993	
864.6074653199993	0.1610000000000582	WheelMovementIntervals													0.014715573352305
865.0744653199993	1.1890000000000782	WheelMovementIntervals													0.12962052321255157
867.0794653199993	0.5880000000000791	WheelMovementIntervals													-0.559705970055532
867.8064653199992	0.10099999999999909	WheelMovementIntervals													0.0018378356338075719
869.2023044108693	2.2905233714536735	trials	-1.0	1.0	1.5		1.0	0.2	869.92483215087	869.9247111511987	870.992758680871	869.7260853608698			
869.7854653199993	1.4360000000000355	WheelMovementIntervals													1.142358933559393
871.4534653199993	0.06200000000001182	WheelMovementIntervals													0.005162977514459044
871.8214653199993	0.47299999999995634	WheelMovementIntervals													0.05463233919786603
871.9460300108719	2.780010067930789	trials	-1.0	1.0	1.5		0.125	0.2	873.1613418008732	873.1612335375419	874.2260019908742	872.924632140873			
872.9794653199992	1.1340000000000146	WheelMovementIntervals													0.8956644868283377
874.6674653199993	0.23599999999999	WheelMovementIntervals													0.058602979036351144
875.1850394108752	2.4409812908928643	trials	-1.0	1.0	1.5		0.0625	0.2	876.0611184608761	876.0610323378843	877.1259786308772	875.7412837808757	875.7420837008757	875.8924653199992	
875.8924653199992	0.4329999999999927	WheelMovementIntervals													0.8178237366364556
876.7954653199993	0.6470000000000482	WheelMovementIntervals													-0.07965140384740721
878.0856159908781	3.740513698253608	trials	1.0	1.0	1.5	0.25		0.2	880.2584320208803	880.2583227859005	881.3260585808813	880.0408537808801	880.04158704088	880.1824653199993	
878.2784653199993	0.6159999999999854	WheelMovementIntervals													0.09242671039864092
879.2474653199993	0.09000000000003183	WheelMovementIntervals													0.009472803770705696
880.1824653199993	0.7179999999999609	WheelMovementIntervals													-0.4299471942406825
882.2871291308822	2.987121216242599	trials	1.0	1.0	1.5	0.25		0.2	883.7057539208837	883.705638256195	884.7741804008848	882.8909020808829	882.8915353508829	883.0374653199992	
883.0374653199992	1.3029999999999973	WheelMovementIntervals													-0.2987966269905087
885.7318512908857	3.00908988665185	trials	-1.0	1.0	1.5		0.125	0.2	887.1726405308872	887.1725454912482	888.2409003608883	886.9092668708869	886.9101001208869	887.0014653199993	
887.0014653199993	0.31999999999993634	WheelMovementIntervals													0.4997214390308926
888.2914653199992	0.7350000000000136	WheelMovementIntervals													-0.11494663539406247
889.2046373108892	4.521102442445908	trials	-1.0	1.0	1.5		0.25	0.2	892.1523425108921	892.1522382513135	893.2256685008932	891.925698510892	891.9263317808919	891.9624653199993	
891.9624653199993	0.40399999999999636	WheelMovementIntervals													0.780850242724739
892.9294653199993	0.12199999999995725	WheelMovementIntervals													0.014629951880991143
893.3534653199993	0.6050000000000182	WheelMovementIntervals													-0.21903056195456827
894.1882389008942	4.070913648074793	trials	-1.0	1.0	1.5		0.125	0.2	896.6871556508967	896.6870460507124	897.7591151108978	896.4741436208965	896.4748768808964	896.5844653199993	
894.7304653199992	0.8240000000000691	WheelMovementIntervals													0.08636131264084668
896.5844653199993	0.4759999999999991	WheelMovementIntervals													1.150401727351806
897.3854653199993	0.3990000000000009	WheelMovementIntervals													0.11395731084418514
898.3724653199993	0.48299999999994725	WheelMovementIntervals													-0.19997001087531885
898.7246518808987	2.4345108220026077	trials	-1.0	1.0	1.5		0.125	0.2	899.5950648308996	899.5949550346397	900.6590917509006	899.3738202908994	899.3744868908993	899.2894653199993	
899.2894653199993	0.5620000000000118	WheelMovementIntervals													0.9871087702340446
900.1994653199993	0.2039999999999509	WheelMovementIntervals													0.03639448276140911
901.6194623709016	6.222599138099895	trials	-1.0	1.0	1.5		0.125	0.2	906.2792630109063	906.2791602278116	907.3420567209074	906.0737502309061	906.0743501709061	906.1844653199993	
903.1964653199992	1.2839999999999918	WheelMovementIntervals													0.8233165596356713
904.9794653199992	0.3290000000000646	WheelMovementIntervals													0.0221884168638411
906.1844653199993	0.24099999999998545	WheelMovementIntervals													0.5714084086847464
907.2424653199993	0.2340000000000373	WheelMovementIntervals													0.023037924645990415
908.3162592909083	2.7742092186514355	trials	-1.0	1.0	1.5		0.25	0.2	909.5332709109096	909.5331628960101	910.5904651809107	909.3070935309094			
908.3204653199992	0.057999999999992724	WheelMovementIntervals													0.0027428980482397947
909.4164653199992	0.30700000000001637	WheelMovementIntervals													0.7570065427344019
910.0554653199993	0.3210000000000264	WheelMovementIntervals													0.0669659258230837
910.9854653199992	0.43200000000001637	WheelMovementIntervals													-0.18359486327827312
911.5533688809115	2.3053213510773958	trials	-1.0	1.0	1.5		0.25	0.2	912.2913617409123	912.2912750749633	913.3585883409133	912.0752833509121			
912.0734653199993	1.1859999999999218	WheelMovementIntervals													1.1072976380931863
914.3207921109143	3.637792478353049	trials	-1.0	1.0	1.5		1.0	0.2	916.3957845909164	916.3956866800345	917.4585449709175	916.1737068009162	916.1744400609161	916.1874653199992	
914.3314653199992	0.46900000000005093	WheelMovementIntervals													0.09677688850965183
915.1204653199992	0.18600000000003547	WheelMovementIntervals													0.014155558052067363
916.1874653199992	0.4270000000000209	WheelMovementIntervals													0.832606366037794
917.1164653199993	0.11199999999996635	WheelMovementIntervals													0.016095853098875068
917.5894653199992	0.29200000000003	WheelMovementIntervals													-0.10569402687109175
918.4278813609185	3.0307156452570325	trials	-1.0	1.0	1.5		0.125	0.2	919.8970011009199	919.8968884595675	920.958494940921	919.6734901209197	919.6743900309197	919.7194653199992	
918.7164653199992	0.051000000000044565	WheelMovementIntervals													0.013558684752979389
919.7194653199992	0.3020000000000209	WheelMovementIntervals													0.5132294029616418
920.5334653199992	0.2699999999999818	WheelMovementIntervals													0.022635475236327807
921.9251982609219	2.333389731517059	trials	-1.0	1.0	1.5		0.0625	0.2	922.6848889509226	922.6847945926542	923.7585815709238	922.4402467509225	922.4409800109224	922.5514653199992	
922.5514653199992	0.49500000000000455	WheelMovementIntervals													0.6570558566931908
923.2644653199992	1.4470000000000027	WheelMovementIntervals													-0.15964064503639008
924.7268847309248	2.248298048637025	trials	-1.0	1.0	1.5		1.0	0.2	925.4038836909255	925.4037835412814	926.4750765609265	925.2235683909253	925.2242683209253	925.3074653199992	
925.3074653199992	1.5750000000000455	WheelMovementIntervals													1.4274470112902975
927.4409799609275	3.833934360524495	trials	1.0	1.0	1.5	0.125		0.2	929.7173856309297	929.7172991743195	930.7748465409308	929.4733767009295	929.4741766209295	929.6374653199993	
929.6374653199993	1.8110000000000355	WheelMovementIntervals													-0.5627883216796619
931.7440162809318	4.04768524502515	trials	-1.0	1.0	1.5		1.0	0.2	934.2309009009342	934.2308059871227	935.2916614809353	934.006523340934	934.007423250934	934.0514653199992	
931.8324653199992	1.3570000000000846	WheelMovementIntervals													-0.14408635011776028
933.3234653199993	0.1349999999999909	WheelMovementIntervals													0.007611039792351448
934.0514653199992	0.35199999999997544	WheelMovementIntervals													0.6666917700512016
934.8474653199993	1.1549999999999727	WheelMovementIntervals													-0.3377899474720465
936.2639975709362	2.277523059721034	trials	-1.0	1.0	1.5		0.0	0.2	936.974093220937	936.9740041362003	938.0414531409381	936.7398833109368	936.7406832309367	936.6364653199993	
936.6364653199993	2.074999999999932	WheelMovementIntervals													1.5338537692588545
939.009822960939	3.9466928816063955	trials	-1.0	1.0	1.5		0.0625	0.2	941.4045168009415	941.4044180352288	942.4564449309424	941.1062799609412	941.1069132309411	941.3094653199993	
939.6114653199992	0.1410000000000764	WheelMovementIntervals													0.00716803569413571
939.9734653199993	0.6159999999999854	WheelMovementIntervals													-0.054756249505715004
941.3094653199993	1.585999999999899	WheelMovementIntervals													1.9497212538062882
943.4337138609435	2.5893967729881524	trials	-1.0	1.0	1.5		1.0	0.2	944.4583113909445	944.45821179287	945.5231049009456	944.2745631009443	944.2751963709443	944.2694653199992	
944.2694653199992	4.701000000000022	WheelMovementIntervals													4.005816288465624
946.4952076809465	6.2610251624485045	trials	-1.0	1.0	1.5		0.125	0.2	951.1893382209512	951.1892250463032	952.2561981909523	950.991191370951	950.992057950951	950.9374653199992	
949.6804653199993	0.44899999999995543	WheelMovementIntervals													0.0605452618519422
950.9374653199992	0.4780000000000655	WheelMovementIntervals													0.679436661487216
951.7254653199992	0.2820000000000391	WheelMovementIntervals													0.07326224092911104
952.3724653199993	0.07899999999995089	WheelMovementIntervals													0.013225706048473285
953.2094653199993	0.6469999999999345	WheelMovementIntervals													0.0679884004426583
953.2448326509533	2.9295947631485433	trials	-1.0	1.0	1.5		0.25	0.2	954.6149289609547	954.6148297343492	955.6743230109557	954.3577546809544	954.3586545909544	954.3154653199992	
954.3154653199992	2.45799999999997	WheelMovementIntervals													1.4295760145631249
956.6503254009566	3.422311642273371	trials	1.0	1.0	1.5	0.25		0.2	958.5048399309585	958.5047306256947	959.5725998109596	958.1559414909582	958.1569080609581	958.3004653199993	
957.1494653199992	0.3390000000000555	WheelMovementIntervals													0.05749026988998196
958.3004653199993	1.3649999999998954	WheelMovementIntervals													-0.28696901662161167
960.5403363609605	2.850503392252449	trials	-1.0	1.0	1.5		1.0	0.2	961.8298407309618	961.8297369907339	962.8908012909629	961.6074963009617	961.6081629009616	961.6614653199993	
960.6414653199992	0.18400000000008276	WheelMovementIntervals													0.023007375087757964
961.6614653199993	1.0709999999999127	WheelMovementIntervals													1.1111104173543254
963.1184653199992	0.30499999999995	WheelMovementIntervals													-0.04927706347292826
963.8571379809639	3.4488089852306985	trials	-1.0	1.0	1.5		0.125	0.2	965.7366500109657	965.7365417875154	966.8058764109668	965.4892747509655	965.4900746709656	965.5644653199992	
964.1794653199992	0.34000000000003183	WheelMovementIntervals													0.027752873218020113
965.5644653199992	0.4250000000000682	WheelMovementIntervals													0.7009940596461064
967.7773459209678	2.811905587186857	trials	-1.0	1.0	1.5		0.25	0.2	969.0191550609691	969.0190479466117	970.08921471097	968.7573812409688	968.7583144809688	968.7374653199992	
968.7374653199992	0.44400000000007367	WheelMovementIntervals													0.5142101375307249
969.6414653199992	0.057999999999992724	WheelMovementIntervals													0.03515749308982663
970.3654653199992	0.28300000000001546	WheelMovementIntervals													-0.043174892189227876
971.056851270971	6.2672253298494525	trials	-1.0	1.0	1.5		0.125	0.2	975.7608474909757	975.7607687813813	976.8240411609769	975.5405695209755	975.5415360909756	975.5664653199992	
971.2454653199992	0.21000000000003638	WheelMovementIntervals													0.01860668339728022
971.7074653199992	0.2680000000000291	WheelMovementIntervals													0.018581253011419108
972.1964653199992	0.10099999999999909	WheelMovementIntervals													0.007893456787357422
973.4364653199992	1.4289999999999736	WheelMovementIntervals													-0.37183635021769135
975.5664653199992	0.9539999999999509	WheelMovementIntervals													0.9977071553728933
977.6954653199992	0.19700000000000273	WheelMovementIntervals													0.015298909102810399
977.8049763909778	3.6022952999375093	trials	-1.0	1.0	1.5		0.125	0.2	979.8445724109798	979.8444725976319	980.9071994709809	979.6055296509796	979.6064628909796	979.7254653199992	
979.7254653199992	1.0349999999999682	WheelMovementIntervals													0.8224467215719926
981.8803688109818	3.0934096204874777	trials	-1.0	1.0	1.5		0.125	0.2	983.4097825209834	983.409673072735	984.4737094509845	983.1887046309832	983.1893712309832	983.2044653199991	
982.2704653199992	0.2540000000000191	WheelMovementIntervals													0.024159939030440114
983.2044653199991	1.1070000000000846	WheelMovementIntervals													0.8879247719922461
985.1814653199992	0.1269999999999527	WheelMovementIntervals													0.01859848526787289
985.4472787509854	2.559898440375605	trials	-1.0	1.0	1.5		0.0	0.2	986.4504784209864	986.4503773561433	987.5070727509875	986.055617910986	986.056317840986	986.0834653199992	
986.0834653199992	0.7960000000000491	WheelMovementIntervals													0.8048130232644866
987.1834653199992	0.16399999999998727	WheelMovementIntervals													0.0812255750274744
987.8984653199992	1.4320000000000164	WheelMovementIntervals													-0.6454436688288041
988.4892745209885	3.1678040435780304	trials	-1.0	1.0	1.5		0.0	0.2	990.0970803909901	990.0969755581305	991.1570077209911	989.8054762209898	989.8062094809898	989.7284653199991	
989.7284653199991	1.3410000000000082	WheelMovementIntervals													1.0387225954733594
992.1320768709921	2.3917128172057573	trials	-1.0	1.0	1.5		0.0	0.2	992.950894980993	992.950780573814	994.0237543509941	992.6053962009926	992.6061627909926	992.6354653199992	
992.6354653199992	1.143000000000029	WheelMovementIntervals													1.1189463058077251
995.001989850995	2.8049054975577974	trials	-1.0	1.0	1.5		0.0	0.2	996.2380995609963	996.2379918328764	997.3068260109973	995.9719595109959	995.972759430996	996.0004653199992	
995.3004653199991	0.16700000000003	WheelMovementIntervals													-0.03167019125159243
996.0004653199992	1.002999999999929	WheelMovementIntervals													0.7917582029355401
998.2823951109983	5.839502424488842	trials	-1.0	1.0	1.5		0.0	0.2	1002.5544012010025	1002.554295421534	1003.6218611110037	1002.1719061210022	1002.1726393810022	1002.2004653199991	
998.8194653199992	1.4740000000000464	WheelMovementIntervals													-0.3165192141689772
1000.5144653199992	0.17700000000002092	WheelMovementIntervals													0.014966371038894977
1001.1114653199992	0.16300000000001091	WheelMovementIntervals													0.014800876086624726
1002.2004653199991	0.6240000000000236	WheelMovementIntervals													0.8043285017540001
1003.3934653199992	0.057999999999992724	WheelMovementIntervals													0.04462623541284927
1004.4054653199992	0.17999999999994998	WheelMovementIntervals													0.009892188067865959
1004.6104955710047	4.044615110037853	trials	1.0	1.0	1.5	1.0		0.2	1007.0869145710071	1007.0868035976008	1008.1550744110082	1006.8399059410068	1006.8408725110069	1007.0044653199992	
1005.5534653199992	0.06100000000003547	WheelMovementIntervals													0.006272308488732392
1007.0044653199992	0.9689999999999372	WheelMovementIntervals													-0.48133732557624853
1009.1302102210092	2.4598070290574015	trials	-1.0	1.0	1.5		0.25	0.8	1010.02498740101	1010.0249120502205	1011.0899475610111	1009.8066759010098	1009.8074758210098	1009.7654653199992	
1009.7654653199992	0.5339999999999918	WheelMovementIntervals													0.8825482986821669
1010.7044653199991	0.20100000000002183	WheelMovementIntervals													0.13078205151410316
1011.5744653199991	2.2100000000000364	WheelMovementIntervals													-0.33223716834002914
1012.069816231012	5.669886935849377	trials	-1.0	-1.0	0.0	0.0625		0.8	1015.1826715810151	1015.1821085109732	1017.2396658610172	1014.9048660310149	1014.9056992810149	1014.8614653199992	
1014.2314653199992	0.1169999999999618	WheelMovementIntervals													0.00576319767037603
1014.8614653199992	1.02699999999993	WheelMovementIntervals													1.1428232965246252
1017.2694653199992	0.3509999999999991	WheelMovementIntervals													-0.023923911541430698
1018.2218009710182	4.566327504465221	trials	-1.0	1.0	1.5		1.0	0.8	1021.2321332410212	1021.2320177840852	1022.2880943010223	1021.021254331021	1021.021887601021	1021.1224653199992	
1018.6024653199992	1.66599999999994	WheelMovementIntervals													0.21378153563705382
1021.1224653199992	0.8050000000000637	WheelMovementIntervals													1.1104557259089916
1023.2725291810233	2.348888147822322	trials	1.0	1.0	1.5	0.25		0.8	1024.060517041024	1024.0604245345414	1025.1213109510252	1023.8397391210239	1023.8405057110239	1023.9714653199992	
1023.9714653199992	0.8440000000000509	WheelMovementIntervals													-0.3364149474496969
1025.814465319999	1.0760000000000218	WheelMovementIntervals													-0.6671568026811912
1026.1060124710261	5.166702050779122	trials	1.0	1.0	1.5	0.25		0.8	1029.7182178810297	1029.718113205638	1030.7726790910308	1029.5061390910296	1029.5070390010296	1029.6454653199992	
1027.2114653199992	1.5799999999999272	WheelMovementIntervals													0.21215273011910085
1029.6454653199992	1.1489999999998872	WheelMovementIntervals													-0.48902200340809543
1031.7606136210318	4.86243057511183	trials	1.0	1.0	1.5	0.0625		0.8	1035.053950921035	1035.0538329743385	1036.1229440110362	1034.037952531034	1034.038619131034	1034.2014653199992	
1032.4494653199993	0.4859999999998763	WheelMovementIntervals													0.0390343961412043
1034.2014653199992	1.6989999999998417	WheelMovementIntervals													-0.27357006804243156
1037.112245071037	2.3921849057048803	trials	1.0	1.0	1.5	0.0625		0.8	1037.9487280810379	1037.9486390942557	1039.004322511039	1037.7042858610378	1037.7052191010378	1037.8684653199991	
1037.8684653199991	1.0229999999999109	WheelMovementIntervals													-0.4470922261774035
1039.98382455104	3.787007470551316	trials	1.0	1.0	1.5	0.0625		0.8	1042.2166345810422	1042.216527776309	1043.2707624910433	1041.989323981042	1041.990123901042	1042.110465319999	
1040.1044653199992	0.4839999999999236	WheelMovementIntervals													0.04087887776177013
1040.8344653199993	0.09399999999982356	WheelMovementIntervals													0.014653343518958195
1042.110465319999	0.3730000000000473	WheelMovementIntervals													-0.31960865009723705
1042.775465319999	0.4980000000000473	WheelMovementIntervals													0.07493830947369418
1043.997465319999	0.08100000000013097	WheelMovementIntervals													0.00769893859009585
1044.2550307210442	3.2675226834489877	trials	1.0	-1.0	0.0		0.0	0.8	1044.954727411045	1044.9540353596751	1047.022453951047	1044.7392156310448	1044.7400488810447	1044.8744653199992	
1044.8744653199992	0.5679999999999836	WheelMovementIntervals													-0.47772112450954296
1046.9164653199991	0.49900000000002365	WheelMovementIntervals													-0.029805017478736318
1047.879465319999	1.1829999999999927	WheelMovementIntervals													0.1625021263803319
1048.005755611048	4.615091719953853	trials	-1.0	-1.0	0.0	0.0		0.8	1050.05628387105	1050.0553510456057	1052.120744071052	1049.5541340910495	1049.5549673410496	1049.716465319999	
1049.716465319999	0.6220000000000709	WheelMovementIntervals													0.49788026624516135
1052.4714653199992	3.2110000000000127	WheelMovementIntervals													-1.4928961798070048
1053.1191442210531	5.719811494800069	trials	1.0	1.0	1.5	0.0625		0.8	1057.2780616210573	1057.2779518516988	1058.3389221910584	1056.2555638810563	1056.2565304510563	1056.371465319999	
1056.371465319999	1.9039999999999964	WheelMovementIntervals													-0.3255516688363258
1059.3377556310593	2.267821492726398	trials	1.0	1.0	1.5	0.0625		0.8	1060.04225184106	1060.04216199629	1061.105512171061	1059.8205740110598	1059.8214405910599	1059.946465319999	
1059.946465319999	1.122000000000071	WheelMovementIntervals													-0.35595066665224806
1062.0888804910621	2.383284799889907	trials	1.0	1.0	1.5	0.125		0.8	1062.909065131063	1062.9089745724625	1063.972092151064	1062.6705889810628	1062.6713889010628	1062.792465319999	
1062.792465319999	1.1159999999999854	WheelMovementIntervals													-0.2773240641429311
1064.4844653199991	0.6459999999999582	WheelMovementIntervals													-0.3816210868717178
1064.962659751065	3.1261064011368944	trials	-1.0	1.0	1.5		0.125	0.8	1066.5312695410666	1066.5311619593049	1067.5886637910676	1066.2369989710662	1066.2379322110662		
1065.324465319999	2.191000000000031	WheelMovementIntervals													0.7668246561986933
1068.5780648410687	5.775605522319211	trials	-1.0	1.0	1.5		0.0	0.8	1072.800475891073	1072.8003681471469	1073.8536705610738	1072.4536105810726	1072.4544771610724	1072.640465319999	
1068.581465319999	3.3730000000000473	WheelMovementIntervals													-1.681985824610365
1072.640465319999	1.7290000000000418	WheelMovementIntervals													1.1648423591988717
1074.6094653199991	0.10200000000008913	WheelMovementIntervals													0.009945502136460505
1074.8615697610749	5.376714255406341	trials	1.0	1.0	1.5	0.25		0.8	1078.6734885310786	1078.6733784495157	1079.7382820410799	1078.4382787210784	1078.4390786410784	1078.542465319999	
1075.053465319999	0.06700000000000728	WheelMovementIntervals													0.00415828642849192
1076.8954653199992	0.22199999999998	WheelMovementIntervals													0.02221092758848897
1077.284465319999	0.1790000000000873	WheelMovementIntervals													0.011269659247190589
1078.542465319999	0.9629999999999654	WheelMovementIntervals													-0.3201002205955632
1080.7034653199992	0.7490000000000236	WheelMovementIntervals													-0.11184655935886667
1080.7272831310806	5.87762828050586	trials	-1.0	1.0	1.5		0.25	0.8	1085.0461845310851	1085.0461024417193	1086.104811991086	1084.8533371510848	1084.854203731085	1084.7034653199992	
1082.0224653199991	2.1720000000000255	WheelMovementIntervals													-0.8932789408939499
1084.7034653199992	1.0950000000000273	WheelMovementIntervals													1.2107650359787812
1087.1080116610872	3.3301874836433853	trials	-1.0	1.0	1.5		1.0	0.8	1088.8675023610888	1088.8674045201735	1089.93819528109	1088.6699221210886	1088.6708553610886	1088.633465319999	
1087.582465319999	0.49299999999993815	WheelMovementIntervals													-0.21217892107986813
1088.633465319999	0.5389999999999873	WheelMovementIntervals													1.2545358250183227
1090.736465319999	0.6730000000000018	WheelMovementIntervals													0.10195439764738978
1090.929396151091	6.741917280812004	trials	1.0	-1.0	0.0		0.0	0.8	1095.1070116810952	1095.1064056184418	1097.171238571097	1094.5199370610944	1094.5206703210945	1094.4734653199991	
1091.593465319999	0.15000000000009095	WheelMovementIntervals													0.010723014275569653
1091.8874653199991	0.7619999999999436	WheelMovementIntervals													0.06992389767262353
1093.110465319999	0.6720000000000255	WheelMovementIntervals													-0.7891995695804894
1094.4734653199991	2.8309999999999036	WheelMovementIntervals													-0.4318332360933965
1098.4254131410985	2.5109020167446943	trials	-1.0	1.0	1.5		0.0625	0.8	1099.3727184010993	1099.3726131474152	1100.4362453711005	1099.069815361099	1099.070581951099	1099.171465319999	
1099.171465319999	1.0050000000001091	WheelMovementIntervals													1.078507116926545
1100.6654653199992	0.22299999999995634	WheelMovementIntervals													0.025080160631517856
1101.4249131611014	2.346315613386878	trials	-1.0	1.0	1.5		1.0	0.8	1102.2159340511023	1102.2158177499512	1103.2711618511032	1102.004655181102	1102.005521761102	1102.111465319999	
1102.111465319999	1.178000000000111	WheelMovementIntervals													1.5492392491555336
1104.2601296111043	3.777606573644107	trials	-1.0	-1.0	0.0	0.0625		0.8	1105.4744415011055	1105.4737314017048	1107.5376351611076	1104.903031981105	1104.903798571105	1104.951465319999	
1104.951465319999	1.0340000000001055	WheelMovementIntervals													0.47937239152625466
1108.5300359111086	2.3729855196713743	trials	-1.0	1.0	1.5		0.0625	0.8	1109.3466209111093	1109.3465302405746	1110.4029486011104	1109.102745301109	1109.1037118711092	1109.1464653199992	
1109.1464653199992	0.6440000000000055	WheelMovementIntervals													1.551160226134698
1111.3954160111114	2.2907197923418607	trials	1.0	1.0	1.5	1.0		0.8	1112.129742571112	1112.1296217137901	1113.1860369311132	1111.887633451112	1111.8883333811118	1112.018465319999	
1112.018465319999	0.9070000000001528	WheelMovementIntervals													-0.31915604822876276
1114.1789376311142	5.240395280253551	trials	1.0	1.0	1.5	1.0		0.8	1117.8646356911179	1117.8645329050842	1118.919296881119	1117.6542900611178	1117.6551899711176	1117.784465319999	
1114.3004653199991	1.02800000000002	WheelMovementIntervals													0.11732052554151551
1115.5224653199991	0.22499999999990905	WheelMovementIntervals													0.03724614979476826
1117.784465319999	0.29700000000002547	WheelMovementIntervals													-0.3761120881062965
1118.5124653199991	0.2639999999998963	WheelMovementIntervals													0.06620861728195848
1119.91863027112	2.2173249626432607	trials	1.0	1.0	1.5	1.0		0.8	1120.5832304711205	1120.5831371527613	1121.6358585311216	1120.4042150411203	1120.4048149811204	1120.382465319999	
1120.382465319999	5.8940000000000055	WheelMovementIntervals													-1.0121543258264722
1122.6368584211227	7.06540979009219	trials	1.0	1.0	1.5	0.125		0.8	1128.1344419411282	1128.1343644824947	1129.2022351511291	1127.8875333011279	1127.8883332211278	1128.017465319999	
1126.653465319999	0.08100000000013097	WheelMovementIntervals													0.006129585980232832
1127.103465319999	0.14200000000005275	WheelMovementIntervals													0.012174380184205802
1128.017465319999	0.9120000000000346	WheelMovementIntervals													-0.2863725202269478
1130.2191667811303	2.5516978823291083	trials	-1.0	1.0	1.5		0.0625	0.8	1131.2155671311311	1131.2154651734052	1132.2707949311323	1130.920629961131	1130.921263231131	1131.054465319999	
1131.054465319999	1.1790000000000873	WheelMovementIntervals													0.7497628228156401
1133.2680618611332	2.5843946100187623	trials	1.0	1.0	1.5	0.125		0.8	1134.2992587311344	1134.2991589127491	1135.3524534011353	1134.068948431134	1134.069848341134	1134.210465319999	
1134.210465319999	1.1749999999999545	WheelMovementIntervals													-0.31115024528978097
1136.1474653199991	0.22100000000000364	WheelMovementIntervals													-0.08845813045621753
1136.3560530311363	2.712911123460799	trials	1.0	1.0	1.5	0.0625		0.8	1137.5187700811375	1137.5186573694941	1138.5688650611385	1137.037218241137	1137.038118151137	1137.2054653199991	
1137.2054653199991	0.7639999999998963	WheelMovementIntervals													-0.3413394439580628
1138.2524653199991	0.30399999999985994	WheelMovementIntervals													0.03364536672765439
1139.507465319999	0.16499999999996362	WheelMovementIntervals													0.01654537650709642
1139.5691650211395	2.366412685542855	trials	1.0	1.0	1.5	1.0		0.8	1140.3681851111403	1140.368068628591	1141.4354783711415	1140.1872032111403	1140.1880364611402	1140.2914653199991	
1140.2914653199991	0.8099999999999454	WheelMovementIntervals													-0.48459754842026825
1141.5804653199991	0.47100000000000364	WheelMovementIntervals													-0.16452914227242843
1142.4392779811424	3.381112045294003	trials	1.0	1.0	1.5	0.0625		0.8	1144.2550630511444	1144.2549833756086	1145.3203231811453	1143.7872431711437	1143.7879764311438	1143.930465319999	
1142.486465319999	0.48700000000008004	WheelMovementIntervals													0.056584211208559054
1143.930465319999	0.7799999999999727	WheelMovementIntervals													-0.40029696266101666
1146.239465319999	0.9809999999999945	WheelMovementIntervals													0.07304361050707087
1146.3234895211463	2.9299925729524148	trials	1.0	1.0	1.5	0.0625		0.8	1147.6944857411477	1147.694385578267	1148.7534465011488	1147.5020716511476	1147.5029049011475	1147.606465319999	
1147.606465319999	0.8460000000000036	WheelMovementIntervals													-0.3807393345270498
1149.7551796511498	5.3801105281231685	trials	1.0	1.0	1.5	1.0		0.8	1153.5717979511535	1153.571686410146	1154.6352582611546	1153.3353549311532	1153.3360881911533	1153.438465319999	
1150.651465319999	1.3209999999999127	WheelMovementIntervals													-0.3549527730215374
1152.404465319999	0.09699999999997999	WheelMovementIntervals													0.005738989033332587
1153.438465319999	0.8650000000000091	WheelMovementIntervals													-0.31800897499873315
1155.6501900911558	2.3684124361059276	trials	1.0	1.0	1.5	0.25		0.8	1156.4582759411564	1156.4581936515199	1157.5185365711575	1156.120409731156	1156.1214096311562	1156.2624653199991	
1156.2624653199991	0.8170000000000073	WheelMovementIntervals													-0.36199331082279684
1157.500465319999	0.3040000000000873	WheelMovementIntervals													-0.06852543262611732
1158.5233027511586	2.5967932500270763	trials	1.0	1.0	1.5	0.125		0.8	1159.5556995011596	1159.5555992728046	1160.6200597211607	1159.2534963911592			
1159.415465319999	0.7240000000001601	WheelMovementIntervals													-0.35708215106868124
1161.4254653199991	0.2980000000000018	WheelMovementIntervals													-0.38759192725662217
1161.6275922911616	2.490902266009016	trials	-1.0	1.0	1.5		1.0	0.8	1162.5660984311626	1162.5659923913754	1163.6184598511636	1162.3517198711625			
1162.459465319999	0.5989999999999327	WheelMovementIntervals													0.9292968145382048
1163.860465319999	0.07600000000002183	WheelMovementIntervals													-0.008826426849424251
1164.604465319999	0.8969999999999345	WheelMovementIntervals													0.18100862161944065
1164.6240926111645	3.212525219870031	trials	-1.0	1.0	1.5		0.25	0.8	1166.2780938611663	1166.2780050803412	1167.3365880011675	1166.020053001166	1166.0208529211661	1166.152465319999	
1166.152465319999	0.3849999999999909	WheelMovementIntervals													0.680006465910509
1166.891465319999	0.31999999999993634	WheelMovementIntervals													0.15971054279165742
1168.3433206511684	2.924992479755474	trials	1.0	1.0	1.5	1.0		0.8	1169.7018181211697	1169.7017166942808	1170.7682114711708	1169.4516098111694	1169.4524430611696	1169.381465319999	
1168.421465319999	0.21800000000007458	WheelMovementIntervals													0.01491763395426915
1169.381465319999	0.5429999999998927	WheelMovementIntervals													-0.3324780626588506
1170.948465319999	0.39799999999991087	WheelMovementIntervals													-0.10900345966700797
1171.519465319999	1.4170000000001437	WheelMovementIntervals													0.17709866057464296
1171.7763106511718	10.893424349757879	trials	1.0	1.0	1.5	0.0625		0.8	1181.1012114011812	1181.101130638669	1182.169637881182	1174.2361646411744	1174.2369978911743	1174.377465319999	
1174.377465319999	1.4800000000000182	WheelMovementIntervals													-0.23677854221386951
1177.304465319999	0.1510000000000673	WheelMovementIntervals													0.015629664362222684
1177.923465319999	0.5750000000000455	WheelMovementIntervals													-0.08739604627598396
1178.701465319999	0.31300000000010186	WheelMovementIntervals													0.05117881154205861
1179.494465319999	0.10299999999983811	WheelMovementIntervals													0.022327572235184334
1179.962465319999	0.48500000000012733	WheelMovementIntervals													-0.1046911093392282
1181.031465319999	0.8830000000000382	WheelMovementIntervals													-0.30209636803442663
1182.275465319999	0.1230000000000473	WheelMovementIntervals													0.0126781698453442
1182.711465319999	0.3320000000001073	WheelMovementIntervals													-0.1521914295402098
1183.1970351311832	2.3542913145865896	trials	1.0	1.0	1.5	0.125		0.8	1183.990122481184	1183.9900318688422	1185.0512496911851	1183.7680446911838	1183.7688112811838	1183.704465319999	
1183.704465319999	0.8090000000001965	WheelMovementIntervals													-0.43387851446391323
1186.3254222611863	2.2443225029576297	trials	1.0	1.0	1.5	0.25		0.8	1187.009320531187	1187.009228508083	1188.069614491188	1186.8028078511868	1186.8034077911868	1186.941465319999	
1186.941465319999	0.5769999999999982	WheelMovementIntervals													-0.39391325326332094
1189.0740473711892	2.9439919335804916	trials	1.0	1.0	1.5	0.125		0.8	1190.4647416211906	1190.4646426163135	1191.5179362911915	1190.2677946511903	1190.2689945311902	1190.390465319999	
1189.126465319999	0.21299999999996544	WheelMovementIntervals													0.01817709629864339
1190.390465319999	0.7269999999998618	WheelMovementIntervals													-0.3902028322884519
1192.2344653199991	0.3029999999998836	WheelMovementIntervals													0.011930622086111953
1192.5250355711926	2.3428143578016716	trials	1.0	1.0	1.5	0.0625		0.8	1193.3147232611934	1193.3146397361713	1194.3678179411943	1193.069347801193	1193.070281041193	1193.229465319999	
1193.229465319999	0.2799999999999727	WheelMovementIntervals													-0.32416745785982926
1193.844465319999	0.05600000000004002	WheelMovementIntervals													0.027173861873450278
1194.143465319999	0.05400000000008731	WheelMovementIntervals													0.002045957211834093
1195.3744506011953	2.495000452252725	trials	1.0	1.0	1.5	0.25		0.8	1196.3034576911964	1196.3033503972667	1197.3693844211973	1196.086012771196	1196.086879351196	1196.223465319999	
1196.223465319999	0.6070000000001983	WheelMovementIntervals													-0.4331509755544971
1197.673465319999	0.3389999999999418	WheelMovementIntervals													-0.07488774270854037
1198.3807499411985	2.4053088023269993	trials	1.0	1.0	1.5	0.125		0.8	1199.2219324811992	1199.221852319876	1200.2859927312004	1199.000887921199	1199.001821161199	1199.137465319999	
1199.137465319999	0.859000000000151	WheelMovementIntervals													-0.3501449306300515
1201.2979581912014	2.269592561342506	trials	1.0	1.0	1.5	0.0625		0.8	1202.014353211202	1202.0142552123045	1203.067514551203	1201.7676112212018	1201.7684111412018	1201.9074653199991	
1201.9074653199991	0.3249999999998181	WheelMovementIntervals													-0.2867438620669702
1202.883465319999	0.06899999999995998	WheelMovementIntervals													0.03575830660815882
1204.080046621204	2.4540045625403764	trials	1.0	1.0	1.5	0.0625		0.8	1204.974057211205	1204.9739475546405	1206.034017871206	1204.7690110512049	1204.7697109812048	1204.887465319999	
1204.887465319999	0.9440000000001874	WheelMovementIntervals													-0.3526373915009344
1207.048749721207	2.420307520945016	trials	1.0	1.0	1.5	0.125		0.8	1207.914963091208	1207.9148516968655	1208.968991011209	1207.7192160012078	1207.7199825912078	1207.820465319999	
1207.820465319999	0.5980000000001837	WheelMovementIntervals													-0.3527161795832967
1208.834465319999	0.1150000000000091	WheelMovementIntervals													0.010338494278698818
1209.98155641121	3.4541030851837604	trials	1.0	-1.0	0.0		0.0	0.8	1210.883566201211	1210.8827569552495	1212.935627641213	1210.6840194912106	1210.6849194012107	1210.795465319999	
1210.795465319999	0.4110000000000582	WheelMovementIntervals													-0.33115671934533
1212.591465319999	1.2749999999998636	WheelMovementIntervals													-0.30325065586600886
1213.957158811214	9.028211934288947	trials	1.0	1.0	1.5	0.0		0.8	1221.4261785012213	1221.4260670297067	1222.4853392412224	1215.5173361112156	1215.5181360312156	1215.481465319999	
1214.473465319999	0.33100000000013097	WheelMovementIntervals													0.05074541882638073
1215.481465319999	0.42800000000011096	WheelMovementIntervals													-0.20704421548728646
1216.211465319999	0.17699999999990723	WheelMovementIntervals													-0.04198293586702562
1220.176465319999	0.19200000000000728	WheelMovementIntervals													-0.02730028013721153
1221.100465319999	0.5309999999999491	WheelMovementIntervals													-0.17480687636219727
1223.5176693312235	2.349512969100033	trials	1.0	1.0	1.5	1.0		0.8	1224.3104900412243	1224.3103730320952	1225.3671510312254	1224.1171760412242	1224.1179759612241	1224.2154653199989	
1224.2154653199989	0.6940000000001874	WheelMovementIntervals													-0.320830295474849
1226.081465319999	0.10199999999986176	WheelMovementIntervals													0.018171200013654243
1226.3835827112264	3.733408228604503	trials	-1.0	-1.0	0.0	0.0625		0.8	1227.5565654012275	1227.5559849812253	1229.6169260112297	1226.985222541227	1226.985922471227	1227.120465319999	
1227.120465319999	0.7409999999999854	WheelMovementIntervals													0.3370474488585842
1230.609465319999	0.06300000000010186	WheelMovementIntervals													0.026509368001114808
1230.6341909412306	2.3346139614116055	trials	-1.0	1.0	1.5		0.125	0.8	1231.4132796912315	1231.413194932463	1232.4687074712324	1231.1685041712312	1231.1694707412312	1231.312465319999	
1231.312465319999	0.8389999999999418	WheelMovementIntervals													0.7504842199899713
1233.4877055612335	3.329186156132664	trials	1.0	1.0	1.5	0.25		0.8	1235.2511958612354	1235.2510971691097	1236.3168559512362	1235.050249291235	1235.051082541235	1235.175465319999	
1233.563465319999	0.34999999999990905	WheelMovementIntervals													0.027535490380387273
1235.175465319999	0.9100000000000819	WheelMovementIntervals													-0.4331657683054857
1236.548465319999	0.40000000000009095	WheelMovementIntervals													-0.2350881372215099
1237.3371872412374	4.147901440736405	trials	1.0	1.0	1.5	0.25		0.8	1239.93259434124	1239.9324868913118	1240.985055751241	1239.5350007712395	1239.5359673412395	1239.640465319999	
1237.681465319999	0.2899999999999636	WheelMovementIntervals													0.0421535378379474
1238.189465319999	0.5570000000000164	WheelMovementIntervals													0.05162533738291586
1239.640465319999	1.0639999999998508	WheelMovementIntervals													-0.336091382524188
1242.009686611242	3.723807568124812	trials	-1.0	1.0	1.5		0.25	0.8	1244.1708038112442	1244.170690422863	1245.2334308712452	1243.950192541244	1243.9508591412439	1243.862465319999	
1242.0334653199989	0.5960000000000036	WheelMovementIntervals													0.039505197075556
1242.944465319999	0.54300000000012	WheelMovementIntervals													-0.43215792342473947
1243.862465319999	3.9309999999998126	WheelMovementIntervals													1.7315549050913432
1246.2674941212463	6.567422799474571	trials	1.0	1.0	1.5	1.0		0.8	1251.2681273412513	1251.26800995822	1252.3348539912524	1250.4014806812504	1250.4023805912504	1250.5334653199989	
1248.037465319999	0.8689999999999145	WheelMovementIntervals													0.3984329166142686
1249.669465319999	0.084999999999809	WheelMovementIntervals													0.013494735806915514
1250.5334653199989	1.3120000000001255	WheelMovementIntervals													-0.5161545592329162
1252.9564653199989	0.49700000000007094	WheelMovementIntervals													-0.4148491301905324
1253.3750166312534	6.893124105596826	trials	1.0	1.0	1.5	1.0		0.8	1258.7067167412588	1258.706633729245	1259.7680772612598	1258.2829591212583	1258.2838923612583	1258.384465319999	
1254.015465319999	0.12299999999981992	WheelMovementIntervals													0.0173361912151222
1255.749465319999	1.9020000000000437	WheelMovementIntervals													-0.5077933943566393
1258.384465319999	2.0149999999998727	WheelMovementIntervals													-0.28404824619690316
1260.802740451261	2.5151990500075954	trials	1.0	1.0	1.5	0.0625		0.8	1261.7584448712619	1261.758339330471	1262.8178722512628	1261.5329340912615	1261.5338340012615	1261.675465319999	
1261.675465319999	0.8700000000001182	WheelMovementIntervals													-0.4491193068133441
1263.778465319999	0.07099999999991269	WheelMovementIntervals													0.006377918518097658
1263.8380368912638	3.063008745387151	trials	1.0	1.0	1.5	0.0		0.8	1265.3361204012654	1265.336040190181	1266.4010139012664	1265.049682381265	1265.050415641265	1265.165465319999	
1265.165465319999	0.7609999999999673	WheelMovementIntervals													-0.39778549889959436
1266.209465319999	0.10399999999981446	WheelMovementIntervals													0.0023769475037624943
1266.7544653199989	0.23400000000015098	WheelMovementIntervals													-0.17174531938158566
1267.382465319999	1.0009999999999764	WheelMovementIntervals													0.10668951137088811
1267.4253447912674	3.624288486839987	trials	1.0	1.0	1.5	0.25		0.8	1269.4974375612694	1269.497337065844	1270.5495323412706	1269.2827590312693	1269.2836922712693	1269.3904653199988	
1268.5234653199989	0.15200000000004366	WheelMovementIntervals													0.007663241758962158
1269.3904653199988	1.050000000000182	WheelMovementIntervals													-0.38384767982523726
1271.5798293012715	3.7862066326140393	trials	1.0	1.0	1.5	0.125		0.8	1273.8014404512737	1273.8013326061284	1274.8660339812748	1273.4510088312734	1273.4519087412734	1273.558465319999	
1271.960465319999	0.35199999999986176	WheelMovementIntervals													0.04577707570663847
1273.558465319999	0.9919999999999618	WheelMovementIntervals													-0.43011144847434934
1274.925465319999	0.5399999999999636	WheelMovementIntervals													-0.2084075506923
1276.059465319999	0.15399999999999636	WheelMovementIntervals													0.01773638101559527
1276.1776361412763	3.1064054178675633	trials	1.0	1.0	1.5	0.0625		0.8	1277.7252480312777	1277.7251378439373	1278.7839754812787	1277.3342204712774	1277.3348537412774	1277.434465319999	
1277.434465319999	0.7409999999999854	WheelMovementIntervals													-0.3135533203426064
1279.700465319999	0.40399999999999636	WheelMovementIntervals													-0.08046526346893756
1279.8040401312799	3.6953120571540694	trials	1.0	1.0	1.5	1.0		0.8	1281.947459101282	1281.947345964497	1282.999353901283	1281.7491456012817	1281.7500455112818	1281.826465319999	
1281.826465319999	1.0289999999999964	WheelMovementIntervals													-0.4171336923087665
1284.022151611284	2.5452952849782378	trials	1.0	1.0	1.5	1.0		0.8	1285.017152101285	1285.0170493774126	1286.067413731286	1284.6675204012847	1284.6683536512846	1284.613465319999	
1284.613465319999	0.834999999999809	WheelMovementIntervals													-0.4764640424417621
1287.0907447212871	2.493326622663062	trials	-1.0	1.0	1.5		0.25	0.8	1288.022551531288	1288.0224542959977	1289.084045371289	1287.7824422112878	1287.7832754612878	1287.932465319999	
1287.932465319999	0.35199999999986176	WheelMovementIntervals													0.8444358474192484
1288.643465319999	0.14899999999988722	WheelMovementIntervals													0.01828527263623414
1290.1131757812902	2.9872861460335116	trials	1.0	1.0	1.5	1.0		0.8	1291.5389665212915	1291.538868214931	1292.6003937012927	1291.3323871812913	1291.3331871012913	1291.455465319999	
1290.192465319999	0.5199999999999818	WheelMovementIntervals													0.04383822950072158
1291.455465319999	0.8240000000000691	WheelMovementIntervals													-0.42187232730108803
1293.2944653199988	0.3040000000000873	WheelMovementIntervals													-0.137455467476002
1293.6329571012936	2.432605312628766	trials	1.0	1.0	1.5	0.125		0.8	1294.5044699412945	1294.5043582879343	1295.5655304912955	1294.1489055012942	1294.1498054112942	1294.277465319999	
1294.277465319999	1.030999999999949	WheelMovementIntervals													-0.32175457936116914
1296.5923611312967	2.9580169336711606	trials	1.0	1.0	1.5	0.125		0.8	1297.984788541298	1297.9846681604165	1299.0502819812991	1297.7340469512978	1297.7347468812977	1297.8604653199989	
1297.8604653199989	0.7470000000000709	WheelMovementIntervals													-0.30759910656976786
1300.069465319999	0.1069999999999709	WheelMovementIntervals													0.009029148199118708
1300.0824787513002	2.701409416024717	trials	1.0	1.0	1.5	0.0625		0.8	1301.2173652513013	1301.2172822866899	1302.2838252613024	1300.965623761301	1300.9663236913009	1301.084465319999	
1301.084465319999	0.72199999999998	WheelMovementIntervals													-0.36126320879057516
1303.3147888213034	3.200495819015032	trials	-1.0	1.0	1.5		0.25	0.8	1304.9525916913049	1304.9524856584874	1306.015218751306	1304.6987170813047	1304.6996169913048	1304.838465319999	
1303.5624653199989	0.375	WheelMovementIntervals													-0.05309285258181262
1304.838465319999	0.4279999999998836	WheelMovementIntervals													0.8786328232897063
1306.2854653199988	0.9080000000001291	WheelMovementIntervals													-0.20607122611289697
1307.0532816013072	2.628716233470186	trials	1.0	1.0	1.5	0.125		0.8	1308.1330736113082	1308.132987447492	1309.181968711309	1307.6501885713076	1307.6508885013077	1307.778465319999	
1307.778465319999	0.5709999999999127	WheelMovementIntervals													-0.33026857215614314
1310.2150987213101	4.051809085798595	trials	1.0	-1.0	0.0		0.0	0.2	1311.7027832713118	1311.7019013214285	1313.766876841314	1311.4836718513116	1311.4844717713115	1311.576465319999	
1311.576465319999	0.15999999999985448	WheelMovementIntervals													-0.335129935817406
1314.6994653199988	0.11100000000010368	WheelMovementIntervals													0.008960113994504582
1314.801106741315	3.83219809469324	trials	-1.0	1.0	1.5		0.125	0.2	1317.0754126213171	1317.0753050171757	1318.133273491318	1316.8151719813168	1316.8159719013167	1316.961465319999	
1316.961465319999	0.9209999999998217	WheelMovementIntervals													1.0001411666565332
1319.1671034313192	2.499799255412654	trials	-1.0	1.0	1.5		1.0	0.2	1320.1126088713202	1320.112502393344	1321.1668034413212	1319.9150952913199	1319.91592854132	1320.0064653199988	
1320.0064653199988	1.0620000000001255	WheelMovementIntervals													1.096781328692913
1321.455465319999	0.49299999999993815	WheelMovementIntervals													-0.09675017474967262
1322.2001001013223	5.098304577371437	trials	-1.0	-1.0	0.0	0.0625		0.2	1324.7355132013247	1324.734901382753	1326.7983402313268	1324.031750251324	1324.032516841324	1324.1964653199989	
1322.3604653199989	0.48299999999994725	WheelMovementIntervals													0.03701427766918641
1324.1964653199989	1.7770000000000437	WheelMovementIntervals													0.38891420725116177
1327.597465319999	0.9320000000000164	WheelMovementIntervals													0.12681075000077158
1327.8377029513279	3.677211998938674	trials	-1.0	1.0	1.5		1.0	0.2	1329.95102493133	1329.9509086974786	1331.014851871331	1329.7331800513298	1329.7341132913298	1329.8144653199988	
1329.8144653199988	0.79300000000012	WheelMovementIntervals													1.043099078213686
1331.242465319999	0.6569999999999254	WheelMovementIntervals													-0.1630001762023312
1332.055914421332	4.977214423373198	trials	-1.0	1.0	1.5		1.0	0.2	1335.4783388113356	1335.4782236511805	1336.5330333313366	1335.2831583313352	1335.2839915813354	1335.364465319999	
1332.3694653199989	0.48900000000003274	WheelMovementIntervals													0.07110872564092574
1333.108465319999	0.1330000000000382	WheelMovementIntervals													0.01122753893636741
1333.415465319999	0.14799999999991087	WheelMovementIntervals													0.015475857094827461
1334.088465319999	0.17000000000007276	WheelMovementIntervals													0.013465168955917761
1335.364465319999	0.31399999999985084	WheelMovementIntervals													0.7427224862907451
1336.155465319999	0.06199999999989814	WheelMovementIntervals													0.022990416996520935
1337.5732293013375	2.408106639464904	trials	-1.0	1.0	1.5		0.0	0.2	1338.4230109813384	1338.422930938375	1339.4812718113394	1338.148038481338	1338.148938391338	1338.0354653199988	
1338.0354653199988	0.41800000000012005	WheelMovementIntervals													0.31971541542026216
1340.5162349713405	3.1500002060063252	trials	-1.0	1.0	1.5		0.0625	0.2	1342.1064426013422	1342.1063340657442	1343.1661366213432	1341.849434971342	1341.8501349013418	1341.961465319999	
1340.595465319999	0.42399999999997817	WheelMovementIntervals													0.08447756526356898
1341.961465319999	0.3689999999999145	WheelMovementIntervals													0.610748911881501
1344.2035328713441	3.1959951382150393	trials	-1.0	1.0	1.5		1.0	0.2	1345.840935781346	1345.8408298683726	1346.8994299213468	1345.6312567513457	1345.6320566713457	1345.7274653199988	
1344.368465319999	0.3079999999999927	WheelMovementIntervals													0.04650745986299398
1344.925465319999	0.15399999999999636	WheelMovementIntervals													0.01700372996532451
1345.7274653199988	0.8250000000000455	WheelMovementIntervals													1.5175202082965313
1347.9383260213478	12.577517355199234	trials	1.0	-1.0	0.0		0.0	0.2	1357.983454741358	1357.9828382841404	1360.01575149136	1356.2478616513563	1356.2488282213562	1356.301465319999	
1348.2104653199988	4.117000000000189	WheelMovementIntervals													-0.9723745943208826
1352.551465319999	2.8799999999998818	WheelMovementIntervals													0.38804653698261404
1356.301465319999	2.0389999999999873	WheelMovementIntervals													-0.4006783097415507
1360.4084653199989	2.2760000000000673	WheelMovementIntervals													0.662584931402705
1361.109542101361	4.32301234970123	trials	-1.0	1.0	1.5		1.0	0.2	1363.9008629413638	1363.9007494294383	1364.932526431365	1363.7142816013638	1363.7150481913636	1363.741465319999	
1363.003465319999	0.18100000000004002	WheelMovementIntervals													0.02284027818177492
1363.741465319999	0.6619999999998072	WheelMovementIntervals													2.303485985092493
1364.6714653199988	0.8500000000001364	WheelMovementIntervals													-0.1607540797012348
1365.789465319999	0.2419999999999618	WheelMovementIntervals													0.024191535085861915
1365.981154891366	5.066306783707432	trials	-1.0	1.0	1.5		0.125	0.2	1369.4944701913696	1369.4943582086025	1370.5473648913705	1369.2807582313692	1369.2815581513694	1369.3324653199988	
1366.3744653199988	0.3079999999999927	WheelMovementIntervals													0.022111713666475907
1366.858465319999	1.8150000000000546	WheelMovementIntervals													1.0361664648627595
1369.3324653199988	0.9470000000001164	WheelMovementIntervals													1.607442195671922
1370.577465319999	0.09600000000000364	WheelMovementIntervals													0.04896187251011952
1371.5942601913716	4.469730476144832	trials	-1.0	1.0	1.5		0.0625	0.2	1374.5243671513745	1374.5242788581875	1375.5639298513756	1374.3155213713744	1374.3164212813742	1374.405465319999	
1371.830465319999	0.4600000000000364	WheelMovementIntervals													0.047803509561873625
1372.616465319999	0.052999999999883585	WheelMovementIntervals													0.002263341982171596
1373.032465319999	0.8430000000000746	WheelMovementIntervals													-0.650759020921754
1374.405465319999	0.33799999999996544	WheelMovementIntervals													0.38912488975938686
1375.031465319999	0.55600000000004	WheelMovementIntervals													0.29373622110102815
1375.9174653199989	0.0809999999999036	WheelMovementIntervals													0.007507832875461418
1376.6076921313766	3.5745932201841697	trials	-1.0	1.0	1.5		0.25	0.2	1378.6305898213786	1378.630487728924	1379.6821846513797	1378.3989463213784	1378.3996795813785	1378.4464653199989	
1376.897465319999	0.65300000000002	WheelMovementIntervals													0.10619539198251005
1378.4464653199989	1.1199999999998909	WheelMovementIntervals													1.0214228777420544
1381.036982491381	2.378408266022234	trials	1.0	1.0	1.5	0.25		0.2	1381.868099371382	1381.867984680693	1382.915327971383	1381.6470214813817	1381.6479547213817	1381.7874653199988	
1381.7874653199988	1.4750000000001364	WheelMovementIntervals													-0.34003584326262626
1383.8324653199988	1.481999999999971	WheelMovementIntervals													0.22507568969834324
1383.959690191384	3.954016157488468	trials	1.0	1.0	1.5	0.0		0.2	1386.3536841013863	1386.3535987628545	1387.4136780913875	1386.1303064413862	1386.131173021386	1386.261465319999	
1386.261465319999	1.4069999999999254	WheelMovementIntervals													-0.3809318764105001
1388.4646063213884	2.2823887828278657	trials	-1.0	1.0	1.5		0.0625	0.2	1389.1967997613892	1389.196702081867	1390.2469614013903	1388.932026241389	1388.932792831389	1388.9984653199988	
1388.9984653199988	2.77800000000002	WheelMovementIntervals													1.1037651221784586
1391.2948899313913	11.203523817597898	trials	1.0	1.0	1.5	0.0625		0.2	1400.920693921401	1400.920608676392	1401.998319481402	1394.5485312013946	1394.5493311213945	1394.5474653199988	
1392.1024653199988	0.33600000000001273	WheelMovementIntervals													0.09274666957105637
1392.847465319999	1.1739999999999782	WheelMovementIntervals													0.11961534162557541
1394.5474653199988	1.2250000000001364	WheelMovementIntervals													-0.25615883043280974
1399.2854653199988	0.5889999999999418	WheelMovementIntervals													-0.06874665129191726
1400.5104653199987	3.2040000000001783	WheelMovementIntervals													0.6844249276072674
1403.0645128514032	4.133799393924619	trials	-1.0	1.0	1.5		0.25	0.2	1405.6299229514057	1405.6298118547259	1406.6983161014068	1405.4132779514055	1405.4141112014054	1405.4514653199988	
1403.8604653199989	0.2749999999998636	WheelMovementIntervals													0.05371304563701074
1405.4514653199988	1.038000000000011	WheelMovementIntervals													1.1135224336358078
1406.790465319999	0.31199999999989814	WheelMovementIntervals													0.03841791190671984
1407.7489110314077	4.214421786744424	trials	-1.0	1.0	1.5		0.125	0.2	1410.3864139214104	1410.3863240398898	1411.4632395614115	1410.07987791141	1410.0806778314102	1410.126465319999	
1408.078465319999	1.0239999999998872	WheelMovementIntervals													0.10167453196422116
1410.126465319999	0.34799999999995634	WheelMovementIntervals													0.36235862073732505
1410.7794653199987	0.3040000000000873	WheelMovementIntervals													0.03803147736766732
1412.5134345314125	2.3513830068804964	trials	-1.0	1.0	1.5		0.0625	0.2	1413.2904234914133	1413.290328256112	1414.3647160514145	1413.031416061413	1413.032315971413	1413.0634653199988	
1413.0634653199988	0.8440000000000509	WheelMovementIntervals													0.5998326968323511
1414.3554653199988	0.28100000000017644	WheelMovementIntervals													0.03685013874269316
1415.4141111014155	2.5173239931343687	trials	1.0	1.0	1.5	1.0		0.2	1416.3647160314165	1416.3646194057326	1417.4313760214175	1415.996586181416	1415.997252781416	1415.9464653199989	
1415.9464653199989	1.0529999999998836	WheelMovementIntervals													-0.3072568498328394
1418.4793378814186	3.6502131740912773	trials	-1.0	1.0	1.5		1.0	0.2	1420.5648293114207	1420.564744265298	1421.6294895014216	1420.3295195114204	1420.3304860814203	1420.4284653199988	
1418.579465319999	0.0929999999998472	WheelMovementIntervals													0.009408219859892597
1419.1404653199988	0.21699999999987085	WheelMovementIntervals													0.041530790951753715
1419.5454653199988	0.1069999999999709	WheelMovementIntervals													0.005441139546320528
1420.4284653199988	1.0070000000000618	WheelMovementIntervals													0.8452898595399176
1422.2084653199988	0.19399999999995998	WheelMovementIntervals													0.04311557026716173
1422.6835507514227	2.9124909128427134	trials	-1.0	1.0	1.5		0.0625	0.2	1424.0289495314241	1424.0288456302064	1425.0960094814252	1423.8145709714238	1423.815404221424	1423.915465319999	
1422.8324653199988	0.2860000000000582	WheelMovementIntervals													0.025523319351094642
1423.915465319999	1.0909999999998945	WheelMovementIntervals													1.311491706262899
1426.1484375614261	3.7476037727824405	trials	-1.0	1.0	1.5		0.125	0.2	1428.3247532414284	1428.3246385908656	1429.3960127714295	1428.0644792714281	1428.065345851428	1428.1254653199987	
1426.4194653199988	0.07600000000002183	WheelMovementIntervals													0.00580072853719571
1426.8454653199988	0.18600000000014916	WheelMovementIntervals													0.015204078988517722
1427.3524653199988	0.1449999999999818	WheelMovementIntervals													0.010337031418600873
1428.1254653199987	3.5900000000001455	WheelMovementIntervals													2.119121867661363
1430.4609396014305	6.5183253990394405	trials	-1.0	1.0	1.5		1.0	0.2	1435.4125443914354	1435.412457376051	1436.4792043814366	1435.1975325614353	1435.1981658314353	1435.2734653199989	
1432.002465319999	0.23799999999982901	WheelMovementIntervals													0.05061451702511022
1432.4004653199988	0.19100000000003092	WheelMovementIntervals													0.019866768155537784
1432.8444653199988	0.17000000000007276	WheelMovementIntervals													0.01718140137586488
1433.3724653199988	0.625	WheelMovementIntervals													0.09946894701172937
1435.2734653199989	1.0470000000000255	WheelMovementIntervals													1.1985271546239744
1437.5394650114376	3.391206728394309	trials	-1.0	1.0	1.5		0.0625	0.2	1439.3644491614393	1439.364367555918	1440.4306425314405	1439.1307392014392	1439.131439131439	1439.1784653199988	
1439.1784653199988	0.4329999999999927	WheelMovementIntervals													0.6685641505328022
1439.9614653199988	0.21700000000009823	WheelMovementIntervals													0.03923482677504353
1441.339465319999	1.6779999999998836	WheelMovementIntervals													-0.17341851757956306
1441.4840705114416	4.678610558531773	trials	-1.0	-1.0	0.0	0.0625		0.2		1443.595374373627	1445.6625859514456	1443.5125343114435	1443.5133342314434		
1443.4474653199989	0.8559999999999945	WheelMovementIntervals													2.100657927942734
1446.7210800914468	2.4596011339165216	trials	-1.0	1.0	1.5		1.0	0.2	1447.6095579014477	1447.6094797786204	1448.6806507814488	1447.4139774614475			
1447.4154653199987	1.4210000000000491	WheelMovementIntervals													1.8022045894685448
1449.2764653199988	0.24099999999998545	WheelMovementIntervals													0.02613734457344208
1449.7313790314497	2.4160043174517796	trials	-1.0	1.0	1.5		0.0	0.2	1450.5796608614505	1450.579579845051	1451.6473207514516	1450.3454842814504			
1450.2414653199987	0.5620000000001255	WheelMovementIntervals													0.589629096967343
1451.0464653199988	0.26500000000010004	WheelMovementIntervals													0.07935639261197025
1452.3704653199989	2.8079999999999927	WheelMovementIntervals													1.5698269924634758
1452.7025818814527	8.877821323244461	trials	-1.0	1.0	1.5		1.0	0.2	1460.00158524146	1460.001497768091	1461.0803106914611	1459.7954725214597	1459.7963057714599	1459.9044653199987	
1455.4624653199987	0.2899999999999636	WheelMovementIntervals													0.1343551110669523
1456.0894653199987	1.8840000000000146	WheelMovementIntervals													0.5005717468440878
1458.3324653199988	0.15399999999999636	WheelMovementIntervals													0.016775890082811884
1459.9044653199987	0.4660000000001219	WheelMovementIntervals													1.2737501612643314
1460.676465319999	0.2279999999998381	WheelMovementIntervals													0.13404778059864952
1461.1824653199988	0.19700000000011642	WheelMovementIntervals													0.014496411100054729
1461.9854653199989	2.8789999999999054	WheelMovementIntervals													-0.3308550709911344
1462.1624024714622	6.41790246125197	trials	-1.0	1.0	1.5		0.125	0.2	1467.013383991467	1467.0133035759334	1468.080243961468	1466.7619091414667	1466.7628423814667	1466.8394653199987	
1465.1124653199988	0.4420000000000073	WheelMovementIntervals													0.04515615981168253
1465.9034653199988	0.10000000000013642	WheelMovementIntervals													0.006216592128140519
1466.8394653199987	1.4760000000001128	WheelMovementIntervals													1.218677766163239
1469.145804061469	4.249488901800987	trials	-1.0	1.0	1.5		0.125	0.2	1471.8169035914718	1471.8167958286717	1472.895195751473	1471.6119240914716	1471.6127240114715	1471.5834653199988	
1469.8144653199988	1.0260000000000673	WheelMovementIntervals													0.3938734215926729
1471.5834653199988	0.5309999999999491	WheelMovementIntervals													0.8431736408253698
1472.3494653199987	0.4550000000001546	WheelMovementIntervals													0.17222633735801196
1473.960389221474	2.919517708972762	trials	-1.0	1.0	1.5		1.0	0.2	1475.3112207914753	1475.3110964891894	1476.3798805814763	1475.130105571475	1475.1309721514751	1475.0944653199988	
1474.2884653199987	0.22900000000004184	WheelMovementIntervals													0.03123329412255771
1475.0944653199988	0.47499999999990905	WheelMovementIntervals													1.0792525056507145
1477.3994653199989	1.8129999999998745	WheelMovementIntervals													1.3479074035965084
1477.4395079414774	4.588917532986898	trials	-1.0	1.0	1.5		0.0625	0.2	1480.4617056914806	1480.4616181709919	1481.5283656814815	1480.2784573514803	1480.2792239414803	1480.3154653199988	
1479.4074653199987	0.39200000000005275	WheelMovementIntervals													0.07210003353512207
1480.3154653199988	1.0160000000000764	WheelMovementIntervals													1.4561453339797765
1481.7104653199988	0.08400000000006003	WheelMovementIntervals													0.021624381101020163
1482.5977254014826	4.730604332105941	trials	-1.0	1.0	1.5		1.0	0.2	1485.7611090314858	1485.7610276296246	1486.828302301487	1485.5795938514857			
1482.9134653199987	0.7699999999999818	WheelMovementIntervals													0.0777161156044599
1483.9954653199989	1.1519999999998163	WheelMovementIntervals													0.22873991154023088
1485.3864653199987	1.2889999999999873	WheelMovementIntervals													1.375103874611483
1487.893229131488	2.301584951986797	trials	-1.0	1.0	1.5		0.125	0.2	1488.6256225514887	1488.6255237073267	1489.6947489614897	1488.4129438214884			
1488.3114653199987	0.6059999999999945	WheelMovementIntervals													0.8344518234221994
1489.3164653199988	0.33600000000001273	WheelMovementIntervals													0.09612195658530709
1490.7729078014909	2.4736256092189706	trials	1.0	1.0	1.5	1.0		0.2	1491.6811169714917	1491.6810164688238	1492.7464770914928	1491.4464071114915	1491.4472736914915	1491.3204653199987	
1491.3204653199987	0.9700000000000273	WheelMovementIntervals													-0.46631502778640765
1492.6934653199987	1.1290000000001328	WheelMovementIntervals													-0.40534405284336117
1493.815536841494	5.445901244286006	trials	-1.0	1.0	1.5		0.0625	0.2	1497.6939489614977	1497.6938363033123	1498.7614088714988	1497.4445405714976	1497.4455071414975	1497.5384653199987	
1494.1184653199987	0.15600000000017644	WheelMovementIntervals													0.013145213776454057
1494.6704653199988	0.8709999999998672	WheelMovementIntervals													0.41715356487873123
1495.8224653199989	0.2719999999999345	WheelMovementIntervals													0.02766079981759617
1496.6174653199987	0.09000000000014552	WheelMovementIntervals													0.01127229803029195
1497.5384653199987	0.4639999999999418	WheelMovementIntervals													0.9520838264336646
1498.9154653199987	0.09799999999995634	WheelMovementIntervals													0.011134208259932166
1499.8234653199988	0.45499999999992724	WheelMovementIntervals													0.040590272894576174
1500.1570359615002	3.4059037383212853	trials	1.0	1.0	1.5	0.25		0.2	1501.998951751502	1501.9988374422949	1503.062945341503	1501.7796403515017	1501.780440271502	1501.9154653199987	
1500.4824653199987	0.29700000000002547	WheelMovementIntervals													0.02723950996835356
1501.9154653199987	0.39800000000013824	WheelMovementIntervals													-0.4276754926776789
1502.6074653199987	0.18000000000006366	WheelMovementIntervals													0.17659926273046267
1503.0354653199988	0.0649999999998272	WheelMovementIntervals													0.005803813629995602
1504.0414653199987	0.3350000000000364	WheelMovementIntervals													0.031799873530445666
1504.1247391515042	3.2382186506949893	trials	-1.0	1.0	1.5		0.125	0.2	1505.7903392415058	1505.7902477154335	1506.8628653115068	1505.5444638315055	1505.5453637415055	1505.5474653199988	
1505.5474653199988	0.41200000000003456	WheelMovementIntervals													0.5459068256444652
1506.4074653199987	0.18600000000014916	WheelMovementIntervals													0.0467446852435387
1506.7874653199988	0.12200000000007094	WheelMovementIntervals													0.011369505561361848
1507.928758711508	3.384106457732287	trials	-1.0	1.0	1.5		0.125	0.2	1509.7474434915098	1509.7473611070716	1510.812770281511	1509.4944021315096	1509.4953020415096	1509.6204653199989	
1507.9294653199988	0.2239999999999327	WheelMovementIntervals													0.026634306037095712
1508.4234653199987	0.08400000000006003	WheelMovementIntervals													0.011460239480044265
1509.6204653199989	0.42899999999985994	WheelMovementIntervals													0.8550727496638046
1510.3374653199987	0.4960000000000946	WheelMovementIntervals													0.12806036919261032
1511.7484653199988	0.2749999999998636	WheelMovementIntervals													-0.23939715746672618
1511.8763639115118	3.5029946872052733	trials	-1.0	-1.0	0.0	0.0		0.2	1512.8105038215128	1512.8098622292418	1514.879263591515	1512.6110571015126	1512.6118570215126	1512.4564653199986	
1512.4564653199986	1.0890000000001692	WheelMovementIntervals													0.9680415698020965
1513.8614653199988	1.4039999999999964	WheelMovementIntervals													-0.1726730810286199
1515.9094653199988	0.2559999999998581	WheelMovementIntervals													0.02733025827993174
1515.9493565715159	6.311412123829541	trials	-1.0	1.0	1.5		0.0	0.2	1520.6967484515208	1520.6966641864412	1521.7607087115218	1520.4276087015205	1520.4283419615203	1520.4434653199987	
1516.3454653199988	1.9739999999999327	WheelMovementIntervals													0.3716958504473098
1519.3404653199987	0.3400000000001455	WheelMovementIntervals													0.02651882552981988
1520.4434653199987	0.4249999999999545	WheelMovementIntervals													0.5195255995861032
1521.3324653199988	0.31399999999985084	WheelMovementIntervals													0.050024767631526856
1522.8381676215229	5.340709565608677	trials	-1.0	-1.0	0.0	0.0		0.2	1525.6042243215256	1525.6034715388314	1527.6788168415278	1525.2957218415254	1525.2965550915253	1525.4394653199988	
1523.4234653199987	0.17499999999995453	WheelMovementIntervals													0.010938598551575751
1525.4394653199988	0.39299999999980173	WheelMovementIntervals													0.5355560882369161
1526.6954653199987	0.2720000000001619	WheelMovementIntervals													-0.017078666561673117
1527.5794653199987	0.5440000000000964	WheelMovementIntervals													-0.041366360734883756
1528.7537760015289	2.3737057047949293	trials	1.0	1.0	1.5	1.0		0.2	1529.5648615515295	1529.5647776089716	1530.6273552915306	1529.3438836515293			
1529.4794653199988	0.7309999999999945	WheelMovementIntervals													-0.337935330140823
1531.6951818315317	2.398803333560636	trials	-1.0	1.0	1.5		0.25	0.2	1532.5260654015326	1532.5259826397364	1533.5938919415337	1532.2953551415324			
1532.2684653199988	0.4079999999999018	WheelMovementIntervals													0.6808633996007813
1534.4204653199988	0.5	WheelMovementIntervals													0.05460267024724885
1534.6659847215346	3.3795058369478284	trials	-1.0	1.0	1.5		0.25	0.2	1536.4748704815365	1536.4747867751719	1537.5454300815375	1536.2288284215363	1536.2296616715362	1536.3454653199988	
1536.3454653199988	0.4539999999999509	WheelMovementIntervals													0.871053390956547
1537.0784653199987	0.36799999999993815	WheelMovementIntervals													0.08622875356246595
1538.6206892115385	3.006509411016623	trials	-1.0	1.0	1.5		0.0625	0.2	1540.06197840154	1540.0618927640915	1541.1271385415412	1539.7271785515397	1539.7279451415397	1539.8254653199988	
1538.7464653199988	0.2079999999998563	WheelMovementIntervals													0.01425155067425976
1539.8254653199988	1.196999999999889	WheelMovementIntervals													0.8920271593644884
1542.1987980315423	2.794898972434339	trials	1.0	1.0	1.5	0.125		0.2	1543.4281084215434	1543.4279967000166	1544.4936685215446	1543.178800021543	1543.1795332815432	1543.3404653199987	
1542.2834653199986	0.1610000000000582	WheelMovementIntervals													0.009800221183553504
1543.3404653199987	1.0750000000000455	WheelMovementIntervals													-0.3717324512560367
1544.7264653199986	2.6010000000001128	WheelMovementIntervals													-0.4289571018974243
1545.5682943815457	5.508624160007912	trials	1.0	1.0	1.5	0.25		0.2	1549.5135998115495	1549.513510252299	1550.5768601415507	1549.094941681549	1549.0957416015492	1549.2354653199986	
1547.5164653199988	0.15699999999992542	WheelMovementIntervals													0.01050797064993958
1549.2354653199986	0.7560000000000855	WheelMovementIntervals													-0.3620745853017695
1550.1784653199986	0.1850000000001728	WheelMovementIntervals													0.01671463070042023
1551.6561188715516	2.3722794265843277	trials	1.0	1.0	1.5	1.0		0.2	1552.4657045715526	1552.465611168831	1553.5283649615535	1552.2619249515524	1552.2626582115522	1552.3774653199987	
1552.3774653199987	1.1089999999999236	WheelMovementIntervals													-0.49120049523838816
1553.9374653199986	0.5950000000000273	WheelMovementIntervals													-0.18122111072409552
1554.6028908315545	3.3422092309547224	trials	1.0	-1.0	0.0		0.0	0.2	1555.3715806215555	1555.370692492713	1557.4450065915576	1555.076876761555	1555.077610021555	1555.0954653199988	
1555.0954653199988	0.70699999999988	WheelMovementIntervals													-0.33619915431881964
1557.2204653199988	1.4449999999999363	WheelMovementIntervals													0.2252391249401171
1558.5177993015586	2.4755244225070783	trials	-1.0	1.0	1.5		1.0	0.2	1559.4306080115593	1559.4305079372741	1560.4932350715605	1559.1932650815593	1559.1941649915593	1559.0384653199987	
1559.0384653199987	1.2490000000000236	WheelMovementIntervals													1.5417913352849268
1561.5627281115617	2.298884736082755	trials	1.0	1.0	1.5	0.25		0.2	1562.2934217015622	1562.2933229428234	1563.3615482115633	1562.078309881562			
1562.2154653199987	0.6759999999999309	WheelMovementIntervals													-0.422829539613673
1564.0094653199988	1.0480000000000018	WheelMovementIntervals													-0.11256678528721409
1564.4321078115645	3.011209215786266	trials	-1.0	1.0	1.5		0.25	0.2	1565.8843292415659	1565.8842112912525	1566.9432233415669	1565.6598183615656			
1565.6214653199986	0.9550000000001546	WheelMovementIntervals													1.0505754728344527
1567.6244653199988	0.612999999999829	WheelMovementIntervals													0.05293207853881654
1568.012616391568	2.4990236029536845	trials	-1.0	1.0	1.5		1.0	0.2	1568.937223921569	1568.9371243835308	1570.01151648157	1568.7113798415687	1568.7122797515688	1568.7684653199988	
1568.7684653199988	0.6119999999998527	WheelMovementIntervals													0.8114045154965197
1569.5264653199988	0.18599999999992178	WheelMovementIntervals													0.017537740398637425
1571.080442911571	3.1142985141575537	trials	-1.0	1.0	1.5		0.125	0.2	1572.6277215015728	1572.6276416765922	1573.6946481315738	1572.3097866315723	1572.3105532215723	1572.3404653199987	
1572.3404653199987	0.9639999999999418	WheelMovementIntervals													0.6890790443837602
1574.6904653199988	0.16299999999978354	WheelMovementIntervals													0.013137290146630676
1574.776239961575	3.135097340582206	trials	-1.0	1.0	1.5		0.0625	0.2	1576.3449497415763	1576.3448381306412	1577.4113097615775	1575.959821591576	1575.9608214915759	1576.1194653199987	
1575.1024653199986	0.24700000000007094	WheelMovementIntervals													0.02360402416442753
1576.1194653199987	0.4700000000000273	WheelMovementIntervals													0.6094830779803715
1576.8664653199987	0.09799999999995634	WheelMovementIntervals													0.05380932537499916
1577.8114653199987	0.24299999999993815	WheelMovementIntervals													-0.026349000704499304
1578.4858356315785	2.608614310295934	trials	-1.0	1.0	1.5		1.0	0.2	1579.5289313115795	1579.5288405536166	1580.5943247615805	1579.3262515815793	1579.3270848315794	1579.2874653199988	
1578.7564653199986	0.08200000000010732	WheelMovementIntervals													0.008857844078193011
1579.2874653199988	0.46699999999987085	WheelMovementIntervals													0.44305656799073745
1581.6664653199987	0.20900000000006003	WheelMovementIntervals													0.02702457966199745
1581.6686506515816	3.342608049615137	trials	-1.0	1.0	1.5		0.0625	0.2	1583.4358405815835	1583.4357538497713	1584.5112330315844	1583.0595782115831	1583.0603448015831	1583.2224653199987	
1582.2544653199986	0.11400000000003274	WheelMovementIntervals													0.013059716659427067
1583.2224653199987	0.4490000000000691	WheelMovementIntervals													0.5615518175231387
1584.0194653199987	2.8889999999998963	WheelMovementIntervals													-0.2442971754517771
1585.5971577615855	6.095499604152792	trials	-1.0	1.0	1.5		1.0	0.2	1590.13083768159	1590.1307567234078	1591.1925648315912	1589.89269483159	1589.89352808159	1589.9034653199988	
1587.1544653199987	1.0650000000000546	WheelMovementIntervals													0.19995163910439828
1588.5334653199986	0.2719999999999345	WheelMovementIntervals													0.04589032585749919
1589.2354653199986	0.06300000000010186	WheelMovementIntervals													0.005007121225020228
1589.9034653199988	1.0239999999998872	WheelMovementIntervals													1.1906032391278814
1591.3364653199988	0.06199999999989814	WheelMovementIntervals													0.021935558469778016
1592.2784562315924	3.532592644850638	trials	-1.0	1.0	1.5		0.125	0.2	1594.2409599615942	1594.2408510347018	1595.3110529415953	1593.9608546415939	1593.961754551594	1594.1094653199987	
1592.9444653199987	0.06400000000007822	WheelMovementIntervals													0.008430822191314746
1594.1094653199987	0.43200000000001637	WheelMovementIntervals													0.8189424417630278
1594.8234653199986	0.46299999999996544	WheelMovementIntervals													0.08346624788322288
1596.1764653199987	0.8450000000000273	WheelMovementIntervals													0.08367661108852076
1596.3868453515963	3.107428144901178	trials	-1.0	1.0	1.5		1.0	0.2	1597.927957891598	1597.9278583171838	1598.994184591599	1597.6593847515976	1597.6600513515978	1597.7614653199987	
1597.7614653199987	1.043999999999869	WheelMovementIntervals													0.7569797689792495
1599.6584653199986	0.8320000000001073	WheelMovementIntervals													-0.1480159675465984
1600.0760763916	5.9344838547392555	trials	-1.0	1.0	1.5		0.25	0.2	1604.4391733716045	1604.439063786535	1605.5105328916056	1604.2257280516042	1604.2265613016043	1604.3264653199988	
1600.9214653199986	1.9580000000000837	WheelMovementIntervals													1.0011537474393606
1603.3674653199987	0.10599999999999454	WheelMovementIntervals													0.006363127044693329
1604.3264653199988	0.9659999999998945	WheelMovementIntervals													1.2275489028257027
1606.3704653199986	0.2239999999999327	WheelMovementIntervals													-0.030451972013054274
1606.5971575516066	2.5469177176792073	trials	-1.0	1.0	1.5		0.125	0.2	1607.5747931116075	1607.574663967848	1608.6440195116086	1607.3590480216074	1607.3598479416073	1607.4584653199986	
1607.4584653199986	0.30500000000006366	WheelMovementIntervals													0.6745713365951929
1608.4534653199987	0.11199999999985266	WheelMovementIntervals													0.04997068423497808
1609.7248780816096	3.267414943236645	trials	-1.0	1.0	1.5		0.125	0.2	1611.4271745016115	1611.4270848245746	1612.4922679816125	1611.142336321611	1611.143102911611	1611.1734653199987	
1609.8624653199986	0.16499999999996362	WheelMovementIntervals													0.008245277430944498
1610.4294653199986	0.05700000000001637	WheelMovementIntervals													0.004765161840737164
1611.1734653199987	0.37999999999988177	WheelMovementIntervals													0.3773059780588994
1612.0194653199987	0.08699999999998909	WheelMovementIntervals													0.05430672262190228
1613.2554653199986	0.3969999999999345	WheelMovementIntervals													0.06859448916981137
1613.5720933216137	3.3034834837212657	trials	-1.0	1.0	1.5		0.0	0.2	1615.3022869516153	1615.3021836243247	1616.3755129516164	1614.9269911516149	1614.928024381615	1615.0674653199987	
1615.0674653199987	1.127999999999929	WheelMovementIntervals													0.8321721996073279
1616.8234653199986	0.34799999999995634	WheelMovementIntervals													0.027239959432819205
1617.4560715516175	3.4713260277451354	trials	1.0	-1.0	0.0		0.0	0.2	1618.3616143216184	1618.3607778137928	1620.4272744016205	1617.9270244516179	1617.9279576916178	1617.8724653199986	
1617.8724653199986	1.3910000000000764	WheelMovementIntervals													-0.39491930186383684
1621.5084996016215	3.166894237275301	trials	-1.0	1.0	1.5		0.25	0.2	1623.102806821623	1623.102696197304	1624.1753662216242	1622.858831221623	1622.8594978216229	1622.8234653199986	
1622.0294653199987	0.16899999999986903	WheelMovementIntervals													0.01003912489025538
1622.8234653199986	0.9339999999999691	WheelMovementIntervals													1.2797582180124039
1625.2547916016254	3.5223214916129564	trials	-1.0	1.0	1.5		1.0	0.2	1627.2163954216273	1627.2163024561173	1628.2770226816283	1626.993584371627	1626.994750921627	1627.1024653199986	
1625.4184653199986	0.6089999999999236	WheelMovementIntervals													0.08247340318098395
1627.1024653199986	0.7650000000001	WheelMovementIntervals													1.126982388038499
1629.3605143216294	2.4811970628918516	trials	-1.0	1.0	1.5		0.0625	0.2	1630.2778225816303	1630.2777124965803	1631.3416828516313	1629.89176119163	1629.89269443163	1629.9564653199986	
1629.9564653199986	0.47499999999990905	WheelMovementIntervals													0.5116245454883881
1631.1434653199985	0.10900000000015098	WheelMovementIntervals													0.018526093913408204
1632.4211082316324	3.3887031657977786	trials	-1.0	1.0	1.5		0.0625	0.2	1634.2394263816343	1634.2393093936864	1635.3097860016353	1633.8768293116339	1633.8775959016339	1633.9114653199986	
1632.7204653199985	0.11600000000021282	WheelMovementIntervals													0.02110678274232214
1633.9114653199986	0.6880000000001019	WheelMovementIntervals													0.733859147919901
1634.8564653199987	0.25	WheelMovementIntervals													0.019934475612899405
1636.3953107716363	2.7813977749269725	trials	-1.0	1.0	1.5		0.25	0.2	1637.6103225916377	1637.610209362943	1638.6766826116386	1637.3583144616373	1637.3592477016373	1637.3054653199986	
1636.4434653199987	0.27099999999995816	WheelMovementIntervals													0.024552664111126887
1637.3054653199986	1.0040000000001328	WheelMovementIntervals													0.9268650826078613
1639.3424653199986	0.5350000000000819	WheelMovementIntervals													-0.05261049727661771
1639.7674068616398	2.492422342014379	trials	-1.0	1.0	1.5		0.0625	0.2	1640.6900145916406	1640.6899143907253	1641.7597742716418	1640.4250077616405	1640.4258076816404	1640.3244653199986	
1640.3244653199986	0.6230000000000473	WheelMovementIntervals													0.6538703381230278
1641.3124653199986	0.18000000000006366	WheelMovementIntervals													0.08208568303280117
1642.1404653199986	0.1490000000001146	WheelMovementIntervals													0.020776972372090086
1642.4974653199986	0.1790000000000873	WheelMovementIntervals													0.03097553594392366
1642.8489320116428	4.676107715989929	trials	-1.0	-1.0	0.0	0.125		0.2	1644.959720911645	1644.9591345911165	1647.0249143716471	1644.5416293916446	1644.5423959816446	1644.7514653199987	
1643.0664653199985	0.21800000000007458	WheelMovementIntervals													0.021604266446871634
1644.7514653199987	1.9049999999999727	WheelMovementIntervals													0.9894162965468354
1646.9424653199985	0.512000000000171	WheelMovementIntervals													0.09916131834592079
1648.0064653199986	0.06799999999998363	WheelMovementIntervals													0.009108327860133159
1648.117338451648	3.5574881238012495	trials	-1.0	1.0	1.5		0.0625	0.2	1650.1175384116502	1650.117431212385	1651.1747326816512	1649.8432325116498	1649.8439991016498	1649.8334653199986	
1648.4544653199987	0.6029999999998381	WheelMovementIntervals													0.05247272327602559
1649.8334653199986	1.23700000000008	WheelMovementIntervals													1.123385166519057
1652.2671234316522	3.3759048600718415	trials	-1.0	1.0	1.5		0.25	0.2	1654.069543171654	1654.069424958565	1655.1430024816552	1653.8262341716538	1653.8272007416538	1653.9494653199986	
1652.2924653199987	0.34400000000005093	WheelMovementIntervals													0.04666281548773554
1653.9494653199986	1.1970000000001164	WheelMovementIntervals													0.9504238998090386
1655.6724653199985	0.055000000000063665	WheelMovementIntervals													0.00662366054280028
1656.2331267916563	7.441428497169454	trials	-1.0	1.0	1.5		0.25	0.2	1662.1059394516622	1662.1058477030285	1663.1744992516633	1661.8579642516618	1661.858764171662	1661.9404653199986	
1656.3894653199986	0.14799999999991087	WheelMovementIntervals													0.01312806755515794
1657.5874653199987	1.83199999999988	WheelMovementIntervals													-0.5666739096022582
1659.6094653199987	0.6539999999999964	WheelMovementIntervals													0.06263226735211447
1660.9954653199986	0.14599999999995816	WheelMovementIntervals													0.01642495573935321
1661.9404653199986	0.9049999999999727	WheelMovementIntervals													0.8714185598788902
1664.2791554416642	3.078500932843781	trials	-1.0	1.0	1.5		1.0	0.2	1665.7933373416658	1665.7932554086349	1666.8576309016669	1665.5427290716655	1665.5436956416656	1665.6464653199987	
1664.4584653199986	0.10799999999994725	WheelMovementIntervals													0.012346335137294773
1664.7274653199986	0.20700000000010732	WheelMovementIntervals													0.01916323661646402
1665.6464653199987	0.40099999999983993	WheelMovementIntervals													0.6885086622785082
1666.3774653199987	0.26499999999987267	WheelMovementIntervals													0.0425064580828689
1667.946255361668	3.2965116978432434	trials	-1.0	1.0	1.5		0.0625	0.2	1669.6688497516698	1669.6687604290196	1670.7426423616707	1669.3926107116695	1669.3935439516695	1669.5134653199987	
1668.1934653199987	0.30999999999994543	WheelMovementIntervals													0.03609327390367412
1669.5134653199987	0.3889999999998963	WheelMovementIntervals													0.3894158903113123
1670.6184653199987	0.11299999999982901	WheelMovementIntervals													0.08282885987932787
1671.8315667916718	2.9944077266147815	trials	-1.0	1.0	1.5		0.0625	0.2	1673.2656567016734	1673.2655695341111	1674.3259173316744	1672.907525851673	1672.908159121673	1673.0374653199985	
1671.8894653199986	0.15799999999990177	WheelMovementIntervals													0.012973577679673554
1672.2594653199985	0.165000000000191	WheelMovementIntervals													0.026170674118702664
1673.0374653199985	4.891000000000076	WheelMovementIntervals													1.59596403456203
1675.4290736716755	6.045104111259889	trials	-1.0	1.0	1.5		1.0	0.2	1679.90205966168	1679.9019752338418	1680.974152441681	1679.6242207816797	1679.6250207016797	1679.7344653199987	
1678.2494653199985	0.26700000000005275	WheelMovementIntervals													0.015515732439382646
1679.7344653199987	1.321999999999889	WheelMovementIntervals													0.9459717284482281
1682.0718759916822	7.053702773772329	trials	-1.0	1.0	1.5		0.0	0.2	1687.5618936016876	1687.5617765939098	1688.6254872316886	1687.3086522616873	1687.3094855116874	1687.3604653199986	
1682.4454653199987	0.5709999999999127	WheelMovementIntervals													0.043140861610282855
1684.0084653199985	1.0640000000000782	WheelMovementIntervals													0.8167886289009516
1685.4874653199986	0.18299999999999272	WheelMovementIntervals													0.017050673022168894
1685.9814653199985	0.09300000000007458	WheelMovementIntervals													0.006895642845364591
1687.3604653199986	1.0299999999999727	WheelMovementIntervals													0.6269967826226264
1689.6184653199987	0.08799999999996544	WheelMovementIntervals													0.02117645549083136
1689.7293768316897	3.5295197168063623	trials	-1.0	1.0	1.5		1.0	0.2	1691.7011796316917	1691.7010867289011	1692.7588071916928	1691.4738023716916	1691.4748022716915	1691.5754653199986	
1690.7944653199986	0.11300000000005639	WheelMovementIntervals													0.00832946372915444
1691.5754653199986	0.9090000000001055	WheelMovementIntervals													1.151478687578134
1693.8551975416938	2.3204075213336637	trials	-1.0	1.0	1.5		0.125	0.2	1694.6156881516947	1694.6155996787477	1695.6755154916957	1694.3738790016944	1694.3747455816945	1694.3884653199987	
1694.3884653199987	0.5609999999999218	WheelMovementIntervals													0.8321032293197561
1695.4314653199986	0.14599999999995816	WheelMovementIntervals													0.11823249860046303
1695.9284653199986	1.2269999999998618	WheelMovementIntervals													-0.1574367522634077
1696.7729057416968	5.63420926010599	trials	-1.0	1.0	1.5		0.0625	0.2	1700.835499441701	1700.8354116975868	1701.907025611702	1700.5902906317006	1700.5908905717006	1700.5694653199985	
1697.8934653199985	0.7920000000001437	WheelMovementIntervals													0.13484761693246128
1698.8374653199985	0.7640000000001237	WheelMovementIntervals													0.1394130778809881
1700.5694653199985	0.9080000000001291	WheelMovementIntervals													1.1105823555807035
1701.8084653199985	0.22199999999998	WheelMovementIntervals													0.06483702164260308
1702.4274653199986	0.09699999999997999	WheelMovementIntervals													0.03510912162792579
1703.014114891703	3.6109840513811378	trials	-1.0	-1.0	0.0	0.0625		0.8	1704.0678095117041	1704.0672096572307	1706.125037101706	1703.5584271217035	1703.5591603817036	1703.5234653199986	
1703.5234653199986	1.1119999999998527	WheelMovementIntervals													0.5183089353751882
1706.9944653199987	0.05899999999996908	WheelMovementIntervals													0.008331145995384759
1707.2228939717072	4.5690152052513895	trials	1.0	1.0	1.5	0.0625		0.8	1710.2229939317103	1710.2229032988566	1711.2918870317112	1709.8568638817098	1709.85769713171	1709.9534653199985	
1708.3274653199985	0.6620000000000346	WheelMovementIntervals													0.0635022808892245
1709.9534653199985	1.0610000000001492	WheelMovementIntervals													-0.32164227705840176
1712.3949100517125	3.6287111702877155	trials	-1.0	1.0	1.5		1.0	0.8	1714.4533041917146	1714.4532152533527	1715.5235304917155	1714.2402588317143	1714.2409254317142	1714.2664653199986	
1712.8064653199986	0.39799999999991087	WheelMovementIntervals													0.026768436475492763
1714.2664653199986	0.5109999999999673	WheelMovementIntervals													0.9276806836605545
1715.0964653199985	0.05300000000011096	WheelMovementIntervals													0.012004572461762564
1716.6210207317167	2.485695323080108	trials	-1.0	1.0	1.5		1.0	0.8	1717.5495278717176	1717.5494182379132	1718.6066554817187	1717.3417153217174	1717.3425485717173	1717.2954653199986	
1717.2954653199986	0.9629999999999654	WheelMovementIntervals													0.7261670144948482
1718.8504653199986	0.05399999999985994	WheelMovementIntervals													0.026810131336560517
1719.7035124517197	2.571314863803309	trials	1.0	1.0	1.5	0.125		0.8	1720.7038124117207	1720.7037174555567	1721.7747719717217	1720.2246936617203	1720.2254935817202	1720.3974653199987	
1720.3974653199987	0.8309999999999036	WheelMovementIntervals													-0.45388195176303725
1722.7354653199986	0.1069999999999709	WheelMovementIntervals													0.0131519896116572
1722.877728331723	3.6303096993424333	trials	1.0	1.0	1.5	0.125		0.8	1724.937922291725	1724.93783326837	1726.008015271726	1724.5732587617247	1724.5740920117246	1724.7454653199986	
1723.4214653199986	0.05899999999996908	WheelMovementIntervals													0.00726752735428704
1724.7454653199986	0.8369999999999891	WheelMovementIntervals													-0.3994916084655813
1727.1092384717272	3.365503236216682	trials	1.0	1.0	1.5	0.25		0.8	1728.912124831729	1728.9120396696026	1729.9746519017299	1728.5897237417287	1728.5906236517287	1728.6964653199987	
1728.6964653199987	0.94399999999996	WheelMovementIntervals													-0.3211769710201793
1730.7034653199985	0.6180000000001655	WheelMovementIntervals													-0.1952056056029221
1731.082441111731	4.29060365573423	trials	1.0	1.0	1.5	0.25		0.8	1733.808735121734	1733.8086421637659	1734.872995351735	1733.3730786917333	1733.3738786117333	1733.4984653199986	
1731.6544653199985	0.5340000000001055	WheelMovementIntervals													0.05668892078801946
1733.4984653199986	1.04099999999994	WheelMovementIntervals													-0.30295747721552857
1736.3947431617364	2.2616129309997177	trials	1.0	1.0	1.5	1.0		0.8	1737.0893403617372	1737.089246518463	1738.1563336517381	1736.8577635217368	1736.858463451737	1736.9864653199986	
1736.9864653199986	0.9069999999999254	WheelMovementIntervals													-0.321577910819002
1739.2561569917393	2.5166924513864615	trials	1.0	1.0	1.5	0.0625		0.8	1740.2164609517401	1740.2163533486466	1741.2727886417413	1739.84116515174	1739.84209839174	1739.9734653199985	
1739.9734653199985	0.8820000000000618	WheelMovementIntervals													-0.3404990944059705
1742.3741451617425	2.6654051336033717	trials	-1.0	1.0	1.5		0.0625	0.8	1743.4838675117435	1743.4837468825517	1744.5395286017445	1742.9076918017429	1742.9083584017428	1743.0304653199985	
1743.0304653199985	0.6590000000001055	WheelMovementIntervals													0.33262040587655406
1744.1164653199985	0.08899999999994179	WheelMovementIntervals													0.0784186242467797
1744.7424653199985	2.0260000000000673	WheelMovementIntervals													-0.8082338596732654
1745.6562502517456	4.0499023040051725	trials	-1.0	1.0	1.5		0.0625	0.8	1748.146067911748	1748.1459504386346	1749.2061285617492	1747.907391781748	1747.9082250317479	1747.9234653199985	
1747.0094653199985	0.16699999999991633	WheelMovementIntervals													0.012157446012707851
1747.9234653199985	0.4390000000000782	WheelMovementIntervals													0.8252323051720225
1748.6454653199985	0.17600000000015825	WheelMovementIntervals													0.08269212542867876
1750.3189506017504	3.8870166517892812	trials	1.0	1.0	1.5	0.125		0.8	1752.6489509117528	1752.6488593841498	1753.7058785417537	1751.007515071751	1751.0081816717511	1750.9624653199985	
1750.9624653199985	2.005000000000109	WheelMovementIntervals													-0.42401146527720357
1753.3054653199986	0.9359999999999218	WheelMovementIntervals													-0.2208534174843635
1754.8156675517548	5.890114318830456	trials	1.0	-1.0	0.0		0.0	0.8	1758.1433680817581	1758.1425750746168	1760.2057618217602	1757.1740983517573	1757.1750649217572	1757.5534653199986	
1754.8754653199985	0.5670000000000073	WheelMovementIntervals													0.5855734933246879
1755.8384653199985	0.5589999999999691	WheelMovementIntervals													-0.7856860961379937
1757.5534653199986	3.0389999999999873	WheelMovementIntervals													-0.7606319915743427
1760.8964653199985	2.810000000000173	WheelMovementIntervals													-0.8448248136740517
1761.3342822917614	6.188119051899321	trials	1.0	1.0	1.5	0.25		0.8	1765.955286811766	1765.9551950250875	1767.0222801017671	1765.3574799317653	1765.3582465217653	1765.4864653199986	
1763.8654653199985	0.7029999999999745	WheelMovementIntervals													0.07837743133413255
1765.4864653199986	1.2970000000000255	WheelMovementIntervals													-0.3119163675370942
1768.1459010617682	2.276284774061196	trials	1.0	1.0	1.5	0.0625		0.8	1768.8619961117688	1768.8618956434307	1769.9220900917699	1768.6238532617685	1768.6244865317688	1768.7544653199984	
1768.7544653199984	0.8220000000001164	WheelMovementIntervals													-0.4053124841342708
1771.030579231771	2.3265059747805026	trials	1.0	1.0	1.5	0.0625		0.8	1771.7881034717718	1771.7879808513271	1772.8570299017729	1771.5571265717715	1771.5577931717717	1771.6954653199984	
1771.6954653199984	0.90300000000002	WheelMovementIntervals													-0.5047218798606821
1773.5974653199985	0.4270000000001346	WheelMovementIntervals													0.019075835707155875
1773.967485511774	5.623010152286497	trials	1.0	1.0	1.5	0.25		0.8	1778.024313121778	1778.0241913932198	1779.090473161779	1777.7887700117778	1777.7896365917777	1777.9024653199986	
1774.3314653199984	2.8250000000000455	WheelMovementIntervals													-0.4839324406197534
1777.9024653199986	0.8360000000000127	WheelMovementIntervals													-0.29081308208481005
1780.2096945617802	5.3137080465482995	trials	1.0	-1.0	0.0		0.0	0.8		1782.9581976893433	1785.023346481785	1782.7052116517827	1782.7061782217827		
1782.8114653199984	1.1720000000000255	WheelMovementIntervals													-0.3461399922939563
1786.1284653199984	0.23600000000010368	WheelMovementIntervals													-0.017680246011877898
1786.1416013117862	2.315106652953773	trials	1.0	1.0	1.5	1.0		0.8	1786.896025861787	1786.8959031536165	1787.956686451788	1786.6885132817868			
1786.8074653199985	0.6340000000000146	WheelMovementIntervals													-0.37270710306773935
1789.069808461789	2.3870011433227774	trials	-1.0	1.0	1.5		0.25	0.8	1789.8907263617898	1789.8906085110723	1790.956753081791	1789.6051549217896	1789.6060548317896	1789.6304653199986	
1789.6304653199986	1.1159999999999854	WheelMovementIntervals													0.6988825344218412
1792.067708641792	11.320637236620996	trials	1.0	1.0	1.5	0.0625		0.8	1801.822733041802	1801.82263986669	1802.888259811803	1792.6218532217927	1792.6226531417926	1792.5514653199984	
1792.5514653199984	1.4990000000000236	WheelMovementIntervals													-0.15854434704226605
1794.5254653199986	0.3949999999999818	WheelMovementIntervals													0.04874894625106663
1795.6294653199984	0.06200000000012551	WheelMovementIntervals													0.005086356610462417
1797.0124653199985	0.06100000000014916	WheelMovementIntervals													0.015708741410492166
1797.8654653199985	0.09199999999987085	WheelMovementIntervals													0.012257416647173613
1798.6344653199985	0.05600000000004002	WheelMovementIntervals													0.003877117210123515
1801.0484653199985	1.2449999999998909	WheelMovementIntervals													-0.4670731232676246
1804.017346891804	2.437597642438959	trials	-1.0	1.0	1.5		0.0625	0.8	1804.8919260918049	1804.8918453285105	1805.954853121806	1804.5065979618046	1804.5074312118045	1804.6544653199985	
1804.6544653199985	0.3369999999999891	WheelMovementIntervals													0.32645468357443974
1805.5094653199985	0.23700000000008004	WheelMovementIntervals													0.04417908423795325
1807.0716414318072	2.316405961239525	trials	1.0	1.0	1.5	0.25		0.8	1807.8260326518077	1807.825943047358	1808.887993111809	1807.5894896418076	1807.5903562218075	1807.7494653199985	
1807.7494653199985	0.4459999999999127	WheelMovementIntervals													-0.425406130767243
1810.00844772181	5.462993669606703	trials	1.0	1.0	1.5	0.0625		0.8	1813.9047580518138	1813.9046417805932	1814.971418041815	1813.0731078918132	1813.074241111813	1813.0674653199985	
1810.3424653199984	0.28700000000003456	WheelMovementIntervals													0.02367819206602917
1810.7984653199985	0.30700000000001637	WheelMovementIntervals													0.02261292279209215
1811.6504653199986	0.07199999999988904	WheelMovementIntervals													0.013878458745239186
1812.2944653199984	0.0500000000001819	WheelMovementIntervals													0.005837523300584735
1813.0674653199985	1.7300000000000182	WheelMovementIntervals													-0.5415240837670297
1815.6084653199985	1.2840000000001055	WheelMovementIntervals													-0.36398774377536824
1816.1007384318161	4.037301736785139	trials	-1.0	1.0	1.5		0.25	0.8	1818.5681583318185	1818.568038882085	1819.6379846718196	1818.3561128718184	1818.3567794718183	1818.4774653199984	
1817.5834653199986	0.10799999999994725	WheelMovementIntervals													0.008786804628755363
1818.4774653199984	1.2280000000000655	WheelMovementIntervals													1.4219013058375936
1820.7584392818208	3.8643172809004227	trials	-1.0	1.0	1.5		0.0625	0.8	1823.068141621823	1823.068048414846	1824.122702821824	1822.7726378418229	1822.7733711018227	1822.9834653199985	
1821.2154653199984	0.37800000000015643	WheelMovementIntervals													0.03162715460084087
1821.8014653199984	0.21800000000007458	WheelMovementIntervals													0.017964702121190612
1822.9834653199985	1.1259999999999764	WheelMovementIntervals													1.278345143637523
1825.2471570318253	2.508918186467099	trials	1.0	1.0	1.5	1.0		0.8	1826.1882629118263	1826.188163102794	1827.2559561318274	1825.970984641826	1825.971651241826	1826.0814653199984	
1826.0814653199984	1.1280000000001564	WheelMovementIntervals													-0.37942125249008996
1827.7564653199984	0.359000000000151	WheelMovementIntervals													-0.030878460617941528
1828.3781772318284	2.242885987084719	trials	1.0	1.0	1.5	1.0		0.8	1829.055076201829	1829.0549723999004	1830.1209696018302	1828.854129631829	1828.8548962218288	1828.9714653199985	
1828.9714653199985	3.4700000000000273	WheelMovementIntervals													-0.5520026260332997
1831.2495567318313	5.904613039144579	trials	-1.0	-1.0	0.0	0.0625		0.8	1834.5957887418347	1834.5950635531149	1836.6540828918367	1834.3391144118343	1834.3397810118342	1834.4404653199986	
1832.8874653199985	0.11400000000003274	WheelMovementIntervals													0.04017954338419827
1834.4404653199986	0.7329999999999472	WheelMovementIntervals													0.35383311815118645
1837.7823700518377	2.4233977301803407	trials	-1.0	1.0	1.5		0.125	0.8	1838.6386844118388	1838.638568543289	1839.7057110318397	1838.4056743818385	1838.4067076118383	1838.5314653199985	
1838.5314653199985	0.9239999999999782	WheelMovementIntervals													1.5166688978062268
1840.835864671841	2.551614647129327	trials	1.0	1.0	1.5	0.25		0.8	1841.8222660218419	1841.822169560481	1842.8873928318428	1841.5874895018417	1841.5882894218416	1841.7264653199984	
1841.7264653199984	0.7670000000000528	WheelMovementIntervals													-0.30517300661253444
1844.011480411844	4.377200475317295	trials	1.0	1.0	1.5	0.25		0.8	1846.820899441847	1846.8207800751013	1847.8886593218479	1846.6221193218466	1846.6228525818467	1846.7304653199985	
1845.0534653199984	0.22100000000000364	WheelMovementIntervals													0.022470647105620856
1846.7304653199985	0.5169999999998254	WheelMovementIntervals													-0.38723132716637565
1847.5174653199986	0.14999999999986358	WheelMovementIntervals													0.03299682311808283
1848.3764653199985	0.09600000000000364	WheelMovementIntervals													-0.019975910700054555
1849.016979811849	2.286907855051595	trials	1.0	1.0	1.5	0.125		0.8	1849.7505064518498	1849.7503820102368	1850.8038677718507	1849.5204961218496	1849.5214626918496	1849.6484653199984	
1849.6484653199984	0.3810000000000855	WheelMovementIntervals													-0.40542962184289877
1850.5404653199985	0.21299999999996544	WheelMovementIntervals													0.034253205690504274
1851.929388541852	2.6745035681331046	trials	1.0	1.0	1.5	1.0		0.8	1853.0498098218532	1853.0496896175964	1854.103837741854	1852.5555592518526	1852.5563925018525	1852.6954653199984	
1852.6954653199984	1.2180000000000746	WheelMovementIntervals													-0.3068823110145047
1855.2306917118553	2.52301665744244	trials	1.0	1.0	1.5	0.125		0.8	1856.1998947818563	1856.1997973418659	1857.2535894018572	1855.8054009018558	1855.8063008118559	1855.9834653199985	
1855.9834653199985	0.9349999999999454	WheelMovementIntervals													-0.36441102504778655
1858.2064653199984	0.18499999999994543	WheelMovementIntervals													-0.04293596499061891
1858.3807100118584	2.439596498993751	trials	1.0	1.0	1.5	1.0		0.8	1859.2547892618593	1859.2547080410945	1860.3202493718604	1859.0385775518591	1859.039244151859	1859.1604653199984	
1859.1604653199984	1.0360000000000582	WheelMovementIntervals													-0.31424055955798735
1861.2334653199985	0.055000000000063665	WheelMovementIntervals													0.0033541573566537863
1861.4496030918615	2.4222980911413288	trials	1.0	1.0	1.5	0.0		0.8	1862.3056174818623	1862.3055017106992	1863.3718108518633	1862.0551758618622	1862.055842461862	1862.1724653199985	
1862.1724653199985	1.2649999999998727	WheelMovementIntervals													-0.333380539731138
1863.6324653199983	0.14500000000020918	WheelMovementIntervals													0.009375383621801348
1864.4984981718644	2.3217238603635906	trials	1.0	1.0	1.5	0.0625		0.8	1865.2682211918652	1865.2681054181587	1866.3201493218664	1865.020279321865	1865.021112571865	1865.0104653199985	
1865.0104653199985	1.1369999999999436	WheelMovementIntervals													-0.33992249324464296
1867.7764653199984	2.6440000000000055	WheelMovementIntervals													-0.8488966082818479
1867.849329721868	5.070697564549164	trials	1.0	1.0	1.5	1.0		0.2	1871.3684111118714	1871.3683266437238	1872.4199392818725	1870.888492441871	1870.889325691871	1871.0074653199983	
1871.0074653199983	1.15300000000002	WheelMovementIntervals													-0.29283130267089064
1873.5654247218736	2.68810341069684	trials	-1.0	1.0	1.5		0.25	0.2	1874.6894123118748	1874.6893253116882	1875.7534725618757	1874.4385040718744	1874.4392706618744	1874.6024653199984	
1874.6024653199984	1.1829999999999927	WheelMovementIntervals													1.5714576435125878
1876.881026461877	2.855515519360779	trials	-1.0	1.0	1.5		0.0625	0.2	1878.179029981878	1878.1789330613067	1879.2364908918792	1877.7216757218778	1877.7225756318778	1877.8484653199985	
1877.8484653199985	1.1099999999999	WheelMovementIntervals													0.6642240677958
1879.1614653199983	0.1310000000000855	WheelMovementIntervals													0.01845652365273054
1880.3699442018803	3.049899947169706	trials	-1.0	1.0	1.5		0.125	0.2	1881.868327681882	1881.868243684665	1882.919822521883	1881.5214290418814	1881.5221289718816	1881.5714653199984	
1880.4104653199984	0.375	WheelMovementIntervals													0.036293607748547174
1881.5714653199984	1.2460000000000946	WheelMovementIntervals													0.6926044301635557
1884.048942931884	3.2224859401076174	trials	-1.0	1.0	1.5		1.0	0.2	1885.7107434018858	1885.7106346505166	1886.7713706618867	1885.4714340018854	1885.4724339018856	1885.5704653199984	
1884.4554653199984	0.06799999999998363	WheelMovementIntervals													0.007195073595994472
1885.5704653199984	0.5070000000000618	WheelMovementIntervals													0.8983749602709281
1886.5204653199985	0.3830000000000382	WheelMovementIntervals													0.03078278849693561
1887.3264653199985	0.3079999999999927	WheelMovementIntervals													0.05020963302345649
1887.9075237018878	2.430423648400847	trials	-1.0	1.0	1.5		0.125	0.2	1888.7732371218888	1888.7731314120756	1889.83789731189	1888.5197291418885	1888.5206290518886	1888.6684653199984	
1888.6684653199984	0.91599999999994	WheelMovementIntervals													1.3382141097980877
1890.2374653199984	0.09300000000007458	WheelMovementIntervals													0.010538550390208457
1890.967950961891	4.269809650265643	trials	-1.0	1.0	1.5		1.0	0.2	1893.6829461018938	1893.6828558262162	1894.7376739518947	1893.4530024318935	1893.4538356818935	1893.4374653199984	
1891.0064653199984	0.1870000000001255	WheelMovementIntervals													0.014361729303004722
1891.6684653199984	0.1959999999999127	WheelMovementIntervals													0.020913048577398285
1893.4374653199984	1.0050000000001091	WheelMovementIntervals													0.8127019340769834
1895.5474653199983	0.05900000000019645	WheelMovementIntervals													0.0064840635288589965
1895.7604653199985	0.5059999999998581	WheelMovementIntervals													0.03532679860290955
1895.879459761896	3.3068060421803693	trials	-1.0	1.0	1.5		0.25	0.2	1897.6205523018975	1897.6204618900656	1898.6861457318987	1897.3529790618975	1897.3537789818974	1897.5024653199985	
1897.5024653199985	0.6900000000000546	WheelMovementIntervals													0.7152111293515873
1898.5394653199985	1.0239999999998872	WheelMovementIntervals													-0.2606050401785467
1899.8307645918999	4.590310655987423	trials	-1.0	1.0	1.5		0.25	0.2	1902.860361601903	1902.8602703046645	1903.9209888619039	1902.5877222019026	1902.5883554719026	1902.6804653199983	
1899.9754653199984	1.7159999999998945	WheelMovementIntervals													0.19695807862066772
1902.6804653199983	0.95900000000006	WheelMovementIntervals													0.80255689282032
1905.064874461905	2.921283718757195	trials	-1.0	1.0	1.5		1.0	0.2	1906.4209721719064	1906.42086597618	1907.4860989819076	1906.2193590019062	1906.2202589119063	1906.1674653199984	
1905.6464653199985	0.1150000000000091	WheelMovementIntervals													0.011478378221454477
1906.1674653199984	1.13799999999992	WheelMovementIntervals													1.149127917870402
1908.6203522119085	2.982304489325543	trials	-1.0	1.0	1.5		0.0625	0.2	1910.05177572191	1910.0516538865456	1911.102670621911	1909.8041338219098	1909.8048337519099	1909.9164653199985	
1909.0244653199984	0.15300000000002	WheelMovementIntervals													0.019462757584818746
1909.9164653199985	0.4079999999999018	WheelMovementIntervals													0.7244068123152942
1912.2442564519122	3.5264158373231567	trials	-1.0	1.0	1.5		0.0625	0.2	1914.2165592019142	1914.2164641906693	1915.2706537819154	1913.920755451914	1913.921455381914	1914.0734653199984	
1912.5574653199983	0.26100000000019463	WheelMovementIntervals													0.056136992338878144
1913.1964653199984	0.1069999999999709	WheelMovementIntervals													0.008646726979122832
1914.0734653199984	1.0860000000000127	WheelMovementIntervals													0.98398634809638
1915.4154653199985	0.2439999999999145	WheelMovementIntervals													0.011122436470941466
1916.4135728119165	2.3390028844460176	trials	-1.0	1.0	1.5		0.125	0.2	1917.1982943319172	1917.198173108597	1918.2524889019182	1916.952552241917	1916.953385491917	1917.0014653199985	
1917.0014653199985	4.54099999999994	WheelMovementIntervals													1.550685634429101
1919.4019739419193	5.400426767827639	trials	-1.0	1.0	1.5		0.125	0.2	1923.2537887219232	1923.2536916069453	1924.3022838619243	1923.0206453719231	1923.021545281923	1923.0964653199983	
1921.7184653199984	0.17499999999995453	WheelMovementIntervals													0.009819376908922095
1923.0964653199983	0.6240000000000236	WheelMovementIntervals													0.9554201702595435
1924.0244653199984	0.28500000000008185	WheelMovementIntervals													0.05553172396361106
1925.2264653199984	0.8320000000001073	WheelMovementIntervals													0.14940317047035023
1925.4570017119254	4.580111368972666	trials	-1.0	-1.0	0.0	0.0		0.2	1927.4951312119276	1927.4944058795934	1929.5370603319295	1927.2372570019272	1927.2381235819273	1927.3094653199985	
1927.3094653199985	0.49499999999989086	WheelMovementIntervals													0.8397467686615698
1928.0304653199985	0.2239999999999327	WheelMovementIntervals													0.02793341847242914
1928.6514653199984	0.057999999999992724	WheelMovementIntervals													0.0037206264557028135
1930.6829124019307	2.2209863303562543	trials	-1.0	1.0	1.5		0.25	0.2	1931.3576115919313	1931.3575076424836	1932.4038069619323	1931.1521321419311	1931.1530320519312	1931.2184653199984	
1931.2184653199984	1.3320000000001073	WheelMovementIntervals													2.011620899800846
1932.9244653199985	0.30399999999985994	WheelMovementIntervals													0.033038044996743565
1933.5516921619335	2.3355035912854873	trials	-1.0	1.0	1.5		1.0	0.2	1934.3465126719343	1934.3463927033993	1935.3871752619355	1934.1355004419343	1934.1363003619342	1934.1584653199984	
1934.1584653199984	1.9649999999999181	WheelMovementIntervals													1.4445466010813561
1936.5310941919365	7.220912495344464	trials	-1.0	1.0	1.5		0.25	0.2	1942.2098262619422	1942.2097024455957	1943.2519887019432	1941.985248721942	1941.9861486319421	1941.9914653199983	
1936.7464653199984	0.16000000000008185	WheelMovementIntervals													0.012222983912351992
1937.2124653199983	3.647000000000162	WheelMovementIntervals													-0.4664886311356611
1941.9914653199983	1.3380000000001928	WheelMovementIntervals													1.0767581621129807
1944.4157056519443	3.4363229693808535	trials	-1.0	1.0	1.5		1.0	0.2	1946.3133158719463	1946.313217231078	1947.3519453319473	1946.070040201946	1946.0707401319462	1946.0654653199983	
1946.0654653199983	0.5380000000000109	WheelMovementIntervals													0.7113013799767316
1946.9514653199983	0.3220000000001164	WheelMovementIntervals													0.057339173431472545
1948.4994305719486	3.7189990368590315	trials	-1.0	1.0	1.5		1.0	0.2	1950.6706134319506	1950.6705288421094	1951.7184086419518	1950.4533684919504	1950.4543017319504	1950.5454653199984	
1948.5424653199984	0.16999999999984539	WheelMovementIntervals													0.02271748950911956
1950.5454653199984	0.43100000000004	WheelMovementIntervals													0.7874974461562374
1951.3054653199983	0.3369999999999891	WheelMovementIntervals													0.03340815294737354
1952.8671270919529	2.934507788810606	trials	1.0	1.0	1.5	1.0		0.2	1954.2653205919544	1954.2652303263822	1955.3016169519553	1954.003246801954	1954.004213371954	1954.1584653199984	
1952.9274653199984	0.15099999999983993	WheelMovementIntervals													0.009853514806849262
1954.1584653199984	0.6119999999998527	WheelMovementIntervals													-0.3419655589065087
1956.3224653199984	0.3350000000000364	WheelMovementIntervals													0.024381414003528334
1956.4505353819566	3.2692087235980125	trials	-1.0	1.0	1.5		0.0625	0.2	1958.1722298619582	1958.172138922682	1959.2196251119592	1957.903190101958	1957.903823371958	1958.0494653199983	
1956.9524653199983	0.12599999999997635	WheelMovementIntervals													0.006760627721291712
1958.0494653199983	0.2720000000001619	WheelMovementIntervals													0.5388002843240258
1960.3695434419603	3.5153879343454264	trials	1.0	1.0	1.5	1.0		0.2	1962.3393464419623	1962.339235560893	1963.3849418719633	1962.084771901962	1962.085705141962	1962.1354653199983	
1960.7574653199983	0.17300000000000182	WheelMovementIntervals													0.03685354399908647
1961.5174653199983	0.055000000000063665	WheelMovementIntervals													0.0008883338440170974
1962.1354653199983	0.3269999999999982	WheelMovementIntervals													-0.3466646232095343
1964.5094653199983	0.2740000000001146	WheelMovementIntervals													0.02270383938298437
1964.5358267719646	3.2675088988878542	trials	-1.0	1.0	1.5		0.25	0.2	1966.2423561019662	1966.2422303747971	1967.3032500019674	1966.019811691966	1966.020611611966	1966.1174653199982	
1966.1174653199982	0.28500000000008185	WheelMovementIntervals													0.4575108246057482
1967.0964653199983	0.07300000000009277	WheelMovementIntervals													0.00660721503678019
1968.4527350419685	2.748822555738343	trials	-1.0	1.0	1.5		0.25	0.2	1969.6472489119697	1969.6471444082974	1970.7015101419706	1969.4181718219695			
1968.6084653199985	0.14599999999995816	WheelMovementIntervals													0.02555812877287167
1969.5474653199983	1.2450000000001182	WheelMovementIntervals													1.2412025408181933
1971.1314653199984	0.1169999999999618	WheelMovementIntervals													-0.02693618007080545
1971.8524617019718	3.415394417429752	trials	-1.0	-1.0	0.0	0.0625		0.2	1972.7061429919727	1972.7052600583534	1974.7678034719747	1972.4361699919725			
1972.4174653199984	0.8260000000000218	WheelMovementIntervals													0.3919786039762698
1975.4854653199984	0.5180000000000291	WheelMovementIntervals													-0.21694710333557055
1975.930653841976	2.370699745545835	trials	-1.0	1.0	1.5		0.25	0.2	1976.7440724919768	1976.7439530685563	1977.8012667619778	1976.5526249719767	1976.5533915619765	1976.5854653199983	
1976.5854653199983	1.0060000000000855	WheelMovementIntervals													1.4312360981816425
1978.959150961979	3.6085077448401535	trials	-1.0	1.0	1.5		0.0625	0.2	1981.0037464819811	1981.0036542168825	1982.067640081982	1980.7360732519808	1980.7369731619808	1980.8084653199983	
1979.0224653199984	1.0039999999999054	WheelMovementIntervals													0.13322638636790884
1980.8084653199983	0.4670000000000982	WheelMovementIntervals													0.6987034090608404
1981.6984653199984	0.41599999999994	WheelMovementIntervals													0.08914609429430698
1983.2241577519833	2.378698194616163	trials	-1.0	1.0	1.5		0.125	0.2	1984.041975961984	1984.0418567876072	1985.1028032019851	1983.8193315619837	1983.8202648019837	1983.7854653199984	
1983.7854653199984	0.5429999999998927	WheelMovementIntervals													0.8414708044398367
1984.6694653199984	0.19200000000000728	WheelMovementIntervals													0.04712021006332634
1986.1034653199983	0.16200000000003456	WheelMovementIntervals													0.0076613959253393205
1986.2596541719863	5.2914352966352	trials	-1.0	1.0	1.5		0.25	0.2	1989.99208089199	1989.991977657828	1991.051041651991	1989.7844016619897	1989.7851349219898	1989.7124653199983	
1986.4634653199982	0.32600000000002183	WheelMovementIntervals													0.023056612842140112
1987.0244653199984	1.2919999999999163	WheelMovementIntervals													-0.39506970921974016
1988.5634653199984	0.6900000000000546	WheelMovementIntervals													0.1062100869729079
1989.7124653199983	1.3450000000000273	WheelMovementIntervals													1.371479542018477
1992.2174916619922	3.401396272611464	trials	-1.0	1.0	1.5		0.25	0.2	1994.060174041994	1994.0600885593637	1995.1188681619951	1993.8358298119938	1993.8366963919939	1993.9554653199984	
1993.9554653199984	0.3869999999999436	WheelMovementIntervals													0.8379298989792687
1994.6834653199983	0.22000000000002728	WheelMovementIntervals													0.03672417061500255
1996.2855848119964	4.083494812737854	trials	1.0	1.0	1.5	0.125		0.2	1998.8101989919987	1998.8100803686916	1999.8689931019999	1998.5506916119987	1998.5515581919985	1998.7184653199984	
1996.3994653199984	0.3689999999999145	WheelMovementIntervals													0.04321505733773279
1998.7184653199984	1.1309999999998581	WheelMovementIntervals													-0.3289404279236692
2001.035376452001	3.098811423222969	trials	-1.0	1.0	1.5		1.0	0.2	2002.5697896620027	2002.56968161282	2003.6341498820036	2002.3505115920025	2002.3511781920024	2002.4534653199983	
2001.3674653199982	0.11000000000012733	WheelMovementIntervals													0.0069573659411332756
2002.4534653199983	2.3220000000001164	WheelMovementIntervals													1.0889899080183056
2005.1234653199983	1.3150000000000546	WheelMovementIntervals													0.1411830316586986
2005.2272905520053	4.2066131061451415	trials	-1.0	1.0	1.5		0.0625	0.2	2007.875092412008	2007.8749975423839	2008.9338531920089	2007.6022863620076	2007.6030529520076	2007.6834653199983	
2007.6834653199983	0.3630000000000564	WheelMovementIntervals													0.5016191015232039
2008.3704653199984	0.35199999999986176	WheelMovementIntervals													0.05522951067393933
2010.0982034120102	4.219111633011607	trials	-1.0	-1.0	0.0	0.0625		0.2	2011.7596372520118	2011.7589072037038	2013.8172314720139	2011.3519446920113	2011.3526446220114	2011.4104653199984	
2010.4254653199982	0.20800000000008367	WheelMovementIntervals													0.016901418667089274
2011.4104653199984	0.8170000000000073	WheelMovementIntervals													0.563707342837148
2014.1054653199983	0.26900000000000546	WheelMovementIntervals													0.02407131736111978
2014.5274653199983	0.38799999999991996	WheelMovementIntervals													-0.050319785128806416
2014.986114572015	2.280905165536524	trials	1.0	1.0	1.5	1.0		0.2	2015.7017096720158	2015.7016158787098	2016.7669698020168	2015.4852646520155	2015.4862312220155	2015.6034653199983	
2015.6034653199983	0.91599999999994	WheelMovementIntervals													-0.3231863500232919
2017.932019952018	3.5702101928320644	trials	-1.0	1.0	1.5		0.0	0.2	2019.95091804202	2019.950824584722	2021.002112912021	2019.5186612720195	2019.5194611920194	2019.6074653199983	
2018.0604653199982	0.8380000000001928	WheelMovementIntervals													0.08027799853894635
2019.6074653199983	0.5140000000001237	WheelMovementIntervals													0.5287021240269212
2022.1677296720222	2.517287287625095	trials	-1.0	1.0	1.5		1.0	0.2	2023.1313333020232	2023.1312240408452	2024.1849612620242	2022.9004230620228	2022.901389632023	2022.6854653199982	
2022.6854653199982	0.6420000000000528	WheelMovementIntervals													0.6152662700212659
2025.2334653199982	0.5670000000000073	WheelMovementIntervals													0.059663640382893846
2025.3536110520254	3.7634218511764175	trials	-1.0	1.0	1.5		0.25	0.2	2027.5629234320277	2027.5628227051038	2028.6169513520285	2027.2835847020274	2027.2842846320273	2027.4044653199983	
2027.4044653199983	0.8959999999999582	WheelMovementIntervals													0.8078638868787493
2029.7860344320297	3.1990852474880285	trials	-1.0	1.0	1.5		0.125	0.2	2031.4225374320315	2031.4224258628092	2032.4850645020324	2031.1682628620313	2031.1691961020313	2031.3014653199982	
2031.3014653199982	1.0060000000000855	WheelMovementIntervals													1.373662066215985
2033.6549141720336	3.1284174843394794	trials	-1.0	1.0	1.5		1.0	0.2	2035.2307232420353	2035.2306224747972	2036.2832846420363	2034.999912992035	2035.000812902035	2034.9964653199984	
2033.8414653199984	0.3729999999998199	WheelMovementIntervals													0.038998279130794344
2034.9964653199984	0.5829999999998563	WheelMovementIntervals													0.9698296857002333
2035.8474653199983	0.24299999999993815	WheelMovementIntervals													0.03567197962559021
2037.4543341920375	3.5640101097590104	trials	-1.0	1.0	1.5		1.0	0.2	2039.4592336820394	2039.4591387538883	2040.5182944320406	2039.2348561220392	2039.2356893720394	2039.3334653199984	
2037.9014653199984	0.13199999999983447	WheelMovementIntervals													0.012202662148695254
2039.3334653199984	1.0169999999998254	WheelMovementIntervals													0.8649016022586125
2041.6908438320418	2.9923021224776676	trials	1.0	1.0	1.5	0.0625		0.2	2043.1263336020431	2043.126243890794	2044.1830945820443	2042.1831945920421	2042.1839611820421	2042.1114653199984	
2042.1114653199984	2.0269999999998163	WheelMovementIntervals													-0.2793550928464015
2044.8104653199982	3.6440000000000055	WheelMovementIntervals													-0.4069577342955881
2045.3556439820454	6.777318754789576	trials	-1.0	1.0	1.5		0.0625	0.2	2050.5756552620505	2050.5755576568445	2051.6329161920517	2050.33444605205	2050.3351793120505	2050.154465319998	
2048.629465319998	0.6579999999999018	WheelMovementIntervals													0.06661191011971823
2049.520465319998	0.25	WheelMovementIntervals													0.024902362215414087
2050.154465319998	1.7020000000002256	WheelMovementIntervals													1.355377013320151
2052.825863552053	3.9737035731382093	trials	-1.0	1.0	1.5		0.0625	0.2	2055.241555292055	2055.241464508358	2056.2994828220562	2054.984281022055	2054.985080942055	2054.965465319998	
2053.216465319998	0.0500000000001819	WheelMovementIntervals													0.004238545913153757
2053.515465319998	0.22400000000016007	WheelMovementIntervals													0.017309166768484374
2054.965465319998	0.4619999999999891	WheelMovementIntervals													0.5702148318003424
2056.124465319998	0.33100000000013097	WheelMovementIntervals													0.08002801119704372
2057.4736653920577	2.375698051402196	trials	-1.0	1.0	1.5		0.125	0.2	2058.285950822058	2058.2858640421196	2059.3492778120594	2058.051007652058	2058.051640922058	2058.144465319998	
2058.144465319998	0.2990000000004329	WheelMovementIntervals													0.5630540494564116
2059.0794653199982	0.11199999999962529	WheelMovementIntervals													0.039720216086323035
2060.366465319998	0.42099999999982174	WheelMovementIntervals													0.05759008625852857
2060.5240603220604	3.176913608959694	trials	-1.0	1.0	1.5		0.25	0.2	2062.1374656320622	2062.137366217343	2063.2009259420633	2061.884157632062	2061.884957552062	2061.909465319998	
2061.0124653199982	0.08399999999983265	WheelMovementIntervals													0.008478309259714933
2061.909465319998	4.781999999999698	WheelMovementIntervals													1.528596617538085
2064.3826744220646	7.666499057909732	trials	-1.0	1.0	1.5		1.0	0.2	2070.4990627220704	2070.4989720748786	2071.5491577020716	2070.2993160320702	2070.3000492920705	2070.353465319998	
2066.8474653199983	0.24899999999979627	WheelMovementIntervals													0.016926357294266836
2067.574465319998	1.6900000000000546	WheelMovementIntervals													1.2973273369514118
2070.353465319998	1.1579999999999018	WheelMovementIntervals													1.2997650842602866
2072.747271212073	2.4019214769891732	trials	1.0	1.0	1.5	0.125		0.2	2073.5859873320737	2073.5858780122685	2074.649147672075	2073.2841508520733	2073.2849841020734	2073.459465319998	
2073.459465319998	0.5	WheelMovementIntervals													-0.3100781563708779
2075.830296212076	3.5353827261646984	trials	-1.0	1.0	1.5		1.0	0.2	2077.8045987620776	2077.8044860078007	2078.8655926520787	2077.6008191420774	2077.6016190620776	2077.654465319998	
2076.139465319998	0.29500000000007276	WheelMovementIntervals													0.03831878749554107
2077.654465319998	0.8409999999998945	WheelMovementIntervals													1.0303057378796439
2079.965465319998	0.7399999999997817	WheelMovementIntervals													0.06710727716523479
2080.04787441208	3.6178327919560616	trials	-1.0	1.0	1.5		0.25	0.2	2082.103602152082	2082.1034919077706	2083.165595942083	2081.833895792082	2081.834829032082	2081.841465319998	
2081.841465319998	2.394999999999982	WheelMovementIntervals													1.1255282024783355
2084.3481110120842	2.635703631154229	trials	-1.0	1.0	1.5		0.125	0.2	2085.4226035520855	2085.422511676997	2086.4837307620865	2085.2005590920853	2085.2014923320853	2085.207465319998	
2084.462465319998	0.22499999999990905	WheelMovementIntervals													0.03685141944077941
2085.207465319998	0.5720000000001164	WheelMovementIntervals													0.741321358861569
2086.071465319998	0.29399999999986903	WheelMovementIntervals													0.061444322447016475
2087.6606130620876	3.3566989644091336	trials	-1.0	1.0	1.5		1.0	0.2	2089.4613996320895	2089.4613114336476	2090.5171940420905	2089.2154242320894	2089.2163241420894	2089.210465319998	
2087.711465319998	0.5640000000003056	WheelMovementIntervals													0.06264499463583206
2089.210465319998	1.1869999999998981	WheelMovementIntervals													1.06932896106224
2091.696709412092	3.7535931933784923	trials	-1.0	1.0	1.5		0.25	0.2	2093.898922502094	2093.8988042455712	2094.950250692095	2093.6321825120936	2093.632915772094	2093.654465319998	
2091.802465319998	0.47100000000000364	WheelMovementIntervals													0.030035673422219133
2092.490465319998	0.057000000000243745	WheelMovementIntervals													0.002513149847573004
2093.654465319998	0.9420000000000073	WheelMovementIntervals													0.8919882668390073
2096.1336990020964	3.298403474501356	trials	-1.0	1.0	1.5		1.0	0.2	2097.881324222098	2097.88119978329	2098.932052472099	2097.6318825020976	2097.6328157420976	2097.727465319998	
2096.369465319998	0.06199999999989814	WheelMovementIntervals													0.002620736366395704
2096.690465319998	0.08699999999998909	WheelMovementIntervals													0.00662007332431358
2096.952465319998	0.08000000000038199	WheelMovementIntervals													0.0038397502148654894
2097.727465319998	0.6539999999999964	WheelMovementIntervals													0.8695739718031632
2098.685465319998	0.09499999999979991	WheelMovementIntervals													0.00845252465461499
2100.1155007821003	2.583107194193417	trials	-1.0	1.0	1.5		0.0	0.2	2101.145131142101	2101.1450028522554	2102.1985257921024	2100.6833106621007	2100.684077252101	2100.653465319998	
2100.653465319998	2.0260000000002947	WheelMovementIntervals													1.278718784257876
2103.3828073521036	2.500613677279034	trials	-1.0	1.0	1.5		0.25	0.2	2104.320513572104	2104.320411730496	2105.3833072821053	2104.116833942104	2104.1177005221043	2104.154465319998	
2104.154465319998	3.625999999999749	WheelMovementIntervals													0.9267382357177212
2106.5671222221067	4.566208042585913	trials	1.0	1.0	1.5	0.125		0.2	2109.5734215621096	2109.5733268586573	2110.6332822321106	2109.265119062109	2109.2659189821093	2109.301465319998	
2108.185465319998	0.21500000000014552	WheelMovementIntervals													0.015660438058773707
2108.636465319998	0.1550000000002001	WheelMovementIntervals													0.010734922500660105
2109.301465319998	1.1100000000001273	WheelMovementIntervals													-0.30261611026605806
2111.818930322112	2.879610132601101	trials	-1.0	1.0	1.5		0.0625	0.2	2113.141431392113	2113.1413340568474	2114.198525672114	2112.798299042113	2112.799132292113	2112.775465319998	
2112.013465319998	0.11200000000008004	WheelMovementIntervals													0.005166298265294245
2112.775465319998	1.2869999999998072	WheelMovementIntervals													1.2033932346641336
2115.3845403921155	2.4806149774831283	trials	-1.0	1.0	1.5		1.0	0.2	2116.315047332116	2116.314945259583	2117.3651089821174	2116.099802192116	2116.1004687921163	2115.944465319998	
2115.944465319998	1.1349999999997635	WheelMovementIntervals													1.1742406217681491
2117.415465319998	0.1390000000001237	WheelMovementIntervals													0.011850919143796546
2118.5518569621186	2.8310861808140544	trials	1.0	1.0	1.5	1.0		0.2	2119.83262887212	2119.8325502583903	2120.882890502121	2119.5665221521194	2119.5673887321195	2119.507465319998	
2118.837465319998	0.11999999999989086	WheelMovementIntervals													0.00870911998970314
2119.507465319998	1.1059999999997672	WheelMovementIntervals													-0.33680262925332727
2122.048465319998	0.7789999999999964	WheelMovementIntervals													0.07559604214873161
2122.0689385521223	3.297302282806413	trials	-1.0	1.0	1.5		1.0	0.2	2123.806764752124	2123.8066392281703	2124.866158802125	2123.5815539421237			
2123.534465319998	1.2029999999999745	WheelMovementIntervals													0.8928207446512033
2126.053040102126	2.7118231967965585	trials	-1.0	1.0	1.5		1.0	0.2	2127.204558272127	2127.2044491020424	2128.2648522321283	2126.981347262127			
2127.010465319998	1.0610000000001492	WheelMovementIntervals													1.003536676222609
2129.4535666821293	3.129289897322451	trials	-1.0	1.0	1.5		1.0	0.2	2131.028442512131	2131.028360591539	2132.082770402132	2130.816330392131	2130.8171636421307	2130.785465319998	
2130.785465319998	0.5960000000000036	WheelMovementIntervals													0.7187364298198418
2131.856465319998	0.08100000000013097	WheelMovementIntervals													0.039559229731423784
2133.2673519321334	3.413921163988107	trials	-1.0	1.0	1.5		0.125	0.2	2135.121966452135	2135.1218623423956	2136.1812271821364	2134.848027182135	2134.848693782135	2134.827465319998	
2133.711465319998	0.12600000000020373	WheelMovementIntervals													0.016175984146741484
2133.998465319998	0.20100000000002183	WheelMovementIntervals													0.020574860811905182
2134.827465319998	0.4050000000002001	WheelMovementIntervals													0.42296095779158804
2137.292465319998	0.28099999999994907	WheelMovementIntervals													0.023729776129414404
2137.3699749621373	2.529284966553405	trials	-1.0	1.0	1.5		0.25	0.2	2138.3461773321383	2138.346068388645	2139.3992053521392	2138.099368682138	2138.100268592138	2138.060465319998	
2138.060465319998	1.2840000000001055	WheelMovementIntervals													1.381192251191294
2140.321465319998	0.068000000000211	WheelMovementIntervals													0.0029194811255024433
2140.5862533021404	2.3449122820734374	trials	-1.0	1.0	1.5		0.0625	0.2	2141.3749744221413	2141.374857096349	2142.4311354621423	2141.064238832141	2141.064905432141	2141.200465319998	
2141.200465319998	5.983000000000175	WheelMovementIntervals													1.1888141200214477
2144.084270132144	6.415121508003267	trials	-1.0	1.0	1.5		1.0	0.2	2148.942184292149	2148.94208490447	2149.99927857215	2148.7325052621486	2148.7333718421487	2148.830465319998	
2148.830465319998	0.3789999999999054	WheelMovementIntervals													0.877091735863587
2149.5614653199978	1.9050000000002	WheelMovementIntervals													0.172402425838186
2151.200491772151	2.698494196926731	trials	-1.0	1.0	1.5		1.0	0.2	2152.3396778421525	2152.3395889004155	2153.3989385721534	2152.1308653921524	2152.131665312152	2152.235465319998	
2152.235465319998	0.9669999999996435	WheelMovementIntervals													1.0748678473502764
2154.6196831521547	4.144416064949382	trials	-1.0	1.0	1.5		0.0625	0.2	2157.2151902421574	2157.215091960222	2158.264052012158	2156.830662032157	2156.831561942157	2157.085465319998	
2155.300465319998	0.36400000000003274	WheelMovementIntervals													0.03339093832028084
2157.085465319998	1.06899999999996	WheelMovementIntervals													0.7981033615623119
2159.4550995621594	2.3090010265482306	trials	-1.0	1.0	1.5		0.125	0.2	2160.21389034216	2160.213799242299	2161.264018652161	2159.96574849216	2159.96648175216	2159.956465319998	
2159.956465319998	0.6579999999999018	WheelMovementIntervals													1.0792260076240154
2160.960465319998	0.0749999999998181	WheelMovementIntervals													0.030873328377083453
2162.249465319998	0.07099999999991269	WheelMovementIntervals													0.008926893174930228
2162.4674982921624	2.5980059326529954	trials	-1.0	1.0	1.5		0.0	0.2	2163.5017948521636	2163.501699857654	2164.5653884821645	2162.998878482163	2162.999745062163	2163.127465319998	
2163.127465319998	1.2010000000000218	WheelMovementIntervals													0.9324517337576594
2165.546465319998	0.1550000000002001	WheelMovementIntervals													-0.01138222508632225
2165.750803262166	2.2630054776550423	trials	-1.0	1.0	1.5		0.125	0.2	2166.4644985521663	2166.4644043587864	2167.5137936121673	2166.2140236021664			
2166.221465319998	0.8789999999999054	WheelMovementIntervals													1.1110411704494823
2168.620465319998	0.09799999999995634	WheelMovementIntervals													0.01564180541117821
2168.7051078021686	2.3419986197477556	trials	-1.0	1.0	1.5		0.25	0.2	2169.4972952421695	2169.4972069971313	2170.5469902621708	2169.2654517621695			
2169.112465319998	2.168999999999869	WheelMovementIntervals													0.8658860255290506
2171.637465319998	0.4650000000001455	WheelMovementIntervals													0.04016345992812376
2171.735604722172	3.2628049385743907	trials	-1.0	1.0	1.5		0.125	0.2	2173.4372012121735	2173.4371062545924	2174.4983950821747	2173.182060062173	2173.1828933121733	2173.172465319998	
2172.326465319998	0.306999999999789	WheelMovementIntervals													0.03084505042698993
2173.172465319998	0.4479999999998654	WheelMovementIntervals													0.6005395373036322
2175.699508292176	2.865710027246678	trials	-1.0	1.0	1.5		0.125	0.2	2177.004611102177	2177.00451194767	2178.0651717021783	2176.7470368621766	2176.747803452177	2176.8024653199977	
2175.817465319998	0.13400000000001455	WheelMovementIntervals													0.007970059791944095
2176.8024653199977	0.5960000000000036	WheelMovementIntervals													0.4459807919665195
2179.2659182821794	6.165812650358475	trials	-1.0	1.0	1.5		0.25	0.2	2183.872324262184	2183.8722269858413	2184.931684982185	2183.663611802184	2183.6643450621837	2183.786465319998	
2179.4944653199977	0.4780000000000655	WheelMovementIntervals													0.05514194848120724
2180.373465319998	1.0169999999998254	WheelMovementIntervals													0.06294254075970684
2182.401465319998	0.5929999999998472	WheelMovementIntervals													0.9048784206427172
2183.786465319998	1.7210000000000036	WheelMovementIntervals													1.9411746677742485
2186.135431262186	3.2132087758645866	trials	-1.0	1.0	1.5		1.0	0.2	2187.790932362188	2187.790834753024	2188.848559922189	2187.5801534421876	2187.580920032188	2187.576465319998	
2186.268465319998	0.1449999999999818	WheelMovementIntervals													0.00827382719421621
2187.576465319998	0.8479999999999563	WheelMovementIntervals													1.089062414520754
2188.598465319998	0.15499999999974534	WheelMovementIntervals													0.008142725317611621
2189.935465319998	0.26299999999991996	WheelMovementIntervals													0.023518187710863003
2190.05243952219	3.394492996702411	trials	-1.0	1.0	1.5		1.0	0.2	2191.8912222921917	2191.8911346453733	2192.946850052193	2191.6633117521915	2191.6645116321915	2191.690465319998	
2190.564465319998	0.4110000000000582	WheelMovementIntervals													0.030784915641731914
2191.690465319998	1.0579999999999927	WheelMovementIntervals													1.2062242780389738
2193.313465319998	0.24699999999984357	WheelMovementIntervals													-0.07517119470747957
2194.150729652194	3.9810274466876763	trials	1.0	1.0	1.5	0.25		0.2	2196.5795534121967	2196.5794463966727	2197.6316815221976	2196.3315448821963	2196.3324114621964	2196.4764653199977	
2194.210465319998	0.3669999999997344	WheelMovementIntervals													0.040845206072276596
2194.843465319998	0.18699999999989814	WheelMovementIntervals													0.01309141104019318
2195.257465319998	0.06899999999995998	WheelMovementIntervals													0.0036447311187544074
2196.4764653199977	1.1690000000003238	WheelMovementIntervals													-0.39120779716898824
2198.837160962199	2.460988095236644	trials	-1.0	1.0	1.5		0.125	0.2	2199.7470366322	2199.746956191476	2200.7980981822006	2199.5130933621995	2199.5140266021995	2199.481465319998	
2199.481465319998	0.9540000000001783	WheelMovementIntervals													1.1478248756577045
2202.002844362202	3.678597770278884	trials	1.0	1.0	1.5	0.125		0.2	2204.1271652422042	2204.1270419197594	2205.181426472205	2203.8463933222038	2203.847226572204	2204.017465319998	
2202.158465319998	0.11599999999998545	WheelMovementIntervals													0.007726501488491522
2204.017465319998	0.7809999999999491	WheelMovementIntervals													-0.3198578328664894
2206.3861393222064	2.7450194977377578	trials	-1.0	1.0	1.5		1.0	0.2	2207.5796532922077	2207.5795469294144	2208.6311148022087	2207.3463766222076	2207.3471765422073	2207.451465319998	
2207.451465319998	0.4490000000000691	WheelMovementIntervals													0.8791203392391935
2208.5234653199977	0.07600000000002183	WheelMovementIntervals													0.04993763380531391
2209.83276129221	4.780315302240979	trials	-1.0	1.0	1.5		0.0625	0.2	2213.055672302213	2213.055570934545	2214.1129998922142	2212.7294049322127	2212.7300715322126	2212.856465319998	
2210.642465319998	0.052999999999883585	WheelMovementIntervals													0.0062684259849561386
2211.5414653199978	0.14200000000028012	WheelMovementIntervals													0.013521573346224613
2212.856465319998	0.8800000000001091	WheelMovementIntervals													0.9192393620897974
2213.980465319998	0.09899999999970532	WheelMovementIntervals													0.004795303278001484
2214.942465319998	0.13599999999996726	WheelMovementIntervals													0.007244873115041628
2215.3342777522153	2.496886188238932	trials	-1.0	1.0	1.5		0.0625	0.2	2216.2801831522165	2216.280071762888	2217.3311447122173	2215.964448062216	2215.965347972216	2216.0054653199977	
2216.0054653199977	1.5090000000000146	WheelMovementIntervals													1.0156140812820809
2218.069465319998	0.6109999999998763	WheelMovementIntervals													-0.08022244749622587
2218.5367574722186	2.5760060826637527	trials	-1.0	1.0	1.5		0.0625	0.2	2219.5576887022194	2219.5575590900676	2220.6127165222206	2219.2960815322194	2219.296914782219	2219.367465319998	
2219.367465319998	0.9039999999999964	WheelMovementIntervals													0.8240035010749125
2221.8177626722218	2.2784029074587124	trials	-1.0	1.0	1.5		1.0	0.2	2222.5376906722227	2222.537562958909	2223.596151482224	2222.330978012222	2222.3318779222222	2222.307465319998	
2222.307465319998	3.1599999999998545	WheelMovementIntervals													0.8127177338243428
2224.805563862225	5.258532117060895	trials	-1.0	1.0	1.5		0.0	0.2	2228.5037940022285	2228.5036857456485	2229.56402130223	2228.030974622228	2228.031741212228	2228.136465319998	
2225.641465319998	0.7059999999996762	WheelMovementIntervals													0.23396703123250973
2226.692465319998	0.7199999999997999	WheelMovementIntervals													0.5304271725555054
2228.136465319998	0.8550000000000182	WheelMovementIntervals													0.5882273842678956
2230.7844992422306	2.3446968537582507	trials	-1.0	1.0	1.5		0.25	0.2	2231.5763867122314	2231.5762978420544	2232.629081432233	2231.3458764322313	2231.3466763522315	2231.421465319998	
2231.421465319998	1.1100000000001273	WheelMovementIntervals													1.3994940624048127
2233.838193842234	3.0575939765490148	trials	-1.0	1.0	1.5		0.25	0.2	2235.348809432235	2235.348689878532	2236.3957047322365	2235.113899592235	2235.114599522235	2235.2244653199978	
2235.2244653199978	1.0489999999999782	WheelMovementIntervals													1.041028106352428
2237.6032839622376	2.459014921682865	trials	-1.0	1.0	1.5		1.0	0.2	2238.5083934422387	2238.5082887178755	2239.5622880422397	2238.2971812322385	2238.2978811622384	2238.3984653199977	
2237.647465319998	0.14399999999977808	WheelMovementIntervals													0.006123182793487558
2238.3984653199977	1.2670000000002801	WheelMovementIntervals													1.2318554736219198
2240.709465319998	0.4420000000000073	WheelMovementIntervals													0.13009917360619738
2240.769900602241	4.942403092760287	trials	-1.0	1.0	1.5		0.25	0.2	2244.165494342244	2244.165401352983	2245.212222992245	2243.930684492244	2243.931384422244	2244.0344653199977	
2241.478465319998	0.1859999999996944	WheelMovementIntervals													0.028480127771672414
2241.975465319998	1.199999999999818	WheelMovementIntervals													0.20148772378752255
2244.0344653199977	1.6790000000000873	WheelMovementIntervals													1.0864585808432707
2246.4235018522463	2.255303716407525	trials	1.0	1.0	1.5	1.0		0.2	2247.124998362247	2247.124902697051	2248.1786929822483	2246.880456152247	2246.881356062247	2246.7644653199977	
2246.7644653199977	1.3670000000001892	WheelMovementIntervals													-0.3033498824788694
2249.3875054222494	2.9079057354974793	trials	-1.0	1.0	1.5		0.25	0.2	2250.742403252251	2250.7423071626285	2251.795397942252	2250.4969278022504	2250.4975944022503	2250.4964653199977	
2249.5634653199977	0.09900000000016007	WheelMovementIntervals													0.014050075238230875
2250.4964653199977	1.6870000000003529	WheelMovementIntervals													0.9054683490284674
2253.007310072253	2.3882201489805084	trials	-1.0	1.0	1.5		0.0625	0.2	2253.8491258822537	2253.8490164686955	2254.895454572255	2253.6137494222535	2253.6145493422537	2253.607465319998	
2253.607465319998	0.38799999999991996	WheelMovementIntervals													0.5347618983781217
2254.783465319998	0.2739999999998872	WheelMovementIntervals													0.07933373130612154
2256.104933612256	2.2572044646453833	trials	1.0	1.0	1.5	0.25		0.8	2256.8073300322567	2256.807234379099	2257.862091212258	2256.5634877522566	2256.5644543222566	2256.450465319998	
2256.450465319998	0.7550000000001091	WheelMovementIntervals													-0.3025390557033347
2259.0722368522593	3.657898877955631	trials	-1.0	-1.0	0.0	0.0625		0.8	2260.17306009226	2260.1723359133166	2262.230054372262	2259.5970510322595	2259.5977509622594	2259.707465319998	
2259.707465319998	0.7799999999997453	WheelMovementIntervals													0.459696808325873
2263.4424331222635	3.7359923815247384	trials	1.0	1.0	1.5	0.0625		0.8	2265.6305476222656	2265.630427489177	2266.678409492267	2263.995244502264	2263.995977762264	2264.1574653199978	
2264.1574653199978	2.088000000000193	WheelMovementIntervals													-0.3607421596125846
2267.8898216722678	2.405218642676118	trials	1.0	1.0	1.5	1.0		0.8	2268.7446361822686	2268.744527586322	2269.79499780227	2268.5134593022685	2268.5142258922683	2268.664465319998	
2268.664465319998	0.5320000000001528	WheelMovementIntervals													-0.32911810529583363
2271.007143242271	4.5711041676072455	trials	-1.0	-1.0	0.0	0.0625		0.8	2273.022441692273	2273.021844638385	2275.078236092275	2272.6134825922727	2272.6141491922726	2272.846465319998	
2272.846465319998	0.6659999999997126	WheelMovementIntervals													0.5765997700276557
2274.0704653199978	0.32999999999992724	WheelMovementIntervals													0.03012004068096985
2275.770465319998	0.26099999999996726	WheelMovementIntervals													0.041377239320752324
2276.3032469122763	3.209907377447962	trials	1.0	1.0	1.5	1.0		0.8	2277.967447142278	2277.967349700091	2279.013109232279	2276.963080922277	2276.964047492277	2277.0834653199977	
2277.0834653199977	2.624000000000251	WheelMovementIntervals													0.6262416407255955
2279.906465319998	0.25700000000006185	WheelMovementIntervals													0.029654671731293547
2280.2369535022804	2.6578985447063133	trials	-1.0	1.0	1.5		1.0	0.8	2281.338443342281	2281.3383520704515	2282.3948043622822	2281.111566032281	2281.112299292281	2281.1994653199977	
2281.1994653199977	0.8140000000003056	WheelMovementIntervals													1.3466623602712957
2283.613849112284	3.1309144956080672	trials	1.0	1.0	1.5	0.25		0.8	2285.192857862285	2285.1927554137637	2286.244652672286	2284.996544162285	2284.997577392285	2285.0854653199976	
2283.8204653199978	0.637000000000171	WheelMovementIntervals													0.07663825172267025
2285.0854653199976	0.8290000000001783	WheelMovementIntervals													-0.34649918572330307
2287.4599644622876	2.3849057706006533	trials	-1.0	1.0	1.5		0.25	0.8	2288.286748442288	2288.2866661159646	2289.3448092922895	2288.046339152288	2288.0471390722882	2288.172465319998	
2288.172465319998	0.918999999999869	WheelMovementIntervals													0.86726959370543
2291.054371652291	6.258402967177517	trials	1.0	1.0	1.5	0.25		0.8	2295.767866922296	2295.7677723807033	2296.8126957622967	2295.3962707522955	2295.3969706822954	2295.515465319998	
2291.3314653199977	0.2450000000003456	WheelMovementIntervals													0.02026300369055889
2291.797465319998	0.13799999999991996	WheelMovementIntervals													0.009145489721504418
2292.704465319998	1.7150000000001455	WheelMovementIntervals													0.518880779375138
2295.515465319998	0.781999999999698	WheelMovementIntervals													-0.33342591358115214
2296.727465319998	0.1449999999999818	WheelMovementIntervals													0.012041991722753664
2297.651465319998	0.2840000000001055	WheelMovementIntervals													-0.0290426881368262
2298.0428727322983	2.303200232352083	trials	-1.0	1.0	1.5		0.0625	0.8	2298.797363942299	2298.7972721533156	2299.8460257323	2298.4943609122984	2298.4952941522984	2298.607465319998	
2298.607465319998	0.4559999999996762	WheelMovementIntervals													0.8412348023977643
2301.065770412301	3.295200197376289	trials	1.0	1.0	1.5	0.125		0.8	2302.807096262303	2302.806969459786	2303.860924202304	2301.6278808623015	2301.6284808023015	2301.747465319998	
2301.747465319998	1.8400000000001455	WheelMovementIntervals													0.6926179894454094
2304.1014653199977	0.14699999999993452	WheelMovementIntervals													0.01706613356049047
2305.087368212305	3.5085090936131564	trials	-1.0	1.0	1.5		1.0	0.8	2307.036973232307	2307.0368727095247	2308.095834002308	2306.8124623523067	2306.8130622923068	2306.928465319998	
2305.5144653199977	0.7290000000002692	WheelMovementIntervals													-0.31078523781008016
2306.928465319998	0.7609999999999673	WheelMovementIntervals													1.4823241169629
2309.322577982309	3.589830705458553	trials	-1.0	-1.0	0.0	0.0625		0.8	2310.36197403231	2310.3610862865607	2312.4123356423124	2309.92748415231	2309.92868403231	2309.760465319998	
2309.760465319998	1.08600000000024	WheelMovementIntervals													0.4731760551290449
2311.406465319998	0.3289999999997235	WheelMovementIntervals													0.03221270569434864
2313.6433125323138	3.1022885930451594	trials	1.0	1.0	1.5	0.25		0.8	2315.1883913423153	2315.1883058554185	2316.245552282316	2314.127430782314	2314.1282640323143	2314.2684653199976	
2314.2684653199976	1.2460000000000946	WheelMovementIntervals													-0.35531092915670115
2315.906465319998	0.7219999999997526	WheelMovementIntervals													-0.1740410221731281
2317.0474653199976	0.9960000000000946	WheelMovementIntervals													0.24527142769642296
2317.4751959723176	3.2205061513323017	trials	-1.0	1.0	1.5		0.25	0.8	2319.1384962923194	2319.138398116237	2320.19569056232	2318.927184092319	2318.928117332319	2318.923465319998	
2318.923465319998	1.2919999999999163	WheelMovementIntervals													1.426287323190195
2321.4239010623214	2.2866991549740305	trials	1.0	1.0	1.5	0.25		0.8	2322.1599941123222	2322.1599004684795	2323.210555712323	2321.910752372322	2321.911385642322	2322.059465319998	
2322.059465319998	0.8760000000002037	WheelMovementIntervals													0.3032100230544188
2324.4479986223246	3.597402498845895	trials	-1.0	1.0	1.5		1.0	0.8	2326.4997267623266	2326.4995989068166	2327.5453888523275	2326.2622505123263	2326.262983772326	2326.352465319998	
2324.711465319998	0.512000000000171	WheelMovementIntervals													0.045788837316990794
2326.352465319998	0.7689999999997781	WheelMovementIntervals													1.2151902278044986
2328.7748992223287	2.5688301509380835	trials	1.0	1.0	1.5	1.0		0.8	2329.79653038233	2329.796410416723	2330.8436923223308	2329.3102790123294	2329.3108789523294	2329.457465319998	
2329.457465319998	1.106999999999971	WheelMovementIntervals													-0.3244046158064293
2332.079135432332	2.8328818899490216	trials	-1.0	1.0	1.5		0.25	0.8	2333.3548078523336	2333.354726827449	2334.4119354623344	2333.128663802333	2333.129497052333	2333.184465319998	
2333.184465319998	0.5219999999999345	WheelMovementIntervals													0.5644507608239451
2334.193465319998	0.15599999999994907	WheelMovementIntervals													0.01941436795067375
2335.6532113223357	3.490509829500752	trials	1.0	1.0	1.5	0.125		0.8	2337.5960170223375	2337.5959162365502	2338.6436789123386	2337.060237272337	2337.061070522337	2337.053465319998	
2335.803465319998	0.7899999999999636	WheelMovementIntervals													0.26940785529018285
2337.053465319998	1.1900000000000546	WheelMovementIntervals													-0.28593097858299643
2339.87922201234	2.299199610688447	trials	1.0	1.0	1.5	0.0625		0.8	2340.6191480123407	2340.619021243546	2341.6783420823417	2340.3285770723405	2340.3293436623403	2340.4964653199977	
2340.4964653199977	0.6700000000000728	WheelMovementIntervals													-0.2894639541676156
2342.910418862343	2.334621423405679	trials	-1.0	1.0	1.5		1.0	0.8	2343.6986400323435	2343.698525419172	2344.7450020523447	2343.4268338823435	2343.4276004723433	2343.551465319998	
2343.551465319998	0.931999999999789	WheelMovementIntervals													0.7026001820177044
2345.987444462346	3.4893105811333953	trials	1.0	1.0	1.5	0.125		0.8	2347.918651322348	2347.9185492114407	2348.976645512349	2347.676775512348	2347.6775087723477	2347.8114653199978	
2346.146465319998	0.4259999999999309	WheelMovementIntervals													0.03202567495617359
2346.9744653199978	0.09900000000016007	WheelMovementIntervals													0.005463308638752551
2347.8114653199978	0.8760000000002037	WheelMovementIntervals													-0.35668141053776026
2350.2163548623503	6.561903264238026	trials	1.0	1.0	1.5	0.125		0.8	2355.225853862355	2355.225755827478	2356.2782486123565	2354.1116652923542	2354.112398552354	2354.048465319998	
2350.9164653199978	0.7890000000002146	WheelMovementIntervals													-0.4632413366473429
2352.0834653199977	1.47400000000016	WheelMovementIntervals													0.09196996794787538
2354.048465319998	0.775000000000091	WheelMovementIntervals													-0.265264672895114
2355.1214653199977	0.45699999999987995	WheelMovementIntervals													0.16895840948859586
2356.0614653199978	0.36000000000012733	WheelMovementIntervals													0.0659303227212149
2356.983465319998	1.4329999999999927	WheelMovementIntervals													-0.39808841948092777
2357.5348562723575	4.37499172840171	trials	1.0	1.0	1.5	0.25		0.8	2360.35597413236	2360.3558496492337	2361.4098020723613	2360.07656874236	2360.07726867236	2360.216465319998	
2358.754465319998	0.20799999999962893	WheelMovementIntervals													0.019687251802565697
2359.2794653199976	0.30500000000029104	WheelMovementIntervals													0.06493342964813564
2360.216465319998	0.6269999999999527	WheelMovementIntervals													-0.28452640554229447
2361.100465319998	0.11599999999998545	WheelMovementIntervals													0.021894551100615445
2362.6545442523625	4.055017959217366	trials	1.0	1.0	1.5	0.125		0.8	2365.165859762365	2365.1657547549457	2366.209555382366	2364.161460212364	2364.162160142364	2364.3114653199978	
2364.3114653199978	1.1649999999999636	WheelMovementIntervals													-0.2926753760627321
2367.4533643223676	2.291299768607587	trials	-1.0	1.0	1.5		0.25	0.2	2368.190057312368	2368.1899636050275	2369.2446518423694	2367.944615192368	2367.9454151123678	2368.091465319998	
2368.091465319998	1.0119999999997162	WheelMovementIntervals													1.3634123703380396
2370.4825613723706	2.31032313893229	trials	-1.0	1.0	1.5		0.125	0.2	2371.2413854823712	2371.2412683143666	2372.2927803323723	2370.942748682371	2370.943681922371	2371.1054653199976	
2371.1054653199976	1.0289999999999964	WheelMovementIntervals													1.060753942557369
2373.5361893123736	3.5919019005527844	trials	-1.0	1.0	1.5		0.0625	0.2	2375.5719857123754	2375.571889256012	2376.6279801023766	2375.227820132375	2375.2285867223754	2375.2934653199977	
2374.390465319998	0.12799999999970169	WheelMovementIntervals													0.007811498968408159
2375.2934653199977	1.3279999999999745	WheelMovementIntervals													0.7619910317908989
2377.870289192378	2.8574062623829377	trials	-1.0	1.0	1.5		0.0625	0.2	2379.169692572379	2379.169591585257	2380.22765343238	2378.809328612379	2378.8101618623787	2378.9444653199976	
2378.9444653199976	1.2330000000001746	WheelMovementIntervals													0.8385958740025785
2381.4702958223816	2.723890253236277	trials	1.0	1.0	1.5	1.0		0.2	2382.6403788023827	2382.640291206313	2383.6941067523835	2382.4259335823826	2382.4267668323823	2382.548465319998	
2382.548465319998	1.0610000000001492	WheelMovementIntervals													-0.40598617478491406
2384.940182132385	3.137411113458711	trials	-1.0	1.0	1.5		0.25	0.2	2386.5264901523865	2386.5263867399453	2387.5775517023876	2386.225786892386	2386.226686802386	2386.4004653199977	
2385.3424653199977	0.12600000000020373	WheelMovementIntervals													0.005685327932781092
2386.4004653199977	0.9780000000000655	WheelMovementIntervals													0.9825257665467007
2388.826893422389	2.9008034072326154	trials	-1.0	1.0	1.5		0.125	0.2	2390.18059137239	2390.1804940790453	2391.2275866623913	2389.89248685239	2389.8932867723897	2389.876465319998	
2389.117465319998	0.20600000000013097	WheelMovementIntervals													0.018994574101725448
2389.876465319998	1.1480000000001382	WheelMovementIntervals													0.8112112642501756
2392.303465319998	0.3569999999999709	WheelMovementIntervals													-0.12773196034902412
2392.4754951923924	3.8184100634607603	trials	-1.0	1.0	1.5		0.0625	0.2	2394.7453015223946	2394.745199985402	2395.7938966523957	2394.3422418323944	2394.3431750723944	2394.584465319998	
2392.881465319998	0.2729999999996835	WheelMovementIntervals													0.025725447274680846
2393.405465319998	0.1230000000000473	WheelMovementIntervals													0.007292836100759814
2394.584465319998	0.3429999999998472	WheelMovementIntervals													0.4975090922803247
2395.4824653199976	0.32500000000027285	WheelMovementIntervals													0.05058144685943944
2397.045204842397	3.4971083506975447	trials	-1.0	1.0	1.5		1.0	0.2	2398.994509892399	2398.9944089394994	2400.0422384424	2398.758833462399	2398.759733372399	2398.8374653199976	
2397.1834653199976	0.18700000000035288	WheelMovementIntervals													0.016494020828588418
2397.622465319998	0.052999999999883585	WheelMovementIntervals													0.003096576651387295
2398.8374653199976	0.45200000000022555	WheelMovementIntervals													0.6112464558282227
2399.774465319998	0.14899999999988722	WheelMovementIntervals													0.044731003555739335
2401.2889137624015	5.6381965422019675	trials	1.0	1.0	1.5	0.125		0.2	2405.3802045924053	2405.3801098021063	2406.4270998924067	2404.2936799224044	2404.2943131924044	2404.4654653199977	
2401.7214653199976	1.4800000000000182	WheelMovementIntervals													-0.30111886174478286
2404.4654653199977	2.52599999999984	WheelMovementIntervals													-0.4995422191761918
2407.6835075724075	4.576929550928526	trials	-1.0	1.0	1.5		0.25	0.2	2410.7089383324105	2410.708826444374	2411.7603331824116	2410.4588300124105	2410.4595299424104	2410.5874653199976	
2407.9334653199976	0.11000000000012733	WheelMovementIntervals													0.028175910666504933
2408.4654653199977	0.7399999999997817	WheelMovementIntervals													0.12256930308359415
2409.696465319998	0.10199999999986176	WheelMovementIntervals													0.006386195465836408
2410.5874653199976	0.6990000000000691	WheelMovementIntervals													1.4496578231734816
2411.5784653199976	0.12000000000034561	WheelMovementIntervals													0.03554100110540048
2413.016940842413	2.360092944790722	trials	-1.0	1.0	1.5		0.0625	0.2	2413.823926802414	2413.8238380884004	2414.877021482415	2413.5086250024137	2413.5094582524134	2413.4894653199976	
2413.4894653199976	1.1820000000002437	WheelMovementIntervals													0.712080508452118
2416.122630242416	2.254201310758617	trials	-1.0	1.0	1.5		0.125	0.2	2416.8257265924167	2416.825630027468	2417.876788142418	2416.5751849824164	2416.5760515624165	2416.5924653199977	
2416.5924653199977	1.162000000000262	WheelMovementIntervals													0.8563871594901116
2419.1315293224193	2.2771997228001055	trials	-1.0	1.0	1.5		1.0	0.2	2419.86582255242	2419.86572858822	2420.908651592421	2419.6420116024196	2419.6426448724196	2419.649465319998	
2419.649465319998	1.0679999999997563	WheelMovementIntervals													0.7693208989073241
2422.161526292422	2.7970091832394246	trials	-1.0	1.0	1.5		0.125	0.2	2423.4162341424235	2423.4161295144763	2424.4584632424244	2423.143228112423	2423.1438947124234	2423.175465319998	
2422.3204653199978	0.11700000000018917	WheelMovementIntervals													0.014479664716986917
2423.175465319998	0.5050000000001091	WheelMovementIntervals													0.5992112900096345
2423.901465319998	0.6599999999998545	WheelMovementIntervals													0.15347569170000952
2425.7360354724256	3.8906027252146487	trials	-1.0	1.0	1.5		0.25	0.2	2428.077234662428	2428.077136510543	2429.126563052429	2427.876754712428	2427.877454642428	2427.7954653199977	
2425.7734653199977	0.07799999999997453	WheelMovementIntervals													0.0054458281051665836
2426.7234653199976	0.6290000000003602	WheelMovementIntervals													0.03674434636019441
2427.7954653199977	1.043999999999869	WheelMovementIntervals													1.4168442458203003
2430.3816375324304	4.545004373127995	trials	-1.0	1.0	1.5		0.25	0.2	2433.3752381424333	2433.3751390954567	2434.4266329924344	2433.141494852433	2433.142328102433	2433.258465319998	
2430.5834653199977	0.11599999999998545	WheelMovementIntervals													0.12448457913700395
2431.091465319998	0.5149999999998727	WheelMovementIntervals													0.08854654004511531
2433.258465319998	0.9899999999997817	WheelMovementIntervals													1.0016842747873511
2435.6867403024357	2.2716250049925293	trials	-1.0	1.0	1.5		1.0	0.2	2436.4151674524364	2436.4150476780837	2437.4582631324374	2436.1915231524363	2436.192289742436	2436.2534653199978	
2436.2534653199978	0.9050000000002001	WheelMovementIntervals													0.8651424152197933
2438.713270952439	3.178307308080093	trials	1.0	1.0	1.5	0.0625		0.2	2440.3507738524404	2440.3506736870595	2441.3914697724413	2439.97651128244	2439.97721121244	2440.2054653199975	
2440.2054653199975	1.6470000000003893	WheelMovementIntervals													-0.3772472803312894
2442.6471775224427	2.3792897552830254	trials	-1.0	1.0	1.5		0.125	0.2	2443.4897599224437	2443.489673540738	2444.5264229124446	2443.226119622443	2443.2268195524434	2443.3574653199976	
2443.3574653199976	3.2470000000002983	WheelMovementIntervals													0.7642401773396159
2445.7956626424457	5.7622240371138105	trials	-1.0	1.0	1.5		0.0	0.2	2450.01187431245	2450.011778766607	2451.057769712451	2449.5577863924495	2449.5586529724496	2449.622465319998	
2446.8374653199976	0.5869999999999891	WheelMovementIntervals													0.0450439089139536
2448.015465319998	0.625	WheelMovementIntervals													0.04575062070381364
2449.622465319998	0.5939999999995962	WheelMovementIntervals													0.5289668877395002
2450.495465319998	0.11699999999973443	WheelMovementIntervals													0.037926293301211444
2452.387465319998	0.05999999999994543	WheelMovementIntervals													0.0049731761087628
2452.858189652453	2.483209403957062	trials	-1.0	1.0	1.5		0.0625	0.2	2453.7867967824536	2453.7866924208843	2454.8412913224547	2453.3593062024534	2453.3602727724533	2453.441465319998	
2453.441465319998	0.5960000000000036	WheelMovementIntervals													0.65106272857156
2456.0946993024563	2.91320050027025	trials	-1.0	1.0	1.5		0.0625	0.2	2457.4672953624577	2457.467199067018	2458.5077913024584	2457.142894472457	2457.143861042457	2457.1634653199976	
2456.2454653199975	0.052000000000134605	WheelMovementIntervals													0.007817525262510117
2457.1634653199976	1.2400000000002365	WheelMovementIntervals													0.9194383258366656
2459.202465319998	0.31500000000005457	WheelMovementIntervals													-0.07524394596367756
2459.7672986724597	2.7753855275886963	trials	1.0	1.0	1.5	0.125		0.2	2460.996275762461	2460.996191378761	2462.042637782462	2460.25911615246	2460.25978275246	2460.423465319998	
2460.423465319998	3.36200000000008	WheelMovementIntervals													0.39396388066739974
2463.310577642463	2.6969183860055637	trials	-1.0	1.0	1.5		1.0	0.2	2464.4604959724643	2464.46038462849	2465.5074912624655	2464.2742812624642	2464.2750811824644	2464.367465319998	
2464.367465319998	0.7970000000000255	WheelMovementIntervals													2.2220331901340273
2466.766898642467	3.909100514712918	trials	-1.0	1.0	1.5		0.0	0.2	2469.132195422469	2469.1320983488445	2470.17592437247	2468.809161062469	2468.809994312469	2468.9264653199975	
2468.9264653199975	0.9110000000000582	WheelMovementIntervals													0.9255870971130093
2471.2724653199975	0.1269999999999527	WheelMovementIntervals													0.00806274858746292
2471.4388980624713	2.253399730143883	trials	-1.0	1.0	1.5		1.0	0.2	2472.143694242472	2472.1435976653524	2473.1922227124733	2471.907384542472	2471.908184462472	2471.983465319998	
2471.983465319998	1.1089999999999236	WheelMovementIntervals													0.9745286189741478
2473.289465319998	0.13599999999996726	WheelMovementIntervals													0.007607008799027426
2474.0154653199975	0.32300000000032014	WheelMovementIntervals													0.11555641507425207
2474.4555963624744	2.335318884942808	trials	-1.0	1.0	1.5		0.0625	0.2	2475.2408178324754	2475.240702375176	2476.2908128224763	2474.990776172475	2474.991476102475	2474.983465319998	
2474.983465319998	1.0979999999999563	WheelMovementIntervals													0.7001969269078359
2477.5515200724776	5.107312583736075	trials	1.0	1.0	1.5	0.125		0.2	2481.1089309624813	2481.1088274441827	2482.158725972482	2480.7752643324807	2480.775997592481	2480.8494653199978	
2478.066465319998	0.13599999999996726	WheelMovementIntervals													0.018183251799428035
2478.613465319998	1.2349999999996726	WheelMovementIntervals													-0.1322019373581611
2480.8494653199978	0.7269999999998618	WheelMovementIntervals													-0.3464268338387342
2483.4291322524837	3.246300004726436	trials	-1.0	1.0	1.5		0.125	0.2	2485.119929822485	2485.1198317341373	2486.175390932486	2484.873954422485	2484.874920992485	2484.979465319998	
2483.8204653199978	0.10799999999971988	WheelMovementIntervals													0.011922026137426656
2484.979465319998	0.31599999999980355	WheelMovementIntervals													0.6130875281683075
2487.4410310224876	2.249699561803027	trials	-1.0	1.0	1.5		0.25	0.2	2488.138327952488	2488.1382305767793	2489.190622712489	2487.907184402488	2487.907851002488	2487.8994653199975	
2487.8994653199975	0.636000000000422	WheelMovementIntervals													0.5861448731701557
2490.3554653199976	0.08199999999987995	WheelMovementIntervals													0.01712448448000714
2490.4600290924905	3.315195021656109	trials	-1.0	1.0	1.5		0.0625	0.2	2492.222519492492	2492.222425382721	2493.2751142224934	2491.925182562492	2491.926115802492	2492.0404653199976	
2490.8314653199977	0.1230000000000473	WheelMovementIntervals													0.021359519130953686
2492.0404653199976	0.9169999999999163	WheelMovementIntervals													1.1611934067374818
2494.5456204924944	3.5114059666707362	trials	-1.0	-1.0	0.0	0.0625		0.2	2495.5170566724955	2495.516421589163	2497.5569526624977	2495.123529362495	2495.124329282495	2495.088465319998	
2495.088465319998	1.1599999999998545	WheelMovementIntervals													0.834015981121297
2498.595465319998	0.2549999999996544	WheelMovementIntervals													0.024061102069708795
2498.830125332499	2.4116125314717465	trials	-1.0	1.0	1.5		0.125	0.2	2499.6965386824995	2499.696429474857	2500.7416341625008	2499.4583625024993	2499.4592624124994	2499.3444653199977	
2499.3444653199977	1.0390000000002146	WheelMovementIntervals													1.188224275782943
2502.011040542502	3.814107678568689	trials	-1.0	1.0	1.5		0.0625	0.2	2504.2696479925044	2504.269544497182	2505.3250757725054	2504.006640962504	2504.007507542504	2504.135465319998	
2502.5444653199975	0.16700000000037107	WheelMovementIntervals													0.012295576720646295
2504.135465319998	0.42299999999977445	WheelMovementIntervals													0.6374441973297849
2504.8894653199977	0.08300000000008367	WheelMovementIntervals													0.02865386781104462
2506.596948572507	2.3429932261501563	trials	-1.0	1.0	1.5		0.0625	0.2	2507.390335892507	2507.3902456018327	2508.4398642625083	2507.106597602507	2507.107430852507	2507.133465319998	
2507.133465319998	0.5919999999996435	WheelMovementIntervals													0.7010176643522641
2507.952465319998	0.2179999999998472	WheelMovementIntervals													0.05514719259224421
2509.7133369025096	3.111611145649931	trials	-1.0	1.0	1.5		0.0625	0.2	2511.2826466225115	2511.2825415147167	2512.3249090525123	2511.025005722511	2511.025672322511	2511.108465319998	
2511.108465319998	0.5	WheelMovementIntervals													0.5728201869644636
2511.8844653199976	0.4290000000000873	WheelMovementIntervals													0.08186449160064058
2512.7464653199977	0.4130000000000109	WheelMovementIntervals													0.040618667428077515
2513.5987483225135	2.3911147159774373	trials	-1.0	1.0	1.5		0.125	0.2	2514.4488633025144	2514.448752842848	2515.4897925325154	2514.223085882514	2514.2239524625143	2514.2274653199975	
2514.2274653199975	0.5740000000000691	WheelMovementIntervals													0.9135001642773091
2515.0614653199978	0.12199999999984357	WheelMovementIntervals													0.026447655374511214
2516.664465319998	0.48900000000003274	WheelMovementIntervals													0.056894899120209175
2516.763465152517	4.194403447195327	trials	1.0	1.0	1.5	0.25		0.2	2519.4179663425193	2519.417866701209	2520.4577956825206	2519.124629012519	2519.125528922519	2519.2774653199976	
2519.2774653199976	0.5540000000000873	WheelMovementIntervals													-0.28749223443782057
2521.733968052522	2.2572997795828087	trials	-1.0	1.0	1.5		0.25	0.2	2522.4498631225224	2522.4497673484184	2523.4912256425237	2522.2230524725223	2522.223785732522	2522.3554653199976	
2522.3554653199976	1.5770000000002256	WheelMovementIntervals													1.5278633805642698
2524.713465319998	0.5789999999997235	WheelMovementIntervals													0.05088073105662261
2524.763465072525	3.492906540376225	trials	-1.0	1.0	1.5		0.25	0.2	2526.712970102527	2526.7128676065236	2527.756332422528	2526.4730274325266	2526.4736940325265	2526.4624653199976	
2525.6544653199976	0.1790000000000873	WheelMovementIntervals													0.011684766120310996
2526.4624653199976	1.3479999999999563	WheelMovementIntervals													0.932017491224201
2528.5244653199975	0.0500000000001819	WheelMovementIntervals													0.007900574426741969
2529.040770632529	3.4154136735255634	trials	-1.0	1.0	1.5		0.25	0.2	2530.9120834825308	2530.9119770281163	2531.956112402532	2530.674373922531	2530.675273832531	2530.7744653199975	
2530.7744653199975	1.2390000000000327	WheelMovementIntervals													0.892932524693208
2533.230484952533	8.34351864160135	trials	-1.0	1.0	1.5		1.0	0.2	2540.02690524254	2540.0267985081496	2541.0739338625413	2539.84072386254	2539.84142379254	2539.829465319998	
2533.425465319998	3.4769999999998618	WheelMovementIntervals													1.1023833065788153
2537.2184653199974	0.4970000000002983	WheelMovementIntervals													0.0717568840229319
2537.934465319998	0.6089999999999236	WheelMovementIntervals													-0.19633343430336936
2539.2534653199978	0.0929999999998472	WheelMovementIntervals													0.018893527742591232
2539.829465319998	1.2269999999998618	WheelMovementIntervals													1.4722671273586911
2542.3804032025423	3.777110314145375	trials	1.0	1.0	1.5	0.25		0.2	2544.6143131225444	2544.6142081195762	2545.657408802546	2544.3894022825443	2544.3903355225443	2544.5324653199978	
2543.0074653199977	0.09900000000016007	WheelMovementIntervals													0.005999997165474724
2544.5324653199978	0.7860000000000582	WheelMovementIntervals													-0.33210459762864275
2546.5624653199975	0.7250000000003638	WheelMovementIntervals													0.2589465432722591
2546.946113252547	4.976492250681986	trials	-1.0	-1.0	0.0	0.0625		0.2		2549.3699089912	2551.4225655625514	2549.089098932549	2549.089865522549		
2547.5054653199977	0.9619999999999891	WheelMovementIntervals													0.13569293552626505
2549.0934653199974	0.8330000000000837	WheelMovementIntervals													0.4419959175969552
2552.713603112553	2.860303703030695	trials	1.0	1.0	1.5	0.0625		0.2	2554.010606732554	2554.01050388473	2555.073833732555	2553.190655402553			
2553.3354653199976	1.2289999999998145	WheelMovementIntervals													-0.3368377926002495
2556.3582052825564	3.5640280208981494	trials	1.0	-1.0	0.0		0.0	0.2	2557.3540390225576	2557.3532125470847	2559.4221321925593	2556.905583872557			
2557.0714653199975	0.8560000000002219	WheelMovementIntervals													-0.5014284019528077
2558.4774653199975	0.2820000000001528	WheelMovementIntervals													-0.023234366880274138
2560.7069370325607	3.7653837265706898	trials	-1.0	1.0	1.5		0.0625	0.2	2562.916016102563	2562.915926312323	2563.972210472564	2562.6403103425628	2562.6412435825628	2562.7974653199976	
2561.0944653199977	0.3170000000000073	WheelMovementIntervals													0.04327421969446732
2562.7974653199976	0.4050000000002001	WheelMovementIntervals													0.9020780833154163
2563.3984653199977	0.27999999999974534	WheelMovementIntervals													0.030158648484359674
2565.260814932565	2.461507854584852	trials	-1.0	1.0	1.5		0.0	0.2	2566.166424362566	2566.166317454127	2567.2222521025674	2565.8238919525656	2565.8245252225656	2565.9744653199978	
2565.9744653199978	1.13799999999992	WheelMovementIntervals													0.8752251101441857
2568.5035239625686	2.45200855639996	trials	1.0	1.0	1.5	0.125		0.2	2569.3904352625696	2569.39032633378	2570.4554287525707	2569.123695272569			
2568.9894653199976	1.0830000000000837	WheelMovementIntervals													-0.3142397283980358
2570.6254653199976	0.5160000000000764	WheelMovementIntervals													-0.26878644812654784
2571.749732642572	3.6905168502075867	trials	-1.0	1.0	1.5		0.125	0.2	2573.871153812574	2573.8710411784687	2574.940146902575	2573.6569419025736			
2571.8304653199975	0.9659999999998945	WheelMovementIntervals													0.13998858666133174
2572.9534653199976	0.19900000000006912	WheelMovementIntervals													-0.015865409543323494
2573.7644653199977	0.4739999999997053	WheelMovementIntervals													1.111476098561866
2576.2354506925763	3.552999823106802	trials	-1.0	1.0	1.5		0.0625	0.2	2578.221052112578	2578.220950034901	2579.2884120325793	2577.871653722578	2577.8726202925777	2578.0174653199974	
2576.452465319998	0.3089999999997417	WheelMovementIntervals													0.029345534859999134
2577.077465319998	0.18799999999964712	WheelMovementIntervals													0.013345998398563097
2578.0174653199974	0.5500000000001819	WheelMovementIntervals													0.9089091085120344
2580.5827492525805	2.4406093857073756	trials	-1.0	1.0	1.5		0.0625	0.2	2581.4614613725817	2581.4613519113846	2582.5232551825825	2581.1399601925814	2581.140860102581	2581.1404653199975	
2581.1404653199975	0.5150000000003274	WheelMovementIntervals													0.47602765584611006
2582.1094653199975	0.11799999999993815	WheelMovementIntervals													0.004700264579071245
2583.8178590425837	9.720414106221597	trials	1.0	-1.0	0.0		0.0	0.2	2590.980309392591	2590.979667962208	2593.038236912593	2589.021771932589	2589.022705172589	2589.0924653199977	
2584.0414653199978	0.2179999999998472	WheelMovementIntervals													0.022759807213731165
2584.6904653199977	0.07799999999997453	WheelMovementIntervals													0.007115745643602622
2585.1694653199975	0.11000000000012733	WheelMovementIntervals													0.0035410840840768287
2585.6044653199974	0.44600000000036744	WheelMovementIntervals													-0.307165665836294
2586.356465319998	0.4079999999999018	WheelMovementIntervals													0.05291852019337284
2587.2864653199977	1.018999999999778	WheelMovementIntervals													-0.42327747403766125
2589.0924653199977	2.9279999999998836	WheelMovementIntervals													-0.43390377089673393
2592.222465319998	0.8449999999997999	WheelMovementIntervals													0.0798092341026404
2593.5204653199976	0.5	WheelMovementIntervals													0.042461474855088
2594.3522721625945	2.320692345505904	trials	-1.0	1.0	1.5		0.25	0.2	2595.1169623525952	2595.116869311203	2596.172890082596	2594.9065500625948	2594.907249992595	2595.0154653199975	
2595.0154653199975	0.34999999999990905	WheelMovementIntervals													0.9328421879421853
2595.8664653199976	0.14600000000018554	WheelMovementIntervals													0.03380879195316311
2597.4681605425976	2.4381091454233683	trials	-1.0	1.0	1.5		0.125	0.2	2598.3451728325986	2598.3450631125565	2599.4062000525996	2598.104763542598	2598.1055301325982	2598.2104653199976	
2598.2104653199976	0.9809999999997672	WheelMovementIntervals													1.4606314427111897
2600.7062700326005	4.500004827631074	trials	1.0	1.0	1.5	0.25		0.8	2603.648475782604	2603.648371881305	2604.7062033326047	2603.4045668426033	2603.4054334226034	2603.5134653199975	
2600.9204653199977	0.5160000000000764	WheelMovementIntervals													0.0463865719410137
2601.8904653199975	0.07400000000006912	WheelMovementIntervals													0.006162410104138871
2603.5134653199975	0.9470000000001164	WheelMovementIntervals													-0.3223199127503449
2606.005773362606	3.38211427914257	trials	1.0	1.0	1.5	0.0		0.8	2607.827291192608	2607.827179975425	2608.887851792609	2607.4210984826072	2607.4219983926073	2607.568465319998	
2606.1994653199977	0.3690000000001419	WheelMovementIntervals													0.0333116895690182
2607.568465319998	1.0919999999996435	WheelMovementIntervals													0.5145421677273134
2610.18688854261	2.402410392105139	trials	1.0	1.0	1.5	0.25		0.8	2611.019871902611	2611.0197917988044	2612.0892316226123	2610.789561602611	2610.7902615326107	2610.9314653199976	
2610.9314653199976	0.45299999999997453	WheelMovementIntervals													-0.389583064932026
2611.7724653199975	0.15200000000004366	WheelMovementIntervals													0.021905574315553622
2612.3734653199976	0.6019999999998618	WheelMovementIntervals													-0.3753002525290867
2613.3945010826133	5.793208103660163	trials	1.0	1.0	1.5	0.25		0.8	2617.6190119226176	2617.618905533399	2618.687605052619	2617.187555072617	2617.188488312617	2617.3154653199977	
2614.1054653199976	0.831000000000131	WheelMovementIntervals													0.08569830712986004
2615.7034653199976	0.1979999999998654	WheelMovementIntervals													0.012734795103085617
2617.3154653199977	1.2100000000000364	WheelMovementIntervals													-0.31629487535042244
2619.99100803262	2.6132957698368955	trials	1.0	1.0	1.5	0.0625		0.8	2621.043502772621	2621.043405523678	2622.1041966926223	2620.6558082126207	2620.6567414526207	2620.7644653199977	
2620.7644653199977	0.9690000000000509	WheelMovementIntervals													-0.2968168011906869
2623.4053998926233	2.7672145034453024	trials	1.0	1.0	1.5	0.0625		0.8	2624.615812172625	2624.6157057986707	2625.672573152626	2624.139093182624	2624.139993092624	2624.242465319998	
2624.242465319998	1.2049999999999272	WheelMovementIntervals													-0.29144508522335855
2625.9474653199977	0.07999999999992724	WheelMovementIntervals													0.014849260415871868
2626.5114653199976	0.6069999999999709	WheelMovementIntervals													-0.18217678556572992
2627.5367200526275	4.7356847576443215	trials	1.0	1.0	1.5	1.0		0.8	2630.7109026026305	2630.7108084959546	2631.772329782632	2630.2876116026305	2630.2885115126305	2630.4004653199977	
2627.5424653199975	0.11900000000014188	WheelMovementIntervals													0.009677875054023843
2628.7244653199978	0.20499999999992724	WheelMovementIntervals													0.022100615972533433
2630.4004653199977	1.1979999999998654	WheelMovementIntervals													-0.33090391714989664
2633.070999902633	3.2498223301936378	trials	1.0	1.0	1.5	0.0		0.8	2634.7524317426346	2634.752310420552	2635.820758232636	2634.3706365926346	2634.3714365126343	2634.4984653199976	
2633.5884653199973	0.25700000000006185	WheelMovementIntervals													0.0171862704850696
2634.4984653199976	1.0169999999998254	WheelMovementIntervals													-0.34834679508065847
2637.0514653199975	0.5259999999998399	WheelMovementIntervals													-0.2761636660461022
2637.148825412637	4.2882931025187645	trials	1.0	1.0	1.5	0.0625		0.8	2639.8711198226397	2639.871020399341	2640.937113212641	2639.5387197326395	2639.5396529726395	2639.6604653199975	
2638.0814653199977	0.2179999999998472	WheelMovementIntervals													0.01701205058384403
2638.5824653199975	0.27100000000018554	WheelMovementIntervals													0.02509456754967232
2639.6604653199975	1.2940000000003238	WheelMovementIntervals													-0.33038202265714744
2642.242116032642	2.3618127668460147	trials	1.0	1.0	1.5	0.25		0.8	2643.0393363026433	2643.039220003913	2644.1038298426442	2642.788961342643	2642.7899279126427	2642.9164653199978	
2642.9164653199978	0.7979999999997744	WheelMovementIntervals													-0.3120189462761118
2643.887465319998	0.13099999999985812	WheelMovementIntervals													0.006539959474366697
2645.4074328026454	2.4130103185507323	trials	1.0	1.0	1.5	0.125		0.8	2646.266346902646	2646.2662361191674	2647.3204081526474	2645.888651342646	2645.889517922646	2646.0094653199976	
2646.0094653199976	1.1790000000000873	WheelMovementIntervals													-0.3472174930615779
2647.9264653199975	0.5720000000001164	WheelMovementIntervals													0.04357360326326898
2648.6261442326486	2.3776883145269494	trials	1.0	1.0	1.5	0.25		0.8	2649.4359299126495	2649.4358395722124	2650.5037564526506	2649.222017972649	2649.2227845626494	2649.3254653199974	
2649.3254653199974	0.9480000000003201	WheelMovementIntervals													-0.4310037803796831
2651.7664653199977	3.937999999999647	WheelMovementIntervals													-1.3888317827298806
2651.809025912652	6.044512645375107	trials	1.0	1.0	1.5	0.125		0.8	2656.293944042656	2656.293834553097	2657.3535047426576	2656.038369602656	2656.039336172656	2656.1814653199976	
2656.1814653199976	1.268000000000029	WheelMovementIntervals													0.41122816732826095
2658.6760391426587	2.5456259768429845	trials	1.0	1.0	1.5	0.125		0.8	2659.6568410526597	2659.6567483798017	2660.7216345626607	2659.3717362326593	2659.3725694826594	2659.5004653199976	
2659.5004653199976	0.8209999999999127	WheelMovementIntervals													-0.29387198703443573
2662.026770702662	2.310093171115568	trials	1.0	1.0	1.5	1.0		0.8	2662.776662372663	2662.776567837032	2663.836789682664	2662.5868146926628	2662.5875146226626	2662.6954653199978	
2662.6954653199978	0.6499999999996362	WheelMovementIntervals													-0.4698367639716139
2665.145658782665	2.4910046054160375	trials	1.0	1.0	1.5	0.0625		0.8	2666.070766262666	2666.070659750151	2667.136659662667	2665.854987842666	2665.855787762666	2665.9814653199974	
2665.9814653199974	0.718000000000302	WheelMovementIntervals													-0.4378336138586292
2668.4441622326685	2.3275154634402497	trials	1.0	1.0	1.5	0.0		0.8	2669.2032529826693	2669.2031669492085	2670.2716128026705	2668.988107832669	2668.989041072669	2669.1044653199974	
2669.1044653199974	0.8710000000000946	WheelMovementIntervals													-0.37558100477593825
2671.5821817326714	2.489204580659134	trials	1.0	1.0	1.5	0.0625		0.8	2672.5164549626725	2672.5163827011957	2673.5713161326735	2672.086697942672	2672.0876311826723	2672.2244653199973	
2672.2244653199973	1.0870000000004438	WheelMovementIntervals													-0.3662260689840764
2674.880985152675	3.538900511634438	trials	1.0	-1.0	0.0		0.0625	0.8	2675.855554352676	2675.8546847431635	2677.919847902678	2675.4364962626755	2675.4372295226754	2675.5524653199977	
2675.5524653199977	0.8119999999998981	WheelMovementIntervals													-0.31219862398762643
2679.2321833226792	2.6876893148419185	trials	1.0	1.0	1.5	1.0		0.8	2680.3605704726806	2680.360477997437	2681.4198312026815	2680.17125607268	2680.17215598268	2680.2684653199976	
2679.3094653199973	0.524000000000342	WheelMovementIntervals													0.03170896488074959
2680.2684653199976	0.9459999999999127	WheelMovementIntervals													-0.3931223648249329
2682.7302668126827	2.506026939496678	trials	1.0	1.0	1.5	0.125		0.8	2683.6742724026835	2683.6741765829465	2684.7362328626846	2683.4211977126834	2683.4220642926834	2683.4814653199974	
2683.4814653199974	0.8650000000002365	WheelMovementIntervals													-0.28422056121030437
2684.9784653199977	0.9169999999999163	WheelMovementIntervals													-0.1008943682456902
2686.052701202686	3.48360489408833	trials	1.0	1.0	1.5	0.125		0.8	2687.980275092688	2687.980202804004	2689.036202822689	2687.871219332688	2687.871952592688	2687.8114653199973	
2687.8114653199973	0.8560000000002219	WheelMovementIntervals													-0.36565996791563293
2690.3499047726905	2.4879045412171763	trials	1.0	1.0	1.5	0.0625		0.8	2691.278578562691	2691.2785057211904	2692.3377726326926	2690.854187672691			
2690.9724653199974	0.9630000000001928	WheelMovementIntervals													-0.2911364288364666
2693.6492081426936	2.25359683947363	trials	1.0	1.0	1.5	0.0		0.8	2694.3364060826943	2694.3363065693025	2695.4027661026953	2694.136159442694			
2694.2414653199976	0.8849999999997635	WheelMovementIntervals													-0.35615625762483205
2696.7192011126967	2.4667055281520334	trials	1.0	1.0	1.5	0.25		0.8	2697.621210902698	2697.6211024026943	2698.6858710926986	2697.4041326126976	2697.4047992126975	2697.5384653199976	
2697.5384653199976	0.8949999999999818	WheelMovementIntervals													-0.34564804342414845
2699.2214653199976	1.1309999999998581	WheelMovementIntervals													-0.21803429746597658
2700.0052058127	2.7991049564661807	trials	1.0	1.0	1.5	1.0		0.8	2701.241115542701	2701.2410075594753	2702.3042758827023	2701.020937562701	2701.0216708227013	2701.1324653199977	
2701.1324653199977	0.6779999999998836	WheelMovementIntervals													-0.326388736425713
2703.6204109227037	2.415608972028622	trials	1.0	1.0	1.5	0.0625		0.8	2704.4770252527046	2704.4769133947757	2705.5359193527056	2704.2357160527044	2704.2366159627045	2704.3684653199975	
2704.3684653199975	0.612999999999829	WheelMovementIntervals													-0.30135361493751134
2706.859920272707	2.3107920552824908	trials	1.0	1.0	1.5	1.0		0.8	2707.6158113427077	2707.615717020062	2708.670639182709	2707.3874008527073	2707.3882674327074	2707.5114653199976	
2707.5114653199976	1.0419999999999163	WheelMovementIntervals													-0.28979543221839776
2709.9945067827102	5.191328793154298	trials	-1.0	1.0	1.5		1.0	0.8	2713.6249103727137	2713.624825519279	2714.6857709427145	2713.4188976427135	2713.4197642227136	2713.5064653199975	
2710.6234653199976	1.6969999999996617	WheelMovementIntervals													-0.6274985470513457
2713.5064653199975	1.1950000000001637	WheelMovementIntervals													1.0471177903477837
2716.016437862716	2.9041974618216955	trials	1.0	1.0	1.5	0.0625		0.8	2717.3684359827175	2717.3683357502036	2718.4205307627185	2717.120460782717	2717.121360692717	2717.2544653199975	
2716.0244653199975	0.1449999999999818	WheelMovementIntervals													-0.010766530016780962
2717.2544653199975	0.775000000000091	WheelMovementIntervals													-0.2864853864790007
2719.7409320427196	2.412709639814693	trials	1.0	1.0	1.5	0.25		0.8	2720.5922469027205	2720.592134738042	2721.6536074227215	2720.3355059127202	2720.3362725027205	2720.4394653199975	
2720.4394653199975	0.9209999999998217	WheelMovementIntervals													-0.3313511053235061
2722.971642272723	3.4487070801760638	trials	-1.0	-1.0	0.0	0.0625		0.8	2723.861919902724	2723.861143583018	2725.9203140427257	2723.4687258927233	2723.4695591427235	2723.6064653199974	
2723.6064653199974	0.88799999999992	WheelMovementIntervals													0.5619460974317008
2727.2416485627273	5.695413351898424	trials	-1.0	-1.0	0.0	0.0		0.8	2730.3758017827304	2730.37495535807	2732.4369956427327	2729.95204416273	2729.95281075273	2729.9664653199975	
2727.2534653199973	1.6000000000003638	WheelMovementIntervals													-0.27192810792303135
2729.0824653199975	0.2669999999998254	WheelMovementIntervals													0.03442402077337192
2729.9664653199975	2.007000000000062	WheelMovementIntervals													0.6145304143073531
2733.4954653199975	0.11400000000003274	WheelMovementIntervals													0.011609720079150065
2733.7661627127336	2.352589431510296	trials	-1.0	1.0	1.5		0.0625	0.8	2734.5558504027344	2734.5557584943917	2735.6186774427356	2734.235315792734	2734.235982392734	2734.4514653199976	
2734.4514653199976	0.22499999999990905	WheelMovementIntervals													0.4493861582531622
2736.935145782737	2.551699213408938	trials	-1.0	1.0	1.5		0.125	0.8	2737.932346052738	2737.932244693852	2738.986773932739	2737.6200106227375	2737.6209105327375	2737.7664653199977	
2737.7664653199977	0.3999999999996362	WheelMovementIntervals													0.6809209357580244
2738.5914653199975	0.07799999999997453	WheelMovementIntervals													0.03631884027004162
2740.3049421027404	3.5982216475558744	trials	-1.0	-1.0	0.0	0.0625		0.8	2741.339505302741	2741.3386477471367	2743.4030989227435	2740.901749082741	2740.902582332741	2741.1124653199977	
2741.1124653199977	0.6739999999999782	WheelMovementIntervals													0.6277535237537677
2744.729566262745	2.505402165484611	trials	-1.0	1.0	1.5		0.0	0.8	2745.6754716627456	2745.675366325216	2746.7349657027466	2745.3849673827453	2745.3857339727456	2745.5474653199976	
2745.5474653199976	0.36799999999993815	WheelMovementIntervals													0.7817886438097617
2748.060366482748	3.357913866997478	trials	-1.0	-1.0	0.0	0.0625		0.8	2748.859019942749	2748.858369302921	2750.918214002751	2748.5531172027486	2748.5540171127486	2748.5744653199977	
2748.5744653199977	0.556999999999789	WheelMovementIntervals													0.6127671344826808
2752.245381272752	3.691114116040353	trials	1.0	1.0	1.5	0.125		0.8	2754.3811676727546	2754.381088283186	2755.4364288027555	2752.819757162753	2752.820590412753	2753.0194653199974	
2753.0194653199974	0.11999999999989086	WheelMovementIntervals													-0.2239737740876535
2753.4904653199974	0.34900000000016007	WheelMovementIntervals													0.0629462813774353
2754.3334653199977	0.7429999999999382	WheelMovementIntervals													0.26574778850715575
2756.7632961027566	4.7216832029739635	trials	1.0	1.0	1.5	0.125		0.8	2759.92248015276	2759.922383526426	2760.984940562761	2759.63454228276	2759.6354421927595	2759.8024653199973	
2757.0494653199976	0.18299999999999272	WheelMovementIntervals													0.0139638973852243
2757.5784653199976	0.21299999999973807	WheelMovementIntervals													0.015074449936832934
2758.1024653199975	0.2319999999999709	WheelMovementIntervals													0.01848155345334135
2759.8024653199973	0.8659999999999854	WheelMovementIntervals													-0.3172331466381024
2762.3171739927625	2.8840229935949537	trials	1.0	1.0	1.5	0.25		0.8	2763.6446745627636	2763.6445841156087	2764.701168902765	2762.8196904027627	2762.820390332763	2762.9574653199975	
2762.9574653199975	0.15099999999983993	WheelMovementIntervals													-0.2321777737764137
2763.4344653199973	2.338999999999942	WheelMovementIntervals													0.6637816509053209
2766.033402332766	6.435907711480922	trials	1.0	1.0	1.5	1.0		0.8	2770.920513572771	2770.9204066696884	2771.969275352772	2770.6860036927706	2770.6868702727706	2770.8194653199976	
2767.2474653199974	1.7669999999998254	WheelMovementIntervals													0.21514455879162142
2769.3534653199977	0.10999999999967258	WheelMovementIntervals													0.008183882558910227
2770.8194653199976	0.3930000000000291	WheelMovementIntervals													-0.3523063941866553
2771.4454653199973	0.30999999999994543	WheelMovementIntervals													0.04097397100008493
2773.3015087827735	3.783006537079018	trials	1.0	-1.0	0.0		0.0	0.8	2774.5197869427748	2774.5191102430813	2776.5844471227765	2773.984273832774	2773.985140412774	2773.9574653199975	
2773.9574653199975	1.01299999999992	WheelMovementIntervals													-0.3088790848497638
2775.3214653199975	0.17000000000007276	WheelMovementIntervals													0.041477983772779226
2777.912414312778	2.2719937483111607	trials	-1.0	1.0	1.5		1.0	0.8	2778.626109602779	2778.626012035136	2779.68430377278	2778.4190969727783	2778.4200302127783	2778.4194653199975	
2778.4194653199975	1.2710000000001855	WheelMovementIntervals													1.5404960355683102
2781.011004422781	2.7899057323134	trials	1.0	1.0	1.5	0.125		0.8	2782.2379150527822	2782.237806063986	2783.300908742783	2781.6190436127818	2781.6199768527817	2781.8154653199977	
2781.8154653199977	1.1409999999996217	WheelMovementIntervals													-0.4055165673443639
2784.628909262785	3.8068041000365156	trials	1.0	1.0	1.5	0.0625		0.8	2786.875917872787	2786.8758105022957	2787.935711882788	2786.6191102227867	2786.6198768127865	2786.7834653199975	
2784.9344653199973	0.13799999999991996	WheelMovementIntervals													0.02025173162246574
2785.4604653199976	0.4989999999997963	WheelMovementIntervals													0.034876845003680046
2786.7834653199975	0.44000000000005457	WheelMovementIntervals													-0.4157224920164708
2787.4904653199974	0.1449999999999818	WheelMovementIntervals													0.012025025848515725
2789.2695118227894	3.331414121984835	trials	1.0	1.0	1.5	0.125		0.8	2791.038634892791	2791.038518790666	2792.100828662792	2790.6173436927907	2790.618143612791	2790.7554653199973	
2789.4394653199975	0.21000000000003638	WheelMovementIntervals													0.022331400924542777
2789.8274653199974	0.20400000000017826	WheelMovementIntervals													0.013061405182497765
2790.7554653199973	1.2600000000002183	WheelMovementIntervals													-0.5099430853661033
2793.4382282427937	2.3459126973639286	trials	1.0	1.0	1.5	0.25		0.8	2794.2250162227942	2794.224932165515	2795.2840436427955	2793.968941832794	2793.969741752794	2794.1024653199975	
2794.1024653199975	0.9650000000001455	WheelMovementIntervals													-0.38415829155979964
2796.612944072797	2.404284346867371	trials	1.0	1.0	1.5	0.25		0.8	2797.4520268227975	2797.451937912598	2798.5171869627984	2797.218650162797	2797.2193500927974	2797.3714653199972	
2797.3714653199972	0.8590000000003783	WheelMovementIntervals													-0.35357713268638236
2799.8503203028	3.8018096729920217	trials	1.0	1.0	1.5	0.0625		0.8	2802.095929052802	2802.0958248347833	2803.152123422803	2801.6857034128016	2801.6865699928017	2801.8094653199973	
2800.9844653199975	0.07400000000006912	WheelMovementIntervals													0.004525044985882687
2801.8094653199973	0.9700000000002547	WheelMovementIntervals													-0.44312106356835557
2804.6804653199974	0.14699999999993452	WheelMovementIntervals													0.009912562011777482
2805.077630852805	2.45620440703442	trials	1.0	1.0	1.5	0.0625		0.8	2805.973041302806	2805.97293209469	2807.033735222807	2805.700368572806	2805.7011684928057	2805.8614653199975	
2805.8614653199975	0.8739999999997963	WheelMovementIntervals													-0.28758959043017285
2808.3650354128085	2.935219074284305	trials	1.0	1.0	1.5	0.0625		0.8	2809.74636393281	2809.746243917916	2810.800158542811	2809.2684783928094	2809.2694449628093	2809.4284653199975	
2808.4454653199973	0.26299999999991996	WheelMovementIntervals													0.030666720471913322
2809.4284653199975	0.7709999999997308	WheelMovementIntervals													-0.35660440009479544
2812.132658612812	3.635889928195411	trials	-1.0	-1.0	0.0	0.0		0.8	2812.852686602813	2813.212855026367	2815.2685449928154	2812.8518533528127			
2812.998465319997	0.8530000000000655	WheelMovementIntervals													0.6137238943138641
2815.2254653199975	1.5119999999997162	WheelMovementIntervals													-0.16899453124267438
2816.6143437328165	2.385810089097504	trials	1.0	1.0	1.5	0.125		0.8	2817.4445607028174	2817.444446547283	2818.5000884728183	2817.1334584828173	2817.134258402817	2817.1004653199975	
2817.1004653199975	1.0099999999997635	WheelMovementIntervals													-0.3841909054248731
2819.83805466282	2.545322559756187	trials	-1.0	1.0	1.5		0.25	0.8	2820.821656292821	2820.8215629934734	2821.883350112822	2820.568281632821	2820.5691815428204	2820.7234653199976	
2820.7234653199976	0.29899999999997817	WheelMovementIntervals													0.8129161991174101
2823.2180832928234	2.6319903683338453	trials	1.0	1.0	1.5	0.25		0.8	2824.3010749828245	2824.300978918573	2825.3500367428255	2823.834821612824	2823.835454882824	2824.0084653199974	
2824.0084653199974	0.8580000000001746	WheelMovementIntervals													-0.4197094361823588
2826.691369262827	2.525299168140009	trials	1.0	1.0	1.5	0.25		0.8	2827.664971892828	2827.6648681711495	2828.7166333828286	2827.4349615628275	2827.4357281528273	2827.3484653199976	
2827.3484653199976	0.7339999999999236	WheelMovementIntervals													-0.3270405620016845
2830.06216548283	2.554522763289242	trials	1.0	1.0	1.5	1.0		0.8	2831.063565332831	2831.063473621513	2832.1165933528323	2830.651406552831	2830.652306462831	2830.7814653199976	
2830.7814653199976	0.8789999999999054	WheelMovementIntervals													-0.3757770693983957
2833.4528930428337	2.381584197295979	trials	1.0	1.0	1.5	1.0		0.8	2834.2705779328344	2834.2704872744907	2835.3344048728354	2834.034768182834	2834.035601432834	2834.1574653199973	
2834.1574653199973	0.5770000000002256	WheelMovementIntervals													-0.2957559198564468
2836.5684653199974	0.10600000000022192	WheelMovementIntervals													0.009924084048407167
2836.680270272837	3.48612775552283	trials	-1.0	-1.0	0.0	0.0		0.8	2837.6121770728378	2837.6115774204836	2839.66633830284	2837.1829866628373	2837.1838532428374	2837.2994653199976	
2837.2994653199976	0.5309999999999491	WheelMovementIntervals													0.4479034582995496
2841.013903532841	3.1873990549197515	trials	1.0	1.0	1.5	1.0		0.8	2842.6359079828426	2842.635802034246	2843.7012347728437	2841.967808132842	2841.968774702842	2842.0984653199976	
2841.0334653199975	0.07400000000006912	WheelMovementIntervals													0.005685868555246998
2842.0984653199976	0.9779999999996107	WheelMovementIntervals													-0.2930942172872051
2843.2204653199974	0.16600000000016735	WheelMovementIntervals													0.011041299548537609
2844.353465319997	1.0100000000002183	WheelMovementIntervals													-0.17702944366038764
2845.050799802845	2.8004035437493258	trials	1.0	1.0	1.5	0.25		0.8	2846.2909091128463	2846.290800486407	2847.351103082847	2845.882783262846	2845.884016472846	2846.0124653199973	
2846.0124653199973	0.7380000000002838	WheelMovementIntervals													-0.32459968900764125
2848.6970018128486	2.4872008508450563	trials	1.0	1.0	1.5	0.125		0.8	2849.63490801285	2849.6348017566097	2850.684169742851	2849.232748232849	2849.2336481428492	2849.3584653199973	
2849.3584653199973	0.7420000000001892	WheelMovementIntervals													-0.46031900147005445
2852.032001612852	3.5355979187565936	trials	1.0	1.0	1.5	0.0625		0.8	2854.017403052854	2854.017299321165	2855.0675646928553	2853.716033192854	2853.7168664428536	2853.853465319997	
2853.853465319997	0.5830000000000837	WheelMovementIntervals													-0.3211065202708028
2856.4154965528564	2.267317618515335	trials	-1.0	1.0	1.5		0.125	0.8	2857.1271253828572	2857.1270014540883	2858.182753142858	2856.882749822857	2856.883449752857	2856.9654653199973	
2856.9654653199973	0.34300000000030195	WheelMovementIntervals													0.7359271646812431
2859.5337180328597	2.684012032164901	trials	1.0	1.0	1.5	0.125		0.8	2860.6659048028605	2860.665822264382	2861.717699612862	2860.06753131286	2860.06843122286	2860.2164653199975	
2860.2164653199975	0.9549999999999272	WheelMovementIntervals													-0.2790785919970631
2863.0679312428633	3.0312103962096444	trials	1.0	1.0	1.5	0.0625		0.8	2864.5395174028645	2864.5394353188117	2865.5990781028654	2863.5658814428634	2863.5666813628636	2863.7184653199974	
2863.7184653199974	0.17000000000007276	WheelMovementIntervals													-0.23858092674777254
2864.1384653199975	0.7419999999997344	WheelMovementIntervals													0.5126260520440269
2865.4324653199974	0.06599999999980355	WheelMovementIntervals													0.017164023812085816
2865.759465319997	0.23200000000042564	WheelMovementIntervals													0.05330127989560651
2866.2824653199973	0.7730000000001382	WheelMovementIntervals													-0.3431660617537773
2866.959742022867	2.805901544435528	trials	1.0	1.0	1.5	1.0		0.8	2868.2183161528683	2868.2182422670567	2869.265511422869	2867.750596262868	2867.751262862868	2867.719465319997	
2867.719465319997	0.805000000000291	WheelMovementIntervals													-0.3701246719602409
2868.797465319997	0.14900000000034197	WheelMovementIntervals													0.10527433116942575
2870.6189427328704	2.2648932391489325	trials	-1.0	1.0	1.5		0.125	0.8	2871.3336379228713	2871.333539968731	2872.3837995628724	2871.100694552871	2871.1015278028713	2871.2354653199973	
2871.2354653199973	0.8350000000000364	WheelMovementIntervals													1.2920501196879854
2873.7393306628737	4.594420156098295	trials	1.0	1.0	1.5	0.25		0.8	2876.778626702877	2876.778542673145	2877.833721182878	2876.5489163428765	2876.5497495928767	2876.5284653199974	
2874.6534653199974	1.0949999999998	WheelMovementIntervals													0.1807391041917299
2876.5284653199974	0.7190000000000509	WheelMovementIntervals													-0.3157905910617842
2878.7274653199975	0.17099999999982174	WheelMovementIntervals													0.01418133883663586
2879.190052202879	3.2769904842893993	trials	1.0	1.0	1.5	0.0		0.8	2880.9135465028808	2880.913446672586	2881.966941152882	2880.2821429828805	2880.28300956288	2880.404465319997	
2880.404465319997	1.3650000000002365	WheelMovementIntervals													-0.4702005587354847
2883.3222389428834	2.3447107222727936	trials	1.0	1.0	1.5	0.25		0.8	2884.110160142884	2884.110042209486	2885.166921122885	2883.8822829328838	2883.8829495328837	2884.0174653199974	
2884.0174653199974	0.706000000000131	WheelMovementIntervals													-0.3651323332330776
2885.1974653199973	0.34600000000000364	WheelMovementIntervals													-0.05456279382883622
2886.5225522128867	2.6928106730101717	trials	-1.0	1.0	1.5		1.0	0.8	2887.6621382428875	2887.6620558830027	2888.7152995828887	2887.4152629328873	2887.4161961728873	2887.4144653199974	
2886.721465319997	0.18400000000019645	WheelMovementIntervals													0.021478243248907347
2887.4144653199974	0.7480000000000473	WheelMovementIntervals													1.2001528674766178
2888.3804653199973	0.11500000000023647	WheelMovementIntervals													0.0031039406059107932
2890.0744636528902	4.092305450358253	trials	1.0	1.0	1.5	0.125		0.8	2892.6093768028927	2892.609265790066	2893.6667043928937	2891.4000644128914	2891.4007643428913	2891.5114653199976	
2891.5114653199976	1.8929999999995744	WheelMovementIntervals													0.4710541918107083
2895.032167832895	2.5347967673574203	trials	1.0	1.0	1.5	0.0		0.8	2896.005670472896	2896.005566207499	2897.066897672897	2895.7817928628956	2895.7826927728956	2895.9154653199976	
2895.9154653199976	0.8529999999996107	WheelMovementIntervals													-0.3365740632177676
2898.4217621728985	2.3934068181906696	trials	1.0	1.0	1.5	0.125		0.8	2899.2533790028992	2899.2532641942166	2900.3151061529	2898.964941182899	2898.965641112899	2899.0604653199975	
2899.0604653199975	0.95699999999988	WheelMovementIntervals													-0.3226524964860573
2901.675670082902	2.507599637503972	trials	1.0	1.0	1.5	1.0		0.8	2902.6259750429026	2902.625869187687	2903.683202642904	2902.4165959829024	2902.4175625529024	2902.5064653199975	
2902.5064653199975	0.2739999999998872	WheelMovementIntervals													-0.2980180483991717
2903.1404653199975	0.1610000000000582	WheelMovementIntervals													0.03963507313005721
2905.040366912905	2.3927079823092754	trials	1.0	1.0	1.5	0.0625		0.8	2905.883182622906	2905.88306901985	2906.9330442929067	2905.6315411229057	2905.6321743929057	2905.7584653199974	
2905.7584653199974	0.39800000000013824	WheelMovementIntervals													-0.30416781750420796
2906.4934653199975	0.10599999999976717	WheelMovementIntervals													0.014877762458070265
2908.2920750429084	2.4077064437233275	trials	1.0	1.0	1.5	1.0		0.8	2909.143589882909	2909.1434766142766	2910.19971759291	2908.881482762909	2908.882449332909	2908.9544653199973	
2908.9544653199973	0.4580000000000837	WheelMovementIntervals													-0.3271432519233599
2909.694465319997	0.13200000000006185	WheelMovementIntervals													0.053734357598443694
2910.7914653199973	0.10199999999986176	WheelMovementIntervals													-0.002557065209373377
2911.5646810829116	5.300214791296185	trials	1.0	1.0	1.5	0.0625		0.8	2915.3144060729155	2915.3142908394934	2916.3648010229163	2912.2980744029123	2912.2990076429123	2914.5844653199974	
2912.444465319997	0.1180000000003929	WheelMovementIntervals													-0.024262866926449078
2914.5844653199974	1.6790000000000873	WheelMovementIntervals													0.4429277954138797
2917.029465319997	0.5450000000000728	WheelMovementIntervals													-0.06666254634137658
2917.7367971429176	2.2280955797909883	trials	1.0	1.0	1.5	1.0		0.8	2918.4128961929187	2918.4127951950436	2919.4648243229194	2918.199484202918	2918.2002507929183	2918.3034653199975	
2918.3034653199975	0.9429999999997563	WheelMovementIntervals													-0.2908052502380656
2920.825488242921	3.8892215857367773	trials	-1.0	-1.0	0.0	0.0625		0.8	2922.160488062922	2922.159894962862	2924.214649292924	2921.7494291729217	2921.7501624329216	2921.9304653199974	
2921.9304653199974	0.5679999999997563	WheelMovementIntervals													0.5481606612193559
2925.0034653199973	0.3200000000001637	WheelMovementIntervals													-0.07397124349603246
2925.5853122129256	2.3124889503069426	trials	1.0	1.0	1.5	0.125		0.8	2926.344202982926	2926.3441079309373	2927.3977309529273	2926.132824122926	2926.133757362926	2926.2624653199973	
2926.2624653199973	0.34700000000020736	WheelMovementIntervals													-0.393100377206963
2928.7643942729287	2.5516194160031773	trials	-1.0	1.0	1.5		0.125	0.8	2929.7532953729296	2929.753201409524	2930.815989092931	2929.4826891029297	2929.4833557029297	2929.643465319997	
2929.643465319997	0.45299999999997453	WheelMovementIntervals													0.9563034433955977
2930.4474653199973	0.193000000000211	WheelMovementIntervals													0.047794383547852703
2931.2934653199973	0.06399999999985084	WheelMovementIntervals													-0.028627817764743213
2932.1839189529323	2.43050428181823	trials	-1.0	1.0	1.5		0.0625	0.8	2933.059798022933	2933.059719775156	2934.114325892934	2932.764294242933	2932.764960842933	2932.9304653199974	
2932.9304653199974	0.42099999999982174	WheelMovementIntervals													0.5999798564842536
2933.9174653199975	0.14199999999982538	WheelMovementIntervals													0.03288335884820981
2935.4859220529356	2.6451131973553856	trials	1.0	1.0	1.5	0.25		0.8	2936.5816124729367	2936.581526690875	2937.6309408629377	2936.1157923929363	2936.116525652936	2936.2634653199975	
2936.2634653199975	0.6749999999997272	WheelMovementIntervals													-0.3339188767224641
2937.2644653199973	0.14400000000023283	WheelMovementIntervals													0.06102662299099393
2939.003336942939	2.3608848819662853	trials	1.0	1.0	1.5	0.125		0.8	2939.80212372294	2939.802031151858	2940.864150842941	2939.56548072294	2939.5661473229397	2939.7064653199973	
2939.7064653199973	0.8690000000001419	WheelMovementIntervals													-0.3426977256768282
2942.237513492942	2.4117042709508496	trials	1.0	1.0	1.5	0.125		0.8	2943.094027832943	2943.0939146544633	2944.149188972944	2942.849285642943	2942.8500855629427	2942.987465319997	
2942.987465319997	0.5010000000002037	WheelMovementIntervals													-0.30876363626111925
2945.5259179529457	2.67291099784552	trials	1.0	1.0	1.5	1.0		0.8	2946.6457392929465	2946.6456217222153	2947.698800642948	2946.2141157929464	2946.2149823729465	2946.3334653199972	
2946.3334653199972	1.1480000000001382	WheelMovementIntervals													-0.2879162499588688
2949.072829892949	2.5243969163179827	trials	1.0	1.0	1.5	0.0625		0.8	2950.04383278295	2950.0437279377343	2951.097194102951	2949.8305874429498	2949.8312873729496	2949.8674653199973	
2949.8674653199973	0.9380000000001019	WheelMovementIntervals													-0.3184576724563044
2952.1444653199974	0.10500000000001819	WheelMovementIntervals													0.007005816073217375
2952.4743230429526	2.2729153572727228	trials	1.0	1.0	1.5	0.0		0.8	2953.1928511829533	2953.1927272648086	2954.247145742954	2952.9322772429528	2952.9332104829527	2953.069465319997	
2953.069465319997	0.9010000000002947	WheelMovementIntervals													-0.29338991596205233
2955.622341542956	2.291513668852076	trials	1.0	1.0	1.5	1.0		0.8	2956.3532351129566	2956.3531452643565	2957.4137957129574	2956.148655572956	2956.1494888229563	2956.0304653199973	
2956.0304653199973	0.6529999999997926	WheelMovementIntervals													-0.3025795376706242
2957.085465319997	0.1289999999999054	WheelMovementIntervals													0.009459387723552481
2957.982465319997	0.13100000000031287	WheelMovementIntervals													-0.013636240165112667
2958.7938576929587	2.388305824852978	trials	-1.0	1.0	1.5		0.25	0.8	2959.6321405229596	2959.632059386293	2960.6821021829605	2959.348868852959	2959.3497354329593	2959.4584653199972	
2959.4584653199972	0.38000000000010914	WheelMovementIntervals													0.7455685797118576
2962.060864292962	3.3542831385352656	trials	1.0	1.0	1.5	0.125		0.8	2963.852851742964	2963.852754216988	2964.915145502965	2963.047032332963	2963.047998902963	2963.183465319997	
2963.183465319997	1.0109999999999673	WheelMovementIntervals													-0.33270386853257605
2964.598465319997	0.07300000000032014	WheelMovementIntervals													0.03720597904305123
2966.298740462966	2.2498168595616335	trials	-1.0	1.0	1.5		1.0	0.2	2966.986471682967	2966.986345004448	2968.048532132968	2966.763760622967	2966.764627202967	2966.835465319997	
2966.835465319997	0.45600000000013097	WheelMovementIntervals													0.8974778734648794
2967.6104653199973	0.30900000000019645	WheelMovementIntervals													0.04915206058626609
2969.4252611129696	2.606714379965979	trials	-1.0	1.0	1.5		0.0625	0.2	2970.4762560029703	2970.476166507147	2971.5318837629716	2970.11355894297	2970.11452551297	2970.2984653199974	
2970.2984653199974	0.8019999999996799	WheelMovementIntervals													1.1210587058696433
2971.4004653199972	0.06899999999995998	WheelMovementIntervals													0.019165296843311808
2972.912579012973	2.319290774372803	trials	-1.0	1.0	1.5		0.125	0.2	2973.6818687429736	2973.681775621627	2974.7318304029745	2973.3801655829734	2973.3811654829733	2973.444465319997	
2973.444465319997	1.84900000000016	WheelMovementIntervals													1.1695809682729532
2976.402465319997	0.15000000000009095	WheelMovementIntervals													0.0070184697990498535
2976.747962102977	2.2673155457096072	trials	-1.0	1.0	1.5		0.25	0.2	2977.4648570729773	2977.4647663854084	2978.5152186929786	2977.213415552977	2977.2140821529774	2977.3224653199973	
2977.3224653199973	1.8359999999997854	WheelMovementIntervals													0.8977150019226201
2979.89308089298	4.604989034196024	trials	-1.0	1.0	1.5		1.0	0.2	2982.946775492983	2982.94667229529	2983.998070352984	2982.6968004929827	2982.697600412983	2982.703465319997	
2980.0214653199973	0.08500000000003638	WheelMovementIntervals													0.011279877254708026
2980.388465319997	1.4900000000002365	WheelMovementIntervals													0.14049737205482415
2982.703465319997	0.5289999999999964	WheelMovementIntervals													0.5578751201307455
2985.3803654429853	2.566318588521426	trials	-1.0	1.0	1.5		0.125	0.2	2986.3984969529865	2986.3983720233155	2987.4466254629874	2986.163253812986	2986.163887082986	2986.221465319997	
2985.5154653199975	0.06199999999989814	WheelMovementIntervals													0.006507894799597125
2986.221465319997	0.81899999999996	WheelMovementIntervals													0.6600972121567565
2988.824087702989	3.6392126796404227	trials	-1.0	1.0	1.5		0.0625	0.2	2990.912178872991	2990.9120944042097	2991.963207092992	2990.5980436229906	2990.5988102129904	2990.7764653199974	
2989.199465319997	0.06899999999995998	WheelMovementIntervals													0.006434261845072342
2990.7764653199974	0.7239999999997053	WheelMovementIntervals													1.109615394142054
2991.9004653199972	0.1570000000001528	WheelMovementIntervals													0.0487479190746285
2993.345202212993	2.3680073471509786	trials	-1.0	1.0	1.5		0.0625	0.2	2994.1588875029943	2994.1588040501715	2995.213182062995	2993.931543572994	2993.932410152994	2993.9484653199975	
2993.9484653199975	0.6889999999998508	WheelMovementIntervals													0.8593808801709883
2994.922465319997	0.07999999999992724	WheelMovementIntervals													0.02294080254517894
2996.6046095729967	2.743204179541408	trials	-1.0	1.0	1.5		0.25	0.2	2997.799390082998	2997.799310522215	2998.847751902999	2997.5812119029974			
2997.565465319997	3.2200000000002547	WheelMovementIntervals													1.1439087783183481
3000.2420124630003	5.0893027535275905	trials	-1.0	1.0	1.5		0.25	0.2	3003.771892773004	3003.7718136791987	3004.8312201630047	3003.4630236630037			
3001.1404653199975	0.8179999999997563	WheelMovementIntervals													0.1850934681428953
3002.5924653199972	0.06300000000010186	WheelMovementIntervals													0.0030200442384966664
3003.4964653199972	1.3659999999999854	WheelMovementIntervals													0.9412836698873548
3006.205465319997	0.54300000000012	WheelMovementIntervals													0.04480102705542777
3006.220814523006	4.493497569826559	trials	-1.0	1.0	1.5		0.25	0.2	3009.156720903009	3009.1566116285812	3010.21431513301	3008.929343643009	3008.9300769030087	3009.0464653199974	
3009.0464653199974	0.4379999999996471	WheelMovementIntervals													0.9182923004007648
3009.9634653199973	0.2719999999999345	WheelMovementIntervals													0.04176894694001021
3011.6067092130115	3.2893141379972803	trials	-1.0	1.0	1.5		0.25	0.2	3013.3422356430133	3013.3421156168874	3014.3959302630146	3013.0961935830132	3013.097026833013	3013.165465319997	
3012.056465319997	0.15099999999983993	WheelMovementIntervals													0.015508307708728353
3013.165465319997	0.36599999999998545	WheelMovementIntervals													0.7141659365414625
3015.7854246330157	3.2789144906100773	trials	-1.0	1.0	1.5		0.25	0.2	3017.5042194030175	3017.5041311802106	3018.5642133930187	3017.3306367630175	3017.3316033330175	3017.375465319997	
3015.844465319997	0.8859999999999673	WheelMovementIntervals													0.4001760627984936
3017.375465319997	1.41800000000012	WheelMovementIntervals													1.5507441265827993
3019.4144653199974	0.5859999999997854	WheelMovementIntervals													0.05355240426928276
3019.95934053302	2.4865986874774535	trials	-1.0	1.0	1.5		0.0625	0.2	3020.885814543021	3020.885739298918	3021.945908523022	3020.6624702130207	3020.6632034730205	3020.6354653199974	
3020.6354653199974	1.3049999999998363	WheelMovementIntervals													1.1644606117303624
3023.3373360330233	2.375105631966562	trials	-1.0	1.0	1.5		0.125	0.2	3024.161120313024	3024.1610372926116	3025.212348513025	3023.930643363024	3023.9317765830237	3024.0144653199973	
3024.0144653199973	0.44000000000005457	WheelMovementIntervals													0.8670146395735969
3024.806465319997	0.11900000000014188	WheelMovementIntervals													0.023667633879142613
3026.6201410530266	2.793800665251183	trials	-1.0	1.0	1.5		0.0625	0.2	3027.861750213028	3027.8616404598956	3028.913878323029	3027.580644993028	3027.5814115830276	3027.5844653199974	
3027.5844653199974	0.8269999999997708	WheelMovementIntervals													0.680680151007266
3028.732465319997	0.12200000000029831	WheelMovementIntervals													0.015037677165651075
3030.30403929303	2.276712442693679	trials	-1.0	1.0	1.5		0.0	0.2	3031.036632693031	3031.0365429745734	3032.080661613032	3030.778891803031	3030.7796917230307	3030.8494653199973	
3030.8494653199973	1.2619999999997162	WheelMovementIntervals													0.8572161232046938
3033.4775552430333	22.285912441350774	trials	1.0	1.0	1.5	0.0		0.2	3054.210181773054	3054.210064956587	3055.263376443055	3037.3789317330375	3037.3798649730375	3037.5434653199973	
3035.933465319997	0.75	WheelMovementIntervals													1.283356819971118
3037.5434653199973	0.6920000000000073	WheelMovementIntervals													0.2545456091392566
3038.594465319997	0.6109999999998763	WheelMovementIntervals													-0.19795904844698953
3039.8894653199973	0.17599999999993088	WheelMovementIntervals													0.0454419124775427
3041.766465319997	0.3589999999999236	WheelMovementIntervals													-0.09869597814054032
3043.7404653199974	1.2979999999997744	WheelMovementIntervals													-0.17209833026953447
3045.346465319997	1.6390000000001237	WheelMovementIntervals													0.18557390522630612
3050.7494653199974	0.2739999999998872	WheelMovementIntervals													-0.04154556822993527
3053.442465319997	1.1570000000001528	WheelMovementIntervals													-0.18355379394165539
3055.1864653199973	0.24899999999979627	WheelMovementIntervals													-0.05196680667768305
3056.6997661230566	2.547018385047977	trials	-1.0	1.0	1.5		0.125	0.2	3057.6854675430577	3057.6853724634925	3058.746728073059	3057.4450915830575	3057.4457915130574	3057.589465319997	
3057.0124653199973	0.18100000000004002	WheelMovementIntervals													0.011282684390778286
3057.589465319997	0.3000000000001819	WheelMovementIntervals													0.6933862258465524
3060.14448828306	2.4853986165016977	trials	-1.0	1.0	1.5		0.0	0.2	3061.077195003061	3061.0770870134666	3062.1298563930623	3060.761693223061	3060.7623931530607	3060.9254653199973	
3060.9254653199973	0.5429999999996653	WheelMovementIntervals													0.4179722268817727
3063.5234836830637	2.30501120562667	trials	-1.0	1.0	1.5		0.25	0.2	3064.2736753230643	3064.273586678784	3065.3284365030654	3064.0616631930643	3064.0623297930642	3064.071465319997	
3064.071465319997	0.9110000000000582	WheelMovementIntervals													1.7490107750481911
3066.728496483067	3.683008866235923	trials	-1.0	1.0	1.5		1.0	0.2	3068.8575835530687	3068.8575004521704	3069.9114781530698	3068.6466379830686	3068.6475378930686	3068.721465319997	
3066.767465319997	0.6580000000003565	WheelMovementIntervals													0.07909041265384076
3068.721465319997	0.47699999999986176	WheelMovementIntervals													0.9325452056577888
3069.4814653199974	0.4659999999998945	WheelMovementIntervals													0.04965778037910695
3071.3093050230714	3.7538026769748285	trials	-1.0	1.0	1.5		1.0	0.2	3073.5075851730735	3073.5075054195026	3074.5630462830745	3073.2796746330732	3073.2804745530734	3073.377465319997	
3071.5664653199974	0.12099999999963984	WheelMovementIntervals													0.011328212238083779
3071.9294653199972	0.31100000000014916	WheelMovementIntervals													0.021146024627967108
3072.462465319997	0.19700000000011642	WheelMovementIntervals													0.01367147857507689
3073.377465319997	0.2780000000002474	WheelMovementIntervals													0.4466011634873439
3075.967105863076	5.460898015484872	trials	-1.0	-1.0	0.0	0.0		0.2	3078.881347743079	3078.880504270832	3080.927909733081	3078.5780447430784	3078.5786780130784	3078.669465319997	
3076.074465319997	0.5329999999999018	WheelMovementIntervals													0.04913435988862602
3076.928465319997	0.11000000000012733	WheelMovementIntervals													0.008592328141276084
3077.448465319997	0.11700000000018917	WheelMovementIntervals													0.007433986360979361
3078.669465319997	0.46900000000005093	WheelMovementIntervals													0.7702571800060696
3082.3346023830823	2.476498055894808	trials	-1.0	1.0	1.5		1.0	0.2	3083.266209213083	3083.2661012757	3084.3110380530843	3083.062562913083	3083.063262843083	3083.163465319997	
3083.163465319997	0.8400000000001455	WheelMovementIntervals													1.5232252957608807
3085.707698373086	2.286812611246205	trials	-1.0	1.0	1.5		0.0	0.2	3086.4466244730866	3086.4465018012747	3087.4944530130874	3086.196182853086	3086.196882783086	3086.049465319997	
3086.049465319997	0.8479999999999563	WheelMovementIntervals													1.0801136469657422
3087.0834653199972	0.15000000000009095	WheelMovementIntervals													0.01790438600255584
3088.892913153089	2.4864977831066426	trials	-1.0	1.0	1.5		0.25	0.2	3089.8327191630897	3089.8326115594386	3090.879381153091	3089.61260784309	3089.6134410930895	3089.629465319997	
3089.629465319997	0.4970000000002983	WheelMovementIntervals													1.0917461250625138
3090.629465319997	0.20600000000013097	WheelMovementIntervals													0.040957351383895
3092.2834074030925	4.345908047590456	trials	-1.0	1.0	1.5		0.125	0.2	3095.077327983095	3095.0772119336966	3096.1292561130963	3094.827652953095	3094.828352883095	3094.933465319997	
3092.620465319997	0.7260000000001128	WheelMovementIntervals													0.06448030704825669
3094.933465319997	1.1100000000001273	WheelMovementIntervals													0.8278111277219296
3096.301465319997	0.16699999999991633	WheelMovementIntervals													0.04240916961759922
3097.5311159130974	2.4147274765500697	trials	-1.0	1.0	1.5		0.125	0.2	3098.3907299430984	3098.3906249813363	3099.4457577630997	3098.127522933098	3098.1282895230984	3098.267465319997	
3098.267465319997	0.3360000000002401	WheelMovementIntervals													0.6568955173640916
3098.9384653199972	0.3829999999998108	WheelMovementIntervals													0.040178799133002485
3100.795465319997	0.5499999999997272	WheelMovementIntervals													0.04853275617460895
3100.847550903101	3.81329788524954	trials	-1.0	1.0	1.5		0.0625	0.2	3103.1064249931032	3103.106348465739	3104.160786213104	3102.877347903103	3102.878181153103	3102.899465319997	
3101.538465319997	0.23799999999982901	WheelMovementIntervals													0.01589979884704462
3102.899465319997	0.4090000000001055	WheelMovementIntervals													0.7192713330356355
3105.5646458131055	3.5292936807932165	trials	-1.0	1.0	1.5		0.0625	0.2	3107.5349487631074	3107.5348411689856	3108.593876193109	3107.295539373107	3107.2964392831072	3107.3984653199973	
3105.959465319997	0.22200000000020736	WheelMovementIntervals													0.014140986672884992
3107.3984653199973	0.29999999999972715	WheelMovementIntervals													0.5620949698447362
3108.250465319997	0.1430000000000291	WheelMovementIntervals													0.07805206974273915
3110.00213535311	3.960011304930049	trials	-1.0	1.0	1.5		1.0	0.2	3112.4121609931126	3112.412041624283	3113.4620893231136	3112.195582653112			
3110.334465319997	0.09900000000016007	WheelMovementIntervals													0.0064192511820238
3110.622465319997	0.07400000000006912	WheelMovementIntervals													0.004369524452954465
3111.107465319997	0.09600000000000364	WheelMovementIntervals													0.007295088138391748
3111.616465319997	0.07999999999992724	WheelMovementIntervals													0.0044341679484318774
3112.274465319997	0.8150000000000546	WheelMovementIntervals													1.811493139773063
3114.874848033115	2.2524142485199263	trials	-1.0	1.0	1.5		0.25	0.2	3115.5836438131155	3115.5835518870126	3116.6271727831167	3115.3605661231154			
3115.314465319997	1.2570000000000618	WheelMovementIntervals													1.2636524569475114
3118.035965223118	4.426001734576857	trials	-1.0	1.0	1.5		0.25	0.2	3120.909377853121	3120.909265050809	3121.961872593122	3120.6620025931206	3120.662835843121	3120.7354653199973	
3118.1064653199974	0.33999999999969077	WheelMovementIntervals													0.04345588460955696
3120.7354653199973	0.44000000000005457	WheelMovementIntervals													0.7102040772421674
3121.520465319997	0.11799999999993815	WheelMovementIntervals													0.030819846472752488
3121.993465319997	0.11300000000028376	WheelMovementIntervals													0.04640902509748912
3123.3719649031236	2.40660240167972	trials	-1.0	1.0	1.5		0.0625	0.2	3124.2249795931243	3124.2248653998795	3125.2785075631255	3123.960172743124	3123.961105983124	3124.105465319997	
3124.105465319997	1.0160000000000764	WheelMovementIntervals													0.914049616104478
3125.324465319997	0.09799999999995634	WheelMovementIntervals													0.006017528365248381
3126.6856668331266	3.3928042146881126	trials	-1.0	1.0	1.5		0.125	0.2	3128.5313822431285	3128.531268037862	3129.5784108631296	3128.293639353128	3128.2943059531285	3128.296465319997	
3126.812465319997	0.5460000000002765	WheelMovementIntervals													0.05110731859298312
3128.296465319997	0.9190000000003238	WheelMovementIntervals													0.8636800306949795
3129.683465319997	0.05900000000019645	WheelMovementIntervals													0.0213509126685949
3130.990469643131	3.6865074273428036	trials	1.0	1.0	1.5	1.0		0.2	3133.126389363133	3133.1262727874987	3134.176884303134	3131.4434576731314	3131.4442909231316	3131.6104653199973	
3131.6104653199973	1.856999999999971	WheelMovementIntervals													-0.30927249687670155
3133.970465319997	0.07300000000032014	WheelMovementIntervals													0.0012552007101476192
3135.5889764131357	2.454499579187541	trials	1.0	1.0	1.5	1.0		0.2	3136.4957857231366	3136.495675518881	3137.5434142831377	3136.095225783136	3136.0961923531363	3136.0504653199973	
3136.0504653199973	1.2390000000000327	WheelMovementIntervals													-0.3703336814941167
3138.955173093139	3.7900245687401366	trials	-1.0	1.0	1.5		0.0625	0.2	3141.188983023141	3141.188886983767	3142.245177393142	3140.8614157831407			
3139.241465319997	0.1449999999999818	WheelMovementIntervals													0.012387925186203574
3139.678465319997	0.1269999999999527	WheelMovementIntervals													0.013627293182764788
3140.9634653199973	0.3439999999995962	WheelMovementIntervals													0.4023163932637317
3142.0704653199973	0.09899999999970532	WheelMovementIntervals													0.038220873681780176
3143.6620023631435	3.3645063734707037	trials	-1.0	1.0	1.5		1.0	0.2	3145.4780874031453	3145.4780047237373	3146.5264492231468	3145.2598758931454			
3144.115465319997	0.06400000000030559	WheelMovementIntervals													0.005423875672249778
3145.330465319997	0.93100000000004	WheelMovementIntervals													1.5110881416530333
3147.939307923148	2.320608476933103	trials	-1.0	1.0	1.5		0.25	0.2	3148.6938991231486	3148.693810029001	3149.7598925131497	3148.4613557131484	3148.4622889531483	3148.386465319997	
3148.386465319997	1.0979999999999563	WheelMovementIntervals													1.0926392580374795
3149.790465319997	0.11900000000014188	WheelMovementIntervals													0.035983913431152814
3151.022465319997	1.0010000000002037	WheelMovementIntervals													0.0811884627723316
3151.1818169731514	3.51109403300552	trials	-1.0	1.0	1.5		1.0	0.2	3153.1211896831533	3153.121112572712	3154.192849173154	3152.8448506531527	3152.845850553153	3152.917465319997	
3152.917465319997	1.0280000000002474	WheelMovementIntervals													0.8018242006292553
3155.6153069131556	2.2791099322193986	trials	-1.0	1.0	1.5		0.125	0.2	3156.3346016431565	3156.334509731834	3157.3943623231576	3156.0948256231563	3156.0957921931563	3156.1754653199973	
3156.1754653199973	0.2669999999998254	WheelMovementIntervals													0.4079672727759771
3157.073465319997	0.18000000000029104	WheelMovementIntervals													0.031104287194580138
3158.6104653199973	0.5119999999997162	WheelMovementIntervals													0.042935198487725756
3158.8226194831586	3.2051917522321673	trials	-1.0	1.0	1.5		0.125	0.2	3160.4677216231603	3160.4676142237154	3161.5278156031613	3160.19294910316	3160.1936823631604	3160.285465319997	
3159.370465319997	0.07700000000022555	WheelMovementIntervals													0.004668034432370405
3160.285465319997	0.524000000000342	WheelMovementIntervals													0.5272388542052227
3161.143465319997	0.4679999999998472	WheelMovementIntervals													0.05870970441338841
3161.977465319997	0.4290000000000873	WheelMovementIntervals													-0.22171500751977646
3162.954306273163	2.49011997994603	trials	-1.0	1.0	1.5		0.125	0.2	3163.871514543164	3163.871412895144	3164.944340583165	3163.6928657431636	3163.693632333164	3163.7134653199973	
3163.7134653199973	1.0469999999995707	WheelMovementIntervals													1.4451894493388409
3166.044465319997	0.10500000000001819	WheelMovementIntervals													0.009723635091404503
3166.3737309631665	4.302210682924851	trials	-1.0	1.0	1.5		1.0	0.2	3169.103824593169	3169.1037364729928	3170.1759173731703	3168.859349043169	3168.8601822931687	3168.884465319997	
3166.479465319997	0.23600000000033106	WheelMovementIntervals													0.020254252982738308
3167.359465319997	0.08100000000013097	WheelMovementIntervals													0.003934775395123324
3168.884465319997	1.469000000000051	WheelMovementIntervals													1.0563873379707047
3171.601041513172	2.808395642580763	trials	-1.0	1.0	1.5		0.125	0.2	3172.843717233173	3172.843639142738	3173.909310663174	3172.6107738631727	3172.6114404631726	3172.589465319997	
3172.589465319997	1.1010000000001128	WheelMovementIntervals													1.22952320805922
3174.151465319997	0.13200000000006185	WheelMovementIntervals													0.015288731770453978
3174.821465319997	0.6970000000001164	WheelMovementIntervals													0.0331152694665775
3175.3386343831753	2.2888100836471494	trials	-1.0	1.0	1.5		0.0625	0.2	3176.0529296131763	3176.052836905604	3177.127388823177	3175.810787163176	3175.811720403176	3175.730465319997	
3175.730465319997	1.000999999999749	WheelMovementIntervals													0.8461906644981241
3177.125465319997	0.07600000000002183	WheelMovementIntervals													0.01734892367522889
3177.5704653199973	0.7809999999999491	WheelMovementIntervals													-0.07538702519201479
3178.5579457531785	5.3678040591448735	trials	-1.0	1.0	1.5		0.0625	0.2	3182.352732903182	3182.352647208865	3183.4256589331835	3182.075793933182	3182.076593853182	3182.1504653199972	
3178.968465319997	0.16900000000032378	WheelMovementIntervals													0.023129817666472263
3179.299465319997	0.15099999999983993	WheelMovementIntervals													0.01115460035344995
3179.941465319997	0.0840000000002874	WheelMovementIntervals													0.004453070221700273
3180.414465319997	0.9380000000001019	WheelMovementIntervals													0.737193780394648
3182.1504653199972	0.46900000000005093	WheelMovementIntervals													0.9708227713394422
3184.866448173185	2.3260061866503747	trials	-1.0	1.0	1.5		0.125	0.2	3185.6200394731854	3185.619949853382	3186.6923655631867	3185.3941620631854	3185.3948619931853	3185.249465319997	
3185.249465319997	0.5730000000003201	WheelMovementIntervals													0.660429477131288
3186.435465319997	1.69399999999996	WheelMovementIntervals													-0.35033302989177173
3188.1267554431884	4.23381535731869	trials	-1.0	1.0	1.5		1.0	0.2	3190.8021545431907	3190.8020638835533	3191.860482033192	3190.5939753631906	3190.5947752831908	3190.539465319997	
3188.432465319997	0.9010000000002947	WheelMovementIntervals													0.16992336478199377
3189.865465319997	0.11400000000003274	WheelMovementIntervals													0.0210249881295681
3190.539465319997	1.4760000000001128	WheelMovementIntervals													1.4230967214423345
3193.296471753193	3.6458090646165147	trials	-1.0	1.0	1.5		0.125	0.2	3195.368664513195	3195.3685757683843	3196.4422238131965	3195.125488833195	3195.126322083195	3195.1214653199972	
3193.497465319997	0.3850000000002183	WheelMovementIntervals													0.036774407601456005
3194.384465319997	0.06700000000000728	WheelMovementIntervals													0.003158982262164045
3195.1214653199972	1.469000000000051	WheelMovementIntervals													1.1711725447515278
3197.672465319997	0.6549999999997453	WheelMovementIntervals													0.2286431756829188
3197.873980623198	5.55298874914115	trials	1.0	1.0	1.5	0.0625		0.8	3201.8685811232017	3201.8684718106556	3202.926941943203	3200.5602119732007	3200.5608785732006	3200.606465319997	
3198.559465319997	0.7970000000000255	WheelMovementIntervals													0.09599184277101358
3199.537465319997	0.062000000000352884	WheelMovementIntervals													0.003139216921965726
3200.606465319997	2.1510000000002947	WheelMovementIntervals													-0.31101364445959234
3204.4184653199973	0.1459999999997308	WheelMovementIntervals													0.00941130996471884
3205.031164833205	2.6108116972677635	trials	1.0	1.0	1.5	0.25		0.8	3206.078160123206	3206.0780687216916	3207.1418870732073	3205.825118763206	3205.825785363206	3205.975465319997	
3205.975465319997	0.7609999999999673	WheelMovementIntervals													-0.35782857244817023
3208.5661779632087	2.5089944221858786	trials	-1.0	1.0	1.5		0.25	0.8	3209.5080837632095	3209.507975118737	3210.5751770432107	3209.2933385732094	3209.2940385032093	3209.305465319997	
3209.305465319997	0.49499999999989086	WheelMovementIntervals													0.8315990825190056
3212.002967583212	3.5071188838646776	trials	-1.0	-1.0	0.0	0.0		0.8	3212.944973373213	3212.9440723821913	3215.010033513215	3212.6265052232125	3212.6273384732126	3212.6484653199973	
3212.6484653199973	1.0559999999995853	WheelMovementIntervals													0.3277860984479162
3215.452465319997	0.08800000000019281	WheelMovementIntervals													-0.0488838229191515
3215.933465319997	0.31999999999970896	WheelMovementIntervals													0.04250553198050966
3216.4427902232164	3.4006016785265274	trials	1.0	1.0	1.5	0.25		0.8	3218.2835061332185	3218.2833900492165	3219.3433001432195	3217.891578663218	3217.892545233218	3218.018465319997	
3218.018465319997	0.55600000000004	WheelMovementIntervals													-0.3249348022632148
3218.9384653199972	0.056999999999789	WheelMovementIntervals													0.003404151877134609
3220.7797898132208	2.2967094706873468	trials	-1.0	1.0	1.5		1.0	0.8	3221.5072837232215	3221.5071921792996	3222.5764434632224	3221.2915386332215	3221.2924718732215	3221.345465319997	
3221.345465319997	0.4670000000000982	WheelMovementIntervals													0.9339957019103622
3224.007800313224	2.552115015108029	trials	1.0	1.0	1.5	0.125		0.8	3224.988802203225	3224.9887053155785	3226.059861753226	3224.6747669432248	3224.6754002132247	3224.821465319997	
3224.821465319997	0.6219999999998436	WheelMovementIntervals													-0.3372111138825744
3225.696465319997	0.08899999999994179	WheelMovementIntervals													0.010582387704232588
3227.455465319997	0.8919999999998254	WheelMovementIntervals													0.09485912174335454
3227.4962181032274	4.078600326347896	trials	-1.0	1.0	1.5		0.0625	0.8	3230.01649938323	3230.016417069065	3231.074726883231	3229.6749002132296	3229.67566680323	3229.824465319997	
3229.824465319997	0.26599999999962165	WheelMovementIntervals													0.3990703956065431
3232.5163160432326	2.541690761182963	trials	1.0	1.0	1.5	0.125		0.8	3233.4863190332335	3233.4862121361525	3234.5579785232344	3233.1594517232334	3233.160251643233	3233.344465319997	
3233.344465319997	0.5619999999998981	WheelMovementIntervals													-0.315774268238215
3234.615465319997	0.16900000000032378	WheelMovementIntervals													0.020994944964627393
3235.989202053236	2.3521049511164165	trials	1.0	1.0	1.5	0.0625		0.8	3236.781022863237	3236.78090304656	3237.841216833238	3236.5429133432367	3236.5438465832367	3236.665465319997	
3236.665465319997	0.27999999999974534	WheelMovementIntervals													-0.30008706469266144
3237.361465319997	0.1790000000000873	WheelMovementIntervals													0.02969950904440566
3239.2809061832395	2.3788028595513424	trials	1.0	1.0	1.5	0.25		0.8	3240.09722454324	3240.097106478164	3241.159684953241	3239.8760799932397	3239.87677992324	3239.998465319997	
3239.998465319997	0.5929999999998472	WheelMovementIntervals													-0.3534565435435866
3242.6019073832426	3.207616047895499	trials	1.0	1.0	1.5	0.125		0.8	3244.2413434232444	3244.2412145626604	3245.3094699332455	3243.8410834532438	3243.8420500232437	3243.820465319997	
3242.657465319997	0.19600000000036744	WheelMovementIntervals													0.015567149714684092
3243.820465319997	0.8630000000002838	WheelMovementIntervals													-0.4039543075951997
3246.753025563247	2.8047196122638525	trials	-1.0	1.0	1.5		0.125	0.8	3247.995634623248	3247.9955338085956	3249.0577284032493	3247.7076634232476	3247.7086299932475	3247.8224653199973	
3246.925465319997	0.125	WheelMovementIntervals													0.008491205532152435
3247.8224653199973	0.4559999999996762	WheelMovementIntervals													0.8742830467574549
3250.5037504532506	4.403899564546009	trials	1.0	1.0	1.5	1.0		0.8	3253.3501324532535	3253.3500488791847	3254.4075600332544	3252.975736563253	3252.976503153253	3253.096465319997	
3250.819465319997	0.14399999999977808	WheelMovementIntervals													0.011538486997778818
3253.096465319997	0.4479999999998654	WheelMovementIntervals													-0.35885442568451253
3253.914465319997	0.11000000000012733	WheelMovementIntervals													0.017981489675435114
3255.596465319997	1.6579999999999018	WheelMovementIntervals													-0.21122319405145618
3255.856148493256	3.686204541596908	trials	1.0	1.0	1.5	0.125		0.8	3257.981535933258	3257.9814505351837	3259.042296513259	3257.5259148332575	3257.5267480832576	3257.692465319997	
3257.692465319997	0.9829999999997199	WheelMovementIntervals													-0.28882339625891973
3260.4878519432605	2.321405660708024	trials	1.0	1.0	1.5	0.25		0.8	3261.2511422732614	3261.2510534755475	3262.309236453262	3260.990801643261	3260.991701553261	3261.1304653199973	
3261.1304653199973	0.33999999999969077	WheelMovementIntervals													-0.2866325528009952
3263.7552585032636	2.5686875543269707	trials	-1.0	1.0	1.5		0.125	0.8	3264.757458273265	3264.7573532578467	3265.823884953266	3264.4906516232645	3264.4912848932645	3264.520465319997	
3264.520465319997	0.3979999999996835	WheelMovementIntervals													0.6272765385758703
3267.2723400932673	5.9699369193740495	trials	-1.0	-1.0	0.0	0.0		0.8	3270.6734999432706	3270.6726599824287	3272.742193053273	3267.892011453268	3267.892911363268	3268.050465319997	
3268.050465319997	0.11900000000014188	WheelMovementIntervals													-0.21024372273365088
3270.049465319997	0.05199999999967986	WheelMovementIntervals													0.02950164859026927
3270.480465319997	1.6089999999999236	WheelMovementIntervals													0.5445787754207458
3272.944465319997	0.22600000000011278	WheelMovementIntervals													0.032575492707962894
3274.199780613274	3.3407040892102486	trials	1.0	1.0	1.5	1.0		0.8	3275.982169023276	3275.982082261401	3277.040429853277	3274.957238193275	3274.958104773275	3275.118465319997	
3275.118465319997	1.5140000000001237	WheelMovementIntervals													-0.36147134229497624
3277.257465319997	0.8550000000000182	WheelMovementIntervals													-0.1848660520811336
3278.4929845832785	3.748798924341827	trials	-1.0	-1.0	0.0	0.25		0.8	3279.67966590328	3279.6789836102394	3281.7417596732816	3279.5252813432794	3279.5260146032797	3279.563465319997	
3278.745465319997	0.2019999999997708	WheelMovementIntervals													0.10054781613371233
3279.563465319997	0.6750000000001819	WheelMovementIntervals													0.4092471088408729
3283.1977807232834	2.492394009028885	trials	1.0	1.0	1.5	1.0		0.8	3284.126487843284	3284.126377746069	3285.190148133285	3283.6902981332837	3283.6912313732837	3283.829465319997	
3283.829465319997	1.6359999999999673	WheelMovementIntervals													-0.3343112848727401
3286.6411696832865	2.4325219890388325	trials	1.0	1.0	1.5	0.0625		0.8	3287.5153822532875	3287.5152768661865	3288.5735764232886	3287.2083796232873	3287.209179543287	3287.4004653199972	
3287.4004653199972	0.4619999999999891	WheelMovementIntervals													-0.3464966450222846
3288.165465319997	0.16499999999996362	WheelMovementIntervals													0.028379543460573586
3288.542465319997	0.1230000000000473	WheelMovementIntervals													0.009555177849733809
3290.02909752329	2.3794020928448845	trials	-1.0	1.0	1.5		1.0	0.8	3290.837183373291	3290.8370975548187	3291.908409573292	3290.624904603291	3290.625804513291	3290.734465319997	
3290.734465319997	0.9800000000000182	WheelMovementIntervals													1.3267364285158578
3293.3607976532935	2.297606896725938	trials	-1.0	1.0	1.5		0.125	0.8	3294.0990904832943	3294.098999547862	3295.1582845532953	3293.823551373294	3293.824384623294	3293.969465319997	
3293.969465319997	1.1329999999998108	WheelMovementIntervals													0.7503769078978166
3296.610405993297	4.131094742629102	trials	1.0	1.0	1.5	0.0		0.8	3299.1784158332994	3299.178301482103	3300.2414428533	3298.889944683299	3298.8906112832988	3298.879465319997	
3297.394465319997	0.11700000000018917	WheelMovementIntervals													0.01000921810100408
3298.879465319997	1.1010000000001128	WheelMovementIntervals													-0.35219338260827726
3301.6992970533015	2.2739097024063994	trials	1.0	1.0	1.5	1.0		0.8	3302.4116924733025	3302.411599466081	3303.4731529833034	3302.2066796433023	3302.2075462233024	3302.337465319997	
3302.337465319997	0.9349999999999454	WheelMovementIntervals													-0.4820916741585961
3304.923107973305	3.9169113165253293	trials	1.0	-1.0	0.0		0.0	0.8	3306.278105793306	3306.2775115405902	3308.3398995933085	3305.907942813306	3305.908809393306	3306.045465319997	
3306.045465319997	0.8829999999998108	WheelMovementIntervals													-0.376840664320639
3309.756465319997	0.15299999999979264	WheelMovementIntervals													0.04392602760742648
3309.79432080331	3.3454049127731196	trials	1.0	1.0	1.5	0.125		0.8	3311.5717097133115	3311.571622350769	3312.639702903313	3311.3247010833115	3311.3253676833115	3311.468465319997	
3310.045465319997	0.2139999999999418	WheelMovementIntervals													0.014355222657798095
3310.587465319997	0.05499999999983629	WheelMovementIntervals													0.0015102679457754675
3311.468465319997	0.9200000000000728	WheelMovementIntervals													-0.2931546779868768
3313.277465319997	0.09899999999970532	WheelMovementIntervals													0.021265655257593608
3314.089824543314	2.5347902450957918	trials	1.0	1.0	1.5	0.25		0.8	3315.068526663315	3315.0684196190855	3316.124554383316	3314.8077860733147	3314.8086526533148	3314.968465319997	
3314.968465319997	0.6599999999998545	WheelMovementIntervals													-0.3173681867067444
3317.5994068833174	2.29180747745977	trials	1.0	1.0	1.5	0.25		0.8	3318.3202347933184	3318.320108605807	3319.3911943533194	3318.089524533318	3318.090224463318	3318.228465319997	
3318.228465319997	0.9819999999999709	WheelMovementIntervals													-0.4599987708777462
3320.8546146633207	2.382019012810815	trials	1.0	1.0	1.5	1.0		0.8	3321.5866414533216	3321.5865198907204	3321.3396994833215	3321.3396994833215	3321.3404994033212	3321.482465319997	
3321.482465319997	0.70699999999988	WheelMovementIntervals													-0.3062951421736102
3324.2765391033245	2.2964065028986624	trials	1.0	1.0	1.5	0.125		0.8	3325.015331883325	3325.0152408734816	3326.072892783326	3324.4708863333244	3324.7734227433248	3324.921465319997	
3324.921465319997	0.6430000000000291	WheelMovementIntervals													-0.3440491241814243
3327.479465319997	3.025000000000091	WheelMovementIntervals													-0.4459132949019704
3327.5315469033276	5.957707437181853	trials	-1.0	1.0	1.5		0.0625	0.8	3331.9216411833318	3331.921550909776	3332.989167753333	3331.6741659333316	3331.6749658533317	3331.694465319997	
3331.694465319997	1.0760000000000218	WheelMovementIntervals													0.6341512694236826
3333.162465319997	1.3760000000002037	WheelMovementIntervals													-0.20487516628855929
3334.4675532333345	2.821693751640396	trials	1.0	1.0	1.5	0.125		0.8	3335.725760733336	3335.7256495556744	3336.7891543833366	3335.4741192333354	3335.4748858233356	3335.613465319997	
3335.613465319997	0.5039999999999054	WheelMovementIntervals													-0.27840026725328926
3336.406465319997	0.1659999999997126	WheelMovementIntervals													0.02415923137999698
3338.2442421933383	2.711600896498112	trials	-1.0	1.0	1.5		0.25	0.8	3339.4000599333394	3339.399942149225	3340.4558210133405	3339.157384203339	3339.1581507933392	3339.1904653199967	
3338.380465319997	0.1449999999999818	WheelMovementIntervals													0.011087204170109999
3339.1904653199967	0.41200000000026193	WheelMovementIntervals													0.7653197455514373
3341.911942053342	2.445220926982529	trials	1.0	1.0	1.5	0.25		0.8	3342.797053533343	3342.7969489036473	3343.857080853344	3342.4740191733426	3342.4747524333425	3342.647465319997	
3342.647465319997	0.4800000000000182	WheelMovementIntervals													-0.3367403290323523
3345.3148683933455	3.5908108549861026	trials	1.0	1.0	1.5	0.0625		0.8	3347.3406657933474	3347.3405733887607	3348.4056259533486	3347.072225973347	3347.0729925633473	3347.043465319997	
3345.916465319997	0.07300000000032014	WheelMovementIntervals													0.0036589938522411103
3347.043465319997	0.6670000000003711	WheelMovementIntervals													-0.4070556042738076
3349.86877962335	2.386900880930625	trials	1.0	1.0	1.5	0.25		0.8	3350.7009630633506	3350.70087923323	3351.755624253352	3350.4573207633507	3350.4582540033507	3350.611465319997	
3350.611465319997	0.5070000000000618	WheelMovementIntervals													-0.3649924205056436
3353.2174780533533	6.271409731788481	trials	1.0	1.0	1.5	0.125		0.8	3357.931573263358	3357.931483865076	3358.988800863359	3357.5069490633578	3357.5077823133574	3357.643465319997	
3353.657465319997	0.16699999999991633	WheelMovementIntervals													0.01349435543090749
3354.609465319997	2.25	WheelMovementIntervals													-0.5818292197594133
3357.643465319997	1.031999999999698	WheelMovementIntervals													-0.33428536818951216
3360.4607869833603	2.496192615459222	trials	1.0	1.0	1.5	0.125		0.8	3361.3886941833616	3361.3885834952703	3362.4569206833626	3361.173615693361	3361.1743822833614	3361.284465319997	
3361.284465319997	0.6530000000002474	WheelMovementIntervals													-0.35334669125387563
3363.923973963364	3.6662040021647044	trials	-1.0	-1.0	0.0	0.0		0.8	3365.031929823365	3365.031074869942	3367.090157313367	3364.4384891733644	3364.4393557533645	3364.549465319997	
3364.549465319997	0.8149999999995998	WheelMovementIntervals													0.38618232934334173
3368.552277753369	4.15441898802419	trials	-1.0	1.0	1.5		0.0625	0.8	3371.1487847433714	3371.1486883704697	3372.206678943372	3370.905209103371	3370.906209003371	3371.009465319997	
3371.009465319997	0.24499999999989086	WheelMovementIntervals													0.4449691410365517
3373.675598703374	3.414398552136845	trials	-1.0	-1.0	0.0	0.0625		0.8	3374.5211141433747	3374.520497850194	3376.5899405733767	3374.2217107533743	3374.222444013374	3374.399465319997	
3374.399465319997	0.22899999999981446	WheelMovementIntervals													0.46529996534673046
3378.052694283378	3.5706123461513926	trials	-1.0	-1.0	0.0	0.0		0.8	3379.062026673379	3379.0612972058907	3381.1232205333813	3378.721560723379	3378.7223606433786	3378.900465319997	
3378.900465319997	0.29300000000012005	WheelMovementIntervals													0.34596431000102257
3382.5875074233827	2.7841945970671986	trials	1.0	1.0	1.5	1.0		0.8	3383.808318663384	3383.8082046160926	3384.871612323385	3383.2548406833835	3383.2555739433833	3383.435465319997	
3383.435465319997	0.7749999999996362	WheelMovementIntervals													-0.3201579419395557
3384.5384653199967	0.3930000000000291	WheelMovementIntervals													0.039708231032250296
3385.385465319997	0.193000000000211	WheelMovementIntervals													-0.11270316207770747
3386.3400987933865	3.766422779165623	trials	1.0	1.0	1.5	0.0		0.8	3388.5360125133884	3388.535910907572	3389.6064387933898	3387.823017153388	3387.823883733388	3387.981465319997	
3386.522465319997	0.053999999999632564	WheelMovementIntervals													0.004510359679102294
3386.875465319997	0.1339999999995598	WheelMovementIntervals													0.01592977853596267
3387.981465319997	0.20600000000013097	WheelMovementIntervals													-0.22115599055615576
3388.4804653199967	0.6539999999999964	WheelMovementIntervals													0.24176014790691625
3391.078224933391	2.643106062597326	trials	1.0	1.0	1.5	0.125		0.8	3392.1630164433923	3392.162926600636	3393.2212772733933	3391.738058943392	3391.7387922033918	3391.888465319997	
3391.888465319997	0.6349999999997635	WheelMovementIntervals													-0.28952052622616975
3394.6890304833946	2.684001896114296	trials	-1.0	1.0	1.5		0.125	0.8	3395.818017573396	3395.8179308603035	3396.873012063397	3395.5563437433957	3395.5570103433956	3395.598465319997	
3394.6994653199968	0.09400000000005093	WheelMovementIntervals													0.004779206733985575
3395.598465319997	0.9979999999995925	WheelMovementIntervals													0.8490873548028048
3398.3431317033983	3.0447006811627944	trials	-1.0	1.0	1.5		0.0625	0.2	3399.8300496633997	3399.829931059379	3400.887743883401	3399.5710755633995	3399.5719421433996	3399.706465319997	
3399.706465319997	0.8760000000002037	WheelMovementIntervals													1.540080303635193
3401.468465319997	0.2669999999998254	WheelMovementIntervals													0.03801793075012938
3402.3601299634024	2.3775998720302596	trials	-1.0	1.0	1.5		0.0625	0.2	3403.1755484134032	3403.1754292337037	3404.237642193404	3402.939372033403	3402.940171953403	3402.927465319997	
3402.927465319997	0.9410000000002583	WheelMovementIntervals													0.8514044523501525
3404.607465319997	5.38799999999992	WheelMovementIntervals													0.484794772337068
3405.7232269534056	6.765921954601254	trials	-1.0	1.0	1.5		0.0625	0.2	3410.936138943411	3410.936043097914	3411.989066973412	3410.705761983411	3410.706695223411	3410.807465319997	
3410.807465319997	1.05600000000004	WheelMovementIntervals													1.2546979605426714
3413.4821509834137	4.073496471832641	trials	1.0	-1.0	0.0		0.0	0.2	3415.002598923415	3415.0019492939805	3417.055593603417	3414.3210004234143	3414.3216336934142	3414.488465319997	
3413.7284653199968	0.13500000000021828	WheelMovementIntervals													0.010165314499374745
3414.488465319997	3.7039999999997235	WheelMovementIntervals													-0.6249269086805498
3418.522465319997	0.16499999999996362	WheelMovementIntervals													0.012434270482060583
3418.5378453634185	3.351321005722639	trials	1.0	1.0	1.5	0.125		0.2	3420.3261665134205	3420.3260555045617	3421.3891602034214	3419.95400373342	3419.95480365342	3420.0274653199967	
3419.318465319997	0.1449999999999818	WheelMovementIntervals													0.011477278746951924
3420.0274653199967	0.6470000000003893	WheelMovementIntervals													-0.3510185495157998
3420.8734653199967	0.16800000000012005	WheelMovementIntervals													0.018440124412336445
3423.584473983424	2.4212979990315944	trials	1.0	1.0	1.5	1.0		0.2	3424.4433547534245	3424.443272564339	3425.5057151734254	3424.220810343424	3424.221743583424	3424.3444653199967	
3424.3444653199967	0.4370000000003529	WheelMovementIntervals													-0.41158951837786617
3426.973468383427	2.4638928720673903	trials	1.0	1.0	1.5	1.0		0.2	3427.874978223428	3427.874865409883	3428.937305313429	3427.4538870034276	3427.4546535934273	3427.572465319997	
3427.572465319997	0.8769999999999527	WheelMovementIntervals													-0.3991604198066625
3430.4201570134305	2.3505251816750388	trials	-1.0	1.0	1.5		1.0	0.2	3431.206978323431	3431.2068651069067	3432.2706386134323	3430.989000123431	3430.990000023431	3431.106465319997	
3431.106465319997	0.42099999999982174	WheelMovementIntervals													0.9407059959371509
3433.744491213434	3.277608008439529	trials	-1.0	1.0	1.5		0.0625	0.2	3435.4550868034353	3435.454994349091	3436.5220134334368	3435.171881793435			
3434.110465319997	0.1750000000001819	WheelMovementIntervals													0.01385586784761017
3435.345465319997	0.38999999999987267	WheelMovementIntervals													0.658311638158807
3437.999399013438	2.322704493441506	trials	-1.0	1.0	1.5		1.0	0.2	3438.769488663439	3438.76939984004	3439.82201673344	3438.5537102434387			
3438.573465319997	0.3829999999998108	WheelMovementIntervals													0.6282621247060547
3441.2970025534414	2.623206704970926	trials	-1.0	1.0	1.5		0.0	0.2	3442.3542968134425	3442.354204449634	3443.4201235534433	3441.8369818834417	3441.837748473442	3441.743465319997	
3441.743465319997	0.806999999999789	WheelMovementIntervals													0.5030990419881505
3443.321465319997	0.7029999999999745	WheelMovementIntervals													0.13009128302030604
3444.898709013445	2.2716833432455132	trials	-1.0	1.0	1.5		0.0625	0.2	3445.6077047734457	3445.607603503533	3446.6703651634466	3445.371561723445	3445.3723283134455	3445.2194653199967	
3445.2194653199967	1.0140000000001237	WheelMovementIntervals													1.3382893424093822
3446.4824653199967	0.09600000000000364	WheelMovementIntervals													0.008034662870898046
3448.1511837334483	2.5040138601234503	trials	-1.0	1.0	1.5		0.125	0.2	3449.098089033449	3449.0979882179354	3450.15514998345	3448.838415003449	3448.8392482534487	3448.8664653199967	
3448.214465319997	0.06599999999980355	WheelMovementIntervals													0.003894811294230749
3448.8664653199967	0.8980000000001382	WheelMovementIntervals													0.9410273522433954
3450.276465319997	0.13699999999971624	WheelMovementIntervals													0.005757210961007786
3451.651700313452	3.151817156342986	trials	-1.0	1.0	1.5		0.125	0.2	3453.2478073534535	3453.247707988275	3454.3034351134543	3452.986800123453	3452.987566713453	3453.1164653199967	
3452.2484653199967	0.12100000000009459	WheelMovementIntervals													0.00633920630434659
3453.1164653199967	0.41800000000012005	WheelMovementIntervals													0.8118325133955295
3455.785820193456	2.5688851817003524	trials	-1.0	1.0	1.5		0.25	0.2	3456.7885199134566	3456.788414019832	3457.854679953458	3456.5551765834566	3456.5560764934567	3456.374465319997	
3455.8284653199967	0.05400000000008731	WheelMovementIntervals													0.005232503196111793
3456.374465319997	0.6520000000000437	WheelMovementIntervals													0.598502607981743
3457.613465319997	0.27500000000009095	WheelMovementIntervals													0.020367710683615314
3459.3374983234594	3.14891632610761	trials	-1.0	1.0	1.5		0.25	0.2	3460.933705353461	3460.9336060918845	3461.986333413462	3460.7197934134606	3460.7206933234606	3460.591465319997	
3459.813465319997	0.09500000000025466	WheelMovementIntervals													0.004565848558456764
3460.591465319997	1.0969999999997526	WheelMovementIntervals													0.7833723528191285
3463.4693184334633	8.035097789939755	trials	-1.0	1.0	1.5		0.25	0.2	3469.94213775347	3469.942015042037	3471.004398183471	3469.7214264934696	3469.72222641347	3469.749465319997	
3463.660465319997	0.07999999999992724	WheelMovementIntervals													0.005439444087130596
3464.496465319997	3.8099999999999454	WheelMovementIntervals													1.2658729368801573
3468.561465319997	0.19200000000000728	WheelMovementIntervals													0.02262979138646415
3468.954465319997	0.11999999999989086	WheelMovementIntervals													0.012362432704435378
3469.749465319997	1.11200000000008	WheelMovementIntervals													1.2209580067184334
3472.5158136934724	3.205611671834049	trials	-1.0	1.0	1.5		0.125	0.2	3474.154716453474	3474.1546191492366	3475.221376443475	3473.919506643474	3473.920406553474	3473.918465319997	
3473.073465319997	0.07999999999992724	WheelMovementIntervals													0.00721217172639399
3473.918465319997	0.98700000000008	WheelMovementIntervals													1.2567577096905325
3476.7091276534766	2.927006859827543	trials	-1.0	1.0	1.5		1.0	0.2	3478.076024283478	3478.0759303897967	3479.1360516034792	3477.852913263478	3477.853646523478	3477.8284653199967	
3476.813465319997	0.5480000000002292	WheelMovementIntervals													0.04502882165803612
3477.8284653199967	0.8650000000002365	WheelMovementIntervals													1.1068253607629117
3480.2304653199967	2.5	WheelMovementIntervals													0.5502543185497188
3480.630235503481	6.373827464432452	trials	1.0	1.0	1.5	0.0625		0.2	3485.4447540034853	3485.4446547378348	3486.5039814034867	3484.787686383485	3484.7885196334846	3485.025465319997	
3482.903465319997	0.3569999999999709	WheelMovementIntervals													0.03528777022916074
3483.6454653199967	0.09400000000005093	WheelMovementIntervals													0.00793096191313225
3485.025465319997	1.0230000000001382	WheelMovementIntervals													-0.3719851160676626
3488.001664953488	2.750895291001143	trials	1.0	1.0	1.5	0.125		0.2	3489.1971453934893	3489.1970624726514	3490.25247318349	3488.719293183489	3488.7200931034886	3488.9204653199968	
3488.9204653199968	0.88799999999992	WheelMovementIntervals													-0.39329828102984266
3491.745657183492	12.97490274193433	trials	1.0	-1.0	0.0		0.0	0.2	3502.1541495635024	3502.153257778622	3504.2204762435044	3492.687363003493	3492.688362903493	3492.829465319997	
3491.803465319997	0.057999999999992724	WheelMovementIntervals													0.004819467311506287
3492.829465319997	2.201000000000022	WheelMovementIntervals													-0.23013930409842942
3496.908465319997	0.11299999999982901	WheelMovementIntervals													0.006283343434347444
3500.064465319997	0.052999999999883585	WheelMovementIntervals													-0.03408722547032994
3500.8594653199966	3.086999999999989	WheelMovementIntervals													0.8982766044565551
3504.262465319997	0.23300000000017462	WheelMovementIntervals													-0.21959420514389194
3505.2864653199968	0.8139999999998508	WheelMovementIntervals													0.48573219311708726
3505.7362579835058	2.7494194408386647	trials	-1.0	1.0	1.5		0.25	0.2	3506.931671763507	3506.9315660006464	3507.985566363508	3506.618769723507	3506.619736293507	3506.724465319997	
3506.724465319997	2.7330000000001746	WheelMovementIntervals													1.9999632871153494
3509.4844831235096	3.6025075980410293	trials	-1.0	-1.0	0.0	0.0		0.8	3510.5283120635104	3510.52748474426	3512.586939513513	3510.27033786351	3510.2710044635105	3510.327465319997	
3510.327465319997	0.6729999999997744	WheelMovementIntervals													0.7970738495539536
3514.079290263514	3.172914640137151	trials	1.0	1.0	1.5	1.0		0.8	3515.6864961935157	3515.686396665844	3516.752122953517	3514.668697983515	3514.6695645635145	3514.7924653199966	
3514.7924653199966	2.1850000000004	WheelMovementIntervals													0.6552354000847913
3518.246206863518	2.3406007684893666	trials	1.0	1.0	1.5	1.0		0.8	3519.0282953135193	3519.02820678617	3520.08672279352	3518.8203827735188	3518.821149363519	3518.929465319997	
3518.929465319997	0.54300000000012	WheelMovementIntervals													-0.312655168022161
3521.5825065335216	2.4862902719273734	trials	1.0	1.0	1.5	0.0625		0.8	3522.5037810635226	3522.5037025586607	3523.5687078935234	3522.2519395835225	3522.252772833522	3522.3484653199966	
3522.3484653199966	0.9760000000001128	WheelMovementIntervals													-0.36778617712815276
3525.065791503525	2.3043045090089436	trials	1.0	1.0	1.5	1.0		0.8	3525.808817193526	3525.808692312422	3526.8700443935268	3525.6033377435256	3525.6040376735255	3525.711465319997	
3525.711465319997	0.6299999999996544	WheelMovementIntervals													-0.34540443437026624
3528.3628950935286	2.8239152380824635	trials	1.0	1.0	1.5	0.25		0.8	3529.6206026435298	3529.6205009889923	3530.6867293535306	3529.4019578435295	3529.4026244435295	3529.255465319997	
3528.563465319997	0.34400000000005093	WheelMovementIntervals													-0.33814935180737393
3529.255465319997	0.943000000000211	WheelMovementIntervals													-0.39292994110604695
3530.371465319997	0.12600000000020373	WheelMovementIntervals													0.007112310780939879
3532.183413003532	2.3365009859826387	trials	1.0	1.0	1.5	1.0		0.8	3532.957602243533	3532.9575129988884	3534.019862673534	3532.7517894935327	3532.752556083533	3532.8704653199966	
3532.8704653199966	0.6310000000003129	WheelMovementIntervals													-0.395901686262107
3535.5166129835357	2.503213058707388	trials	1.0	1.0	1.5	0.125		0.8	3536.4634182935365	3536.4633175440877	3537.5197793135376	3536.068257813536	3536.069124393536	3536.189465319997	
3536.189465319997	0.7809999999999491	WheelMovementIntervals													-0.44517116155378744
3539.014429833539	2.4204957943129557	trials	1.0	1.0	1.5	0.25		0.8	3539.87371056354	3539.8736276307204	3540.934871103541	3539.65163277354	3539.6524326935396	3539.7704653199967	
3539.7704653199967	0.7310000000002219	WheelMovementIntervals													-0.3171988286926535
3542.4351210635423	2.2831056184513727	trials	-1.0	1.0	1.5		1.0	0.8	3543.1642148135434	3543.1641222189223	3544.2181427435444	3542.903107593543	3542.9040075035427	3543.0674653199967	
3543.0674653199967	0.5979999999999563	WheelMovementIntervals													0.796537285395118
3545.716126263546	2.586807571465215	trials	-1.0	1.0	1.5		0.0625	0.8	3546.744623403547	3546.744528478518	3547.802917563548	3546.4363875635463	3546.4372874735463	3546.5534653199966	
3546.5534653199966	0.9240000000004329	WheelMovementIntervals													0.7111126990994876
3549.305133993549	2.3476997249917986	trials	-1.0	1.0	1.5		1.0	0.8	3550.08912225355	3550.0890335678223	3551.152749213551	3549.86791104355	3549.86854431355	3549.8484653199966	
3549.8484653199966	0.5599999999999454	WheelMovementIntervals													0.94163529599291
3552.563465319997	0.762000000000171	WheelMovementIntervals													0.49462382911258373
3552.6563321735525	2.97840224882475	trials	1.0	1.0	1.5	0.25		0.8	3554.081822943554	3554.0817327712134	3555.134684313555	3553.834680993554	3553.835447583554	3553.9824653199967	
3553.9824653199967	0.1910000000002583	WheelMovementIntervals													-0.29154417037557323
3554.503465319997	0.052000000000134605	WheelMovementIntervals													0.010325663534274554
3554.883465319997	0.1799999999998363	WheelMovementIntervals													0.06644818847104261
3556.6392338435567	3.1120180653110765	trials	1.0	1.0	1.5	1.0		0.8	3558.1919452235584	3558.1918418586547	3559.2511726235593	3557.969434143558	3557.970034083558	3558.1054653199967	
3556.7614653199967	0.13100000000031287	WheelMovementIntervals													0.015622322670481026
3558.1054653199967	0.5630000000001019	WheelMovementIntervals													-0.3632298240185037
3560.7594551135608	3.4749885690753217	trials	-1.0	-1.0	0.0	0.0		0.8	3561.675996783562	3561.675251573983	3563.7344242535637	3561.3525291335613	3561.3532957235616	3561.499465319997	
3561.499465319997	0.23299999999971988	WheelMovementIntervals													0.32836692545521373
3565.266537693565	3.717923158475969	trials	-1.0	-1.0	0.0	0.0		0.8	3566.4218888135665	3566.4211442643614	3568.4843825435687	3565.8360474035658	3565.836880653566	3566.0764653199967	
3566.0764653199967	0.5010000000002037	WheelMovementIntervals													0.37507411202159346
3569.99686461357	2.48888972551822	trials	-1.0	1.0	1.5		0.125	0.8	3570.919672323571	3570.9195600631037	3571.985732373572	3570.685695723571	3570.6864289835707	3570.8104653199966	
3570.8104653199966	0.8600000000001273	WheelMovementIntervals													1.295839148814025
3573.5027473235737	2.3330246389177773	trials	-1.0	1.0	1.5		0.0625	0.8	3574.273170273574	3574.273054798389	3575.335764003575	3573.984132513574	3573.985065753574	3574.159465319997	
3574.159465319997	0.806999999999789	WheelMovementIntervals													1.098589544620154
3576.844779753577	3.6243033058872243	trials	-1.0	-1.0	0.0	0.0		0.8	3577.551675723578	3577.9144804341513	3579.96903396358	3577.5508424735776			
3577.621465319997	0.9340000000001965	WheelMovementIntervals													0.4389559427044105
3581.4814827035816	3.502487732245754	trials	-1.0	-1.0	0.0	0.0		0.8	3582.4261882235824	3582.425378858521	3584.4839157635847	3582.050759103582	3582.0515923535822	3582.217465319997	
3582.217465319997	0.5230000000001382	WheelMovementIntervals													0.28334913860936695
3585.998364303586	3.5188124357459856	trials	-1.0	-1.0	0.0	0.0		0.8	3586.958501613587	3586.9576671485916	3589.017162393589	3586.635367263587	3586.6361338535867	3586.8064653199967	
3586.8064653199967	0.3409999999998945	WheelMovementIntervals													0.46001717114950225
3590.5301777435907	3.4535163215073226	trials	1.0	1.0	1.5	0.0625		0.8	3592.4225884835923	3592.4224855908683	3593.4836490335933	3591.3019338935915	3591.3027004835913	3591.4244653199967	
3590.5894653199966	0.11900000000014188	WheelMovementIntervals													0.009728754926754846
3591.4244653199967	4.597999999999956	WheelMovementIntervals													-0.48731562141693985
3595.010596323595	4.341198925975277	trials	1.0	1.0	1.5	1.0		0.8	3597.7924847735976	3597.7923949945803	3598.851745503599	3597.5520421535975	3597.5529087335976	3597.655465319997	
3597.655465319997	0.35099999999965803	WheelMovementIntervals													-0.28565183060118216
3600.3689937636004	3.881209994395249	trials	1.0	-1.0	0.0		0.0	0.8	3601.6961943636015	3601.6952964954776	3603.750155613604	3600.900207303601	3600.901473843601	3601.0984653199966	
3601.0984653199966	2.1840000000001965	WheelMovementIntervals													-0.4982332721601779
3603.5444653199966	0.18299999999999272	WheelMovementIntervals													0.024894937431554354
3603.9404653199967	0.22800000000006548	WheelMovementIntervals													0.013053245227013122
3605.267603853605	2.3825971058272444	trials	-1.0	1.0	1.5		0.125	0.8	3606.100620543606	3606.100502142721	3607.150182243607	3605.8851420936057	3605.8860753336057	3606.0134653199966	
3606.0134653199966	1.5300000000002	WheelMovementIntervals													1.1456893431241042
3608.6704968636086	2.564607174930643	trials	1.0	1.0	1.5	0.125		0.8	3609.6697969236097	3609.6696992694374	3610.735090383611	3609.1850454036094	3609.1859786436094	3609.333465319997	
3609.333465319997	0.8110000000001492	WheelMovementIntervals													-0.4529545974760367
3612.250605483612	2.234306995492716	trials	-1.0	1.0	1.5		1.0	0.8	3612.932703933613	3612.9326073136813	3613.984832043614	3612.7167255336126	3612.7175921136127	3612.7384653199965	
3612.7384653199965	0.3520000000003165	WheelMovementIntervals													0.6049209593832074
3615.4965141936154	5.0216262999565515	trials	1.0	1.0	1.5	0.0625		0.8	3618.953835093619	3618.9537309232983	3620.01802866362	3617.999997153618	3618.000863733618	3618.1514653199965	
3618.1514653199965	0.3000000000001819	WheelMovementIntervals													-0.17964100872188737
3618.889465319997	0.8479999999999563	WheelMovementIntervals													0.25499258294678384
3621.536943423622	2.263005495544803	trials	1.0	1.0	1.5	1.0		0.8	3622.2437394036224	3622.2436445152257	3623.2998671136233	3621.999730473622	3622.000430403622	3622.1404653199966	
3622.1404653199966	0.8880000000003747	WheelMovementIntervals													-0.31255897991337633
3624.819248493625	2.28210321925917	trials	1.0	1.0	1.5	1.0		0.8	3625.5458424936255	3625.5457492001196	3626.6012369436266	3625.3181319336254	3625.3189985136255	3625.4484653199966	
3625.4484653199966	0.5289999999999964	WheelMovementIntervals													-0.29241165520403456
3628.1201517036284	3.264605803496579	trials	1.0	1.0	1.5	1.0		0.8	3629.83174719363	3629.8316536976495	3630.884741883631	3629.5996370736298	3629.6005703136298	3629.7144653199966	
3629.7144653199966	0.29100000000016735	WheelMovementIntervals													-0.353032772623294
3632.4031566936324	2.913106504227926	trials	1.0	1.0	1.5	0.0		0.8	3633.7658537436337	3633.7657588004795	3634.816215363635	3633.2829020436334	3633.2838686136333	3633.403465319997	
3633.403465319997	0.8539999999998145	WheelMovementIntervals													-0.2965142024995657
3636.3418627836363	2.3909964982099154	trials	-1.0	1.0	1.5		1.0	0.8	3637.182745353637	3637.1826608489223	3638.2327736736383	3636.934270203637	3636.935103453637	3637.063465319997	
3637.063465319997	0.31199999999989814	WheelMovementIntervals													0.5230849005263281
3639.75335493364	2.37931126973308	trials	-1.0	1.0	1.5		1.0	0.8	3640.5720397236405	3640.571958466948	3641.632533663642	3640.3176984936404	3640.3183650936403	3640.4314653199967	
3640.4314653199967	0.362999999999829	WheelMovementIntervals													0.5762932280043174
3643.267970103643	2.4331115019490426	trials	1.0	1.0	1.5	1.0		0.8	4941.416442274942	3644.140673870462	4941.579525964941	3643.900940133644	3643.9016400636438	3644.0334653199966	
3644.0334653199966	0.5709999999999127	WheelMovementIntervals													-0.30968231523138456
3646.7784653199965	0.08700000000044383	WheelMovementIntervals													0.009549223017870645
3647.9244653199967	0.5729999999998654	WheelMovementIntervals													-0.19724189372914225
3648.8644653199967	0.07200000000011642	WheelMovementIntervals													-0.007130959606911347
3649.351465319997	0.7190000000000509	WheelMovementIntervals													0.2872619920633497
3656.3734653199967	1.0270000000000437	WheelMovementIntervals													-0.5648842618115282
3657.9574653199966	0.6159999999999854	WheelMovementIntervals													0.06612819077412269
3669.1674653199966	2.6100000000001273	WheelMovementIntervals													-0.2908899883275353
3672.0244653199966	0.07799999999997453	WheelMovementIntervals													0.007709792681737326
3672.5194653199965	0.10900000000037835	WheelMovementIntervals													0.010318051622789426
3674.9354653199966	0.32700000000022555	WheelMovementIntervals													-0.041408312681767256
3676.010465319997	1.095999999999549	WheelMovementIntervals													-0.27510928627270914
3681.9754653199966	1.0059999999998581	WheelMovementIntervals													-0.10683225357428228
3684.7854653199965	0.5199999999999818	WheelMovementIntervals													-0.22566427209523
3687.8364653199965	0.33100000000013097	WheelMovementIntervals													-0.06270225591026701
3693.3484653199966	1.8049999999998363	WheelMovementIntervals													-0.272040139134333
3701.6034653199968	0.3369999999999891	WheelMovementIntervals													0.1649707057441674
3702.811465319997	0.681999999999789	WheelMovementIntervals													-0.048894043014286126
3705.1934653199964	0.387000000000171	WheelMovementIntervals													0.04741105778794008
3711.7594653199967	3.436000000000149	WheelMovementIntervals													0.8586773495377997
3716.5104653199965	1.7250000000003638	WheelMovementIntervals													0.177484325177943
3723.1694653199966	0.9380000000001019	WheelMovementIntervals													0.4322798433957473
3736.2714653199964	1.0350000000003092	WheelMovementIntervals													0.1622082626078054
3745.054465319997	2.513999999999669	WheelMovementIntervals													0.458400468093771
3747.8434653199965	0.28500000000030923	WheelMovementIntervals													-0.05011329671248177
3751.456465319997	0.38699999999971624	WheelMovementIntervals													0.14569312970246528
3759.7714653199964	0.6230000000000473	WheelMovementIntervals													-0.31994606002416504
3769.7034653199967	1.1979999999998654	WheelMovementIntervals													0.22417807408669432
3771.2024653199965	0.11100000000033106	WheelMovementIntervals													0.0043769880577997355
3796.9154653199967	0.42099999999982174	WheelMovementIntervals													0.027599587604868248
3798.1334653199965	0.6739999999999782	WheelMovementIntervals													0.26785805171408583
3799.0884653199964	0.18800000000010186	WheelMovementIntervals													-0.06723788034634026
3800.0734653199966	0.1410000000000764	WheelMovementIntervals													0.014052968367593621
3800.9224653199967	3.7529999999997017	WheelMovementIntervals													-0.6307584476746797
3804.9944653199964	0.14400000000023283	WheelMovementIntervals													0.010470028459280911
3834.4384653199963	0.39800000000013824	WheelMovementIntervals													0.07725898988945801
3835.1884653199963	0.6180000000003929	WheelMovementIntervals													0.07062725156902161
3836.7254653199966	1.6059999999997672	WheelMovementIntervals													0.14730211683092875
3845.8314653199964	2.5460000000002765	WheelMovementIntervals													-0.5210618188361877
3848.6344653199967	0.7059999999996762	WheelMovementIntervals													0.3942416170613683
3859.0904653199964	1.218000000000302	WheelMovementIntervals													0.689636633261216
3860.7864653199968	1.181999999999789	WheelMovementIntervals													0.5261846712510305
3870.9544653199964	0.3989999999998872	WheelMovementIntervals													0.07528815542559641
3872.5964653199967	1.181999999999789	WheelMovementIntervals													0.18300148279286077
3909.3694653199964	6.845000000000255	WheelMovementIntervals													0.7473056967870093
3916.3644653199963	1.0740000000000691	WheelMovementIntervals													0.20080014170054028
3923.4424653199967	0.6079999999997199	WheelMovementIntervals													-0.2111902253323592
3924.9954653199966	1.3649999999997817	WheelMovementIntervals													-0.4245490115168309
3935.8264653199963	2.6390000000001237	WheelMovementIntervals													-0.4420616089255418
3973.8244653199963	0.21600000000034925	WheelMovementIntervals													-0.01740846512115013
3985.2254653199966	0.30399999999963256	WheelMovementIntervals													0.05917389857415856
3988.4924653199964	1.1920000000000073	WheelMovementIntervals													-0.3624946024932001
3998.9374653199966	2.461999999999989	WheelMovementIntervals													0.5287965970430832
4001.9314653199963	2.838000000000193	WheelMovementIntervals													0.45551331031998643
4035.3754653199962	0.11300000000028376	WheelMovementIntervals													-0.012702653838687183
4054.9314653199963	0.05600000000004002	WheelMovementIntervals													0.005418427335314391
4062.158465319996	1.8880000000003747	WheelMovementIntervals													0.3276208491145667
4067.982465319996	0.4570000000003347	WheelMovementIntervals													0.03398676248878019
4078.2294653199965	1.3999999999996362	WheelMovementIntervals													0.16672424436507072
4121.091465319997	0.3930000000000291	WheelMovementIntervals													-0.04062748611369216
4124.019465319997	3.3679999999994834	WheelMovementIntervals													0.21185209814228756
4132.010465319997	0.9589999999998327	WheelMovementIntervals													0.11394385034515153
4147.5754653199965	0.18699999999989814	WheelMovementIntervals													-0.11105321322924055
4148.348465319997	1.055000000000291	WheelMovementIntervals													-0.11401759880465079
4157.635465319997	3.4290000000000873	WheelMovementIntervals													0.504343157017729
4179.860465319996	1.9140000000006694	WheelMovementIntervals													0.2824524667040009
4182.252465319997	0.15799999999944703	WheelMovementIntervals													0.009330450136758373
4193.455465319997	0.41600000000016735	WheelMovementIntervals													-0.0277971092797884
4233.5084653199965	4.467000000000553	WheelMovementIntervals													0.416722105521103
4262.618465319997	0.12599999999929423	WheelMovementIntervals													0.01619651161740876
4263.399465319997	2.9149999999999636	WheelMovementIntervals													0.3300409315298225
4266.7674653199965	0.19900000000052387	WheelMovementIntervals													-0.0617588932229296
4275.900465319996	0.14900000000034197	WheelMovementIntervals													0.013051297352376423
4276.413465319996	0.5840000000007421	WheelMovementIntervals													-0.056288659401275254
4316.895465319996	2.9909999999999854	WheelMovementIntervals													-0.24309036430821607
4320.546465319997	0.3109999999996944	WheelMovementIntervals													0.018234374701705747
4325.7004653199965	3.0969999999997526	WheelMovementIntervals													0.3835254090295166
4364.159465319996	0.6019999999998618	WheelMovementIntervals													0.06491875775418521
4457.939465319996	0.6890000000003056	WheelMovementIntervals													-0.12675985275001267
4459.023465319997	0.12999999999919964	WheelMovementIntervals													0.010959847845526838
4460.660465319997	0.06499999999959982	WheelMovementIntervals													0.015221730450434734
4519.975465319996	0.06600000000071304	WheelMovementIntervals													0.0053239509115883266
4521.223465319997	0.14800000000013824	WheelMovementIntervals													0.026800118319442845
4521.614465319996	0.18699999999989814	WheelMovementIntervals													-0.012465941369384836
4522.838465319996	0.15099999999983993	WheelMovementIntervals													0.018388175751454128
4525.646465319996	5.015999999999622	WheelMovementIntervals													4.714618200339032
4531.108465319997	1.9569999999994252	WheelMovementIntervals													0.5734657114815036
4534.614465319996	0.1069999999999709	WheelMovementIntervals													-0.014257626037874616
4535.8924653199965	0.0749999999998181	WheelMovementIntervals													0.046057694543776506
4536.597465319996	0.6289999999999054	WheelMovementIntervals													0.6657055326680847
4538.312465319997	2.1049999999995634	WheelMovementIntervals													0.6097788664983455
4544.811465319996	1.4790000000002692	WheelMovementIntervals													-0.7907640082468674
4552.553465319997	3.5770000000002256	WheelMovementIntervals													5.802658435705894
4571.427465319996	0.3900000000003274	WheelMovementIntervals													0.34658046237251483
4587.936465319996	2.292000000000371	WheelMovementIntervals													-0.3155368462120123
4613.551465319996	1.7100000000000364	WheelMovementIntervals													-0.19036237161878944
4615.571465319997	0.24699999999938882	WheelMovementIntervals													0.026566308464509802
4618.917465319996	0.25600000000031287	WheelMovementIntervals													-0.046762676042988005
4632.9324653199965	1.2290000000002692	WheelMovementIntervals													-0.27854186512729484
4634.458465319996	0.5119999999997162	WheelMovementIntervals													0.03848792824311431
4637.294465319997	0.23799999999937427	WheelMovementIntervals													0.12317598895043602
4637.975465319996	0.2860000000000582	WheelMovementIntervals													0.29902911799928233
4638.556465319996	2.0299999999997453	WheelMovementIntervals													-0.6941435492404366
4641.889465319996	3.055000000000291	WheelMovementIntervals													0.5427403380456326
4646.478465319997	1.7219999999997526	WheelMovementIntervals													0.35855123964205404
4648.9594653199965	0.5289999999995416	WheelMovementIntervals													0.1927310034908487
4651.313465319996	0.25900000000001455	WheelMovementIntervals													0.09228586515598636
4652.670465319997	0.3819999999996071	WheelMovementIntervals													0.10272798656097848
4658.083465319996	1.4380000000001019	WheelMovementIntervals													-0.17239579625152146
4659.723465319997	0.10599999999976717	WheelMovementIntervals													0.006262216403911225
4662.3074653199965	0.7269999999998618	WheelMovementIntervals													0.1765746426602277
4663.793465319996	0.47699999999986176	WheelMovementIntervals													0.42183810152891965
4667.138465319997	0.6449999999995271	WheelMovementIntervals													0.13193506234472352
4669.881465319996	1.443000000000211	WheelMovementIntervals													-0.6017084706363107
4672.149465319996	0.3600000000005821	WheelMovementIntervals													0.1596598076312148
4676.0934653199965	0.806999999999789	WheelMovementIntervals													0.18956776864757785
4679.967465319996	0.21600000000034925	WheelMovementIntervals													0.11214386247178254
4680.430465319996	0.10100000000056752	WheelMovementIntervals													0.025523624040829418
4681.885465319996	0.068000000000211	WheelMovementIntervals													0.03791621202077522
4685.424465319997	0.08099999999922147	WheelMovementIntervals													0.030734085558663082
4700.483465319996	0.1890000000003056	WheelMovementIntervals													0.10218752108119133
4703.873465319996	0.21500000000014552	WheelMovementIntervals													0.04703607323097003
4755.350465319996	0.21900000000005093	WheelMovementIntervals													-0.017492530167885434
4777.487465319996	0.75	WheelMovementIntervals													0.2585362631327257
4779.969465319996	0.13500000000021828	WheelMovementIntervals													0.031466761527155995
4780.836465319996	0.1680000000005748	WheelMovementIntervals													0.04856098134905551
4784.389465319996	0.23500000000058208	WheelMovementIntervals													0.16582199963420408
4789.870465319997	0.5029999999997017	WheelMovementIntervals													0.09107153765108933
4790.833465319996	0.06999999999970896	WheelMovementIntervals													0.024406435139951554
4819.765465319996	1.33600000000024	WheelMovementIntervals													0.1318518989624522
4826.641465319996	0.10099999999965803	WheelMovementIntervals													0.07239254520970917
4834.603465319996	1.318000000000211	WheelMovementIntervals													-0.23803688836017045
4836.900465319996	0.47299999999995634	WheelMovementIntervals													-0.09723417566323178
4840.778465319996	0.1710000000002765	WheelMovementIntervals													0.2813512746648712
4844.675465319996	0.06500000000050932	WheelMovementIntervals													0.03754731684693979
4845.268465319996	1.2940000000007785	WheelMovementIntervals													-0.4964884285300286
4851.203465319996	0.052999999999883585	WheelMovementIntervals													0.026817677458268463
4877.226465319996	0.052999999999883585	WheelMovementIntervals													0.014249973563039475
4885.945465319996	0.19200000000000728	WheelMovementIntervals													0.014568196796801658
4889.398465319996	0.3780000000006112	WheelMovementIntervals													-0.06699064000821409
4926.765465319996	0.12100000000009459	WheelMovementIntervals													-0.06948266114591206
4927.366465319996	0.12300000000050204	WheelMovementIntervals													0.04519183258832982
4942.338465319996	0.12199999999938882	WheelMovementIntervals													-0.08195712923912879
4946.892465319996	0.06300000000010186	WheelMovementIntervals													0.023708614987071996
4948.393465319996	1.9409999999998035	WheelMovementIntervals													0.11340020552847818
4950.711465319996	0.05599999999958527	WheelMovementIntervals													0.05223154238836969
4959.551465319996	0.5469999999995707	WheelMovementIntervals													0.24488792814207727
4960.398465319996	2.2260000000005675	WheelMovementIntervals													-0.18476286876523318
4964.082465319996	0.05999999999949068	WheelMovementIntervals													0.005098145852798552
