onset	duration	nwb_table	choice	feedback_type	reward_volume	contrast_left	contrast_right	probability_left	feedback_time	response_time	stim_off_time	stim_on_time	go_cue_time	first_movement_time	peak_amplitude
0.003966578972565048	0.898	WheelMovementIntervals													-0.2571241428054474
1.867966578972565	0.5300000000000002	WheelMovementIntervals													-0.18302199081695308
6.970966578972565	0.5970000000000004	WheelMovementIntervals													-0.12192334506467081
7.957966578972565	0.2710000000000008	WheelMovementIntervals													-0.17393013202770477
10.850966578972566	0.7810000000000006	WheelMovementIntervals													0.06663840682430339
15.585966578972567	1.5530000000000008	WheelMovementIntervals													-0.42887914084589684
20.871966578972565	0.8120000000000012	WheelMovementIntervals													-0.1850209446311648
24.677966578972566	3.599	WheelMovementIntervals													0.39200539165730836
28.233171843055857	2.5354261289056375	trials	-1.0	1.0	1.5		1.0	0.5	29.215682703513526	29.215581192357032	30.268553847112052	28.93520814992267	28.93627471982343	28.987966578972568	
28.987966578972568	1.8639999999999972	WheelMovementIntervals													1.1659340188042524
31.225900323973637	3.392780422265158	trials	-1.0	-1.0	0.0	0.25		0.5	32.06262441112098	32.061619641168896	34.118571216076234	31.751285991026837	31.752619203402787	31.760966578972567	
31.760966578972567	1.2579999999999991	WheelMovementIntervals													0.49172379232002106
34.570966578972566	0.5350000000000037	WheelMovementIntervals													0.12094992396217308
35.03238830886299	2.502334305331118	trials	-1.0	1.0	1.5		0.25	0.5	35.96690352378639	35.966800372195635	37.034639985376785	35.61790185407161	35.618968423972376	35.74696657897257	
35.74696657897257	0.7890000000000015	WheelMovementIntervals													0.6214524905809712
37.543966578972565	0.8010000000000019	WheelMovementIntervals													0.317156284960207
37.92712568014831	2.7415443647449464	trials	-1.0	1.0	1.5		0.125	0.5	39.11425131000518	39.1141440229955	40.168622317526655	38.86837361757027	38.86930686623344	39.01896657897257	
39.01896657897257	1.256999999999998	WheelMovementIntervals													1.605826144140417
41.066474192111386	2.9520564003306475	trials	-1.0	1.0	1.5		0.25	0.5	42.46711378397694	42.46700000092286	43.51845173334312	42.11791213240577	42.11897870230653	42.171966578972565	
41.45996657897257	0.08800000000000097	WheelMovementIntervals													-0.012688081156463138
42.171966578972565	1.600999999999999	WheelMovementIntervals													0.7770848037499434
44.425636094559515	3.1930396666197467	trials	-1.0	1.0	1.5		1.0	0.5	46.068453714516714	46.06835547286127	47.11859177274454	45.83457493346537	45.835674833675526	45.84196657897257	
44.863966578972565	0.3790000000000049	WheelMovementIntervals													-0.15337161525567344
45.84196657897257	1.0700000000000003	WheelMovementIntervals													1.178820521830989
47.94196657897257	0.2710000000000008	WheelMovementIntervals													-0.10557177234331405
48.00207828397839	3.366356038717008	trials	1.0	1.0	1.5	0.0625		0.5	49.81401389382507	49.81390736851908	50.86838490134654	48.7512436483351	48.752343548545255	48.66996657897257	
48.66996657897257	0.4889999999999972	WheelMovementIntervals													-0.1263066533477879
49.619966578972566	1.2719999999999985	WheelMovementIntervals													0.5075736605720005
51.74813841792773	4.019588106418979	trials	1.0	1.0	1.5	1.0		0.5	54.21348141322838	54.21339122783902	55.26765243889346	53.984468857349256	53.98570207879701	54.03696657897257	
51.96096657897257	0.4960000000000022	WheelMovementIntervals													-0.49997426724977867
53.05496657897257	0.29999999999999716	WheelMovementIntervals													0.20420677236801676
54.03696657897257	3.206000000000003	WheelMovementIntervals													1.26908121048959
56.20653392434811	4.395262829536193	trials	-1.0	-1.0	0.0	0.125		0.5	58.04270066912771	58.04195932625927	60.10174719285705	57.75152708621984	57.752393674264205	57.885966578972564	
57.885966578972564	0.25200000000000244	WheelMovementIntervals													0.3951634645800537
60.98820010162739	5.329705770315805	trials	-1.0	1.0	1.5		0.125	0.5	64.74635913788849	64.74627327197797	65.81779526382215	64.1679449485818	64.16874487600738	64.07496657897256	
61.00596657897257	0.5899999999999963	WheelMovementIntervals													0.2648406012796398
62.04596657897257	1.5330000000000013	WheelMovementIntervals													0.6675924948350813
64.07496657897256	1.2180000000000035	WheelMovementIntervals													1.0518666588997396
65.62396657897257	0.12399999999999523	WheelMovementIntervals													-0.007423034252533434
66.73551200280856	2.949757705375461	trials	1.0	1.0	1.5	0.0625		0.5	68.12871893567818	68.12863831162164	69.18518975269178	67.85147742209901	67.85241067076218	67.75496657897257	
66.96096657897257	0.4449999999999932	WheelMovementIntervals													-0.45052419089355666
67.75496657897257	1.8199999999999932	WheelMovementIntervals													-0.45299691127536423
70.0806751753092	5.0704647514129135	trials	1.0	1.0	1.5	0.125		0.5	73.59432306182075	73.5942186584668	74.65109385161892	73.38440877322714	73.3854420128185	73.33596657897257	
70.58296657897257	2.191999999999993	WheelMovementIntervals													-1.3312717338606737
73.33596657897257	1.1199999999999903	WheelMovementIntervals													1.3598608355632882
75.57684319517045	3.058249987196689	trials	1.0	1.0	1.5	0.0625		0.5	77.07507393295568	77.07496670232248	78.13501110214675	76.81836388996616	76.81913048708233	76.74196657897257	
75.88096657897256	0.49500000000000455	WheelMovementIntervals													-0.6787806696406182
76.74196657897257	2.132000000000005	WheelMovementIntervals													0.8010478929221092
79.02239725958026	3.595364937065682	trials	-1.0	-1.0	0.0	0.0625		0.5	80.04380459110632	80.04291512380294	82.11771643282752	79.55104929695455	79.5521158668553	79.64596657897256	
79.64596657897256	1.9080000000000013	WheelMovementIntervals													-1.0710402838290323
81.78596657897256	0.06100000000000705	WheelMovementIntervals													-0.0042294869528571866
81.98296657897257	1.6240000000000094	WheelMovementIntervals													-1.530526443905627
83.02616734580107	3.0415734610287757	trials	1.0	1.0	1.5	0.125		0.5	84.50389994330604	84.50380206246939	85.56763676776858	84.23485768583897	84.23582426481154	84.25896657897256	
84.25896657897256	1.027000000000001	WheelMovementIntervals													-0.4287158893142813
86.52814962402304	2.5229335188135593	trials	1.0	1.0	1.5	0.0625		0.5	87.48646267985718	87.48636159489116	88.5509994317453	87.21828701043448	87.21915359847885	87.07696657897257	
87.07696657897257	1.4409999999999883	WheelMovementIntervals													-0.4276560223630721
89.43458593390734	6.71701362443612	trials	1.0	1.0	1.5	0.0625		0.5	94.57788596816356	94.57777140420859	95.65155522482692	94.36840497359213	94.36950487380228	94.44396657897256	
89.81196657897257	0.4619999999999891	WheelMovementIntervals													-0.5093110916615613
90.83496657897257	0.4899999999999949	WheelMovementIntervals													-0.46506714420188633
91.68196657897256	0.3119999999999976	WheelMovementIntervals													-0.3542509530484912
92.61196657897257	1.0489999999999924	WheelMovementIntervals													0.40920409554909387
94.44396657897256	1.4909999999999997	WheelMovementIntervals													-0.36179639314651135
96.57670462280927	2.3912425391442724	trials	1.0	1.0	1.5	0.25		0.5	97.3997299527937	97.39961857381041	98.46789970840628	97.20114796939569	97.20218120898706	97.23496657897257	
97.23496657897257	1.1089999999999947	WheelMovementIntervals													-0.4091634552287027
99.36275185514512	2.155132197122583	trials	1.0	1.0	1.5	0.125		0.5	99.95096515541506	99.95086009555685	101.01780169865168	99.86753939098988	99.86850596996244	99.82096657897257	
99.82096657897257	1.1089999999999947	WheelMovementIntervals													-0.5736623562331062
101.90878752950026	3.7761797187676223	trials	1.0	-1.0	0.0		0.0	0.5	103.10951192559185	103.10861222347765	105.1848903009266	102.90163078587156	102.90253070422533	102.97796657897257	
101.93496657897256	0.39100000000000534	WheelMovementIntervals													-0.8675815561419085
102.97796657897257	1.3520000000000039	WheelMovementIntervals													-0.9678653446004137
105.06796657897257	0.3639999999999901	WheelMovementIntervals													-0.08963099210754555
106.10137381846525	3.9837633989912433	trials	-1.0	-1.0	0.0	0.0625		0.5	107.52021175926254	107.51929567191455	109.58505775682728	107.06768614855511	107.06851940629008	107.16396657897256	
106.43896657897257	0.132000000000005	WheelMovementIntervals													-0.04674398433859839
107.16396657897256	1.0	WheelMovementIntervals													0.32035063857181045
110.49814158280726	3.236865170818959	trials	-1.0	-1.0	0.0	0.25		0.5	111.17221376008848	111.17115471736452	113.2349266178517	111.00069598792228	111.00156257596666	110.90896657897257	
110.90896657897257	1.3900000000000006	WheelMovementIntervals													-0.5993996669368065
113.62996657897257	1.262999999999991	WheelMovementIntervals													0.23816946155427354
114.12651239426945	3.3580493285450217	trials	-1.0	1.0	1.5		0.125	0.5	115.90861737720421	115.9085375102364	116.98445310397851	115.58434679706333	115.5852133851077	115.73796657897257	
115.73796657897257	1.215999999999994	WheelMovementIntervals													1.1548737556142799
117.94256617795625	2.4583375513786763	trials	1.0	1.0	1.5	0.0		0.5	118.83928482202143	118.83917914437215	119.90085517637304	118.65090191329945	118.65190182258141	118.58996657897256	
118.58996657897256	3.737000000000009	WheelMovementIntervals													-1.1762858439455601
120.79460742290172	3.790279295777225	trials	-1.0	1.0	1.5		0.0625	0.5	123.01723910516036	123.01715274762711	124.08477558489435	122.68446929612278	122.68556919633295	122.75396657897257	
122.75396657897257	2.781000000000006	WheelMovementIntervals													1.0197872694879764
124.99429306776867	2.923430813701245	trials	-1.0	1.0	1.5		0.0	0.5	126.34520383801122	126.34510638155434	127.41770653384563	125.96737145066648	125.96827136902024	126.17596657897256	
126.17596657897256	0.8650000000000091	WheelMovementIntervals													0.8083570837737688
127.52396657897256	0.20400000000000773	WheelMovementIntervals													0.030691554382670017
128.3083257312908	9.442969790399502	trials	1.0	-1.0	0.0		0.0625	0.5	135.1783024439516	135.17724778390783	137.25121437639083	129.06819012496453	129.0692900251747	129.19896657897257	
129.19896657897257	0.2680000000000007	WheelMovementIntervals													0.13164743196214168
131.12396657897256	0.41500000000002046	WheelMovementIntervals													-0.2798640192257844
132.88796657897257	0.32200000000000273	WheelMovementIntervals													0.016530837801256304
133.94096657897256	0.3509999999999991	WheelMovementIntervals													-0.21180398515348964
135.10596657897256	1.1830000000000211	WheelMovementIntervals													-0.3813430658399053
137.23896657897257	0.8300000000000125	WheelMovementIntervals													0.42839423758800477
138.13980042496271	2.4777363961511014	trials	1.0	1.0	1.5	0.25		0.5	139.0576171548773	139.05751316473038	140.1174876634496	138.6675192136738	138.66865244419338	138.74396657897256	
138.74396657897256	0.9730000000000132	WheelMovementIntervals													-0.5518766276615992
141.0076402365632	2.343446659516104	trials	1.0	1.0	1.5	0.125		0.5	141.78566964885925	141.7855550614364	142.85097299786355	141.51792727345875	141.5189938433595	141.65096657897257	
141.65096657897257	0.8739999999999952	WheelMovementIntervals													-0.37074791111886185
143.74029231324218	4.077286316768777	trials	1.0	-1.0	0.0		0.0625	0.5	145.25665473934035	145.25562364973217	147.31750109977722	144.98457942371797	144.98601262702215	145.07996657897257	
143.92996657897257	0.41200000000000614	WheelMovementIntervals													-0.5230522117735026
145.07996657897257	0.36299999999999955	WheelMovementIntervals													-0.35176036217396756
146.24196657897258	2.407999999999987	WheelMovementIntervals													-2.0975675979086787
148.2283851253369	4.33915909325404	trials	1.0	-1.0	0.0		0.0625	0.5	150.01035678703406	150.0093085581523	152.06743682250885	149.2677908239383	149.26869074229208	149.59396657897256	
149.59396657897256	1.0010000000000048	WheelMovementIntervals													-0.3780792542390137
153.04144845406984	2.576057475399466	trials	-1.0	1.0	1.5		1.0	0.5	154.04885705564843	154.04877014674318	155.11746010528316	153.51817186940082	153.51940509084855	153.82196657897256	
153.82196657897256	2.5500000000000114	WheelMovementIntervals													1.640776253506435
156.01071239717086	3.0901463788486296	trials	-1.0	1.0	1.5		0.0625	0.5	157.54004031362516	157.53993435894927	158.60077741024182	156.96805887403247	156.969025453005	157.18696657897257	
157.18696657897257	2.9650000000000034	WheelMovementIntervals													0.909172700549068
159.4998625062743	3.1180453025513657	trials	-1.0	1.0	1.5		0.125	0.5	161.0460888895938	161.04598397838194	162.11785831862142	160.73448382702446	160.73538374537821	160.84196657897257	
160.84196657897257	1.1689999999999827	WheelMovementIntervals													0.8498314671375438
163.00481118203277	2.462637096928063	trials	-1.0	1.0	1.5		1.0	0.5	163.90912913664084	163.9090240686634	164.9674331206714	163.6504859357062	163.65138585405998	163.77996657897256	
163.77996657897256	1.0300000000000011	WheelMovementIntervals													1.2781587322223613
165.8625519098854	2.471964924551429	trials	-1.0	1.0	1.5		0.25	0.5	166.76716983727812	166.7670749347694	167.83443967453692	166.45099852232113	166.4520650922219	166.36296657897256	
166.36296657897256	1.4020000000000152	WheelMovementIntervals													2.738170217008806
168.73162494293368	3.9366684241079497	trials	-1.0	-1.0	0.0	0.125		0.5	170.09706772807408	170.09614796677386	172.1681798238058	169.78406279251	169.785062701792	169.91896657897257	
168.92496657897257	0.28299999999998704	WheelMovementIntervals													-0.023565013681006164
169.91896657897257	0.228999999999985	WheelMovementIntervals													0.30686999179813235
172.87396657897256	0.5570000000000164	WheelMovementIntervals													-0.16337027364245316
173.06869812314244	5.015372550860974	trials	1.0	-1.0	0.0		0.0	0.5	175.51444289651658	175.513632515847	177.58405512832536	174.46733789644406	174.46843779665423	174.49796657897258	
174.49796657897258	1.625	WheelMovementIntervals													-0.6617054221845784
176.87596657897257	0.27299999999999613	WheelMovementIntervals													0.040928846476159464
178.4761741896935	2.5745498793214097	trials	1.0	1.0	1.5	1.0		0.5	179.4823829001337	179.48229290064626	180.55068597698389	179.18487655844007	179.18577647679382	179.31396657897258	
179.31396657897258	1.931999999999988	WheelMovementIntervals													-0.3931805884466204
181.52523089349523	2.475935220379938	trials	-1.0	1.0	1.5		1.0	0.5	182.43554830379512	182.43544310609082	183.50108496496517	182.151040782767	182.15214068297718	182.25096657897257	
181.76996657897257	0.0689999999999884	WheelMovementIntervals													0.010031780258679568
182.25096657897257	2.4180000000000064	WheelMovementIntervals													1.116920386048121
184.40586954390486	3.661461032965036	trials	-1.0	-1.0	0.0	0.0625		0.5	185.51080263078433	185.50988734375133	187.56731605099935	185.2505929053079	185.2514594933523	185.31796657897257	
185.31796657897257	0.674999999999983	WheelMovementIntervals													0.5360064433139762
187.89496657897257	0.24799999999999045	WheelMovementIntervals													-0.13849854283208352
188.4614349309314	2.4232399542166547	trials	1.0	1.0	1.5	1.0		0.5	189.32095694970752	189.32084839157307	190.38466044386067	189.0846450560701	189.08581161689904	189.16996657897258	
189.16996657897258	2.390999999999991	WheelMovementIntervals													-0.4861513033199625
191.28127909699765	2.5531590334387317	trials	1.0	1.0	1.5	1.0		0.5	192.27122261645124	192.2711012080209	193.334392825654	192.03374416198483	192.034844062195	192.11996657897257	
192.11996657897257	1.1050000000000182	WheelMovementIntervals													-0.5050868480891388
194.22944495424923	3.2045675647591167	trials	1.0	-1.0	0.0		0.0	0.5	194.87318654997756	194.87225810606725	196.93393291948624	194.7170340504442	194.7178339778698	194.62196657897258	
194.62196657897258	0.6519999999999868	WheelMovementIntervals													-0.7410397973529292
196.77296657897256	1.7450000000000045	WheelMovementIntervals													-1.461435622723676
197.82701855982694	3.174238999622105	trials	1.0	1.0	1.5	0.25		0.5	199.43653920069474	199.43643731956303	200.50120927382045	199.06790597874408	199.06883922740724	198.95396657897257	
198.95396657897257	2.5270000000000152	WheelMovementIntervals													-0.8408855773064383
201.40836030472744	3.8928725007877176	trials	-1.0	-1.0	0.0	0.0		0.5	202.74720550296763	202.74608453121104	204.80118581966835	202.15045964349162	202.15152621339237	202.26796657897256	
202.26796657897256	0.8440000000000225	WheelMovementIntervals													0.32662455243758526
205.6961379573354	3.338448101268426	trials	-1.0	1.0	1.5		1.0	0.5	207.47537653366186	207.47526252560687	208.53454710573675	207.2171999570588	207.21823319665015	207.09696657897257	
205.89296657897256	0.8120000000000118	WheelMovementIntervals													-1.5702109798981825
207.09696657897257	2.1299999999999955	WheelMovementIntervals													1.4677180922039978
209.5225907975546	2.2784503772953997	trials	-1.0	1.0	1.5		0.25	0.5	210.24392535356333	210.2438061107897	211.3009627858367	210.01724591934214	210.01821249831468	210.07596657897258	
210.07596657897258	1.1669999999999732	WheelMovementIntervals													1.5274048105904479
212.20214769136132	4.464985126111941	trials	1.0	-1.0	0.0		0.0625	0.5	214.1082414252596	214.10728315990147	216.16708796713255	213.81700118173293	213.8179011000867	213.91296657897257	
212.59796657897257	0.43600000000000705	WheelMovementIntervals													-0.5962777436728288
213.91296657897257	0.5190000000000055	WheelMovementIntervals													-0.312854744062534
216.04896657897257	1.2450000000000045	WheelMovementIntervals													-0.6105437603741581
217.07973849909035	3.720554928839789	trials	-1.0	-1.0	0.0	0.0625		0.5	218.24826581630268	218.24735510967497	220.3002129841301	217.96772460209303	217.9685911901374	217.71496657897256	
217.71496657897256	1.149000000000001	WheelMovementIntervals													0.7629086203987487
220.25896657897258	1.9609999999999843	WheelMovementIntervals													-0.7881275041293758
221.20859723648485	5.025299601113744	trials	1.0	1.0	1.5	0.25		0.5	224.66705013063196	224.66696440471645	225.7338200132498	224.11776663173984	224.1185998894748	224.23696657897258	
222.59196657897257	0.7419999999999902	WheelMovementIntervals													0.18702369379821615
224.23696657897258	3.502999999999986	WheelMovementIntervals													1.2069652359003626
226.65580303183927	3.5111409751120277	trials	1.0	1.0	1.5	0.0625		0.5	228.61022571436578	228.61012472561558	229.66686318292636	228.31775224939136	228.31861883743574	228.45696657897258	
228.45696657897258	2.4289999999999736	WheelMovementIntervals													0.7139073094715673
230.5840466369624	2.867062683493941	trials	-1.0	1.0	1.5		0.25	0.5	231.89006148044479	231.88997427788303	232.9510318892272	231.48446494537086	231.4856981668186	231.59896657897258	
231.59896657897258	0.8449999999999989	WheelMovementIntervals													0.6868293678823498
233.8610159964331	3.140041362155813	trials	1.0	1.0	1.5	1.0		0.5	235.4379395947089	235.43783576274132	236.50094315236464	235.20039447962367	235.20132772828686	235.30696657897258	
234.11396657897257	0.48500000000001364	WheelMovementIntervals													-0.2892599886666334
235.30696657897258	1.9489999999999839	WheelMovementIntervals													1.336079289735367
237.4118605082337	3.5722589840611647	trials	1.0	-1.0	0.0		0.0625	0.5	238.42900156015673	238.4279767171448	240.48408177706762	237.93351318063424	237.93431310805983	238.01096657897256	
238.01096657897256	0.46800000000001774	WheelMovementIntervals													-0.3186814164866707
241.15096657897257	1.7349999999999852	WheelMovementIntervals													-0.8431930984456093
241.473925305593	7.959733775816119	trials	-1.0	-1.0	0.0	0.125		0.5	246.8693691304511	246.86851461466148	248.93358185213728	246.61695869737403	246.61802526727482	246.57096657897256	
243.27996657897256	0.8600000000000136	WheelMovementIntervals													-0.4439512125013172
244.49496657897257	0.7700000000000102	WheelMovementIntervals													-0.8207421148640801
245.61496657897257	0.5	WheelMovementIntervals													-0.1245792138148083
246.57096657897256	1.3329999999999984	WheelMovementIntervals													-0.9086440322287928
249.86306419034145	2.571356656612892	trials	1.0	1.0	1.5	0.125		0.5	250.87190599522418	250.87178563166785	251.93434293762016	250.56760027041318	250.56870017062334	250.66996657897258	
250.66996657897258	1.086999999999989	WheelMovementIntervals													0.5652708158335464
252.83972746212902	5.194485187583723	trials	1.0	-1.0	0.0		0.0625	0.5	255.48472082508917	255.4838698070015	257.53413488940225	255.21704511030745	255.21804501958943	255.24496657897257	
253.21396657897256	0.5130000000000052	WheelMovementIntervals													-0.3445360261484769
254.20196657897256	0.36299999999999955	WheelMovementIntervals													-0.2791036266626392
255.24496657897257	0.6119999999999948	WheelMovementIntervals													-0.3664706653702643
258.46081748161697	4.172777141753443	trials	1.0	-1.0	0.0		0.125	0.5	260.0790706635472	260.07814660585296	262.13351760457954	259.8503580804527	259.85142465035347	259.91196657897257	
258.6919665789726	0.6429999999999723	WheelMovementIntervals													-0.1895957059541633
259.91196657897257	0.7389999999999759	WheelMovementIntervals													-0.7717640079355892
262.5289665789726	0.2729999999999677	WheelMovementIntervals													0.15248855405122708
263.0592002875123	2.525029684643812	trials	-1.0	1.0	1.5		1.0	0.5	264.02311283532543	264.0230108548147	265.08414990472664	263.6675117643497	263.66841168270344	263.7309665789726	
263.7309665789726	2.5790000000000077	WheelMovementIntervals													1.7083484761882604
266.0093326330184	3.7245835184648968	trials	-1.0	-1.0	0.0	0.0		0.5	267.1820928995244	267.18115828029613	269.233806755186	266.7338002381106	266.73473348677373	266.86196657897256	
266.86196657897256	0.8910000000000196	WheelMovementIntervals													0.5599606733120881
270.1533233308799	2.6308511245737236	trials	1.0	1.0	1.5	0.25		0.5	271.2333253463291	271.2332434956917	272.2840633501261	270.68350856248657	270.6844084808403	270.8389665789726	
270.8389665789726	1.5629999999999882	WheelMovementIntervals													1.2523242659855125
273.20028022518954	3.333845838687637	trials	-1.0	-1.0	0.0	0.125		0.5	273.98310920203903	273.98219050698486	276.0340564605845	273.6669712173915	273.66810444791105	273.79996657897254	
273.79996657897254	0.8020000000000209	WheelMovementIntervals													0.4603198290799684
277.0510308609605	2.315845604350443	trials	1.0	1.0	1.5	1.0		0.5	277.80452916553907	277.8044450467664	278.86683278669744	277.51675527418985	277.5177551834718	277.6509665789726	
277.6509665789726	2.2239999999999895	WheelMovementIntervals													-0.4727780016006573
279.7893824205467	3.111742470842671	trials	-1.0	1.0	1.5		0.25	0.5	281.34680778782416	281.34670267481374	282.40101214379865	280.5010178565204	280.5021177567305	280.51596657897255	
280.51596657897255	2.0470000000000255	WheelMovementIntervals													0.9123033126954434
283.32412839290765	2.5593546124069917	trials	-1.0	1.0	1.5		0.0	0.5	284.33357014335957	284.3334491414173	285.3834082288028	283.88334432400063	283.8844442242108	283.9949665789726	
283.9949665789726	2.262999999999977	WheelMovementIntervals													1.2571678159681676
286.31948996826793	2.4978318903316676	trials	-1.0	1.0	1.5		0.25	0.5	287.26410426693917	287.2640012707724	288.31724205301293	286.8674069244747	286.8684734943755	286.9909665789726	
286.9909665789726	2.166999999999973	WheelMovementIntervals													0.950580665534094
289.2408249264535	2.476260504161189	trials	1.0	1.0	1.5	0.125		0.5	290.141243234862	290.141146197455	291.21697897070806	289.8000075272371	289.8008074546627	289.9999665789726	
289.9999665789726	2.2439999999999714	WheelMovementIntervals													-0.42360580474908716
292.1557937955439	2.5776260393580515	trials	1.0	1.0	1.5	1.0		0.5	293.1676019979631	293.16750323091003	294.233371971299	292.8833277891008	292.8841277165264	292.9949665789726	
292.9949665789726	3.281000000000006	WheelMovementIntervals													2.212034020196276
295.15422175936885	3.6126609039735627	trials	1.0	1.0	1.5	0.25		0.5	297.1934700793153	297.1933550071754	298.2668393631941	296.9674239209727	296.9684904908735	297.0319665789726	
297.0319665789726	1.0160000000000196	WheelMovementIntervals													-0.42150555705524084
299.20288777234987	3.2806588357182136	trials	1.0	1.0	1.5	0.0		0.5	300.91993199133816	300.9198175172701	301.9835354945631	300.6837867492477	300.6848199888391	300.6039665789726	
299.71796657897255	0.3250000000000455	WheelMovementIntervals													-0.15016977616188143
300.6039665789726	2.9049999999999727	WheelMovementIntervals													1.581119766230021
302.9048519069646	3.145859295885998	trials	-1.0	1.0	1.5		1.0	0.5	304.47417619469746	304.4740804874997	305.5506451973503	304.0171176619118	304.01818423181254	304.20996657897257	
304.20996657897257	1.4680000000000177	WheelMovementIntervals													1.1938958099551602
306.576618781264	2.307347473076163	trials	1.0	1.0	1.5	0.25		0.5	307.3056526387439	307.30553283075176	308.3838548174855	307.0668743022109	307.0678408811835	307.12096657897257	
307.12096657897257	1.247000000000014	WheelMovementIntervals													-0.4461945737657551
309.3038713478204	4.9462753635014565	trials	1.0	-1.0	0.0		0.125	0.5	311.6888549671606	311.6879067079993	313.7500679610008	311.316555411176	311.3175219901486	311.4089665789726	
309.83496657897257	0.5049999999999955	WheelMovementIntervals													-0.34207557732474747
311.4089665789726	0.6510000000000105	WheelMovementIntervals													-0.3826878296834533
314.6721509705185	3.5285686360631416	trials	1.0	-1.0	0.0		0.125	0.5	315.6348636271933	315.63396913419405	317.70064287342115	315.23419997791035	315.2351998871923	315.42696657897255	
315.42696657897255	0.9440000000000168	WheelMovementIntervals													-0.7628261331224895
318.6255256289283	3.4245477440573495	trials	-1.0	1.0	1.5		0.25	0.5	320.4855568752375	320.48545047323336	321.54999363619737	319.933406969737	319.9342068971626	320.12596657897257	
319.0439665789726	0.1379999999999768	WheelMovementIntervals													0.031129916844570005
320.12596657897257	2.4599999999999795	WheelMovementIntervals													0.9738469073087739
322.46857696322814	2.5654555693725456	trials	1.0	1.0	1.5	1.0		0.5	323.46771964807584	323.4675978238197	324.53398957605265	323.08378781411113	323.08455441122726	323.22196657897257	
323.22196657897257	1.3589999999999804	WheelMovementIntervals													0.41174376876058894
325.45523932783533	2.562055901023143	trials	1.0	1.0	1.5	1.0		0.5	326.45974819249625	326.4596604590396	327.5172522491012	326.18317328510506	326.1842398550058	326.2719665789726	
326.2719665789726	1.353999999999985	WheelMovementIntervals													-0.43016523780822347
328.4377020734583	3.4962407191159173	trials	1.0	1.0	1.5	0.0		0.5	330.3770261258272	330.3769235493655	331.43389690655357	330.1000179244138	330.10091784276756	330.17696657897255	
328.9899665789726	0.35599999999999454	WheelMovementIntervals													-0.25731463469443483
330.17696657897255	2.7250000000000227	WheelMovementIntervals													0.7312672858137788
332.3669455878634	3.549667476074603	trials	-1.0	1.0	1.5		0.0625	0.5	334.35199882472745	334.3518822013937	335.41650224630615	333.3833200426703	333.38425329133344	333.4109665789726	
333.4109665789726	2.724999999999966	WheelMovementIntervals													1.8891310245270496
336.33621880385647	2.646940973669757	trials	-1.0	1.0	1.5		0.25	0.5	337.42435341479893	337.42423482384993	338.48312402316105	336.8840024388257	336.88493568748885	336.97496657897256	
336.97496657897256	2.180000000000007	WheelMovementIntervals													0.6404071502747009
339.49726534723817	9.020370776702634	trials	1.0	-1.0	0.0		0.0625	0.5	345.9599456790457	345.95888624815194	348.01755899947085	339.9671560491424	339.96825594935257	340.1029665789726	
340.1029665789726	0.3019999999999641	WheelMovementIntervals													0.10547065110168674
342.76096657897256	0.299000000000035	WheelMovementIntervals													-0.10093573818469537
343.8509665789726	0.35300000000000864	WheelMovementIntervals													-0.08677383052543775
345.51996657897257	0.8629999999999995	WheelMovementIntervals													-0.4600830954756887
348.0389665789726	0.4490000000000123	WheelMovementIntervals													-0.4014722338110879
348.93954201806037	3.476942425326911	trials	1.0	-1.0	0.0		0.125	0.5	349.8566254811682	349.855852671719	351.91643860201367	349.54988664377106	349.55095321367185	349.5319665789726	
349.5319665789726	0.7760000000000105	WheelMovementIntervals													-0.384182911155472
352.34796657897255	0.5850000000000364	WheelMovementIntervals													-0.15782344592459552
352.8475874556878	2.6187517000171283	trials	-1.0	1.0	1.5		1.0	0.5	353.9125241712887	353.9124076643936	354.966295233241	353.60055247531596	353.60161904521675	353.5379665789726	
353.5379665789726	3.821999999999946	WheelMovementIntervals													1.638180887200697
355.8860451211007	3.9472649720153754	trials	-1.0	1.0	1.5		0.125	0.5	358.2667957911473	358.26668310020085	359.33329903128987	357.9340259821097	357.93495923077285	357.9879665789726	
357.9879665789726	1.1329999999999814	WheelMovementIntervals													1.024941224919548
360.260514908455	4.506480493674587	trials	-1.0	-1.0	0.0	0.25		0.5	362.20263870681333	362.2018487225201	364.2669847497371	360.817231066343	360.8182976362438	360.89496657897257	
360.89496657897257	2.3220000000000027	WheelMovementIntervals													-0.5582942448147072
365.1922008083382	3.708383658243463	trials	-1.0	1.0	1.5		1.0	0.5	367.3331399022604	367.3330479495817	368.400476400138	366.98320498388244	366.98400491130803	367.0339665789726	
365.4299665789726	0.17300000000000182	WheelMovementIntervals													0.04373847302733047
365.97696657897257	0.41200000000003456	WheelMovementIntervals													-0.05610157409098804
367.0339665789726	0.9950000000000045	WheelMovementIntervals													0.8659408070709986
369.33129195071814	3.1018430147542517	trials	-1.0	1.0	1.5		0.25	0.5	370.86391956780295	370.8638117207071	371.93305590238805	370.5330495864011	370.53401616537366	370.6639665789726	
369.4829665789726	0.4549999999999841	WheelMovementIntervals													-0.30108096992486644
370.6639665789726	2.728999999999985	WheelMovementIntervals													1.3056459846079456
372.8696375964942	3.097542723044967	trials	1.0	1.0	1.5	1.0		0.5	374.4147640796035	374.4146579087021	375.4671352685611	374.0670622919553	374.0680288709279	374.1559665789726	
374.1559665789726	3.47199999999998	WheelMovementIntervals													0.578021998928989
376.39958400430174	3.7340823912849714	trials	-1.0	1.0	1.5		0.125	0.5	378.5651208665602	378.5650306243326	379.633557264648	378.28311311873705	378.2840130370908	378.3249665789726	
378.3249665789726	1.0629999999999882	WheelMovementIntervals													1.4010462523387446
380.5567735046852	3.4766623523949534	trials	-1.0	-1.0	0.0	0.0		0.8	381.4730237100581	381.4720893939205	383.5333367855446	381.1995818517504	381.20071508226994	381.2889665789726	
381.2889665789726	0.4449999999999932	WheelMovementIntervals													0.452022698045095
384.3699665789726	0.36299999999999955	WheelMovementIntervals													-0.25422537698599257
384.56594310102867	2.701345286602816	trials	1.0	1.0	1.5	1.0		0.8	385.700540163273	385.70046128065127	386.7672100549626	385.3830356359401	385.38403554522205	385.4419665789726	
385.4419665789726	2.329999999999984	WheelMovementIntervals													-1.1737931437395517
387.6884931370547	2.444536383668037	trials	-1.0	1.0	1.5		1.0	0.8	388.5797122800691	388.57960530647586	389.632950057071	388.299804341738	388.3007375904012	388.3729665789726	
388.3729665789726	1.2210000000000036	WheelMovementIntervals													1.4150819965160615
389.7939665789726	0.5769999999999982	WheelMovementIntervals													-0.10730175635508132
390.56253238620343	2.88795907542152	trials	1.0	1.0	1.5	0.25		0.8	391.8924450615247	391.89235866787624	392.95038241215184	391.1332806043484	391.1343805045585	391.4089665789726	
391.4089665789726	2.714999999999975	WheelMovementIntervals													3.688129713825898
393.8810979718038	3.168737277360549	trials	1.0	1.0	1.5	1.0		0.8	395.48021955613916	395.4801157735723	396.5497891847465	395.01642830085495	395.0173948798275	395.15996657897256	
395.15996657897256	1.024000000000001	WheelMovementIntervals													-0.3932552586668123
397.48083804749245	2.836462929283414	trials	-1.0	1.0	1.5		0.25	0.8	398.75768887025083	398.7575654725246	399.81722607572914	398.15027731176724	398.1514105422868	398.17396657897257	
398.17396657897257	1.285000000000025	WheelMovementIntervals													0.8655697488974461
399.79496657897255	1.2350000000000136	WheelMovementIntervals													-0.18278330560520573
400.74860824156906	3.901767738453657	trials	-1.0	-1.0	0.0	0.125		0.8	402.09441947447357	402.093530901333	404.15026628850063	401.816644675944	401.8177445761542	401.94396657897255	
401.94396657897255	0.47200000000003683	WheelMovementIntervals													0.31039913451098755
405.08668133105976	2.3794389812579766	trials	1.0	1.0	1.5	1.0		0.8	405.9008074684348	405.9006939824504	406.9660441568202	405.56607117114265	405.56710441073403	405.66996657897255	
405.66996657897255	3.048000000000002	WheelMovementIntervals													1.1659873864289239
407.9097252068283	3.4065471165690155	trials	1.0	1.0	1.5	0.25		0.8	409.749158321929	409.7490495669799	410.8162615076408	409.40028997345183	409.4011232311868	409.60496657897255	
409.60496657897255	1.257000000000005	WheelMovementIntervals													0.4809803395668979
411.7569761601124	2.260147622040961	trials	1.0	1.0	1.5	1.0		0.8	412.4568126665589	412.45669028413954	413.5170164782251	412.2168011085782	412.2178010178601	412.2689665789726	
412.2689665789726	1.6339999999999577	WheelMovementIntervals													-0.3774291727855932
414.4618307587528	2.404337695976153	trials	-1.0	1.0	1.5		0.25	0.8	415.3116536574938	415.31154337400284	416.3661246559435	414.94975315804174	414.95078639763307	415.0739665789726	
415.0739665789726	2.1189999999999714	WheelMovementIntervals													1.491259067018639
417.3034729471658	3.130258538794692	trials	1.0	1.0	1.5	0.25		0.8	418.89559516652747	418.8955017024222	419.9336343224435	418.59985533123194	418.6008219102045	418.6929665789726	
418.6929665789726	3.84699999999998	WheelMovementIntervals													1.3909680595841856
420.98033935880323	3.8858685815743	trials	-1.0	1.0	1.5		1.0	0.8	423.31109456475156	423.3109792926488	424.36613217846104	423.03288647219983	423.033819720863	422.96296657897255	
422.96296657897255	1.725999999999999	WheelMovementIntervals													1.534920529983932
424.9519665789726	0.24099999999998545	WheelMovementIntervals													0.02666382743940332
425.3069134915514	3.9433642281730386	trials	-1.0	-1.0	0.0	0.0625		0.8	426.6901546619108	426.6891353036725	428.7501677646127	426.3167552057161	426.31782177561684	426.4259665789726	
426.4259665789726	0.3240000000000123	WheelMovementIntervals													0.2958993420409435
429.68848263480754	2.477760675738466	trials	-1.0	1.0	1.5		0.25	0.8	430.6048994917274	430.60480433418024	431.66613654298504	430.2993605454687	430.3001938032036	430.38596657897256	
430.38596657897256	2.886000000000024	WheelMovementIntervals													1.222967063279409
432.6020516309032	4.130748431963639	trials	-1.0	-1.0	0.0	0.0625		0.8	434.16984272440374	434.16906924507316	436.2326889034045	433.9002338516769	433.9012004306494	433.9279665789726	
433.9279665789726	0.8129999999999882	WheelMovementIntervals													0.4885005599858978
437.17870307507053	4.087382662921357	trials	1.0	-1.0	0.0		0.0625	0.8	438.6995317626281	438.6985330683296	440.7660442756628	437.8831724945234	437.8842057341148	438.11196657897256	
438.11196657897256	1.3360000000000127	WheelMovementIntervals													-0.6803597052837986
441.7051924035926	2.778138245396349	trials	1.0	1.0	1.5	0.25		0.8	442.9105163823812	442.91040812761986	443.98325239038144	442.3999627030105	442.40089595167365	442.6029665789726	
442.6029665789726	2.4699999999999704	WheelMovementIntervals													0.4993924381074599
444.9173343112827	18.132808876181002	trials	1.0	-1.0	0.0		0.0625	0.8	460.4759560689495	460.47499760619354	462.55003456221766	445.5161466499414	445.5172132198422	453.9469665789726	
445.66496657897255	0.1640000000000441	WheelMovementIntervals													0.02191939348691818
449.1249665789726	0.31899999999996	WheelMovementIntervals													-0.08665524340819175
451.5939665789726	0.26799999999997226	WheelMovementIntervals													0.06803795679986635
453.9469665789726	0.561999999999955	WheelMovementIntervals													-0.16384114029208874
454.95296657897256	0.3340000000000032	WheelMovementIntervals													0.0502972564472266
456.09496657897256	0.35599999999999454	WheelMovementIntervals													0.08871523400389947
458.19596657897256	0.2820000000000391	WheelMovementIntervals													-0.045378813102004756
460.0719665789726	0.38900000000001	WheelMovementIntervals													0.14685743382726457
462.1149665789726	0.35599999999999454	WheelMovementIntervals													0.15127043846053567
463.49604873388364	2.5532539473810516	trials	1.0	1.0	1.5	0.25		0.8	464.4741599935007	464.47406863224603	465.5492291231588	464.19921827127	464.20031817148015	464.30696657897255	
464.30696657897255	4.6580000000000155	WheelMovementIntervals													0.4998029993290203
466.4971097921511	5.935514528903411	trials	1.0	-1.0	0.0		0.125	0.8	469.8596713861579	469.8586735226126	471.93254998828775	469.5833631212419	469.5843297002145	469.67696657897255	
469.67696657897255	0.7540000000000191	WheelMovementIntervals													-0.6313215620714736
472.87903078428536	2.3536405805946856	trials	1.0	1.0	1.5	0.25		0.8	473.65632692977465	473.6562435242636	474.7325959505711	473.3998168686415	473.4006834566859	473.50596657897256	
473.50596657897256	2.1160000000000423	WheelMovementIntervals													1.0081761806867782
475.6796766921379	2.7535288052755504	trials	1.0	1.0	1.5	0.0		0.8	476.86316931827025	476.86308821250833	477.93317224089975	476.18333099746303	476.1843642370544	476.3629665789726	
476.3629665789726	3.1789999999999736	WheelMovementIntervals													0.9894886222397474
478.99770899278786	3.119168655186513	trials	1.0	1.0	1.5	0.25		0.8	480.5520346412913	480.5519422060303	481.61680470534515	480.16583634628745	480.1667029343318	480.2939665789726	
480.2939665789726	1.285000000000025	WheelMovementIntervals													0.43561405470160963
482.56608524733224	3.4002473089946648	trials	1.0	-1.0	0.0		0.25	0.8	483.3947100692957	483.3938962780845	485.4662221287402	483.116002022103	483.1170352616943	483.17396657897257	
483.17396657897257	1.1550000000000296	WheelMovementIntervals													-0.8571099275176515
486.41033647277044	3.1895637928370775	trials	1.0	1.0	1.5	1.0		0.8	488.026356523971	488.0262677789259	489.099825798778	487.832707426364	487.83407396904937	487.90496657897256	
486.82096657897256	0.3230000000000359	WheelMovementIntervals													0.10615644895111132
487.90496657897256	1.8700000000000045	WheelMovementIntervals													0.5073031327596347
490.04340685785786	2.3232430675452633	trials	1.0	1.0	1.5	0.25		0.8	490.80090479956425	490.80082024651665	491.8666081122813	490.54912764236576	490.5500608910289	490.64996657897257	
490.64996657897257	2.394999999999982	WheelMovementIntervals													0.5891111529479609
492.8108557775492	2.621848705814614	trials	1.0	1.0	1.5	1.0		0.8	493.86835983415415	493.8682746144897	494.93259661325766	493.5992842463777	493.60041747689723	493.7359665789726	
493.7359665789726	2.4529999999999745	WheelMovementIntervals													1.4759366570070576
495.8819104855541	2.901427547230867	trials	1.0	1.0	1.5	0.25		0.8	497.21472289779314	497.21462222015504	498.2832592868091	496.79972721546875	496.80076045506013	496.91996657897255	
496.91996657897255	1.1260000000000332	WheelMovementIntervals													0.635308017293351
498.43896657897255	0.6790000000000305	WheelMovementIntervals													-0.08429282865898102
499.230939973945	2.6690469016201064	trials	1.0	1.0	1.5	0.125		0.8	500.3292736595635	500.32915844937486	501.39990985807157	499.7992217491945	499.80008833723883	499.90996657897256	
499.90996657897256	1.785000000000025	WheelMovementIntervals													0.9212935371371458
502.3302921146296	2.352141812648199	trials	1.0	1.0	1.5	0.0		0.8	503.11042133641774	503.11030531723117	504.1823574169924	502.8658768563588	502.86677677471255	502.9369665789726	
502.9369665789726	1.6459999999999582	WheelMovementIntervals													0.7708187331090137
505.11703928346276	2.832161712890297	trials	1.0	1.0	1.5	0.25		0.8	506.37509181172027	506.3749658054047	507.44912770178706	505.8493728415731	505.8504727417833	505.90796657897255	
505.90796657897255	1.4640000000000555	WheelMovementIntervals													0.677603893850975
508.3964084252102	3.3527503901795512	trials	1.0	-1.0	0.0		0.25	0.2	509.1784708049435	509.17771970186027	511.2490829460342	508.8831642636702	508.88419750326153	508.9849665789726	
508.9849665789726	0.5369999999999777	WheelMovementIntervals													-0.36628259318884915
511.79196657897256	0.7339999999999804	WheelMovementIntervals													-0.5211172314094092
512.2001633247288	3.732268383308906	trials	1.0	-1.0	0.0		0.25	0.2	513.3611579920171	513.3600839554449	515.4323367483676	513.1662756729623	513.1671755913161	513.0839665789725	
513.0839665789725	0.6399999999999864	WheelMovementIntervals													-0.36212160897741086
516.2279665789725	0.6660000000000537	WheelMovementIntervals													-0.19437448124989487
516.5007398161459	3.8152735011126424	trials	1.0	-1.0	0.0		0.125	0.2	517.7481599757052	517.747163175063	519.8159057101876	517.499749179756	517.5005157768721	517.4709665789726	
517.4709665789726	0.8450000000000273	WheelMovementIntervals													-0.47498872167162176
520.4609665789726	0.38799999999991996	WheelMovementIntervals													-0.12091575115675468
520.7638197094893	3.551965700315691	trials	1.0	-1.0	0.0		0.0	0.2	521.7431975208635	521.7422372562542	523.8157428198994	521.5162181138578	521.5171846928304	521.4629665789726	
521.4629665789726	1.8290000000000646	WheelMovementIntervals													-0.6043165195944873
524.7517912290551	3.430544282853134	trials	-1.0	-1.0	0.0	0.125		0.2	525.6195458342528	525.6185019116167	527.682258692016	525.2995748640244	525.300541442997	525.3559665789726	
525.3559665789726	0.7749999999999773	WheelMovementIntervals													0.8794322616731414
528.5329665789726	2.0699999999999363	WheelMovementIntervals													-2.5974268784921684
528.6333390707106	7.49983760561588	trials	1.0	-1.0	0.0		0.0625	0.2	533.5668914679202	533.5658282557395	535.6331040081703	531.3993881174072	531.4005546782362	533.1599665789726	
532.7939665789726	0.09900000000004638	WheelMovementIntervals													-0.02517503758441819
533.1599665789726	0.5480000000000018	WheelMovementIntervals													-0.2884149073222311
534.5759665789726	8.344999999999914	WheelMovementIntervals													2.7286268435928633
536.5984830895969	8.767155470340299	trials	-1.0	1.0	1.5		0.25	0.2	543.8010962900577	543.8010091708707	544.865566381327	543.5323873356847	543.533253923729	543.6069665789726	
543.6069665789726	2.2309999999999945	WheelMovementIntervals													1.1475821768165133
545.8379448277275	2.678044629720489	trials	-1.0	1.0	1.5		0.0625	0.2	546.9477441397792	546.9476624924644	548.0159138953917	546.6661696859782	546.6676028892823	546.7799665789726	
546.7799665789726	1.8770000000000664	WheelMovementIntervals													1.1912657733588397
548.9635945825277	2.33524282316273	trials	-1.0	1.0	1.5		0.25	0.2	549.7297917349871	549.7297079752128	550.7987947483347	549.4822808573916	549.4832807666736	549.5819665789726	
549.5819665789726	2.2240000000000464	WheelMovementIntervals													1.7536476837994641
551.7360430486287	2.4129352503964583	trials	-1.0	1.0	1.5		0.0	0.2	552.5883657205748	552.5882547921591	553.6489361656444	552.3659192356472	552.3669524752386	552.4129665789726	
552.4129665789726	1.5749999999999318	WheelMovementIntervals													1.468042045700905
554.6066826062188	2.592547343449951	trials	-1.0	1.0	1.5		1.0	0.2	555.6282899196012	555.6282004724862	556.6991260999657	555.3661137058704	555.3669802939147	555.4799665789726	
555.4799665789726	1.9929999999999382	WheelMovementIntervals													1.4125443042432053
557.6869364796178	2.4119350436033073	trials	-1.0	1.0	1.5		1.0	0.2	558.5370593511434	558.5369481248102	559.5988630176608	558.3326445636006	558.3336444728826	558.3659665789726	
558.3659665789726	2.828999999999951	WheelMovementIntervals													1.7184188326162655
560.5597758376281	2.872957663834427	trials	-1.0	1.0	1.5		0.0	0.2	561.8695236757632	561.8694012117472	562.9326938849659	561.6162799849511	561.6173132245425	561.6739665789726	
561.6739665789726	1.9540000000000646	WheelMovementIntervals													1.3055607864866303
563.8900403618275	2.3594280887427885	trials	-1.0	1.0	1.5		1.0	0.2	564.685068231917	564.684949151318	565.749438332258	564.4322578351271	564.4333244050279	564.5479665789726	
564.5479665789726	2.4149999999999636	WheelMovementIntervals													2.563521747079413
566.8374729522723	2.545455123211923	trials	-1.0	1.0	1.5		0.0	0.2	567.8150175966296	567.8148933508684	568.8828540491481	567.4987462907444	567.499712869717	567.5979665789725	
567.5979665789725	1.83400000000006	WheelMovementIntervals													0.9946781998683534
569.824435289664	2.5583537673886667	trials	-1.0	1.0	1.5		0.0	0.2	570.8180451431516	570.817955393194	571.8827152162772	570.4988407700392	570.5000073308682	570.5819665789726	
570.5819665789726	1.018000000000029	WheelMovementIntervals													1.0301248853841969
571.9149665789726	1.3070000000000164	WheelMovementIntervals													-0.5886098165613305
572.8284960757775	3.90386600023578	trials	-1.0	-1.0	0.0	0.25		0.2	574.169707725985	574.168818049104	576.23232059282	573.865402001174	573.8663685801465	573.9869665789726	
573.9869665789726	0.54200000000003	WheelMovementIntervals													0.5260971366799083
577.1849674960563	2.2306483691293124	trials	-1.0	1.0	1.5		0.25	0.2	577.8521736296013	577.8520813635441	578.9155438206606	577.6496920000037	577.6506919092857	577.7089665789725	
577.7089665789725	3.2409999999999854	WheelMovementIntervals													0.9308394026964066
579.8752234191801	4.224069431919929	trials	-1.0	1.0	1.5		0.125	0.2	582.546447735637	582.5463660605902	583.5992188883074	582.2158777270198	582.2167109847547	582.2709665789725	
581.2989665789726	0.3170000000000073	WheelMovementIntervals													0.037173101774094164
582.2709665789725	2.3920000000000528	WheelMovementIntervals													0.5671461037784624
584.5616982328164	2.5211278899538456	trials	1.0	1.0	1.5	1.0		0.2	585.521811125358	585.5217080913449	586.5827815341405	585.1655434481943	585.1663767059293	585.3519665789726	
585.3519665789726	2.7110000000000127	WheelMovementIntervals													0.5785283492171018
587.5321287367464	8.550643060720631	trials	-1.0	1.0	1.5		0.25	0.2	594.5120621401137	594.5119438833789	595.5826983386219	588.4653440696032	588.4664106395039	593.6529665789726	
588.6079665789725	0.15600000000006276	WheelMovementIntervals													0.08410033842118025
593.6529665789726	0.3489999999999327	WheelMovementIntervals													0.12798616823357634
594.2559665789726	3.019999999999982	WheelMovementIntervals													1.4805762509061324
596.5475774654076	3.06807151107796	trials	-1.0	1.0	1.5		0.25	0.2	598.0633066156271	598.0632118040389	599.1155444833471	597.7652669889831	597.7661002467181	597.8499665789726	
597.8499665789726	1.66599999999994	WheelMovementIntervals													1.2761906640562586
600.0754573940324	2.4571324875277014	trials	-1.0	1.0	1.5		1.0	0.2	600.9675764554005	600.9674684618981	602.0325465013108	600.549147751208	600.5501143301806	600.7179665789726	
600.7179665789726	2.34699999999998	WheelMovementIntervals													1.1077572576548604
602.9842934861933	3.6815536082210656	trials	-1.0	-1.0	0.0	0.125		0.2	604.107458252314	604.1065092174753	606.1658048395459	603.8486150695229	603.8497816303519	603.8799665789726	
603.8799665789726	0.5769999999999982	WheelMovementIntervals													0.3817641753751104
607.1213514797	4.878106697822773	trials	1.0	-1.0	0.0		0.125	0.2	609.4311419210364	609.4303010362198	611.4993876101598	608.7988992820507	608.7997992004044	609.0709665789726	
607.7149665789726	0.41399999999998727	WheelMovementIntervals													-0.22796234182077058
609.0709665789726	0.7969999999999118	WheelMovementIntervals													-0.37083822688877177
612.4694662652117	2.5624239377216327	trials	1.0	1.0	1.5	0.125		0.2	613.4739751298727	613.4738748642714	614.5318124895716	612.9486227931288	612.9494893811732	613.0079665789726	
613.0079665789726	3.7469999999999573	WheelMovementIntervals													1.8871819721465073
615.4909921334502	3.8583856063359008	trials	-1.0	1.0	1.5		0.25	0.2	617.789950224232	617.789841946618	618.8493207781632	617.5159417506645	617.5168083387089	617.6459665789725	
617.6459665789725	1.052000000000021	WheelMovementIntervals													1.2013551387034838
619.9395885289073	2.492528694163525	trials	-1.0	1.0	1.5		0.125	0.2	620.8720039343385	620.871898513641	621.9320410944578	620.3987802014944	620.3998467713952	620.4949665789726	
620.4949665789726	1.9610000000000127	WheelMovementIntervals													1.2889711479343973
622.8971202030999	2.3687380416462247	trials	-1.0	1.0	1.5		1.0	0.2	623.6996473928041	623.6995324122411	624.7658506601622	623.4494700904568	623.4505033300482	623.5589665789726	
623.5589665789726	2.951999999999998	WheelMovementIntervals													2.0970374988684526
625.7288632896215	2.969749315515969	trials	-1.0	1.0	1.5		1.0	0.2	627.1413018110143	627.1411857914426	628.1986058857628	626.7817677635294	626.7828676637396	626.9199665789725	
626.9199665789725	0.9479999999999791	WheelMovementIntervals													1.0211606271457399
629.166618061632	2.532653528254059	trials	-1.0	1.0	1.5		0.125	0.2	630.1421628874253	630.142037907095	631.1992336500081	629.8655546497247	629.8665212286973	629.9949665789726	
629.9949665789726	2.826999999999998	WheelMovementIntervals													1.2189972294317641
632.1676791198995	4.281564899168984	trials	-1.0	-1.0	0.0	0.125		0.2	633.8838900811528	633.8828043162825	635.9492360333585	633.5986826236274	633.5995492116717	633.7069665789726	
633.7069665789726	0.4919999999999618	WheelMovementIntervals													0.3486560279616029
636.9107487988949	2.3218407896089275	trials	-1.0	1.0	1.5		0.125	0.2	637.6777792090894	637.6776616112497	638.7324835197048	637.4154030135021	637.416236271237	637.5009665789726	
637.5009665789726	2.965000000000032	WheelMovementIntervals													1.0243595744836753
639.7031954506353	3.2618561742015117	trials	-1.0	1.0	1.5		0.25	0.2	641.4062409396762	641.406123733544	642.4650115480383	641.131999153943	641.1328990722967	641.2639665789726	
641.2639665789726	0.9769999999999754	WheelMovementIntervals													1.2203740390581217
642.5399665789726	1.3269999999999982	WheelMovementIntervals													-1.0123589798265584
643.4298573445146	2.718568424951627	trials	-1.0	1.0	1.5		0.25	0.2	644.5970847796605	644.5969854325693	645.6483227380984	644.349073947424	644.349907205159	644.4679665789726	
644.4679665789726	2.219000000000051	WheelMovementIntervals													1.5488501468256146
646.6240342154388	2.774735378586797	trials	-1.0	1.0	1.5		0.0	0.2	647.8493563798667	647.8492489541186	648.8987278409783	647.1159229215461	647.1169228308281	647.1279665789726	
647.1279665789726	1.9899999999998954	WheelMovementIntervals													1.0606995012928309
649.4819665789726	0.7180000000000746	WheelMovementIntervals													-0.14525015513097372
649.8679732382952	2.881256138214553	trials	-1.0	1.0	1.5		0.0625	0.2	651.2065184637509	651.2063983870304	652.2491238720545	650.8989796989281	650.8999462779007	650.9909665789726	
650.9909665789726	1.8519999999999754	WheelMovementIntervals													1.7333242374104572
653.2160361477136	2.3993347663746363	trials	-1.0	1.0	1.5		1.0	0.2	654.0794578126893	654.0793479374804	655.1152971681851	653.7984166438387	653.799283231883	653.9069665789726	
653.9069665789726	2.391999999999939	WheelMovementIntervals													1.3267957064413594
656.0900753968622	3.0088744682183233	trials	-1.0	1.0	1.5		0.25	0.2	657.5419103439643	657.5418103616463	658.5989144459282	657.2990657096847	657.2999656280384	657.3369665789726	
657.3369665789726	1.4930000000000518	WheelMovementIntervals													0.5634418002533366
659.3809665789726	0.7450000000000045	WheelMovementIntervals													0.15913398695783343
659.5740593080088	2.9578507585180205	trials	-1.0	1.0	1.5		0.125	0.2	660.978765197621	660.9786824624372	662.0318363230759	660.7150891199672	660.7159557080115	660.6609665789725	
660.6609665789725	1.7980000000000018	WheelMovementIntervals													1.358135012427546
662.9941156857285	2.5876356847664965	trials	-1.0	1.0	1.5		0.0	0.2	664.0191226906697	664.0190290276247	665.0816596239939	663.7322820479836	663.733315287575	663.7969665789726	
663.7969665789726	2.1920000000000073	WheelMovementIntervals													0.9339991422824454
666.2071575117724	2.774435401343453	trials	1.0	1.0	1.5	0.25		0.8	667.3998826336083	667.3997718696204	668.4815178342179	666.9157598895907	666.9166598079445	666.9939665789726	
666.9939665789726	1.5349999999999682	WheelMovementIntervals													1.137631783876202
669.4507965618443	3.44757043291645	trials	-1.0	-1.0	0.0	0.125		0.8	670.3246506136619	670.3237138889097	672.3983291432173	670.0992710615072	670.100337631408	670.1619665789726	
670.1619665789726	0.6630000000000109	WheelMovementIntervals													0.5768922145797646
673.3696743500263	2.462531493878828	trials	-1.0	1.0	1.5		0.0	0.8	674.2550940192053	674.2549849534415	675.3321629674274	674.0321142493274	674.0330141676811	674.0859665789726	
674.0859665789726	1.8589999999999236	WheelMovementIntervals													1.172724545571441
676.2907093354273	3.540962430968534	trials	-1.0	-1.0	0.0	0.0		0.8	677.2603546964571	677.2595258694975	679.3316667740452	676.7815648019434	676.7826647021535	676.8489665789726	
676.8489665789726	0.9059999999999491	WheelMovementIntervals													0.4723543294094199
680.3107779429441	4.821680005815324	trials	-1.0	-1.0	0.0	0.125		0.8	682.5607071486004	682.559914329788	684.6323525292825	680.9491200285498	680.9500199469037	681.1609665789725	
681.1609665789725	2.177000000000021	WheelMovementIntervals													0.5258507097967424
683.6879665789726	0.14999999999997726	WheelMovementIntervals													0.0452368285085214
685.6114636981815	2.8374583042375434	trials	1.0	1.0	1.5	0.25		0.8	686.879715301115	686.879588861836	687.9488516357002	686.2651710564201	686.2660376444644	686.4249665789725	
686.4249665789725	2.5090000000000146	WheelMovementIntervals													0.5549013644326806
688.9276295015052	3.5712604934532237	trials	-1.0	-1.0	0.0	0.0625		0.8	689.9257056164521	689.9248458348494	691.9988508610571	689.6648626150971	689.6657292031415	689.7519665789725	
689.7519665789725	0.6660000000000537	WheelMovementIntervals													0.33720922156201283
692.9734957684967	2.741965040223704	trials	1.0	1.0	1.5	1.0		0.8	694.1416231219962	694.1415226224766	695.2153923695878	693.6650330279028	693.6660662674942	693.8309665789726	
693.8309665789726	2.105000000000018	WheelMovementIntervals													0.7028566912620491
696.197869899736	3.0175462384353295	trials	1.0	1.0	1.5	0.25		0.8	697.6478716798213	697.6477911561618	698.7153748292459	697.2315094548115	697.2324093731653	697.2779665789726	
696.3439665789725	0.3630000000000564	WheelMovementIntervals													-0.06429166700229416
697.2779665789726	1.0639999999999645	WheelMovementIntervals													-0.4062350022439247
699.6771209069481	2.5212532963099648	trials	1.0	1.0	1.5	1.0		0.8	700.6176355775632	700.6175400403018	701.6983041992004	700.2982312225946	700.299097810639	700.3949665789726	
700.3949665789726	2.8519999999999754	WheelMovementIntervals													0.5889192236498104
702.6781819652156	4.186770337809662	trials	1.0	-1.0	0.0		0.125	0.8	704.2861027512322	704.2852081956137	706.3648808181256	703.8653409253818	703.866440825592	703.9799665789726	
703.9799665789726	0.7469999999999573	WheelMovementIntervals													-0.3416093176899935
707.348958203125	2.3992341739134417	trials	1.0	1.0	1.5	0.125		0.8	708.1786495949892	708.1785693282735	709.2481192326684	707.8651780350935	707.8661112837567	707.9529665789726	
707.9529665789726	2.0919999999999845	WheelMovementIntervals													1.1634269770658534
710.2297968353911	2.6685420772229236	trials	1.0	1.0	1.5	0.25		0.8	711.32699729049	711.3269133123213	712.3983000951861	710.9154012997243	710.9165011999344	711.0469665789726	
711.0469665789726	2.77800000000002	WheelMovementIntervals													1.1590867387765016
713.3820441770914	4.416865739377954	trials	1.0	-1.0	0.0		0.125	0.8	715.2228105045681	715.2219707289	717.2988221557814	714.8818747697278	714.882808018391	714.9869665789726	
714.9869665789726	0.5349999999999682	WheelMovementIntervals													-0.47037751006195805
718.4199665789725	0.3430000000000746	WheelMovementIntervals													-0.22463934925958284
718.4538173673778	2.5282524504204957	trials	1.0	1.0	1.5	0.0		0.8	719.4175632636441	719.4174365960729	720.4819666942946	719.18161800341	719.1824845914543	719.2569665789725	
719.2569665789725	2.6030000000000655	WheelMovementIntervals													1.390781893622659
721.4654774640342	2.8833544518802228	trials	1.0	1.0	1.5	0.0		0.8	722.780391500126	722.7803013823515	723.8487945679044	722.4648534610476	722.4658200400202	722.5549665789725	
722.5549665789725	2.9750000000000227	WheelMovementIntervals													0.43094684131519045
724.8319387042407	3.116965416406515	trials	1.0	1.0	1.5	0.0625		0.8	726.369965831448	726.3698699943138	727.4487679557589	725.9315722719257	725.9325055205888	726.0309665789725	
726.0309665789725	1.3460000000000036	WheelMovementIntervals													1.1623851397869203
727.6399665789726	0.9379999999999882	WheelMovementIntervals													-0.6198030642979191
728.4332119741616	3.748445805654569	trials	1.0	-1.0	0.0		0.0625	0.8	729.6088386472759	729.6080257034475	731.6815505978587	729.2313728933345	729.2321728207601	729.3309665789726	
729.3309665789726	0.8450000000000273	WheelMovementIntervals													-0.4544557344393567
732.6644614220291	2.450357254785331	trials	1.0	1.0	1.5	0.25		0.8	733.5541807011206	733.5540814826817	734.6147178158809	733.3155023555158	733.3165355951072	733.2769665789726	
733.2769665789726	2.335999999999899	WheelMovementIntervals													1.1585500419301766
735.6071277782299	2.4245317653960683	trials	1.0	1.0	1.5	0.25		0.8	736.4640167025636	736.4639382970876	737.5315531822976	736.1818756335028	736.1828755427848	736.3159665789726	
736.3159665789726	2.25	WheelMovementIntervals													0.5191771819046593
738.5196635347343	2.6955384887941136	trials	1.0	1.0	1.5	0.0		0.8	739.6451947528221	739.6450787691838	740.7151643451423	739.1650716459325	739.1658715733581	739.2879665789726	
739.2879665789726	1.427000000000021	WheelMovementIntervals													0.7992318000555443
740.9659665789726	0.18499999999994543	WheelMovementIntervals													-0.06221497034961487
741.7167068122667	3.698678074594227	trials	1.0	1.0	1.5	0.25		0.8	743.8382476661187	743.8381504462246	744.9153499446502	743.6150012537656	743.6159011721194	743.5369665789726	
742.2439665789726	0.6559999999999491	WheelMovementIntervals													-0.29919918094108766
743.5369665789726	2.76400000000001	WheelMovementIntervals													-0.5115202991555421
745.9097930558727	2.7550356223608787	trials	1.0	1.0	1.5	0.25		0.8	747.0892193842584	747.0891074481854	748.1647884685575	746.8480745957581	746.8489078534931	746.9519665789726	
746.9519665789726	0.95799999999997	WheelMovementIntervals													0.7496370914382737
749.1482325776783	3.250055100587133	trials	1.0	-1.0	0.0		0.125	0.8	749.8366034576916	749.8355438072202	751.8981830849352	749.6983493343055	749.6992492526592	749.6379665789726	
749.6379665789726	0.7469999999999573	WheelMovementIntervals													-0.6576589000032556
752.7769665789726	0.49899999999990996	WheelMovementIntervals													-0.24276103314575437
752.884293618808	2.8139588827896205	trials	1.0	1.0	1.5	0.125		0.8	754.1224146220451	754.1223186448727	755.1982503488193	753.9154334006786	753.9162666584135	753.9969665789725	
753.9969665789725	1.6850000000000591	WheelMovementIntervals													0.7102748880215728
755.9819665789726	0.21400000000005548	WheelMovementIntervals													-0.03816461815333838
756.189360429102	2.47605524698713	trials	1.0	1.0	1.5	0.25		0.8	757.0932784199972	757.093179865527	758.1653478218094	756.7984051727461	756.7992717607905	756.9569665789726	
756.9569665789726	1.9370000000000118	WheelMovementIntervals													1.3817411290749249
759.1594242996285	6.371903164686387	trials	1.0	-1.0	0.0		0.0625	0.8	762.9569464312896	762.9561845795878	765.0311915761048	762.6814714241085	762.6829712880315	762.7279665789725	
759.2329665789725	1.1870000000000118	WheelMovementIntervals													-0.6388357742067186
761.4749665789726	0.5430000000000064	WheelMovementIntervals													-0.2812050815462115
762.7279665789725	0.5800000000000409	WheelMovementIntervals													-0.3194905563090771
766.0385335170646	2.7259355186851053	trials	1.0	1.0	1.5	1.0		0.8	767.1981616416674	767.1980477746994	768.2644648999536	766.981914594288	766.9830144944982	767.0579665789726	
766.1199665789726	0.2999999999999545	WheelMovementIntervals													-0.08554244250743182
767.0579665789726	2.38900000000001	WheelMovementIntervals													1.4405123895484664
769.2740733019525	3.5406586194937972	trials	1.0	-1.0	0.0		0.25	0.8	770.2413188807055	770.2404887561264	772.314664107167	770.0153393829818	770.0163059619543	770.0959665789726	
770.0959665789726	0.6050000000000182	WheelMovementIntervals													-0.39269217325215067
773.3346382353889	2.8965634348628555	trials	1.0	1.0	1.5	1.0		0.8	774.6588847581124	774.6587663195753	775.7311208114717	774.4651023392678	774.4660022576217	774.4779665789725	
773.3369665789726	0.3949999999999818	WheelMovementIntervals													-0.1109909013489414
774.4779665789725	2.9610000000000127	WheelMovementIntervals													0.5076748323747822
776.9081140272713	2.8904532495014337	trials	1.0	1.0	1.5	1.0		0.8	778.2385266572336	778.238437614721	779.298497156734	777.9985150992528	777.9996816600818	778.0919665789726	
778.0919665789726	1.6710000000000491	WheelMovementIntervals													1.1792959921647395
780.2888739702098	2.658941558946367	trials	1.0	1.0	1.5	1.0		0.8	781.3811748698272	781.3810902198803	782.447778100898	781.0312066211397	781.0323398516593	781.1689665789726	
781.1689665789726	1.4919999999999618	WheelMovementIntervals													0.7754919599081305
783.4453209308945	4.23586587180796	trials	-1.0	1.0	1.5		1.0	0.8	786.1221780696399	786.1220612929483	787.1811486598584	785.78177561975	785.7826755381038	785.8709665789726	
783.6749665789725	0.7150000000000318	WheelMovementIntervals													-0.283980579731562
784.6879665789726	0.3709999999999809	WheelMovementIntervals													-0.11887737068583704
785.8709665789726	2.0919999999999845	WheelMovementIntervals													1.150883118279502
788.1709921883838	2.3942607536383775	trials	1.0	1.0	1.5	1.0		0.8	788.9975172008551	788.9974124682127	790.0651870018268	788.6986109861667	788.6996775560675	788.8229665789726	
788.8229665789726	2.755999999999972	WheelMovementIntervals													0.9276589099299102
791.0628631530608	3.018942732445339	trials	1.0	1.0	1.5	0.25		0.8	792.5234639715349	792.5233828588135	793.5817012949466	792.264720779672	792.2656873586445	792.3609665789726	
792.3609665789726	1.8319999999999936	WheelMovementIntervals													-0.42361590356237855
794.5811106222694	2.3671346882157422	trials	1.0	1.0	1.5	1.0		0.8	795.3847043818744	795.3846217181078	796.4482078941711	795.0812985754171	795.0823651453179	795.1869665789726	
795.1869665789726	1.2730000000000246	WheelMovementIntervals													0.5026467484056809
797.4509502524338	3.313947980340572	trials	1.0	1.0	1.5	0.25		0.8	799.1940921036814	799.1939744365327	800.2648616234271	798.8810538378079	798.8820537470899	798.9799665789726	
797.8079665789726	0.5209999999999582	WheelMovementIntervals													-0.35888700545618946
798.9799665789726	2.088999999999942	WheelMovementIntervals													0.8473501031525146
801.2750033103764	2.2902407914459673	trials	1.0	1.0	1.5	1.0		0.8	802.0061369773483	802.0060156920558	803.0651408978762	801.7477604188889	801.7487603281709	801.8469665789726	
801.8469665789726	2.31899999999996	WheelMovementIntervals													0.6455868177304893
804.061450506425	2.90315170592919	trials	1.0	1.0	1.5	0.25		0.8	805.3923964213377	805.3922732919318	806.4645658140781	805.0810913315529	805.0820579105255	805.1829665789726	
805.1829665789726	1.2749999999999773	WheelMovementIntervals													0.6678158272849046
806.7149665789726	0.2799999999999727	WheelMovementIntervals													0.023586844923876527
807.461308716649	2.786760139332614	trials	1.0	1.0	1.5	0.0625		0.8	808.6906305182048	808.6905343616113	809.7480012535722	808.2150736637028	808.2160735729848	808.3349665789726	
808.3349665789726	1.683999999999969	WheelMovementIntervals													1.0292067756569878
810.7471772687293	3.5174621997367694	trials	1.0	-1.0	0.0		0.125	0.8	811.7074234825085	811.706593688697	813.7645701786021	811.4476137207449	811.4487469512644	811.4939665789726	
811.4939665789726	0.77699999999993	WheelMovementIntervals													-0.6004678432839796
814.7654460395386	2.6990385361734752	trials	1.0	1.0	1.5	0.0625		0.8	815.906075887784	815.9059614783955	816.964413202124	815.631600789885	815.6324007173106	815.7119665789726	
814.8599665789726	0.27800000000002	WheelMovementIntervals													-0.07287398156854152
815.7119665789726	1.8360000000000127	WheelMovementIntervals													0.5886757803144249
817.9624893170709	2.452656169004854	trials	1.0	1.0	1.5	0.0625		0.8	818.8589079883515	818.8588091130586	819.9150788325805	818.5649679897635	818.5657679171891	818.6959665789726	
818.6959665789726	2.294999999999959	WheelMovementIntervals													1.7259844998585976
820.9172545755835	2.4139315072822	trials	-1.0	1.0	1.5		1.0	0.8	821.7773765399288	821.7772650881324	822.8311142715717	821.4812367409205	821.4821033289649	821.5449665789725	
821.5449665789725	2.5430000000000064	WheelMovementIntervals													1.1714150177011646
823.8312901960107	6.633112080650108	trials	1.0	1.0	1.5	0.125		0.8	828.9050965351704	828.9049743969784	829.9643670981735	824.3483099554048	824.3494431859243	824.4309665789726	
824.4309665789726	0.3969999999999345	WheelMovementIntervals													0.1595127863866992
828.7329665789725	2.729000000000042	WheelMovementIntervals													0.9923866585482273
830.9749087488356	3.0227538831671836	trials	1.0	1.0	1.5	1.0		0.8	832.4355428976189	832.4354338175872	833.4975465459928	832.1483022912201	832.1491355489551	832.2719665789726	
832.2719665789726	1.0389999999999873	WheelMovementIntervals													0.5640606040342959
834.6823723845012	4.099175109956377	trials	-1.0	-1.0	0.0	0.0625		0.8	836.2201328692333	836.2190997924724	838.2814458540017	835.8813302741945	835.8824635047141	836.0009665789726	
834.8519665789726	0.5270000000000437	WheelMovementIntervals													-0.5596818585973438
836.0009665789726	0.5940000000000509	WheelMovementIntervals													0.5346031481076636
839.1889665789726	0.3350000000000364	WheelMovementIntervals													-0.11685705842046445
839.2880545281548	2.8603548499278304	trials	-1.0	1.0	1.5		1.0	0.2	840.5781708140539	840.5780783635424	841.6483403882304	840.1974720201009	840.1984719293829	840.2859665789725	
840.2859665789725	2.4340000000000828	WheelMovementIntervals													0.987748143037706
842.64571656668	6.202017319708148	trials	1.0	-1.0	0.0		0.125	0.2	846.2918191027424	846.2908843445758	848.34763258646	843.1810679962434	843.1821345661441	843.3899665789726	
843.3899665789726	0.24099999999998545	WheelMovementIntervals													-0.10649992018319665
846.1379665789726	0.51400000000001	WheelMovementIntervals													-0.3618769868480314
848.6149665789726	0.2039999999999509	WheelMovementIntervals													-0.11778621594775984
849.3538412969002	2.461127793648984	trials	-1.0	1.0	1.5		0.0625	0.2	850.2488267648766	850.248750675925	851.3149300413064	849.9979828563413	849.9988161140762	850.1229665789726	
850.1229665789726	2.158999999999992	WheelMovementIntervals													1.181434173482117
852.318072363282	2.3134385665346144	trials	-1.0	1.0	1.5		0.125	0.2	853.0633047511296	853.0631841406233	854.1314745067422	852.7808303789749	852.7818302882569	852.8889665789726	
852.8889665789726	2.191000000000031	WheelMovementIntervals													1.0283013874607292
855.1341168740768	23.830116931694988	trials	1.0	-1.0	0.0		0.0625	0.2	876.4148861493286	876.4140874024407	878.4641668924041	855.7476945397991	855.7485277975342	862.6439665789726	
859.9779665789725	0.2680000000000291	WheelMovementIntervals													-0.0316383404667846
862.6439665789726	0.2619999999999436	WheelMovementIntervals													0.13211666227476826
864.6119665789726	0.14800000000002456	WheelMovementIntervals													-0.047325456093773255
866.7139665789725	0.2900000000000773	WheelMovementIntervals													-0.054874521119330666
869.2109665789726	0.12799999999992906	WheelMovementIntervals													-0.02000437092108598
871.4499665789726	0.4659999999998945	WheelMovementIntervals													-0.14229355904627994
874.0669665789726	0.15999999999996817	WheelMovementIntervals													-0.029681813375134425
876.2689665789726	0.5190000000000055	WheelMovementIntervals													-0.2783021360007183
879.485640884549	2.2958389622211826	trials	-1.0	1.0	1.5		0.125	0.2	880.2377393161328	880.2376529916863	881.2813779640278	879.9479656062197	879.9488988548828	880.0529665789726	
880.0529665789726	1.8149999999999409	WheelMovementIntervals													2.4512625527926417
882.2845869466222	2.380232910845166	trials	-1.0	1.0	1.5		0.125	0.2	883.1213776943883	883.1212981640799	884.1647830301175	882.8809995030042	882.881899421358	882.9539665789725	
882.9539665789725	2.73599999999999	WheelMovementIntervals													1.5359855842019527
885.1751246989232	2.905849955973622	trials	-1.0	1.0	1.5		0.25	0.2	886.5236356868891	886.5235469522752	887.5808731010188	886.2810243647752	886.281924283129	886.2529665789726	
886.2529665789726	1.9499999999999318	WheelMovementIntervals													0.9592580775752424
888.5945811310738	2.4197579596064998	trials	-1.0	1.0	1.5		0.0625	0.2	889.4588027234752	889.458701114814	890.5142069705879	889.1643294399368	889.1652626885999	889.2739665789726	
889.2739665789726	2.1620000000000346	WheelMovementIntervals													1.3564960183634867
891.5223488389734	2.4251308925568082	trials	-1.0	1.0	1.5		1.0	0.2	892.3937364478954	892.3936592196027	893.4473741886101	892.1482253888639	892.1492586284552	892.2099665789726	
892.2099665789726	2.04099999999994	WheelMovementIntervals													1.5521365728208565
894.4451836610818	2.5529483381743603	trials	-1.0	1.0	1.5		0.125	0.2	895.4433930972663	895.4433017777709	896.4980974078818	895.1813168744636	895.1822501231268	895.2579665789726	
895.2579665789726	1.8439999999999372	WheelMovementIntervals													1.2701213505641675
897.5067392309081	2.4405300773807994	trials	-1.0	1.0	1.5		0.25	0.2	898.3918589273025	898.3917494126175	899.4471965137965	898.1807447475705	898.1816113356149	898.2209665789726	
898.2209665789726	2.7859999999999445	WheelMovementIntervals													1.5764399650410468
900.4412729916156	3.0894648283106108	trials	-1.0	1.0	1.5		1.0	0.2	901.9697009897161	901.9696040722283	903.0306713984985	901.6647953193359	901.665628577071	901.7769665789726	
901.7769665789726	2.1440000000000055	WheelMovementIntervals													0.6642261637688165
904.0428462343211	2.337936112324087	trials	-1.0	1.0	1.5		0.125	0.2	904.827041753856	904.8269576751229	905.8807128248801	904.5813307129681	904.5822972919407	904.6579665789726	
904.6579665789726	1.1789999999999736	WheelMovementIntervals													0.8420798022559808
906.8913877967798	2.4560548168824425	trials	-1.0	1.0	1.5		0.0	0.2	907.7899062775524	907.7898071170765	908.8474103341574	907.5144646006809	907.5152978584158	907.6309665789726	
907.6309665789726	1.8110000000000355	WheelMovementIntervals													1.0386581155083547
909.8614516673064	3.3699541272145552	trials	-1.0	-1.0	0.0	0.0625		0.2	910.6709782219842	910.6701641766549	912.7312912974708	910.364472696753	910.3653059544879	910.4869665789726	
910.4869665789726	0.6050000000000182	WheelMovementIntervals													0.6121044325697085
913.942014786382	2.3225370956404277	trials	-1.0	1.0	1.5		0.0625	0.2	914.7205108230096	914.7204265488892	915.7644494436893	914.4306371221683	914.4316370314502	914.5739665789725	
914.5739665789725	1.1800000000000637	WheelMovementIntervals													0.7982539742023818
916.7765576188931	2.3710320766315363	trials	-1.0	1.0	1.5		0.0	0.2	917.5862841554274	917.58616788883	918.6474878763756	917.3639043311186	917.3649709010194	917.4209665789726	
917.4209665789726	1.988999999999919	WheelMovementIntervals													1.1411124414930356
919.6775944186547	2.3031398144648847	trials	-1.0	1.0	1.5		0.125	0.2	920.4275263801277	920.4274067295667	921.4807308268201	920.1978472180606	920.1987138061049	920.2689665789726	
920.2689665789726	1.7849999999999682	WheelMovementIntervals													1.2331552841401248
922.47754039001	2.369760986095912	trials	-1.0	1.0	1.5		1.0	0.2	923.2902666543902	923.2901606170686	924.3472707563541	923.0478219838233	923.0486885718677	923.1719665789726	
923.1719665789726	1.45799999999997	WheelMovementIntervals													1.441925177927132
925.3606121530057	2.903349678194786	trials	-1.0	1.0	1.5		1.0	0.2	926.71142293232	926.7113343342799	927.763827451587	926.4980089612395	926.4990088705215	926.5959665789726	
926.5959665789726	2.2089999999999463	WheelMovementIntervals													1.40743411710433
928.7826683492893	2.5320494525228696	trials	-1.0	1.0	1.5		0.0625	0.2	929.7538802348608	929.7537865487793	930.8145840011681	929.5145019527587	929.5153352104936	929.5969665789726	
929.5969665789726	1.8410000000000082	WheelMovementIntervals													1.2799467739488932
931.8277254159632	3.23685191470895	trials	-1.0	-1.0	0.0	0.0625		0.2	932.5163629384517	932.5153360194396	934.5645104510077	932.2805843297647	932.2816842299748	932.2339665789726	
932.2339665789726	1.1100000000000136	WheelMovementIntervals													-0.7461084459643956
935.5960835269003	2.3013371884078424	trials	-1.0	1.0	1.5		0.125	0.2	936.3415825572232	936.3414949245523	937.3973534377394	936.1138698834106	936.1150364442395	936.1869665789726	
936.1869665789726	1.8400000000000318	WheelMovementIntervals													0.7900104172675526
938.425826794858	7.988421085000937	trials	1.0	-1.0	0.0		0.0	0.2	943.8633668004868	943.8625078405566	945.9141807377946	938.9975749222849	938.9987081528045	943.3259665789726	
939.1649665789726	0.44500000000005	WheelMovementIntervals													0.09354207191776709
943.3259665789726	0.8659999999999854	WheelMovementIntervals													-0.3848937536633201
946.9458538046156	2.5347490028929087	trials	-1.0	1.0	1.5		1.0	0.2	947.9303644836372	947.9302720590881	948.9805358721743	947.630391699048	947.63139160833	947.5569665789726	
947.5569665789726	2.7100000000000364	WheelMovementIntervals													1.0715730028385337
949.9964103723402	2.9516449240364864	trials	1.0	1.0	1.5	1.0		0.2	951.4003496648362	951.400230787275	952.4479879498591	950.9642558966624	950.9654557878008	951.0299665789726	
951.0299665789726	1.9500000000000455	WheelMovementIntervals													0.46415243210337565
953.4795610257519	2.384759328116047	trials	-1.0	1.0	1.5		0.125	0.2	954.3086858023563	954.3085809548701	955.3642567010161	953.9471519363076	953.9480851849708	954.0139665789726	
954.0139665789726	1.655999999999949	WheelMovementIntervals													0.8134960893761161
955.9299665789725	0.17600000000004457	WheelMovementIntervals													0.026031659772812077
956.3840308473816	2.9965426256027285	trials	1.0	1.0	1.5	0.0625		0.2	957.8288330992006	957.828750434156	958.8805043516608	957.0639358288076	957.0650690593272	956.8729665789726	
956.8729665789726	2.79099999999994	WheelMovementIntervals													1.5154154298309095
959.9000785161699	2.530448064813527	trials	-1.0	1.0	1.5		1.0	0.2	960.881289494561	960.8811963766475	961.9304276435068	960.5974152494115	960.5984151586935	960.7279665789725	
960.7279665789725	1.122000000000071	WheelMovementIntervals													1.1568374963684391
962.9601342220732	2.4377277649764437	trials	-1.0	1.0	1.5		0.125	0.2	963.8379545807093	963.83784349881	964.8978250892816	963.581011225554	963.5820777954548	963.6879665789726	
963.6879665789726	1.6610000000000582	WheelMovementIntervals													1.1181590543733932
965.9217655243219	13.342134364092544	trials	1.0	-1.0	0.0		0.0625	0.2	976.7167861324036	976.7158535121199	978.7638670750588	966.3971223969676	966.3980889759401	966.5149665789726	
966.5149665789726	0.6399999999999864	WheelMovementIntervals													0.15968930265630377
970.3319665789726	0.3300000000000409	WheelMovementIntervals													-0.08409611465022238
972.9209665789726	0.4699999999999136	WheelMovementIntervals													-0.1337315288208316
976.4439665789725	1.1580000000000155	WheelMovementIntervals													-0.7348001447880961
979.7924070927961	2.288038173707946	trials	-1.0	1.0	1.5		0.0	0.2	980.5251406146193	980.5250186753291	981.5803448798757	980.2808961073449	980.2817960256987	980.3749665789726	
980.3749665789726	2.76400000000001	WheelMovementIntervals													1.0350072073831598
982.6083516126628	2.5388481635201288	trials	-1.0	1.0	1.5		0.0	0.2	983.5927956310655	983.592669510377	984.6471333082776	983.3810148451456	983.3821814059745	983.4299665789725	
983.4299665789725	1.5950000000000273	WheelMovementIntervals													1.6751164299288774
985.6690072641353	2.3780416187925084	trials	-1.0	1.0	1.5		0.0	0.2	986.4900327755557	986.489920940771	987.5470035472104	986.2806184416031	986.2814850296475	986.3399665789726	
986.3399665789726	1.40300000000002	WheelMovementIntervals													1.0844770878225063
988.773058978445	2.2904386021929213	trials	-1.0	1.0	1.5		1.0	0.2	989.5080922916167	989.5079707226504	990.5634632084201	989.2976113877633	989.2988112789016	989.3569665789726	
989.3569665789726	1.8530000000000655	WheelMovementIntervals													1.2335359199814633
991.5845039065427	2.396458477825604	trials	-1.0	1.0	1.5		0.125	0.2	992.4269274765973	992.4268237576664	993.480898520406	992.1641846476066	992.1651512265792	992.2009665789726	
992.2009665789726	1.6329999999999245	WheelMovementIntervals													1.0626730977483874
994.500972639556	3.312746690809149	trials	-1.0	-1.0	0.0	0.125		0.2	995.2585039115719	995.2575828466518	997.3136174587921	994.9967609918632	994.9978275617639	995.1179665789726	
995.1179665789726	0.5539999999999736	WheelMovementIntervals													0.5242540771022277
998.3391244183742	2.3418343644298147	trials	-1.0	1.0	1.5		0.0	0.2	999.1309525787615	999.1308353599137	1000.1809239854423	998.9140722555035	998.9151721557137	998.9839665789726	
998.9839665789726	1.3170000000000073	WheelMovementIntervals													0.9390988899888413
1001.2086640757541	3.2881775624615557	trials	-1.0	-1.0	0.0	0.125		0.2	1001.9464971349153	1001.9456810124349	1003.9968111175821	1001.7302500875359	1001.731183336199	1001.8019665789726	
1001.8019665789726	0.5729999999999791	WheelMovementIntervals													0.3437560111910045
1005.0196516524123	2.4446263586099803	trials	-1.0	1.0	1.5		0.0	0.2	1005.9201699517489	1005.9200606242174	1006.9641752330474	1005.6808583302656	1005.6818582395475	1005.7779665789726	
1005.7779665789726	2.395999999999958	WheelMovementIntervals													0.878953096252701
1007.9990813398799	2.714562990432455	trials	1.0	1.0	1.5	0.25		0.2	1009.164908902031	1009.1648075312576	1010.2135470963359	1008.6468559030455	1008.6478558123275	1008.8879665789726	
1008.8879665789726	2.0159999999999627	WheelMovementIntervals													0.5520913251007897
1011.2383541194206	2.5424473812322503	trials	-1.0	1.0	1.5		0.125	0.2	1012.2385633741691	1012.2384719709524	1013.2807021581411	1011.9643549187451	1011.9655214795741	1012.0809665789726	
1012.0809665789726	1.691000000000031	WheelMovementIntervals													0.9148300360335071
1014.3084089181436	2.3386339459108285	trials	-1.0	1.0	1.5		0.25	0.2	1015.1004037300778	1015.1003197357035	1016.1469421148905	1014.8800570546423	1014.8808903123773	1014.9459665789726	
1014.9459665789726	2.3319999999999936	WheelMovementIntervals													1.2109235240902478
1017.1823481763641	2.898747484432647	trials	1.0	1.0	1.5	0.25		0.8	1018.5279594274123	1018.5278692890222	1019.5810638831765	1017.747163599436	1017.7481968390274	1017.8599665789726	
1017.8599665789726	1.5769999999999982	WheelMovementIntervals													0.5980912028936842
1019.7339665789726	0.6709999999999354	WheelMovementIntervals													-0.11172292054318689
1020.6279022407739	3.519059154688648	trials	1.0	-1.0	0.0		0.0625	0.8	1021.5942145708638	1021.5932179189181	1023.6468616751886	1021.1301566731044	1021.1312232430051	1021.2729665789726	
1021.2729665789726	1.0810000000000173	WheelMovementIntervals													-0.5494403473024931
1024.6789680360316	2.818152983417349	trials	1.0	1.0	1.5	0.125		0.8	1025.9424867350306	1025.9423908927095	1026.9970577244085	1025.3306755757062	1025.3315421637506	1025.6099665789725	
1025.6099665789725	2.158000000000129	WheelMovementIntervals													0.8607128838164186
1028.0485289950122	3.7823670628781656	trials	-1.0	-1.0	0.0	0.125		0.8	1029.2828836732872	1029.2819502118675	1031.3308312039867	1028.7641307378042	1028.7652306380144	1028.9389665789727	
1028.9389665789727	1.5269999999998163	WheelMovementIntervals													0.7041568524824413
1032.372403372699	3.608151758950271	trials	-1.0	-1.0	0.0	0.0		0.8	1033.428574216928	1033.427817927608	1035.4805213847553	1033.0802058230918	1033.0812390626832	1033.2479665789726	
1033.2479665789726	0.9900000000000091	WheelMovementIntervals													0.41863295882455986
1036.5184605497432	3.4785615339699234	trials	-1.0	-1.0	0.0	0.125		0.8	1037.4442432236042	1037.4434763809606	1039.4969903188571	1037.1633353759912	1037.164235294345	1037.2739665789725	
1037.2739665789725	1.078000000000202	WheelMovementIntervals													-0.4761237673230312
1040.5367293205525	2.277335742782043	trials	1.0	1.0	1.5	1.0		0.8	1041.2658631689605	1041.265740122145	1042.3139680783152	1040.997454187372	1040.9985874178917	1041.0879665789726	
1041.0879665789726	2.4729999999999563	WheelMovementIntervals													0.8542633591079607
1043.3791714363913	2.901147432521384	trials	1.0	1.0	1.5	0.125		0.8	1044.731015455297	1044.7308926046023	1045.7802869254804	1044.2301942262707	1044.2312607961715	1044.3779665789725	
1044.3779665789725	2.433999999999969	WheelMovementIntervals													0.37887838455642964
1046.825725410083	2.6384670793456735	trials	1.0	1.0	1.5	0.0625		0.8	1047.9196594948608	1047.91955238997	1048.9640980701815	1047.330612936856	1047.331612846138	1047.6559665789725	
1047.6559665789725	2.9420000000000073	WheelMovementIntervals													-0.3397667996314908
1050.0033037869264	3.1940346807621154	trials	1.0	1.0	1.5	0.0625		0.8	1051.6429216971815	1051.6428205621537	1052.6972260440841	1051.230025824349	1051.2309590730122	1051.2989665789726	
1051.2989665789726	2.844000000000051	WheelMovementIntervals													0.5551225689851691
1053.96534432578	2.481350027190274	trials	1.0	1.0	1.5	1.0		0.8	1054.9045591143285	1054.9044625026625	1055.946631237682	1054.6465491892725	1054.6476157591733	1054.7749665789727	
1054.7749665789727	2.42899999999986	WheelMovementIntervals													0.8806318040884662
1056.9934029346605	2.9530435761359968	trials	1.0	1.0	1.5	1.0		0.8	1058.4024417644946	1058.4023227709552	1059.4464137154837	1058.0305088419134	1058.031308769339	1058.1729665789726	
1058.1729665789726	1.4390000000000782	WheelMovementIntervals													-0.31914513221775564
1060.3439665789726	0.05499999999983629	WheelMovementIntervals													0.0064108908011917265
1060.4919521910144	8.554864811823109	trials	1.0	1.0	1.5	0.0625		0.8	1067.5112820200911	1067.5111857774875	1068.5467214118742	1061.2308184897668	1061.2316184171925	1067.2659665789727	
1067.2659665789727	2.5389999999999873	WheelMovementIntervals													1.4356745435508884
1069.6029255864125	2.5276472959453713	trials	1.0	1.0	1.5	0.0625		0.8	1070.5911359297775	1070.5910432936796	1071.6304416374505	1070.1803731967466	1070.1813064454097	1070.3739665789726	
1070.3739665789726	2.8279999999999745	WheelMovementIntervals													0.7914169712378936
1072.6709805665716	3.1088596303052327	trials	1.0	1.0	1.5	1.0		0.8	1074.2180068773166	1074.2179092426725	1075.2797438832151	1073.72995115679	1073.7309843963815	1073.8539665789726	
1073.8539665789726	0.9529999999999745	WheelMovementIntervals													-0.3630968479014882
1076.3318484296976	2.481922007108551	trials	1.0	1.0	1.5	0.0625		0.8	1077.272063127528	1077.2719560080318	1078.31366862655	1076.9135623196348	1076.914662219845	1077.0239665789725	
1077.0239665789725	1.1200000000001182	WheelMovementIntervals													0.8317778542348435
1078.5699665789725	0.5700000000001637	WheelMovementIntervals													-0.2736549642608139
1079.36867290995	2.694662420957229	trials	1.0	1.0	1.5	0.0625		0.8	1080.5212016786509	1080.521098750171	1081.5632738020042	1080.0633098881303	1080.0643431277217	1080.1509665789727	
1080.1509665789727	1.4510000000000218	WheelMovementIntervals													0.9926965221189761
1082.0749665789726	0.8139999999998508	WheelMovementIntervals													-0.4084427095218359
1082.6092455715573	2.7881550743475145	trials	1.0	1.0	1.5	0.125		0.8	1083.8495663752146	1083.8494691800213	1084.8972713208561	1083.4803998683135	1083.4813331169767	1083.5799665789725	
1083.5799665789725	2.423000000000002	WheelMovementIntervals													1.6117590555112145
1085.9498091613607	2.3134342626649413	trials	1.0	1.0	1.5	0.25		0.8	1086.730105034696	1086.7300200420166	1087.763211304821	1086.446430771403	1086.447364020066	1086.5839665789726	
1086.5839665789726	1.7049999999999272	WheelMovementIntervals													1.8467979475652783
1088.8063499980751	2.3235334973308	trials	1.0	1.0	1.5	0.25		0.8	1089.5644478853508	1089.564360599739	1090.6298178949737	1089.2972387949005	1089.298038722326	1089.3299665789725	
1089.3299665789725	1.5450000000000728	WheelMovementIntervals													0.5971152129729802
1091.6808892018648	2.499648576015261	trials	1.0	1.0	1.5	0.125		0.8	1092.6241036275412	1092.6240067749984	1093.6804411233172	1092.396757587132	1092.3976908357952	1092.4489665789727	
1092.4489665789727	2.3579999999999472	WheelMovementIntervals													0.867925040636436
1094.7289459963845	2.567643936390141	trials	1.0	1.0	1.5	0.125		0.8	1095.7410541715883	1095.7409625252806	1096.79652507932	1095.4132505786513	1095.4143838091707	1095.5299665789726	
1095.5299665789726	0.8269999999999982	WheelMovementIntervals													0.8146940717284679
1096.6559665789725	0.9790000000000418	WheelMovementIntervals													-0.28527023613564495
1097.842496848873	2.453951927025855	trials	1.0	1.0	1.5	0.0625		0.8	1098.7311162277542	1098.7310149262707	1099.7964195767586	1098.430043542955	1098.4310434522367	1098.5159665789727	
1098.5159665789727	1.9149999999999636	WheelMovementIntervals													1.5264602943005485
1100.8435579071404	3.6866440867586334	trials	1.0	1.0	1.5	0.0		0.8	1102.9717981531817	1102.9716822018245	1104.030168797831	1102.7469852162867	1102.7480517861875	1102.8359665789726	
1101.4169665789725	0.6210000000000946	WheelMovementIntervals													-0.49663828835151946
1102.8359665789726	1.4710000000000036	WheelMovementIntervals													1.16750415923174
1105.086006338966	2.2939621417722265	trials	1.0	1.0	1.5	1.0		0.8	1105.8116405048872	1105.8115253602039	1106.879843590809	1105.5631297180098	1105.5641296272918	1105.6629665789726	
1105.6629665789726	2.2549999999998818	WheelMovementIntervals													-0.5186175802902113
1107.9363810684415	3.576652872589875	trials	1.0	-1.0	0.0		0.125	0.8	1108.9570884634702	1108.95609557237	1111.0129352774973	1108.6138529372815	1108.6147195253259	1108.7389665789726	
1108.7389665789726	0.3389999999999418	WheelMovementIntervals													-0.3637740046111446
1112.0653397967642	3.265148216600437	trials	1.0	1.0	1.5	1.0		0.8	1113.7742514202591	1113.7741639843478	1114.830388934179	1113.5135750704512	1113.5144083281862	1113.5969665789726	
1112.3679665789725	0.4450000000001637	WheelMovementIntervals													-0.3723447543868872
1113.5969665789726	1.594000000000051	WheelMovementIntervals													0.7090068477881886
1115.8791937800306	2.3343326136782707	trials	1.0	1.0	1.5	0.25		0.8	1116.6474240813636	1116.6473038534343	1117.7135273577933	1116.3965801728282	1116.3974134305631	1116.4929665789725	
1116.4929665789725	2.008000000000038	WheelMovementIntervals													0.9418946800051771
1118.7682316684088	2.3948538178478884	trials	1.0	1.0	1.5	0.25		0.8	1119.609455347325	1119.6093498678224	1120.6629930971114	1119.2964837420702	1119.2974169907334	1119.4089665789727	
1119.4089665789727	1.5739999999998417	WheelMovementIntervals													0.4915457248067554
1121.3219665789725	0.8130000000001019	WheelMovementIntervals													-0.5489953781809191
1121.7347958564485	2.778961629722744	trials	1.0	1.0	1.5	1.0		0.8	1122.9569183111741	1122.9568220781437	1124.0136891009724	1122.6802100825453	1122.6810766705898	1122.7769665789726	
1122.7769665789726	1.4919999999999618	WheelMovementIntervals													-0.38654051565727343
1124.6719665789726	0.6710000000000491	WheelMovementIntervals													-0.06741894211640442
1125.3003723650033	2.380128440972385	trials	1.0	1.0	1.5	0.125		0.8	1126.1263640925245	1126.126281540072	1127.1804351272613	1125.813092514485	1125.814092423767	1125.9209665789726	
1125.9209665789726	0.6720000000000255	WheelMovementIntervals													-0.37024132753730044
1128.2463050915253	3.350570426940294	trials	1.0	-1.0	0.0		0.25	0.8	1129.036433406133	1129.0354212072293	1131.0968131422385	1128.7798233540718	1128.7807899330444	1128.8079665789726	
1128.8079665789726	0.6159999999999854	WheelMovementIntervals													-0.5743159516543557
1132.1449847122117	3.5684525746514737	trials	1.0	1.0	1.5	0.0625		0.8	1134.162401679502	1134.1623133032292	1135.2134063257743	1133.9463212836695	1133.947454514189	1134.0199665789726	
1132.5469665789726	0.7380000000000564	WheelMovementIntervals													-0.42171247892785857
1134.0199665789726	2.04099999999994	WheelMovementIntervals													0.7224444328100077
1136.2759432590983	2.487149103660613	trials	1.0	1.0	1.5	1.0		0.8	1137.2079587008168	1137.2078609085158	1138.262962984217	1136.9629809267358	1136.9637808541613	1137.0379665789726	
1137.0379665789726	3.51299999999992	WheelMovementIntervals													-0.8053159575088813
1139.3155008247213	4.814071873898001	trials	1.0	-1.0	0.0		1.0	0.8	1141.5791287875406	1141.57813366573	1143.6295427611356	1141.1300695290106	1141.1311360989114	1141.2349665789725	
1141.2349665789725	0.7560000000000855	WheelMovementIntervals													-0.41294384265016504
1144.6999789777874	2.56294272054015	trials	1.0	1.0	1.5	0.0625		0.8	1145.7080875158633	1145.707994993345	1146.7628584870974	1145.1803353968428	1145.1811353242683	1145.3829665789726	
1145.3829665789726	2.2369999999998527	WheelMovementIntervals													0.9443861237449056
1147.8171295036907	2.3959534673874714	trials	1.0	1.0	1.5	0.0625		0.8	1148.6591531100325	1148.6590479403012	1149.7129908326037	1148.3301496259571	1148.331149535239	1148.4649665789725	
1148.4649665789725	2.33400000000006	WheelMovementIntervals													-0.3662397830906059
1150.7856935102945	2.4272245152722007	trials	1.0	1.0	1.5	0.125		0.8	1151.652014912188	1151.6519015453607	1152.7128853300421	1151.2965471624498	1151.297480411113	1151.4319665789726	
1151.4319665789726	0.8199999999999363	WheelMovementIntervals													0.7734571450634036
1152.4499665789726	0.3489999999999327	WheelMovementIntervals													0.06469530743751761
1153.0459665789726	0.25700000000006185	WheelMovementIntervals													-0.07465146663264477
1153.7856213380423	2.4605492583684736	trials	1.0	1.0	1.5	0.0		0.8	1154.6969386576243	1154.696838839278	1155.7461434671889	1154.396799221488	1154.3978324610794	1154.4919665789726	
1154.4919665789726	1.9270000000001346	WheelMovementIntervals													1.5017142517568942
1156.8177795749789	2.5950395273446247	trials	1.0	1.0	1.5	0.25		0.8	1157.8516191119106	1157.8514945237212	1158.9127895025495	1157.5467134415305	1157.5478466720501	1157.6329665789726	
1157.6329665789726	2.1779999999998836	WheelMovementIntervals													0.6195417151930371
1159.986725401688	2.8434499908639737	trials	1.0	1.0	1.5	0.0		0.8	1161.2716754896305	1161.2715470865085	1162.3300794645893	1160.9967337673997	1160.9975003645159	1161.1109665789727	
1161.1109665789727	2.255999999999858	WheelMovementIntervals													-0.3788842620514856
1163.3942829133832	2.469348544011382	trials	1.0	1.0	1.5	0.0		0.8	1164.3079000243138	1164.307800131996	1165.363604244211	1163.8627404119834	1163.8638403121936	1164.0009665789726	
1164.0009665789726	2.0190000000000055	WheelMovementIntervals													0.5259241289258938
1166.4363402522113	2.410352664310267	trials	1.0	1.0	1.5	0.125		0.8	1167.2838633596039	1167.2837580644757	1168.3466669354032	1166.9459940132283	1166.9468606012726	1167.0679665789726	
1167.0679665789726	1.45900000000006	WheelMovementIntervals													0.7887396947873242
1169.4193029524752	2.4775478446133548	trials	1.0	1.0	1.5	0.0625		0.8	1170.3391195009538	1170.339019970944	1171.3967902091058	1169.896093028425	1169.896859625541	1170.0659665789726	
1170.0659665789726	2.078999999999951	WheelMovementIntervals													1.3418031192499882
1172.47095942041	2.2926340106478165	trials	1.0	1.0	1.5	0.0625		0.8	1173.2045595302775	1173.2044696619653	1174.2634634598774	1172.9459829899617	1172.9468829083155	1173.0379665789726	
1173.0379665789726	1.0760000000000218	WheelMovementIntervals													0.6749525344376508
1174.9289665789727	0.11599999999998545	WheelMovementIntervals													0.031556670501402095
1175.3365994315902	3.726369703030514	trials	1.0	1.0	1.5	1.0		0.8	1177.5047360579817	1177.5046388218946	1178.5628733904655	1177.2628246723655	1177.2638912422663	1177.3459665789726	
1175.3729665789726	1.2409999999999854	WheelMovementIntervals													-0.7292803964873258
1177.3459665789726	1.8820000000000618	WheelMovementIntervals													0.6809635429541885
1179.6220772928498	2.391128208295413	trials	1.0	1.0	1.5	0.25		0.8	1180.4557683218418	1180.4556864297392	1181.5131390572092	1180.1633948477954	1180.1642281055306	1180.2229665789725	
1180.2229665789725	1.740000000000009	WheelMovementIntervals													0.6941870738733087
1182.572309629284	2.3080339982443547	trials	1.0	1.0	1.5	0.125		0.8	1183.3191418719828	1183.3190199815667	1184.3802456020028	1183.0628984533248	1183.0638983626068	1183.1749665789725	
1183.1749665789725	2.3740000000000236	WheelMovementIntervals													1.423302339600994
1185.4406493955255	3.455859962157092	trials	1.0	-1.0	0.0		0.0625	0.8	1186.3495669328306	1186.3487646265587	1188.39641456332	1186.0794247751535	1186.080224702579	1186.1769665789725	
1186.1769665789725	0.5520000000001346	WheelMovementIntervals													-0.43733839955852716
1189.471717005144	2.590967401643411	trials	1.0	1.0	1.5	0.125		0.8	1190.5018568777325	1190.501743005237	1191.5625606440396	1190.1460224945909	1190.1469224129446	1190.2609665789726	
1190.2609665789726	2.605000000000018	WheelMovementIntervals													1.3938699445504028
1192.6334968153324	3.6791429148393036	trials	1.0	-1.0	0.0		0.0	0.8	1193.76126116415	1193.760309346336	1195.812575056099	1193.3631639486907	1193.364263848901	1193.5149665789727	
1193.5149665789727	0.5529999999998836	WheelMovementIntervals													-0.40672782899075344
1196.888244131326	3.624376517501105	trials	1.0	-1.0	0.0		0.0	0.8	1197.9603135331383	1197.9592661516333	1200.0125606737504	1197.6299435063775	1197.6309434156594	1197.7329665789725	
1197.7329665789725	0.6620000000000346	WheelMovementIntervals													-0.39885536114744014
1201.0816303477168	3.281945235906278	trials	1.0	1.0	1.5	1.0		0.8	1202.8023742310484	1202.8022530149692	1203.8634779610684	1202.5631959308025	1202.5642958310127	1202.6599665789727	
1201.4839665789725	0.5130000000001473	WheelMovementIntervals													0.08018737214382554
1202.6599665789727	2.2749999999998636	WheelMovementIntervals													1.378988321781378
1204.9314810651338	14.198051587385862	trials	1.0	-1.0	0.0		0.0625	0.8	1216.5739914502988	1216.5729857110102	1218.6294716309224	1205.396172238772	1205.396938835888	1205.5729665789727	
1205.5729665789727	0.3729999999998199	WheelMovementIntervals													0.2525556437784928
1209.8799665789727	0.4459999999999127	WheelMovementIntervals													-0.06257404682069989
1213.4519665789726	0.4210000000000491	WheelMovementIntervals													-0.04998055015100533
1216.3379665789726	0.6829999999999927	WheelMovementIntervals													-0.3963055166367013
1219.7045407605804	2.3088329032232195	trials	1.0	1.0	1.5	0.25		0.8	1220.462638647856	1220.4625509063803	1221.5133099910342	1220.179730981679	1220.1806642303422	1220.3119665789725	
1220.3119665789725	2.1829999999999927	WheelMovementIntervals													1.3060100671121404
1222.5860793293439	2.6607619118512957	trials	1.0	1.0	1.5	0.25		0.8	1223.6967118991306	1223.6966043348166	1224.7467832967395	1223.2292543098124	1223.2303208797132	1223.3119665789725	
1223.3119665789725	1.872000000000071	WheelMovementIntervals													0.82292093110145
1225.8239522358897	2.572241071677581	trials	-1.0	1.0	1.5		1.0	0.8	1226.835860429237	1226.835767605104	1227.8961309015222	1226.3959336754824	1226.3970002453832	1226.6129665789726	
1226.6129665789726	2.9120000000000346	WheelMovementIntervals													1.2469690789992427
1228.9711000402522	2.8748461270706684	trials	-1.0	1.0	1.5		1.0	0.8	1230.2955132145228	1230.295420367732	1231.345851254607	1229.87931764106	1229.8803508806513	1230.0249665789727	
1230.0249665789727	1.8159999999998035	WheelMovementIntervals													0.9617648771879743
1232.4277530976917	3.5019573942133775	trials	1.0	-1.0	0.0		0.0	0.8	1233.3840330046526	1233.3831682105165	1235.4296807440037	1233.0294985035775	1233.030365091622	1233.1909665789726	
1233.1909665789726	0.79099999999994	WheelMovementIntervals													-0.6249550995823228
1235.0279665789726	0.10300000000006548	WheelMovementIntervals													0.017599792521366453
1236.494917432389	2.5678424289417308	trials	-1.0	1.0	1.5		1.0	0.2	1237.5128250814282	1237.5127330608375	1238.562696497181	1237.129259880867	1237.130359781077	1237.2999665789725	
1237.2999665789725	1.7139999999999418	WheelMovementIntervals													0.7767303974231936
1239.6371656812698	2.3752540520808907	trials	-1.0	1.0	1.5		0.25	0.2	1240.4583911745467	1240.4582836755135	1241.512328888046	1240.1297209935653	1240.1307209028473	1240.2799665789726	
1240.2799665789726	1.5170000000000528	WheelMovementIntervals													0.8094092487346103
1242.0319665789725	0.21400000000016917	WheelMovementIntervals													-0.015887584668931254
1242.5964305315513	3.749565043965731	trials	1.0	-1.0	0.0		0.0625	0.2	1243.7993880583726	1243.7983507402464	1245.8459023857679	1243.3298639898717	1243.3310305507007	1243.5349665789727	
1243.5349665789727	0.5869999999999891	WheelMovementIntervals													-0.47251400974897706
1246.5609665789725	1.12700000000018	WheelMovementIntervals													-0.432163104879578
1246.9359034940367	3.5100557380014834	trials	-1.0	1.0	1.5		0.125	0.2	1248.8919260314144	1248.8918334387936	1249.9459304055324	1248.4129028247348	1248.41373608247	1248.4759665789727	
1248.4759665789727	1.5449999999998454	WheelMovementIntervals													1.0106515637367295
1251.0225660597323	2.6233365396633417	trials	1.0	1.0	1.5	0.125		0.2	1252.0877027571896	1252.0875800820377	1253.1458400896731	1251.496423068455	1251.4973896474276	1251.6259665789726	
1251.6259665789726	2.8040000000000873	WheelMovementIntervals													0.5915209856673442
1254.231008303079	3.7652645721893805	trials	1.0	-1.0	0.0		0.0	0.2	1255.4457314291183	1255.444928476334	1257.4961787330226	1254.912913103069	1254.913746360804	1255.0679665789726	
1255.0679665789726	0.7999999999999545	WheelMovementIntervals													-0.4477495684378141
1258.578380548892	3.7347653790152435	trials	1.0	-1.0	0.0		0.125	0.2	1259.7557403980952	1259.7549005144506	1261.8130537457357	1259.245753333984	1259.246753243266	1259.5669665789726	
1259.5669665789726	0.6649999999999636	WheelMovementIntervals													-0.4906003486691759
1262.9115540829011	3.534782052548735	trials	1.0	-1.0	0.0		0.0625	0.2	1263.8914318489165	1263.8903762503808	1265.9462454233521	1263.462404106335	1263.4634373459264	1263.6279665789725	
1263.6279665789725	0.6880000000001019	WheelMovementIntervals													-0.5430154649715604
1267.0277473027243	2.6511334222977894	trials	-1.0	1.0	1.5		0.125	0.2	1268.1381465603451	1268.1380604626017	1269.1787854803943	1267.5291351470103	1267.5301017259828	1267.6489665789727	
1267.6489665789727	2.6769999999999072	WheelMovementIntervals													1.3265750287353626
1270.2772858175597	2.3517543721532093	trials	-1.0	1.0	1.5		1.0	0.2	1271.0869123631658	1271.0868038450385	1272.1290178168285	1270.8125705865043	1270.8134371745487	1270.8399665789725	
1270.8399665789725	2.689000000000078	WheelMovementIntervals													0.8685453133247591
1273.2272515115187	2.818549259430256	trials	-1.0	1.0	1.5		1.0	0.2	1274.4920700925843	1274.491972717465	1275.5456745029896	1274.1794317904237	1274.1804650300148	1274.3429665789727	
1274.3429665789727	0.7409999999999854	WheelMovementIntervals													0.8520889297164587
1276.6383087057009	2.357427481959121	trials	-1.0	1.0	1.5		0.0625	0.2	1277.4439022838696	1277.443817412624	1278.4956068666393	1277.1462626209384	1277.147129208983	1277.2739665789727	
1277.2739665789727	1.5279999999997926	WheelMovementIntervals													0.9048128208273312
1279.592940642976	2.5027450537925233	trials	1.0	1.0	1.5	0.25		0.2	1280.553353508302	1280.553257162944	1281.5955922832024	1280.162788942767	1280.163788852049	1280.3809665789727	
1280.3809665789727	0.9829999999999472	WheelMovementIntervals													0.8266848499959281
1282.681393772487	2.481048780793799	trials	1.0	1.0	1.5	0.125		0.2	1283.6143091325591	1283.6142113609953	1284.6624140419137	1283.2294440499313	1283.2304772895227	1283.4259665789725	
1283.4259665789725	2.5800000000001546	WheelMovementIntervals													0.666154202801323
1286.0274568633413	2.4015519675465384	trials	1.0	1.0	1.5	0.25		0.2	1286.886778900261	1286.886674740535	1287.9288843539239	1286.5463431200617	1286.5471430474875	1286.7519665789725	
1286.7519665789725	1.5570000000000164	WheelMovementIntervals													0.703288907948064
1289.0161190465124	2.5971382281045408	trials	1.0	1.0	1.5	0.0625		0.2	1290.057124599965	1290.0570335664788	1291.113128792647	1289.6463951972437	1289.6474950974539	1289.7679665789726	
1289.7679665789726	2.2280000000000655	WheelMovementIntervals													1.1330581784004465
1292.200563467092	4.179160901340083	trials	1.0	-1.0	0.0		0.0625	0.2	1293.8308155604059	1293.829886430866	1295.8796630094594	1292.6622215825748	1292.663154831238	1293.5519665789725	
1293.5519665789725	0.8160000000000309	WheelMovementIntervals													-0.5610966269588573
1296.9706306967007	3.4415599702588224	trials	-1.0	-1.0	0.0	0.125		0.2	1297.8565503205207	1297.8555456023676	1299.912163822382	1297.5621770279104	1297.5631769371923	1297.6319665789727	
1297.6319665789727	0.6569999999999254	WheelMovementIntervals													0.5315841694767585
1300.9989985512577	4.880894066884139	trials	-1.0	-1.0	0.0	0.0625		0.2	1303.3275206264764	1303.3267424588134	1305.3798344277072	1302.99578405703	1302.9968506269308	1303.0629665789727	
1301.2439665789725	1.0950000000000273	WheelMovementIntervals													0.8548031283221746
1303.0629665789727	0.8479999999999563	WheelMovementIntervals													0.8128185043109113
1306.4740018246507	2.27213391546843	trials	-1.0	1.0	1.5		0.0625	0.2	1307.1938031864272	1307.1937119340396	1308.2460743844565	1306.928760566088	1306.9298604662981	1306.9959665789727	
1306.9959665789727	1.7729999999999109	WheelMovementIntervals													1.0264347453414473
1309.3373420444825	3.4919551169373335	trials	-1.0	-1.0	0.0	0.125		0.2	1310.2788566243796	1310.2778563508632	1312.3292372676653	1309.845695923433	1309.8465291811679	1309.9089665789727	
1309.9089665789727	1.1769999999999072	WheelMovementIntervals													0.4201281837676447
1313.4278042654496	3.5843765816387076	trials	1.0	-1.0	0.0		0.0	0.2	1314.4422122320018	1314.4413253542114	1316.5120577759765	1314.0121512498292	1314.01321781973	1314.2669665789726	
1314.2669665789726	0.875	WheelMovementIntervals													-0.8028906347836937
1317.6118913255177	3.43415941513922	trials	1.0	-1.0	0.0		0.0	0.2	1318.483545576915	1318.482805886193	1320.545991792203	1318.1960049977317	1318.196871585776	1318.2989665789726	
1318.2989665789726	0.6739999999999782	WheelMovementIntervals													-0.5471377621137492
1321.6449587537002	2.600335754130583	trials	-1.0	1.0	1.5		0.0	0.2	1322.6822646428095	1322.682172217438	1323.7452682004653	1322.3620936907246	1322.3632269212442	1322.5419665789725	
1322.5419665789725	1.3170000000000073	WheelMovementIntervals													0.7743719294617506
1324.8495013508473	2.7458537748123035	trials	1.0	1.0	1.5	0.25		0.2	1326.0281277518075	1326.0280240018392	1327.0953309284475	1325.5125411957174	1325.5135744353088	1325.6279665789725	
1325.6279665789725	2.70900000000006	WheelMovementIntervals													1.39389774948161
1328.1935646231377	9.58566728654614	trials	-1.0	1.0	1.5		0.125	0.2	1336.2176032987318	1336.2175029806476	1337.2791736530835	1328.929231212188	1328.9302977820887	1329.1329665789726	
1329.1329665789726	0.5059999999998581	WheelMovementIntervals													-0.17770709813585484
1335.2529665789725	2.560000000000173	WheelMovementIntervals													1.1973328755867243
1338.3816402970674	2.347527754680641	trials	-1.0	1.0	1.5		0.25	0.2	1339.1696354718736	1339.1695489411977	1340.229106016733	1338.8454982129704	1338.8465981131806	1338.9559665789725	
1338.9559665789725	1.6560000000001764	WheelMovementIntervals													1.2932316702309237
1341.331572660717	2.580564150119926	trials	-1.0	1.0	1.5		0.0625	0.2	1342.356812977824	1342.3566973497457	1343.4120172430805	1341.8620911954176	1341.862957783462	1341.9829665789725	
1341.9829665789725	2.0879999999999654	WheelMovementIntervals													1.1124444230453605
1344.5252495770003	2.720228349396848	trials	-1.0	1.0	1.5		0.0	0.2	1345.6829445436579	1345.682860790161	1346.7454148163633	1345.0625674948183	1345.0636340647188	1345.0889665789725	
1345.0889665789725	2.132000000000062	WheelMovementIntervals													1.6605337092057937
1347.8448817325013	2.4675457479270335	trials	-1.0	1.0	1.5		0.0	0.2	1348.7623984896313	1348.762297997675	1349.8123698963122	1348.46255902628	1348.4636255961805	1348.5259665789727	
1348.5259665789727	2.144999999999982	WheelMovementIntervals													1.054380845089753
1350.918336222783	2.3270557524406286	trials	-1.0	1.0	1.5		1.0	0.2	1351.6862665513313	1351.6861539585323	1352.7452704718592	1351.4454217356156	1351.44628832366	1351.5799665789725	
1351.5799665789725	2.0340000000001055	WheelMovementIntervals													1.1787542492029672
1353.84680386718	2.415922723175072	trials	-1.0	1.0	1.5		0.0625	0.2	1354.6995931634574	1354.6995111814879	1355.762663381732	1354.4628146454884	1354.4639812063174	1354.5149665789727	
1354.5149665789727	0.7880000000000109	WheelMovementIntervals													0.9855156977023825
1355.4649665789725	1.2789999999999964	WheelMovementIntervals													-0.45263994206661096
1356.8678297807774	2.5440674921953814	trials	-1.0	1.0	1.5		0.25	0.2	1357.8472742527701	1357.8471549916485	1358.9118110046584	1357.5783986468502	1357.5793318955134	1357.6489665789727	
1357.6489665789727	1.7029999999999745	WheelMovementIntervals													0.639800455872944
1360.016010824731	2.596036972664251	trials	-1.0	1.0	1.5		0.0625	0.2	1361.0448174849437	1361.0447246831102	1362.1119873312741	1360.7789416068695	1360.7800415070797	1360.9109665789726	
1360.9109665789726	1.3799999999998818	WheelMovementIntervals													1.115623565905409
1363.2150539208274	2.3640264214022864	trials	-1.0	1.0	1.5		0.125	0.2	1364.0153813101113	1364.0152621873203	1365.0790181436455	1363.7625709133213	1363.7636708135315	1363.8749665789726	
1363.8749665789726	1.1169999999999618	WheelMovementIntervals													0.8446948669390082
1366.1836845880498	2.8282729859920437	trials	1.0	1.0	1.5	1.0		0.2	1367.4591355378134	1367.459016597233	1368.5119066904838	1366.8787881905616	1366.8796881089154	1366.9359665789725	
1366.9359665789725	1.83400000000006	WheelMovementIntervals													0.5830511296692151
1369.6371712660964	2.5587418809777773	trials	-1.0	1.0	1.5		0.125	0.2	1370.6394803303372	1370.639386886796	1371.6958844867318	1370.112428147814	1370.113361396477	1370.2469665789727	
1370.2469665789727	1.6720000000000255	WheelMovementIntervals													0.6953719639680003
1372.7619665789725	0.41200000000003456	WheelMovementIntervals													0.05212073691417629
1373.086125022065	3.6090456410152	trials	-1.0	-1.0	0.0	0.0625		0.2	1374.136363071221	1374.1354377104806	1376.1950762918564	1373.8453228095507	1373.846356049142	1373.9369665789725	
1373.9369665789725	0.6390000000001237	WheelMovementIntervals													0.5812548396553154
1377.3006759849238	3.495282403688634	trials	1.0	-1.0	0.0		0.0625	0.2	1378.244357034932	1378.2435976754123	1380.2959042390464	1377.7959977128992	1377.7970309524906	1377.8719665789727	
1377.8719665789727	1.1579999999999018	WheelMovementIntervals													-0.6090034062972478
1381.4039703750095	3.47515379354968	trials	1.0	-1.0	0.0		0.125	0.2	1382.3173875040834	1382.3165839765654	1384.3791004525647	1382.1117061647835	1382.1127060740653	1382.0559665789726	
1382.0559665789726	0.821999999999889	WheelMovementIntervals													-0.8264524098190122
1385.5063315164318	3.5060532817406056	trials	1.0	-1.0	0.0		0.0625	0.2	1386.4483793812794	1386.4474452817537	1388.5123254604903	1386.1952356813956	1386.1964022422246	1386.2769665789726	
1386.2769665789726	0.8969999999999345	WheelMovementIntervals													-0.5349482386115909
1389.6194916780996	2.558939090248032	trials	1.0	1.0	1.5	0.25		0.2	1390.6271002615345	1390.627006281404	1391.6783715502818	1390.1783076454797	1390.1794075456899	1390.3169665789726	
1390.3169665789726	1.9329999999999927	WheelMovementIntervals													0.6217040931844906
1392.7569665789727	1.0979999999999563	WheelMovementIntervals													-0.6171155349257731
1392.7874375955269	3.6076739368882045	trials	-1.0	1.0	1.5		0.25	0.2	1394.845484209974	1394.8453786307969	1395.8950889832515	1394.3791265208663	1394.3800597695295	1394.4549665789725	
1394.4549665789725	2.5410000000001673	WheelMovementIntervals													1.3728252898430071
1397.0043216800434	14.257841865100545	trials	-1.0	1.0	1.5		0.0625	0.2	1409.7069358859465	1409.706835379266	1410.7621401512029	1397.6958256091402	1397.6967588578034	1397.8849665789726	
1397.8849665789726	0.26299999999991996	WheelMovementIntervals													-0.11521114542014743
1404.9109665789726	0.2819999999999254	WheelMovementIntervals													0.07602015424699005
1409.1609665789726	2.02800000000002	WheelMovementIntervals													1.5621146534635386
1411.881171958958	2.4640455034145816	trials	-1.0	1.0	1.5		0.125	0.2	1412.7960889519547	1412.7959881102938	1413.8451271099725	1412.528413237173	1412.5294464767644	1412.6559665789725	
1412.6559665789725	1.7329999999999472	WheelMovementIntervals													1.3990082898846623
1414.9567262587318	2.3890508898007283	trials	-1.0	1.0	1.5		1.0	0.2	1415.7859510262642	1415.7858432258727	1416.8457215439084	1415.4956107010914	1415.4968105922298	1415.6309665789727	
1415.6309665789727	1.8799999999998818	WheelMovementIntervals													1.2461615643775872
1417.9545876072968	2.5738384795790807	trials	-1.0	1.0	1.5		0.125	0.2	1418.9773948118177	1418.9773021024544	1420.0283661277806	1418.6283264814842	1418.6291597392192	1418.6719665789726	
1418.6719665789726	2.4039999999999964	WheelMovementIntervals													0.9195348523116422
1421.1322326447591	11.179787668181916	trials	-1.0	1.0	1.5		0.25	0.2	1430.7604924420266	1430.7603925443025	1431.8118970520115	1421.628654272945	1421.6294875306799	1425.9729665789725	
1425.9729665789725	0.4370000000001255	WheelMovementIntervals													0.12346256771630237
1430.6849665789725	1.150000000000091	WheelMovementIntervals													0.8832395915441396
1432.9334286329718	2.328928025231562	trials	-1.0	1.0	1.5		0.0625	0.2	1433.7141244700197	1433.7140373560935	1434.7623293703023	1433.4954776403636	1433.496510879955	1433.5709665789725	
1433.5709665789725	1.7150000000001455	WheelMovementIntervals													1.0874723925578422
1435.8774615318578	2.467445051446475	trials	-1.0	1.0	1.5		0.25	0.2	1436.7871789965884	1436.7870774026383	1437.8448830350499	1436.5283691441068	1436.5291690715324	1436.5889665789725	
1436.5889665789725	1.6800000000000637	WheelMovementIntervals													0.9011830657302937
1438.9589152963952	2.319254871041494	trials	-1.0	1.0	1.5		0.125	0.2	1439.7197462690415	1439.7196326381365	1440.7781169136908	1439.462202968317	1439.4632028775989	1439.5769665789726	
1439.5769665789726	1.5630000000001019	WheelMovementIntervals													0.8759336084011693
1441.8951822331915	3.78325937945192	trials	-1.0	-1.0	0.0	0.25		0.2	1443.1225375464926	1443.1216008338795	1445.1783843605197	1442.5453232483242	1442.5461898363687	1442.6659665789725	
1442.6659665789725	0.9020000000000437	WheelMovementIntervals													0.6597035875143149
1446.3021490722094	2.509640264435575	trials	-1.0	1.0	1.5		0.0	0.2	1447.264761737956	1447.2646637476519	1448.311733416791	1447.0119513411662	1447.0128845898294	1447.1279665789725	
1447.1279665789725	0.7070000000001073	WheelMovementIntervals													0.9263988437024295
1448.4779665789727	0.37400000000002365	WheelMovementIntervals													-0.044147617453262455
1449.0269665789726	0.24700000000007094	WheelMovementIntervals													-0.05136089356884099
1449.4475970307924	2.4472461587774887	trials	-1.0	1.0	1.5		1.0	0.2	1450.3418159016528	1450.341713164468	1451.3947870361794	1450.128968545832	1450.1298684641858	1450.1809665789726	
1450.1809665789726	1.2429999999999382	WheelMovementIntervals													1.910387683719165
1452.5121523284647	20.649359857399304	trials	-1.0	1.0	1.5		0.0625	0.2	1471.6094863653109	1471.6093832871702	1472.661390929937	1452.9788099903571	1452.979876560258	1453.1059665789726	
1453.1059665789726	0.8240000000000691	WheelMovementIntervals													0.18282966524216704
1457.2319665789726	0.49299999999993815	WheelMovementIntervals													-0.23894518317644042
1462.3119665789725	0.5390000000002146	WheelMovementIntervals													0.21422253540737302
1467.6679665789727	0.5149999999998727	WheelMovementIntervals													0.15652479451324552
1471.4979665789726	3.0860000000000127	WheelMovementIntervals													2.17436051426057
1473.7973212045572	3.297739884701514	trials	-1.0	1.0	1.5		0.25	0.2	1475.5451292991206	1475.545041282506	1476.595000714873	1475.3119504545666	1475.3129170335392	1475.3829665789726	
1475.3829665789726	1.780999999999949	WheelMovementIntervals													0.7909901196237286
1477.710666161379	2.7183534690254874	trials	1.0	1.0	1.5	1.0		0.2	1478.879093487663	1478.87898828227	1479.928898242797	1478.278814615391	1478.2799478459106	1478.3829665789726	
1478.3829665789726	2.04099999999994	WheelMovementIntervals													1.4175949874325227
1480.8149665789726	0.724999999999909	WheelMovementIntervals													-0.1917926909169978
1481.0543294699567	4.1070622261033805	trials	1.0	-1.0	0.0		0.125	0.2	1482.6162877593124	1482.6153523608505	1484.6613022227848	1481.9282168520838	1481.9292834219846	1482.0019665789725	
1482.0019665789725	1.0620000000001255	WheelMovementIntervals													-0.41422007999537414
1485.7985990400905	3.6961635425193435	trials	1.0	-1.0	0.0		0.0	0.2	1486.9409620644249	1486.939918043483	1488.9946757386504	1486.428475227109	1486.429308484844	1486.4919665789726	
1486.4919665789726	1.1980000000000928	WheelMovementIntervals													-0.8928551375605593
1490.1199665789727	0.79099999999994	WheelMovementIntervals													-0.5486627792371337
1490.144671403837	4.033467530735834	trials	1.0	-1.0	0.0		0.0625	0.2	1491.6299699815754	1491.6290955209035	1493.678084163822	1491.395157951861	1491.3959912095959	1491.4749665789725	
1491.4749665789725	0.6159999999999854	WheelMovementIntervals													-0.6323196346181419
1494.818747342377	2.4428461148531824	trials	-1.0	1.0	1.5		1.0	0.2	1495.7146660590165	1495.7145635197362	1496.761504416614	1495.4119601890568	1495.4129934286482	1495.5839665789726	
1495.5839665789726	2.616999999999962	WheelMovementIntervals													1.3384809627745256
1498.1893082106394	2.5887621675574337	trials	-1.0	1.0	1.5		0.125	0.2	1499.2263474572737	1499.2262323106481	1500.2779853794243	1498.8122183629937	1498.8133182632037	1498.8589665789725	
1498.8589665789725	2.8020000000001346	WheelMovementIntervals													1.1568643614857024
1501.406582985977	2.6380323293551555	trials	-1.0	1.0	1.5		0.25	0.2	1502.4954841940355	1502.495395504012	1503.544589012672	1502.2286750672984	1502.2296749765803	1502.3769665789725	
1502.3769665789725	1.6730000000000018	WheelMovementIntervals													0.8114908503150389
1504.6674204756987	2.4611438145809643	trials	-1.0	1.0	1.5		1.0	0.2	1505.5721383940195	1505.5720358450212	1506.628509220105	1505.3285938232425	1505.3296603931433	1505.3789665789725	
1505.3789665789725	2.0370000000000346	WheelMovementIntervals													1.1339106053421801
1507.7619730518297	2.333352495971212	trials	-1.0	1.0	1.5		0.0625	0.2	1508.5436021375408	1508.5434899646004	1509.595273390001	1508.2945913960225	1508.2956912962327	1508.3519665789727	
1508.3519665789727	1.6959999999999127	WheelMovementIntervals													2.323374848838
1510.7284372489412	2.2834300250494834	trials	-1.0	1.0	1.5		0.125	0.2	1511.4690367237824	1511.4689463373757	1512.5117754533237	1511.177796480256	1511.1790297017035	1511.3149665789726	
1511.3149665789726	1.7739999999998872	WheelMovementIntervals													2.2395540703633117
1513.6410729963739	3.3369644911110754	trials	-1.0	-1.0	0.0	0.125		0.2	1514.4330344779985	1514.4321878115281	1516.477982280852	1514.1444939895332	1514.1453605775775	1514.1559665789725	
1514.1559665789725	0.8210000000001401	WheelMovementIntervals													0.6865308482378794
1515.3559665789726	0.09500000000002728	WheelMovementIntervals													0.04958879153909379
1517.6001471376908	2.2953279918522185	trials	-1.0	1.0	1.5		0.0625	0.2	1518.3422464764549	1518.342155540051	1519.3954175928382	1518.0950022413347	1518.096035480926	1518.2139665789725	
1518.2139665789725	1.3669999999999618	WheelMovementIntervals													1.2490791629565479
1520.5398804266645	2.6880549726161007	trials	-1.0	1.0	1.5		0.0625	0.2	1521.6726109915826	1521.6725027468801	1522.7278819174578	1521.0113709834197	1521.0123708927017	1521.2249665789725	
1521.2249665789725	1.9190000000000964	WheelMovementIntervals													1.2442527308527076
1523.8601458580442	2.367849729082991	trials	-1.0	1.0	1.5		0.0625	0.2	1524.6820712878184	1524.6819624235172	1525.7279097361338	1524.3616336932585	1524.3627335934686	1524.4689665789726	
1524.4689665789726	1.4769999999998618	WheelMovementIntervals													1.0820736035525726
1526.8663064536497	2.445544206585282	trials	-1.0	1.0	1.5		1.0	0.2	1527.7669247439146	1527.7668219952564	1528.811763282948	1527.528179737691	1527.5290463257354	1527.5739665789727	
1527.5739665789727	1.3559999999999945	WheelMovementIntervals													1.7718035377634465
1529.1399665789727	0.25099999999997635	WheelMovementIntervals													-0.06395877252404603
1529.9531597283096	2.2587314923919166	trials	-1.0	1.0	1.5		0.125	0.2	1530.6707612896657	1530.6706690968722	1531.7118668340465	1530.4611469738568	1530.46208022252	1530.5389665789726	
1530.5389665789726	1.393000000000029	WheelMovementIntervals													1.3328743367403035
1532.843797471539	2.3841482325174184	trials	-1.0	1.0	1.5		1.0	0.2	1533.6808215314709	1533.6807137007077	1534.7278265406153	1533.4610414712952	1533.4620747108866	1533.5499665789725	
1533.5499665789725	1.5389999999999873	WheelMovementIntervals													0.8620788277990528
1535.8708561711376	3.357060086240608	trials	-1.0	-1.0	0.0	0.0625		0.2	1536.680749359219	1536.6797701675428	1538.7278636321835	1536.4619025477064	1536.4627358054413	1536.4609665789726	
1536.4609665789726	0.5299999999999727	WheelMovementIntervals													0.5407942292077337
1539.882125576973	3.2796660022897868	trials	-1.0	-1.0	0.0	0.0		0.2	1540.6030934995783	1540.6021396279612	1542.6617400595949	1540.3949123870734	1540.3957456448086	1540.4709665789726	
1540.4709665789726	0.6790000000000873	WheelMovementIntervals													0.5347534012912263
1543.8129022856106	2.331626531981101	trials	-1.0	1.0	1.5		0.0625	0.2	1544.5778995469316	1544.5778103335158	1545.6444361173837	1544.3945161846195	1544.3954161029733	1544.4719665789726	
1544.4719665789726	2.007000000000062	WheelMovementIntervals													1.3410116592550594
1546.775933460854	2.4021471044300142	trials	-1.0	1.0	1.5		0.25	0.2	1547.619556922047	1547.61944929931	1548.6780275576243	1547.3783454729278	1547.379112070044	1547.4979665789726	
1547.4979665789726	1.56899999999996	WheelMovementIntervals													1.1133023957006856
1549.8199906182458	2.4083470477046376	trials	-1.0	1.0	1.5		1.0	0.2	1550.663214115726	1550.6631063885768	1551.7282841525646	1550.4282354344646	1550.429102022509	1550.5489665789726	
1550.5489665789726	1.134999999999991	WheelMovementIntervals													1.193399558492871
1551.9619665789726	0.48099999999999454	WheelMovementIntervals													0.01744510179361214
1552.8660475942017	5.795206516426333	trials	-1.0	1.0	1.5		1.0	0.2	1557.0998968062024	1557.0998239502685	1558.16113385746	1553.5110890719966	1553.512122311588	1556.9629665789726	
1556.9629665789726	1.9400000000000546	WheelMovementIntervals													1.254074450588206
1559.3021636694184	2.4095202381129184	trials	-1.0	1.0	1.5		0.25	0.2	1560.1418541541022	1560.1417700245572	1561.2115904342565	1559.9281068799278	1559.9291401195192	1560.0129665789725	
1560.0129665789725	1.5690000000001874	WheelMovementIntervals													1.8552208307058606
1562.3541867707565	2.274155988191069	trials	-1.0	1.0	1.5		1.0	0.2	1563.07082175314	1563.0707037807847	1564.1282258188169	1562.8778392617212	1562.8788058406938	1562.9429665789726	
1562.9429665789726	1.2129999999999654	WheelMovementIntervals													0.9202307798555296
1565.2662559029293	2.3121257436700944	trials	-1.0	1.0	1.5		0.125	0.2	1566.0228539262819	1566.022763671655	1567.078358164323	1565.777642840035	1565.77847609777	1565.7859665789726	
1565.7859665789726	1.1459999999999582	WheelMovementIntervals													1.5774788789619834
1567.4059665789725	1.2430000000001655	WheelMovementIntervals													-0.709393031577747
1568.2366864068592	2.6583562289122256	trials	-1.0	1.0	1.5		0.125	0.2	1569.3380198203238	1569.3379088711536	1570.3949572616689	1569.1276389073985	1569.1284721651334	1569.0979665789725	
1569.0979665789725	2.15300000000002	WheelMovementIntervals													0.6936611565517978
1571.5362537161025	2.4581430979396828	trials	-1.0	1.0	1.5		0.0625	0.2	1572.4248730949837	1572.424768571271	1573.4943094023533	1572.2277576451993	1572.2288242151	1572.2909665789725	
1572.2909665789725	0.6570000000001528	WheelMovementIntervals													1.2620523415194214
1574.6386055846328	2.3723490694480915	trials	-1.0	1.0	1.5		0.25	0.2	1575.4415327380498	1575.441421513192	1576.510835724182	1575.144859654091	1575.1458262330636	1575.2479665789726	
1575.2479665789726	1.5219999999999345	WheelMovementIntervals													1.9392597831962348
1577.6533654000632	2.4575432326694227	trials	-1.0	1.0	1.5		0.125	0.2	1578.5523838354768	1578.5522804820637	1579.6108544710544	1578.2783087012906	1578.279175289335	1578.4089665789727	
1578.4089665789727	1.602999999999838	WheelMovementIntervals													0.6720260779750902
1580.7540174228143	2.323628307480476	trials	-1.0	1.0	1.5		0.0625	0.2	1581.5172148474278	1581.5171260625202	1582.5775186500223	1581.2616713652674	1581.2625046230023	1581.3809665789727	
1581.3809665789727	1.5609999999999218	WheelMovementIntervals													1.257416869350351
1584.020454404515	2.4080468519214264	trials	-1.0	1.0	1.5		0.125	0.2	1584.8711772216097	1584.8710702479589	1585.9284146357395	1584.5617386291515	1584.5625052262676	1584.7129665789726	
1584.7129665789726	0.8450000000000273	WheelMovementIntervals													1.1850530096817522
1587.0687111808911	2.40884578256464	trials	-1.0	1.0	1.5		0.125	0.2	1587.9132345604378	1587.9131265287683	1588.9775046698508	1587.6444256151365	1587.6455255153467	1587.7099665789726	
1587.7099665789726	0.8430000000000746	WheelMovementIntervals													1.3999651339164245
1588.9749665789725	0.5240000000001146	WheelMovementIntervals													-0.4276775763180183
1590.12956681422	2.7813477618094566	trials	-1.0	1.0	1.5		0.25	0.2	1591.3430900491207	1591.3429867787474	1592.4108598410205	1590.828503402313	1590.829536641904	1590.9649665789725	
1590.9649665789725	1.75	WheelMovementIntervals													1.2290376918329287
1593.5506231012218	2.4769401418889174	trials	-1.0	1.0	1.5		0.0625	0.2	1594.4719395136233	1594.4718372868085	1595.5275104122832	1594.2446934641423	1594.2455267218772	1594.3539665789726	
1594.3539665789726	2.230000000000018	WheelMovementIntervals													2.1076336578928476
1596.691571468036	2.4201441582074494	trials	-1.0	1.0	1.5		0.0	0.2	1597.5488936863917	1597.5487864004708	1598.6116306015724	1597.2614530981366	1597.2625529983468	1597.3159665789726	
1597.3159665789726	1.719000000000051	WheelMovementIntervals													1.3617897418190807
1599.773825159999	2.254230828245227	trials	-1.0	1.0	1.5		0.0	0.2	1600.4727284177823	1600.4726340967213	1601.528032673967	1600.2608476409341	1600.2618808805255	1600.3009665789725	
1600.3009665789725	1.2980000000000018	WheelMovementIntervals													1.5021816145676894
1602.0729665789727	0.4199999999998454	WheelMovementIntervals													0.09178792944709357
1602.671962222843	3.3387605354600964	trials	-1.0	-1.0	0.0	0.0		0.8	1603.4502249473048	1603.4492758507777	1605.5106713440289	1603.1441860464051	1603.1452192859963	1603.2869665789726	
1603.2869665789726	0.6159999999999854	WheelMovementIntervals													0.3095005969472311
1606.6747323997818	3.336260645077573	trials	-1.0	-1.0	0.0	0.0625		0.8	1607.4462290714357	1607.4453459456931	1609.5109084174535	1607.2281155267299	1607.22921542694	1607.2979665789726	
1607.2979665789726	0.7049999999999272	WheelMovementIntervals													0.423202017216056
1610.6758027309413	2.569060612711155	trials	-1.0	1.0	1.5		0.25	0.8	1611.6890441366647	1611.6889258451847	1612.7447816868714	1611.411102686588	1611.4119026140136	1611.5609665789725	
1611.5609665789725	1.9760000000001128	WheelMovementIntervals													1.356477047172291
1613.9051764085905	4.0898610854203525	trials	1.0	-1.0	0.0		0.125	0.8	1615.4302380454417	1615.4292984272822	1617.4949173914595	1614.3775668836997	1614.3786001232909	1615.0039665789725	
1615.0039665789725	1.009999999999991	WheelMovementIntervals													-0.5050359856678881
1618.6592450896876	2.5017385023295446	trials	1.0	1.0	1.5	1.0		0.8	1619.6019595607231	1619.6018588431627	1620.6609301509416	1619.2277268467935	1619.2285934348379	1619.3019665789725	
1619.3019665789725	2.0130000000001473	WheelMovementIntervals													1.2838409862509934
1621.8242912701971	3.470580541229765	trials	1.0	-1.0	0.0		0.125	0.8	1622.7282759217112	1622.727411708331	1624.7948217650553	1622.3280122361411	1622.3289454848043	1622.5959665789726	
1622.5959665789726	0.7200000000000273	WheelMovementIntervals													-0.9295716569416186
1625.9410844355893	2.786945523721215	trials	1.0	1.0	1.5	0.0		0.8	1627.1632068903148	1627.1631035198582	1628.2279436240594	1626.6275221576575	1626.6286220578677	1626.7179665789727	
1626.7179665789727	2.005999999999858	WheelMovementIntervals													1.137938091344438
1629.3890382822758	2.422443621618868	trials	1.0	1.0	1.5	1.0		0.8	1630.2593259909877	1630.259253234019	1631.3113638768514	1629.9775515553304	1629.9786181252312	1630.1189665789725	
1630.1189665789725	1.7870000000000346	WheelMovementIntervals													0.9790821498409343
1632.478091357356	2.600132432635519	trials	1.0	1.0	1.5	0.0625		0.8	1633.5132974369733	1633.5132034725814	1634.578134161646	1632.9774793830782	1632.9786459439072	1633.0719665789727	
1633.0719665789727	1.7519999999999527	WheelMovementIntervals													1.1837996248833633
1635.7323294458167	3.4958772912718814	trials	1.0	-1.0	0.0		0.125	0.8	1636.6719775283875	1636.671049663185	1638.7280909848898	1636.3440739445223	1636.344973862876	1636.4809665789726	
1636.4809665789726	0.30199999999990723	WheelMovementIntervals													-0.38183953131343173
1639.8892189734156	3.6384387293232976	trials	1.0	-1.0	0.0		0.25	0.8	1640.9766869781702	1640.97572994153	1643.0276009064062	1640.3773746848703	1640.378341263843	1640.4339665789726	
1640.4339665789726	1.0450000000000728	WheelMovementIntervals													-0.4064180109189124
1644.1872623613185	2.507364575824795	trials	1.0	1.0	1.5	1.0		0.8	1645.1372095094935	1645.1370860658897	1646.1945469145514	1644.8606346021022	1644.8617345023124	1644.9819665789726	
1644.9819665789726	1.54099999999994	WheelMovementIntervals													0.6658784357861123
1647.3568414639062	2.4379434628428953	trials	1.0	1.0	1.5	0.25		0.8	1648.2382614959574	1648.2381564526972	1649.2946989826617	1647.910691215186	1647.911691124468	1648.0409665789725	
1648.0409665789725	1.8400000000001455	WheelMovementIntervals													1.0333185204011954
1650.4508940853964	2.3768202588066742	trials	1.0	1.0	1.5	0.25		0.8	1651.2804854863323	1651.2804004576901	1652.3276904773331	1650.9439826826422	1650.945049252543	1651.0519665789725	
1651.0519665789725	2.2110000000000127	WheelMovementIntervals													1.5741204799353739
1653.4994175042477	2.427843299519509	trials	1.0	1.0	1.5	0.125		0.8	1654.3714383890483	1654.3713323362033	1655.427242599874	1654.094096884541	1654.095030133204	1654.1919665789726	
1654.1919665789726	1.6929999999999836	WheelMovementIntervals													0.7356018569882679
1656.5933701348097	2.4172448049600916	trials	1.0	1.0	1.5	0.125		0.8	1657.462691264549	1657.4625855270158	1658.510496201119	1657.0945913275486	1657.0957245580682	1657.2259665789727	
1657.2259665789727	0.8809999999998581	WheelMovementIntervals													0.6483420845512171
1659.6674245706604	2.443642627218196	trials	1.0	1.0	1.5	1.0		0.8	1660.5460448567221	1660.5459391765623	1661.6110149026324	1660.2942676995235	1660.2954009300431	1660.4009665789727	
1660.4009665789727	1.05600000000004	WheelMovementIntervals													0.9689263759368316
1661.7609665789726	0.19800000000009277	WheelMovementIntervals													-0.059641633744121236
1662.7724761942522	2.388746252732517	trials	1.0	1.0	1.5	0.125		0.8	1663.598701233939	1663.5985914984562	1664.6611715066442	1663.393953143302	1663.3950863738216	1663.4669665789727	
1663.4669665789727	1.3899999999998727	WheelMovementIntervals													1.5093635091424176
1665.8235327166178	2.5045384348970856	trials	1.0	1.0	1.5	0.125		0.8	1666.7791460173908	1666.7790466170036	1667.8280175238615	1666.3939809619783	1666.3950808621885	1666.5469665789726	
1666.5469665789726	1.7149999999999181	WheelMovementIntervals													2.12424337076709
1668.989878779194	2.287252778151924	trials	1.0	1.0	1.5	0.0625		0.8	1669.7270119018576	1669.7268951413248	1670.7770832994668	1669.5105982029313	1669.5117647637603	1669.4069665789725	
1669.4069665789725	2.1159999999999854	WheelMovementIntervals													1.3856341226778
1671.9416443098605	2.402843086622397	trials	1.0	1.0	1.5	0.25		0.8	1672.7838678980588	1672.783758709318	1673.8444383431283	1672.4944941518584	1672.4954940611403	1672.5589665789726	
1672.5589665789726	2.2870000000000346	WheelMovementIntervals													0.5533189061046926
1675.342202456582	2.3689474646776034	trials	1.0	1.0	1.5	1.0		0.8	1676.1628280042898	1676.1627182038642	1677.2110662348819	1675.8104933036352	1675.8114598826078	1675.9219665789726	
1675.9219665789726	1.6900000000000546	WheelMovementIntervals													0.35580417494739436
1678.3747606572315	3.486650083356608	trials	-1.0	1.0	1.5		1.0	0.8	1680.3115849363953	1680.3114873660547	1681.3613563612198	1679.0438332881029	1679.0447998670754	1679.3609665789727	
1679.3609665789727	2.285999999999831	WheelMovementIntervals													1.1127103066581299
1682.5208178342757	2.4736405095984537	trials	1.0	1.0	1.5	0.0625		0.8	1683.4311352445757	1683.4310320044763	1684.4944387750159	1683.1104310075405	1683.1114642471316	1683.2319665789726	
1683.2319665789726	1.058999999999969	WheelMovementIntervals													-0.438871624872462
1685.65676665468	2.5204372410516953	trials	1.0	1.0	1.5	0.25		0.8	1686.620579211565	1686.620480129436	1687.6771833498162	1686.2438467244303	1686.244813303403	1686.3859665789726	
1686.3859665789726	2.1000000000001364	WheelMovementIntervals													0.5584685597526686
1688.6939665789725	0.057999999999992724	WheelMovementIntervals													0.002629223036649364
1688.8402111659777	2.5706590940530987	trials	1.0	1.0	1.5	0.125		0.8	1689.858452118111	1689.858333778368	1690.9108233070685	1689.5777442523543	1689.578810822255	1689.6699665789727	
1689.6699665789727	2.612999999999829	WheelMovementIntervals													-0.3437597283058835
1692.0868832742049	2.590431993383163	trials	1.0	1.0	1.5	0.0625		0.8	1693.124089172386	1693.1239952824328	1694.1772269584599	1692.7436903512175	1692.7448235817371	1692.9019665789726	
1692.9019665789726	0.8769999999999527	WheelMovementIntervals													1.2446089660766972
1694.0139665789727	0.5369999999998072	WheelMovementIntervals													0.06775926352085548
1695.3451209997936	2.399044923424526	trials	1.0	1.0	1.5	0.125		0.8	1696.195143880391	1696.1950362063747	1697.24411537779	1695.8943711683762	1695.8955043988958	1695.9939665789725	
1695.9939665789725	1.415000000000191	WheelMovementIntervals													-0.4215215820626952
1698.4139759073782	3.6305664370559043	trials	1.0	-1.0	0.0		0.25	0.8	1699.486511933522	1699.485494925218	1701.5444918873507	1699.0270536184596	1699.028253509598	1699.0589665789726	
1699.0589665789726	0.7799999999999727	WheelMovementIntervals													-0.405960541483779
1702.7160522627182	2.4110443300014595	trials	1.0	1.0	1.5	0.125		0.8	1703.574874344997	1703.574767338928	1704.6270122217886	1703.2939331670746	1703.2948664157377	1703.3989665789727	
1703.3989665789727	1.9659999999998945	WheelMovementIntervals													0.8755723092886001
1705.7944063084815	2.3992454946881026	trials	1.0	1.0	1.5	0.25		0.8	1706.637829787818	1706.6377212450127	1707.6935340077155	1706.27736249167	1706.278195749405	1706.4179665789727	
1706.4179665789727	0.9099999999998545	WheelMovementIntervals													-0.32474457727246886
1707.6939665789725	1.0670000000000073	WheelMovementIntervals													-0.22068590226018614
1708.8683607534042	3.592069032391464	trials	1.0	-1.0	0.0		1.0	0.8	1709.90253359343	1709.901680036403	1711.9603468957116	1709.5778963798857	1709.5788629588583	1709.6639665789726	
1709.6639665789726	0.3589999999999236	WheelMovementIntervals													-0.3234699118609683
1713.1345403655216	2.4766391619236856	trials	1.0	1.0	1.5	1.0		0.8	1714.063456088466	1714.063354302357	1715.1110943734889	1713.7941138582144	1713.7952137584246	1713.8939665789726	
1713.8939665789726	1.6980000000000928	WheelMovementIntervals													0.9316055682612614
1716.2871876709348	2.4405409657019845	trials	1.0	1.0	1.5	0.25		0.8	1717.1705075306218	1717.1704017723403	1718.2277116144421	1716.9772917270368	1716.9782249757	1716.8819665789727	
1716.8819665789727	1.6710000000000491	WheelMovementIntervals													0.623360878654978
1718.8519665789727	0.6259999999999764	WheelMovementIntervals													0.030178989699322756
1719.4114375527404	4.899883708681955	trials	1.0	1.0	1.5	0.125		0.8	1722.7513012060465	1722.751193245294	1723.811271705547	1719.993618067009	1719.9945846459816	1722.4779665789727	
1722.4779665789727	1.3250000000000455	WheelMovementIntervals													0.9747985882879107
1724.9979307110723	2.5627595260152702	trials	1.0	1.0	1.5	0.0625		0.8	1726.0021396029485	1726.0020532505139	1727.0606102385261	1725.693700919772	1725.6946008381258	1725.8279665789726	
1725.8279665789726	1.5330000000001291	WheelMovementIntervals													0.37771746132798967
1728.237803436182	2.3392223038479187	trials	1.0	1.0	1.5	0.0625		0.8	1729.0322980213211	1729.0322103314295	1730.0769699088075	1728.7435575509994	1728.7445907905908	1728.8599665789725	
1728.8599665789725	1.44600000000014	WheelMovementIntervals													0.8593714947034243
1731.2557296310054	2.371344604172691	trials	1.0	1.0	1.5	1.0		0.8	1732.07265551437	1732.072544306103	1733.1270265218914	1731.8608080678312	1731.8616079952567	1731.9499665789726	
1731.9499665789726	1.5519999999999072	WheelMovementIntervals													0.9037160452139688
1734.3224847290978	3.387856220515687	trials	1.0	-1.0	0.0		0.0625	0.8	1735.1572756583	1735.1563980753583	1737.2103227263376	1734.910631368749	1734.9115979477215	1734.9409665789726	
1734.9409665789726	0.38400000000001455	WheelMovementIntervals													-0.3101956407790283
1738.3825497078933	2.1951561743164802	trials	1.0	1.0	1.5	0.125		0.8	1739.0300576285836	1739.029965685489	1740.077662583297	1738.8776714540124	1738.8786047026756	1738.8499665789725	
1738.8499665789725	1.4730000000001837	WheelMovementIntervals													1.530804182803024
1741.2709209900834	3.472651047928366	trials	1.0	-1.0	0.0		1.0	0.2	1742.1966370033256	1742.1957337858807	1744.243484633815	1741.7771750595416	1741.7782749597518	1741.9289665789727	
1741.9289665789727	0.8779999999999291	WheelMovementIntervals													0.33951736144635447
1745.41517833042	3.2958602027370034	trials	-1.0	1.0	1.5		0.25	0.2	1747.167119383349	1747.1670092666093	1748.2109580131005	1746.710860777989	1746.7119606781991	1746.7529665789725	
1745.4319665789726	0.6929999999999836	WheelMovementIntervals													-0.7064491606393801
1746.7529665789725	2.798000000000002	WheelMovementIntervals													1.177364168647074
1749.4132489337337	5.530293476854695	trials	1.0	1.0	1.5	0.125		0.2	1753.3874217052085	1753.3873146689493	1754.4434592281998	1750.0437250663213	1750.0446583149846	1753.1889665789727	
1753.1889665789727	1.1440000000000055	WheelMovementIntervals													0.950041350515022
1754.6219665789727	0.48299999999994725	WheelMovementIntervals													-0.1275666456306226
1755.6282517363989	2.499336757099627	trials	1.0	1.0	1.5	1.0		0.2	1756.5721660985728	1756.5720648615636	1757.6275370153762	1756.2440292025415	1756.244995781514	1756.3859665789726	
1756.3859665789726	2.04300000000012	WheelMovementIntervals													0.6655805043688474
1758.813996039045	8.146152855830223	trials	1.0	-1.0	0.0		0.125	0.2	1764.4016890885155	1764.4008995010072	1766.4601023363662	1759.2936191912936	1759.2947190915038	1759.5149665789727	
1759.5149665789727	0.2179999999998472	WheelMovementIntervals													-0.25976052650815973
1764.3739665789726	0.4759999999998854	WheelMovementIntervals													-0.3278032969801643
1767.6534607340807	3.624364391809422	trials	1.0	-1.0	0.0		0.0625	0.2	1768.7050319956124	1768.7042791133802	1770.777710615886	1768.2608389622549	1768.2620388533933	1768.4239665789726	
1768.4239665789726	0.7850000000000819	WheelMovementIntervals													-0.32297841239918057
1771.975035320419	2.435141730424448	trials	-1.0	1.0	1.5		0.25	0.2	1772.8422566406662	1772.8421494677734	1773.9101264234941	1772.5268519228252	1772.5276851805604	1772.6499665789727	
1772.6499665789727	1.7359999999998763	WheelMovementIntervals													1.9775464051673737
1775.0890861275484	2.305022998198865	trials	-1.0	1.0	1.5		1.0	0.2	1775.829385629605	1775.829292870652	1776.89408903304	1775.5939736543212	1775.595040224222	1775.6849665789725	
1775.6849665789725	2.0289999999999964	WheelMovementIntervals													1.3442075434098797
1778.094013501706	2.766070702885145	trials	-1.0	1.0	1.5		0.125	0.2	1779.2907382606697	1779.290643223258	1780.3599745861832	1778.8270136660044	1778.8280469055958	1779.0079665789726	
1779.0079665789726	1.8509999999998854	WheelMovementIntervals													1.1439178999800959
1781.555299472152	3.639063827321479	trials	1.0	-1.0	0.0		0.125	0.2	1782.6284021135557	1782.6274176873308	1784.6942480204023	1782.044055129176	1782.045055038458	1782.1719665789726	
1782.1719665789726	0.7529999999999291	WheelMovementIntervals													-0.4632840074251874
1785.8876730787356	2.6558252663585336	trials	-1.0	1.0	1.5		0.0	0.2	1786.9760743321533	1786.9759826128716	1788.0434441603402	1786.4766196458122	1786.4777528763318	1786.5689665789725	
1786.5689665789725	1.9500000000000455	WheelMovementIntervals													0.9587752403168679
1789.2382024310496	20.938558889760998	trials	-1.0	1.0	1.5		0.0625	0.2	1808.6138445513757	1808.6137326795827	1809.6766814574844	1789.7272913911675	1789.728091318593	1802.5659665789726	
1789.8119665789727	0.26499999999987267	WheelMovementIntervals													0.028425186561293003
1796.5359665789726	0.11899999999991451	WheelMovementIntervals													-0.033149114797822676
1800.4929665789725	0.29500000000007276	WheelMovementIntervals													-0.06423025904686597
1802.5659665789726	0.5139999999998963	WheelMovementIntervals													0.1622242657491313
1808.4169665789725	1.6410000000000764	WheelMovementIntervals													1.4261027231564753
1810.5069665789727	0.21299999999996544	WheelMovementIntervals													0.0563942577448131
1810.8890714618656	2.4375401129211696	trials	-1.0	1.0	1.5		0.125	0.2	1811.7675917569989	1811.7674851965785	1812.826595677527	1811.5274135474713	1811.528480117372	1811.6099665789727	
1811.6099665789727	1.3559999999999945	WheelMovementIntervals													0.6977562318655544
1813.3539665789726	0.055000000000063665	WheelMovementIntervals													-0.013044360055772586
1814.023020463706	2.386943387396059	trials	-1.0	1.0	1.5		1.0	0.2	1814.8400463379987	1814.839934628244	1815.9099159393907	1814.6104671668597	1814.6115004064511	1814.6819665789726	
1814.6819665789726	1.0650000000000546	WheelMovementIntervals													1.2337990867951305
1816.6559665789725	0.3200000000001637	WheelMovementIntervals													-0.12226206133084361
1817.1075739470175	2.3191475978278504	trials	-1.0	1.0	1.5		1.0	0.2	1817.8681049468792	1817.8679888978854	1818.926675573385	1817.6770889437146	1817.6781888439248	1817.7469665789727	
1817.7469665789727	1.5989999999999327	WheelMovementIntervals													1.0452767191673331
1820.1272333179295	3.399352602557883	trials	-1.0	-1.0	0.0	0.0625		0.2	1820.9725232945923	1820.9715458863154	1823.0265369416024	1820.7438773721165	1820.744843951089	1820.8389665789725	
1820.8389665789725	0.7240000000001601	WheelMovementIntervals													0.8754542316992229
1824.2302943958493	2.5134604441188912	trials	-1.0	1.0	1.5		0.0625	0.2	1825.1851077691965	1825.1850165954818	1826.2437117260117	1824.9273311563063	1824.9281977443507	1825.0499665789725	
1825.0499665789725	2.008000000000038	WheelMovementIntervals													2.4069316364794417
1827.4472691984022	2.346444673423548	trials	-1.0	1.0	1.5		0.25	0.2	1828.231964672578	1828.231883467725	1829.2936350178577	1827.9930530148074	1827.9942195756364	1828.0739665789727	
1828.0739665789727	1.9239999999999782	WheelMovementIntervals													1.1058263982571646
1830.5078248589466	3.58613901066974	trials	-1.0	-1.0	0.0	0.25		0.2	1831.5358982523524	1831.5351354612833	1833.593878206181	1831.259989951149	1831.2608898695028	1831.3549665789726	
1831.3549665789726	0.6310000000000855	WheelMovementIntervals													0.41697615254901166
1834.7962691177424	2.347545447447601	trials	-1.0	1.0	1.5		0.25	0.2	1835.5892971692679	1835.5891837926952	1836.643801498027	1835.3598846496761	1835.3609178892675	1835.4329665789726	
1835.4329665789726	1.44399999999996	WheelMovementIntervals													0.8765442762864382
1837.847825594749	2.4625379713361326	trials	-1.0	1.0	1.5		0.125	0.2	1838.757643050408	1838.7575388833168	1839.8103142121502	1838.4431049206116	1838.4439048480372	1838.5059665789727	
1838.5059665789727	1.2490000000000236	WheelMovementIntervals													1.0396320020156224
1841.0123718206175	2.297548787436881	trials	-1.0	1.0	1.5		0.0625	0.2	1841.7440054422307	1841.743886717236	1842.8098754064947	1841.5265251734033	1841.5275917433041	1841.6019665789727	
1841.6019665789727	1.875	WheelMovementIntervals													1.7562193286245247
1844.012932924244	2.4140413695695315	trials	-1.0	1.0	1.5		0.0625	0.2	1844.8744547615843	1844.8743469726778	1845.92692594147	1844.627043874917	1844.6279771235802	1844.7019665789726	
1844.7019665789726	1.6929999999999836	WheelMovementIntervals													0.8181322658899717
1847.12718371323	2.650151354410582	trials	-1.0	1.0	1.5		0.125	0.2	1848.219617934085	1848.2195040557763	1849.2773219725461	1847.7930566343991	1847.7939232224435	1847.8949665789726	
1847.8949665789726	1.8969999999999345	WheelMovementIntervals													0.9527783609636913
1850.4803461599863	2.4302402629609787	trials	-1.0	1.0	1.5		1.0	0.2	1851.3507671899358	1851.350659862656	1852.4105043772704	1851.1099557045295	1851.1109556138115	1851.1979665789727	
1851.1979665789727	1.5249999999998636	WheelMovementIntervals													0.9377332836793357
1853.6110954521243	2.399442174691785	trials	-1.0	1.0	1.5		0.0625	0.2	1854.4470196118461	1854.4469094464478	1855.5104231332148	1854.1765108207655	1854.1776107209757	1854.2579665789726	
1854.2579665789726	1.45900000000006	WheelMovementIntervals													0.5829685305573378
1856.7127473841574	6.263624036895408	trials	-1.0	1.0	1.5		0.0625	0.2	1861.4193203743614	1861.4192390827702	1862.476291146016	1857.376553826144	1857.3776203960447	1861.2749665789727	
1861.2749665789727	1.599999999999909	WheelMovementIntervals													0.6838896836501931
1863.6691829193987	3.4578475546557	trials	-1.0	-1.0	0.0	0.125		0.8	1864.5680013729561	1864.5669947474241	1866.626947905757	1864.4102823488809	1864.4116488915663	1864.3029665789727	
1864.3029665789727	1.2419999999999618	WheelMovementIntervals													0.7978619563660629
1867.8398378647794	3.3866532960460063	trials	-1.0	-1.0	0.0	0.0625		0.8	1868.6669961531293	1868.6659503775174	1870.726409310262	1868.459714958978	1868.4606815379507	1868.5259665789727	
1868.5259665789727	0.8509999999998854	WheelMovementIntervals													0.8467224751557012
1871.9327998589513	3.526970760602353	trials	-1.0	-1.0	0.0	0.0		0.8	1872.8947125882005	1872.8938185946402	1874.9597252373123	1872.6103050581007	1872.6113382976919	1872.7489665789726	
1872.7489665789726	0.5660000000000309	WheelMovementIntervals													0.7095649529226478
1876.1666824012614	3.442948123297356	trials	-1.0	-1.0	0.0	0.125		0.8	1877.0603679871713	1877.0594943617762	1879.1095154090092	1876.8435876548415	1876.8446875550517	1876.9299665789727	
1876.9299665789727	0.6189999999999145	WheelMovementIntervals													0.6498986456143996
1880.3284381540325	3.5486692716178823	trials	-1.0	-1.0	0.0	0.25		0.8	1881.32371452299	1881.3227570031934	1883.377061563812	1881.0767369303449	1881.0777035093174	1881.1459665789725	
1881.1459665789725	0.6739999999999782	WheelMovementIntervals													0.31741090748167267
1884.5831188094076	2.3598443390280863	trials	-1.0	1.0	1.5		0.0625	0.8	1885.3885457360293	1885.3884332579162	1886.4429167435508	1885.0595755822633	1885.0603755096888	1885.2239665789725	
1885.2239665789725	1.7210000000000036	WheelMovementIntervals													1.3728691186394713
1887.6505738439973	3.359555150484539	trials	-1.0	-1.0	0.0	0.0625		0.8	1888.459733765272	1888.4586866289	1890.510081078248	1888.1600609534673	1888.1610608627493	1888.2549665789727	
1888.2549665789727	0.6669999999999163	WheelMovementIntervals													0.49212044280179157
1891.7176381877664	2.6090551353634055	trials	1.0	1.0	1.5	0.125		0.8	1892.7617767903025	1892.761659450042	1893.8266468452846	1892.2431571760574	1892.2440904247205	1892.5349665789727	
1892.5349665789727	2.0779999999999745	WheelMovementIntervals													0.44450319561300944
1895.0182054062916	2.3584442303927062	trials	-1.0	1.0	1.5		1.0	0.8	1895.813999873497	1895.8139196543814	1896.8765368068214	1895.4928623424398	1895.4937622607936	1895.6439665789726	
1895.6439665789726	1.2239999999999327	WheelMovementIntervals													0.7221259066423329
1898.0866603501634	6.123103377670532	trials	-1.0	1.0	1.5		0.0625	0.8	1902.646213345609	1902.6461358394986	1903.709650197287	1898.660041662751	1898.6611082326515	1902.5099665789726	
1902.5099665789726	2.2080000000000837	WheelMovementIntervals													1.691470498719923
1904.9221735229057	2.3046211791436235	trials	-1.0	1.0	1.5		0.125	0.8	1905.6729720724231	1905.6728797703113	1906.7267431343753	1905.4433595709747	1905.444459471185	1905.5329665789727	
1905.5329665789727	1.625	WheelMovementIntervals													0.9898509537406994
1907.9509987289025	3.442076597869118	trials	-1.0	-1.0	0.0	0.0625		0.8	1908.8298189968204	1908.828917755466	1910.8930318092246	1908.626170806394	1908.6271373853665	1908.6819665789726	
1908.6819665789726	0.6520000000000437	WheelMovementIntervals													0.39120978999250156
1912.1028887100915	3.390552809581095	trials	-1.0	-1.0	0.0	0.0625		0.8	1912.9301469893696	1912.9294008521301	1914.9933931320832	1912.6935017926382	1912.6944683716108	1912.7839665789727	
1912.7839665789727	0.6369999999999436	WheelMovementIntervals													0.690097825204333
1916.2135490985543	2.6296463726662296	trials	1.0	1.0	1.5	1.0		0.8	1917.280885596432	1917.2807671067962	1918.3431558872808	1916.8261935156136	1916.8271600945861	1916.8939665789726	
1916.8939665789726	1.6980000000000928	WheelMovementIntervals													-0.49874229505681456
1919.9310118270394	2.4125421545670633	trials	1.0	1.0	1.5	0.25		0.8	1920.7964333105792	1920.7963258707305	1921.8434716500328	1920.409368427531	1920.4101683549566	1920.5289665789726	
1920.5289665789726	2.224999999999909	WheelMovementIntervals													0.9311220402701679
1923.0475624073738	2.495836119593605	trials	1.0	1.0	1.5	0.125		0.8	1923.9912767876913	1923.9911753071344	1925.0433146735547	1923.6927038760969	1923.6935371338318	1923.7969665789726	
1923.7969665789726	1.8040000000000873	WheelMovementIntervals													-0.37385094673533104
1926.24050605685	3.5862667843193776	trials	1.0	-1.0	0.0		0.125	0.8	1927.2792451492635	1927.2781248009728	1929.3267260556315	1926.9594741608914	1926.9605407307922	1927.0859665789726	
1927.0859665789726	0.6559999999999491	WheelMovementIntervals													-0.4098379611162102
1930.5300835461655	2.3131466035108588	trials	1.0	1.0	1.5	0.0		0.8	1931.2908145278836	1931.290698212804	1932.3431523865318	1930.9928415618585	1930.9938748014497	1931.0619665789727	
1931.0619665789727	1.9539999999999509	WheelMovementIntervals													0.7004532876394762
1933.56014197361	2.46663585757301	trials	1.0	1.0	1.5	0.0625		0.8	1934.4763588486735	1934.4762545483675	1935.526730219067	1934.1762194125374	1934.1772193218194	1934.3029665789727	
1934.3029665789727	1.8079999999999927	WheelMovementIntervals													-0.4876141510293053
1936.751385777307	2.475161300543732	trials	1.0	1.0	1.5	1.0		0.8	1937.6757019175543	1937.6756079200559	1938.7265065819702	1937.30950180819	1937.3105683780907	1937.4399665789726	
1937.4399665789726	1.70699999999988	WheelMovementIntervals													-0.5164904376997299
1939.948562376077	2.5782286140195083	trials	1.0	1.0	1.5	0.0625		0.8	1940.9675699253264	1940.9674728938814	1942.026707167092	1940.6760963696338	1940.6769296273687	1940.7519665789725	
1940.7519665789725	1.2519999999999527	WheelMovementIntervals													0.4343798975218647
1943.247296427585	2.529156884973645	trials	1.0	1.0	1.5	0.25		0.8	1944.2188416162505	1944.218717508294	1945.276379003165	1943.9262348300385	1943.92726806963	1944.0269665789726	
1944.0269665789726	1.8430000000000746	WheelMovementIntervals													1.1032816626297688
1946.5086672022571	2.3507442340614944	trials	1.0	1.0	1.5	1.0		0.8	1947.3113610435084	1947.3112816222294	1948.3593659619346	1946.9926899553466	1946.9936232040097	1947.1039665789726	
1947.1039665789726	2.0249999999998636	WheelMovementIntervals													1.0706791756734049
1949.5754223003496	2.651249741538095	trials	1.0	1.0	1.5	1.0		0.8	1950.6734226828742	1950.6733420707913	1951.7265937992572	1950.3096223557864	1950.3106222650683	1950.4069665789725	
1950.4069665789725	1.62700000000018	WheelMovementIntervals													0.6991694515533311
1952.9475830234633	2.479135373597046	trials	1.0	1.0	1.5	0.0625		0.8	1953.8742989459874	1953.8741954973248	1954.9266034743262	1953.5426956977788	1953.543628946442	1953.6369665789725	
1953.6369665789725	1.9100000000000819	WheelMovementIntervals													1.4182156908665888
1956.1469260923443	2.7628419364607453	trials	-1.0	1.0	1.5		0.125	0.8	1957.360549318173	1957.360443633556	1958.409687467119	1956.809332661336	1956.8102992403085	1956.9169665789725	
1956.9169665789725	2.1080000000001746	WheelMovementIntervals													1.9473309231137819
1959.6329764826735	2.509658360358344	trials	-1.0	1.0	1.5		1.0	0.8	1960.5911895475795	1960.5910979995751	1961.6425274969456	1960.242721162815	1960.2436544114782	1960.3659665789726	
1960.3659665789726	1.3230000000000928	WheelMovementIntervals													1.0947504913359012
1962.8725492349988	2.3875407569978506	trials	1.0	1.0	1.5	1.0		0.8	1963.7004407901554	1963.7003626729113	1964.7600113259432	1963.3934686405926	1963.394335228637	1963.4999665789726	
1963.4999665789726	1.6059999999999945	WheelMovementIntervals													-0.467526604931237
1965.988999824405	2.4371388719698643	trials	1.0	1.0	1.5	1.0		0.8	1966.8673201376819	1966.8672131110727	1967.9260240854253	1966.626042027944	1966.6270086069167	1966.7169665789727	
1966.7169665789727	1.3640000000000327	WheelMovementIntervals													0.5597916358086366
1969.1379474654748	2.605251626903055	trials	1.0	1.0	1.5	0.125		0.8	1970.1887521298906	1970.1886674804246	1971.243123137412	1969.6431349650325	1969.6440348833862	1969.7429665789725	
1969.7429665789725	2.581000000000131	WheelMovementIntervals													0.42528767739514706
1972.4781110915658	2.365242424185908	trials	1.0	1.0	1.5	1.0		0.8	1973.2985033271077	1973.298425111493	1974.3433085358317	1973.025894726535	1973.0266946539605	1973.1339665789726	
1973.1339665789726	1.5730000000000928	WheelMovementIntervals													0.8051914786555017
1975.5697639307791	2.4395375217375204	trials	1.0	1.0	1.5	1.0		0.8	1976.465282683706	1976.4651769687534	1977.5091879740762	1976.1427119493444	1976.1437118586264	1976.2849665789727	
1976.2849665789727	1.0009999999999764	WheelMovementIntervals													0.8343466058690865
1977.4519665789726	0.27899999999999636	WheelMovementIntervals													-0.04867018297341019
1978.7357100296424	2.423438575121736	trials	1.0	1.0	1.5	0.25		0.8	1979.6140303429195	1979.6139232838495	1980.6591021941188	1979.3431882487448	1979.3440548367892	1979.4159665789725	
1979.4159665789725	1.7140000000001692	WheelMovementIntervals													-0.33077091720704743
1981.8857575709226	2.5910538040436677	trials	1.0	1.0	1.5	1.0		0.8	1982.92926289758	1982.9291784324807	1983.9767678613653	1982.6097585516832	1982.6107917912746	1982.7149665789725	
1982.7149665789725	1.336999999999989	WheelMovementIntervals													-0.31222505476026186
1985.1974237824772	2.328544223655399	trials	1.0	1.0	1.5	1.0		0.8	1985.969320417844	1985.9692377778345	1987.0258578954765	1985.6923788770494	1985.6934121166407	1985.7879665789726	
1985.7879665789726	1.4939999999999145	WheelMovementIntervals													-0.5222454105459633
1988.2594793069445	3.316355006459389	trials	1.0	-1.0	0.0		0.0625	0.8	1989.034109027682	1989.0331916734592	1991.0757904602146	1988.74316875694	1988.744102005603	1988.8369665789726	
1988.8369665789726	0.5070000000000618	WheelMovementIntervals													-0.3407524582899839
1992.3203442131655	2.5887281606355828	trials	1.0	1.0	1.5	0.0625		0.8	1993.3612497756899	1993.3611547311739	1994.4090547122598	1993.0094150296763	1993.0104482692675	1993.1659665789725	
1993.1659665789725	0.790000000000191	WheelMovementIntervals													-0.3356259055606188
1994.5669665789726	0.5219999999999345	WheelMovementIntervals													-0.09465068835464763
1995.4449665789725	0.05300000000011096	WheelMovementIntervals													-0.0015891511316681317
1995.6261776205756	2.3664418519290393	trials	1.0	1.0	1.5	1.0		0.8	1996.4261050461466	1996.4259910897888	1997.49257495598	1996.1598958649786	1996.1607957833323	1996.2669665789726	
1996.2669665789726	1.7860000000000582	WheelMovementIntervals													0.665210485775134
1998.7250298066192	2.484059119496578	trials	1.0	1.0	1.5	0.25		0.8	1999.6512457745023	1999.6511511022404	2000.7090498038917	1999.242949484367	1999.2438160724114	1999.3969665789725	
1999.3969665789725	1.5470000000000255	WheelMovementIntervals													0.9006360029124494
2001.9493039469303	2.4102387975904094	trials	1.0	1.0	1.5	0.125		0.8	2002.787394576763	2002.7873167410366	2003.859430648266	2002.526051620767	2002.5271515209772	2002.5859665789726	
2002.5859665789726	1.6700000000000728	WheelMovementIntervals													1.163330450077666
2005.0941519599442	2.764940588649324	trials	1.0	1.0	1.5	0.25		0.8	2006.2905767461234	2006.2904686562326	2007.35907980483	2005.6591673648727	2005.6601672741547	2005.7609665789726	
2005.7609665789726	2.106999999999971	WheelMovementIntervals													0.8407034795947084
2008.5968008443542	2.5290561870976944	trials	1.0	1.0	1.5	0.125		0.8	2009.5685126845667	2009.5684216621253	2010.6257500986965	2009.2261104161128	2009.2271769860135	2009.3489665789725	
2009.3489665789725	1.8179999999999836	WheelMovementIntervals													1.3677156460240667
2011.866170893282	2.526930688175753	trials	1.0	1.0	1.5	0.0625		0.8	2012.8220841668394	2012.8219817445768	2013.8930203381321	2012.425986769944	2012.4268533579884	2012.5469665789726	
2012.5469665789726	1.8389999999999418	WheelMovementIntervals													-0.3867791428160672
2015.1316079657006	2.578153064274602	trials	-1.0	1.0	1.5		1.0	0.8	2016.146849189988	2016.1467280717109	2017.209719426406	2015.6093312903135	2015.610197878358	2015.7129665789726	
2015.7129665789726	1.5209999999999582	WheelMovementIntervals													1.4177763173060782
2018.4488736692344	2.460635116538242	trials	-1.0	1.0	1.5		1.0	0.8	2019.3384929573976	2019.3383856407604	2020.4094957893092	2019.0423531583895	2019.0432197464338	2019.0979665789725	
2019.0979665789725	1.8230000000000928	WheelMovementIntervals													0.9818663501833669
2021.6483167290437	12.861343483716837	trials	1.0	1.0	1.5	0.0		0.8	2032.9433253084167	2032.9432288015503	2034.009561906084	2022.1423385749526	2022.1432384933064	2027.3649665789726	
2027.3649665789726	0.46100000000001273	WheelMovementIntervals													-0.10820829709547297
2032.7499665789726	1.9269999999999072	WheelMovementIntervals													1.297215478120279
2035.6510796439748	3.5586380072390966	trials	-1.0	-1.0	0.0	0.125		0.8	2036.6393233176489	2036.6382896328262	2038.7096688162644	2036.2090956839293	2036.2099289416642	2036.3169665789726	
2036.3169665789726	1.1200000000001182	WheelMovementIntervals													0.6596144459352331
2039.9481231225955	2.4779599790326756	trials	1.0	1.0	1.5	0.0625		0.8	2040.8696395168533	2040.8695446819147	2041.9260103429388	2040.459076765679	2040.4602766568173	2040.5579665789726	
2040.5579665789726	1.8070000000000164	WheelMovementIntervals													0.5456096191071822
2043.1609982970922	5.464993123837303	trials	1.0	1.0	1.5	0.125		0.8	2047.073143362776	2047.0730635272557	2048.1259478457555	2043.82583797867	2043.8269712091897	2043.9989665789726	
2043.9989665789726	0.25700000000006185	WheelMovementIntervals													-0.14807533003988738
2046.9419665789726	1.70900000000006	WheelMovementIntervals													0.7917069881243322
2049.368301798286	2.6906443936777578	trials	1.0	1.0	1.5	0.125		0.8	2050.5008990419665	2050.500819642189	2051.558903053213	2050.008910344931	2050.009976914832	2050.1789665789724	
2050.1789665789724	2.130000000000109	WheelMovementIntervals													1.1016650015952507
2052.811756053204	2.431236940878989	trials	1.0	1.0	1.5	0.125		0.8	2053.6852768019276	2053.6851686055807	2054.7429475100794	2053.2928124087566	2053.293678996801	2053.4399665789724	
2053.4399665789724	1.719000000000051	WheelMovementIntervals													0.9098634190374071
2055.9834016349746	2.5757522720641646	trials	1.0	1.0	1.5	0.0625		0.8	2057.00760871249	2057.007521623165	2058.059113313403	2056.692104003721	2056.6930039220747	2056.7469665789727	
2056.7469665789727	1.4119999999998072	WheelMovementIntervals													0.36496303139696806
2059.3093665492615	2.400038811487775	trials	1.0	1.0	1.5	0.0		0.8	2060.139691217004	2060.1395789370367	2061.209294175921	2059.89211367879	2059.8930135971436	2059.979966578973	
2059.979966578973	2.5039999999999054	WheelMovementIntervals													-0.5321032567483428
2062.4645136278796	2.66114721682834	trials	1.0	1.0	1.5	1.0		0.8	2063.5599475765803	2063.5598322389633	2064.6255842286787	2063.2921052102515	2063.293071789224	2063.3969665789728	
2063.3969665789728	2.2469999999998436	WheelMovementIntervals													-0.45570465570122565
2065.8684714661595	3.5575643447496077	trials	1.0	-1.0	0.0		1.0	0.8	2066.8610480800558	2066.86018884557	2068.925994068549	2066.509479976517	2066.5103798948708	2066.6349665789726	
2066.6349665789726	0.6920000000000073	WheelMovementIntervals													-0.5857519330567129
2070.179447014109	2.513430637084184	trials	1.0	1.0	1.5	0.0625		0.8	2071.126461095057	2071.1263578028547	2072.192831013962	2070.8089232374145	2070.8097231648403	2070.9119665789726	
2070.9119665789726	1.63799999999992	WheelMovementIntervals													-0.2816981394369691
2073.4435842044613	2.615449917206206	trials	1.0	1.0	1.5	1.0		0.8	2074.4967219905348	2074.496603496646	2075.5589589510746	2074.158985965397	2074.160085865607	2074.3009665789727	
2074.3009665789727	1.5079999999998108	WheelMovementIntervals													0.5631914979919941
2076.8060458075397	2.453260696673169	trials	1.0	1.0	1.5	0.125		0.8	2077.7041643246	2077.7040672935864	2078.759235268619	2077.359428934488	2077.36042884377	2077.4959665789725	
2077.4959665789725	1.3900000000003274	WheelMovementIntervals													0.7267855473272107
2080.0041223246635	2.5888248717014903	trials	1.0	1.0	1.5	0.0		0.8	2081.028229411251	2081.0281313715595	2082.0928994843766	2080.609000779633	2080.609767376749	2080.749966578973	
2080.749966578973	1.5509999999999309	WheelMovementIntervals													0.8315016850349934
2083.3521519037727	2.6566472581025664	trials	1.0	1.0	1.5	0.125		0.8	2084.4570849906518	2084.4569707252417	2085.508756243112	2084.0752529661795	2084.0761195542236	2084.2399665789726	
2084.2399665789726	1.1089999999999236	WheelMovementIntervals													1.041904038113728
2086.754709869058	2.5716519706038525	trials	1.0	1.0	1.5	0.0625		0.8	2087.772950821191	2087.7728296524733	2088.8262552588117	2087.409117163794	2087.410117073076	2087.5119665789725	
2087.5119665789725	1.6190000000001419	WheelMovementIntervals													0.7116543259213586
2090.083274547478	2.3254424432802807	trials	1.0	1.0	1.5	0.0		0.8	2090.8551045222257	2090.8549879688476	2091.908608941703	2090.5587314110517	2090.559831311262	2090.6719665789724	
2090.6719665789724	1.3230000000003201	WheelMovementIntervals													0.8760274040627394
2093.1663281668666	2.8932563085036236	trials	1.0	1.0	1.5	0.0		0.8	2094.494241023624	2094.494153091096	2095.5594777120095	2093.6424849669374	2093.6434848762196	2093.7489665789726	
2093.7489665789726	2.2100000000000364	WheelMovementIntervals													1.7675576316312345
2096.8193967375933	2.556252570896959	trials	1.0	1.0	1.5	0.25		0.8	2097.817106219137	2097.8170164737203	2098.8755768547144	2097.4085432865263	2097.4094765351892	2097.5929665789727	
2097.5929665789727	0.9409999999998035	WheelMovementIntervals													1.0173275532422679
2098.7169665789725	0.6110000000003311	WheelMovementIntervals													-0.0591829024145909
2100.1373623776244	2.488130201019885	trials	1.0	1.0	1.5	0.0625		0.8	2101.0732774655426	2101.0731729843096	2102.125448672644	2100.67538023194	2100.6765134624593	2100.7889665789726	
2100.7889665789726	1.0830000000000837	WheelMovementIntervals													0.6227607811970302
2102.1729665789726	0.19900000000006912	WheelMovementIntervals													-0.011349141709644073
2102.7289665789726	0.9969999999998436	WheelMovementIntervals													-0.5130626557287314
2103.4033993956123	2.772663912015105	trials	1.0	1.0	1.5	1.0		0.8	2104.6280216235427	2104.6279267386144	2105.67595988135	2104.3592793388602	2104.360179257214	2104.4479665789727	
2104.4479665789727	1.199999999999818	WheelMovementIntervals													0.4797789296265478
2106.941478398913	3.517039028217823	trials	1.0	-1.0	0.0		0.0625	0.8	2107.906190874152	2107.9051885450813	2109.9585046753828	2107.558555747122	2107.559522326095	2107.6699665789724	
2107.6699665789724	0.3200000000001637	WheelMovementIntervals													-0.31565277593199426
2111.2211234560277	2.7048674495931664	trials	1.0	1.0	1.5	0.25		0.8	2112.3658529323293	2112.3657511525485	2113.4258900924488	2111.6756488852993	2111.676548803653	2111.8149665789724	
2111.8149665789724	2.062000000000353	WheelMovementIntervals													0.6778495554402468
2114.7017076756156	2.3910366963173146	trials	1.0	1.0	1.5	0.0		0.8	2115.5337988497567	2115.533719748937	2116.5927027793564	2115.241825339423	2115.242891909324	2115.3539665789726	
2115.3539665789726	2.09900000000016	WheelMovementIntervals													1.0032772848526577
2117.869153638402	2.489629984858311	trials	1.0	1.0	1.5	0.0625		0.8	2118.799269252485	2118.7991640922487	2119.8587064670346	2118.425369841649	2118.4262364296933	2118.5509665789727	
2118.5509665789727	2.018999999999778	WheelMovementIntervals													0.8713947709119623
2121.1381903842357	2.5544524842516694	trials	1.0	1.0	1.5	0.0		0.8	2122.139132905791	2122.139010163675	2123.1925706646493	2121.709205244856	2121.7102384844475	2121.818966578973	
2121.818966578973	1.4209999999998217	WheelMovementIntervals													-0.3088228180344572
2124.456755969836	3.4851682206217447	trials	1.0	-1.0	0.0		0.25	0.8	2125.381605395034	2125.380773526813	2127.441885140211	2124.9753755840816	2124.9762755024353	2125.077966578973	
2125.077966578973	0.43899999999985084	WheelMovementIntervals													-0.3094216060538031
2128.7097367794318	2.6323473535512676	trials	-1.0	1.0	1.5		0.0	0.8	2129.779539720205	2129.7794552099513	2130.8419766626007	2129.459268777192	2129.4603020167833	2129.6109665789727	
2129.6109665789727	1.1599999999998545	WheelMovementIntervals													1.2970496165234806
2132.106195298097	2.335639714262925	trials	-1.0	1.0	1.5		0.125	0.8	2132.8890909355655	2132.8890079384037	2133.941728766998	2132.6090496759966	2132.60998292466	2132.7389665789724	
2132.7389665789724	1.7560000000003129	WheelMovementIntervals													1.3588961489825522
2135.225145660708	2.6168474779315147	trials	1.0	1.0	1.5	0.25		0.8	2136.2828496991697	2136.2827640409528	2137.341886950007	2135.8927184276567	2135.8936516763197	2136.0239665789727	
2136.0239665789727	1.699999999999818	WheelMovementIntervals													0.6547780180423217
2138.6169046057485	2.5921489366191963	trials	1.0	1.0	1.5	0.0625		0.8	2139.658810077555	2139.658723470195	2140.7089814660917	2139.259179667863	2139.260012925598	2139.4369665789727	
2139.4369665789727	1.6529999999997926	WheelMovementIntervals													-0.3876593800219439
2141.985965610088	2.572625303588211	trials	1.0	1.0	1.5	0.0		0.8	2143.0067729960447	2143.0066748559693	2144.0584775788143	2142.5919439652675	2142.593010535168	2142.7139665789728	
2142.7139665789728	1.211999999999989	WheelMovementIntervals													0.5503748018610963
2144.6479665789725	0.4030000000002474	WheelMovementIntervals													-0.08164883168450388
2145.3264958695822	2.3660628660472867	trials	1.0	1.0	1.5	0.125		0.8	2146.1440216985156	2146.1439168974202	2147.1924599109643	2145.7923202737397	2145.793353513331	2145.8969665789728	
2145.8969665789728	1.655999999999949	WheelMovementIntervals													0.7973610960365818
2148.4751768681767	2.6008219812742936	trials	1.0	1.0	1.5	1.0		0.8	2149.517582294624	2149.517484875892	2150.575919608964	2149.1085860679914	2149.109719298511	2149.2219665789726	
2149.2219665789726	1.6460000000001855	WheelMovementIntervals													-0.3363563364344202
2151.8624028911386	2.346155298474514	trials	1.0	1.0	1.5	1.0		0.8	2152.6581306977255	2152.6580209654876	2153.7085020681193	2152.375256361858	2152.3763895923776	2152.472966578973	
2152.472966578973	2.0279999999997926	WheelMovementIntervals													-0.3599704928775509
2155.388382992128	2.4367336653290295	trials	1.0	1.0	1.5	0.25		0.8	2156.2712028971737	2156.2710944629544	2157.3250072894352	2155.9259342221117	2155.926734149537	2156.010966578973	
2156.010966578973	1.3019999999996799	WheelMovementIntervals													-0.2779008767597304
2158.602124754669	2.5229534582786073	trials	1.0	1.0	1.5	1.0		0.8	2159.569936948682	2159.5698444923273	2160.6250078927005	2159.275696977309	2159.27676354721	2159.3869665789725	
2159.3869665789725	1.068000000000211	WheelMovementIntervals													-0.4467942417236088
2160.8009665789727	0.13400000000001455	WheelMovementIntervals													-0.037804435165952555
2161.9017920548404	2.374037304342437	trials	1.0	1.0	1.5	0.25		0.8	2162.7150849344803	2162.715004148129	2163.7757553704782	2162.4089793729618	2162.4097793003875	2162.510966578973	
2162.510966578973	1.0079999999998108	WheelMovementIntervals													-0.4105415020491989
2165.0584389973815	2.3834369508017517	trials	1.0	1.0	1.5	1.0		0.8	2165.8818642910787	2165.8817510704584	2166.94176812996	2165.6417194118603	2165.642785981761	2165.7359665789727	
2165.7359665789727	1.1140000000000327	WheelMovementIntervals													-0.46266508573086185
2167.104966578973	0.18899999999985084	WheelMovementIntervals													-0.015029558362130047
2168.2212853774704	2.3539384308569424	trials	1.0	1.0	1.5	0.0625		0.8	2169.025412422026	2169.0252978208127	2170.075150516541	2168.775501762154	2168.7764683411265	2168.8779665789725	
2168.8779665789725	1.668999999999869	WheelMovementIntervals													0.4367675862324063
2171.3599339529364	2.4984556943795724	trials	1.0	1.0	1.5	0.125		0.8	2172.296548977352	2172.296454079716	2173.3582859832504	2171.9088841487346	2171.9098173973975	2172.0049665789725	
2172.0049665789725	1.76299999999992	WheelMovementIntervals													-0.3200268885003368
2174.627404174228	3.4480694289213716	trials	1.0	-1.0	0.0		0.0	0.2	2175.5284890888247	2175.527721780441	2177.5753700496234	2175.258880216098	2175.259813464761	2175.3509665789725	
2175.3509665789725	0.5260000000002947	WheelMovementIntervals													-0.4054830655911701
2178.85898692519	3.599458259517178	trials	1.0	-1.0	0.0		0.125	0.2	2179.9008257363776	2179.899803193144	2181.9583723961837	2179.4083704150103	2179.409170342436	2179.5459665789726	
2179.5459665789726	0.7139999999999418	WheelMovementIntervals													-0.34815607203154286
2183.2467555059943	3.261855935899348	trials	1.0	-1.0	0.0		0.0	0.2	2183.9581909601116	2183.9571672528946	2186.0085049427785	2183.7087802548804	2183.709846824781	2183.798966578973	
2183.798966578973	0.3550000000000182	WheelMovementIntervals													-0.3711528202604768
2187.286722308222	2.539126119903358	trials	1.0	1.0	1.5	0.125		0.2	2188.2732328058078	2188.273131678414	2189.3257706463123	2187.892067387523	2187.8928673149485	2187.7329665789725	
2187.7329665789725	2.5030000000001564	WheelMovementIntervals													0.41912980875341077
2190.6125539012714	3.5132648518092537	trials	1.0	-1.0	0.0		0.0	0.2	2191.577566349295	2191.5766711491924	2193.6258138527787	2191.174736229901	2191.17590279073	2191.2969665789724	
2191.2969665789724	2.555000000000291	WheelMovementIntervals													-0.3120381080894674
2194.9090307646325	15.13317430318375	trials	-1.0	-1.0	0.0	0.0625		0.2	2207.4866229799804	2207.485857069423	2209.5421364909134	2195.4582142725963	2195.4592475121876	2195.7359665789727	
2195.7359665789727	0.40699999999969805	WheelMovementIntervals													-0.2523118152326731
2207.2429665789728	1.8739999999997963	WheelMovementIntervals													0.7375520758828884
2210.8521176412146	2.4562319211395334	trials	-1.0	1.0	1.5		0.0625	0.2	2211.7389371833883	2211.7388284428807	2212.80824016952	2211.4250323294705	2211.4259655781334	2211.5749665789726	
2211.5749665789726	2.3760000000002037	WheelMovementIntervals													1.386308330305127
2214.0912570995174	2.533652140664344	trials	-1.0	1.0	1.5		0.125	0.2	2215.0641688308683	2215.0640763514907	2216.1248725971755	2214.742098051148	2214.7429979695016	2214.856966578973	
2214.856966578973	1.469000000000051	WheelMovementIntervals													1.0004069685017782
2216.604966578973	0.1639999999997599	WheelMovementIntervals													0.03232945199775372
2217.409022757692	5.983206410873208	trials	-1.0	1.0	1.5		0.0625	0.2	2221.8180894062025	2221.817999697229	2222.89209196596	2218.0587304788028	2218.059730388085	2221.1839665789726	
2221.1839665789726	2.418999999999869	WheelMovementIntervals													1.0523339318689295
2224.188041056004	2.554150410285729	trials	-1.0	1.0	1.5		0.125	0.2	2225.169751989036	2225.1696596611873	2226.2421213636326	2224.8583135780136	2224.859346817605	2225.0279665789726	
2225.0279665789726	1.3139999999998508	WheelMovementIntervals													1.3354649567338868
2227.531104419012	2.594421826630878	trials	1.0	1.0	1.5	1.0		0.2	2228.552811723323	2228.5527122261624	2229.625447740395	2228.1747793541217	2228.175712602785	2228.3509665789725	
2228.3509665789725	1.4710000000000036	WheelMovementIntervals													0.45655676832137715
2230.919730314969	2.5224524830728114	trials	-1.0	1.0	1.5		1.0	0.2	2231.8800765196765	2231.879949532305	2232.9420801680503	2231.5580724005745	2231.559038979547	2231.7249665789727	
2231.7249665789727	1.2489999999997963	WheelMovementIntervals													1.0338082116078624
2234.2307965809546	2.2774448448762996	trials	-1.0	1.0	1.5		0.0	0.2	2234.9401988861987	2234.940109925051	2236.0081353296455	2234.708153272164	2234.709053190518	2234.8039665789724	
2234.8039665789724	1.162000000000262	WheelMovementIntervals													1.1993965989416893
2237.2738538290646	2.367635726941444	trials	-1.0	1.0	1.5		0.0	0.2	2238.081080592394	2238.0809653263577	2239.1414510556074	2237.7586098489605	2237.7597430794804	2237.8219665789725	
2237.8219665789725	0.831000000000131	WheelMovementIntervals													1.4707858015161435
2239.0739665789724	0.7480000000000473	WheelMovementIntervals													-0.3487583670804497
2240.4397999279277	7.9681276986152625	trials	-1.0	1.0	1.5		0.125	0.2	2246.8378194595016	2246.8377016588893	2247.907855712441	2241.125404392261	2241.126404301543	2246.653966578973	
2246.653966578973	1.2539999999999054	WheelMovementIntervals													0.8367034455340274
2249.2024382597992	2.538950965988988	trials	-1.0	1.0	1.5		0.0	0.2	2250.1716836571163	2250.1715569501384	2251.241353276652	2249.8752438853235	2249.8761104733676	2250.0259665789727	
2250.0259665789727	2.173999999999978	WheelMovementIntervals													1.0731280211811338
2252.5354025390598	12.806119351831967	trials	-1.0	1.0	1.5		0.0625	0.2	2263.7794157450526	2263.7792933759715	2264.841452723736	2253.02549140846	2253.026424657123	2263.6259665789726	
2263.6259665789726	2.2739999999998872	WheelMovementIntervals													0.8532296980934007
2266.153633674457	2.4717550526670493	trials	-1.0	1.0	1.5		0.0625	0.2	2267.0677507400283	2267.0676532925736	2268.125321457252	2266.808540923834	2266.809474172497	2266.8729665789724	
2266.8729665789724	2.2590000000000146	WheelMovementIntervals													1.0875552643589401
2269.4219038231745	4.836178688404743	trials	-1.0	1.0	1.5		0.0	0.2	2272.7025395166793	2272.702455843647	2273.7579770941015	2270.17446887909	2270.1755021186814	2272.5229665789725	
2272.5229665789725	1.425000000000182	WheelMovementIntervals													0.7726435525719069
2274.6579665789727	0.15000000000009095	WheelMovementIntervals													0.012434613207204848
2275.051293089703	2.6573452786583402	trials	1.0	1.0	1.5	1.0		0.2	2276.1468936899505	2276.14681010724	2277.20859736554	2275.6585713269487	2275.659504575612	2275.8519665789727	
2275.8519665789727	0.9639999999999418	WheelMovementIntervals													-0.42908673686707743
2276.9919665789726	0.6060000000002219	WheelMovementIntervals													-0.08495609947109983
2278.5019466914505	2.5900488902275356	trials	-1.0	1.0	1.5		0.0625	0.2	2279.5350529615757	2279.534965393214	2280.5918904119926	2279.2244811385976	2279.225514378189	2279.3409665789727	
2279.3409665789727	0.6880000000001019	WheelMovementIntervals													1.0363858502061305
2281.8711076867185	2.337436713151874	trials	-1.0	1.0	1.5		0.125	0.2	2282.6433042948697	2282.6432191533063	2283.708440992327	2282.357930185797	2282.3588634344605	2282.4959665789725	
2282.4959665789725	0.9130000000000109	WheelMovementIntervals													1.553324204200777
2284.6379665789727	0.5419999999999163	WheelMovementIntervals													-0.06740433160547354
2285.028354574829	2.5129526379346316	trials	-1.0	1.0	1.5		1.0	0.2	2285.9777684380533	2285.977673704342	2287.0412386200405	2285.724391426004	2285.725557986833	2285.8239665789724	
2285.8239665789724	1.568000000000211	WheelMovementIntervals													1.110598475976019
2287.6379665789727	0.33599999999978536	WheelMovementIntervals													0.04265360596500045
2288.335321212758	2.406133859217789	trials	-1.0	1.0	1.5		1.0	0.2	2289.175411661155	2289.175332335206	2290.241381616347	2288.9417661922694	2288.9428994227887	2288.9989665789726	
2288.9989665789726	1.4459999999999127	WheelMovementIntervals													0.9423268533601288
2291.5414636647565	2.383835244855163	trials	-1.0	1.0	1.5		1.0	0.2	2292.357989584408	2292.3578750503916	2293.425259421667	2292.075115248541	2292.0762151487506	2292.2199665789726	
2292.2199665789726	1.356999999999971	WheelMovementIntervals													1.3815426465010319
2294.7260080762644	2.382359814024312	trials	-1.0	1.0	1.5		0.25	0.2	2295.554232934515	2295.5541281727064	2296.608303969252	2295.224596174561	2295.2255627535337	2295.4079665789727	
2295.4079665789727	0.7190000000000509	WheelMovementIntervals													0.9588362085198412
2297.9145854552094	3.4436402299461406	trials	-1.0	-1.0	0.0	0.0		0.2	2298.8035714674943	2298.8026953146573	2300.858151729764	2298.5413285931445	2298.5422618418074	2298.5989665789725	
2298.5989665789725	0.6869999999998981	WheelMovementIntervals													0.6878347862501641
2302.170132698629	2.271441392655106	trials	-1.0	1.0	1.5		0.0	0.2	2302.887767590294	2302.8876451421465	2303.9414719916276	2302.674453610142	2302.6755868406617	2302.7639665789725	
2302.7639665789725	1.3030000000003383	WheelMovementIntervals													1.4474948361118152
2305.254586191012	2.3537499028784623	trials	-1.0	1.0	1.5		1.0	0.2	2306.045114469333	2306.0450022773452	2307.108251348226	2305.791237502642	2305.7922707422335	2305.8639665789724	
2305.8639665789724	0.930000000000291	WheelMovementIntervals													1.4152731355570722
2307.1799665789727	0.24499999999989086	WheelMovementIntervals													0.028848534569249296
2308.8556594790766	2.452731256698371	trials	-1.0	1.0	1.5		1.0	0.2	2309.7464786583782	2309.746370103662	2310.8083489855144	2309.4412730152135	2309.4422729244957	2309.597966578973	
2309.597966578973	1.074999999999818	WheelMovementIntervals													1.5164726563681086
2312.1027982116357	2.5557484096539156	trials	-1.0	1.0	1.5		0.0625	0.2	2313.092241776448	2313.0921161765905	2314.158511704425	2312.8576963892087	2312.858629637872	2312.9459665789727	
2312.9459665789727	1.4249999999997272	WheelMovementIntervals													1.1623633504865154
2315.4702593611237	2.2709423504552433	trials	-1.0	1.0	1.5		0.125	0.2	2316.1860944160817	2316.185972078018	2317.241132029791	2315.9411833026193	2315.942316533139	2316.0129665789727	
2316.0129665789727	0.7619999999997162	WheelMovementIntervals													1.024073677917471
2318.5426139511956	2.281842238331592	trials	-1.0	1.0	1.5		0.0	0.2	2319.272647717957	2319.272526822583	2320.3244189613456	2319.0583004982136	2319.0596337105894	2319.1229665789724	
2319.1229665789724	1.2470000000002983	WheelMovementIntervals													1.331014880805526
2321.6187681965384	3.406370388290725	trials	-1.0	-1.0	0.0	0.125		0.2	2322.4616583909246	2322.460685099356	2324.525071185185	2322.241545027655	2322.242311624771	2322.336966578973	
2322.336966578973	0.7429999999999382	WheelMovementIntervals													0.8372084838771343
2325.830452752789	2.52812513479239	trials	-1.0	1.0	1.5		0.0	0.2	2326.799864801653	2326.7997616229036	2327.858535419087	2326.5743185979513	2326.5753518375427	2326.6799665789727	
2326.6799665789727	1.456000000000131	WheelMovementIntervals													1.9079657232877025
2329.167883293509	2.373259721620343	trials	-1.0	1.0	1.5		0.0	0.2	2329.9869089863655	2329.9868032110026	2331.041013351412	2329.7577297789394	2329.758696357912	2329.8539665789726	
2329.8539665789726	1.293999999999869	WheelMovementIntervals													1.1102804690257813
2332.354960808531	2.269640869435989	trials	-1.0	1.0	1.5		0.0625	0.2	2333.068862705544	2333.068773033143	2334.1244669345133	2332.8413500135875	2332.8423499228697	2332.9359665789725	
2332.9359665789725	1.26299999999992	WheelMovementIntervals													1.1684749362752314
2334.6459665789725	0.12800000000015643	WheelMovementIntervals													-0.014310743387738967
2335.4456137384627	2.5625472465944767	trials	-1.0	1.0	1.5		0.25	0.2	2336.456522022528	2336.4564315863545	2337.5080599537505	2336.208211217507	2336.209377778336	2336.2759665789727	
2336.2759665789727	1.0479999999997744	WheelMovementIntervals													0.7312553424167731
2337.6409665789724	0.2430000000003929	WheelMovementIntervals													-0.13173272809103764
2338.8286734727494	2.4628290553109764	trials	-1.0	1.0	1.5		0.25	0.2	2339.739290855834	2339.739183475121	2340.7913954023165	2339.407654277316	2339.408720847217	2339.5899665789725	
2339.5899665789725	1.4010000000002947	WheelMovementIntervals													1.120671487109746
2342.1059094746956	3.535659937764649	trials	-1.0	-1.0	0.0	0.125		0.2	2343.080721033682	2343.0798254339547	2345.1415340638096	2342.8243109634773	2342.8254108636875	2342.9359665789725	
2342.9359665789725	0.6199999999998909	WheelMovementIntervals													0.5380580016136491
2346.462680867759	2.445653872658113	trials	-1.0	1.0	1.5		0.25	0.2	2347.3531000833477	2347.352999751546	2348.4082710182947	2347.124287509325	2347.1250874367506	2347.1979665789727	
2347.1979665789727	2.3029999999998836	WheelMovementIntervals													2.134636995626124
2349.7383503451633	10.869993943031204	trials	-1.0	-1.0	0.0	0.125		0.2	2358.055429100991	2358.054397190437	2360.108242856863	2350.3575275028647	2350.3584274212185	2357.9199665789724	
2357.9199665789724	0.9810000000002219	WheelMovementIntervals													0.5976763629348625
2361.425156711519	3.3823428831974525	trials	-1.0	-1.0	0.0	0.0		0.2	2362.2551147458585	2362.254066730755	2364.307428547089	2361.957808386021	2361.9587749649936	2362.0429665789725	
2362.0429665789725	0.6660000000001673	WheelMovementIntervals													0.37781659964366554
2365.6399076562343	3.784168832787145	trials	1.0	-1.0	0.0		0.125	0.2	2366.870462679238	2366.8695293727724	2368.9240430322257	2366.37470765724	2366.37580755745	2366.490966578973	
2366.490966578973	0.6799999999998363	WheelMovementIntervals													-0.371307284648708
2370.2529891285744	2.4880516116595572	trials	-1.0	1.0	1.5		0.0	0.2	2371.189304180205	2371.189207796741	2372.240942102356	2370.7913069556744	2370.7921402134093	2370.9019665789724	
2370.9019665789724	2.3040000000000873	WheelMovementIntervals													0.7431261175167378
2373.5662551949804	3.3247480350823935	trials	-1.0	-1.0	0.0	0.0625		0.2	2374.338818436535	2374.337865878846	2376.3908989256	2374.041178773604	2374.0421453525764	2374.1859665789725	
2374.1859665789725	0.6220000000002983	WheelMovementIntervals													0.5704084249205152
2377.7101125716044	2.3641355542445126	trials	-1.0	1.0	1.5		0.25	0.2	2378.515539498226	2378.515424001413	2379.5742434459694	2378.2578962065736	2378.2588294552365	2378.3959665789725	
2378.3959665789725	1.3270000000002256	WheelMovementIntervals													1.1787100778695958
2380.8871576634974	2.5704465650787824	trials	1.0	1.0	1.5	0.125		0.2	2381.909198270902	2381.9090753809805	2382.957569822732	2381.524833142915	2381.525833052197	2381.6999665789726	
2381.6999665789726	1.4450000000001637	WheelMovementIntervals													0.5509478723877237
2384.280216490604	3.3777712412324945	trials	-1.0	1.0	1.5		0.0	0.2	2386.1057508666854	2386.1056539104075	2387.1579220737867	2384.8746625587314	2384.875529146776	2385.1669665789727	
2385.1669665789727	2.161000000000058	WheelMovementIntervals													0.9834268716893462
2388.475902498343	2.298439824394336	trials	-1.0	1.0	1.5		0.0625	0.2	2389.21010255378	2389.210014579297	2390.2743060025737	2388.9407936538373	2388.9418602237383	2389.0529665789727	
2389.0529665789727	1.1279999999997017	WheelMovementIntervals													0.9821759593787647
2391.5858536774163	2.271540830660342	trials	-1.0	1.0	1.5		0.25	0.2	2392.309754667249	2392.3096660505653	2393.357326291653	2392.0747093253685	2392.0755425831035	2392.1469665789728	
2392.1469665789728	1.9020000000000437	WheelMovementIntervals													1.1134633408132117
2394.677406525702	3.346846476221799	trials	-1.0	-1.0	0.0	0.125		0.2	2395.4632685607066	2395.4620169523846	2397.524248242381	2395.1577962750666	2395.1585628721828	2395.278966578973	
2395.278966578973	1.0229999999996835	WheelMovementIntervals													0.6748511319818817
2398.8434618883853	2.5315496252728735	trials	-1.0	1.0	1.5		0.0	0.2	2399.824972839561	2399.824880351512	2400.8749775765514	2399.5746955462855	2399.5755621343296	2399.6589665789725	
2399.6589665789725	1.7800000000002	WheelMovementIntervals													1.4652395820216384
2402.1908248613063	3.2669515928641886	trials	-1.0	-1.0	0.0	0.25		0.2	2402.9059266494573	2402.9048357001084	2404.9576738354285	2402.6740143566603	2402.674914275014	2402.740966578973	
2402.740966578973	0.8389999999999418	WheelMovementIntervals													0.591040003575813
2406.282486973412	11.008281117335628	trials	-1.0	1.0	1.5		0.0625	0.2	2415.7433619568783	2415.7432409107087	2416.790733599426	2406.790607540196	2406.7916074494783	2415.5639665789727	
2406.9959665789725	0.0840000000002874	WheelMovementIntervals													0.0037386368651368684
2415.5639665789727	2.8359999999997854	WheelMovementIntervals													0.7418011553653514
2418.120779595985	2.753160246817515	trials	-1.0	1.0	1.5		1.0	0.2	2419.322203928574	2419.322105011644	2420.3738751810342	2419.0745263994313	2419.0756262996415	2419.1529665789726	
2419.1529665789726	1.2489999999997963	WheelMovementIntervals													0.8985912764864565
2420.604966578973	1.586999999999989	WheelMovementIntervals													-0.11622199726542704
2421.6959552336466	3.7949682049024887	trials	-1.0	-1.0	0.0	0.25		0.2	2422.9303099119215	2422.929476752976	2424.9908896298834	2422.6575013294923	2422.658634560012	2422.7309665789726	
2422.7309665789726	1.1900000000000546	WheelMovementIntervals													0.5051467323411885
2424.0769665789726	0.10600000000022192	WheelMovementIntervals													0.0044705694323852185
2426.3182358713807	2.489551400653454	trials	-1.0	1.0	1.5		0.125	0.2	2427.2548508957966	2427.254754454901	2428.3076887090856	2426.85715364405	2426.858320204879	2427.075966578973	
2427.075966578973	0.7859999999996035	WheelMovementIntervals													0.9453317819291556
2429.6344016747043	2.406432397093795	trials	-1.0	1.0	1.5		0.125	0.2	2430.4680927036966	2430.4680122045397	2431.540762051078	2430.0903269769706	2430.091326886253	2430.3049665789727	
2430.3049665789727	1.6489999999998872	WheelMovementIntervals													1.1899818207862722
2432.859442412132	2.4814530051253314	trials	-1.0	1.0	1.5		1.0	0.2	2433.764060339525	2433.7639610040956	2434.8408293149623	2433.507916911795	2433.508983481696	2433.6409665789724	
2433.6409665789724	1.4190000000003238	WheelMovementIntervals													1.2163056309830154
2436.154410138678	2.4033320886665024	trials	-1.0	1.0	1.5		0.25	0.2	2436.987501222101	2436.9874205676047	2438.057704126587	2436.7744205541144	2436.7753538027778	2436.8469665789726	
2436.8469665789726	0.7849999999998545	WheelMovementIntervals													1.3557972845314339
2438.2439665789725	0.5610000000001492	WheelMovementIntervals													-0.15720829839767703
2439.3829505585923	2.44095257716981	trials	-1.0	1.0	1.5		0.125	0.2	2440.2576711984543	2440.2575686809064	2441.3238078051936	2439.990562098932	2439.991695329452	2440.0509665789727	
2440.0509665789727	2.1289999999999054	WheelMovementIntervals													1.1035033643732959
2442.6730187296566	15.067344830346428	trials	-1.0	1.0	1.5		0.25	0.2	2456.170927448124	2456.1708362649783	2457.240297094875	2443.1574081161493	2443.1583413648127	2455.961966578973	
2455.961966578973	2.201999999999771	WheelMovementIntervals													1.0088709592284317
2458.584275160763	2.5403480068544013	trials	-1.0	1.0	1.5		0.125	0.2	2459.553687209627	2459.5535927155433	2460.6245233899913	2459.340706532568	2459.3417397721596	2459.4179665789725	
2459.4179665789725	1.0219999999999345	WheelMovementIntervals													1.0065751866589494
2460.8709665789725	0.8690000000001419	WheelMovementIntervals													-0.048379394454400426
2461.953236174174	2.5879449369053873	trials	-1.0	1.0	1.5		1.0	0.2	2462.978043197259	2462.9779531753766	2464.041146745843	2462.6903026362193	2462.691402536429	2462.8429665789727	
2462.8429665789727	0.7260000000001128	WheelMovementIntervals													1.032054647447353
2465.3698928603353	2.3872335393166395	trials	-1.0	1.0	1.5		1.0	0.2	2466.187618671125	2466.1875036623305	2467.257054978495	2465.9571395816324	2465.958106160605	2466.0229665789725	
2466.0229665789725	1.6530000000002474	WheelMovementIntervals													1.1729410528736253
2468.576935230687	2.546954180987541	trials	-1.0	1.0	1.5		1.0	0.2	2469.558946136504	2469.5588553478774	2470.6238495217954	2469.3076689339464	2469.3087688341566	2469.4079665789727	
2469.4079665789727	1.4380000000001019	WheelMovementIntervals													1.1565369239171446
2472.173608917911	2.5001512197786724	trials	-1.0	1.0	1.5		1.0	0.2	2473.112423742747	2473.1123273982	2474.173627463695	2472.7743210842054	2472.7754543147253	2472.9179665789725	
2472.9179665789725	1.5720000000001164	WheelMovementIntervals													0.6165393876922849
2475.49447429486	18.59629168499214	trials	-1.0	1.0	1.5		0.25	0.2	2492.517963150604	2492.517840392915	2493.5906658282947	2476.107418684704	2476.1084519242954	2492.345966578973	
2492.345966578973	1.543999999999869	WheelMovementIntervals													1.2787783680254847
2494.9351771791326	10.522288330375886	trials	-1.0	1.0	1.5		0.25	0.2	2503.9006304436957	2503.900535939149	2504.957334572875	2495.4571298243177	2495.4581963942187	2503.7259665789725	
2503.7259665789725	1.2510000000002037	WheelMovementIntervals													1.0290819976414127
2505.345966578973	1.0599999999999454	WheelMovementIntervals													0.15713387259580713
2506.309178591781	2.531246718252987	trials	-1.0	1.0	1.5		0.125	0.2	2507.274191039804	2507.2740956384814	2508.3403276465433	2507.073575907533	2507.0745758168146	2507.0069665789724	
2507.0069665789724	1.524000000000342	WheelMovementIntervals													1.0698843774083002
2509.2069665789727	1.1929999999997563	WheelMovementIntervals													-0.36391611239992017
2509.691938353283	3.0824635077715357	trials	-1.0	1.0	1.5		0.0625	0.2	2511.2100672857796	2511.2099686442048	2512.2742707345737	2510.9407583858374	2510.9418916163568	2510.9789665789726	
2510.9789665789726	2.244999999999891	WheelMovementIntervals													0.7631705287190016
2513.607116477122	2.516323567021118	trials	-1.0	1.0	1.5		0.0625	0.2	2514.5661294694537	2514.5660246957764	2515.623333553274	2514.2399923919866	2514.2409256406495	2514.3729665789724	
2514.3729665789724	2.3710000000000946	WheelMovementIntervals													1.0985937712709983
2516.9640452488406	2.37685887720545	trials	-1.0	1.0	1.5		1.0	0.2	2517.787970497179	2517.7878649624904	2518.840841640777	2517.5239944467403	2517.524927695403	2517.5879665789726	
2517.5879665789726	1.2350000000001273	WheelMovementIntervals													0.9478368426135262
2520.162021775036	11.978492742146045	trials	-1.0	1.0	1.5		0.125	0.2	2530.5807765203144	2530.580687678939	2531.640380386412	2520.7068723427783	2520.707938912679	2530.383966578973	
2530.383966578973	1.5989999999997053	WheelMovementIntervals													1.1313415465364756
2532.287966578973	0.06999999999970896	WheelMovementIntervals													-0.018353291365485802
2532.9765258295906	2.4637529494971204	trials	-1.0	1.0	1.5		0.125	0.2	2533.8777440654244	2533.8776444643895	2534.94021433813	2533.640332271577	2533.641332180859	2533.7329665789725	
2533.7329665789725	1.6489999999998872	WheelMovementIntervals													1.1622999370209186
2535.6789665789724	0.4450000000001637	WheelMovementIntervals													-0.2423910723803715
2536.267793891793	8.922435722715818	trials	-1.0	1.0	1.5		0.25	0.2	2543.6263929402403	2543.626304175578	2544.6901630950124	2536.823976764731	2536.825043334632	2543.3419665789725	
2543.3419665789725	1.2000000000002728	WheelMovementIntervals													1.1512858574133702
2544.8229665789727	0.3429999999998472	WheelMovementIntervals													0.09268253024703199
2546.042640389797	11.264087359081714	trials	-1.0	1.0	1.5		0.0625	0.2	2555.7561257881966	2555.756000230484	2556.806630479828	2546.623954316021	2546.625020885922	2555.6169665789726	
2555.6169665789726	0.9780000000000655	WheelMovementIntervals													1.146867646592682
2556.8209665789727	0.3029999999998836	WheelMovementIntervals													0.029666279095238224
2558.171539980018	11.769107117153453	trials	-1.0	-1.0	0.0	0.0625		0.2	2567.385104067746	2567.3842005423016	2569.44055091806	2558.707191382366	2558.7080579704107	2567.1869665789727	
2567.1869665789727	0.6289999999999054	WheelMovementIntervals													0.6941377195597624
2568.1659665789725	0.10300000000006548	WheelMovementIntervals													0.0062153494143331045
2570.8077602095987	2.5322465251333597	trials	-1.0	1.0	1.5		1.0	0.2	2571.786471414785	2571.786377416873	2572.8399091736433	2571.4899649823733	2571.4907649097986	2571.642966578973	
2571.642966578973	1.3429999999998472	WheelMovementIntervals													2.0555592572623596
2573.3239665789724	1.1159999999999854	WheelMovementIntervals													0.10558790325512746
2574.193119735234	2.6306396371564915	trials	-1.0	1.0	1.5		0.125	0.2	2575.258623066095	2575.2585349783712	2576.323659772624	2574.9907473694566	2574.991780609048	2575.1039665789726	
2575.1039665789726	0.9909999999999854	WheelMovementIntervals													1.9116960695289436
2577.684069681045	2.3392581956532013	trials	-1.0	1.0	1.5		0.125	0.2	2578.462599047982	2578.4624883808824	2579.5232028233613	2578.1899904474094	2578.1911236779288	2578.2839665789725	
2578.2839665789725	0.5370000000002619	WheelMovementIntervals													0.9017937355818049
2580.8794464431076	2.3770314633193266	trials	-1.0	1.0	1.5		0.0	0.2	2581.7024384427827	2581.7023566430844	2582.756376156282	2581.4070985712	2581.4081651411007	2581.5279665789726	
2581.5279665789726	1.06899999999996	WheelMovementIntervals													1.2790962382885027
2582.8739665789726	0.5059999999998581	WheelMovementIntervals													0.041994100213003094
2584.1118865092217	4.378578295248644	trials	-1.0	-1.0	0.0	0.0625		0.2	2585.9431536985194	2585.942218402137	2587.990401292722	2585.6069841979233	2585.6078174556583	2585.7559665789727	
2584.4949665789727	0.5599999999999454	WheelMovementIntervals													0.2695723997139794
2585.7559665789727	1.2999999999997272	WheelMovementIntervals													0.5414357088989163
2589.351477807331	2.355732551917299	trials	-1.0	1.0	1.5		0.0	0.2	2590.152671784659	2590.152588197075	2591.207109452799	2589.8730638191128	2589.873830416229	2590.0019665789728	
2590.0019665789728	0.6099999999996726	WheelMovementIntervals													0.8295256371005166
2592.5660194972975	2.3578572694150353	trials	-1.0	1.0	1.5		0.0	0.2	2593.3465486827986	2593.346437790713	2594.4238509431866	2593.090105282284	2593.091171852185	2593.1529665789726	
2593.1529665789726	1.2669999999998254	WheelMovementIntervals													0.8489327324673468
2595.777694780656	2.928845728079068	trials	-1.0	1.0	1.5		1.0	0.2	2597.1588028112137	2597.1587153994883	2598.2065077568554	2596.540092277844	2596.541192178054	2596.818966578973	
2596.818966578973	1.4159999999997126	WheelMovementIntervals													0.9749535860737524
2599.5635513040274	2.260338761958792	trials	-1.0	1.0	1.5		0.25	0.2	2600.2738535276253	2600.273762854848	2601.3238249343062	2600.023742885897	2600.024542813322	2600.1239665789726	
2600.1239665789726	1.3800000000001091	WheelMovementIntervals													1.0914875236133526
2602.67910197508	7.92792333689431	trials	-1.0	1.0	1.5		0.0625	0.2	2609.027492675959	2609.02739913579	2610.106928076148	2603.139960163137	2603.1408934118003	2603.2749665789725	
2603.2749665789725	0.16000000000030923	WheelMovementIntervals													0.15757137815626265
2608.8489665789725	1.344000000000051	WheelMovementIntervals													0.6214796130257696
2610.8449665789726	0.7460000000000946	WheelMovementIntervals													-0.1304957722287554
2611.4815366963735	2.475249623126274	trials	-1.0	1.0	1.5		0.25	0.2	2612.3834548687046	2612.383354047093	2613.4567574919647	2612.123211812919	2612.12424505251	2612.2259665789725	
2612.2259665789725	1.875	WheelMovementIntervals													1.0705242282003837
2614.8159008486286	2.990541550402213	trials	1.0	1.0	1.5	1.0		0.2	2616.2353387349954	2616.2352196193524	2617.306441557835	2615.5230366928336	2615.5239366111873	2615.6329665789726	
2615.6329665789726	1.6599999999998545	WheelMovementIntervals													-0.46007094208692934
2618.6638517384104	2.5093476888173427	trials	1.0	1.0	1.5	0.25		0.2	2619.6038664543844	2619.6037688519023	2620.6731694405166	2619.2235009635256	2619.2246008637358	2619.3829665789726	
2619.3829665789726	1.3139999999998508	WheelMovementIntervals													0.8936270786530258
2622.0298130239757	2.576742742535771	trials	1.0	1.0	1.5	0.125		0.2	2623.030755545531	2623.030628848518	2624.1064579510676	2622.7069515897215	2622.7079514990037	2622.818966578973	
2622.818966578973	1.0639999999998508	WheelMovementIntervals													1.0056806472246649
2624.0319665789725	0.21199999999998909	WheelMovementIntervals													-0.023315695003475412
2625.4714674421857	3.585278631507663	trials	1.0	-1.0	0.0		0.125	0.8	2626.4869753089483	2626.48618913078	2628.5566875316854	2626.1568385943533	2626.1579718248727	2626.287966578973	
2626.287966578973	0.4130000000000109	WheelMovementIntervals													-0.3814564775376539
2629.931762776242	2.408629277361797	trials	1.0	1.0	1.5	0.25		0.8	2630.7621541046037	2630.7620721793705	2631.840322953036	2630.406319721462	2630.407319630744	2630.4769665789727	
2630.4769665789727	1.0410000000001673	WheelMovementIntervals													0.6917072362688828
2633.1980997670144	3.5582823386102973	trials	1.0	-1.0	0.0		0.0	0.8	2634.1866767437828	2634.1858220677286	2636.25635563621	2633.839741553251	2633.840674801914	2633.9489665789724	
2633.9489665789724	0.6840000000001965	WheelMovementIntervals													-0.3399434485590973
2637.6109994011053	2.7287316165620723	trials	1.0	1.0	1.5	0.125		0.8	2638.7641947759944	2638.764111916528	2639.839697199675	2638.190213517838	2638.1913467483573	2638.2739665789727	
2638.2739665789727	2.2029999999999745	WheelMovementIntervals													1.0182795138376264
2641.220638578686	9.918975651378332	trials	1.0	-1.0	0.0		0.0	0.8	2648.564705612235	2648.5636671329917	2650.6395840329287	2641.873412688261	2641.8743459369243	2648.3579665789725	
2648.3579665789725	0.6010000000001128	WheelMovementIntervals													-0.4885592437630635
2651.999827289803	2.473549370355613	trials	1.0	1.0	1.5	1.0		0.8	2652.9085448452515	2652.9084446905185	2653.9733149093054	2652.5900070783273	2652.591073648228	2652.6809665789724	
2652.6809665789724	1.2600000000002183	WheelMovementIntervals													0.6082488535379298
2654.4379665789725	0.8279999999999745	WheelMovementIntervals													-0.1493719096479822
2655.3368911971197	2.7359321651201753	trials	1.0	1.0	1.5	0.25		0.8	2656.501185565038	2656.501104033191	2657.5727216819	2656.072757768026	2656.073757677308	2656.2439665789725	
2656.2439665789725	1.7550000000001091	WheelMovementIntervals													0.31551187997177976
2658.9404309280794	2.532345461677778	trials	1.0	1.0	1.5	0.125		0.8	2659.9132426685023	2659.9131476224443	2660.9727465436713	2659.490247711922	2659.491080969657	2659.6779665789727	
2659.6779665789727	1.4429999999997563	WheelMovementIntervals													0.621984117494776
2661.4199665789724	0.42200000000002547	WheelMovementIntervals													-0.05984101626705751
2662.3389892562373	12.517936605831892	trials	-1.0	1.0	1.5		0.0625	0.8	2673.283796274757	2673.2836943772354	2674.356865585851	2662.823645285205	2662.8247785157246	2673.0709665789727	
2673.0709665789727	1.8029999999998836	WheelMovementIntervals													0.8858259056821112
2675.737140358674	2.4524260003590825	trials	1.0	1.0	1.5	0.125		0.8	2676.625426434461	2676.6253490510167	2677.6894632317085	2676.239528112242	2676.2404946912147	2676.4549665789727	
2676.4549665789727	0.8679999999999382	WheelMovementIntervals													-0.3319857661531387
2677.615966578973	0.5989999999997053	WheelMovementIntervals													-0.10053376750533971
2679.053472813545	2.8194522674612017	trials	1.0	1.0	1.5	0.0		0.8	2680.310092138498	2680.3099952158364	2681.3728290536787	2679.673383238053	2679.674483138263	2679.894966578973	
2679.894966578973	1.9369999999998981	WheelMovementIntervals													0.9280491685491938
2682.7382385085098	6.784709205519448	trials	1.0	1.0	1.5	0.125		0.8	2687.9629311583176	2687.962821062392	2689.0229016578182	2683.2568581227547	2683.257858032037	2687.671966578973	
2687.671966578973	1.3119999999998981	WheelMovementIntervals													-0.3921181106761651
2689.1229665789724	0.41200000000026193	WheelMovementIntervals													-0.13317803983238719
2690.873867059971	3.5990777001056813	trials	1.0	-1.0	0.0		0.25	0.8	2691.9058734298856	2691.9050887498584	2693.9728192369425	2691.506709644526	2691.507542902261	2691.671966578973	
2691.671966578973	0.45699999999987995	WheelMovementIntervals													-0.40135798651101595
2695.3477611602616	2.5587422996113673	trials	1.0	1.0	1.5	0.0625		0.8	2696.3379713221902	2696.337876754358	2697.4064410505875	2695.98983624052	2695.9909028104207	2696.1269665789728	
2696.1269665789728	1.1269999999999527	WheelMovementIntervals													0.8783213849792446
2697.5359665789724	0.22600000000011278	WheelMovementIntervals													-0.03167487902260291
2698.791415397036	6.3319005721341455	trials	1.0	1.0	1.5	0.0		0.8	2703.5514835338245	2703.5513894981373	2704.6232196325427	2699.4392566208203	2699.440223199793	2703.3599665789725	
2703.3599665789725	1.5210000000001855	WheelMovementIntervals													1.3090852308101262
2706.0041276812444	2.518546034696101	trials	-1.0	1.0	1.5		1.0	0.8	2706.964840519355	2706.964744476835	2708.022577888126	2706.589474574906	2706.5906078054254	2706.7819665789725	
2706.7819665789725	2.257000000000062	WheelMovementIntervals													1.2989741220521864
2709.392586925654	2.797252424757062	trials	1.0	1.0	1.5	1.0		0.8	2710.6176091172974	2710.61750900675	2711.689745179728	2710.0733584951245	2710.074258413478	2710.298966578973	
2710.298966578973	1.3309999999996762	WheelMovementIntervals													-0.41035128718942815
2713.07065322843	2.568742108117476	trials	1.0	1.0	1.5	0.125		0.8	2714.0778618481518	2714.0777689534475	2715.1393322115755	2713.672531955553	2713.6736318557632	2713.8509665789725	
2713.8509665789725	2.1790000000000873	WheelMovementIntervals													1.1503911643270612
2716.5187070660445	2.4378511164086376	trials	1.0	1.0	1.5	1.0		0.8	2717.3918278510555	2717.391724655096	2718.4564645938717	2717.0899552388305	2717.0909551481122	2717.2099665789724	
2717.2099665789724	1.3090000000001965	WheelMovementIntervals													-0.4031047067994109
2719.825773694902	2.464124217758126	trials	1.0	1.0	1.5	0.0625		0.8	2720.7239922028903	2720.7238817926873	2721.789828836845	2720.4227195362346	2720.423652784898	2720.5229665789725	
2720.5229665789725	1.443000000000211	WheelMovementIntervals													-0.5177121533162108
2723.167703827391	2.5555681171349534	trials	1.0	1.0	1.5	0.25		0.8	2724.1673464668797	2724.1672296869197	2725.2232173383245	2723.6726246844737	2723.673657924065	2723.9579665789724	
2723.9579665789724	1.5979999999999563	WheelMovementIntervals													0.9148240004444119
2726.598292582881	2.5415441750469654	trials	1.0	1.0	1.5	0.125		0.8	2727.5732041327956	2727.573108759235	2728.6397073729386	2727.1726071441317	2727.1736737140322	2727.3499665789727	
2727.3499665789727	0.9459999999999127	WheelMovementIntervals													-0.3200732500136496
2728.4849665789725	0.5210000000001855	WheelMovementIntervals													-0.12401258790646352
2730.014849278114	2.9742403417867536	trials	1.0	1.0	1.5	0.125		0.8	2731.427254469197	2731.4271674847137	2732.4889581447865	2730.522669872114	2730.5236697813957	2731.144966578973	
2731.144966578973	2.018999999999778	WheelMovementIntervals													0.4801636741975699
2733.875199042992	9.747355884835088	trials	-1.0	-1.0	0.0	0.0625		0.8	2741.0647134318588	2741.0637125305084	2743.1225600644498	2734.4396811629695	2734.4406810722517	2740.5359665789724	
2740.5359665789724	1.0489999999999782	WheelMovementIntervals													0.6922996502173646
2744.5154670245347	2.557242640161803	trials	1.0	1.0	1.5	1.0		0.8	2745.5172094735153	2745.5170829423955	2746.5726470509376	2745.106546731413	2745.107379989148	2745.3119665789727	
2745.3119665789727	1.5079999999998108	WheelMovementIntervals													0.5127757470480674
2747.954521678612	2.5520674120457443	trials	1.0	1.0	1.5	0.125		0.8	2748.94586507106	2748.9457470847124	2750.006468846439	2748.539835241964	2748.5407351603176	2748.7069665789727	
2748.7069665789727	1.7570000000000618	WheelMovementIntervals													-0.4074726839718892
2750.6999665789726	0.27599999999983993	WheelMovementIntervals													-0.04490609797426259
2751.3922097900036	3.4135363069208324	trials	-1.0	-1.0	0.0	0.0		0.8	2752.242399322148	2752.241518325773	2754.30571212548	2751.88913137283	2751.8900979518025	2751.9579665789724	
2751.9579665789724	0.8020000000001346	WheelMovementIntervals													0.5053491298578479
2755.692153005542	2.5144453541488474	trials	-1.0	1.0	1.5		1.0	0.8	2756.6404669685567	2756.640369354719	2757.7065702449863	2756.2394700161794	2756.240436595152	2756.4689665789724	
2756.4689665789724	1.3570000000004256	WheelMovementIntervals													1.0287266400643489
2759.0882115604945	11.867526491926128	trials	-1.0	-1.0	0.0	0.125		0.8	2768.396467057224	2768.395487621473	2770.4556802325005	2759.7058555239637	2759.7067887726266	2768.1899665789724	
2768.1899665789724	0.8630000000002838	WheelMovementIntervals													0.6496266709073666
2771.8569531002445	16.532572101665664	trials	1.0	-1.0	0.0		0.0625	0.8	2785.8305186641423	2785.829581378709	2787.8894985272527	2772.5563229823597	2772.5571562400946	2785.2639665789725	
2785.2639665789725	1.6539999999999964	WheelMovementIntervals													-0.4347986484946773
2789.292037946754	3.59685000387708	trials	-1.0	-1.0	0.0	0.0625		0.8	2790.3319102696873	2790.330851810855	2792.388823653615	2789.9723095615836	2789.9732094799374	2790.1199665789727	
2790.1199665789727	0.9359999999996944	WheelMovementIntervals													0.9546256277949965
2793.7760977914118	3.496456446324828	trials	-1.0	-1.0	0.0	0.0		0.8	2794.721212044724	2794.7203124945895	2796.7724592760537	2794.4396375909228	2794.4405375092765	2794.5679665789726	
2794.5679665789726	0.83199999999988	WheelMovementIntervals													0.4257758211838336
2798.1269665789728	0.38400000000001455	WheelMovementIntervals													-0.3104985587764304
2798.1662661544924	3.989275439627818	trials	-1.0	-1.0	0.0	0.0		0.8	2799.6059022083546	2799.6048926385483	2801.655516254524	2799.139611179866	2799.1405777588384	2799.3529665789724	
2799.3529665789724	0.73700000000008	WheelMovementIntervals													0.43925072777955165
2803.053156118544	3.8697827020760087	trials	1.0	-1.0	0.0		0.0	0.8	2804.359237622645	2804.358283336216	2806.422817068453	2803.8059878169347	2803.8069210655976	2804.0719665789725	
2804.0719665789725	0.6400000000003274	WheelMovementIntervals													-0.41954482142193683
2807.832955798497	2.706231707824827	trials	1.0	1.0	1.5	0.0625		0.8	2808.987851019165	2808.9877684755243	2810.039155638222	2808.488896287465	2808.4899295270566	2808.7869665789726	
2808.7869665789726	1.4510000000000218	WheelMovementIntervals													0.9021859427730874
2810.5619665789727	0.9939999999996871	WheelMovementIntervals													-0.22394566597301946
2811.4381953752363	4.0007751783491585	trials	-1.0	-1.0	0.0	0.125		0.8	2812.877964750336	2812.8769216910405	2814.9389444320104	2812.238922728233	2812.2399559678242	2812.316966578973	
2812.316966578973	2.276999999999589	WheelMovementIntervals													0.5595464958567504
2816.330384858482	3.4758575532346185	trials	1.0	-1.0	0.0		0.0625	0.8	2817.2557009080115	2817.2545996298354	2819.3061482119156	2816.8060417039123	2816.8069749525753	2816.9939665789725	
2816.9939665789725	0.48900000000003274	WheelMovementIntervals													-0.48706006254252543
2820.7036547546977	10.285171085198272	trials	1.0	-1.0	0.0		0.25	0.8	2828.4253541937355	2828.4245816844737	2830.488766987996	2821.1888773989253	2821.190010629445	2828.2489665789726	
2828.2489665789726	0.5630000000001019	WheelMovementIntervals													-0.3550567893473726
2831.901238839698	4.288280937340005	trials	1.0	1.0	1.5	0.25		0.8	2834.6208920957115	2834.620788900329	2835.689461815037	2832.5394809343757	2832.5403808527294	2834.3469665789726	
2834.3469665789726	3.494000000000142	WheelMovementIntervals													0.8026950264826382
2837.093634419699	3.1285542474488466	trials	1.0	1.0	1.5	1.0		0.8	2838.652059696258	2838.651960444039	2839.722095949197	2838.3888169126267	2838.3897168309804	2838.5009665789726	
2838.5009665789726	2.0019999999999527	WheelMovementIntervals													-0.44210476877537985
2841.1274017843784	2.5948391874180743	trials	1.0	1.0	1.5	1.0		0.8	2842.157708308514	2842.157616548695	2843.2222117300926	2841.8059068928096	2841.8070734536386	2841.9319665789726	
2841.9319665789726	0.8850000000002183	WheelMovementIntervals													-0.43152087485748325
2843.336966578973	0.35199999999986176	WheelMovementIntervals													-0.09478812946122162
2844.617551802764	2.505145098263256	trials	-1.0	1.0	1.5		1.0	0.8	2845.5461675529236	2845.5460677768588	2846.6226365555767	2845.189199939263	2845.1900998576166	2845.383966578973	
2845.383966578973	1.4109999999996035	WheelMovementIntervals													1.0251781537752436
2848.0148102488547	2.757353377835898	trials	1.0	1.0	1.5	0.25		0.8	2849.1994361055067	2849.1993323200845	2850.2721387831975	2848.705480920217	2848.7064474991894	2848.8699665789727	
2848.8699665789727	2.231999999999971	WheelMovementIntervals													-0.4599826155389337
2851.6724784022786	22.332777432593502	trials	1.0	1.0	1.5	0.0625		0.8	2872.43602793628	2872.435927453155	2873.5051976011746	2852.4058451999804	2852.4067784486433	2871.3629665789726	
2871.3629665789726	2.563999999999851	WheelMovementIntervals													0.7308224414900337
2874.2549665789725	0.7210000000000036	WheelMovementIntervals													-0.20138232353900776
2874.9202692170097	3.5855496451499675	trials	-1.0	-1.0	0.0	0.125		0.8	2875.9335439530423	2875.9324826674056	2878.005722618675	2875.6227388178986	2875.6235387453244	2875.729966578973	
2875.729966578973	0.6719999999995707	WheelMovementIntervals													0.3816979485538923
2879.406828834872	2.6156619604812477	trials	1.0	1.0	1.5	1.0		0.8	2880.454967074536	2880.4548528593928	2881.522403563342	2880.055203343607	2880.0562032528887	2880.2349665789725	
2880.2349665789725	0.9810000000002219	WheelMovementIntervals													0.5715776126077117
2881.4969665789727	0.08300000000008367	WheelMovementIntervals													-0.01627853420205838
2882.9264095164567	2.6287368771982074	trials	1.0	1.0	1.5	0.0625		0.8	2883.987813219261	2883.9877235976155	2885.0551163868295	2883.5720176095115	2883.5728841975556	2883.7089665789726	
2883.7089665789726	1.706000000000131	WheelMovementIntervals													1.002250012897207
2886.452256296208	2.452947474033863	trials	1.0	1.0	1.5	1.0		0.8	2887.342675511797	2887.342572801365	2888.405145784502	2886.9557439499863	2886.9565772077212	2887.1469665789728	
2887.1469665789728	1.5	WheelMovementIntervals													0.8534303539625512
2889.8080185070976	2.514744086223345	trials	1.0	1.0	1.5	0.125		0.8	2890.7559325063994	2890.7558343695428	2891.822702389017	2890.3888658089904	2890.389899048582	2890.4479665789727	
2890.4479665789727	2.0540000000000873	WheelMovementIntervals													1.2926602443606612
2893.2200756105617	2.469147028797579	trials	1.0	1.0	1.5	0.0625		0.8	2894.1272933020873	2894.1271921532652	2895.189196959533	2893.7719255432776	2893.7729254525593	2893.8779665789725	
2893.8779665789725	1.4880000000002838	WheelMovementIntervals													0.3967083892500227
2896.5851369777733	3.4205612494724846	trials	1.0	-1.0	0.0		1.0	0.8	2897.435593152393	2897.4345516909652	2899.505638678224	2897.1384201137935	2897.1392533715284	2897.240966578973	
2897.240966578973	0.6579999999999018	WheelMovementIntervals													-0.4482109586391516
2900.9042117909066	2.718330870262889	trials	1.0	1.0	1.5	0.0625		0.8	2902.045008290699	2902.044923905936	2903.1225105329436	2901.6217133613345	2901.6226132796883	2901.7289665789726	
2901.7289665789726	1.574999999999818	WheelMovementIntervals													0.8025701772261868
2904.5221502155273	2.499852455854125	trials	1.0	1.0	1.5	0.0625		0.8	2905.4572653760197	2905.4571690875114	2906.5219687794547	2905.138560957548	2905.139627527449	2905.2459665789725	
2905.2459665789725	1.3949999999999818	WheelMovementIntervals													0.434308335025662
2908.429229074182	3.4759576990627465	trials	1.0	-1.0	0.0		0.0625	0.8	2909.340979687786	2909.3399436675554	2911.405159079163	2909.0387737724673	2909.0396403605114	2909.135966578973	
2909.135966578973	0.4659999999998945	WheelMovementIntervals													-0.38751434394669104
2912.8007991246186	2.6710575434167367	trials	1.0	1.0	1.5	0.125		0.8	2913.9028324745805	2913.9027220386006	2914.971768827309	2913.355715445799	2913.3566486944624	2913.5129665789727	
2913.5129665789727	1.4829999999997199	WheelMovementIntervals													0.7858653501911022
2916.387573709951	2.434223476882835	trials	1.0	1.0	1.5	0.125		0.8	2917.262294349813	2917.2621814265176	2918.3217315643633	2916.989185794599	2916.990319025119	2917.0999665789727	
2917.0999665789727	1.4780000000000655	WheelMovementIntervals													0.8575397783387757
2919.7360032527727	2.5031433492549695	trials	1.0	1.0	1.5	0.125		0.8	2920.6646190029323	2920.6645185908546	2921.7390881870215	2920.372245528886	2920.3733454290964	2920.4859665789727	
2920.4859665789727	1.7619999999997162	WheelMovementIntervals													-0.5606531055101414
2923.1549597302824	2.466745239323245	trials	1.0	1.0	1.5	0.25		0.8	2924.062577385521	2924.0624756380353	2925.1216479666678	2923.771670445088	2923.7726703543703	2923.8599665789725	
2923.8599665789725	2.361000000000331	WheelMovementIntervals													0.7153241690708683
2926.5420191016974	2.5469660451799427	trials	1.0	1.0	1.5	1.0		0.8	2927.5164640272806	2927.516343601744	2928.588900062496	2927.238955871226	2927.2400224411267	2927.3919665789726	
2927.3919665789726	1.52599999999984	WheelMovementIntervals													0.6275990201601189
2929.994105906749	2.3943264373083366	trials	1.0	1.0	1.5	0.25		0.8	2930.8297967543053	2930.829714435253	2931.888367380811	2930.471662579815	2930.4726958194065	2930.586966578973	
2930.586966578973	0.9420000000000073	WheelMovementIntervals													-0.38476805283517024
2931.8319665789727	0.2699999999999818	WheelMovementIntervals													-0.22228143809337553
2933.296639613529	11.525586007784113	trials	1.0	-1.0	0.0		0.0625	0.8	2942.264725972534	2942.2638827769692	2944.322139311103	2933.7724297801965	2933.77336302886	2941.9649665789725	
2941.9649665789725	0.6170000000001892	WheelMovementIntervals													-0.5619165106704713
2945.7937391316786	2.5450641047291356	trials	1.0	1.0	1.5	0.0625		0.8	2946.7741835129536	2946.774063053572	2947.838753595151	2946.4716109642313	2946.472410891657	2946.5659665789726	
2946.5659665789726	3.7220000000002074	WheelMovementIntervals													0.5300549708698554
2949.2681239137182	29.28667663223905	trials	1.0	1.0	1.5	0.0625		0.8	2977.001174464245	2977.001073365599	2978.054712214032	2950.605002623704	2950.606102523914	2966.3399665789725	
2966.3399665789725	0.9480000000003201	WheelMovementIntervals													-0.2614954354867791
2976.8419665789725	1.5080000000002656	WheelMovementIntervals													0.8225721879665571
2979.505213948758	2.4494451397572448	trials	1.0	1.0	1.5	0.25		0.8	2980.395233200634	2980.3951296220002	2981.454570424256	2980.005335241287	2980.006501802116	2980.1289665789727	
2980.1289665789727	2.0709999999999127	WheelMovementIntervals													0.9748700842041558
2982.8896735560397	3.5825746156720015	trials	-1.0	-1.0	0.0	0.0		0.8	2983.90418151352	2983.9033941032735	2985.972193890478	2983.522049516263	2983.5228494436888	2983.7049665789727	
2983.7049665789727	1.8530000000000655	WheelMovementIntervals													-0.6245174036041021
2987.3943648622153	2.660432426260286	trials	1.0	1.0	1.5	1.0		0.8	2988.497064818365	2988.4969774723377	2989.5547355265167	2988.0545716307865	2988.0555048794495	2988.1879665789725	
2988.1879665789725	1.6770000000001346	WheelMovementIntervals													-0.34433232735864294
2990.9834059085865	3.6053733619050945	trials	1.0	-1.0	0.0		0.25	0.8	2992.0225116344036	2992.0215264563226	2994.0887241746536	2991.7223055376485	2991.7232054560022	2991.8139665789727	
2991.8139665789727	0.6059999999997672	WheelMovementIntervals													-0.38867516049765527
2995.507495454832	2.530740279578822	trials	1.0	1.0	1.5	0.25		0.8	2996.4715079935736	2996.4714100348524	2997.538111224644	2996.121373093339	2996.122273011693	2996.240966578973	
2996.240966578973	1.4549999999999272	WheelMovementIntervals													0.6736080701118112
2997.9589665789726	0.3350000000000364	WheelMovementIntervals													0.035519638817959276
2998.97144785003	2.50004356492218	trials	1.0	1.0	1.5	0.0		0.8	2999.9111625932196	2999.911063471778	3000.9714330655047	2999.488667591281	2999.489534179325	2999.664966578973	
2999.664966578973	1.5289999999999964	WheelMovementIntervals													0.7459024384118607
3002.387004635981	3.4016596923956968	trials	1.0	-1.0	0.0		0.0	0.8	3003.2215622530175	3003.2207187758336	3005.2886080510025	3002.871927307424	3002.8728938863965	3003.0249665789725	
3003.0249665789725	0.6530000000002474	WheelMovementIntervals													-0.5351860501648957
3006.720578133703	10.36836304761755	trials	1.0	1.0	1.5	0.0625		0.8	3015.5261125737707	3015.5260149050146	3016.588849488951	3008.087987407098	3008.0888873254517	3015.113966578973	
3007.173966578973	0.24099999999998545	WheelMovementIntervals													-0.13691441065446952
3015.113966578973	1.2979999999997744	WheelMovementIntervals													0.8271895973450683
3018.013753546059	2.374350635411247	trials	1.0	1.0	1.5	0.25		0.8	3018.835678975833	3018.8355703798825	3019.887983504172	3018.5047423338124	3018.505608921857	3018.595966578973	
3018.595966578973	1.2979999999997744	WheelMovementIntervals													-0.49471034694295213
3021.310821082097	14.527650149178953	trials	1.0	1.0	1.5	0.0		0.8	3034.2757448229686	3034.275642536342	3035.3383484169112	3021.8548717224135	3021.8559382923145	3033.8779665789725	
3033.8779665789725	2.4670000000000982	WheelMovementIntervals													0.9180285620424229
3036.770485151159	2.5346408740292645	trials	1.0	1.0	1.5	1.0		0.8	3037.745696673858	3037.7456001065902	3038.80503389748	3037.287771553028	3037.288671471382	3037.4769665789727	
3037.4769665789727	1.2849999999998545	WheelMovementIntervals													-0.30166121181116523
3040.1039665789726	0.06500000000005457	WheelMovementIntervals													-0.00685291123221532
3040.227538172311	2.377750104953975	trials	1.0	1.0	1.5	0.0625		0.8	3041.0479637381627	3041.0478547683747	3042.1052011522925	3040.7048615332114	3040.705994763731	3040.8149665789724	
3040.8149665789724	2.7630000000003747	WheelMovementIntervals													0.5767978674521714
3043.532105027964	12.07260501476594	trials	1.0	-1.0	0.0		0.0	0.2	3053.067039958915	3053.0661653541756	3055.1046217633916	3044.0714560946553	3044.072356013009	3052.6989665789724	
3044.1529665789726	0.20100000000002183	WheelMovementIntervals													-0.021982981439862215
3052.6989665789724	0.6780000000003383	WheelMovementIntervals													-0.39801172966497234
3056.550223942636	21.171644681412545	trials	1.0	-1.0	0.0		0.125	0.2	3075.1564025401817	3075.1556250871736	3077.221815153006	3057.2383615104836	3057.2393614197654	3074.3539665789726	
3074.3539665789726	3.137000000000171	WheelMovementIntervals													-2.3431409024956906
3077.682966578973	0.9229999999997744	WheelMovementIntervals													-1.7035594619866856
3078.6867822420113	5.585094442535137	trials	-1.0	1.0	1.5		1.0	0.2	3082.697751675062	3082.6976486284725	3083.7718208954384	3081.887691835434	3081.8887584053346	3082.4109665789724	
3079.202966578973	1.9649999999996908	WheelMovementIntervals													0.5945148180319393
3082.4109665789724	1.6140000000000327	WheelMovementIntervals													0.6295279101838105
3084.3769665789728	0.6340000000000146	WheelMovementIntervals													-0.19275154516088833
3085.2118902433226	2.526639901400358	trials	-1.0	1.0	1.5		0.125	0.2	3086.1710032265823	3086.170904629222	3087.2384397153883	3085.837666802285	3085.8387667024954	3086.0029665789725	
3086.0029665789725	1.23700000000008	WheelMovementIntervals													1.0696629010939773
3087.5049665789725	0.7300000000000182	WheelMovementIntervals													-0.2042160706658933
3088.6799422665767	7.125021577841835	trials	1.0	1.0	1.5	0.25		0.2	3094.2368381101624	3094.23673552515	3095.3049412051564	3089.287587137226	3089.2884537252703	3089.3339665789726	
3089.3339665789726	0.4139999999997599	WheelMovementIntervals													-0.1388149840291817
3094.086966578973	1.6859999999996944	WheelMovementIntervals													0.6256395127499559
3096.0499665789725	0.1289999999999054	WheelMovementIntervals													0.012345430115715317
3096.741277558388	2.446745988022485	trials	-1.0	1.0	1.5		1.0	0.2	3097.623697499721	3097.6235934208153	3098.6880009394436	3097.3378234360075	3097.33879001498	3097.4179665789725	
3097.4179665789725	1.4900000000002365	WheelMovementIntervals													0.6992361050373574
3100.1143381998554	18.373699374207263	trials	1.0	1.0	1.5	0.0625		0.2	3116.915513891909	3116.91541012144	3117.987949927125	3100.75441346155	3100.7554800314506	3100.8599665789725	
3100.8599665789725	0.38000000000010914	WheelMovementIntervals													-0.23387303063549325
3116.8699665789727	1.2739999999998872	WheelMovementIntervals													0.860755610372621
3119.445051063112	2.592561430933074	trials	-1.0	1.0	1.5		0.0	0.2	3120.473791062706	3120.473674642904	3121.5375278871684	3120.0373973217474	3120.038530552267	3120.1239665789726	
3120.1239665789726	1.0630000000001019	WheelMovementIntervals													0.5800014228403825
3122.9646317446964	2.589637493536884	trials	-1.0	1.0	1.5		0.0	0.2	3123.9921385228427	3123.99204582642	3125.0542088318352	3123.63803731579	3123.639203876619	3123.7929665789725	
3123.7929665789725	0.8890000000001237	WheelMovementIntervals													0.8906651408795483
3125.1239665789726	0.19399999999995998	WheelMovementIntervals													-0.05618864684697655
3126.475679867075	2.461743758582543	trials	1.0	1.0	1.5	0.0625		0.2	3127.3669990010176	3127.3668949847656	3128.4373685570504	3126.954503091898	3126.9555363314894	3127.0279665789726	
3127.0279665789726	1.981999999999971	WheelMovementIntervals													0.528092468220791
3129.8805376237087	2.5068411261408983	trials	1.0	1.0	1.5	0.125		0.2	3130.8182525483344	3130.81815225776	3131.88735555261	3130.521179500663	3130.5222127402544	3130.6309665789727	
3130.6309665789727	1.2779999999997926	WheelMovementIntervals													0.6668770062406679
3133.32879144318	3.5759730859404044	trials	1.0	-1.0	0.0		0.25	0.2	3134.3402330121958	3134.3392115290867	3136.4047457066667	3133.938102829299	3133.938902756725	3134.0749665789726	
3134.0749665789726	0.5889999999999418	WheelMovementIntervals													-0.4070387263822113
3137.8493813069385	2.5047408772861672	trials	-1.0	1.0	1.5		0.0625	0.2	3138.7853963857847	3138.7852958337176	3139.8540660960384	3138.487556740997	3138.4885899805886	3138.5879665789726	
3138.5879665789726	1.2460000000000946	WheelMovementIntervals													1.1620659024259226
3141.300434872399	2.587737136957003	trials	-1.0	1.0	1.5		1.0	0.2	3142.316242711946	3142.3161486640206	3143.3881454622115	3141.9877391825116	3141.98893907365	3142.1229665789724	
3142.1229665789724	1.9480000000003201	WheelMovementIntervals													0.5604237876533489
3144.81578260469	2.688455049064487	trials	-1.0	1.0	1.5		0.25	0.2	3145.927615065615	3145.9275045413815	3147.0041507288865	3145.4707231843763	3145.471589772421	3145.5829665789724	
3145.5829665789724	1.5289999999999964	WheelMovementIntervals													1.0684826998039512
3148.4370540602504	2.5175398570168	trials	-1.0	1.0	1.5		0.0625	0.2	3149.3902675787463	3149.3901683925224	3150.45450435785	3149.1209920091137	3149.12229189118	3149.191966578973	
3149.191966578973	1.44399999999996	WheelMovementIntervals													1.2899771582914923
3151.903906192366	2.517240252402189	trials	-1.0	1.0	1.5		1.0	0.2	3152.8457207450474	3152.8456205028133	3153.921056517181	3152.6041759928344	3152.6052758930446	3152.6999665789726	
3152.6999665789726	0.73700000000008	WheelMovementIntervals													1.1083773893578837
3153.7689665789726	0.24200000000018917	WheelMovementIntervals													-0.042312131026335464
3155.3655587962153	2.38914870132794	trials	-1.0	1.0	1.5		1.0	0.2	3156.183184616077	3156.1830747764184	3157.25465407232	3155.9208417507994	3155.9216416782247	3156.0189665789726	
3156.0189665789726	0.8110000000001492	WheelMovementIntervals													1.0900366333535203
3157.4449665789725	0.15399999999999636	WheelMovementIntervals													-0.09237798455262691
3158.6906237921485	2.546938815613885	trials	-1.0	1.0	1.5		1.0	0.2	3159.6723347251805	3159.6722379812327	3160.737504752947	3159.4205908982913	3159.4216241378826	3159.5349665789727	
3159.5349665789727	1.456000000000131	WheelMovementIntervals													1.0163948447150233
3162.1766741824777	2.510740569101017	trials	-1.0	1.0	1.5		0.25	0.2	3163.1198886081543	3163.119788670266	3164.1873584272694	3162.7546884080716	3162.755654987044	3162.8339665789726	
3162.8339665789726	0.8359999999997854	WheelMovementIntervals													0.7087067854211568
3163.8739665789726	0.27599999999983993	WheelMovementIntervals													-0.035786882580225665
3165.6329272762046	8.254957465164807	trials	-1.0	1.0	1.5		0.0625	0.2	3172.3216537663548	3172.321553242733	3173.387857033713	3166.2378390614836	3166.238972292003	3172.1489665789727	
3172.1489665789727	1.643000000000029	WheelMovementIntervals													1.1403785858977358
3174.0439665789727	0.07099999999991269	WheelMovementIntervals													-0.006465807293011494
3175.368910633449	2.5859358449179126	trials	-1.0	1.0	1.5		0.0625	0.2	3176.384018536499	3176.3839239180174	3177.4548213865537	3176.0871121403743	3176.088012058728	3176.2379665789726	
3176.2379665789726	0.6829999999999927	WheelMovementIntervals													1.0965907982758836
3177.1439665789726	0.4410000000002583	WheelMovementIntervals													-0.2070364833646181
3177.8849665789726	0.6019999999998618	WheelMovementIntervals													0.09470007971248151
3178.9008568598206	2.753049888124224	trials	1.0	1.0	1.5	1.0		0.2	3180.0940819362972	3180.093977613645	3181.153819123632	3179.620658221597	3179.621691461188	3179.691966578973	
3179.691966578973	1.5589999999997417	WheelMovementIntervals													-0.4599525709345471
3181.4979665789724	0.4930000000003929	WheelMovementIntervals													-0.11125522709141933
3182.6004212121584	18.753929827725187	trials	1.0	-1.0	0.0		0.125	0.2	3198.7940853548002	3198.793304271552	3200.854298439359	3183.104375490268	3183.10537539955	3198.4519665789726	
3198.4519665789726	1.981999999999971	WheelMovementIntervals													-0.7924066131248537
3202.315765845877	14.404626670586822	trials	1.0	-1.0	0.0		0.0625	0.2	3214.1564915810363	3214.1556505138938	3216.220337669319	3202.8537170395734	3202.8547836094745	3213.767966578973	
3213.767966578973	1.2329999999997199	WheelMovementIntervals													-0.5239555063454873
3217.6777054477816	16.12587013394932	trials	1.0	1.0	1.5	0.0625		0.8	3232.248250183321	3232.2481477187534	3233.303487778887	3218.187659181583	3218.188492439318	3231.778966578973	
3231.778966578973	2.9539999999997235	WheelMovementIntervals													2.3493262830625667
3234.7551894047515	3.431955832870244	trials	-1.0	-1.0	0.0	0.125		0.8	3235.6272436198615	3235.6264030704087	3237.6870567407072	3235.221013808909	3235.2219137272627	3235.2379665789726	
3235.2379665789726	1.699999999999818	WheelMovementIntervals													0.6044933279743532
3239.1406581942074	2.4303449512467523	trials	1.0	1.0	1.5	1.0		0.8	3240.008179487239	3240.008073523953	3241.0709830630385	3239.6707101045763	3239.6719099957145	3239.825966578973	
3239.825966578973	0.7869999999998072	WheelMovementIntervals													-0.42866614768809086
3241.1039665789726	0.7310000000002219	WheelMovementIntervals													-0.2161794045562715
3242.523217973853	2.6971535600760035	trials	1.0	1.0	1.5	0.125		0.8	3243.6523488653565	3243.652239556769	3244.7202519784937	3243.1536607761313	3243.1545940247947	3243.336966578973	
3243.336966578973	1.1649999999999636	WheelMovementIntervals													-0.3798430608243848
3245.0789665789725	0.34900000000016007	WheelMovementIntervals													-0.05629457545018113
3246.1647875878375	2.4056472016195585	trials	1.0	1.0	1.5	0.0625		0.8	3247.0162103414295	3247.016103583891	3248.070348036785	3246.7376689457838	3246.738602194447	3246.8119665789727	
3246.8119665789727	1.5	WheelMovementIntervals													1.0021449455293236
3249.512850497256	2.35752495022507	trials	1.0	1.0	1.5	0.0625		0.8	3250.310844764882	3250.310758264793	3251.3702819794316	3249.970808948395	3249.971942178915	3250.0789665789725	
3250.0789665789725	0.9039999999999964	WheelMovementIntervals													0.7381656664818479
3252.830882797906	2.539962165351426	trials	1.0	1.0	1.5	0.25		0.8	3253.8083274513347	3253.808205948247	3254.87079772404	3253.4372611167983	3253.4382943563896	3253.5939665789724	
3253.5939665789724	1.3550000000000182	WheelMovementIntervals													0.5819187593463084
3256.3269656113644	2.393346868774188	trials	1.0	1.0	1.5	0.0		0.8	3257.1531573207417	3257.1530810987933	3258.220227176144	3256.8533845180086	3256.854317766672	3256.914966578973	
3256.914966578973	1.3419999999996435	WheelMovementIntervals													0.5343381114508929
3259.676328402849	2.3948231862264038	trials	1.0	1.0	1.5	1.0		0.8	3260.506819722139	3260.506735749194	3261.571089831552	3260.2208789978067	3260.221978898017	3260.3049665789727	
3260.3049665789727	1.3849999999997635	WheelMovementIntervals													0.6219210845966927
3263.023958018245	2.6801529927774936	trials	1.0	1.0	1.5	0.0		0.8	3264.147789390554	3264.1476793982465	3265.204060225711	3263.6535009021695	3263.6543341599045	3263.7779665789726	
3263.7779665789726	2.117999999999938	WheelMovementIntervals													1.086833332777701
3266.668527360075	2.585758709441052	trials	1.0	1.0	1.5	0.0625		0.8	3267.7067331675385	3267.7066501276145	3268.754204801014	3267.3869955094756	3267.387995418758	3267.5079665789726	
3267.5079665789726	1.9909999999999854	WheelMovementIntervals													-0.3101524109317779
3270.2191052294006	2.6010335356750147	trials	1.0	1.0	1.5	1.0		0.8	3271.2834086691228	3271.283318132222	3272.320047952044	3270.9202082876045	3270.921341518124	3271.0589665789726	
3271.0589665789726	1.38799999999992	WheelMovementIntervals													0.40200526011739157
3273.784148453005	2.336749550339846	trials	1.0	1.0	1.5	1.0		0.8	3274.577376486387	3274.577264592065	3275.6208151524256	3274.3042012705546	3274.3050345282895	3274.4179665789725	
3274.4179665789725	1.0579999999999927	WheelMovementIntervals													-0.43668954831775864
3277.0852156261712	2.451541798987364	trials	1.0	1.0	1.5	1.0		0.8	3278.002632392373	3278.0025305181075	3279.036638580852	3277.6870610229853	3277.688060932267	3277.836966578973	
3277.836966578973	1.3579999999997199	WheelMovementIntervals													0.513015418252678
3280.5132712781465	2.4902405525995164	trials	1.0	1.0	1.5	1.0		0.8	3281.4530860122645	3281.452985826315	3282.5034240523487	3281.0705540512945	3281.0713873090294	3281.2089665789726	
3281.2089665789726	1.068000000000211	WheelMovementIntervals													-0.347889899740494
3282.5279665789726	0.7390000000000327	WheelMovementIntervals													-0.08800212003137631
3283.965624725674	54.888214153276294	trials	-1.0	-1.0	0.0	0.0625		0.8	3336.2999766253074	3336.2989944215706	3338.3537902904613	3284.4206834398956	3284.421750009796	3292.365966578973	
3292.365966578973	0.6289999999999054	WheelMovementIntervals													-0.17492823864625962
3307.8769665789728	0.3730000000000473	WheelMovementIntervals													-0.08394043467427537
3335.6089665789727	1.694999999999709	WheelMovementIntervals													0.6832602587646193
3337.6369665789725	0.5370000000002619	WheelMovementIntervals													-0.3183122211279965
3338.5009665789726	0.45200000000022555	WheelMovementIntervals													-0.03182845218702823
3339.860353605596	3.52617381159007	trials	-1.0	-1.0	0.0	0.0625		0.8	3340.8239661806247	3340.822973209634	3342.8864790565317	3340.403104363846	3340.4039709518906	3340.432966578973	
3340.432966578973	0.9089999999996508	WheelMovementIntervals													0.3215950028235284
3344.361145265572	11.109359192967077	trials	-1.0	1.0	1.5		0.25	0.8	3353.918678146295	3353.9185804994386	3354.9704493896834	3344.8540005506516	3344.8550004599338	3353.2959665789726	
3353.2959665789726	2.5039999999999054	WheelMovementIntervals													1.1358194019437633
3356.4389161611753	2.3981452457096566	trials	1.0	1.0	1.5	1.0		0.8	3357.286939223209	3357.2868314516168	3358.3369772905085	3356.9364376895714	3356.9373709382344	3357.077966578973	
3357.077966578973	1.1769999999996799	WheelMovementIntervals													-0.37722874531141315
3359.8102769568636	2.4094443504568517	trials	1.0	1.0	1.5	0.0625		0.8	3360.660299837461	3360.6601918956962	3361.7196037307735	3360.3033322237998	3360.304398793701	3360.4429665789726	
3360.4429665789726	0.9140000000002146	WheelMovementIntervals													0.45322933903935336
3361.845966578973	1.1479999999996835	WheelMovementIntervals													-0.30757503799617325
3363.1958364643556	2.6746535176803263	trials	1.0	1.0	1.5	1.0		0.8	3364.3112685986957	3364.311157947054	3365.370405840461	3363.9372358666224	3363.9380691243573	3364.115966578973	
3364.115966578973	1.457999999999629	WheelMovementIntervals													0.41605035611746644
3366.8326065137862	2.4539422059583558	trials	1.0	1.0	1.5	0.125		0.8	3367.7363245228253	3367.7362213188208	3368.786529241672	3367.436451729164	3367.437418308137	3367.5459665789726	
3367.5459665789726	1.400000000000091	WheelMovementIntervals													-0.3633355418650126
3370.2558626012083	2.5636362556274435	trials	1.0	1.0	1.5	0.25		0.8	3371.2609714114383	3371.2608760303233	3372.319475377325	3370.8866720368896	3370.8877719371	3371.0419665789727	
3371.0419665789727	1.6720000000000255	WheelMovementIntervals													0.4671552932210261
3373.7785096712573	3.025055551757305	trials	1.0	1.0	1.5	0.25		0.8	3375.243743402738	3375.2436356079934	3376.3034805900725	3374.236968077038	3374.2377680044633	3374.3319665789727	
3374.3319665789727	1.4679999999998472	WheelMovementIntervals													0.7830068822006524
3376.0409665789725	0.718000000000302	WheelMovementIntervals													-0.2514286525663465
3377.77498041972	2.4954400586248084	trials	1.0	1.0	1.5	0.25		0.8	3378.715495090335	3378.715394762231	3379.7703660524976	3378.2696355415073	3378.2708021023363	3378.461966578973	
3378.461966578973	1.905999999999949	WheelMovementIntervals													-0.44702099812195684
3381.2348331868616	2.5350612963261483	trials	1.0	1.0	1.5	1.0		0.8	3382.2108779672963	3382.210756014175	3383.269815227205	3381.9031725509262	3381.904139129899	3382.0099665789726	
3382.0099665789726	1.9769999999998618	WheelMovementIntervals													0.488137543965081
3384.740015174786	26.430230189295344	trials	1.0	1.0	1.5	0.125		0.8	3409.6236242445007	3409.623518305958	3410.6701292990037	3385.353559510199	3385.3544927588623	3397.5929665789727	
3397.5929665789727	0.4630000000001928	WheelMovementIntervals													-0.25570513900476044
3409.5449665789724	2.5820000000003347	WheelMovementIntervals													0.9293017124578
3412.1730596104144	3.2471662973352977	trials	1.0	1.0	1.5	0.0		0.8	3413.8726054169683	3413.872493261002	3414.9201437110632	3413.2195313346083	3413.2205979045093	3413.2529665789725	
3413.2529665789725	1.844000000000051	WheelMovementIntervals													0.28627824874524777
3415.3779665789725	0.2670000000002801	WheelMovementIntervals													0.018963715258962566
3415.7949665789724	0.24700000000029831	WheelMovementIntervals													-0.028885539711609454
3416.3952432141255	2.4076458994327368	trials	-1.0	1.0	1.5		1.0	0.2	3417.2531653780507	3417.253058854972	3418.302770151328	3416.9194289900406	3416.9202955780847	3416.9939665789725	
3416.9939665789725	0.8490000000001601	WheelMovementIntervals													0.8763092346275698
3418.122966578973	0.22899999999981446	WheelMovementIntervals													-0.05726939044541268
3419.7604045722655	2.5422364135843054	trials	-1.0	1.0	1.5		1.0	0.2	3420.7588139903064	3420.758718086173	3421.802585959439	3420.4701401806033	3420.470973438338	3420.6089665789727	
3420.6089665789727	0.6149999999997817	WheelMovementIntervals													0.8663614431310407
3421.4119665789726	0.13099999999985812	WheelMovementIntervals													-0.006839578365088528
3422.1129665789726	0.1410000000000764	WheelMovementIntervals													-0.036795788313497724
3423.277152177551	2.559435295131152	trials	-1.0	1.0	1.5		0.25	0.2	3424.2824609696377	3424.2823652541474	3425.336498674065	3423.870065051446	3423.8709983001095	3424.0609665789725	
3424.0609665789725	0.7570000000000618	WheelMovementIntervals													0.9557956397089811
3425.0009665789726	0.22000000000025466	WheelMovementIntervals													0.014143277692028278
3425.5539665789724	0.27700000000004366	WheelMovementIntervals													-0.05310567310442593
3426.811798158984	2.558259173530587	trials	-1.0	1.0	1.5		0.0625	0.2	3427.818940118087	3427.818820664535	3428.8699447643594	3427.4527066784135	3427.453673257386	3427.5629665789725	
3427.5629665789725	1.8230000000003201	WheelMovementIntervals													1.52584851504065
3430.3492772167156	2.553459066254618	trials	1.0	1.0	1.5	1.0		0.2	4800.893199550006	3431.3635998854147	4776.680862911583	3431.0695785331327	3431.0703451302493	3431.1839665789726	
3431.1839665789726	1.4039999999999964	WheelMovementIntervals													0.5765166650636502
3432.9109665789724	0.38200000000006185	WheelMovementIntervals													-0.16736703319372737
3433.6969665789725	0.13000000000010914	WheelMovementIntervals													0.017237394354708613
3434.6289665789727	0.4619999999999891	WheelMovementIntervals													-0.23493967639859648
3475.700966578973	0.19399999999995998	WheelMovementIntervals													-0.04098913560125084
3493.5309665789728	2.4220000000000255	WheelMovementIntervals													-0.5994142670435849
3496.6679665789725	0.36100000000033106	WheelMovementIntervals													-0.10264510065849208
3515.9549665789727	1.569999999999709	WheelMovementIntervals													-0.6175853399584526
3524.7599665789726	0.1390000000001237	WheelMovementIntervals													-0.047077071975536455
3533.4759665789725	0.4770000000003165	WheelMovementIntervals													-0.36765579044202923
3534.2399665789726	0.21700000000009823	WheelMovementIntervals													0.04697190966862763
3540.3889665789725	0.2940000000003238	WheelMovementIntervals													-0.10635398897818504
3619.6059665789726	3.507000000000062	WheelMovementIntervals													-0.5736484303340035
3628.5749665789726	1.2210000000000036	WheelMovementIntervals													-0.9535588698481092
3673.8819665789724	0.1950000000001637	WheelMovementIntervals													-0.03152587474636448
3718.3429665789727	0.5389999999997599	WheelMovementIntervals													-0.08303057444322803
3728.2469665789727	0.45299999999997453	WheelMovementIntervals													-0.2795764000945269
3774.345966578973	3.94399999999996	WheelMovementIntervals													-1.8488804229897937
3783.2729665789725	2.6770000000001346	WheelMovementIntervals													-0.5166327132301944
3786.2039665789725	0.19200000000000728	WheelMovementIntervals													-0.04572709576194711
3787.8469665789726	0.1979999999998654	WheelMovementIntervals													0.02367434441094929
3791.557966578973	1.8260000000000218	WheelMovementIntervals													-0.4249020519557689
3796.345966578973	0.4579999999996289	WheelMovementIntervals													0.032382915156574654
3797.9539665789725	0.2090000000002874	WheelMovementIntervals													-0.06897154161447361
3799.5359665789724	0.8150000000000546	WheelMovementIntervals													-0.2938122383536097
3804.3309665789725	0.56899999999996	WheelMovementIntervals													-0.06611611690766495
3808.5619665789727	0.6570000000001528	WheelMovementIntervals													-0.527714430860442
3810.0449665789724	0.22200000000020736	WheelMovementIntervals													-0.06808973606717927
3812.7909665789725	0.5480000000002292	WheelMovementIntervals													-0.08268228025991675
3823.1079665789725	0.2670000000002801	WheelMovementIntervals													-0.029547961955017854
3837.5459665789726	4.706000000000131	WheelMovementIntervals													-1.5240534254282352
3842.5229665789725	0.21800000000030195	WheelMovementIntervals													0.04791626232321278
3854.0079665789726	0.2669999999998254	WheelMovementIntervals													0.009539565082093304
3867.124966578973	0.8350000000000364	WheelMovementIntervals													-0.29548757285459715
3887.211966578973	0.2369999999996253	WheelMovementIntervals													-0.017916916144997685
3981.6119665789724	0.5210000000001855	WheelMovementIntervals													-0.020844693748699683
3987.2999665789725	2.3150000000000546	WheelMovementIntervals													0.257109569666909
3989.8269665789726	0.793999999999869	WheelMovementIntervals													-0.14102698215015153
4003.1589665789725	0.3730000000000473	WheelMovementIntervals													-0.07024245600177892
4003.9079665789727	1.5409999999997126	WheelMovementIntervals													-0.4361982843757346
4017.4849665789725	0.318000000000211	WheelMovementIntervals													-0.08974755805127188
4072.0609665789725	0.5460000000002765	WheelMovementIntervals													-0.10675222551242314
4079.2309665789726	0.19399999999995998	WheelMovementIntervals													-0.037473416972432005
4115.116966578972	0.4420000000000073	WheelMovementIntervals													-0.7828756115355304
4116.7929665789725	2.6309999999994034	WheelMovementIntervals													-1.7174471833504867
4125.909966578972	0.8270000000002256	WheelMovementIntervals													-0.4764258313759342
4127.342966578972	3.9350000000004	WheelMovementIntervals													-1.51538965246948
4131.969966578972	0.2849999999998545	WheelMovementIntervals													-0.03783578444000568
4136.400966578972	0.36300000000028376	WheelMovementIntervals													-0.0660537046081231
4138.210966578972	2.8980000000001382	WheelMovementIntervals													-0.8153206390972514
4141.393966578972	0.2929999999996653	WheelMovementIntervals													-0.04931199714081913
4145.614966578973	4.74199999999928	WheelMovementIntervals													-2.130039266446431
4150.6279665789725	0.15999999999985448	WheelMovementIntervals													-0.025347752315553862
4151.143966578972	0.10999999999967258	WheelMovementIntervals													-0.010937767003213139
4159.463966578972	3.331000000000131	WheelMovementIntervals													-1.0425118249838192
4164.565966578973	2.725999999999658	WheelMovementIntervals													0.2852940514533202
4171.524966578972	2.9229999999997744	WheelMovementIntervals													-0.3001546331690861
4180.139966578972	1.3500000000003638	WheelMovementIntervals													-0.09558844167275993
4181.812966578972	0.11900000000059663	WheelMovementIntervals													-0.02456707331475627
4191.687966578972	2.3820000000005166	WheelMovementIntervals													-0.924349746077155
4206.332966578972	0.8809999999994034	WheelMovementIntervals													-0.3075799018627663
4225.4669665789725	1.65099999999984	WheelMovementIntervals													-0.3275592112275376
4235.946966578972	4.734000000000378	WheelMovementIntervals													-0.90596165906544
4295.428966578972	0.13799999999991996	WheelMovementIntervals													-0.01697266134573283
4302.420966578972	2.07300000000032	WheelMovementIntervals													0.10768501002081621
4333.105966578973	5.018999999999323	WheelMovementIntervals													-0.8184584116973497
4340.477966578972	0.1069999999999709	WheelMovementIntervals													0.041556488980006634
4342.677966578972	0.24700000000029831	WheelMovementIntervals													-0.07649144356958004
4410.421966578972	1.943000000000211	WheelMovementIntervals													0.3277282169554496
4412.672966578973	2.03899999999976	WheelMovementIntervals													-0.19682451594729855
4426.854966578972	0.9219999999995707	WheelMovementIntervals													-0.35852084655766703
4428.562966578972	0.3720000000002983	WheelMovementIntervals													-0.12383559405355982
4429.6949665789725	0.38000000000010914	WheelMovementIntervals													0.036957857523418625
4481.625966578972	0.3360000000002401	WheelMovementIntervals													-0.13727606411049464
4482.318966578972	2.0789999999997235	WheelMovementIntervals													-0.8162967111103967
4484.702966578972	2.032999999999447	WheelMovementIntervals													0.9341914081400091
4487.756966578972	0.26599999999962165	WheelMovementIntervals													-0.09305297556869618
4489.504966578972	1.0730000000003201	WheelMovementIntervals													-1.1400744952821924
4491.8779665789725	0.3289999999997235	WheelMovementIntervals													-0.10422776077268736
4493.276966578972	0.8330000000005384	WheelMovementIntervals													0.15885339132483978
4495.843966578972	0.1540000000004511	WheelMovementIntervals													-0.05948695327049336
4497.9089665789725	0.23499999999967258	WheelMovementIntervals													-0.049303127413679704
4500.342966578972	0.18100000000049477	WheelMovementIntervals													-0.028832905529213804
4501.604966578972	0.42399999999997817	WheelMovementIntervals													0.13514903792435007
4502.843966578972	0.11400000000048749	WheelMovementIntervals													-0.06693949411226185
4505.751966578972	0.2359999999998763	WheelMovementIntervals													-0.13275428293491132
4506.670966578972	0.5360000000000582	WheelMovementIntervals													0.13538329925449943
4509.335966578972	0.15300000000024738	WheelMovementIntervals													-0.04501982828656992
4512.022966578972	1.4859999999998763	WheelMovementIntervals													-0.29850209315287657
4514.121966578972	0.5879999999997381	WheelMovementIntervals													-0.33142135941812967
4515.367966578972	1.3890000000001237	WheelMovementIntervals													-0.46010480654075536
4517.023966578972	0.7799999999997453	WheelMovementIntervals													0.16838491739520123
4520.140966578972	0.2249999999994543	WheelMovementIntervals													-0.14940588819860068
4523.661966578972	0.28399999999965075	WheelMovementIntervals													-0.04522508275169912
4526.161966578972	0.12700000000040745	WheelMovementIntervals													-0.048525936311477835
4527.213966578972	0.3540000000002692	WheelMovementIntervals													-0.3494211668486287
4528.087966578973	0.09199999999964348	WheelMovementIntervals													0.01738626561871115
4530.189966578972	0.17299999999977445	WheelMovementIntervals													-0.03765860114128827
4536.765966578972	0.1459999999997308	WheelMovementIntervals													-0.11143121087116015
4541.508966578972	0.49400000000059663	WheelMovementIntervals													0.057299403406034344
4546.308966578972	1.28899999999976	WheelMovementIntervals													-0.24320164015927048
4547.929966578972	0.8909999999996217	WheelMovementIntervals													0.18672765530112656
4553.0339665789725	0.13499999999930878	WheelMovementIntervals													-0.08477243502767351
4556.077966578972	0.282999999999447	WheelMovementIntervals													-0.11762821946632585
4558.8019665789725	0.170999999999367	WheelMovementIntervals													-0.04887557058867742
4589.294966578972	0.748000000000502	WheelMovementIntervals													-0.149953959454308
4590.9849665789725	0.17599999999947613	WheelMovementIntervals													-0.11063085252260407
4593.704966578972	0.37700000000040745	WheelMovementIntervals													-0.16897268331598525
4597.010966578972	0.569999999999709	WheelMovementIntervals													-0.2624433598209066
4600.131966578972	0.2039999999997235	WheelMovementIntervals													0.025940546565436762
4600.524966578972	1.9879999999993743	WheelMovementIntervals													-0.736216368861335
4602.814966578972	0.4579999999996289	WheelMovementIntervals													-0.13236119874545693
4610.343966578972	0.15800000000035652	WheelMovementIntervals													-0.03149992626271114
4612.581966578972	0.38100000000031287	WheelMovementIntervals													-0.05481758055560704
4621.156966578972	0.11300000000028376	WheelMovementIntervals													0.03796588621662522
4623.023966578972	0.0500000000001819	WheelMovementIntervals													-0.015186156316985944
4629.452966578972	0.05999999999949068	WheelMovementIntervals													0.018861978373706734
4635.9669665789725	0.19899999999961437	WheelMovementIntervals													-0.050870883431628044
4643.719966578972	0.136000000000422	WheelMovementIntervals													-0.020498445901068862
4647.256966578972	0.054999999999381544	WheelMovementIntervals													0.012086205295872787
4653.700966578972	0.1540000000004511	WheelMovementIntervals													0.05527879542972869
4667.948966578972	0.13000000000010914	WheelMovementIntervals													0.031428265128170096
4675.998966578973	0.06599999999980355	WheelMovementIntervals													0.02057592416593934
4688.089966578972	3.681999999999789	WheelMovementIntervals													-0.32289433313479776
4692.157966578972	0.19800000000032014	WheelMovementIntervals													0.08351984071680363
4700.749966578972	0.9200000000000728	WheelMovementIntervals													-0.6942298956583386
4702.146966578972	0.7049999999999272	WheelMovementIntervals													-0.24505878916073698
4703.4269665789725	0.6970000000001164	WheelMovementIntervals													0.10202423664856042
4710.459966578972	0.47699999999986176	WheelMovementIntervals													0.2659505480755229
4714.7039665789725	0.6149999999997817	WheelMovementIntervals													-0.041737354906956625
4719.077966578972	0.4679999999998472	WheelMovementIntervals													-0.20701098375070615
4723.793966578972	0.31900000000041473	WheelMovementIntervals													0.07030771616325637
4733.587966578973	0.20799999999962893	WheelMovementIntervals													0.07635963536984036
4743.789966578972	0.6040000000002692	WheelMovementIntervals													-0.0941697302229727
4757.342966578973	0.3969999999999345	WheelMovementIntervals													0.028649179381261547
4777.711966578972	0.17699999999967986	WheelMovementIntervals													0.09957074856623649
4785.881966578972	1.4639999999999418	WheelMovementIntervals													0.2039819377363301
4788.146966578972	0.9720000000006621	WheelMovementIntervals													-0.440099644710358
4796.977966578972	0.15300000000024738	WheelMovementIntervals													-0.03767075703791534
4822.128966578972	2.47400000000016	WheelMovementIntervals													-0.9528471276686332
4830.939966578972	5.331000000000131	WheelMovementIntervals													-1.6588045708820118
4838.588966578972	2.305000000000291	WheelMovementIntervals													-1.8489523381347226
4841.214966578972	0.2750000000005457	WheelMovementIntervals													0.10377304744821458
4841.8689665789725	0.17999999999938154	WheelMovementIntervals													0.04793483050980285
4842.371966578972	0.4750000000003638	WheelMovementIntervals													-0.03930425103675361
4843.113966578972	0.1959999999999127	WheelMovementIntervals													0.023140467795428776
4843.549966578972	0.4000000000005457	WheelMovementIntervals													0.07948852696131326
4844.352966578972	0.068000000000211	WheelMovementIntervals													0.004602437733865372
4845.164966578972	2.811000000000604	WheelMovementIntervals													0.9938153609813298
4848.7619665789725	0.9229999999997744	WheelMovementIntervals													0.16791954905795592
4849.974966578972	0.9110000000000582	WheelMovementIntervals													-0.20913688119713925
4857.854966578972	0.6030000000000655	WheelMovementIntervals													-0.0870575129935105
4860.448966578972	0.9569999999994252	WheelMovementIntervals													-0.161441699674981
4863.094966578972	0.6300000000001091	WheelMovementIntervals													-0.16607056808021525
4864.144966578972	0.6980000000003201	WheelMovementIntervals													0.1484219582517312
4865.103966578972	0.15499999999974534	WheelMovementIntervals													0.016037752988552256
4865.890966578972	1.293999999999869	WheelMovementIntervals													-1.231555971416185
