onset	duration	nwb_table	choice	feedback_type	reward_volume	contrast_left	contrast_right	probability_left	feedback_time	response_time	stim_off_time	stim_on_time	go_cue_time	first_movement_time	peak_amplitude
10.515962160000003	1.4339999999998412	WheelMovementIntervals													-0.23527604976199384
16.902962159999298	2.0479999999997744	WheelMovementIntervals													0.22608155446513753
19.24096215999904	0.9399999999998983	WheelMovementIntervals													0.3022819902653908
23.07196215999862	0.8589999999999058	WheelMovementIntervals													-0.10996802634350256
26.13796215999828	0.32499999999996376	WheelMovementIntervals													-0.058948223036498104
27.50596215999813	0.8259999999999081	WheelMovementIntervals													-0.7112056865048604
32.81296215999755	0.17199999999997573	WheelMovementIntervals													0.04983360627011407
34.0879621599974	0.1659999999999826	WheelMovementIntervals													-0.04762640453818412
37.28796215999705	0.708999999999925	WheelMovementIntervals													-0.22170396616375515
39.18696215999684	0.21299999999997965	WheelMovementIntervals													-0.03856908664634995
42.87096215999644	0.4749999999999446	WheelMovementIntervals													-0.16338412530491492
44.55596215999625	0.06199999999999761	WheelMovementIntervals													-0.019354903154259195
45.07196215999619	0.3009999999999664	WheelMovementIntervals													0.07546701985616311
52.287962159995395	0.5319999999999467	WheelMovementIntervals													-0.2269584326449351
56.26213989005626	36.04507855873905	trials	-1.0	1.0	1.5		1.0	0.5	90.74482461009075	90.74471650828858	91.80711837009181	57.05522724005706	56.95687041005696	90.29896215999122	
57.12296215999486	0.6159999999999357	WheelMovementIntervals													-0.09241830256461392
60.05696215999454	0.17199999999998283	WheelMovementIntervals													0.010576524090139205
67.89196215999368	0.4709999999999468	WheelMovementIntervals													0.049446327839469784
69.43796215999352	0.20699999999997942	WheelMovementIntervals													-0.03165007038109513
77.93696215999258	0.4289999999999594	WheelMovementIntervals													-0.04846911190839198
83.26396215999199	0.06900000000000261	WheelMovementIntervals													0.013277293200303908
89.42996215999132	0.1139999999999759	WheelMovementIntervals													-0.007851898118206191
90.29896215999122	1.6889999999998082	WheelMovementIntervals													0.4751960528240959
93.17541486009317	2.8652948401491045	trials	1.0	1.0	1.5	0.25		0.5	94.46711901009446	94.46701118185621	95.54064498009554	94.18764696009418	94.1885802000942	94.36396215999078	
93.35696215999089	0.44399999999994577	WheelMovementIntervals													0.1403713613342164
94.36396215999078	1.0889999999998707	WheelMovementIntervals													-1.9419983757160744
95.77096215999062	0.08499999999999375	WheelMovementIntervals													0.0122804549368154
96.09796215999059	0.31299999999995975	WheelMovementIntervals													0.022477668145512997
96.6061050900966	4.651108149868435	trials	-1.0	1.0	1.5		0.25	0.5	99.69202980009969	99.69190850680529	100.75715661010076	97.50441525009751	97.5051818400975	97.6879621599904	
97.6879621599904	0.9669999999998993	WheelMovementIntervals													0.2614372034779304
99.60096215999019	0.7049999999999272	WheelMovementIntervals													0.15158030564679525
100.74496215999007	0.34799999999995634	WheelMovementIntervals													0.09830295286405111
101.88051093010188	9.042903074860547	trials	1.0	-1.0	0.0		0.125	0.5	108.35932965010836	108.3585109837292	110.42332323011043	103.55427687010355	103.55507679010356	107.88796215998929	
102.12296215998991	0.960999999999899	WheelMovementIntervals													1.2474980722525546
104.45696215998966	0.21699999999998454	WheelMovementIntervals													0.02009710931523312
106.09696215998947	0.10299999999999443	WheelMovementIntervals													0.059734707720654756
107.88796215998929	0.7259999999999138	WheelMovementIntervals													-0.44603742583716577
109.63796215998909	0.6549999999999301	WheelMovementIntervals													-0.9322929120027669
111.54541101011155	4.158396620551159	trials	-1.0	1.0	1.5		0.25	0.5	114.13931826011414	114.13920703093628	115.20377847011521	113.05399347011306	113.05489338011306	113.43796215998867	
111.68596215998886	0.8789999999999054	WheelMovementIntervals													0.21844883838795592
113.43796215998867	1.6819999999998174	WheelMovementIntervals													0.4025469790258358
116.28430374011629	10.25271432833901	trials	-1.0	1.0	1.5		1.0	0.5	124.97480127012497	124.9747133422473	126.03696171012604	116.92360647011692	116.92450638011692	124.34396215998747	
117.7139621599882	0.19799999999997908	WheelMovementIntervals													0.012872494161222603
120.52596215998788	0.1869999999999834	WheelMovementIntervals													0.030819561525543437
121.86296215998775	0.12599999999999056	WheelMovementIntervals													0.019782238072906355
124.34396215998747	0.97099999999989	WheelMovementIntervals													0.12752867395968703
127.16301576012717	3.676904867880637	trials	1.0	1.0	1.5	0.0625		0.5	129.2768043601293	129.27671683389477	130.33983138013033	128.92307307012894	128.92397298012892	129.12596215998693	
127.41196215998713	0.9629999999998802	WheelMovementIntervals													0.38162262077715636
129.12596215998693	1.0449999999998738	WheelMovementIntervals													-1.1015549571050576
131.47401795013147	2.482299138587962	trials	1.0	1.0	1.5	1.0		0.5	132.38109390013238	132.38101653922365	133.45621971013347	132.1869466501322	132.1879132201322	132.24296215998658	
132.24296215998658	0.7299999999999329	WheelMovementIntervals													-1.9207127108310427
134.52111321013453	2.401805303831992	trials	1.0	1.0	1.5	0.125		0.5	135.35949603013535	135.35941401423977	136.42288968013642	135.05359329013507	135.05452653013506	135.23096215998626	
135.23096215998626	2.0329999999997597	WheelMovementIntervals													-3.186193196446001
137.49231606013748	12.977574430836853	trials	1.0	-1.0	0.0		0.125	0.5	147.9069411601479	147.90589313542347	149.96983485014997	138.07009161013806	138.07112484013808	147.74396215998487	
138.70096215998586	0.14599999999998658	WheelMovementIntervals													-0.03946246660344688
140.95896215998562	0.483999999999952	WheelMovementIntervals													-0.036405189103621005
147.74396215998487	0.7909999999999116	WheelMovementIntervals													-1.0570218415400277
149.2439621599847	0.6719999999999402	WheelMovementIntervals													-0.6739828077747889
151.12438605015112	2.3954050652240824	trials	1.0	1.0	1.5	0.0625		0.5	151.96050243015196	151.96038711992034	153.019729830153	151.63930122015165	151.64023446015165	151.85996215998443	
151.85996215998443	0.43499999999994543	WheelMovementIntervals													-1.0714946865050443
154.08618984015408	2.5028926265597136	trials	1.0	1.0	1.5	0.125		0.5	155.03109534015502	155.03098592437053	156.0890228701561	154.7889528901548	154.78981947015478	154.9259621599841	
154.9259621599841	1.988999999999777	WheelMovementIntervals													-4.582056589444932
157.2155768701572	2.307013157174765	trials	1.0	1.0	1.5	0.0625		0.5	157.95780264015795	157.95768013744356	159.02249616015902	157.68629646015768	157.6874630101577	157.85296215998378	
157.85296215998378	0.5789999999999225	WheelMovementIntervals													-1.5737170186982468
160.08878952016008	2.7505040271134362	trials	1.0	1.0	1.5	0.0625		0.5	161.26430529016127	161.26418995908674	162.33923112016234	160.85284644016085	160.85371302016085	161.09996215998342	
160.17396215998352	0.15399999999996794	WheelMovementIntervals													-0.17625815730163907
161.09996215998342	0.20899999999997476	WheelMovementIntervals													-0.3213421834218231
163.4093907601634	2.4934981103015446	trials	1.0	1.0	1.5	0.125		0.5	164.33789790016434	164.33778893959368	165.4028580601654	164.019496410164	164.020329660164	164.19796215998306	
164.19796215998306	0.4149999999999636	WheelMovementIntervals													-0.3294335573205096
166.46908476016648	2.5337946912462996	trials	1.0	1.0	1.5	0.0625		0.5	167.43608805016743	167.43598158954353	168.5028147001685	167.15588274016716	167.15694930016716	167.3259621599827	
167.3259621599827	1.841999999999814	WheelMovementIntervals													-4.082981075838195
169.57047459016957	2.551720385339621	trials	1.0	1.0	1.5	0.0625		0.5	170.55717591017057	170.55708131210235	171.62216940017163	170.2723710601703	170.27323764017027	170.44196215998238	
170.44196215998238	0.6899999999999125	WheelMovementIntervals													-1.2855195131766841
172.6908958501727	2.411899990681775	trials	1.0	1.0	1.5	0.25		0.5	173.53467813017355	173.53459479749282	174.60270465017462	173.31926634017333	173.32016625017332	173.37896215998205	
173.37896215998205	2.3559999999997387	WheelMovementIntervals													-3.659079136767293
175.72849206017574	2.410103748036505	trials	1.0	1.0	1.5	0.125		0.5	176.57817375017657	176.57809267638692	177.63856770017765	176.3055676801763	176.3064675901763	176.46496215998172	
176.46496215998172	1.8319999999997947	WheelMovementIntervals													-1.9422092522602874
178.70659422017872	3.5625910761613113	trials	1.0	-1.0	0.0		0.0	0.5	179.7113937301797	179.71039086051465	181.76912127018178	179.2857029701793	179.2867362001793	179.57096215998138	
179.57096215998138	0.5639999999999361	WheelMovementIntervals													-0.6153044671445294
180.94296215998122	0.6129999999999427	WheelMovementIntervals													-0.46971099069319777
182.84468037018286	2.577219172234919	trials	1.0	1.0	1.5	0.0625		0.5	183.86237859018385	183.8622867557358	184.92183930018493	183.55537596018357	183.55634253018357	183.7529621599809	
183.03496215998098	0.12999999999999545	WheelMovementIntervals													-0.029172858447243044
183.7529621599809	0.3949999999999534	WheelMovementIntervals													-0.8004074536944046
185.980900050186	2.3381838470741627	trials	1.0	1.0	1.5	0.25		0.5	186.75528927018675	186.75519370766122	187.81901622018782	186.4856162401865	186.4866161401865	186.6459621599806	
186.6459621599806	2.1379999999997494	WheelMovementIntervals													-4.3940441123902545
188.8851762601889	17.86911214155296	trials	1.0	-1.0	0.0		0.125	0.5	204.1843128602042	204.18338408650817	206.25420585020626	189.97220088018997	189.97320078018998	194.92196215997967	
190.2179621599802	0.19599999999996953	WheelMovementIntervals													0.025062487901791997
192.15896215997998	0.12899999999999068	WheelMovementIntervals													0.021631165431031718
194.92196215997967	0.4269999999999641	WheelMovementIntervals													-0.2161893360811078
197.4699621599794	0.20599999999998886	WheelMovementIntervals													0.04504167186907182
199.2249621599792	0.5119999999999436	WheelMovementIntervals													-0.18125557312982465
200.48796215997908	0.5259999999999252	WheelMovementIntervals													0.0464357918665641
202.74596215997883	0.28099999999994907	WheelMovementIntervals													0.027023616154210117
204.07096215997868	0.7379999999999143	WheelMovementIntervals													-1.0546906360588082
207.45498576020745	14.04959700735779	trials	1.0	1.0	1.5	0.0		0.5	219.94017045021994	219.94008132352394	221.004564000221	209.46851772020946	209.46955095020948	219.59696215997695	
207.86096215997827	0.35799999999994725	WheelMovementIntervals													0.03342987711631906
210.81296215997793	0.27599999999998204	WheelMovementIntervals													0.024556279188587382
212.26896215997778	0.3769999999999527	WheelMovementIntervals													0.03181088871966864
216.81596215997726	0.16899999999998272	WheelMovementIntervals													0.02151962125610396
218.11296215997712	0.41299999999995407	WheelMovementIntervals													0.05104468223931491
219.59696215997695	1.7269999999998333	WheelMovementIntervals													-0.6166662830722558
222.17248053022217	10.362203782554417	trials	-1.0	1.0	1.5		0.0625	0.5	230.97926643023098	230.97918119530488	232.03459422023204	223.83494760022384	223.83594750022382	229.49496215997587	
222.49096215997665	0.755999999999915	WheelMovementIntervals													0.28806195101904564
224.7879621599764	0.3059999999999832	WheelMovementIntervals													-0.07715218859798512
228.85596215997595	0.23399999999998045	WheelMovementIntervals													0.015619743276239717
229.49496215997587	0.927999999999912	WheelMovementIntervals													0.2110574222635364
230.69796215997573	0.16499999999999204	WheelMovementIntervals													0.012624779634499816
231.23396215997568	0.9189999999998975	WheelMovementIntervals													0.15512038537847417
232.9539621599755	0.15699999999998226	WheelMovementIntervals													0.022545286521236108
233.16308136023318	9.19028949078185	trials	-1.0	1.0	1.5		0.0	0.5	240.78655227024078	240.78647015427254	241.85327892024185	233.73742392023374	233.73845715023373	240.02296215997472	
233.70496215997542	0.44099999999994566	WheelMovementIntervals													0.07318022241658895
240.02296215997472	1.3759999999998342	WheelMovementIntervals													0.19304798080886343
242.78096215997442	0.07899999999997931	WheelMovementIntervals													0.005387499789613059
242.97296694024297	63.26246956400868	trials	0.0	-1.0	0.0		0.0625	0.5	303.73622334030375	303.73543578605427	304.8859416903049	243.73432413024375	243.73529070024375	262.9409621599722	
243.7699621599743	0.25799999999995293	WheelMovementIntervals													-0.021059547306713
246.09896215997404	0.33099999999996044	WheelMovementIntervals													0.03479862675518319
250.73796215997353	0.47899999999995657	WheelMovementIntervals													-0.07606758439197847
253.7749621599732	0.07999999999998408	WheelMovementIntervals													0.011672086233375012
255.74196215997299	0.351999999999947	WheelMovementIntervals													-0.053930375456445745
256.8219621599729	0.40199999999992997	WheelMovementIntervals													0.02148908652127801
262.9409621599722	0.40599999999994907	WheelMovementIntervals													-0.11517486320697401
263.7029621599721	0.2109999999999559	WheelMovementIntervals													0.015789948260007236
285.97596215996964	0.4979999999999336	WheelMovementIntervals													-0.37508447463179095
307.2963339603073	2.420104477308257	trials	1.0	1.0	1.5	0.25		0.5	308.14804878030816	308.1479344801512	309.21634194030923	307.34969529030735	307.8205482003078	308.01996215996724	
308.01996215996724	0.5829999999999131	WheelMovementIntervals													-1.7738955505310017
310.2778357803103	3.424303437203207	trials	1.0	1.0	1.5	0.125		0.5	312.14174937031214	312.14163601827386	313.2020766603132	310.7857516503108	310.7867848803108	311.7419621599668	
311.7419621599668	1.227999999999838	WheelMovementIntervals													-1.1927172884431272
314.2723362903143	6.163217639742982	trials	1.0	-1.0	0.0		0.0625	0.5	317.87237625031787	317.8713448391865	319.9354699203199	314.8829085603149	314.8837084803149	317.75796215996616	
315.6139621599664	0.6679999999999495	WheelMovementIntervals													-0.055648574574476584
317.75796215996616	0.9789999999998713	WheelMovementIntervals													-2.090519277451513
320.63696215996583	0.18199999999995953	WheelMovementIntervals													0.021765217685825178
321.1092525303211	10.97577497654487	trials	1.0	-1.0	0.0		0.0625	0.5	329.51644506032954	329.5155318332212	331.5850048503316	321.6825618603217	321.68359509032166	323.08796215996557	
323.08796215996557	0.32799999999997453	WheelMovementIntervals													-0.14323170179147127
324.15096215996545	0.4339999999999691	WheelMovementIntervals													-0.05645357409981244
329.42796215996486	0.6039999999999281	WheelMovementIntervals													-0.5475206701799422
332.7172249503327	13.798322089906378	trials	-1.0	1.0	1.5		1.0	0.5	344.961133770345	344.96104277693166	346.015428330346	333.1991767503332	333.2000766603332	344.86496215996317	
336.78896215996406	0.37599999999997635	WheelMovementIntervals													-0.03201758842340041
339.65596215996374	0.18299999999999272	WheelMovementIntervals													0.03638330469087947
342.6869621599634	0.117999999999995	WheelMovementIntervals													0.042291778662246315
344.86496215996317	0.23699999999996635	WheelMovementIntervals													0.11698568938051324
345.89196215996304	0.05299999999999727	WheelMovementIntervals													-0.0066418064094335705
346.93896215996295	0.5009999999999195	WheelMovementIntervals													-0.2432728992863673
347.18184501034716	5.700075767909311	trials	1.0	-1.0	0.0		0.0625	0.5	350.32179765035033	350.32073001433577	352.3818916203524	348.001629690348	348.002829570348	350.1079621599626	
350.1079621599626	0.8899999999998727	WheelMovementIntervals													-0.7851572957277781
353.4822149103535	3.5995162380303327	trials	-1.0	1.0	1.5		0.125	0.5	355.5265437903555	355.52642242838624	356.5816716003566	354.05152464035405	354.05272452035405	354.95296215996206	
354.95296215996206	1.1839999999998554	WheelMovementIntervals													0.8984926073052861
357.66143028035765	9.553808842346882	trials	-1.0	1.0	1.5		1.0	0.5	365.66213013036565	365.662035172889	366.7151248203667	360.2015762403602	360.2025761403602	362.1369621599613	
357.77996215996177	0.34099999999995134	WheelMovementIntervals													-0.12802943649541731
358.51996215996166	1.1439999999998918	WheelMovementIntervals													-0.6357893836089517
362.1369621599613	0.713999999999885	WheelMovementIntervals													0.19883055543829897
365.4759621599609	0.325999999999965	WheelMovementIntervals													0.09955331494624176
367.9309365603679	6.4338984183775665	trials	-1.0	1.0	1.5		0.25	0.5	372.8068155903728	372.80673308828034	373.8647764503739	369.3844911903694	369.38542443036937	371.9819621599602	
367.96496215996063	0.7899999999999068	WheelMovementIntervals													-0.9357615008590585
371.9819621599602	1.997999999999763	WheelMovementIntervals													0.4687406750027776
374.5599621599599	0.2939999999999259	WheelMovementIntervals													-0.024765302872630457
374.980431540375	2.3540081273642386	trials	1.0	1.0	1.5	0.125		0.5	375.7682194203758	375.7681335907236	376.83434613037684	375.4673828403755	375.4683160803755	375.63896215995976	
375.63896215995976	0.6989999999999554	WheelMovementIntervals													-1.5958600260431552
377.4659621599596	0.1479999999999677	WheelMovementIntervals													0.022002423961573925
377.9040391503779	9.460592854804588	trials	1.0	-1.0	0.0		0.0	0.5	384.8038157703848	384.80293248148007	386.86450968038685	378.46468308037845	378.4655829903785	384.6219621599588	
380.8179621599592	0.21699999999998454	WheelMovementIntervals													-0.08008606235532056
384.6219621599588	0.3289999999999509	WheelMovementIntervals													-0.3534637733826429
388.000629390388	2.633485907969714	trials	1.0	1.0	1.5	1.0		0.5	389.06432301038905	389.06422248738335	390.13408269039013	388.7009593503887	388.7023925403887	388.9189621599583	
388.9189621599583	1.5759999999998513	WheelMovementIntervals													-1.2146984279656436
391.2085085703912	15.372321287109799	trials	-1.0	1.0	1.5		1.0	0.5	405.014127870405	405.0140249936099	406.08072120040606	391.83104631039186	391.83201288039186	395.7379621599576	
395.7379621599576	1.1809999999998695	WheelMovementIntervals													0.15649179670993618
398.3689621599573	0.24799999999999045	WheelMovementIntervals													0.016020904095000787
400.872962159957	0.17799999999994043	WheelMovementIntervals													0.014013995809300184
404.8719621599566	0.4009999999999536	WheelMovementIntervals													0.42568308025774115
407.34822777040733	2.835496621638754	trials	1.0	1.0	1.5	0.0625		0.5	408.6217004104086	408.62162490594017	409.68369420040966	407.983397580408	407.984397480408	408.49996215995617	
408.49996215995617	1.4629999999998518	WheelMovementIntervals													-3.7883131002192343
410.7579201004108	2.4395024482439	trials	1.0	1.0	1.5	1.0		0.5	411.6341991304116	411.6341199022357	412.69739280041273	411.3805245004114	411.3816577204114	411.5289621599558	
411.5289621599558	0.4889999999999759	WheelMovementIntervals													-1.4665813774430774
413.7644194204138	2.2996871258609417	trials	1.0	1.0	1.5	1.0		0.5	414.5091116104145	414.5090142806701	415.5640727704156	414.2334058504142	414.23427243041425	414.3749621599555	
414.3749621599555	0.8729999999999336	WheelMovementIntervals													-1.6974034171896903
416.62849965041664	27.07121702192046	trials	1.0	-1.0	0.0		0.0	0.5	441.13548204044116	441.1346132489515	443.1996089404432	417.1165508404171	417.11758407041714	437.9269621599529	
424.95596215995437	0.22899999999992815	WheelMovementIntervals													0.041276227288364
437.9269621599529	0.5989999999999327	WheelMovementIntervals													-0.17194486126679465
440.7339621599526	0.07999999999998408	WheelMovementIntervals													-0.01023732475425021
441.1029621599526	0.10099999999994225	WheelMovementIntervals													-0.01849753392502862
444.47121510044445	2.5447934861860517	trials	1.0	1.0	1.5	0.25		0.5	445.4567165404455	445.45661141650027	446.5159106104465	445.12988256044514	445.1307158104451	445.32696215995213	
445.32696215995213	2.042999999999722	WheelMovementIntervals													-3.200219924547781
447.5874034504476	3.8257894167169297	trials	1.0	1.0	1.5	0.0		0.5	449.86200930044987	449.8618953749724	450.9131375104509	448.17991086044816	448.1810107504482	449.75396215995164	
449.75396215995164	1.1979999999998654	WheelMovementIntervals													-1.1993125168978267
452.0797875004521	11.066498023942813	trials	-1.0	1.0	1.5		1.0	0.5	461.58210384046157	461.58198408642926	462.6462307504627	452.64929721045263	452.65026378045263	452.93096215995126	
452.93096215995126	0.8889999999998963	WheelMovementIntervals													-0.25794558044759697
455.9289621599509	0.26900000000000546	WheelMovementIntervals													-0.06678282281008308
458.4289621599507	0.0959999999999468	WheelMovementIntervals													0.026904431584355848
460.6999621599504	2.486999999999739	WheelMovementIntervals													1.2727362305639218
463.7973822904638	2.798826635185492	trials	-1.0	1.0	1.5		0.25	0.5	465.03109224046506	465.0309927079047	466.0961857204661	464.28246711046427	464.28340035046426	464.48096215994997	
464.48096215994997	1.963999999999828	WheelMovementIntervals													0.37061163638304606
466.8829621599497	0.1309999999999718	WheelMovementIntervals													0.019938357129660744
467.17821084046716	5.987280112511883	trials	1.0	-1.0	0.0		0.0625	0.5	470.6139339004706	470.61319770959307	472.6654620604727	467.9157370804679	467.9166703204679	470.24996215994935	
468.67696215994954	0.16699999999997317	WheelMovementIntervals													-0.019334088136325533
470.24996215994935	0.8259999999999081	WheelMovementIntervals													-1.3689117791687124
473.76258567047375	2.5835172301236184	trials	1.0	1.0	1.5	0.0625		0.5	474.7889830204748	474.78889132340925	475.84601064047587	474.42915234047445	474.4302189004744	474.6689621599489	
474.6689621599489	0.44599999999996953	WheelMovementIntervals													-0.8720608267936711
476.9216030704769	2.5409937832950504	trials	1.0	1.0	1.5	0.25		0.5	477.92830239047794	477.92819941934573	478.962565620479	477.68172705047766	477.6828269404777	477.82996215994854	
477.82996215994854	1.501999999999839	WheelMovementIntervals													-3.622722935716851
480.03419178048006	2.4812917471962237	trials	1.0	1.0	1.5	0.0625		0.5	480.95869932048095	480.9585875882908	482.01539364048205	480.6154336504806	480.6164335504806	480.8159621599482	
480.8159621599482	1.6569999999998117	WheelMovementIntervals													-1.1002409046375163
483.1763775304832	6.369304962516196	trials	1.0	-1.0	0.0		0.25	0.5	486.998328630487	486.9972787077828	489.04569054048903	483.76238559048375	483.76338549048376	484.1219621599478	
484.1219621599478	0.741999999999905	WheelMovementIntervals													0.10333253772157747
486.8389621599475	0.6459999999999582	WheelMovementIntervals													-0.9064716203204668
489.43896215994727	0.48999999999995225	WheelMovementIntervals													0.13135744957548923
490.15417968049013	3.3915041504122883	trials	1.0	1.0	1.5	1.0		0.5	491.992395840492	491.9922808459539	493.04559051049307	491.73175524049174	491.73258849049176	491.87496215994696	
490.6189621599471	0.8259999999999081	WheelMovementIntervals													-0.7445302630484179
491.87496215994696	1.4479999999998654	WheelMovementIntervals													-3.1386388203786524
494.1285822004941	19.600004901002592	trials	1.0	-1.0	0.0		0.0625	0.5	511.1662449305112	511.1651838528725	513.2284720205132	494.64833022049464	494.6491968004947	495.1729621599466	
495.1729621599466	0.5529999999999404	WheelMovementIntervals													-0.11935943683570116
496.69696215994645	0.4199999999999591	WheelMovementIntervals													-0.06850705684539804
498.54696215994625	0.28099999999994907	WheelMovementIntervals													-0.033727348365943044
510.5149621599449	0.9699999999999136	WheelMovementIntervals													-0.26888672000048075
513.2809621599447	0.17899999999997362	WheelMovementIntervals													0.07716071579288553
514.4401841705145	2.3550096102821954	trials	1.0	1.0	1.5	0.125		0.5	515.2329715505152	515.2328863955523	516.2950986605163	514.9476000905149	514.9485333305149	515.1089621599444	
515.1089621599444	1.7639999999998963	WheelMovementIntervals													-2.0099386647824318
517.2049621599442	0.09900000000004638	WheelMovementIntervals													0.010371128780917616
517.3579923605174	2.5066962519218805	trials	1.0	1.0	1.5	0.125		0.5	518.3136967805183	518.3135901692464	519.3645916805194	518.0479233605181	518.0487899405181	518.2009621599441	
518.2009621599441	0.43600000000003547	WheelMovementIntervals													-1.1438292894136168
520.4280853205204	8.619501920737434	trials	-1.0	1.0	1.5		0.0625	0.5	527.4800800505275	527.47998443754	528.5475732905286	522.0783202805221	522.079386840522	524.1909621599435	
520.7729621599439	0.696999999999889	WheelMovementIntervals													-1.1977120394320906
524.1909621599435	0.8169999999998936	WheelMovementIntervals													0.25790593812094187
527.3899621599431	0.5199999999999818	WheelMovementIntervals													0.16189377163294694
529.7721841505298	4.9058879477213395	trials	1.0	-1.0	0.0		0.125	0.5	532.1215491905322	532.1206769448684	534.1780101905342	530.5113435605305	530.5123101305305	531.8739621599426	
529.8769621599429	0.1169999999999618	WheelMovementIntervals													0.0628405775215981
531.8739621599426	0.5249999999999773	WheelMovementIntervals													-0.4046660094308976
535.2737672705352	9.020603233595693	trials	-1.0	1.0	1.5		1.0	0.5	542.7278884505428	542.7277682898932	543.7942818005438	536.2975982105363	536.2984647905363	542.2799621599415	
535.3819621599422	0.42600000000004457	WheelMovementIntervals													0.10166744681970385
536.4719621599421	0.18100000000004002	WheelMovementIntervals													0.06697882594457383
539.7889621599418	0.05599999999992633	WheelMovementIntervals													0.0037331872575379066
542.2799621599415	1.2009999999997945	WheelMovementIntervals													0.31792738712172763
544.926268590545	9.917913458899648	trials	-1.0	-1.0	0.0	0.0		0.5	552.2682009905523	552.2672763319781	554.3440933805543	545.4474498005454	545.4483163805454	545.6469621599412	
545.6469621599412	0.3209999999999127	WheelMovementIntervals													0.16344433869873853
552.1459621599404	0.37999999999999545	WheelMovementIntervals													0.47513543044391326
554.7379621599401	0.2419999999999618	WheelMovementIntervals													0.14357982154439242
555.4805797205555	2.4663005336994956	trials	1.0	1.0	1.5	0.25		0.5	556.3701574205563	556.3700788310564	557.4468164105574	556.030191420556	556.0311246605561	555.9819621599399	
555.9819621599399	1.9549999999998136	WheelMovementIntervals													-5.472171869854094
558.4539621599397	1.4669999999998709	WheelMovementIntervals													-0.6500292084324855
558.5105766905585	4.016908117577714	trials	1.0	1.0	1.5	0.125		0.5	560.9515659005609	560.9514798002914	562.0273916405621	560.4107533205604	560.4117532205604	560.5959621599395	
560.5959621599395	0.5079999999999245	WheelMovementIntervals													-0.43651866582582954
563.1180825605632	6.978979083446802	trials	1.0	1.0	1.5	1.0		0.5	568.5261750305685	568.5260640277269	569.5970346005696	563.5972679705636	563.5983345305636	568.0359621599387	
568.0359621599387	2.5579999999996517	WheelMovementIntervals													-4.389136938163787
570.7108565405707	4.1995129136583955	trials	-1.0	1.0	1.5		0.25	0.5	573.3454597205733	573.3453627597669	574.4103198905744	571.3272282305713	571.3281948005713	573.1709621599381	
573.1709621599381	0.779999999999859	WheelMovementIntervals													0.7591484839871754
574.4329621599379	0.06299999999998818	WheelMovementIntervals													0.007190341663218192
575.5950680705756	12.8346860936648	trials	1.0	-1.0	0.0		0.0	0.5	585.8522755805859	585.8514553595882	587.929667820588	576.1799762405761	576.1811094605762	585.6539621599367	
579.9149621599373	0.8299999999999272	WheelMovementIntervals													-0.06938673260235362
585.6539621599367	0.45899999999994634	WheelMovementIntervals													-0.36981290474879813
587.5519621599365	0.05000000000006821	WheelMovementIntervals													0.004199695771276879
588.1359621599364	0.09699999999997999	WheelMovementIntervals													0.017843260627003588
589.0943513405891	10.268511727983537	trials	-1.0	1.0	1.5		0.25	0.5	597.7831490405978	597.7830587257778	598.8628410605988	589.6600281005897	589.6608946805896	597.5819621599354	
589.8749621599362	0.21900000000005093	WheelMovementIntervals													0.030120299761264846
590.9829621599362	0.1919999999998936	WheelMovementIntervals													0.017998931025957177
593.5609621599358	0.7819999999999254	WheelMovementIntervals													-0.08553395687819432
595.0909621599357	0.09900000000004638	WheelMovementIntervals													0.0104826963795972
595.6879621599356	0.30599999999992633	WheelMovementIntervals													0.08274350561792687
596.7539621599354	0.34199999999998454	WheelMovementIntervals													0.0665341156025363
597.5819621599354	0.9699999999999136	WheelMovementIntervals													0.4202904389097313
598.9089621599353	0.16499999999996362	WheelMovementIntervals													0.010172255762981308
600.0005606106	3.912089152314138	trials	1.0	1.0	1.5	0.125		0.5	602.3445595206024	602.3444523138883	603.4125860406034	602.009793000602	602.010659580602	602.2009621599349	
600.2889621599351	1.071999999999889	WheelMovementIntervals													-0.8601550473782567
602.2009621599349	0.4459999999999127	WheelMovementIntervals													-0.8208260315901299
603.9599621599347	0.4979999999999336	WheelMovementIntervals													-0.05867601990668447
604.4924447106044	2.4868973066602393	trials	1.0	1.0	1.5	1.0		0.5	605.4037535706054	605.4036429909664	606.4793126706065	605.059787970605	605.0606212206051	605.2669621599346	
605.2669621599346	1.6849999999998317	WheelMovementIntervals													-4.365300640602882
607.5498389406075	2.6795093619396084	trials	1.0	1.0	1.5	0.25		0.5	608.6596612806087	608.6595415753665	609.7293209706097	608.0930179506081	608.0938845306081	608.2929621599342	
608.2929621599342	1.9249999999998408	WheelMovementIntervals													-1.1808592974521304
610.8055466706109	2.870693554270474	trials	1.0	1.0	1.5	0.0		0.5	612.0988506606121	612.0987424154798	613.1762095806132	611.5429729206115	611.5438395006115	611.9319621599338	
611.9319621599338	1.9689999999997099	WheelMovementIntervals													-0.5949145851011792
614.2519353306143	6.557407810202903	trials	-1.0	1.0	1.5		1.0	0.5	619.2355369206192	619.2354397462573	620.3092962006203	614.7623842806148	614.7634175106148	616.9849621599333	
616.9849621599333	0.2799999999999727	WheelMovementIntervals													-0.1671545852358065
618.566962159933	1.2259999999998854	WheelMovementIntervals													0.9186149987116892
621.0419621599328	0.7379999999999427	WheelMovementIntervals													-0.24809393087053877
621.5201417706215	2.789099585949998	trials	1.0	1.0	1.5	0.25		0.5	622.7306540406228	622.7305407229846	623.8092128406238	622.2788325606223	622.2799657806223	622.4489621599326	
622.4489621599326	0.8119999999998981	WheelMovementIntervals													-2.047627517557345
624.8822388606249	63.181478785657305	trials	0.0	-1.0	0.0		0.125	0.5	685.5645366906856	685.5637156044095	685.6443953706856	625.5626041506256	625.5635707206255		
632.2389621599316	0.05299999999999727	WheelMovementIntervals													-0.021131252989363247
689.1220142406892	14.238310336055406	trials	1.0	-1.0	0.0		0.125	0.5	700.7896140307008	700.788821071215	702.8602736107028	689.1911739906892	689.6947902906898	700.6819621599241	
696.7499621599245	0.18799999999998818	WheelMovementIntervals													0.02557253061844733
700.6819621599241	1.320999999999799	WheelMovementIntervals													-4.326672544674935
702.2909621599239	1.1149999999998954	WheelMovementIntervals													-0.3139697662726917
704.0332229707041	4.674308821584873	trials	1.0	-1.0	0.0		0.25	0.5	706.1421787207062	706.1411255959765	708.2074388407082	704.7741822007048	704.7751821007048	705.4789621599235	
705.4789621599235	1.1349999999998772	WheelMovementIntervals													-0.35716510521466205
709.3004295307093	2.3436102490063604	trials	1.0	1.0	1.5	1.0		0.5	710.0758186507101	710.0757319287924	711.1440118207112	709.7935802107098	709.7944467907098	709.9649621599231	
709.9649621599231	0.890999999999849	WheelMovementIntervals													-2.2538922597961175
712.2101385307122	2.5637828767638666	trials	1.0	1.0	1.5	1.0		0.5	713.2064388907132	713.2063307115593	714.2738988007143	712.9405988107129	712.9413654007129	713.1079621599226	
713.1079621599226	1.806999999999789	WheelMovementIntervals													-4.593376951596227
715.4653129807155	3.458500084763955	trials	1.0	1.0	1.5	0.0		0.5	717.3527242207174	717.3526113898754	718.4237171107185	716.2098385207162	716.2110050707162	716.8419621599222	
716.8419621599222	2.2499999999997726	WheelMovementIntervals													0.702184359104038
719.4989095807196	4.558318583379332	trials	1.0	-1.0	0.0		0.0625	0.5	721.4972430607215	721.4962168470182	723.5571037207236	719.97669513072	719.97759504072	721.1519621599218	
721.1519621599218	0.8559999999998809	WheelMovementIntervals													-0.8462788401709389
723.1269621599216	0.7839999999998781	WheelMovementIntervals													-0.08771321817978617
724.6445283007247	3.0488052865093778	trials	-1.0	1.0	1.5		0.25	0.5	726.1241136607262	726.1240298955776	727.1932734007272	725.1933400807252	725.1941733307252	725.3479621599213	
725.3479621599213	1.598999999999819	WheelMovementIntervals													0.5390948980811885
727.777962159921	0.10599999999999454	WheelMovementIntervals													-0.02925214488890049
728.2717322107283	8.637878952955589	trials	-1.0	1.0	1.5		0.0625	0.5	735.3457247407354	735.3456125177094	736.4095850107365	728.7403853407287	728.7414185707288	730.2749621599207	
730.2749621599207	0.5710000000000264	WheelMovementIntervals													0.2025448895820432
733.6739621599204	0.22000000000002728	WheelMovementIntervals													-0.04856402727185127
735.0789621599203	0.5049999999999955	WheelMovementIntervals													0.16025377843087085
736.73196215992	0.25300000000004275	WheelMovementIntervals													-0.047646820963038294
737.5285064407375	63.112583268249864	trials	0.0	-1.0	0.0		0.125	0.5	798.1422111307982	798.1410874905973	801.6720914408016	738.1400452807381	738.1409451907382	752.4309621599183	
741.0229621599196	0.07899999999995089	WheelMovementIntervals													0.007232147527645338
742.0699621599194	0.22300000000007003	WheelMovementIntervals													0.0780489055617295
744.9009621599191	0.06100000000003547	WheelMovementIntervals													0.00394839930415003
752.4309621599183	0.4940000000000282	WheelMovementIntervals													-0.27402700414390324
754.1179621599182	0.17799999999988358	WheelMovementIntervals													0.045469902782556915
761.0119621599174	0.3829999999999245	WheelMovementIntervals													0.03085041996723703
767.4479621599166	0.20799999999997	WheelMovementIntervals													0.05386039973217294
768.8959621599165	0.613999999999919	WheelMovementIntervals													-0.09364353988712537
789.7269621599143	0.39399999999989177	WheelMovementIntervals													-0.20740459812002143
794.7039621599137	0.18799999999998818	WheelMovementIntervals													0.019852044406178493
795.8219621599136	0.11899999999991451	WheelMovementIntervals													0.014102361191902446
798.0909621599133	0.66700000000003	WheelMovementIntervals													0.07323568985435713
800.599962159913	0.2519999999999527	WheelMovementIntervals													0.04247230849441053
801.1529621599129	0.9799999999999045	WheelMovementIntervals													0.04329682770843135
801.7227863708017	48.581599246467476	trials	1.0	-1.0	0.0		1.0	0.5	847.7323516208478	847.7315828160501	849.8043110708498	801.7583494808017	802.7591493908028	816.0029621599114	
806.0929621599124	0.21299999999996544	WheelMovementIntervals													-0.03979393355717775
809.812962159912	0.33600000000001273	WheelMovementIntervals													0.05726630687978229
816.0029621599114	0.5179999999999154	WheelMovementIntervals													-0.4074682286546931
821.2049621599108	0.22299999999995634	WheelMovementIntervals													0.06669384489919139
825.4369621599103	0.13799999999991996	WheelMovementIntervals													0.015098543881165938
829.9129621599099	0.15499999999997272	WheelMovementIntervals													0.022397126514945853
845.9979621599081	3.2089999999996053	WheelMovementIntervals													-0.723358544694662
851.4228825308514	4.481395915933035	trials	-1.0	1.0	1.5		0.125	0.5	854.3447903108544	854.344677912158	855.4041843608554	851.973460800852	851.974294050852	853.7059621599071	
853.7059621599071	1.6919999999998936	WheelMovementIntervals													0.40271316525632983
855.9499621599069	1.5049999999998818	WheelMovementIntervals													0.9389505610291167
856.5026745008565	3.8368942599058755	trials	1.0	1.0	1.5	0.25		0.5	858.7684812308588	858.768369339811	859.8395407808598	857.990659020858	857.991858900858	858.4759621599067	
858.4759621599067	1.5699999999998226	WheelMovementIntervals													-1.4749136871556203
860.1659621599065	1.45599999999979	WheelMovementIntervals													0.39665051200044843
860.9365644008609	7.153524319521921	trials	-1.0	1.0	1.5		1.0	0.5	866.5189727708665	866.5188810377404	867.5899989908676	862.3206593108623	862.3214259008623	865.8199621599058	
864.805962159906	0.2539999999999054	WheelMovementIntervals													-0.02225324408541951
865.8199621599058	1.7329999999998336	WheelMovementIntervals													0.8625744355371125
868.7042875508687	63.10048388942289	trials	0.0	-1.0	0.0		0.25	0.5	929.3055934809294	929.3047691974409	932.4021504609324	869.3038609208693	869.3046608408694	928.396962159899	
881.1219621599041	0.21400000000005548	WheelMovementIntervals													0.03545997245780086
893.3479621599029	0.06899999999995998	WheelMovementIntervals													-0.018799131226188592
896.4409621599025	0.1229999999999336	WheelMovementIntervals													-0.050078490647138096
900.538962159902	0.08400000000006003	WheelMovementIntervals													-0.02731727002549178
928.396962159899	0.5379999999998972	WheelMovementIntervals													0.2110543550715107
931.5429621598986	1.5659999999998035	WheelMovementIntervals													-0.32969985210280583
932.892268110933	2.5964883225499307	trials	1.0	1.0	1.5	1.0		0.5	933.925264800934	933.9251626699828	934.988691780935	933.6219618009336	933.6228617109336	933.8069621598984	
933.8069621598984	0.8069999999999027	WheelMovementIntervals													-1.7930774214843552
935.3299621598982	0.1349999999999909	WheelMovementIntervals													0.010007364515175254
936.058751430936	6.476895499885927	trials	-1.0	1.0	1.5		0.125	0.5	940.966060650941	940.9659457485042	942.035620350942	936.7187854209367	936.7197853209367	940.4429621598977	
940.4429621598977	2.0479999999997744	WheelMovementIntervals													1.4993131481298008
943.1400432309432	13.064797696394294	trials	1.0	1.0	1.5	0.0		0.8	954.6335604309546	954.6334385652424	955.7048199609557	943.7885783709438	943.7896782609438	954.1459621598962	
952.4239621598963	0.18299999999999272	WheelMovementIntervals													0.02507398705462549
954.1459621598962	0.7819999999999254	WheelMovementIntervals													-0.3748541422236542
956.8610376609569	2.4441014294815204	trials	1.0	1.0	1.5	1.0		0.8	957.7319505609578	957.7318371014029	958.8051099009588	957.5019402309575	957.5027734809576	957.6289621598958	
957.6289621598958	0.7119999999998754	WheelMovementIntervals													-1.9093819649700379
959.6539621598955	3.4919999999996207	WheelMovementIntervals													1.1882164351101494
959.8801357209599	6.438429378812657	trials	-1.0	1.0	1.5		1.0	0.8	964.7546482209648	964.7545556918881	965.8184418309659	963.6351268509636	963.6359934309636	964.235962159895	
964.235962159895	1.4959999999997535	WheelMovementIntervals													0.820322650278257
965.9869621598948	0.2680000000000291	WheelMovementIntervals													0.034019840296281245
966.9241645809669	2.7135796514913864	trials	1.0	1.0	1.5	0.25		0.8	968.076649320968	968.0765546654336	969.1376765409691	967.5049065009675	967.5059397309675	967.6919621598946	
967.6919621598946	1.0799999999999272	WheelMovementIntervals													-0.39178602071309854
970.2062363409702	2.2622162859438504	trials	1.0	1.0	1.5	1.0		0.8	970.911865770971	970.9117404843797	971.968360110972	970.6849884609707	970.6858883709707	970.8219621598943	
970.8219621598943	0.83199999999988	WheelMovementIntervals													-2.057233988347946
973.0395529809731	7.131895843789607	trials	-1.0	1.0	1.5		0.25	0.8	978.6035631909787	978.6034473981098	979.6713897309796	973.7047531209737	973.7058196809737		
973.9719621598939	0.36199999999996635	WheelMovementIntervals													0.09707126260181553
976.5509621598936	0.17300000000000182	WheelMovementIntervals													0.036282427907949
977.0679621598936	0.16600000000005366	WheelMovementIntervals													0.02368553497254311
978.5459621598934	0.20199999999999818	WheelMovementIntervals													0.052035706073354504
980.4559621598933	0.2699999999999818	WheelMovementIntervals													0.025719932125070954
980.7831452109808	3.201592000548658	trials	1.0	1.0	1.5	0.125		0.8	982.4290472709824	982.4289400707114	983.4847083609835	982.0845817209821	982.0856816109821	982.292962159893	
981.0609621598932	0.10599999999999454	WheelMovementIntervals													0.023699109976291766
982.292962159893	1.95599999999979	WheelMovementIntervals													-2.6953652803302077
984.5676333909846	2.333809591365821	trials	1.0	1.0	1.5	1.0		0.8	985.3413560109854	985.3412359073423	986.4013833309864	985.054218060985	985.0553179509851	985.2119621598927	
985.2119621598927	1.6659999999998263	WheelMovementIntervals													-2.6113338549552623
987.4728428409875	2.464699844702409	trials	1.0	1.0	1.5	0.25		0.8	988.3669534209884	988.3668416964942	989.4375130209894	988.087548030988	988.0885812609881	988.2439621598924	
988.2439621598924	0.48899999999991905	WheelMovementIntervals													-0.9738121071856085
990.5114389509905	2.2926140808367563	trials	1.0	1.0	1.5	1.0		0.8	991.2444323109912	991.2443424933156	992.3040263409923	990.9677933109909	990.968859870991	991.1219621598921	
991.1219621598921	0.3229999999999791	WheelMovementIntervals													-0.6578438064857863
993.3728527809934	62.9960650232282	trials	0.0	-1.0	0.0		0.25	0.8	1053.869802481054	1053.8689163113313	1053.933196141054	993.8677366209939	993.8688365109939		
1013.1109621598896	0.09100000000000819	WheelMovementIntervals													-0.05744753273262404
1057.4192141710573	2.6471128522937306	trials	1.0	1.0	1.5	0.25		0.8	1058.5025391610586	1058.5024182026361	1059.5662661110596	1057.4858408410576	1058.1670727110582	1058.3789621598846	
1058.3789621598846	1.9079999999996744	WheelMovementIntervals													-4.672142485696071
1060.6326261310605	3.303084783266513	trials	-1.0	1.0	1.5		1.0	0.8	1062.3636196810623	1062.363516585084	1063.4356124710635	1061.135842471061	1061.1366757210612	1061.7449621598842	
1061.7449621598842	1.3379999999999654	WheelMovementIntervals													0.6303428525045263
1064.5129047310645	2.43670431488772	trials	1.0	1.0	1.5	0.0625		0.8	1065.3809179210655	1065.3808051993985	1066.4495443810665	1065.066049411065	1065.066949321065	1065.2749621598837	
1065.2749621598837	0.9819999999999709	WheelMovementIntervals													-2.215913450216121
1067.4965063410675	21.135916158176087	trials	-1.0	1.0	1.5		0.25	0.8	1087.0846140010872	1087.0845185355952	1088.1323425510882	1068.4856407510686	1068.4869072910685	1068.6349621598833	
1068.6349621598833	0.7680000000000291	WheelMovementIntervals													-0.23001525959128344
1072.430962159883	0.7449999999998909	WheelMovementIntervals													0.2269684695855716
1078.4659621598823	0.07699999999999818	WheelMovementIntervals													0.011037773190025746
1079.552962159882	0.40800000000012915	WheelMovementIntervals													0.05510239425217378
1081.772962159882	0.09300000000007458	WheelMovementIntervals													0.014151042297740446
1082.5829621598818	0.3709999999998672	WheelMovementIntervals													-0.4213538386158575
1086.6579621598814	1.8699999999996635	WheelMovementIntervals													1.7777556126870593
1089.347962159881	0.17399999999997817	WheelMovementIntervals													0.01268666463477075
1089.3582199510893	2.7241068794996863	trials	1.0	1.0	1.5	0.0625		0.8	1090.5367020910905	1090.536621629294	1091.5822641910916	1090.2188005510902	1090.2198671110903	1090.407962159881	
1090.407962159881	1.5509999999999309	WheelMovementIntervals													-0.8343376093844057
1092.6444246310928	5.987680302923991	trials	1.0	-1.0	0.0		0.0625	0.8	1096.094079631096	1096.093112134361	1098.132075811098	1093.3187238610933	1093.3197904210933	1093.3989621598807	
1093.3989621598807	0.5669999999997799	WheelMovementIntervals													-0.25895168146413994
1095.5509621598803	0.7560000000000855	WheelMovementIntervals													-0.2798656505431154
1096.6869621598803	0.4700000000000273	WheelMovementIntervals													0.05516339236571355
1097.8829621598802	0.23499999999989996	WheelMovementIntervals													0.030520298685885905
1099.2152008210992	3.6865092381951854	trials	1.0	1.0	1.5	0.25		0.8	1101.3633193211015	1101.3632044558835	1102.4016821411024	1101.084813841101	1101.0856804211012	1101.2489621598797	
1099.49096215988	0.5640000000000782	WheelMovementIntervals													-0.1738299566553252
1101.2489621598797	1.288000000000011	WheelMovementIntervals													-2.3408993988832094
1103.4760080311034	3.505997240584975	trials	1.0	-1.0	0.0		0.0625	0.8	1104.4162806611043	1104.4150064885805	1106.4819407411064	1104.0654157511042	1104.066282331104	1103.9829621598794	
1103.9829621598794	0.9379999999998745	WheelMovementIntervals													-0.8526797511067343
1105.6799621598793	0.9039999999999964	WheelMovementIntervals													-1.4248676371907862
1107.5424013511076	2.5227958893708546	trials	1.0	1.0	1.5	0.25		0.8	1108.5194036411085	1108.5192985976728	1109.5651323911095	1108.2346654511082	1108.2355653611082	1108.411962159879	
1108.411962159879	1.4159999999997126	WheelMovementIntervals													-1.5885632564727103
1110.6290926511106	5.2028075225082375	trials	1.0	-1.0	0.0		0.125	0.8	1113.2854603211133	1113.2844949593027	1115.3318556611152	1111.2183003911111	1111.2191669711112	1111.1049621598788	
1111.1049621598788	0.7159999999998945	WheelMovementIntervals													0.12261814718431197
1112.8289621598785	0.6859999999999218	WheelMovementIntervals													-0.7327016253839247
1116.4209621598782	0.23099999999999454	WheelMovementIntervals													-0.2935447204035597
1116.5767978211165	2.5214959009740596	trials	1.0	1.0	1.5	0.25		0.8	1117.5590995811176	1117.5589950558358	1118.5982289911185	1117.1845703711172	1117.1854036211173	1117.408962159878	
1117.408962159878	1.4699999999998	WheelMovementIntervals													-1.840009948286891
1119.6633891311196	2.518223270038561	trials	1.0	1.0	1.5	0.0		0.8	1120.6368917711206	1120.6367969664116	1121.6815539611216	1120.1509403711202	1120.1520402611202	1120.2549621598778	
1120.2549621598778	1.9389999999996235	WheelMovementIntervals													-2.2363688114242137
1122.7481139611227	2.3362833215171577	trials	1.0	1.0	1.5	0.25		0.8	1123.5462008111235	1123.5461075811988	1124.5843303211245	1123.3010253311234	1123.3019585711234	1123.3479621598774	
1123.3479621598774	1.1809999999998126	WheelMovementIntervals													-1.297311368421731
1124.7399621598772	0.7819999999999254	WheelMovementIntervals													0.10906447548941856
1125.6461907911257	34.83459933997415	trials	-1.0	1.0	1.5		0.25	0.8	1158.921396271159	1158.9212872949552	1159.98072366116	1126.1649389111262	1126.1659388111261	1136.676962159876	
1126.698962159877	0.44099999999980355	WheelMovementIntervals													0.06350522296345673
1128.0959621598768	0.5289999999999964	WheelMovementIntervals													0.07565443688243079
1129.6819621598768	0.4979999999998199	WheelMovementIntervals													-0.09361922516261245
1131.1029621598766	0.40299999999979264	WheelMovementIntervals													0.048155121824095204
1136.676962159876	0.6869999999998981	WheelMovementIntervals													-0.2727738739433363
1138.6039621598757	0.4959999999998672	WheelMovementIntervals													-0.06281383927918682
1142.9139621598752	0.35200000000008913	WheelMovementIntervals													0.05019014949276368
1146.4099621598748	0.1069999999999709	WheelMovementIntervals													0.011531432007132025
1147.0989621598746	0.13200000000006185	WheelMovementIntervals													0.01097372631946314
1150.1679621598744	0.2619999999999436	WheelMovementIntervals													0.018120730209588487
1151.7799621598742	0.2639999999998963	WheelMovementIntervals													0.03004143720407626
1156.0139621598737	0.2039999999999509	WheelMovementIntervals													0.018497176873708554
1158.9149621598735	1.1059999999997672	WheelMovementIntervals													-0.138167386291272
1161.3367880411613	3.413602517388199	trials	1.0	1.0	1.5	1.0		0.8	1163.1961020911633	1163.195988867599	1164.2503299911643	1162.966691701163	1162.967624941163	1163.090962159873	
1161.703962159873	0.7460000000000946	WheelMovementIntervals													-0.1671096141840991
1163.090962159873	0.58199999999988	WheelMovementIntervals													-1.3103500125971408
1165.3186898111653	2.515195741535763	trials	1.0	1.0	1.5	0.25		0.8	1166.2650951611663	1166.2649874565295	1167.3338216111674	1165.8141069311657	1165.8152401511659	1165.9169621598726	
1165.9169621598726	0.6890000000000782	WheelMovementIntervals													-0.834719030693492
1168.4051811311683	2.345209557987573	trials	1.0	1.0	1.5	1.0		0.8	1169.191502491169	1169.1913833296517	1170.2503632611702	1168.9472935811689	1168.948193491169	1169.0699621598724	
1169.0699621598724	1.4279999999998836	WheelMovementIntervals													-3.523156266551169
1171.3232892911712	3.8404946838857086	trials	1.0	1.0	1.5	0.25		0.8	1173.6065942711737	1173.606484347196	1174.6637552111747	1173.2971585511732	1173.2981251211734	1173.4689621598718	
1171.5019621598722	1.1859999999996944	WheelMovementIntervals													-0.7624310079961276
1173.4689621598718	0.9690000000000509	WheelMovementIntervals													-0.7961959472830671
1174.7119621598717	0.09500000000002728	WheelMovementIntervals													0.008985872220122815
1175.7520797011757	2.3979057692884	trials	1.0	1.0	1.5	0.125		0.8	1176.5904958511767	1176.590380669311	1177.6499565611778	1176.3165565811764	1176.3173898311763	1176.1509621598716	
1176.1509621598716	1.3399999999999181	WheelMovementIntervals													-0.4818742992499523
1179.4139621598713	0.3989999999998872	WheelMovementIntervals													-0.08643272174822414
1181.443962159871	0.4579999999998563	WheelMovementIntervals													0.09867995494536785
1182.012486931182	4.48710254609955	trials	1.0	1.0	1.5	0.0		0.8	1184.936294521185	1184.9361866354302	1185.999554851186	1182.5467335011826	1182.5476334111825	1183.1349621598708	
1183.1349621598708	0.6269999999999527	WheelMovementIntervals													-0.15503198529832218
1184.7619621598706	0.7329999999999472	WheelMovementIntervals													-0.44542242002302146
1187.3506863911873	3.279405706526404	trials	1.0	1.0	1.5	0.25		0.8	1189.076480461189	1189.0763883416503	1190.1299751011902	1188.8134734311889	1188.814539991189	1188.4909621598702	
1187.4979621598702	0.09800000000018372	WheelMovementIntervals													0.013553679981725963
1188.4909621598702	1.6099999999999	WheelMovementIntervals													-2.4501671508612333
1191.3055908611914	6.657700062159847	trials	1.0	-1.0	0.0		0.25	0.2	1195.3980815711955	1195.3971890556936	1197.4632750311976	1191.782809801192	1191.7838097011918	1192.4389621598698	
1192.4389621598698	0.6630000000000109	WheelMovementIntervals													-0.1082824691407609
1195.1189621598694	0.9220000000000255	WheelMovementIntervals													-0.9756661758537462
1198.6706876111987	8.109187478992453	trials	1.0	-1.0	0.0		0.25	0.2	1204.2159330312043	1204.2151769990303	1206.2798599512064	1199.2330647011993	1199.2340312711992	1200.274962159869	
1200.274962159869	0.34400000000005093	WheelMovementIntervals													-0.11242171413448432
1203.7779621598686	0.47499999999990905	WheelMovementIntervals													-0.21578994661311413
1207.221962159868	0.34699999999998	WheelMovementIntervals													0.03944554703238623
1207.5055707012075	3.8742112765485217	trials	-1.0	1.0	1.5		0.125	0.2	1209.8284717212098	1209.828375663458	1210.8797665812108	1208.049416311208	1208.0505495312082	1208.768962159868	
1208.0859621598681	0.12999999999988177	WheelMovementIntervals													-0.019525686569039635
1208.768962159868	1.102999999999838	WheelMovementIntervals													0.3235485610664739
1210.046962159868	0.2919999999999163	WheelMovementIntervals													-0.0705571586451299
1211.4069621598676	0.07500000000004547	WheelMovementIntervals													-0.008204741861703724
1212.074180461212	5.338700070687764	trials	1.0	-1.0	0.0		0.0	0.2	1214.863434841215	1214.8625789312348	1216.912829881217	1213.3327545912134	1213.3337878212133	1214.6839621598674	
1212.2409621598676	0.17300000000000182	WheelMovementIntervals													-0.03487574367414936
1214.6839621598674	0.778999999999769	WheelMovementIntervals													-1.0492368838146149
1218.106677151218	2.8895106033194224	trials	1.0	1.0	1.5	0.125		0.2	1219.4365774812195	1219.436480650399	1220.4961048512205	1218.6488895912187	1218.6500228112186	1219.0629621598669	
1219.0629621598669	1.0769999999997708	WheelMovementIntervals													-1.0849657434325763
1220.5669621598668	0.10299999999983811	WheelMovementIntervals													-0.009458182520205582
1221.6789865512217	3.733794940578491	trials	-1.0	1.0	1.5		0.0625	0.2	1223.8547689512238	1223.854682437671	1224.9127298112248	1222.4160128412225	1222.4169794112224	1222.4709621598665	
1222.4709621598665	2.077999999999747	WheelMovementIntervals													0.3342092443332092
1225.267962159866	0.15399999999999636	WheelMovementIntervals													-0.03507779857119431
1226.0953782012261	3.8839112451801157	trials	-1.0	1.0	1.5		0.25	0.2	1228.4283782112284	1228.428283153765	1229.4792064512294	1226.6822195112268	1226.6833194012268	1226.971962159866	
1226.971962159866	2.1869999999996708	WheelMovementIntervals													0.37596281601196324
1230.0379621598656	0.4069999999999254	WheelMovementIntervals													-0.06672121437009082
1230.6645879012308	3.9145802858088246	trials	-1.0	1.0	1.5		0.0625	0.2	1233.013586311233	1233.0134742719142	1234.079146411234	1231.2323311212313	1231.2331643712312	1231.5739621598655	
1231.5739621598655	1.9149999999997362	WheelMovementIntervals													0.3262157053956116
1234.511962159865	0.14699999999993452	WheelMovementIntervals													-0.09347268117025465
1235.2643612112354	4.084821321459003	trials	-1.0	1.0	1.5		0.25	0.2	1237.7874755412379	1237.7873731452387	1238.8490693712388	1235.7819761112357	1235.7831426612358	1235.812962159865	
1235.812962159865	3.4949999999996635	WheelMovementIntervals													0.3272829916260491
1239.6489621598646	0.7799999999999727	WheelMovementIntervals													0.6542797368256572
1240.03808379124	5.124303017088323	trials	-1.0	1.0	1.5		0.0	0.2	1243.6085600412437	1243.6084838031466	1244.6622879912447	1241.3289880212412	1241.3300545812413	1242.2139621598642	
1242.2139621598642	1.65099999999984	WheelMovementIntervals													0.33459620229987763
1246.037283811246	35.94327705205751	trials	-1.0	1.0	1.5		1.0	0.2	1280.4136458312805	1280.4135589945436	1281.4804724712815	1246.7987743212468	1246.7999742012469	1262.403962159862	
1254.087962159863	0.07999999999992724	WheelMovementIntervals													0.006260968597217698
1262.403962159862	0.6050000000000182	WheelMovementIntervals													-0.16861444176544182
1266.3429621598616	0.38200000000006185	WheelMovementIntervals													0.06859921294329752
1267.3309621598614	0.8379999999999654	WheelMovementIntervals													0.0971609739908672
1269.8099621598612	0.8409999999998945	WheelMovementIntervals													0.041389158218862576
1272.722962159861	0.06299999999987449	WheelMovementIntervals													0.005653580872319708
1273.2389621598609	0.5860000000000127	WheelMovementIntervals													-0.18703454527980057
1274.9239621598606	0.4329999999999927	WheelMovementIntervals													0.11295741304715534
1277.8159621598604	0.10999999999989996	WheelMovementIntervals													0.02862325528374754
1279.8759621598601	1.3489999999999327	WheelMovementIntervals													-0.689080703972337
1281.98196215986	0.22699999999986176	WheelMovementIntervals													-0.0342820480716739
1282.966857151283	3.311203290016465	trials	-1.0	1.0	1.5		1.0	0.2	1284.7142490612848	1284.7141573043227	1285.778042671286	1283.5949276712836	1283.5959942312836	1284.3559621598597	
1284.3559621598597	0.599999999999909	WheelMovementIntervals													0.4407118079075758
1286.962957501287	13.73468791099549	trials	1.0	-1.0	0.0		0.0	0.2	1298.137406611298	1298.1366452258117	1300.1975672413002	1287.4478756712874	1287.4489089012875	1297.9749621598583	
1293.7549621598587	0.0749999999998181	WheelMovementIntervals													-0.02307319233611338
1296.1729621598583	0.09300000000007458	WheelMovementIntervals													0.028426184036646873
1297.9749621598583	0.543999999999869	WheelMovementIntervals													-1.153067855711953
1301.0109621598579	0.11199999999985266	WheelMovementIntervals													0.0069563388561846295
1301.4540415813015	5.37362581313846	trials	-1.0	1.0	1.5		1.0	0.2	1305.2695599913052	1305.269457779232	1306.3275541813064	1301.994420871302	1301.995354111302	1303.5549621598575	
1303.5549621598575	0.9669999999998709	WheelMovementIntervals													0.1710557823990655
1304.7749621598573	1.0350000000000819	WheelMovementIntervals													0.2047841045402663
1306.7819621598571	1.750999999999749	WheelMovementIntervals													0.6590258049943714
1307.5288673713076	16.93479554576402	trials	-1.0	1.0	1.5		0.0	0.2	1322.9022632113229	1322.9021606044023	1323.963557071324	1309.1304405313092	1309.1312071213092	1315.4369621598562	
1310.5109621598567	0.06500000000005457	WheelMovementIntervals													0.013585346890835126
1311.5519621598567	0.09199999999987085	WheelMovementIntervals													-0.026187463013712886
1314.8889621598562	0.19100000000003092	WheelMovementIntervals													0.06704847534277292
1315.4369621598562	0.43499999999994543	WheelMovementIntervals													0.13063149006481467
1322.7749621598555	1.0309999999997217	WheelMovementIntervals													-0.4854509932546307
1325.2718595613253	3.608080056550307	trials	-1.0	1.0	1.5		0.0	0.2	1327.3195547713274	1327.3194465409078	1328.3798487313284	1325.927027371326	1325.927927281326	1326.139962159855	
1326.139962159855	1.6909999999998035	WheelMovementIntervals													0.3393439121722679
1329.5430324013296	7.220108163457098	trials	1.0	1.0	1.5	0.25		0.2	1335.2083324813352	1335.2082364527976	1336.2630270013362	1334.2269972913343	1334.2281305113343	1334.595962159854	
1329.8369621598547	3.7559999999996307	WheelMovementIntervals													1.1362507034390603
1334.595962159854	0.7339999999999236	WheelMovementIntervals													-0.7032916824050801
1337.4854380813374	3.344400361911994	trials	-1.0	1.0	1.5		0.25	0.2	1339.2721593913393	1339.272036672055	1340.3298202813403	1337.943692251338	1337.9447254813379	1338.6799621598536	
1338.6799621598536	0.68100000000004	WheelMovementIntervals													0.32878142287196965
1341.2959621598534	0.30600000000004	WheelMovementIntervals													-0.16878633151821987
1341.5168349013416	3.409895235075737	trials	-1.0	1.0	1.5		0.125	0.2	1343.3641501513434	1343.3640306949555	1344.4267105513445	1342.1599705813421	1342.1609704813422	1342.7439621598533	
1342.7439621598533	1.2019999999997708	WheelMovementIntervals													0.3367198440641914
1345.6096255813457	2.317013791026284	trials	1.0	1.0	1.5	1.0		0.2	1346.3706494713465	1346.3705294535011	1347.4265772013475	1346.113241881346	1346.1142417813462	1346.2539621598528	
1346.2539621598528	1.2419999999999618	WheelMovementIntervals													-2.0500693242695434
1348.7812417213488	3.462191258619441	trials	-1.0	1.0	1.5		0.25	0.2	1350.6893508913506	1350.689235250742	1351.7433454813518	1349.2962902113493	1349.2971901213493	1349.9859621598523	
1349.9859621598523	1.418999999999869	WheelMovementIntervals													0.3432875030255218
1351.7839621598523	0.8699999999998909	WheelMovementIntervals													0.13174301330380445
1352.921227681353	3.3919237502273063	trials	-1.0	1.0	1.5		0.25	0.2	1354.7602437613548	1354.7601394731125	1355.8130718013558	1353.4128785113535	1353.4138117513535	1353.967962159852	
1353.967962159852	1.444999999999709	WheelMovementIntervals													0.3128018743022096
1356.993053791357	3.8361867466308013	trials	-1.0	1.0	1.5		1.0	0.2	1359.2635267213593	1359.2634441720409	1360.3291534813604	1357.4598071113576	1357.4607403513576	1358.2209621598515	
1358.2209621598515	1.0739999999998417	WheelMovementIntervals													0.29356074959801504
1361.5176346213616	2.625504681765733	trials	1.0	1.0	1.5	0.125		0.2	1362.5833280413626	1362.583235709797	1363.6430553913638	1362.2430620713621	1362.2439953113624	1362.444962159851	
1362.444962159851	0.5450000000000728	WheelMovementIntervals													-0.30190686307412307
1364.2579621598509	0.08699999999998909	WheelMovementIntervals													0.006472406644576267
1364.6909621598509	1.2449999999998909	WheelMovementIntervals													-0.1869052112839995
1364.8169379913647	4.89610972751484	trials	-1.0	1.0	1.5		0.125	0.2	1368.1556374213683	1368.155542578785	1369.2129650113693	1366.6957500913668	1366.6969166413667	1367.2199621598504	
1367.2199621598504	1.3640000000000327	WheelMovementIntervals													0.2943927621408591
1370.4062456713705	2.3563006052118	trials	1.0	1.0	1.5	0.125		0.2	1371.1981331413713	1371.1980448666382	1372.2624933613722	1370.8761320113708	1370.877165241371	1371.0689621598501	
1371.0689621598501	1.2879999999997835	WheelMovementIntervals													-0.8753773169133865
1373.4367425913736	3.392096977039955	trials	1.0	-1.0	0.0		0.25	0.2	1374.2800915813743	1374.2791410956224	1376.3287533613764	1374.092643661374	1374.0937768813742	1374.0919621598498	
1374.0919621598498	0.5369999999998072	WheelMovementIntervals													-0.5626197386726233
1375.1309621598496	0.08400000000006003	WheelMovementIntervals													0.01493908845938563
1377.4929621598494	0.56899999999996	WheelMovementIntervals													0.09116384379674969
1377.5086353613776	4.154088033355947	trials	-1.0	1.0	1.5		0.125	0.2	1380.1011427513802	1380.1010260213282	1381.1627032513811	1378.4925369613786	1378.4937035113785	1379.0329621598491	
1379.0329621598491	1.0679999999999836	WheelMovementIntervals													0.26810805394524095
1380.3899621598491	1.5689999999997326	WheelMovementIntervals													0.4319310097930895
1382.3492179213824	3.4631181360512073	trials	-1.0	1.0	1.5		1.0	0.2	1384.2517276513843	1384.2516267854655	1385.3122215913854	1382.892630241383	1382.8936301413828	1383.3329621598486	
1383.3329621598486	1.2580000000000382	WheelMovementIntervals													0.2983025663448018
1386.4892372113866	3.539884067353114	trials	-1.0	1.0	1.5		1.0	0.2	1388.4718389313884	1388.471726608279	1389.5290332013894	1387.009185211387	1387.010218441387	1387.9109621598482	
1387.9109621598482	0.6600000000000819	WheelMovementIntervals													0.3579109543400705
1390.7148146113907	3.447221183291731	trials	-1.0	1.0	1.5		0.125	0.2	1392.6066254113925	1392.6065245897216	1393.6619865313937	1391.4089118613915	1391.4098117713913	1391.7599621598479	
1391.7599621598479	0.9359999999999218	WheelMovementIntervals													0.3237483690689942
1394.8306363213949	4.811687855562695	trials	-1.0	-1.0	0.0	0.125		0.2	1397.086377391397	1397.085329224913	1399.142305111399	1395.5756618113955	1395.5767283713956	1395.7759621598473	
1395.7759621598473	1.6469999999999345	WheelMovementIntervals													0.3519632689527441
1400.3367189914004	3.988801837652545	trials	-1.0	1.0	1.5		0.125	0.2	1402.7663426714028	1402.7662188925178	1403.8255034114038	1401.2618598014012	1401.2629596914012	1402.0429621598466	
1400.7009621598468	0.10599999999999454	WheelMovementIntervals													-0.019319838153592173
1402.0429621598466	1.0209999999999582	WheelMovementIntervals													0.3497690415514114
1405.004818801405	3.6899995076478262	trials	-1.0	1.0	1.5		0.25	0.2	1407.142238371407	1407.1421167785873	1408.1947331114081	1405.6287230714056	1405.6298896214057	1406.469962159846	
1406.469962159846	1.5239999999998872	WheelMovementIntervals													0.30791005462421595
1409.3791146614094	3.16291606005052	trials	-1.0	1.0	1.5		0.25	0.2	1410.995219701411	1410.99512133409	1412.0419816814122	1409.97525504141	1409.97615495141	1410.2179621598457	
1410.2179621598457	1.5960000000000036	WheelMovementIntervals													-0.49438424483577137
1413.2201305214132	4.241680441508379	trials	1.0	-1.0	0.0		0.0	0.2	1414.904062111415	1414.9031215707766	1416.961789651417	1413.7278130814138	1413.7287463214138	1414.5309621598453	
1414.5309621598453	0.5919999999998709	WheelMovementIntervals													-0.479398607190916
1417.669962159845	0.15699999999992542	WheelMovementIntervals													-0.029523755889613312
1418.148404311418	3.4962160403526923	trials	-1.0	1.0	1.5		0.0625	0.2	1420.0837107614202	1420.0836115294458	1421.1446046614212	1418.6084916314187	1418.6093248814186	1419.2269621598448	
1419.2269621598448	1.27599999999984	WheelMovementIntervals													0.3127288714374856
1422.3255198914223	3.2995046998803446	trials	-1.0	1.0	1.5		1.0	0.2	1424.075611531424	1424.07552079301	1425.124906591425	1422.8916966014228	1422.892663171423	1423.4379621598443	
1423.4379621598443	0.6359999999999673	WheelMovementIntervals													0.27777442460370594
1426.016962159844	0.07799999999997453	WheelMovementIntervals													-0.026453433246132363
1426.3046219414264	3.073396020023438	trials	-1.0	1.0	1.5		0.25	0.2	1427.8182039014278	1427.818118504131	1428.877931251429	1426.861166281427	1426.862199511427	1427.154962159844	
1427.154962159844	1.4099999999998545	WheelMovementIntervals													0.31044685863352584
1430.0561134214302	3.185514204544006	trials	-1.0	1.0	1.5		0.125	0.2	1431.6822174614317	1431.682119140649	1432.7416115114327	1430.6414882114307	1430.6424881114306	1430.8919621598436	
1430.8919621598436	1.2799999999997453	WheelMovementIntervals													0.3162181865750142
1433.9198270114339	3.8915828742535723	trials	-1.0	1.0	1.5		0.0	0.2	1436.2565266514362	1436.256414927514	1437.3113878214374	1435.2945895214352	1435.2953894414354	1435.543962159843	
1435.543962159843	0.9619999999999891	WheelMovementIntervals													0.34156157364392925
1438.4890033814386	2.819017197989524	trials	1.0	1.0	1.5	0.25		0.8	1439.7609095114399	1439.7608097868956	1440.8079048014408	1439.1748014614393	1439.1756347114392	1439.1619621598427	
1439.1619621598427	1.49799999999982	WheelMovementIntervals													-1.406942934671406
1441.979520961442	2.5116888261948134	trials	1.0	1.0	1.5	0.125		0.8	1442.939124991443	1442.939015546882	1443.991119781444	1442.6110911314427	1442.6122910114427	1442.792962159842	
1442.792962159842	1.0519999999999072	WheelMovementIntervals													-0.699485003189892
1444.777962159842	0.10300000000006548	WheelMovementIntervals													0.025750825382147013
1445.158603021445	4.7660201625233185	trials	1.0	-1.0	0.0		0.0	0.8	1447.3681820414474	1447.3671114377094	1449.4246097114494	1445.7941727914458	1445.795206021446	1445.8819621598418	
1445.8819621598418	2.827999999999747	WheelMovementIntervals													-0.3170648046731799
1449.8079621598415	0.7989999999997508	WheelMovementIntervals													0.09075983442281199
1450.6167238214507	5.757803987859688	trials	-1.0	-1.0	0.0	0.0		0.8	1453.815737221454	1453.8149243701623	1455.874431331456	1452.3108543914523	1452.3117543014523	1452.825962159841	
1450.9919621598413	0.7770000000000437	WheelMovementIntervals													0.12933597681490028
1452.825962159841	1.2959999999998217	WheelMovementIntervals													0.3717810147798275
1456.9279621598407	0.08799999999996544	WheelMovementIntervals													0.006423484368639265
1457.2613259614573	2.79939195657812	trials	1.0	1.0	1.5	0.125		0.8	1458.5017019114584	1458.5016215116295	1459.5606626714596	1458.2105310314582	1458.2116642514582	1458.3929621598404	
1458.3929621598404	0.5160000000000764	WheelMovementIntervals													-1.235267913117326
1460.7287125214607	2.4147963551129124	trials	1.0	1.0	1.5	0.25		0.8	1461.5903263514615	1461.5902105076018	1462.6434876914627	1461.3576496214614	1461.3586161914614	1461.49296215984	
1461.49296215984	2.4489999999998417	WheelMovementIntervals													-5.013350702765223
1463.8002053414639	2.674101742524954	trials	1.0	1.0	1.5	0.0625		0.8	1464.923826301465	1464.9237048131472	1465.974254581466	1464.6408879314647	1464.6418878314646	1464.8199621598399	
1464.8199621598399	0.8449999999997999	WheelMovementIntervals													-1.3055786551729511
1467.1389047714672	2.4853087347851215	trials	1.0	1.0	1.5	1.0		0.8	1468.068011851468	1468.067907288914	1469.1241728914692	1467.8104709414679	1467.8114708414678	1467.9339621598394	
1467.9339621598394	0.640999999999849	WheelMovementIntervals													-1.1175155391601947
1469.6249621598392	0.07099999999991269	WheelMovementIntervals													0.009815836351776852
1470.3937125914704	2.280507527978898	trials	1.0	1.0	1.5	0.25		0.8	1471.129605661471	1471.1295140524142	1472.1741345314722	1470.860499241471	1470.861432481471	1470.991962159839	
1470.991962159839	1.3989999999998872	WheelMovementIntervals													-2.511837320542753
1473.3350184314734	2.4253960570399613	trials	1.0	1.0	1.5	1.0		0.8	1474.1973988514742	1474.197315963053	1475.2603925414753	1473.943390921474	1473.944390821474	1474.0869621598388	
1474.0869621598388	1.1739999999997508	WheelMovementIntervals													-2.409780901850212
1476.4231095914765	5.567609312984587	trials	-1.0	1.0	1.5		0.125	0.8	1480.4411077514806	1480.4410141472865	1481.4906027914815	1476.990719491477	1476.991652731477	1476.9709621598383	
1476.9709621598383	0.59699999999998	WheelMovementIntervals													0.14118004794013927
1479.8649621598381	2.0069999999998345	WheelMovementIntervals													0.64256030207045
1482.6848166914826	2.359001476401545	trials	1.0	1.0	1.5	0.125		0.8	1483.4841034214835	1483.4840161753068	1484.5437307814846	1483.1934991514831	1483.1945657114832	1483.3689621598378	
1483.3689621598378	1.2029999999997472	WheelMovementIntervals													-1.2967883413557217
1485.7040147414857	2.4726917336222414	trials	1.0	1.0	1.5	0.25		0.8	1486.6204897514867	1486.620410566092	1487.6766174614877	1486.3570494314863	1486.3581826514865	1486.4969621598373	
1486.4969621598373	0.8679999999999382	WheelMovementIntervals													-1.4648763611723155
1488.524962159837	0.13400000000001455	WheelMovementIntervals													0.00958647350498154
1488.846900421489	5.993401001697066	trials	-1.0	1.0	1.5		0.125	0.8	1493.2872896714932	1493.287198941017	1494.3402177014943	1489.4569394114894	1489.4577726614896	1492.4659621598366	
1490.383962159837	0.2359999999998763	WheelMovementIntervals													-0.06835675031334176
1492.4659621598366	1.0960000000000036	WheelMovementIntervals													0.4324376400585379
1494.4979621598366	0.08799999999996544	WheelMovementIntervals													0.009039558452144547
1495.5351981914955	3.6581025783591485	trials	1.0	1.0	1.5	0.0		0.8	1497.6298887014977	1497.6297979500673	1498.6932490214988	1496.043147391496	1496.044013971496	1496.6959621598362	
1496.6959621598362	1.3949999999999818	WheelMovementIntervals													-0.29550616777720506
1499.059962159836	0.06899999999995998	WheelMovementIntervals													0.01161245759283247
1499.733962159836	1.7999999999997272	WheelMovementIntervals													-0.8947470010564871
1499.8730976914999	13.752915902027553	trials	-1.0	-1.0	0.0	0.0		0.8	1511.078743681511	1511.0777082028849	1513.1259056115132	1505.0900092815052	1505.0908425315051	1510.5969621598347	
1502.1589621598357	2.475999999999658	WheelMovementIntervals													-0.9623077397622524
1510.5969621598347	0.7770000000000437	WheelMovementIntervals													0.3874609124271444
1514.2659621598343	0.4179999999998927	WheelMovementIntervals													-0.14128245438675435
1514.4020113215145	2.857399132829187	trials	1.0	1.0	1.5	0.0625		0.8	1515.7105137915157	1515.7104095507434	1516.7593089015168	1515.073177531515	1515.0740107815152	1515.3299621598342	
1515.3299621598342	1.3619999999998527	WheelMovementIntervals													-3.1671510639971814
1518.118606291518	3.6543048904820807	trials	-1.0	1.0	1.5		0.0625	0.8	1520.2193961915202	1520.219307378274	1521.2728908315212	1518.7564758315189	1518.7572757515188	1518.9349621598337	
1518.9349621598337	3.0439999999996417	WheelMovementIntervals													0.7393075013147268
1522.2319621598335	0.18399999999996908	WheelMovementIntervals													0.033592683461819206
1522.4292085215225	2.9635792630413107	trials	1.0	1.0	1.5	0.25		0.8	1523.8398007815238	1523.8396972241321	1524.8927288115249	1523.5256988615236	1523.5265321115235	1523.7079621598332	
1523.7079621598332	1.1679999999998927	WheelMovementIntervals													-0.9514610933103427
1526.052379501526	2.3704012119069375	trials	1.0	1.0	1.5	0.25		0.8	1526.871497581527	1526.8713788837204	1527.9226924515278	1526.5394307915265	1526.5404973515265	1526.368962159833	
1526.368962159833	0.7339999999999236	WheelMovementIntervals													-0.5984658442408772
1529.074877221529	4.4147249509901485	trials	1.0	1.0	1.5	0.0		0.8	1531.9338912915318	1531.9337914366838	1532.989485721533	1529.7090138015296	1529.7101136915296	1531.4679621598325	
1530.6169621598326	0.27799999999979264	WheelMovementIntervals													-0.08440837536585377
1531.4679621598325	0.5449999999998454	WheelMovementIntervals													-0.2804295197549038
1534.1551024815342	2.5843839801375452	trials	1.0	1.0	1.5	0.25		0.8	1535.1823997415352	1535.182294921876	1536.2394273615362	1534.841967121535	1534.843033681535	1535.022962159832	
1535.022962159832	0.6609999999998308	WheelMovementIntervals													-0.8246480875839666
1536.441962159832	0.09600000000000364	WheelMovementIntervals													0.021033890968311653
1537.3930786515375	2.312705848735277	trials	1.0	1.0	1.5	0.25		0.8	1538.1544025115381	1538.1542795891664	1539.2057640315393	1537.875763711538	1537.8766302915378	1538.0229621598316	
1538.0229621598316	0.6949999999999363	WheelMovementIntervals													-2.0380547937304527
1540.3562823015404	3.686200669860227	trials	-1.0	1.0	1.5		0.125	0.8	1542.4804032015425	1542.4802809589078	1543.5423969915435	1540.892195371541	1540.893261931541	1541.5589621598313	
1541.5589621598313	1.9819999999997435	WheelMovementIntervals													0.2934356742894124
1544.7066805515447	2.4991169504098707	trials	1.0	1.0	1.5	0.125		0.8	1545.6606851415456	1545.6605862580727	1546.7057472915467	1545.3224189715454	1545.3235188615454	1545.513962159831	
1545.513962159831	1.503999999999678	WheelMovementIntervals													-1.7052605759849087
1547.860998421548	2.414397994863748	trials	1.0	1.0	1.5	0.25		0.8	1548.7125799215487	1548.7124970090354	1549.7753403015497	1548.4588053015484	1548.4598052015485	1548.6039621598306	
1548.6039621598306	0.7519999999997253	WheelMovementIntervals													-1.2041073418889994
1549.7529621598303	0.1470000000001619	WheelMovementIntervals													0.030017624280986865
1550.2439621598303	0.07300000000009277	WheelMovementIntervals													0.005970463277037652
1550.9112933615509	3.29740699690592	trials	-1.0	1.0	1.5		0.0625	0.8	1552.6596851715526	1552.6595954807308	1553.7086469315536	1551.6390539115516	1551.6401204715517	1552.1299621598303	
1552.1299621598303	2.1689999999996417	WheelMovementIntervals													0.7642378226478002
1554.8629981515548	2.34560306257481	trials	1.0	1.0	1.5	1.0		0.8	1555.6504860615557	1555.6503981725607	1556.7085135815566	1555.3890122115554	1555.3900787715554	1555.5219621598299	
1555.5219621598299	0.7399999999997817	WheelMovementIntervals													-1.362970164822002
1557.861898231558	2.793693580478248	trials	-1.0	1.0	1.5		0.25	0.8	1559.1006743415592	1559.1005940550363	1560.1555021815602	1558.4221422015585	1558.4230087815583	1558.5989621598294	
1558.5989621598294	1.4379999999998745	WheelMovementIntervals													0.4673181487573004
1560.6959621598292	0.18100000000004002	WheelMovementIntervals													0.013543275117029907
1561.3111866015613	2.5470871612358224	trials	1.0	1.0	1.5	1.0		0.8	1562.3106866415624	1562.3105803869478	1563.3582485415634	1562.041713541562	1562.042946751562	1562.163962159829	
1562.163962159829	0.58199999999988	WheelMovementIntervals													-1.078622650890111
1563.5259621598289	0.06600000000003092	WheelMovementIntervals													0.008323441360261086
1564.5097667115645	2.34861166551741	trials	1.0	1.0	1.5	1.0		0.8	1565.3082868515653	1565.308169657379	1566.3583151715663	1565.055378811565	1565.056512031565	1565.1989621598286	
1565.1989621598286	1.5369999999998072	WheelMovementIntervals													-3.003345474040401
1567.0709621598285	1.16599999999994	WheelMovementIntervals													-0.14474112264738892
1567.7241785715678	3.7843919173333234	trials	1.0	1.0	1.5	1.0		0.8	1569.95888841157	1569.9587726179911	1571.008516771571	1569.6551187915697	1569.6560853615697	1569.7909621598283	
1568.5919621598284	0.3409999999998945	WheelMovementIntervals													0.036866562909267486
1569.7909621598283	1.0459999999998217	WheelMovementIntervals													-1.5741422743519138
1572.1756667115721	2.9962040003501897	trials	-1.0	1.0	1.5		1.0	0.8	1573.6250884215735	1573.6249671954536	1574.6718504015746	1572.6719504115727	1572.6730503015726	1573.133962159828	
1573.133962159828	0.8209999999999127	WheelMovementIntervals													0.330206718643268
1575.8297679315758	2.542013855106916	trials	1.0	1.0	1.5	1.0		0.8	1576.8166692315767	1576.8165721455046	1577.871730381578	1576.5578284515766	1576.5586617015765	1576.6969621598275	
1575.8339621598275	0.2480000000000473	WheelMovementIntervals													0.02046904822225315
1576.6969621598275	1.1249999999997726	WheelMovementIntervals													-1.0339222680800617
1579.026281581579	2.512189804192076	trials	1.0	1.0	1.5	0.25		0.8	1579.98338586158	1579.9832765547608	1581.038447011581	1579.6915150515797	1579.6925816115797	1579.850962159827	
1579.850962159827	0.7409999999999854	WheelMovementIntervals													-1.0543457221276356
1581.223962159827	0.08899999999994179	WheelMovementIntervals													0.021092245917429864
1582.1922649515823	2.296108638700389	trials	1.0	1.0	1.5	1.0		0.8	1582.934990671583	1582.934866775237	1583.988351991584	1582.6915150215827	1582.6925149215826	1582.8149621598268	
1582.8149621598268	1.5939999999998236	WheelMovementIntervals													-3.2028022380999914
1585.120072141585	2.918309344106774	trials	1.0	1.0	1.5	0.25		0.8	1586.4870687615864	1586.4869755814825	1587.5382969615875	1585.6411866915857	1585.6421532615857	1585.9969621598264	
1585.9969621598264	1.015999999999849	WheelMovementIntervals													-0.8729089555492919
1587.6379621598262	0.1610000000000582	WheelMovementIntervals													0.02499945615087995
1588.6963811415887	2.308506183175723	trials	1.0	1.0	1.5	1.0		0.8	1589.4537720615895	1589.4536821858235	1590.5048336115906	1589.157768331589	1589.1587349015892	1589.300962159826	
1589.300962159826	1.4969999999998436	WheelMovementIntervals													-0.8709674271546248
1591.5519621598257	0.13700000000017099	WheelMovementIntervals													0.015054348865788825
1591.6552852215916	2.5494867135446384	trials	1.0	1.0	1.5	0.25		0.8	1592.6465860815927	1592.6464788897165	1593.7046802615937	1592.3576483115924	1592.3586815415924	1592.5119621598258	
1592.5119621598258	0.862999999999829	WheelMovementIntervals													-0.6009160877341344
1594.859664751595	2.978205713272928	trials	1.0	1.0	1.5	0.0625		0.8	1596.2935880115963	1596.2934660578492	1597.3378502415974	1595.6077232715957	1595.6086231815957	1596.0889621598253	
1596.0889621598253	1.2189999999998236	WheelMovementIntervals													-0.5593267992685185
1598.4928680615985	3.198114557614872	trials	-1.0	1.0	1.5		0.125	0.8	1600.1371702816002	1600.137074003568	1601.1908982316013	1599.1742332515992	1599.1752331515993	1599.6179621598249	
1599.6179621598249	1.51299999999992	WheelMovementIntervals													0.5209090279542465
1602.3529820116023	3.9548064971056647	trials	1.0	1.0	1.5	0.0625		0.8	1604.7566749516047	1604.756584137029	1605.807703171606	1602.9212918416029	1602.922158421603	1604.0009621598244	
1603.3759621598244	0.20700000000010732	WheelMovementIntervals													-0.016710871399737925
1604.0009621598244	3.2909999999997126	WheelMovementIntervals													-0.5303385935794722
1606.978286101607	25.79537108437671	trials	-1.0	-1.0	0.0	0.0625		0.8	1630.2136956616303	1630.2127582552084	1632.2735896516324	1607.921058481608	1607.922091711608		
1621.2539621598225	0.5329999999999018	WheelMovementIntervals													0.051663812431684164
1623.9239621598222	0.08699999999998909	WheelMovementIntervals													0.008902934250954786
1625.340962159822	0.7059999999999036	WheelMovementIntervals													0.08415653048902527
1629.8149621598216	0.3689999999999145	WheelMovementIntervals													-0.03980727786921534
1632.7539621598212	0.1950000000001637	WheelMovementIntervals													-0.05702032987898065
1633.6283541616338	6.844815936872692	trials	-1.0	1.0	1.5		1.0	0.8	1638.9250577716389	1638.9249641723586	1639.97311962164	1634.0870416216342	1634.0879748616342	1635.8629621598209	
1635.3339621598209	0.20000000000004547	WheelMovementIntervals													0.020360037795541075
1635.8629621598209	1.3170000000000073	WheelMovementIntervals													-0.24225817005790873
1638.7899621598206	0.40300000000002	WheelMovementIntervals													0.12981480174121884
1640.8819621598204	0.17899999999985994	WheelMovementIntervals													-0.10250192981763462
1641.1520683816411	2.33500408703253	trials	1.0	1.0	1.5	0.125		0.8	1641.939456301642	1641.939368748159	1642.987018201643	1641.6037232116416	1641.6045231316416	1641.7919621598203	
1641.7919621598203	1.5709999999999127	WheelMovementIntervals													-0.7089537184328947
1644.137869771644	3.2656909374259158	trials	1.0	1.0	1.5	1.0		0.8	1645.8498652216458	1645.8497634483745	1646.903559841647	1645.5068328616455	1645.5077661016455	1645.6419621598197	
1644.26396215982	0.7669999999998254	WheelMovementIntervals													-0.3117382702155851
1645.6419621598197	0.5950000000000273	WheelMovementIntervals													-1.1869557119141234
1648.2908544316483	7.16591603422853	trials	1.0	1.0	1.5	0.0625		0.8	1653.911658961654	1653.911564655271	1654.956654451655	1648.923124531649	1648.924057771649	1653.452962159819	
1653.452962159819	0.5239999999998872	WheelMovementIntervals													-0.32689587527579533
1656.1471687216563	2.8926865860521502	trials	-1.0	1.0	1.5		1.0	0.2	1657.4859681616574	1657.485861125525	1658.5397961016586	1656.8199347716568	1656.8209013416567	1657.2369621598186	
1657.2369621598186	0.3669999999999618	WheelMovementIntervals													0.343490945960383
1659.6806486716598	3.7392960884667445	trials	-1.0	1.0	1.5		0.125	0.2	1661.878762171662	1661.8786451968	1662.919924711663	1660.1364697516601	1660.1375363116601	1661.193962159818	
1661.193962159818	0.8250000000000455	WheelMovementIntervals													0.3183663825158476
1664.0831417116642	3.6034084022803654	trials	-1.0	1.0	1.5		0.0625	0.2	1666.137969541666	1666.1378447921038	1667.1864646816673	1665.2731893616653	1665.2740892716654	1665.5799621598176	
1665.5799621598176	1.8799999999998818	WheelMovementIntervals													0.5393221123736112
1667.7369621598175	0.09799999999995634	WheelMovementIntervals													0.010943270390754378
1668.3520481116684	2.917710652378446	trials	-1.0	1.0	1.5		0.125	0.2	1669.7263440016698	1669.7262517158388	1670.7696729916709	1668.806169361669	1668.8070359416688	1669.2699621598172	
1669.2699621598172	1.6589999999998781	WheelMovementIntervals													0.48311080355580316
1671.503962159817	0.07799999999997453	WheelMovementIntervals													0.005586187156865208
1671.9246574816718	2.811590992866286	trials	-1.0	1.0	1.5		0.0625	0.2	1673.1942638416733	1673.1941525117095	1674.2361929716742	1672.5391960216725	1672.5403292416725	1672.8789621598169	
1672.8789621598169	1.0949999999998	WheelMovementIntervals													0.5350633055584808
1674.6879621598166	0.2239999999999327	WheelMovementIntervals													0.027822884493076572
1675.3934439016755	3.026402160364114	trials	-1.0	1.0	1.5		0.125	0.2	1676.8777621216768	1676.877643489904	1677.9197579116778	1675.8560643016758	1675.856930881676	1676.0509621598164	
1676.0509621598164	1.1829999999999927	WheelMovementIntervals													0.3124483049307685
1679.069942881679	3.4024974270678285	trials	-1.0	1.0	1.5		0.125	0.2	1680.917958061681	1680.9178398550187	1681.972352611682	1679.6723159716796	1679.6731825516797	1680.333962159816	
1680.333962159816	0.9289999999998599	WheelMovementIntervals													0.2974028940772939
1683.136136221683	3.419723965850153	trials	-1.0	1.0	1.5		0.25	0.2	1684.999449871685	1684.9993476447723	1686.0558108916862	1683.8028028816839	1683.8038027816838	1684.0409621598155	
1684.0409621598155	1.0289999999999964	WheelMovementIntervals													0.2924857343956546
1687.2187612516873	3.2172853896945526	trials	-1.0	1.0	1.5		0.0625	0.2	1688.877662011689	1688.8775521720404	1689.93602283169	1687.8026361916877	1687.803736081688	1688.1739621598151	
1688.1739621598151	1.155999999999949	WheelMovementIntervals													0.2970040373810434
1691.076962159815	0.4099999999998545	WheelMovementIntervals													-0.1236712594497078
1691.097340021691	3.5719107142967914	trials	-1.0	1.0	1.5		1.0	0.2	1693.1205376816931	1693.120444391013	1694.1691661416942	1692.1389025216922	1692.1400024116922	1692.6549621598147	
1692.6549621598147	1.0149999999998727	WheelMovementIntervals													0.3262464780517291
1695.3386491816952	3.4335947389799912	trials	-1.0	1.0	1.5		0.125	0.2	1697.2188611416973	1697.2187446583	1698.2721558016983	1696.055744131696	1696.0565773816961	1696.3859621598142	
1696.3859621598142	1.6009999999998854	WheelMovementIntervals													0.32809557726173466
1698.3589621598142	0.3369999999997617	WheelMovementIntervals													0.019383666942673017
1699.4368393216994	3.2822073403540344	trials	-1.0	1.0	1.5		0.25	0.2	1701.1645332017013	1701.164441606261	1702.2189944117022	1700.1024060917002	1700.1032060117002	1700.2789621598138	
1700.2789621598138	1.9819999999997435	WheelMovementIntervals													0.2772133558595442
1703.3842445417033	3.434694458465856	trials	-1.0	1.0	1.5		1.0	0.2	1705.2671562317053	1705.2670398594935	1706.3189177117063	1703.855497411704	1703.8564639817039	1704.2219621598133	
1703.8769621598135	0.05099999999993088	WheelMovementIntervals													-0.005564799462206338
1704.2219621598133	1.8649999999997817	WheelMovementIntervals													0.3287041009914162
1707.4858343417075	3.583017384409686	trials	-1.0	1.0	1.5		0.125	0.2	1709.5194309617095	1709.5193425054454	1710.5687926817106	1708.022014051708	1708.023047281708	1708.398962159813	
1708.398962159813	2.125999999999749	WheelMovementIntervals													0.3016401479738988
1711.971952351712	3.0801970190264	trials	-1.0	1.0	1.5		0.0	0.2	1713.4984330217135	1713.4983493878299	1714.5520943117147	1712.5886906717126	1712.5896572417125	1712.8819621598125	
1712.8819621598125	1.5809999999999036	WheelMovementIntervals													0.32943783745554356
1715.7108450917158	4.36109970164739	trials	1.0	1.0	1.5	0.0625		0.2	1718.5159312217186	1718.515842970262	1719.5718922817196	1716.2052289817161	1716.2062622117162	1716.464962159812	
1716.464962159812	2.416999999999689	WheelMovementIntervals													-0.5632853574630303
1720.3129621598116	0.1790000000000873	WheelMovementIntervals													-0.09325541317983266
1720.7484412817207	3.0733972096647904	trials	-1.0	1.0	1.5		0.0625	0.2	1722.2528574917224	1722.2527384475982	1723.3217839217234	1721.2353259217211	1721.2361925017212	1721.7029621598115	
1721.7029621598115	0.7980000000000018	WheelMovementIntervals													0.30197297245069876
1724.4851342417246	2.8867124822002097	trials	-1.0	1.0	1.5		0.0	0.2	1725.8020358717258	1725.8019385671303	1726.8717622217268	1725.0853408817252	1725.0864407717252	1725.305962159811	
1725.305962159811	0.8599999999999	WheelMovementIntervals													0.3077110560258518
1728.034845901728	3.0202007693771975	trials	-1.0	1.0	1.5		0.125	0.2	1729.4897337317295	1729.4896453089498	1730.5549938617305	1728.5685258617286	1728.5697924017286	1728.8869621598108	
1728.8869621598108	1.8299999999996999	WheelMovementIntervals													0.29169264512782433
1731.7161444017318	3.0387996636316075	trials	-1.0	1.0	1.5		1.0	0.2	1733.1808312517333	1733.1807427937154	1734.2548905017343	1732.2851541617324	1732.2859874117323	1732.5069621598102	
1732.5069621598102	1.6319999999998345	WheelMovementIntervals													0.2970095248357154
1735.4231403317353	3.3317028750986992	trials	-1.0	1.0	1.5		1.0	0.2	1737.1940298917373	1737.1939402653504	1738.2547571417383	1736.4184074617365	1736.4192740417363	1736.7379621598097	
1735.66096215981	0.12099999999986721	WheelMovementIntervals													0.007766759565697612
1736.7379621598097	1.20699999999988	WheelMovementIntervals													0.3066292479955166
1738.5899621598096	0.2139999999999418	WheelMovementIntervals													-0.019073372494062824
1739.4242401817394	3.2805069512164664	trials	-1.0	1.0	1.5		0.0625	0.2	1741.1392353317412	1741.1391422472582	1742.204728771742	1739.9516874317399	1739.95258734174	1740.3499621598094	
1740.3499621598094	1.9079999999999018	WheelMovementIntervals													0.30591370069922164
1743.3762449417434	2.408697354053402	trials	1.0	1.0	1.5	0.0625		0.2	1744.2234268817442	1744.2233429561597	1745.2848540617454	1743.834665761744	1743.8355323417438	1744.078962159809	
1744.078962159809	0.15800000000012915	WheelMovementIntervals													-0.29639070314823357
1746.4479377417465	3.023300928013441	trials	-1.0	1.0	1.5		0.125	0.2	1747.899525901748	1747.8994367469772	1748.971152061749	1746.971118751747	1746.972085321747	1747.4619621598085	
1747.4619621598085	0.8610000000001037	WheelMovementIntervals													0.2864085252716393
1750.1395352117502	3.1479921319566984	trials	-1.0	1.0	1.5		0.0	0.2	1751.7156442517517	1751.7155297708289	1752.7874370617528	1750.7181106817507	1750.7190439217507	1751.2649621598082	
1751.2649621598082	1.1499999999998636	WheelMovementIntervals													0.2840196780580584
1753.936922101754	2.980904339404333	trials	-1.0	1.0	1.5		1.0	0.2	1755.3618462617553	1755.361722741957	1756.4177739917563	1754.6345523317545	1754.6356188917546	1754.6069621598078	
1754.6069621598078	1.9919999999997344	WheelMovementIntervals													0.322698752137228
1757.5868237417576	2.783821339095084	trials	1.0	1.0	1.5	1.0		0.2	1758.802635481759	1758.8025317505276	1759.8705953417598	1758.1207036817582	1758.121570261758	1758.4679621598075	
1758.4679621598075	0.9759999999998854	WheelMovementIntervals													-1.1693544751573768
1761.0265464017612	3.027400640412907	trials	-1.0	1.0	1.5		0.125	0.2	1762.4832340517626	1762.4831452664732	1763.5538603117636	1761.5011322717614	1761.5021988317615	1761.728962159807	
1761.728962159807	1.002999999999929	WheelMovementIntervals													0.3037334050758034
1764.7216435217647	3.3128766657973756	trials	1.0	1.0	1.5	0.0625		0.2	1766.4713352017666	1766.471229614228	1767.5344955417675	1765.4010755717654	1765.4021088017655	1765.6829621598067	
1765.6829621598067	0.9299999999998363	WheelMovementIntervals													-0.299641078289028
1768.7045118617687	3.183021961183158	trials	-1.0	1.0	1.5		1.0	0.2	1770.3290160617703	1770.3289215383368	1771.3874435417715	1769.4207069017693	1769.4217068017695	1769.8619621598061	
1769.8619621598061	0.5470000000000255	WheelMovementIntervals													0.2984094215113089
1772.7938362217728	2.89048484292357	trials	-1.0	1.0	1.5		0.125	0.2	1774.128236101774	1774.1281278401912	1775.1842638217752	1773.4175405117735	1773.4186404017735	1773.7439621598057	
1773.7439621598057	0.4379999999998745	WheelMovementIntervals													0.30704679475681473
1776.3502138817764	2.670002871891029	trials	-1.0	1.0	1.5		0.0625	0.2	1777.4534368817774	1777.4533138288489	1778.5201968617785	1776.8374651517768	1776.838598371777	1777.0259621598054	
1777.0259621598054	0.6059999999999945	WheelMovementIntervals													0.2882359382003017
1779.6848137217796	2.9188096691793817	trials	-1.0	1.0	1.5		0.0	0.2	1781.044211101781	1781.0441168276473	1782.1035718217822	1780.1840971217803	1780.1851970117802	1780.483962159805	
1780.483962159805	1.3159999999998035	WheelMovementIntervals													0.2978090686146402
1783.2692219117832	2.901110950903103	trials	-1.0	1.0	1.5		0.0	0.2	1784.6008220717847	1784.6007255609566	1785.6702817817857	1783.7841037517837	1783.7851369817838	1783.9859621598046	
1783.9859621598046	0.8299999999999272	WheelMovementIntervals													0.31381512528108146
1786.8377316917868	3.312904305572829	trials	-1.0	1.0	1.5		0.0	0.2	1788.5938227317886	1788.593732383804	1789.6505170517896	1787.4505037417875	1787.4514036517874	1787.9439621598042	
1787.9439621598042	1.268999999999778	WheelMovementIntervals													0.3008101940631036
1790.8216332617908	3.315303930987966	trials	-1.0	1.0	1.5		1.0	0.2	1792.5689251817926	1792.5688337524314	1793.6368183817935	1791.3702450617914	1791.3713449517913	1791.3899621598039	
1791.3899621598039	2.2339999999996962	WheelMovementIntervals													0.31371015269544955
1794.8100343817948	3.5600820130237025	trials	-1.0	1.0	1.5		0.125	0.2	1796.8122341417968	1796.8121231416885	1797.8700283517978	1795.4002420217955	1795.4012752517954	1796.0269621598034	
1795.6579621598032	0.05100000000015825	WheelMovementIntervals													-0.0054570726285021465
1796.0269621598034	1.9399999999998272	WheelMovementIntervals													0.3372976020949636
1799.047510591799	2.3890979136585884	trials	1.0	1.0	1.5	0.125		0.2	1799.8725280817998	1799.8724091808829	1800.936555001801	1799.5670586317997	1799.5678918817996	1799.7519621598028	
1799.7519621598028	1.1959999999999127	WheelMovementIntervals													-1.6093360919499275
1802.099405371802	3.63730482232495	trials	1.0	-1.0	0.0		0.0	0.2	1803.1778308518033	1803.1770059116905	1805.2366916118053	1802.6834136318028	1802.6845135218027	1803.0439621598025	
1803.0439621598025	0.46100000000001273	WheelMovementIntervals													-0.7566149224450953
1804.7609621598024	0.7019999999997708	WheelMovementIntervals													0.09775333832425304
1806.1999621598022	0.18699999999989814	WheelMovementIntervals													0.018538976382757255
1806.4107075318063	3.2395103896226374	trials	1.0	1.0	1.5	0.125		0.2	1808.0893063218082	1808.0892113606287	1809.150133561809	1807.7335085718078	1807.7344084818078	1807.911962159802	
1806.524962159802	0.678000000000111	WheelMovementIntervals													0.0997113131180356
1807.911962159802	0.9209999999998217	WheelMovementIntervals													-0.5033539915581855
1810.3211164518104	3.2488094702698618	trials	-1.0	1.0	1.5		0.0	0.2	1812.011614051812	1812.0115198183871	1813.0698748818131	1810.986583231811	1810.987683121811	1811.5479621598015	
1811.0779621598017	0.2159999999998945	WheelMovementIntervals													-0.047074353073071507
1811.5479621598015	0.5620000000001255	WheelMovementIntervals													0.3341974118133635
1814.2426242618142	2.3438025476964413	trials	1.0	1.0	1.5	0.25		0.2	1815.026312551815	1815.026224110596	1816.086406531816	1814.7166768518148	1814.7176434218147	1814.910962159801	
1814.910962159801	0.26300000000014734	WheelMovementIntervals													-0.5841727061165329
1815.401962159801	0.7059999999999036	WheelMovementIntervals													0.1319569216479124
1817.1419621598009	2.1489999999998872	WheelMovementIntervals													-0.15425546918754662
1817.2481236818173	5.535082238485302	trials	-1.0	1.0	1.5		0.125	0.2	1821.2280256518213	1821.2279087540596	1822.2831534618224	1820.0666418018202	1820.06754171182	1820.4639621598005	
1820.4639621598005	0.8299999999999272	WheelMovementIntervals													0.28313292515983335
1823.4813003018235	3.3352019526089407	trials	-1.0	1.0	1.5		0.25	0.2	1825.2524231718253	1825.2522997456565	1826.3164834218264	1824.069441481824	1824.070474711824	1824.8509621598	
1824.8509621598	0.6490000000001146	WheelMovementIntervals													0.28743027286475353
1826.2729621598	0.14899999999988722	WheelMovementIntervals													0.030283047926729978
1827.4934990418276	2.476218278584156	trials	1.0	1.0	1.5	0.25		0.8	1828.4075076318284	1828.4074046807425	1829.4697014018295	1827.986183101828	1827.987083011828	1828.2079621597998	
1828.2079621597998	1.181999999999789	WheelMovementIntervals													-0.38296730583377325
1830.6328184118306	3.533485364627495	trials	-1.0	1.0	1.5		0.0625	0.8	1832.6064210318327	1832.606309120791	1833.6662483718337	1831.1495334018311	1831.150666621831	1831.8229621597993	
1831.8229621597993	0.8450000000000273	WheelMovementIntervals													0.2920443854762311
1834.344962159799	0.2960000000000491	WheelMovementIntervals													0.029683440558187613
1834.8299986518348	3.072503723814634	trials	1.0	1.0	1.5	0.125		0.8	1836.3440139018364	1836.3438990084765	1837.4024080518375	1835.935921381836	1835.936921281836	1836.155962159799	
1835.137962159799	0.11100000000010368	WheelMovementIntervals													-0.05559772192748369
1836.155962159799	0.6749999999999545	WheelMovementIntervals													-0.6583902498641407
1838.820199591839	6.529211128158522	trials	-1.0	-1.0	0.0	0.125		0.8	1842.7941354918428	1842.793305146436	1844.849396611845	1839.5493266718395	1839.5505265518395	1839.8229621597984	
1839.8229621597984	4.343999999999596	WheelMovementIntervals													0.4736497810813489
1846.051709701846	44.54667996626563	trials	-1.0	-1.0	0.0	0.0		0.8	1888.0377773418882	1888.0367879926378	1890.0983379318902	1846.7855029818468	1846.7864028918468	1887.2289621597934	
1887.2289621597934	1.166999999999689	WheelMovementIntervals													0.4209056073625277
1891.6160861418916	3.8156177528192075	trials	-1.0	-1.0	0.0	0.125		0.8	1892.869660771893	1892.8685909846142	1894.931621221895	1892.6011209618925	1892.6019875418926	1892.4869621597927	
1891.7739621597927	0.17200000000002547	WheelMovementIntervals													0.03859165725026514
1892.4869621597927	1.518999999999778	WheelMovementIntervals													0.4239565961653682
1895.2669621597925	1.7159999999996671	WheelMovementIntervals													-3.0184345676541113
1896.108603511896	6.359097282683933	trials	1.0	1.0	1.5	1.0		0.8	1900.9020907819008	1900.9019992022656	1901.967650881902	1897.4513025618974	1897.4522358018974	1899.9469621597918	
1897.1139621597922	0.16999999999984539	WheelMovementIntervals													0.007967628271813965
1899.9469621597918	1.1319999999998345	WheelMovementIntervals													-0.3392409375157399
1902.0139621597916	0.08400000000006003	WheelMovementIntervals													0.01645853476631487
1903.171397161903	3.8128893561290624	trials	1.0	1.0	1.5	0.125		0.8	1905.4232052919053	1905.4230891045504	1906.4841991819064	1903.7813361619037	1903.782136081904	1904.5589621597912	
1904.5589621597912	0.4410000000000309	WheelMovementIntervals													-0.18269750824009634
1905.2829621597912	0.23099999999999454	WheelMovementIntervals													-0.15392098462814374
1907.6650810819076	2.535613654196368	trials	1.0	1.0	1.5	0.0625		0.8	1908.6383837419087	1908.6382851711376	1909.7005775119096	1908.1810961419083	1908.1820627119082	1908.423962159791	
1908.423962159791	0.8189999999997326	WheelMovementIntervals													-1.2188860510500774
1910.6799621597906	0.30199999999990723	WheelMovementIntervals													-0.08492862207305052
1910.863694521911	8.653799490611618	trials	1.0	1.0	1.5	0.0625		0.8	1917.946986121918	1917.9468916494516	1919.017445731919	1914.7643710819148	1914.7652709919148	1917.23096215979	
1911.7649621597905	0.7719999999999345	WheelMovementIntervals													-0.20532199753191094
1912.9609621597904	0.08300000000008367	WheelMovementIntervals													0.034883271424092754
1913.4569621597905	0.5789999999997235	WheelMovementIntervals													-0.16857349906712216
1917.23096215979	1.2639999999998963	WheelMovementIntervals													-0.7600340724141006
1920.2340907219202	2.280207503667043	trials	1.0	1.0	1.5	1.0		0.8	1920.956985091921	1920.9568921495345	1922.0142793519221	1920.6977110219207	1920.6988442419208	1920.8269621597894	
1920.8269621597894	0.6369999999999436	WheelMovementIntervals													-1.5482480763069475
1923.1756965319232	2.4552937980324714	trials	1.0	1.0	1.5	1.0		0.8	1924.0717735819242	1924.0716931739007	1925.130900991925	1923.816899071924	1923.817798981924	1923.9509621597892	
1923.9509621597892	0.5609999999999218	WheelMovementIntervals													-1.6284438552258962
1926.2921848519263	2.6751028716466863	trials	1.0	1.0	1.5	0.0625		0.8	1927.4053735219275	1927.405284798519	1928.4672006619285	1927.050675661927	1927.051742221927	1927.2549621597889	
1927.2549621597889	0.7469999999998436	WheelMovementIntervals													-1.7218152325902452
1928.4549621597887	0.18100000000004002	WheelMovementIntervals													-0.03246484549791262
1929.6267846919297	4.020500066204022	trials	1.0	1.0	1.5	0.0625		0.8	1932.0874719319322	1932.0873828964088	1933.147232611933	1930.1141026219302	1930.11500253193	1931.1709621597884	
1929.9959621597886	0.28599999999983083	WheelMovementIntervals													0.02062836532789447
1931.1709621597884	1.5359999999998308	WheelMovementIntervals													-0.669989318568355
1934.3272812619343	2.37289934832188	trials	1.0	1.0	1.5	1.0		0.8	1935.1416998119353	1935.1415803519678	1936.2000939619363	1934.8669272919349	1934.867927191935	1935.016962159788	
1935.016962159788	0.7899999999999636	WheelMovementIntervals													-1.7897604140667056
1937.3608778719374	2.5365147949128186	trials	1.0	1.0	1.5	0.0625		0.8	1938.3325806919383	1938.332482389944	1939.3973408719394	1937.947285891938	1937.948219131938	1938.1289621597875	
1938.1289621597875	0.6980000000000928	WheelMovementIntervals													-0.5627699265394597
1939.2339621597876	0.21299999999996544	WheelMovementIntervals													0.03777172608781143
1940.5369621597874	0.5619999999998981	WheelMovementIntervals													-0.4718611717514136
1940.5457926819406	6.554679628089161	trials	1.0	1.0	1.5	0.0625		0.8	1945.5443927719455	1945.5442748589367	1946.6003871619466	1941.8502622219419	1941.851162131942	1944.341962159787	
1941.8539621597872	1.1419999999998254	WheelMovementIntervals													0.07488314314289823
1943.728962159787	0.05600000000004002	WheelMovementIntervals													0.007555383277860983
1944.341962159787	0.39499999999975444	WheelMovementIntervals													-0.15079776860960692
1945.287962159787	0.4019999999998163	WheelMovementIntervals													-0.19019912387960858
1947.8038668019478	63.077712988358144	trials	0.0	-1.0	0.0	0.125		0.8	2008.3823416820085	2008.3815763944303	2008.4458020020086	1948.3804424719483	1948.3813757119483		
1966.8379621597844	0.24400000000014188	WheelMovementIntervals													-0.02917009053783204
2012.029076972012	46.66556553000805	trials	1.0	1.0	1.5	0.25		0.8	2057.132532842057	2057.1324407563857	2058.1946266220584	2012.0987366720121	2012.5299268820127	2056.3459621597744	
2056.3459621597744	0.9700000000002547	WheelMovementIntervals													-0.33317681858380865
2059.74073866206	6.803717392089311	trials	1.0	1.0	1.5	0.25		0.8	2064.989247092065	2064.989149764167	2066.044341572066	2060.23112295206	2060.23208952206	2063.9919621597737	
2063.9919621597737	1.04300000000012	WheelMovementIntervals													-0.29551816151032995
2067.247854542067	3.2994054265236628	trials	1.0	1.0	1.5	0.125		0.8	2068.995346442069	2068.9952558271807	2070.04720791207	2067.963849602068	2067.964982822068	2068.6459621597733	
2068.1289621597734	0.1790000000000873	WheelMovementIntervals													-0.07708926884620837
2068.6459621597733	0.3829999999998108	WheelMovementIntervals													-0.20809823148715623
2071.218257462071	2.559485318676707	trials	1.0	1.0	1.5	0.125		0.8	2072.228456432072	2072.228350484191	2073.277718162073	2071.894356512072	2071.8952564220717	2072.0899621597728	
2072.0899621597728	0.34500000000025466	WheelMovementIntervals													-0.7802798954270145
2074.4405352020744	5.5037155059972065	trials	1.0	1.0	1.5	0.0625		0.8	2078.3858406320783	2078.3857441667046	2079.4442014520796	2075.3973395120756	2075.3985060620753	2077.2329621597723	
2074.6989621597727	0.08899999999994179	WheelMovementIntervals													-0.008531760047503667
2077.2329621597723	1.1789999999996326	WheelMovementIntervals													-0.2920764154251856
2078.742962159772	0.05499999999983629	WheelMovementIntervals													-0.00707205020330548
2080.6325492720807	6.131390520039531	trials	1.0	1.0	1.5	0.0		0.8	2085.201625652085	2085.2015399722613	2086.263919412086	2081.3136811520812	2081.3147477120815	2085.1119621597713	
2081.881962159772	0.13400000000001455	WheelMovementIntervals													-0.061650673412600554
2084.2379621597715	0.07799999999997453	WheelMovementIntervals													-0.020126462094054887
2085.1119621597713	0.5579999999999927	WheelMovementIntervals													-0.3220614598124314
2087.4370354220873	2.3267040127302607	trials	1.0	1.0	1.5	1.0		0.8	2088.205725212088	2088.205635756631	2089.263686072089	2087.910521402088	2087.911287992088	2088.0559621597713	
2088.0559621597713	1.0059999999998581	WheelMovementIntervals													-2.284362729709869
2090.4237367220903	3.453492201271729	trials	-1.0	1.0	1.5		0.125	0.8	2092.3235467220925	2092.3234307819353	2093.3771413520935	2091.093969692091	2091.094902932091	2091.3559621597706	
2091.3559621597706	1.425000000000182	WheelMovementIntervals													0.34171968877907943
2094.5524238120947	2.541513108928939	trials	1.0	1.0	1.5	1.0		0.8	2095.5458244620954	2095.545727762985	2096.5938529820965	2095.2467543720954	2095.247854262095	2095.27796215977	
2095.27796215977	1.6320000000000618	WheelMovementIntervals													-0.8813983628957942
2097.7579365620977	2.471993720176215	trials	1.0	1.0	1.5	0.25		0.8	2098.6694454020985	2098.66933314073	2099.7298393520996	2098.263052712098	2098.2641192720985	2098.44596215977	
2098.44596215977	0.9700000000002547	WheelMovementIntervals													-0.3624014646439093
2099.8339621597697	0.12400000000025102	WheelMovementIntervals													0.015979433407494525
2100.874624862101	3.402395548884215	trials	1.0	1.0	1.5	0.25		0.8	2102.7181404921025	2102.718021366927	2103.777001262104	2102.3770079421024	2102.3780411721023	2102.5419621597694	
2101.2709621597696	0.5479999999997744	WheelMovementIntervals													-0.1268827875966565
2102.5419621597694	1.1019999999998618	WheelMovementIntervals													-0.5262687812761158
2104.951517132105	2.4116232934579784	trials	1.0	1.0	1.5	1.0		0.8	2105.809031372106	2105.8089243470613	2106.8630926221067	2105.4969292521055	2105.4979958121057	2105.542962159769	
2105.542962159769	0.47200000000020736	WheelMovementIntervals													-0.5499589664729854
2108.025843002108	3.9176805247334414	trials	1.0	1.0	1.5	0.125		0.8	2110.3878401121106	2110.3877294522467	2111.4434678721113	2108.4935962221084	2108.4945961221083	2109.3359621597688	
2108.728962159769	0.1269999999999527	WheelMovementIntervals													-0.09221363206253841
2109.3359621597688	1.5039999999999054	WheelMovementIntervals													-0.21001710500146942
2112.6224166321126	3.5572116964167435	trials	-1.0	1.0	1.5		0.25	0.8	2114.6202168321147	2114.6201215159585	2115.679577552116	2113.1624626221133	2113.163529182113	2114.1509621597684	
2113.4439621597685	0.08199999999987995	WheelMovementIntervals													0.022617766745668177
2114.1509621597684	0.6409999999996217	WheelMovementIntervals													0.26378821469964464
2116.851926972117	4.244309656652149	trials	1.0	1.0	1.5	0.0625		0.8	2119.5452242821198	2119.5451311960605	2120.5961525121206	2117.5100611521175	2117.5110943821173	2118.7679621597676	
2118.7679621597676	0.8550000000000182	WheelMovementIntervals													-0.30788244923468255
2121.774234692122	2.5222881391864576	trials	1.0	1.0	1.5	1.0		0.8	2122.7309390121227	2122.7308290560604	2123.796432452124	2122.4600661021223	2122.4610326721227	2122.6099621597673	
2122.6099621597673	0.9249999999997272	WheelMovementIntervals													-2.089306757311647
2124.961715912125	3.001105407327941	trials	-1.0	1.0	1.5		1.0	0.8	2126.3994387921266	2126.399317544317	2127.4627657821275	2125.4931294321254	2125.4939626821256	2125.804962159767	
2125.804962159767	1.3959999999997308	WheelMovementIntervals													0.348887154824439
2128.916420402129	3.0128015524833245	trials	1.0	1.0	1.5	0.0625		0.8	2130.3708416121303	2130.3707197034028	2131.4291691021313	2129.3930727321294	2129.3939059821296	2129.2399621597665	
2129.2399621597665	1.5900000000001455	WheelMovementIntervals													-0.3689085484102179
2132.6004186321325	2.66220351218044	trials	1.0	1.0	1.5	0.0625		0.8	2133.698108852134	2133.6980188432995	2134.762602392135	2133.109801022133	2133.110834252133	2133.2099621597663	
2133.2099621597663	0.8869999999997162	WheelMovementIntervals													-0.30985833354102965
2135.927019272136	2.832616005113323	trials	1.0	1.0	1.5	0.125		0.8	2137.2113241621373	2137.211225168185	2138.259519332138	2136.4429010121366	2136.4438009221367	2136.6889621597657	
2136.6889621597657	1.1770000000001346	WheelMovementIntervals													-0.3471052852682135
2139.4228363221396	3.870084473982388	trials	1.0	1.0	1.5	0.0		0.8	2141.7447374421417	2141.744625807712	2142.7928659521426	2140.6791440121406	2140.6800439221406	2141.1389621597655	
2139.8349621597654	0.1790000000000873	WheelMovementIntervals													-0.040630849956016846
2141.1389621597655	0.8289999999997235	WheelMovementIntervals													-0.3322541651353106
2142.918962159765	0.2159999999998945	WheelMovementIntervals													0.01911397088730382
2143.971714722144	2.374200153554284	trials	1.0	1.0	1.5	0.25		0.8	2144.7909327921448	2144.7908137401205	2145.8458272921457	2144.712407312145	2144.7133072221445	2144.642962159765	
2144.642962159765	1.2409999999999854	WheelMovementIntervals													-1.7441080511425753
2147.007811082147	6.585006294268169	trials	1.0	1.0	1.5	0.0		0.8	2152.041907622152	2152.041813600498	2153.092735862153	2150.692675892151	2150.6935424721505	2151.3989621597643	
2147.2869621597647	2.700999999999567	WheelMovementIntervals													-0.4236511382372896
2151.3989621597643	1.2779999999997926	WheelMovementIntervals													-0.3422529494918365
2154.0189621597638	0.9540000000001783	WheelMovementIntervals													0.21569375788098455
2154.303914732154	3.5887083717097994	trials	1.0	1.0	1.5	0.0		0.8	2156.3406110421565	2156.3405177806158	2157.3925725021572	2155.4456338821556	2155.4464671321552	2155.7019621597638	
2155.7019621597638	1.888999999999669	WheelMovementIntervals													-0.32429967212152633
2158.5729211221587	3.1055938738559234	trials	1.0	1.0	1.5	0.125		0.8	2160.12363270216	2160.123516565556	2161.1784605421612	2159.078803862159	2159.079737102159	2159.3249621597633	
2159.3249621597633	2.306999999999789	WheelMovementIntervals													-0.30931071649479236
2162.350210022162	3.7283963238814977	trials	1.0	1.0	1.5	0.0625		0.8	2164.5168266721644	2164.516706142804	2165.5785871521657	2162.825762462163	2162.826695702163	2163.056962159763	
2163.056962159763	2.020999999999731	WheelMovementIntervals													-0.34468437387292283
2166.3289621597623	1.5839999999998327	WheelMovementIntervals													0.6817004510421327
2166.7621021221667	4.633102687369956	trials	1.0	1.0	1.5	0.0625		0.8	2169.83822781217	2169.838102578524	2170.895188772171	2168.3589090921682	2168.3599423221685	2169.307962159762	
2169.307962159762	1.23700000000008	WheelMovementIntervals													-0.31779432289260967
2172.087002912172	2.908009301515449	trials	1.0	1.0	1.5	1.0		0.8	2173.4395009821733	2173.439406307826	2174.4949954221747	2172.8089307121727	2172.8098639521727	2172.9659621597616	
2172.9659621597616	1.3130000000001019	WheelMovementIntervals													-0.6757537141819796
2175.663511892176	2.4148963075931533	trials	1.0	1.0	1.5	0.25		0.8	2176.5265255821764	2176.526409500826	2177.5783203921774	2176.1922256821763	2176.1934588921763	2176.3669621597614	
2176.3669621597614	0.8739999999997963	WheelMovementIntervals													-0.5385201055298694
2178.748703342179	2.3933998116322073	trials	1.0	1.0	1.5	0.125		0.8	2179.5945187521797	2179.594402215581	2180.6420473221806	2179.2421873221792	2179.2430872321793	2179.465962159761	
2179.465962159761	0.5289999999999964	WheelMovementIntervals													-1.017174487606212
2181.7888992921817	3.7531228770944836	trials	1.0	-1.0	0.0		0.0625	0.8	2182.992345602183	2182.991305660304	2185.041973952185	2182.3950720021826	2182.3960052421826	2182.7889621597606	
2182.7889621597606	0.3569999999999709	WheelMovementIntervals													-0.3721220568366732
2186.2204227621864	3.391396182932567	trials	1.0	1.0	1.5	0.125		0.8	2188.057605692188	2188.05751961112	2189.1117669321893	2186.894721992187	2186.895621902187	2187.69496215976	
2187.0959621597603	0.19699999999966167	WheelMovementIntervals													-0.08267416051987198
2187.69496215976	0.6709999999998217	WheelMovementIntervals													-0.2703397970978756
2190.28981578219	5.405194042280982	trials	1.0	-1.0	0.0		0.0	0.8	2193.143830352193	2193.1430110537526	2195.1948918921953	2191.8084639021918	2191.809530462192	2192.4859621597598	
2190.61796215976	0.5659999999998035	WheelMovementIntervals													-0.21880427871914776
2192.4859621597598	0.9339999999997417	WheelMovementIntervals													-0.3461214532480881
2196.3903056721965	5.021399156870302	trials	1.0	-1.0	0.0		0.0	0.8	2198.8460600721987	2198.8452037933394	2200.911620162201	2197.1248655421973	2197.1257654521974	2197.784962159759	
2197.784962159759	1.249000000000251	WheelMovementIntervals													-0.3107139523621072
2201.4399621597586	0.34900000000016007	WheelMovementIntervals													0.05031361118531663
2201.9959621597586	0.11900000000014188	WheelMovementIntervals													-0.01031891022736886
2202.1001013022023	2.7445961589701255	trials	1.0	1.0	1.5	1.0		0.8	2203.2841162222035	2203.2839983512854	2204.3446768222043	2202.958082162203	2202.959015402203	2203.1209621597586	
2203.1209621597586	0.5939999999995962	WheelMovementIntervals													-1.3819867512095811
2205.5182927822057	3.2262122446422836	trials	-1.0	1.0	1.5		0.0625	0.8	2207.191792082207	2207.1916975773115	2208.244453472208	2205.991545452206	2205.992612012206	2206.579962159758	
2206.579962159758	1.405999999999949	WheelMovementIntervals													0.30175073422304877
2209.73050485221	2.31070477758567	trials	1.0	1.0	1.5	0.25		0.8	2210.4799965622105	2210.479905428711	2211.5411904322114	2210.20815708221	2210.2092236422104	2210.3719621597575	
2210.3719621597575	0.86200000000008	WheelMovementIntervals													-2.2348179418588927
2212.707307142213	2.4703920069691776	trials	1.0	1.0	1.5	0.25		0.8	2213.6215157122137	2213.6214030745646	2214.6776100922148	2213.3440767922134	2213.345176682213	2213.510962159757	
2213.510962159757	0.8250000000002728	WheelMovementIntervals													-1.7762870676309888
2215.846693172216	3.3310022272644346	trials	-1.0	1.0	1.5		1.0	0.8	2217.6182826622176	2217.618192761258	2218.677610052219	2216.4245687122166	2216.4254352922167	2216.981962159757	
2216.981962159757	0.9739999999997053	WheelMovementIntervals													0.37292257902342385
2218.616962159757	0.1639999999997599	WheelMovementIntervals													0.018068904304527678
2219.8555922422197	3.0522971174991653	trials	-1.0	1.0	1.5		1.0	0.8	2221.3521092422216	2221.3519898485597	2222.4078703222226	2220.4412336722203	2220.4420335922205	2221.0979621597567	
2221.0979621597567	0.7329999999997199	WheelMovementIntervals													0.2923887319526841
2223.5814862822235	7.012198131115383	trials	1.0	-1.0	0.0		0.0	0.8	2228.029908062228	2228.028883194196	2230.09366833223	2224.194125012224	2224.194991592224	2226.9949621597557	
2224.6229621597563	0.2529999999997017	WheelMovementIntervals													-0.054985390212209495
2226.9949621597557	0.443000000000211	WheelMovementIntervals													-0.15987571674190804
2227.8209621597557	0.55600000000004	WheelMovementIntervals													-0.22342941248103898
2228.6759621597557	0.16499999999996362	WheelMovementIntervals													0.0556765137855848
2231.3009809222312	4.4066235489303835	trials	-1.0	1.0	1.5		1.0	0.2	2234.155495442234	2234.155394232908	2235.207556892235	2233.157361932233	2233.158161852233	2233.3789621597552	
2231.828962159755	0.650000000000091	WheelMovementIntervals													-0.03189689224188896
2233.3789621597552	0.8329999999996289	WheelMovementIntervals													0.33266565006982773
2236.396204682236	3.3475010115525947	trials	-1.0	1.0	1.5		0.25	0.2	2238.1828926622384	2238.1828036209795	2239.2436199122394	2236.893588272237	2236.894421522237	2237.345962159755	
2237.345962159755	1.2729999999996835	WheelMovementIntervals													0.32801345645989954
2240.4197022922403	3.4543933044060395	trials	-1.0	1.0	1.5		0.0625	0.2	2242.3216787422425	2242.3215969541106	2243.3740401622435	2241.140663522241	2241.1416967522414	2241.484962159754	
2241.484962159754	2.0160000000000764	WheelMovementIntervals													0.540715138530345
2244.5347907422447	3.2725064872001894	trials	-1.0	1.0	1.5		0.125	0.2	2246.254385432246	2246.2542930999944	2247.3072468022474	2245.2437865022453	2245.2449530522454	2245.409962159754	
2245.409962159754	1.9279999999998836	WheelMovementIntervals													0.47142126251523564
2248.4802961522487	3.4601912815519427	trials	1.0	1.0	1.5	0.125		0.2	2250.3901051522503	2250.38998968479	2251.4404667722515	2248.959814862249	2248.960881422249	2249.1669621597534	
2249.1669621597534	0.7139999999999418	WheelMovementIntervals													-0.2442631824332011
2250.0969621597533	1.9719999999997526	WheelMovementIntervals													0.3959194845755576
2252.6200821322527	3.906708719398466	trials	-1.0	1.0	1.5		0.0	0.2	2254.966980752255	2254.966886168671	2256.026774762256	2253.1099664722533	2253.110833052253	2254.333962159753	
2254.333962159753	1.0059999999998581	WheelMovementIntervals													0.45097434975625106
2256.096962159753	0.06599999999980355	WheelMovementIntervals													0.006821164636306776
2257.207390022257	3.132991246718575	trials	-1.0	1.0	1.5		0.125	0.2	2258.7946979422586	2258.794584067967	2259.84032670226	2257.890455042258	2257.891421612258	2258.3299621597525	
2258.3299621597525	0.5269999999995889	WheelMovementIntervals													0.2934575393034322
2261.016575732261	3.392896959251175	trials	-1.0	1.0	1.5		0.0625	0.2	2262.854991872263	2262.8548724593384	2263.909386422264	2261.5600547122617	2261.5610212822617	2261.965962159752	
2261.965962159752	1.1859999999996944	WheelMovementIntervals													0.3140764627235342
2264.9599621597517	0.7839999999996508	WheelMovementIntervals													-0.17549978490743
2265.088668482265	4.501515278723218	trials	-1.0	1.0	1.5		0.125	0.2	2268.038273492268	2268.038176527599	2269.090168292269	2266.956714992267	2266.957581572267	2267.2679621597513	
2266.1499621597513	0.2860000000000582	WheelMovementIntervals													0.07730383896986837
2267.2679621597513	0.7899999999999636	WheelMovementIntervals													0.2920559718321556
2269.0409621597514	0.6839999999997417	WheelMovementIntervals													-0.7486719990292272
2270.050962159751	0.18899999999985084	WheelMovementIntervals													0.056587088951403075
2270.2798826422704	3.280106531274214	trials	-1.0	1.0	1.5		1.0	0.2	2271.996177662272	2271.996084489887	2273.059904612273	2270.742936332271	2270.743869572271	2271.143962159751	
2271.143962159751	0.9239999999999782	WheelMovementIntervals													0.2877649741861603
2274.2368869022744	3.4197945117812196	trials	-1.0	1.0	1.5		1.0	0.2	2276.1095662822763	2276.1094822543346	2277.156594902277	2274.856624922275	2274.857524832275	2275.3049621597506	
2275.3049621597506	1.006999999999607	WheelMovementIntervals													0.2985830852174445
2278.3382767222784	2.8182169566948687	trials	-1.0	1.0	1.5		0.0625	0.2	2279.6046834022795	2279.604582993424	2280.6564448822805	2278.859391272279	2278.860724472279	2279.1649621597503	
2279.1649621597503	0.6879999999996471	WheelMovementIntervals													0.34444618682042005
2281.831594022282	5.3947936951340125	trials	1.0	1.0	1.5	0.25		0.2	2285.664677342286	2285.664588121685	2286.726304502287	2282.4096362122823	2282.4106694422826	2283.5229621597496	
2283.5229621597496	0.27599999999983993	WheelMovementIntervals													-0.11506666410446087
2284.1109621597498	0.8009999999994761	WheelMovementIntervals													-0.09706498869243774
2285.1859621597496	0.5179999999995744	WheelMovementIntervals													-0.166693778341795
2287.924784642288	2.498391815474406	trials	1.0	1.0	1.5	0.125		0.2	2288.871589952289	2288.8714804042247	2289.92311812229	2288.4728298322884	2288.4738963922887	2288.689962159749	
2288.689962159749	0.7039999999997235	WheelMovementIntervals													-0.7314719899273427
2291.4139690222914	2.445494341893209	trials	1.0	1.0	1.5	0.25		0.2	2292.3066797422925	2292.306565862113	2293.3593744622935	2291.942649482292	2291.943516062292	2292.1319621597486	
2292.1319621597486	0.9329999999999927	WheelMovementIntervals													-0.5322709652750746
2294.5237580122944	4.301804000444008	trials	1.0	1.0	1.5	0.0625		0.2	2297.273583002297	2297.273458651775	2298.3255111322983	2295.172793102295	2295.173793002295	2296.189962159748	
2296.189962159748	2.5909999999998945	WheelMovementIntervals													-0.31568276809872486
2299.5116591722995	3.447620086445113	trials	-1.0	1.0	1.5		0.0625	0.2	2301.3979705223014	2301.3978685203747	2302.4592310523026	2299.9728463823	2299.9737129623	2300.6359621597476	
2300.6359621597476	1.0019999999999527	WheelMovementIntervals													0.32961069855437586
2302.3789621597475	0.3939999999997781	WheelMovementIntervals													0.017744702405963153
2303.6399796323035	2.4853906986004404	trials	1.0	1.0	1.5	0.125		0.2	2304.5724863723044	2304.5723750174284	2305.6253144123057	2304.2392863623045	2304.2402862623044	2304.4179621597473	
2304.4179621597473	1.2280000000000655	WheelMovementIntervals													-0.5080479843873889
2306.795864012307	3.4769177122293513	trials	1.0	1.0	1.5	0.0625		0.2	2308.725271052309	2308.7251721759812	2309.77266630231	2307.4559646623075	2307.4568979023074	2307.920962159747	
2307.920962159747	2.2729999999996835	WheelMovementIntervals													-0.303334230837379
2310.9528816023108	3.2863785043014104	trials	-1.0	1.0	1.5		0.0625	0.2	2312.6826752723127	2312.6825692360485	2313.7392029423136	2311.4088026723116	2311.4098359023114	2312.0779621597467	
2312.0779621597467	0.8869999999997162	WheelMovementIntervals													0.36037026020616736
2314.901453372315	2.9042116298210203	trials	1.0	1.0	1.5	0.125		0.2	2316.242452592316	2316.2423573567908	2317.305646262317	2315.4422992823156	2315.4430992023154	2315.630962159746	
2315.630962159746	0.7849999999998545	WheelMovementIntervals													-0.3389468818630519
2316.612962159746	0.24599999999963984	WheelMovementIntervals													0.02473558458154912
2317.205962159746	0.05499999999983629	WheelMovementIntervals													0.003920463108215699
2318.4619639523185	4.330203576017539	trials	-1.0	1.0	1.5		0.0	0.2	2321.232853502321	2321.2327636810214	2322.292114232322	2319.058504292319	2319.059404202319	2320.6089621597457	
2320.6089621597457	0.974999999999909	WheelMovementIntervals													0.38831781694116785
2323.4663634623234	4.1391907256252125	trials	-1.0	1.0	1.5		0.0	0.2	2326.059070832326	2326.0589557742387	2327.105532842327	2324.555387882325	2324.5562877923244	2325.249962159745	
2323.853962159745	0.09700000000020736	WheelMovementIntervals													0.022597320386239517
2325.249962159745	1.0639999999998508	WheelMovementIntervals													0.3083715102465874
2328.2751492023285	3.463619989712697	trials	-1.0	1.0	1.5		0.0	0.2	2330.19055764233	2330.1904585972843	2331.2387194823314	2328.991777532329	2328.992910752329	2329.5799621597444	
2329.5799621597444	0.7919999999999163	WheelMovementIntervals													0.34047810188587846
2332.4054694623323	2.5331882021364436	trials	1.0	1.0	1.5	0.25		0.2	2333.3803719623334	2333.3802641527845	2334.4385994623344	2333.075235812333	2333.076169052333	2333.203962159744	
2333.203962159744	0.6100000000001273	WheelMovementIntervals													-0.9167777711754184
2335.5779521823356	3.34730185735134	trials	-1.0	1.0	1.5		0.125	0.2	2337.3729726623374	2337.372851569621	2338.4251674323386	2336.1749924723363	2336.176125692336	2336.6639621597437	
2336.6639621597437	1.0279999999997926	WheelMovementIntervals													0.3178523922862837
2339.5912508123397	3.0170016972397207	trials	-1.0	1.0	1.5		0.25	0.2	2341.059170672341	2341.0590501785346	2342.108199092342	2340.05517108234	2340.05607099234	2340.428962159743	
2340.428962159743	0.8240000000000691	WheelMovementIntervals													0.40241808501122023
2343.2734492223435	3.117720929206371	trials	-1.0	1.0	1.5		0.0625	0.2	2344.841259092345	2344.8411582378326	2345.891120762346	2343.7884643823436	2343.7893309623437	2344.224962159743	
2344.224962159743	0.7619999999997162	WheelMovementIntervals													0.2774021211529316
2346.8249621597424	0.06100000000014916	WheelMovementIntervals													-0.006983635295284785
2347.055570972347	3.1858876805372347	trials	-1.0	1.0	1.5		0.0	0.2	2348.6694429023487	2348.6693632123656	2349.7413690323497	2347.6050493523476	2347.6059492623476	2348.0609621597423	
2348.0609621597423	0.680000000000291	WheelMovementIntervals													0.3010010380952508
2350.907052452351	3.0842950997594016	trials	-1.0	1.0	1.5		0.0	0.2	2352.4210677023525	2352.420949065434	2353.4912940023537	2351.5215576623514	2351.5225242323518	2351.8129621597423	
2351.8129621597423	0.6249999999995453	WheelMovementIntervals													0.29024522816436615
2354.6572440623545	2.797819347915265	trials	-1.0	1.0	1.5		1.0	0.2	2355.881654942356	2355.881551216093	2356.954947602357	2355.188390942355	2355.189490832355	2355.5669621597417	
2355.5669621597417	1.1449999999999818	WheelMovementIntervals													0.3305047307408415
2358.121164302358	3.1535899551608964	trials	-1.0	1.0	1.5		0.0625	0.2	2359.7059391423595	2359.7058577472662	2360.7746655923606	2358.7576006523586	2358.758433902359	2359.0969621597415	
2359.0969621597415	2.1049999999995634	WheelMovementIntervals													0.42689675922878223
2361.945648482362	3.31210422181357	trials	-1.0	1.0	1.5		0.25	0.2	2363.680941602364	2363.680849122466	2364.7577005823646	2362.654877552363	2362.6560107723626	2363.047962159741	
2363.047962159741	1.595999999999549	WheelMovementIntervals													0.42491713714886714
2365.930549952366	3.360700473158886	trials	-1.0	1.0	1.5		0.0625	0.2	2367.716038052368	2367.715948609962	2368.7911638623686	2366.7047725223665	2366.7056057723667	2366.9609621597406	
2366.9609621597406	1.0659999999998035	WheelMovementIntervals													0.3044103675487406
2369.96044692237	3.5941095646826398	trials	1.0	-1.0	0.0		0.125	0.2	2370.980211602371	2370.9792487832233	2373.054470822373	2370.687874172371	2370.6888740723707	2370.63196215974	
2370.63196215974	1.9539999999997235	WheelMovementIntervals													-2.3453334887928463
2373.05796215974	1.5619999999998981	WheelMovementIntervals													-0.18390219083144643
2374.5429552923747	2.798192433429449	trials	1.0	1.0	1.5	1.0		0.2	2375.763733202376	2375.763650682769	2376.8410587923768	2375.323610552375	2375.3244771323753	2375.4589621597393	
2375.4589621597393	1.2049999999999272	WheelMovementIntervals													-0.7147398315639748
2378.006742212378	3.1838152339537373	trials	-1.0	1.0	1.5		0.125	0.2	2379.6235471823798	2379.6234484246447	2380.6905071423807	2378.4877941023783	2378.4887606723787	2378.966962159739	
2378.966962159739	2.3769999999999527	WheelMovementIntervals													0.7532752849977271
2381.858357012382	5.948904978824885	trials	-1.0	-1.0	0.0	0.0625		0.2	2385.2333194823855	2385.232458134732	2387.3072120723873	2382.5042257523824	2382.5050256723825	2384.0019621597385	
2384.0019621597385	1.9379999999996471	WheelMovementIntervals													0.5341980182867303
2388.5022592223886	4.037997532732788	trials	-1.0	1.0	1.5		0.0625	0.2	2390.969345822391	2390.969256493131	2392.0401720623922	2389.5541206923895	2389.5549206123897	2390.3149621597377	
2388.5409621597382	0.487999999999829	WheelMovementIntervals													0.2795533063685127
2390.3149621597377	0.8099999999999454	WheelMovementIntervals													0.32182802764739904
2392.5869621597376	0.2880000000000109	WheelMovementIntervals													-0.05461718334549914
2393.220654002393	3.4834900440996535	trials	-1.0	1.0	1.5		0.125	0.2	2395.1442282923954	2395.144146848481	2396.2040889623963	2393.937482312394	2393.938515542394	2394.3779621597373	
2394.3779621597373	0.9130000000000109	WheelMovementIntervals													0.2986254957856431
2397.3747385523975	3.5958093767389983	trials	1.0	-1.0	0.0		0.0625	0.2	2398.3984361723983	2398.3974403660372	2400.4704956124006	2398.0737019823982	2398.074768542398	2398.2479621597367	
2398.2479621597367	0.40200000000004366	WheelMovementIntervals													-0.48978312207674435
2401.6321461024017	2.524788169191197	trials	1.0	1.0	1.5	0.25		0.2	2402.5860507024026	2402.5859404997364	2403.656876942404	2402.2069886124023	2402.208021842402	2402.3959621597364	
2402.3959621597364	0.8139999999998508	WheelMovementIntervals													-0.7382121558170525
2404.819027382405	2.9211087911776303	trials	-1.0	1.0	1.5		0.25	0.2	2406.166925912406	2406.1668305158623	2407.2401185824074	2405.3372755524056	2405.3383087824054	2405.705962159736	
2405.1919621597362	0.19200000000000728	WheelMovementIntervals													-0.013868402804746438
2405.705962159736	1.3920000000002801	WheelMovementIntervals													0.35613833862868205
2408.4020357124086	3.2380104653134367	trials	-1.0	1.0	1.5		0.0625	0.2	2410.07083548241	2410.0707400749966	2411.139961892411	2409.103765532409	2409.104598782409	2409.5199621597358	
2409.5199621597358	0.8989999999998872	WheelMovementIntervals													0.32162121307700886
2411.5729621597357	0.13599999999996726	WheelMovementIntervals													-0.014459343157398052
2412.2997459024123	2.99020370306107	trials	-1.0	1.0	1.5		0.125	0.2	2413.713337862414	2413.7132462347568	2414.789863532415	2412.953613842413	2412.954513752413	2413.295962159735	
2413.295962159735	0.7670000000002801	WheelMovementIntervals													0.6090556321486531
2415.8499621597352	0.5849999999995816	WheelMovementIntervals													-0.15583550156790693
2415.957446762416	3.6460037420038134	trials	-1.0	1.0	1.5		1.0	0.2	2418.042238262418	2418.042147186676	2419.1033321424193	2417.0370054624173	2417.037805382417	2417.698962159735	
2417.698962159735	0.41099999999960346	WheelMovementIntervals													0.30789389982842863
2420.2815476424203	3.0719967049822117	trials	-1.0	1.0	1.5		0.125	0.2	2421.792429872422	2421.792344546553	2422.853490422423	2420.956546802421	2420.957380052421	2421.1669621597343	
2421.1669621597343	0.9409999999998035	WheelMovementIntervals													0.4131325536450561
2424.024539972424	2.948506010572146	trials	-1.0	1.0	1.5		0.25	0.2	2425.3989358524254	2425.398841841756	2426.4729951024265	2424.5225568324245	2424.5236567224247	2424.969962159734	
2424.969962159734	0.8209999999999127	WheelMovementIntervals													0.31165652357736917
2426.668962159734	0.3550000000000182	WheelMovementIntervals													-0.05528765405603053
2427.641644892428	3.58138157438907	trials	-1.0	1.0	1.5		0.0625	0.2	2429.6541436224297	2429.654032853319	2430.7229700624307	2428.220053712428	2428.220920292428	2428.525962159734	
2428.525962159734	1.9999999999995453	WheelMovementIntervals													0.3432052456376766
2431.895719442432	3.093722565410644	trials	-1.0	1.0	1.5		0.25	0.2	2433.4259330724335	2433.4258291191964	2434.4893933824346	2432.5530203724325	2432.5538536224326	2432.852962159733	
2432.852962159733	2.074999999999818	WheelMovementIntervals													0.32187251618776713
2435.6574432324355	2.9820764175888144	trials	-1.0	1.0	1.5		0.125	0.2	2437.0669356024373	2437.06683066907	2438.1394616724383	2436.169725332436	2436.1707918924362	2436.6139621597326	
2436.6139621597326	1.3580000000001746	WheelMovementIntervals													0.3119449520780506
2439.3056117124393	2.8642136763951385	trials	1.0	1.0	1.5	0.25		0.2	2440.6024153524404	2440.602316998652	2441.6697752724417	2439.96974529244	2439.97074519244	2440.3959621597323	
2440.3959621597323	0.86200000000008	WheelMovementIntervals													-1.021377116952067
2441.537962159732	0.3969999999999345	WheelMovementIntervals													0.020142125639466713
2442.837925112443	3.2317100664213285	trials	-1.0	1.0	1.5		0.0	0.2	2444.5081247424446	2444.5080292810608	2445.5695852524454	2443.5557533224437	2443.5566865624437	2443.932962159732	
2443.932962159732	0.7749999999996362	WheelMovementIntervals													0.31256664464604
2445.9839621597316	0.068000000000211	WheelMovementIntervals													-0.020862709987767403
2446.7401348524468	3.049098614632385	trials	-1.0	1.0	1.5		1.0	0.2	2448.228019382448	2448.2279327126207	2449.2891799224494	2447.4225666024477	2447.4236331624475	2447.8089621597314	
2447.8089621597314	0.6750000000001819	WheelMovementIntervals													0.3845485616637916
2449.521962159731	0.9110000000000582	WheelMovementIntervals													-0.2392191023701855
2450.4599295024504	3.5093876133310005	trials	1.0	-1.0	0.0		0.0625	0.2	2451.4095678624512	2451.4087253425205	2453.4692952024534	2450.9360485524508	2450.937215102451	2451.193962159731	
2451.193962159731	1.4239999999999782	WheelMovementIntervals													-0.6977766845278666
2453.834962159731	0.27700000000004366	WheelMovementIntervals													0.07612249171728536
2454.6429111624548	3.359700962807892	trials	-1.0	1.0	1.5		0.25	0.2	2456.4333321024565	2456.433210076887	2457.5025918324577	2455.3894365024553	2455.3905030624555	2455.7759621597306	
2455.7759621597306	0.7109999999997854	WheelMovementIntervals													0.319274514989047
2458.6669087224586	2.4858159018717743	trials	1.0	1.0	1.5	1.0		0.2	2459.5788175224598	2459.5787134549037	2460.6526767924606	2459.2552165524594	2459.2561164624594	2459.4219621597304	
2459.4219621597304	1.013999999999669	WheelMovementIntervals													-1.5181034887124838
2462.152326812462	3.16698888701967	trials	-1.0	1.0	1.5		0.125	0.2	2463.7463340624636	2463.7462197096334	2464.819226762465	2462.705838122463	2462.706704702463	2463.0149621597297	
2463.0149621597297	0.7869999999998072	WheelMovementIntervals													0.3140800243146771
2464.0569621597297	0.3850000000002183	WheelMovementIntervals													0.04078824120387026
2464.8139621597297	0.0749999999998181	WheelMovementIntervals													0.003808072307862176
2465.989609712466	3.1795142860187298	trials	-1.0	1.0	1.5		0.0	0.2	2467.6015151724678	2467.601415940676	2468.669075072469	2466.6387781224666	2466.6396447024667	2466.8879621597293	
2466.8879621597293	1.056999999999789	WheelMovementIntervals													0.32907055565524956
2468.444962159729	0.05900000000019645	WheelMovementIntervals													0.00878305255844225
2469.84042459247	2.9622055588952207	trials	-1.0	1.0	1.5		0.0625	0.2	2471.239418012471	2471.239325800908	2472.302578352472	2470.3219764324704	2470.3229430024703	2470.608962159729	
2470.608962159729	0.6509999999998399	WheelMovementIntervals													0.28357968708900216
2472.349962159729	0.15099999999983993	WheelMovementIntervals													0.03138035870767908
2473.4753277324735	3.1301917325231443	trials	-1.0	1.0	1.5		1.0	0.2	2475.036304952475	2475.036222113859	2476.1054646924763	2474.0883997524743	2474.089166342474	2474.3879621597284	
2474.3879621597284	0.9050000000002001	WheelMovementIntervals													0.3305532485553613
2477.278514042477	3.273907354590392	trials	-1.0	1.0	1.5		0.125	0.2	2478.988809662479	2478.9887163171998	2480.05233663248	2477.8688216724777	2477.870121542478	2478.249962159728	
2478.249962159728	1.0109999999999673	WheelMovementIntervals													0.3370886656737184
2481.225619292481	3.209985070212042	trials	-1.0	1.0	1.5		0.25	0.2	2482.876220882483	2482.876110073451	2483.935548272484	2481.788729642482	2481.789729542482	2482.2299621597276	
2482.2299621597276	0.8260000000000218	WheelMovementIntervals													0.3387833641443194
2485.108797602485	3.143318080280551	trials	-1.0	1.0	1.5		1.0	0.2	2486.6951056224866	2486.6950052124234	2487.7520999124877	2485.771731302486	2485.772664542486	2486.1009621597273	
2486.1009621597273	1.0470000000000255	WheelMovementIntervals													0.3237792908822428
2488.925315912489	2.9932036381601392	trials	-1.0	1.0	1.5		0.0625	0.2	2490.3614056224906	2490.361316218649	2491.4184999024915	2489.4881596224895	2489.4892595124893	2489.7589621597267	
2489.7589621597267	1.3350000000000364	WheelMovementIntervals													0.32556736939787356
2492.5838166924927	3.188187331024892	trials	-1.0	1.0	1.5		0.125	0.2	2494.201821542494	2494.2017087410436	2495.2719811824954	2493.054969572493	2493.056202782493	2493.4949621597266	
2493.4949621597266	2.0609999999996944	WheelMovementIntervals													0.3259589633897235
2496.4395977424965	2.7288989270127786	trials	1.0	1.0	1.5	0.125		0.2	2497.6070143224974	2497.606896000259	2498.668441502499	2496.951879842497	2496.952779752497	2497.139962159726	
2497.139962159726	0.4819999999999709	WheelMovementIntervals													-0.2788181870527069
2499.8230926925	3.21201249181604	trials	-1.0	1.0	1.5		0.0625	0.2	2501.4771939325015	2501.4770975802485	2502.5350214725026	2500.3381745125002	2500.3390744225003	2500.7579621597256	
2500.7579621597256	1.0450000000000728	WheelMovementIntervals													0.27262101335415423
2503.7079041725037	3.3104032795627063	trials	-1.0	1.0	1.5		0.0625	0.2	2505.4492966825055	2505.449204845565	2506.5182564425068	2504.2046211625043	2504.205654392504	2504.719962159725	
2504.719962159725	2.457999999999629	WheelMovementIntervals													0.37536037973157477
2507.692105712508	3.1095938780840697	trials	-1.0	1.0	1.5		0.0625	0.2	2509.2316184125093	2509.2315011967294	2510.3016447325103	2508.205021082508	2508.205954322508	2508.7019621597246	
2508.7019621597246	1.3910000000000764	WheelMovementIntervals													0.29766722794693123
2511.4691946325115	3.3490010603136398	trials	-1.0	1.0	1.5		1.0	0.2	2513.2611154225133	2513.260993594731	2514.3181097125143	2512.137994412512	2512.138860992512	2512.4829621597246	
2512.4829621597246	2.3249999999993634	WheelMovementIntervals													0.33299923134782716
2515.4920923025156	3.595808536286313	trials	-1.0	1.0	1.5		0.125	0.2	2517.5200894825175	2517.5199954247764	2518.5878826925186	2516.021339372516	2516.022139292516	2516.669962159724	
2516.669962159724	1.006999999999607	WheelMovementIntervals													0.3385645192753941
2517.845962159724	0.22599999999965803	WheelMovementIntervals													-0.016631076528256017
2519.7592988725196	3.0116010011843173	trials	-1.0	1.0	1.5		1.0	0.2	2521.209287192521	2521.2091983916516	2522.2708143625223	2520.4015013125204	2520.4024012225204	2520.8039621597236	
2520.8039621597236	1.4949999999998909	WheelMovementIntervals													0.30989325750027774
2523.4377976525234	4.166387210625544	trials	1.0	1.0	1.5	0.0625		0.2	2526.029805092526	2526.0296878300264	2527.1041643125272	2524.0347046225243	2524.035671192524	2524.821962159723	
2524.362962159723	0.2670000000002801	WheelMovementIntervals													0.024069552363641833
2524.821962159723	1.169999999999618	WheelMovementIntervals													-0.2688515096201911
2528.018962159723	0.09999999999990905	WheelMovementIntervals													-0.01691168109954333
2528.2877792725285	4.3967248524049864	trials	-1.0	-1.0	0.0	0.0		0.2	2530.12222914253	2530.1214883863477	2532.1844229025323	2528.801094602529	2528.802261152529	2529.4329621597226	
2529.4329621597226	1.20699999999988	WheelMovementIntervals													0.35289057612786223
2532.617962159722	0.5019999999999527	WheelMovementIntervals													-0.12574297059543937
2533.3681045225335	3.552882497200244	trials	-1.0	1.0	1.5		0.0625	0.2	2535.3515061625353	2535.3513936356853	2536.4209325425363	2533.953979262534	2533.954845842534	2534.688962159722	
2534.688962159722	1.7229999999999563	WheelMovementIntervals													0.32340281736489374
2537.5999812925374	3.317802764933731	trials	-1.0	1.0	1.5		0.25	0.2	2539.3489063825396	2539.348781695731	2540.4176994925406	2538.200987852538	2538.2020877425384	2538.7559621597215	
2538.7559621597215	1.7059999999996762	WheelMovementIntervals													0.32438250741546426
2541.5903822125415	3.2604085969410335	trials	-1.0	1.0	1.5		1.0	0.2	2543.2950783925435	2543.294985138728	2544.350772812544	2542.203654212542	2542.2046874425423	2542.7209621597212	
2542.7209621597212	1.444999999999709	WheelMovementIntervals													0.333653504016695
2545.5224889625456	3.2316092955429667	trials	-1.0	1.0	1.5		1.0	0.2	2547.1839894625473	2547.18389271326	2548.2540157825483	2546.170524152546	2546.1716240425462	2546.5479621597206	
2546.5479621597206	1.9649999999996908	WheelMovementIntervals													0.3237929708729155
2549.4337977925493	3.1168904364672017	trials	-1.0	1.0	1.5		0.25	0.2	2550.989575532551	2550.9894920209886	2552.050636082552	2550.06746775255	2550.06856764255	2550.4579621597204	
2550.4579621597204	1.4469999999996617	WheelMovementIntervals													0.3118443312311001
2553.5874823825534	3.0494990348120155	trials	-1.0	1.0	1.5		1.0	0.2	2555.072300552555	2555.072180452037	2556.136894082556	2554.120162442554	2554.1211623425543	2554.4119621597197	
2554.4119621597197	1.9229999999997744	WheelMovementIntervals													0.3067398781443842
2556.6389621597195	0.08100000000013097	WheelMovementIntervals													-0.016383812864461333
2557.2109621597197	0.7139999999999418	WheelMovementIntervals													-0.514421451733881
2557.3020775525574	4.817817026918419	trials	-1.0	1.0	1.5		0.125	0.2	2560.549786082561	2560.5496870078678	2561.619779072562	2559.96724434256	2559.96804426256	2559.8989621597193	
2558.1099621597195	1.1549999999997453	WheelMovementIntervals													-0.9811094697018063
2559.8989621597193	0.6559999999999491	WheelMovementIntervals													0.29886099917627007
2562.807893582563	3.1592885045643015	trials	-1.0	1.0	1.5		0.125	0.2	2564.4056004625645	2564.405486758173	2565.4670943025653	2563.3002776725634	2563.301344232563	2563.6479621597186	
2563.6479621597186	1.025000000000091	WheelMovementIntervals													0.31226709971741684
2566.3629621597183	0.9650000000001455	WheelMovementIntervals													-0.15640852871823085
2566.6377772225665	4.029198414193161	trials	-1.0	1.0	1.5		0.0625	0.2	2569.101097532569	2569.1009750304306	2570.1668909425703	2568.053402312568	2568.054268892568	2568.354962159718	
2568.354962159718	0.9659999999998945	WheelMovementIntervals													0.3223090633173058
2571.3458730325715	3.190314418138314	trials	-1.0	1.0	1.5		0.25	0.2	2572.971377132573	2572.9712788499	2574.0361706425742	2571.869820632572	2571.870853862572	2572.293962159718	
2572.293962159718	0.7010000000000218	WheelMovementIntervals													0.28865285291155374
2575.207286852575	3.8290873066807762	trials	-1.0	1.0	1.5		0.125	0.2	2577.4737935125777	2577.4736781557745	2578.5362872525784	2575.8335908825757	2575.8344574625758	2576.883962159717	
2576.883962159717	0.7280000000000655	WheelMovementIntervals													0.3299120967837439
2578.8979621597173	0.18499999999994543	WheelMovementIntervals													-0.06529547229916943
2579.7130695625797	3.4536200810639457	trials	-1.0	1.0	1.5		0.0625	0.2	2581.6120796425816	2581.611978954288	2582.6666075125827	2580.23345085258	2580.23438409258	2580.726962159717	
2580.726962159717	1.5099999999997635	WheelMovementIntervals													0.33238870324822756
2583.3749621597167	0.1959999999999127	WheelMovementIntervals													-0.026876051590107863
2583.841789982584	3.011001060851868	trials	-1.0	1.0	1.5		0.125	0.2	2585.286478832585	2585.2863890522317	2586.352738862586	2584.3863355225844	2584.3873020925844	2584.6509621597165	
2584.6509621597165	1.1959999999999127	WheelMovementIntervals													0.3544795034777337
2587.5217886125874	3.428094654188044	trials	1.0	-1.0	0.0		0.125	0.2	2588.3875686925885	2588.386686759261	2590.4498291125906	2588.099930792588	2588.100897362588	2588.239962159716	
2588.239962159716	0.3789999999999054	WheelMovementIntervals													-0.36456505878499
2591.374962159716	0.06899999999995998	WheelMovementIntervals													0.00858513133820793
2591.619178832592	3.250209515329516	trials	-1.0	1.0	1.5		0.25	0.2	2593.3098764125934	2593.3097822215545	2594.3693704525945	2592.3361404625925	2592.3371736925924	2592.7709621597155	
2592.7709621597155	0.9459999999999127	WheelMovementIntervals													0.3075723173792255
2595.5401866925954	3.4929888550341275	trials	-1.0	1.0	1.5		0.0625	0.2	2597.4751598425973	2597.47507885719	2598.5330873725984	2596.232917412596	2596.2337839925963	2596.5219621597153	
2596.5219621597153	1.474999999999909	WheelMovementIntervals													0.31651306009766245
2599.7085698125998	3.2275113953855907	trials	-1.0	1.0	1.5		0.0	0.2	2601.3629710226014	2601.3628741157677	2602.4359970426026	2600.2858787426003	2600.2870452926004	2600.6949621597146	
2600.6949621597146	0.8400000000001455	WheelMovementIntervals													0.3074543377250052
2603.6067799526036	3.7625938578476052	trials	-1.0	1.0	1.5		0.0	0.2	2605.808359772606	2605.808274603528	2606.869253672607	2604.0993973526042	2604.1002972626043	2605.201962159714	
2604.2049621597143	0.7049999999999272	WheelMovementIntervals													-0.05053689031953468
2605.201962159714	1.8649999999997817	WheelMovementIntervals													-0.5183555319529489
2608.047569162608	4.138390069374509	trials	-1.0	-1.0	0.0	0.0		0.8	2609.6285443826096	2609.627764225202	2611.6858719626116	2608.5328872926084	2608.5339205226087	2609.088962159714	
2609.088962159714	1.251999999999498	WheelMovementIntervals													0.38944595771772583
2612.864254112613	2.9019116503827718	trials	1.0	1.0	1.5	0.0625		0.8	2614.2115527026144	2614.2114585927766	2615.2660805726155	2613.4325306126134	2613.4334971826133	2613.3759621597133	
2613.3759621597133	1.6929999999997563	WheelMovementIntervals													-1.7118006531734125
2616.4125659126166	5.506485553606126	trials	-1.0	1.0	1.5		0.25	0.8	2620.3502721026202	2620.3501534370184	2621.4190318826213	2617.152291932617	2617.1534251526173	2620.0409621597128	
2618.0339621597127	0.08500000000003638	WheelMovementIntervals													0.008738303306330408
2620.0409621597128	0.5639999999998508	WheelMovementIntervals													0.4055269439228937
2622.6082462826225	3.0941223057852767	trials	-1.0	1.0	1.5		0.125	0.8	2624.1389598626242	2624.1388558328654	2625.202286852625	2623.0825321826233	2623.083332102623	2623.7059621597123	
2623.7059621597123	0.5069999999996071	WheelMovementIntervals													0.33085967035381714
2624.951962159712	0.16899999999986903	WheelMovementIntervals													0.019521764348951365
2626.372969772626	2.4260957121227875	trials	1.0	1.0	1.5	1.0		0.8	2627.235450182627	2627.235367182025	2628.298977152628	2626.949012162627	2626.949912072627	2627.1019621597115	
2627.1019621597115	1.5360000000000582	WheelMovementIntervals													-1.1793662026661593
2629.4655604826294	3.0499986860886565	trials	-1.0	1.0	1.5		0.125	0.8	2630.947245632631	2630.947158387061	2632.015438802632	2629.96864350263	2629.96954341263	2630.4949621597116	
2630.4949621597116	0.8649999999997817	WheelMovementIntervals													0.3172717023554128
2633.184455222633	4.667401499456446	trials	1.0	1.0	1.5	0.0		0.8	2636.288544782636	2636.2884542247143	2637.351738452637	2633.868453482634	2633.8694867126337	2634.649962159711	
2634.649962159711	0.6059999999997672	WheelMovementIntervals													-0.26906333179323383
2636.207962159711	1.5649999999995998	WheelMovementIntervals													-0.3401944829321053
2638.5344535026384	2.4143969651722728	trials	1.0	1.0	1.5	1.0		0.8	2639.3872682126394	2639.3871513713048	2640.4487620526406	2639.132160392639	2639.133060302639	2639.2699621597103	
2639.2699621597103	1.2199999999998	WheelMovementIntervals													-1.2099424437950859
2641.611045812642	2.4377211953346887	trials	1.0	1.0	1.5	0.0625		0.8	2642.4835585526425	2642.4834523243503	2643.5486853626435	2642.1183284126423	2642.119361642642	2642.33696215971	
2642.33696215971	0.5620000000003529	WheelMovementIntervals													-0.6454686074835649
2644.7125689626446	3.088393996503328	trials	-1.0	1.0	1.5		0.125	0.8	2646.2339501426463	2646.2338645276595	2647.3008434426474	2645.3349400526454	2645.335973282645	2645.62696215971	
2645.62696215971	1.5809999999996762	WheelMovementIntervals													0.5225188620360086
2648.832256952649	2.9663055130581597	trials	-1.0	1.0	1.5		0.25	0.8	2650.2336501326504	2650.2335581398333	2651.298543632651	2649.332040302649	2649.3329068826492	2649.922962159709	
2649.922962159709	1.4420000000000073	WheelMovementIntervals													1.5335926427306958
2652.4677600326527	2.4807923691200813	trials	1.0	1.0	1.5	1.0		0.8	2653.389367862653	2653.3892560837876	2654.4484619426544	2653.1515583126534	2653.1524915526534	2653.269962159709	
2653.269962159709	0.9859999999998763	WheelMovementIntervals													-1.4079611586452074
2655.6017466026556	2.4466941556452184	trials	1.0	1.0	1.5	0.25		0.8	2656.4944573226567	2656.4943433760805	2657.5483852526577	2656.1512916426564	2656.152124892656	2656.3179621597087	
2656.3179621597087	0.58199999999988	WheelMovementIntervals													-0.5129422804528758
2658.7139353526586	2.351101179905072	trials	1.0	1.0	1.5	0.25		0.8	2659.5092558126594	2659.5091350752823	2660.5650168926604	2659.2178849526595	2659.218751532659	2659.3849621597083	
2659.3849621597083	0.9149999999999636	WheelMovementIntervals													-1.449701978278938
2661.7241343026617	2.4439196333291875	trials	1.0	1.0	1.5	0.125		0.8	2662.6048462226627	2662.6047406563985	2663.668006562664	2662.3177082726625	2662.3186748426624	2662.456962159708	
2662.456962159708	0.8959999999997308	WheelMovementIntervals													-2.528168192877075
2664.832856732665	3.90188188400316	trials	1.0	1.0	1.5	0.125		0.8	2667.164356892667	2667.1642441157865	2668.234683182668	2665.331573522665	2665.3326400826654	2665.4909621597076	
2665.4909621597076	0.10399999999981446	WheelMovementIntervals													-0.10671885761203725
2666.1299621597072	1.612999999999829	WheelMovementIntervals													-0.3403723919292929
2669.4136319426693	2.3845241677781814	trials	1.0	1.0	1.5	1.0		0.8	2670.23554974267	2670.2354395826214	2671.298143472671	2670.04810182267	2670.0489017426703	2670.092962159707	
2670.092962159707	0.806999999999789	WheelMovementIntervals													-1.5755830910943303
2672.4631602926725	2.484891384099683	trials	1.0	1.0	1.5	0.125		0.8	2673.3931339526735	2673.393055945772	2674.4479617926745	2673.084331502673	2673.0854980526733	2673.2759621597065	
2673.2759621597065	0.5460000000002765	WheelMovementIntervals													-0.598682763403275
2675.6099455826757	3.338002192415388	trials	1.0	1.0	1.5	0.125		0.8	2677.3874344826772	2677.3873451526574	2678.4478617626783	2676.201286442676	2676.202119692676	2676.1129621597065	
2676.1129621597065	0.3969999999999345	WheelMovementIntervals													-0.16821234268411445
2677.019962159706	0.6979999999998654	WheelMovementIntervals													-0.14190171873590884
2678.634962159706	0.18899999999985084	WheelMovementIntervals													-0.020219435493572746
2679.6192446126797	4.5482124903014665	trials	1.0	1.0	1.5	0.0625		0.8	2682.6054459626826	2682.6053508434898	2683.6673730926836	2680.15042482268	2680.15139139268	2682.169962159706	
2682.169962159706	0.6869999999998981	WheelMovementIntervals													-0.34201623995264185
2684.8430555126847	3.824587217867702	trials	1.0	1.0	1.5	0.25		0.8	2687.0983299626873	2687.09824679631	2688.167623022688	2686.797726692687	2686.798626602687	2686.958962159705	
2685.3089621597055	0.8929999999995744	WheelMovementIntervals													-0.9573004545683546
2686.958962159705	0.9159999999997126	WheelMovementIntervals													-2.1618300977880835
2689.3501380926896	2.4002977788891258	trials	1.0	1.0	1.5	1.0		0.8	2690.1845546426903	2690.18443627793	2691.250348052691	2689.8142916726897	2689.8152582426897	2689.741962159705	
2689.741962159705	0.5879999999997381	WheelMovementIntervals													-0.36182516123321307
2691.247962159705	0.06199999999989814	WheelMovementIntervals													0.01923646310416416
2692.4165314226925	3.317603864915327	trials	-1.0	1.0	1.5		1.0	0.8	2694.171022622694	2694.170931880073	2695.2340496426955	2693.097396662693	2693.098196582693	2693.7999621597046	
2693.7999621597046	1.1229999999995925	WheelMovementIntervals													1.0309124846012026
2696.4057324626965	2.5252130719813977	trials	1.0	1.0	1.5	0.0625		0.8	2697.376835342697	2697.376736720136	2698.4308965926984	2696.997373292697	2696.998473182697	2697.095962159704	
2697.095962159704	0.7860000000000582	WheelMovementIntervals													-0.8110709052318725
2699.5987464626996	3.3017044963935405	trials	1.0	1.0	1.5	0.25		0.8	2701.337539232701	2701.3374472507107	2702.4003662727023	2701.033836272701	2701.034736182701	2701.2059621597036	
2700.0809621597036	0.34999999999990905	WheelMovementIntervals													-0.4533970721413709
2701.2059621597036	0.9839999999999236	WheelMovementIntervals													-0.7300103711160375
2703.5703492627035	2.6770753523214808	trials	1.0	1.0	1.5	0.125		0.8	2704.683837902705	2704.683738180001	2705.747398202706	2704.3141082127045	2704.3150081227045	2704.5299621597032	
2704.5299621597032	0.8969999999999345	WheelMovementIntervals													-0.42558714086720784
2706.912714992707	2.470618218967047	trials	1.0	1.0	1.5	0.0625		0.8	2707.8126249927077	2707.8125205354945	2708.883317912709	2707.4669928927074	2707.4679594627073	2707.664962159703	
2707.664962159703	0.7129999999997381	WheelMovementIntervals													-0.5459266095338933
2709.7719621597025	0.637000000000171	WheelMovementIntervals													-0.6517757632296934
2710.05233433271	3.411394280541117	trials	1.0	1.0	1.5	0.125		0.8	2711.905015712712	2711.904930140572	2712.963709832713	2711.0806314927113	2711.0815647327113	2710.8419621597027	
2710.8419621597027	1.393999999999778	WheelMovementIntervals													-0.3753358611127737
2713.1979621597025	1.1019999999998618	WheelMovementIntervals													0.13071369215271034
2714.1445250727143	4.322201973659503	trials	-1.0	1.0	1.5		0.25	0.8	2716.896216542717	2716.896124419326	2717.966642822718	2714.916614522715	2714.917514432715	2716.032962159702	
2716.032962159702	1.4589999999998327	WheelMovementIntervals													0.333071295696584
2719.155923882719	3.8605130332375666	trials	1.0	1.0	1.5	0.125		0.8	2721.4578270027214	2721.4577298649724	2722.5163878027224	2720.5470847527204	2720.5480846527207	2721.2569621597013	
2719.4899621597015	0.40000000000009095	WheelMovementIntervals													-0.050509485590254144
2721.2569621597013	0.7699999999999818	WheelMovementIntervals													-0.9368108458172344
2722.5989621597014	0.26399999999966894	WheelMovementIntervals													-0.05659793199643559
2723.182962159701	1.4029999999997926	WheelMovementIntervals													-0.3289651402635343
2723.703935702724	5.0457955597071305	trials	1.0	1.0	1.5	0.25		0.8	2727.186620732727	2727.186530567453	2728.2496810827283	2725.079998082725	2725.080997982725	2726.580962159701	
2726.580962159701	1.4409999999998035	WheelMovementIntervals													-0.8010759238329968
2729.4548272227294	4.444691279955805	trials	-1.0	1.0	1.5		1.0	0.8	2732.3427384027323	2732.342619608015	2733.399499382733	2730.846854672731	2730.847921232731	2731.8189621597003	
2729.9449621597005	0.17000000000007276	WheelMovementIntervals													-0.018043212589702762
2731.8189621597003	0.73700000000008	WheelMovementIntervals													0.4055850611500489
2734.589713682735	2.4736178199100323	trials	1.0	1.0	1.5	1.0		0.8	2735.5103216127354	2735.5102191976566	2736.5632496427365	2735.246781302735	2735.2478478627354	2735.4049621596996	
2735.4049621596996	1.318000000000211	WheelMovementIntervals													-3.368662531536046
2737.734332522738	2.5984817322205345	trials	1.0	1.0	1.5	0.25		0.8	2738.770328912739	2738.7702240442823	2739.8327893227397	2738.4329293227383	2738.4337959027384	2738.6269621596994	
2738.6269621596994	1.1759999999999309	WheelMovementIntervals													-0.5752926946636592
2741.001405782741	2.4617139912511448	trials	1.0	1.0	1.5	0.125		0.8	2741.903815532742	2741.903709811418	2742.963076262743	2741.5965462627414	2741.5974128427415	2741.739962159699	
2741.739962159699	1.0369999999998072	WheelMovementIntervals													-0.7566509266145545
2744.5110214527444	3.5551111667696205	trials	1.0	1.0	1.5	0.0625		0.8	2746.5120213327464	2746.5119260492042	2747.5660825827476	2745.999872552746	2746.000672472746	2746.0519621596986	
2744.871962159699	0.5579999999999927	WheelMovementIntervals													-0.5978152945131114
2746.0519621596986	0.7559999999998581	WheelMovementIntervals													-0.5133631987862657
2748.746631182749	2.4496925922676382	trials	1.0	1.0	1.5	0.0625		0.8	2749.6396085427496	2749.639527753693	2750.6962362027507	2749.263046202749	2749.263946112749	2749.4989621596983	
2749.4989621596983	1.7239999999997053	WheelMovementIntervals													-2.650422585137477
2751.866119202752	2.449492593035302	trials	1.0	1.0	1.5	1.0		0.8	4067.905835404068	2752.76041576832	4068.069985654068	2752.4823242427524	2752.4832241527524	2752.615962159698	
2752.615962159698	1.2019999999997708	WheelMovementIntervals													-1.491259817544858
2754.092962159698	0.24399999999968713	WheelMovementIntervals													0.03768237653281403
2754.7969621596976	0.32500000000027285	WheelMovementIntervals													0.10580361387593484
2755.5339621596977	0.13599999999996726	WheelMovementIntervals													0.01877343895691297
2756.4239621596976	0.1410000000000764	WheelMovementIntervals													0.016658648310936996
2759.322962159697	0.23600000000033106	WheelMovementIntervals													0.058843430062040625
2759.998962159697	0.21900000000005093	WheelMovementIntervals													0.009801729060143316
2765.9019621596963	0.13100000000031287	WheelMovementIntervals													0.031193288411230924
2769.800962159696	0.7359999999998763	WheelMovementIntervals													0.06097694382521013
2791.6719621596935	0.21000000000003638	WheelMovementIntervals													0.04218578228187653
2797.064962159693	0.7239999999997053	WheelMovementIntervals													-0.6816604735711849
2805.2729621596923	0.10999999999967258	WheelMovementIntervals													-0.017977461427193475
2808.121962159692	0.2539999999999054	WheelMovementIntervals													0.03813739791215198
2810.9489621596913	0.15300000000024738	WheelMovementIntervals													-0.011721085170250944
2813.824962159691	0.47000000000025466	WheelMovementIntervals													0.037283348426910834
2817.212962159691	0.06999999999970896	WheelMovementIntervals													0.01494272627604687
2832.734962159689	0.6579999999999018	WheelMovementIntervals													-0.10324583783989283
2833.740962159689	0.875999999999749	WheelMovementIntervals													-0.245584518162417
2835.0009621596887	0.10500000000001819	WheelMovementIntervals													-0.02576202263045957
2847.2199621596874	1.4160000000001673	WheelMovementIntervals													0.598673084727892
2872.8699621596847	0.17399999999997817	WheelMovementIntervals													-0.02184256613895741
2874.6239621596847	0.06099999999969441	WheelMovementIntervals													-0.011445253890059348
2875.5439621596843	0.22800000000006548	WheelMovementIntervals													-0.03619353495682276
2882.5199621596835	0.26900000000023283	WheelMovementIntervals													-0.0318428923104932
2892.3109621596827	0.22599999999965803	WheelMovementIntervals													-0.09055292786618452
2910.0859621596805	0.06399999999985084	WheelMovementIntervals													0.009745206195844958
2911.5379621596803	0.4760000000001128	WheelMovementIntervals													-0.01947303652261212
2913.5019621596803	0.12599999999974898	WheelMovementIntervals													-0.01000101628989114
2914.14996215968	0.0860000000002401	WheelMovementIntervals													-0.017751392386287534
2914.69696215968	0.3830000000002656	WheelMovementIntervals													-0.07740044258372336
2915.84796215968	0.22299999999995634	WheelMovementIntervals													0.021168396887873087
2916.50196215968	0.5219999999999345	WheelMovementIntervals													-0.24770042821245397
2917.8339621596797	0.887000000000171	WheelMovementIntervals													-0.08187771304829994
2919.3089621596796	0.29399999999986903	WheelMovementIntervals													0.05110708259607577
2920.6459621596796	0.08500000000003638	WheelMovementIntervals													0.011032714980075298
2921.7029621596794	0.4090000000001055	WheelMovementIntervals													0.02642353608752046
2924.386962159679	1.1449999999999818	WheelMovementIntervals													-0.40030841797872085
2926.081962159679	0.9169999999999163	WheelMovementIntervals													0.24667519054804643
2928.2199621596787	2.17699999999968	WheelMovementIntervals													-2.2990342539149538
2936.7329621596778	1.0769999999997708	WheelMovementIntervals													-1.3950557060343272
2938.1459621596773	1.336999999999989	WheelMovementIntervals													-1.1913734832708656
2952.632962159676	0.8569999999999709	WheelMovementIntervals													-0.1969903905356034
2953.839962159676	0.12099999999963984	WheelMovementIntervals													-0.021930765142286646
2960.807962159675	1.0459999999998217	WheelMovementIntervals													-0.16962954506880124
2962.5369621596747	1.481000000000222	WheelMovementIntervals													-0.2166755385017325
2964.5439621596747	0.43899999999985084	WheelMovementIntervals													-0.14418733384846405
2965.3569621596744	0.2660000000000764	WheelMovementIntervals													-0.1398032171228749
2965.9679621596742	0.0860000000002401	WheelMovementIntervals													-0.017748581567445854
2967.5419621596743	0.23700000000008004	WheelMovementIntervals													-0.0460166993282769
2968.348962159674	0.20000000000027285	WheelMovementIntervals													-0.024818566241549433
2970.002962159674	0.1479999999996835	WheelMovementIntervals													0.025989911350961847
2970.645962159674	0.18999999999959982	WheelMovementIntervals													0.03763060087362646
2971.432962159674	0.1430000000000291	WheelMovementIntervals													0.04291205388838648
2980.2459621596727	0.4570000000003347	WheelMovementIntervals													-0.1898071664828933
2981.3079621596726	0.5019999999999527	WheelMovementIntervals													-0.16072077120566064
2983.0039621596725	0.15799999999990177	WheelMovementIntervals													0.019965158598523658
2985.0439621596724	0.3829999999998108	WheelMovementIntervals													-0.07574866063652053
2986.675962159672	0.07999999999992724	WheelMovementIntervals													0.030864221648243984
2988.280962159672	0.056999999999789	WheelMovementIntervals													0.018291252063079355
3004.1069621596703	0.7999999999997272	WheelMovementIntervals													0.1397279236395832
3007.3809621596697	0.21800000000030195	WheelMovementIntervals													-0.1483966852455012
3010.2959621596697	0.11999999999989086	WheelMovementIntervals													-0.02235398251900733
3011.5999621596693	0.09300000000030195	WheelMovementIntervals													-0.0073062668625993865
3022.055962159668	0.40200000000004366	WheelMovementIntervals													-0.05073553908570716
3038.9439621596666	0.12499999999954525	WheelMovementIntervals													-0.04761933473500335
3043.750962159666	0.19099999999980355	WheelMovementIntervals													0.02813183092675331
3056.6979621596643	0.762000000000171	WheelMovementIntervals													-0.21544585790769588
3067.687962159663	0.3510000000001128	WheelMovementIntervals													-0.1400593357996911
3069.295962159663	0.1790000000000873	WheelMovementIntervals													0.012720140871380181
3074.2389621596626	0.43100000000004	WheelMovementIntervals													-0.15850948387048902
3076.8379621596623	0.14899999999988722	WheelMovementIntervals													0.010288069018571377
3078.010962159662	0.5109999999999673	WheelMovementIntervals													-0.17174197722934537
3081.3229621596615	0.32300000000032014	WheelMovementIntervals													0.03444162080211299
3092.8899621596606	0.31999999999970896	WheelMovementIntervals													0.02714129427246803
3093.5599621596602	0.3789999999999054	WheelMovementIntervals													-0.08447905082238094
3098.07696215966	0.36999999999989086	WheelMovementIntervals													-0.05128476234597201
3103.462962159659	0.6620000000002619	WheelMovementIntervals													0.16418174799585472
3120.774962159657	0.8260000000000218	WheelMovementIntervals													-0.15530840204161223
3142.761962159655	0.44000000000005457	WheelMovementIntervals													0.11972005784039652
3143.984962159655	0.5529999999998836	WheelMovementIntervals													0.027831648983408286
3144.803962159655	0.14199999999982538	WheelMovementIntervals													-0.032854059210052355
3162.2769621596526	0.12900000000036016	WheelMovementIntervals													-0.041730657087640566
3168.3019621596522	0.8339999999998327	WheelMovementIntervals													-0.40262972127902685
3180.103962159651	0.23999999999978172	WheelMovementIntervals													-0.06985274355866977
3181.7739621596506	0.73700000000008	WheelMovementIntervals													0.14012369605219988
3183.9569621596506	0.7309999999997672	WheelMovementIntervals													0.09118933455408751
3197.763962159649	0.18699999999989814	WheelMovementIntervals													-0.09924435723016245
3203.0759621596485	0.056999999999789	WheelMovementIntervals													0.007523739817372643
3208.561962159648	0.17299999999977445	WheelMovementIntervals													-0.05900815246437219
3224.323962159646	0.27400000000034197	WheelMovementIntervals													0.05884740771870156
3226.7719621596457	4.298999999999523	WheelMovementIntervals													-1.927263422111281
3231.630962159645	0.057999999999992724	WheelMovementIntervals													-0.004982174940124651
3235.9669621596445	2.393000000000029	WheelMovementIntervals													-0.3121652194690796
3246.6779621596434	0.5590000000001965	WheelMovementIntervals													0.18415493516428683
3251.814962159643	0.21199999999998909	WheelMovementIntervals													0.09832018028680523
3253.8369621596426	0.21700000000009823	WheelMovementIntervals													0.052777003287815205
3255.152962159643	0.31199999999989814	WheelMovementIntervals													-0.0993628547612957
3269.858962159641	0.07199999999966167	WheelMovementIntervals													-0.011189326377774478
3278.75896215964	0.2539999999999054	WheelMovementIntervals													-0.017292323731425085
3292.9099621596383	0.3220000000001164	WheelMovementIntervals													-0.05642987542998412
3294.5779621596384	0.11099999999987631	WheelMovementIntervals													-0.008299302940855569
3298.552962159638	0.09400000000005093	WheelMovementIntervals													-0.025992460338187584
3308.181962159637	0.24599999999963984	WheelMovementIntervals													-0.06946078618619822
3312.7709621596364	0.1959999999999127	WheelMovementIntervals													-0.043688121542743374
3314.415962159636	0.5670000000000073	WheelMovementIntervals													-0.5074620211489673
3317.0549621596356	0.7820000000001528	WheelMovementIntervals													-0.03997960821146762
3318.091962159636	0.21499999999969077	WheelMovementIntervals													-0.059860512594497095
3318.8029621596356	0.18299999999999272	WheelMovementIntervals													-0.018511614348142302
3320.4529621596353	0.47000000000025466	WheelMovementIntervals													-0.10112851087336594
3322.0139621596354	0.5049999999996544	WheelMovementIntervals													-0.04780998652654489
3324.136962159635	1.0629999999996471	WheelMovementIntervals													-0.20368867545312241
3326.1219621596347	0.4490000000000691	WheelMovementIntervals													-0.06237014809238417
3327.4179621596345	0.51299999999992	WheelMovementIntervals													-0.06540837644325848
3328.5129621596343	0.5840000000002874	WheelMovementIntervals													-0.12184594277604788
3329.6889621596342	1.849999999999909	WheelMovementIntervals													-0.4243414947693793
3334.042962159634	0.10999999999967258	WheelMovementIntervals													0.010342418371749318
3335.5079621596337	0.1959999999999127	WheelMovementIntervals													-0.04237130274947276
3337.7259621596336	0.7199999999997999	WheelMovementIntervals													-0.07678750965484937
3339.0669621596335	0.7409999999999854	WheelMovementIntervals													-0.565109419966916
3340.1089621596334	0.5309999999999491	WheelMovementIntervals													-0.1890551148541988
3345.3179621596328	0.44000000000005457	WheelMovementIntervals													-0.11064153718902503
3347.2749621596327	0.24999999999954525	WheelMovementIntervals													-0.03057544590848238
3347.8209621596325	0.6039999999998145	WheelMovementIntervals													-0.05224869771902263
3348.809962159632	0.2300000000000182	WheelMovementIntervals													-0.044492149530526603
3349.475962159632	0.11499999999978172	WheelMovementIntervals													-0.010658577927728174
3350.977962159632	0.10599999999976717	WheelMovementIntervals													0.018018021931197836
3351.967962159632	0.11299999999982901	WheelMovementIntervals													-0.025729742719619253
3358.882962159631	0.2840000000001055	WheelMovementIntervals													-0.024218941663662008
3361.400962159631	0.2669999999998254	WheelMovementIntervals													-0.025774915447954072
3362.0059621596306	1.875	WheelMovementIntervals													0.16023743611140162
3364.4179621596304	0.625	WheelMovementIntervals													0.14243936819315195
3367.4849621596304	0.30999999999994543	WheelMovementIntervals													0.018821662999670252
3368.45396215963	0.11200000000008004	WheelMovementIntervals													0.010539170313137447
3368.8079621596303	0.7679999999995744	WheelMovementIntervals													-0.14408398800054556
3370.17696215963	0.6799999999998363	WheelMovementIntervals													-0.11247011385728456
3371.6979621596297	0.5709999999999127	WheelMovementIntervals													-0.08358515624999541
3380.6499621596286	0.12800000000015643	WheelMovementIntervals													0.03341249067156582
3387.295962159628	0.47400000000016007	WheelMovementIntervals													0.1554412237245515
3388.416962159628	0.8029999999998836	WheelMovementIntervals													-0.09591887604219096
3390.1169621596277	0.12100000000009459	WheelMovementIntervals													0.015971079024382107
3391.170962159628	0.6309999999998581	WheelMovementIntervals													0.07804949134128947
3399.993962159627	0.2179999999998472	WheelMovementIntervals													-0.030761474035102765
3400.7309621596264	0.27899999999999636	WheelMovementIntervals													0.17766460693178487
3401.4229621596264	0.556999999999789	WheelMovementIntervals													-0.15588724701552792
3415.855962159625	0.6179999999999382	WheelMovementIntervals													-0.0353088486639308
3418.9639621596248	0.12199999999984357	WheelMovementIntervals													0.048826511276928386
3419.6569621596245	0.5940000000000509	WheelMovementIntervals													-0.16179821063343525
3422.0089621596244	0.1639999999997599	WheelMovementIntervals													0.03314949927022326
3422.990962159624	3.688999999999851	WheelMovementIntervals													-2.5152263211219292
3427.7799621596237	1.1609999999996035	WheelMovementIntervals													-0.24150914334262552
3431.624962159623	0.36599999999998545	WheelMovementIntervals													-0.029589495646206387
3433.370962159623	1.2839999999996508	WheelMovementIntervals													-0.2500700118606005
3435.8599621596227	0.5419999999999163	WheelMovementIntervals													0.18817919193074317
3436.8749621596226	0.7789999999999964	WheelMovementIntervals													0.5827317644853167
3440.4739621596223	0.20800000000008367	WheelMovementIntervals													-0.029567745711375437
3441.576962159622	0.9880000000002838	WheelMovementIntervals													-0.16335850132674068
3448.3529621596213	0.9329999999999927	WheelMovementIntervals													-0.7425033419106626
3450.866962159621	0.3389999999999418	WheelMovementIntervals													0.05768814044881765
3451.702962159621	0.06399999999985084	WheelMovementIntervals													-0.015670885105407706
3452.114962159621	0.7649999999998727	WheelMovementIntervals													0.17866597001054174
3453.303962159621	1.2779999999997926	WheelMovementIntervals													-0.7941878100569681
3454.805962159621	0.08500000000003638	WheelMovementIntervals													-0.0060681597527434405
3456.0959621596203	0.08300000000008367	WheelMovementIntervals													0.013112386389792619
3456.9009621596206	1.6359999999995125	WheelMovementIntervals													0.17224224334648852
3459.17796215962	0.3769999999999527	WheelMovementIntervals													-0.04832842778122881
3461.2339621596198	0.13700000000017099	WheelMovementIntervals													0.04066482105167779
3462.6849621596198	0.7080000000000837	WheelMovementIntervals													-0.20890871953528745
3464.12696215962	0.38699999999971624	WheelMovementIntervals													0.032011185826519295
3465.1359621596193	0.9130000000000109	WheelMovementIntervals													-0.37017234902174323
3466.4459621596193	0.12100000000009459	WheelMovementIntervals													-0.026174435577786426
3467.1489621596193	1.543999999999869	WheelMovementIntervals													-1.2629081199423524
3469.120962159619	0.34900000000016007	WheelMovementIntervals													-0.03387779195159624
3469.661962159619	0.5789999999997235	WheelMovementIntervals													0.03381069270440662
3471.3669621596187	1.4369999999998981	WheelMovementIntervals													-1.7655595769516879
3473.2279621596185	0.9629999999997381	WheelMovementIntervals													-0.1889200983936803
3475.1409621596185	0.4679999999998472	WheelMovementIntervals													-0.1377028927191759
3476.8429621596183	0.2300000000000182	WheelMovementIntervals													-0.048102566710497285
3477.367962159618	0.07200000000011642	WheelMovementIntervals													0.010374767052212519
3478.533962159618	0.17299999999977445	WheelMovementIntervals													-0.03484594302514665
3479.6839621596177	0.44000000000005457	WheelMovementIntervals													0.03774655186688847
3481.5389621596178	0.2300000000000182	WheelMovementIntervals													-0.05028490349937442
3483.6269621596175	0.4479999999998654	WheelMovementIntervals													0.0266241604525419
3484.6269621596175	0.39299999999957436	WheelMovementIntervals													-0.07400455817597162
3485.2219621596173	0.44000000000005457	WheelMovementIntervals													-0.0401332599173827
3487.924962159617	0.29300000000012005	WheelMovementIntervals													0.02328621417413501
3489.7719621596166	0.09200000000009823	WheelMovementIntervals													0.010964428684786753
3491.2679621596167	0.48099999999976717	WheelMovementIntervals													-0.1628019646232417
3493.9689621596162	0.3919999999998254	WheelMovementIntervals													0.06614770365015943
3495.327962159616	0.5960000000000036	WheelMovementIntervals													-0.0899585860871639
3500.9889621596153	0.09600000000000364	WheelMovementIntervals													0.014996537466316795
3502.5519621596154	1.7549999999996544	WheelMovementIntervals													0.5064560517436121
3506.4659621596147	0.8890000000001237	WheelMovementIntervals													-0.25008762590857714
3508.4099621596147	0.23099999999976717	WheelMovementIntervals													0.025150808479708076
3511.8009621596143	0.819999999999709	WheelMovementIntervals													0.28209767200459623
3513.807962159614	0.4570000000003347	WheelMovementIntervals													-0.01955690866040527
3514.767962159614	0.32900000000017826	WheelMovementIntervals													-0.12429734171729478
3516.2779621596137	0.2829999999999018	WheelMovementIntervals													-0.054283219861673615
3517.4409621596137	0.4699999999997999	WheelMovementIntervals													-0.018168611772210852
3519.2559621596133	0.8340000000002874	WheelMovementIntervals													0.07824440297716251
3521.573962159613	0.06700000000000728	WheelMovementIntervals													-0.017245869513061507
3523.976962159613	0.1269999999999527	WheelMovementIntervals													-0.014289869539169331
3525.083962159613	0.1790000000000873	WheelMovementIntervals													-0.018887475502339157
3526.340962159613	0.15499999999974534	WheelMovementIntervals													-0.017152100447333396
3526.9549621596125	0.14000000000032742	WheelMovementIntervals													-0.01206535785385654
3527.4949621596124	0.2650000000003274	WheelMovementIntervals													-0.05085868567027774
3530.4259621596125	0.2359999999998763	WheelMovementIntervals													-0.04146791773266045
3531.467962159612	0.20400000000017826	WheelMovementIntervals													-0.034474960699412804
3532.180962159612	0.2339999999999236	WheelMovementIntervals													-0.030424542053395953
3533.665962159612	0.052000000000134605	WheelMovementIntervals													-0.0067982225056937295
3533.987962159612	0.11299999999982901	WheelMovementIntervals													0.005461801357228069
3540.726962159611	0.2660000000000764	WheelMovementIntervals													-0.035769633092826325
3542.119962159611	0.11200000000008004	WheelMovementIntervals													-0.011817944775998512
3543.390962159611	0.10800000000017462	WheelMovementIntervals													0.03762745479428986
3544.2629621596107	1.2089999999998327	WheelMovementIntervals													-0.09005525581164875
3547.3189621596102	0.3920000000002801	WheelMovementIntervals													-0.03918072439705611
3547.92796215961	0.14000000000032742	WheelMovementIntervals													0.013952837432924525
3549.15796215961	1.5960000000000036	WheelMovementIntervals													0.15354192369181874
3551.78896215961	0.40299999999979264	WheelMovementIntervals													0.0404600962523034
3553.0889621596098	0.2699999999999818	WheelMovementIntervals													-0.05945512189734359
3553.53396215961	1.0149999999998727	WheelMovementIntervals													0.29912456731364045
3555.0719621596095	1.0729999999998654	WheelMovementIntervals													-0.48182759484885196
3568.5769621596082	0.13099999999985812	WheelMovementIntervals													-0.01290249966066881
3569.086962159608	0.06899999999995998	WheelMovementIntervals													0.006913564103030012
3570.271962159608	0.5850000000000364	WheelMovementIntervals													-0.029920205982676862
3578.120962159607	0.32799999999997453	WheelMovementIntervals													-0.017520112419560974
3581.5829621596067	0.6549999999997453	WheelMovementIntervals													-1.136882951161624
3582.6889621596065	4.502999999999702	WheelMovementIntervals													-2.600823770394072
3587.579962159606	0.06599999999980355	WheelMovementIntervals													-0.004417950036639695
3587.9709621596057	0.318000000000211	WheelMovementIntervals													-0.04063612065991151
3588.881962159606	0.3939999999997781	WheelMovementIntervals													-0.061600668277549175
3589.977962159606	0.3939999999997781	WheelMovementIntervals													-0.05870001922662027
3591.7909621596054	0.2460000000000946	WheelMovementIntervals													-0.03617861491915164
3592.9999621596053	1.9980000000000473	WheelMovementIntervals													0.2942274540719154
3600.5419621596047	1.4989999999997963	WheelMovementIntervals													0.1589770653960727
3603.8679621596043	1.8179999999997563	WheelMovementIntervals													-0.8716918360115926
3606.638962159604	0.9159999999997126	WheelMovementIntervals													-0.1542864103763577
3614.9919621596027	0.12700000000040745	WheelMovementIntervals													-0.011341679483393818
3615.840962159603	0.15299999999979264	WheelMovementIntervals													-0.032308949436583134
3616.8819621596026	0.16600000000016735	WheelMovementIntervals													-0.05372372393247815
3619.0629621596026	0.09600000000000364	WheelMovementIntervals													-0.014606741299218129
3620.8699621596024	0.2199999999997999	WheelMovementIntervals													-0.06051664543582547
3626.1119621596017	0.42299999999977445	WheelMovementIntervals													-0.050554720980585444
3627.8109621596013	0.5330000000003565	WheelMovementIntervals													-0.0409390565441754
3630.4629621596014	0.28399999999965075	WheelMovementIntervals													-0.07180396141114898
3631.1369621596014	1.8569999999995161	WheelMovementIntervals													-0.4239670945961791
3633.986962159601	1.3689999999996871	WheelMovementIntervals													-0.2616323640707492
3636.4939621596004	0.23300000000017462	WheelMovementIntervals													-0.11120964835382097
3636.9599621596008	0.12199999999984357	WheelMovementIntervals													-0.01872072899163868
3637.8559621596005	0.21199999999998909	WheelMovementIntervals													-0.09550609744221106
3656.1149621595982	0.05400000000008731	WheelMovementIntervals													-0.0055416883883481205
3656.5779621595984	0.6189999999996871	WheelMovementIntervals													-0.10839388226975188
3658.6039621595983	0.2519999999999527	WheelMovementIntervals													-0.061323681538851815
3664.2969621595976	0.42000000000007276	WheelMovementIntervals													-0.10034544897624187
3666.9519621595973	1.345999999999549	WheelMovementIntervals													0.2952114621498083
3675.5029621595963	0.21700000000009823	WheelMovementIntervals													0.01951013631222054
3676.835962159596	0.7000000000002728	WheelMovementIntervals													0.14939435653829491
3680.3789621595956	0.25700000000006185	WheelMovementIntervals													-0.02349860951508731
3681.5209621595955	0.2680000000000291	WheelMovementIntervals													-0.033266691731114406
3682.9689621595953	0.17200000000002547	WheelMovementIntervals													-0.01572230711207112
3685.550962159595	0.06100000000014916	WheelMovementIntervals													-0.015165995354720962
3694.901962159594	0.06400000000030559	WheelMovementIntervals													0.0037153680711412562
3696.1109621595942	0.3329999999996289	WheelMovementIntervals													-0.03289958176566188
3697.316962159594	0.06199999999989814	WheelMovementIntervals													0.014381041858655408
3698.2669621595937	0.2139999999999418	WheelMovementIntervals													-0.07002525909538804
3698.8529621595935	0.46600000000034925	WheelMovementIntervals													0.20583113698344846
3699.8689621595936	0.5149999999998727	WheelMovementIntervals													-0.11158128018925595
3728.0499621595905	0.17200000000002547	WheelMovementIntervals													0.01429338100831501
3728.6279621595904	0.5900000000001455	WheelMovementIntervals													-0.16582158871605657
3732.12796215959	0.11700000000018917	WheelMovementIntervals													0.03457996099996308
3751.5969621595877	0.4290000000000873	WheelMovementIntervals													0.08584336959344796
3753.106962159588	2.2239999999997053	WheelMovementIntervals													-0.7735314737239207
3762.739962159587	0.46299999999973807	WheelMovementIntervals													0.26547791621595707
3763.6709621595865	0.14600000000018554	WheelMovementIntervals													-0.015716116802650504
3766.5809621595863	0.5489999999999782	WheelMovementIntervals													0.07747345508104786
3769.877962159586	1.0299999999997453	WheelMovementIntervals													-0.18477329233783735
3771.8749621595857	0.09900000000016007	WheelMovementIntervals													-0.012105960830353979
3775.329962159585	0.5790000000001783	WheelMovementIntervals													0.17279921659797992
3776.840962159585	0.40099999999983993	WheelMovementIntervals													-0.07050933291793626
3777.555962159585	0.3690000000001419	WheelMovementIntervals													-0.13882109430082323
3779.725962159585	0.21699999999964348	WheelMovementIntervals													-0.016314849244167817
3781.4069621595845	0.25900000000001455	WheelMovementIntervals													-0.10397468860529102
3782.0969621595846	0.6929999999997563	WheelMovementIntervals													-0.5431224842896825
3787.149962159584	0.19099999999980355	WheelMovementIntervals													0.02235036779774191
3788.8139621595838	1.9089999999996508	WheelMovementIntervals													-0.36441578454801515
3794.730962159583	0.052000000000134605	WheelMovementIntervals													-0.010190035880413006
3796.446962159583	0.6599999999998545	WheelMovementIntervals													0.11628080291694687
3803.0239621595824	0.27799999999979264	WheelMovementIntervals													0.0477021814060663
3805.681962159582	0.7449999999998909	WheelMovementIntervals													-0.16357151387171598
3807.422962159582	0.06099999999969441	WheelMovementIntervals													-0.017754266647898476
3810.970962159581	0.13000000000010914	WheelMovementIntervals													0.056368409371174266
3812.0139621595813	0.31500000000005457	WheelMovementIntervals													-0.05638399462554844
3812.987962159581	0.5540000000000873	WheelMovementIntervals													-0.08413227073043572
3815.205962159581	0.3350000000000364	WheelMovementIntervals													-0.013451129155384933
3819.5819621595806	0.16499999999996362	WheelMovementIntervals													-0.02663352093367166
3820.80996215958	0.8400000000001455	WheelMovementIntervals													-0.05690464296759501
3822.17996215958	0.362999999999829	WheelMovementIntervals													-0.10251549231313106
3822.83296215958	1.9510000000000218	WheelMovementIntervals													-0.42501932076140747
3828.0439621595797	0.13899999999966894	WheelMovementIntervals													0.037001943866954434
3828.4599621595794	0.7719999999999345	WheelMovementIntervals													0.12441420605372855
3830.601962159579	0.9400000000000546	WheelMovementIntervals													-0.07587329022010181
3832.505962159579	0.07899999999972351	WheelMovementIntervals													-0.02693933133858195
3840.4189621595783	0.6669999999999163	WheelMovementIntervals													-0.32159704695061464
3842.609962159578	0.3279999999995198	WheelMovementIntervals													0.04489384251616002
3844.6059621595778	0.919999999999618	WheelMovementIntervals													0.1484474370769533
3846.0079621595773	1.2460000000000946	WheelMovementIntervals													0.13184925317520424
3847.8969621595775	0.3429999999998472	WheelMovementIntervals													-0.0736001992742672
3851.102962159577	0.8109999999996944	WheelMovementIntervals													-0.0749558579709344
3852.7459621595767	0.1610000000000582	WheelMovementIntervals													-0.046627183931803984
3853.8169621595766	0.20200000000022555	WheelMovementIntervals													-0.04889246081182819
3857.2349621595763	1.1109999999998763	WheelMovementIntervals													0.23791054450427396
3863.2499621595757	0.7769999999995889	WheelMovementIntervals													-0.4949129379224644
3865.4979621595753	0.4760000000001128	WheelMovementIntervals													0.14470529675935495
3866.3369621595753	0.13999999999987267	WheelMovementIntervals													-0.03262854249328484
3870.194962159575	0.2849999999998545	WheelMovementIntervals													-0.11616466004153381
3877.274962159574	0.15599999999994907	WheelMovementIntervals													-0.01483546098052102
3879.7179621595737	0.22899999999981446	WheelMovementIntervals													-0.033207059939371675
3882.2299621595735	0.7289999999998145	WheelMovementIntervals													0.04165796423401957
3884.143962159573	0.21500000000014552	WheelMovementIntervals													-0.06959434998074698
3889.726962159573	0.07400000000006912	WheelMovementIntervals													0.007529733139847394
3891.6299621595726	2.230999999999767	WheelMovementIntervals													-0.416906721333703
3894.7089621595724	0.0729999999998654	WheelMovementIntervals													-0.01615620165080145
3895.898962159572	0.09999999999990905	WheelMovementIntervals													-0.009911468973399451
3896.165962159572	0.6100000000001273	WheelMovementIntervals													-0.31107437127229787
3900.2219621595714	0.14400000000023283	WheelMovementIntervals													0.03092840191970936
3901.4879621595715	0.2719999999999345	WheelMovementIntervals													-0.06997408898553203
3903.510962159571	0.7489999999997963	WheelMovementIntervals													-0.1965591904414623
3905.506962159571	0.125	WheelMovementIntervals													0.03456493175912101
3910.4479621595706	0.2159999999998945	WheelMovementIntervals													0.0594052590471108
3912.6049621595703	0.3589999999999236	WheelMovementIntervals													-0.04084245751192839
3913.4109621595703	0.3419999999996435	WheelMovementIntervals													-0.056958724427801144
3916.0659621595696	0.1910000000002583	WheelMovementIntervals													0.022570222390527306
3916.7429621595697	0.11400000000003274	WheelMovementIntervals													-0.04908326031502952
3918.1489621595697	0.09799999999995634	WheelMovementIntervals													0.021233691729634074
3927.3229621595688	0.24999999999954525	WheelMovementIntervals													0.04144315529700293
3944.2789621595666	0.21500000000014552	WheelMovementIntervals													0.02176617381164192
3944.9199621595667	2.325999999999567	WheelMovementIntervals													-2.950935987135381
3947.4719621595664	0.8089999999997417	WheelMovementIntervals													-0.14597906419504625
3948.802962159566	0.22800000000006548	WheelMovementIntervals													-0.06958807616098284
3958.154962159565	0.12800000000015643	WheelMovementIntervals													-0.005456317060236415
3962.3339621595646	0.2580000000002656	WheelMovementIntervals													0.12194711216159249
3962.863962159565	0.2159999999998945	WheelMovementIntervals													-0.07535144328414844
3966.9349621595643	0.06599999999980355	WheelMovementIntervals													-0.009474397485746522
3970.070962159564	0.21900000000005093	WheelMovementIntervals													-0.09772641940787707
3971.637962159564	0.31399999999985084	WheelMovementIntervals													-0.015941874025031666
3974.1769621595636	0.19099999999980355	WheelMovementIntervals													0.028847485004121154
3976.5729621595633	0.1319999999996071	WheelMovementIntervals													0.015241611819135414
3977.876962159563	0.1390000000001237	WheelMovementIntervals													0.009137416907719853
3978.803962159563	0.09899999999970532	WheelMovementIntervals													-0.03384000558583011
3980.117962159563	0.38899999999966894	WheelMovementIntervals													0.020700803439012816
3985.057962159562	0.18699999999989814	WheelMovementIntervals													-0.040221481016317284
3989.2479621595617	1.6309999999998581	WheelMovementIntervals													-0.3492862041508147
3991.2839621595617	1.8049999999993815	WheelMovementIntervals													1.0898673380758623
3993.8069621595614	0.6769999999996799	WheelMovementIntervals													-0.057119379526398006
3994.827962159561	0.14399999999977808	WheelMovementIntervals													-0.0332905477258123
3995.550962159561	0.20800000000008367	WheelMovementIntervals													-0.029587414633624576
3996.071962159561	1.050000000000182	WheelMovementIntervals													0.266064846223685
3998.9949621595606	0.8460000000000036	WheelMovementIntervals													0.788489549916676
4003.0759621595603	0.08699999999998909	WheelMovementIntervals													-0.008721866812322787
4004.21996215956	0.32600000000002183	WheelMovementIntervals													-0.05506468667795161
4005.87996215956	0.23099999999976717	WheelMovementIntervals													-0.0569960835114216
4007.67396215956	1.0059999999998581	WheelMovementIntervals													-0.3015122509009416
4015.455962159559	2.751999999999498	WheelMovementIntervals													-0.32713651758217566
4024.653962159558	1.0809999999996762	WheelMovementIntervals													0.3298232699623327
4026.264962159558	0.8479999999995016	WheelMovementIntervals													0.07135644207772884
4029.5549621595574	0.16499999999996362	WheelMovementIntervals													-0.043784625128637344
4031.342962159557	0.2980000000002292	WheelMovementIntervals													-0.050211742196268006
4031.988962159557	0.27500000000009095	WheelMovementIntervals													-0.02592848286735716
4033.934962159557	0.15899999999965075	WheelMovementIntervals													-0.01840463342955445
4034.333962159557	1.3519999999998618	WheelMovementIntervals													0.12810794895352728
4036.9379621595563	0.3170000000000073	WheelMovementIntervals													-0.021782249908767426
4037.4309621595567	1.2669999999998254	WheelMovementIntervals													-0.2601253075577574
4040.402962159556	0.09300000000030195	WheelMovementIntervals													0.030181896481735748
4041.868962159556	0.5489999999999782	WheelMovementIntervals													0.10080797840998912
4045.0519621595554	1.0779999999999745	WheelMovementIntervals													0.08136478014472459
4051.815962159555	0.8279999999995198	WheelMovementIntervals													-0.16318629825968856
4053.160962159555	0.7319999999999709	WheelMovementIntervals													0.1502326206465341
4054.2129621595545	0.8640000000000327	WheelMovementIntervals													0.11847392861517392
4055.3319621595547	0.11799999999993815	WheelMovementIntervals													-0.009391329381571722
4058.7029621595543	0.8399999999996908	WheelMovementIntervals													0.10091196605242203
4061.7929621595536	1.1010000000001128	WheelMovementIntervals													0.3589027391350328
4063.1249621595534	0.13700000000017099	WheelMovementIntervals													-0.016773030322326576
4065.1419621595533	0.22600000000011278	WheelMovementIntervals													-0.05967000854957405
4067.402962159553	0.21000000000003638	WheelMovementIntervals													-0.041400428065514916
4069.8759621595527	0.3220000000001164	WheelMovementIntervals													-0.019077490453810242
4072.7639621595526	0.22699999999986176	WheelMovementIntervals													-0.031195463496146658
4076.372962159552	0.11700000000018917	WheelMovementIntervals													-0.01391760264846198
4076.7109621595523	0.28099999999994907	WheelMovementIntervals													-0.030548789081649375
4077.893962159552	0.11200000000008004	WheelMovementIntervals													-0.008302610108387398
4078.807962159552	0.44699999999966167	WheelMovementIntervals													-0.035684016610389335
4080.6539621595516	0.20699999999987995	WheelMovementIntervals													-0.012233492291215953
